time,open,high,low,close
665283600,251,252.75,250.75,252.5
665370000,253.5,253.75,250.25,252
665629200,251.25,252.75,250.5,252.5
665715600,253,253.25,250.75,251
665802000,251,251.25,249.5,249.75
665888400,248.75,249.25,247,247.75
665974800,247.75,249,247.25,249
666234000,249.25,251.75,248.5,250
666320400,246.5,247.75,245.5,246.75
666406800,247.5,248.25,246.5,247.75
666493200,248,248.75,247,247.5
666579600,247.5,248.5,247,248.25
666925200,248.75,249.25,248.25,248.5
667011600,248.75,249,247.25,247.5
667098000,247.25,248,246.75,247.5
667184400,247.25,247.25,246.5,247
667443600,247.5,248.5,247,248.5
667530000,249.25,250.75,249.25,249.75
667616400,249.5,249.75,249,249.25
667702800,249,251.5,248.75,251
667789200,251.25,255.5,251.25,254.75
668048400,255.25,258,254.25,256
668134800,263,264.25,262.25,263.75
668221200,265,265.25,263,263.25
668307600,262.25,263.5,262,263
668394000,263,265.25,263,265
668653200,266,266,261.25,261.5
668739600,261.75,267.25,260,266.25
668826000,266,267,265,266.5
668912400,265.25,266,264.25,264.5
668998800,262.5,263.75,256,256.5
669258000,254.5,257.25,253.5,256
669344400,256.75,258.5,256.25,258.25
669430800,258.5,259.75,257.25,258.5
669517200,258,261,257.25,259
669603600,259.5,260.5,258.75,260.5
669862800,260,260.5,258.5,259.25
669949200,258.5,259,256.5,256.75
670035600,256.25,258,255.75,257.5
670122000,258.25,259.75,258.25,259.5
670467600,263,265.5,262,264.75
670554000,264.25,265,263.25,263.75
670640400,263.75,267,263.5,265
670726800,264.5,264.75,263.25,264.25
670813200,263.75,266,263.5,265.25
671068800,265.75,268.5,265.5,266.25
671155200,265.75,265.75,261.5,261.75
671241600,262,264.75,261.25,264.25
671328000,263.5,265.5,261.5,265
671414400,266,266.5,264.75,266.25
671673600,267.25,268.5,263.5,263.75
671760000,263.75,264.75,263,263.75
671846400,264,265.5,259.5,260.5
671932800,261,261.25,259.75,260.5
672019200,262.25,264,260.5,263.75
672278400,263.75,265,261,261.5
672364800,261.25,263.5,260.5,263.25
672451200,264.25,264.75,261.5,262.25
672537600,262,263,260.75,262.25
672624000,262,262.25,260,260.25
672883200,259.25,259.25,255,255.5
672969600,256.25,256.5,253.75,254
673056000,254.25,255,252.25,252.5
673142400,252.25,254,251.25,253.5
673228800,253.25,255.25,253,254.25
673488000,255.25,256.25,254.25,255.5
673574400,254.25,254.25,251.5,252
673660800,250,250,247,247
673747200,247.25,248.75,247,248
673833600,247.5,247.5,244,244.5
674092800,243.25,244.75,243,244.5
674179200,245,247,243.75,247
674265600,247.5,248,245.25,245.5
674352000,245.75,247,245.25,246
674438400,246.5,247,245,245.75
674697600,246.25,247,245.5,247
674784000,246.5,248.75,246.25,248.75
674870400,249.25,251,248,248.5
674956800,247.75,250.25,247.25,250.25
675043200,249.75,251.25,248.5,249.25
675388800,248.25,248.5,242.25,245.75
675475200,246.25,246.25,242.75,243.25
675561600,242.25,243.5,241,242.25
675648000,243.25,245.75,242.75,245
675907200,246,249,246,248.25
675993600,248,248.5,245.5,245.75
676080000,245,246.75,244.75,245.5
676166400,245,249.5,244.5,246.75
676252800,247,248,244.75,247.75
676512000,246.75,247.25,240.75,241
676598400,240.5,241.75,238.75,240
676684800,247,247,240,240.25
676771200,240,241.25,239.5,241
676857600,241.25,242.25,240.5,241.25
677116800,240.5,241.75,236.25,237
677203200,236.75,238.25,236.75,237
677289600,238.75,241,238.25,241
677376000,242.5,242.5,237.75,238
677462400,238,238.25,233.25,234.25
677721600,235.75,237.75,235.5,237
677808000,238,238.5,235.75,236.75
677894400,237.25,239.75,236.75,237.25
677980800,235.25,235.75,232,232.75
678067200,228.25,228.25,222.75,224
678326400,227,229.25,225.25,229.25
678412800,231.75,234.25,225,229
678499200,228.5,229.5,226.5,229.25
678672000,228,228.75,225,225.25
678931200,224.5,226.25,220,220.5
679017600,221.5,224,221.25,221.5
679104000,221,225.5,220,224.5
679190400,224.25,225,222.25,222.5
679276800,224,227.75,224,227
679536000,230,231.5,228.75,229.5
679622400,233,239.5,233,239.25
679708800,241,245.5,239.5,240.75
679795200,238,238,232.5,233.75
679881600,231.75,234,230.25,231.5
680140800,234,241,234,240
680227200,248.5,250,248.5,250
680313600,249.5,251,245.75,248.75
680400000,250,255.5,250,251.25
680486400,249.75,255.75,249.75,255.5
680745600,265.5,265.5,260.5,262.25
680832000,261,262,258,258.25
680918400,257.25,264.5,255.5,263.25
681004800,266,272,266,268.25
681091200,268.5,272,266,268.5
681350400,260.5,264,258.5,258.5
681436800,251.5,258,249,257.25
681523200,255.5,258,251.5,252.25
681609600,250,255.25,248.5,253.75
681696000,255.25,257,254.5,255
681955200,255,258,254.5,258
682041600,255.75,258,253.75,256.75
682128000,258,259,247,247.5
682214400,246.5,251,246.25,250.25
682300800,250.5,252.75,248.75,250
682560000,240,242,240,240
682646400,239.5,241,235.25,236.75
682732800,246.75,246.75,246.75,246.75
682819200,251,255,249.5,254.5
682905600,253.5,255,252.5,254.5
683164800,256.5,261.25,255.25,258.5
683251200,259,259,255.25,255.5
683337600,255.5,258.25,254,254.5
683424000,254,254.25,252.25,252.5
683510400,254,255,253,254.75
683856000,254,256.25,253.75,254.25
683942400,253.5,254.75,251.25,254.25
684028800,261,261.5,260,260.25
684115200,259.5,259.75,258,258.25
684374400,257.75,260.25,257,258.25
684460800,257.75,258.25,257,257.5
684547200,258,260.5,258,259.5
684633600,260.5,263.75,260.5,262.75
684720000,264,265.5,260.5,260.75
684979200,262.5,264.25,261.75,262.5
685065600,263,263.75,261,262
685152000,262,264,261.5,264
685238400,260.5,262.5,260,260.75
685324800,263,263.75,257.75,258
685584000,257,257,256,256.75
685670400,257,258.25,256.25,256.5
685756800,258,258,255,255.25
685843200,254.5,255,253.75,254
685929600,253.5,255,253.25,254.5
686188800,254,258.5,254,257.25
686275200,259,262.75,258,262.5
686361600,263.25,263.25,261.25,261.75
686448000,260.5,261,259.25,259.5
686534400,259.5,262.75,259.25,261.75
686793600,259.5,261,258.5,260.25
686880000,259.25,259.75,257.5,257.75
686966400,257.25,258.25,256.5,256.75
687052800,256.5,258.5,256.5,258.5
687139200,251.5,261,250.75,259.5
687398400,257.5,258.75,256.75,257.5
687484800,257.25,257.5,255.5,255.75
687571200,254.75,256.5,254.5,255.5
687657600,256.5,258.25,256,257.25
687744000,256.75,261,256.25,260.25
688003200,260.75,261.75,259.75,260
688089600,259.75,264.75,259.25,264
688176000,263.25,265.5,262.5,262.75
688262400,262,263.75,261.5,263.25
688348800,262.75,263.25,260.25,260.5
688611600,259.25,261.25,258.5,260.25
688698000,260.25,263.5,259.25,262.5
688784400,262.25,262.75,259.75,260
688870800,260.5,262.75,258.5,259.25
688957200,259.5,262.5,259.5,262.25
689216400,262.5,262.5,258.75,260.25
689302800,259.75,260.75,257.75,258.25
689389200,256.75,256.75,255,255.5
689475600,255.5,255.75,253.5,254
689562000,254.5,255.25,253.5,254.5
689821200,254.25,254.25,251.75,252.5
689907600,252.5,253.25,252,252.75
689994000,254.25,255.75,253.25,255.75
690080400,255,255.75,253,254.25
690166800,254,254,250,250.25
690426000,248.5,253,248,252.75
690512400,252.75,253,250,250.5
690598800,251.25,254.5,250.75,252.25
690685200,252.25,253.25,251,251.25
690771600,250.75,251.75,250.25,250.5
691030800,250,251,248.75,249.75
691117200,249.25,250.5,248.5,249
691203600,249,249.75,248.25,248.5
691376400,248.75,249.5,246.75,247.5
691635600,247.5,250.25,246.5,250
691722000,252.25,252.25,247.5,248
691808400,246.75,249.25,246.25,248.75
691894800,256,256.5,254.25,254.75
691981200,254.75,255.5,252.75,253
692240400,252.5,254,252,253.75
692326800,254.5,254.75,252.5,252.75
692413200,252.75,253.25,252,253.25
692499600,254,254.5,253,253.75
692586000,254.25,260.5,253.75,258.5
692845200,257,259.5,256.75,259.5
692931600,258.5,260,258.25,259
693018000,259,262.5,258.75,262
693104400,261.5,262,258.75,259
693190800,258.25,259.75,258,259.5
693450000,258.5,261,258.5,260.5
693536400,259.25,260.5,259.25,259.75
693709200,260,261.25,260,260.75
693795600,260.5,261,260,260.25
694054800,259.75,259.75,257.25,257.5
694141200,256.75,258,256.75,257.5
694314000,256.75,258,256,256.75
694400400,256,256.5,254.25,254.5
694659600,254,256.75,254,256.25
694746000,256.25,256.5,255.25,256.25
694832400,256.5,259.75,256.25,259.5
694918800,259,260.75,257.5,259.5
695005200,259,259.5,258.25,259
695264400,260.25,263,260,262.75
695350800,268,268,264,265.5
695437200,265,269.25,264,268.75
695523600,268,268.5,265.5,265.75
695610000,265.25,268.25,265,266.5
695869200,266.25,268.5,266,268
695955600,267.25,267.5,265.5,266
696042000,267.25,267.25,265.5,266.75
696128400,266.25,268,265.75,267.25
696214800,267.5,270,266.5,270
696474000,268.5,270,268,268.75
696560400,268,271,267.75,270.5
696646800,271,271.25,269.25,269.5
696733200,269.5,271,266.75,269.75
696819600,269.5,270.5,268.25,270.25
697078800,268.75,274.75,268.75,274
697165200,274.75,275.5,273,275
697251600,274.75,275.5,272.75,273.25
697338000,272.75,274,271.75,272.25
697424400,271.5,272.75,271,272
697683600,271.5,279,271.25,278.25
697770000,276.5,278.25,268.25,269
697856400,268.25,271.75,268,271.5
697942800,271.25,272.25,269.5,270.75
698029200,270.5,271,268,270.5
698374800,271.25,271.75,269.75,271.5
698461200,271.25,273.25,268,272
698547600,271.75,272.75,270.75,272
698634000,272,272.75,270.5,271.25
698893200,271,272.25,270,270.75
698979600,270,271.25,268.25,268.75
699066000,267.75,270.5,267,268
699152400,267.5,269.5,267.25,269.25
699238800,269.25,274,268.75,273.5
699498000,273.5,276.25,273,276
699584400,275.75,276,274,275
699670800,273.75,275.75,273.75,275
699757200,274.75,277.25,274.25,275.25
699843600,280,282.5,280,281.25
700102800,282,284.5,280.75,284.25
700189200,285,285,280,280.75
700275600,279.75,280.25,277.25,279.75
700362000,279.25,280.25,277.75,278
700448400,277.75,280,275,276.25
700707600,276.25,277.5,274.5,274.75
700794000,275.25,277.75,275,275.5
700880400,276.5,277.5,275.5,276.25
700966800,276,276.5,274.5,275.75
701053200,277,278.75,275,275.25
701312400,275,277,274,276.75
701398800,276.75,277,276.25,276.5
701485200,276.5,276.5,274.5,276
701571600,276.75,277,274,276.75
701658000,276,276.5,274.25,275.5
701917200,275.25,275.5,271,271.25
702003600,271,271.75,269,269.25
702090000,270,270,265,265.25
702176400,265,266,263.75,264.25
702262800,264,265.75,264,265.75
702518400,265.5,267.5,265,267.25
702604800,268.25,268.25,261.25,262.25
702691200,260.5,261.25,257.75,258
702777600,259,259.75,257.75,258.75
702864000,259,259.75,258.25,259
703296000,259,259.5,257.75,259
703382400,259.75,259.75,258,258.5
703728000,259,260.5,258.5,260.25
703814400,260.25,261.25,259.75,260.75
703900800,260.75,260.75,254.75,255.75
703987200,254.25,257,254.25,256.5
704073600,256.25,257.25,252.75,254.25
704332800,254,254.5,251.25,251.5
704419200,251.5,253.25,251,251.25
704505600,251.25,251.75,250.5,250.75
704592000,251,252.75,249.25,249.5
704678400,249.25,255,248.75,253.25
704937600,254.25,264.25,254.25,259.75
705024000,258,258.75,256.5,257.5
705110400,258,260,256,259.75
705196800,261,263,259.5,262.75
705283200,262,262.25,257.5,260
705542400,256.5,259,256.5,257.5
705628800,257.5,260,256.75,259.5
705715200,260.5,265.75,260.25,261.75
705801600,259.5,264.5,259.5,263.75
705888000,263.75,267.25,262,263
706147200,262,264.5,261.25,264
706233600,260.5,261.75,255.5,256.5
706320000,255.5,257.5,254.25,256.25
706406400,254.5,254.5,252.75,253.5
706492800,253.5,255.25,253.5,254.75
706838400,254.75,259,254.5,257.75
706924800,257.25,266,257.25,261
707011200,261.5,263,259.25,260
707097600,261.5,264.75,261.5,264
707356800,266,271,262,262.25
707443200,264,267,263.25,266.5
707529600,264.5,267.25,263.25,266
707616000,265.25,267.5,264.5,265.5
707702400,263,263,259.75,260.75
707961600,261.5,266.75,261,266.25
708048000,267.25,269.25,266.25,267.25
708134400,267,267.5,265.25,267.25
708220800,267.25,267.75,264.25,265.5
708307200,264,264,262.75,263.25
708566400,260,260,251.25,251.25
708652800,254,255,252.5,253.25
708739200,255.5,258.5,254,256
708825600,254.5,254.5,252.25,254.25
708912000,255,255.75,253.75,255.25
709171200,254.5,254.75,252,252.25
709257600,251,256,250.5,255.5
709344000,255.5,256.25,252.25,253.75
709430400,255,258.25,255,257.75
709516800,259,259.75,257.75,258.25
709776000,256,256.5,253,255.5
709862400,255.25,255.75,252.75,253.25
709948800,253,259.5,251.5,257.75
710035200,256.5,257.75,252.5,253.25
710380800,248,248,243,244
710467200,243,245.5,243,245
710553600,246,246,242.5,243.5
710640000,242.5,243.75,242.25,243
710726400,242.75,244.5,241.25,242
710985600,238,239.75,236.75,239.5
711072000,238.75,240.25,236.5,236.75
711158400,235.5,237,235.25,235.5
711244800,235.25,236.75,234,234.25
711331200,234.25,237,232.5,232.75
711590400,231.5,232.5,229,230.25
711676800,231,232.25,230.25,230.75
711763200,231,231.25,229.5,230
711849600,229.75,230.25,227.25,227.75
711936000,227.25,227.5,225.25,225.5
712195200,224.5,227.5,224.25,226.75
712281600,228.25,229,227,227.25
712368000,227.75,229,226,227
712454400,227.5,228,224.5,224.75
712540800,224.25,225,222.5,222.75
712800000,222,223.75,221.25,222.75
712886400,224,224,220.75,222
712972800,221.75,222.5,220,220.25
713059200,219.5,220.25,218,218.25
713145600,214.5,216,214.25,214.5
713404800,214.25,217.5,214.25,216.5
713491200,218.25,220,217.5,219.75
713577600,220.25,220.25,217.75,218.5
713664000,219.5,222,218.5,221.5
713750400,222.25,223,220.5,222.75
714009600,222.25,226.25,221.75,226
714096000,224.5,224.5,220,222.25
714182400,221.25,221.75,218.75,219.75
714268800,219.75,224,219.75,221
714355200,221.75,223,220.25,222.75
714614400,223.5,225,221.75,224.75
714700800,226,227,224.75,226.25
714787200,225.75,225.75,223.5,223.75
714873600,222.5,222.5,219.25,219.5
714960000,218.5,218.5,215,215.75
715219200,215,217.5,213.75,217.25
715305600,218.75,220.75,217.25,220
715392000,222.5,222.5,219.25,221
715478400,220.75,223.25,220,221.25
715564800,221,222.75,220,222.25
715910400,231.75,235,231.25,234.5
715996800,233.5,233.5,229.75,230.5
716083200,228,228.75,226.75,227
716169600,227,229,225,227
716428800,226.25,226.25,224.5,226
716515200,228,230.5,227.75,229.5
716601600,227,229,226.25,229
716688000,230.25,230.25,226,226.25
716774400,225,225.75,224.25,224.75
717033600,223.75,225.25,223.75,225
717120000,225.75,225.75,222.75,223.25
717206400,222.75,223.5,221.75,222
717292800,222.5,225.25,222,224
717379200,224.75,226,223.75,224.75
717638400,223.25,223.75,222.25,222.5
717724800,222.75,225.25,222.25,224.75
717811200,225.25,226,224,224.25
717897600,223.25,223.5,222.25,222.5
717984000,221.5,222,219.75,220
718243200,219,219.75,218.25,219.25
718329600,219,220.5,218.5,219.5
718416000,219.25,220.75,219.25,219.5
718502400,219.25,219.25,217.5,217.75
718588800,218.25,219,216.5,216.75
718848000,216.75,218.25,216.5,217.75
718934400,218,218.5,217.25,218.25
719020800,219,220.75,218.5,220.25
719107200,220.5,220.5,217.75,218
719193600,217.25,217.5,216,216.5
719452800,216,217.75,215.75,216.75
719539200,216.5,220.5,216.5,219.25
719625600,219,219.25,216.5,217
719712000,216.25,218.75,216,218
719798400,217.5,217.5,216,216.25
720061200,215.75,216,215,215.25
720147600,215.25,216.5,215,215.25
720234000,215.5,215.5,215,215.25
720320400,215.5,217.5,215.25,217
720406800,218.25,218.5,217.25,217.75
720666000,219.75,223.25,218.75,221.25
720752400,220.75,221.25,219.5,221
720838800,219,219.75,217.5,217.75
720925200,216.5,217.25,215.75,216
721011600,216.25,218.25,216.25,217.5
721270800,217.25,217.25,215.5,216
721357200,216,216.5,215.75,216.25
721443600,215.25,219.5,214.5,218.25
721530000,218.5,221,218,220.25
721616400,220.5,222.5,219.25,222.25
721875600,220.75,221.5,220.25,220.75
721962000,220.5,226,220.5,225.25
722048400,225.75,225.75,223.75,224
722134800,224.5,226.25,224,225
722221200,225.75,225.75,221.5,221.75
722480400,221.5,227,221.5,226.25
722566800,226.25,227.25,224.5,226.25
722653200,226,226,224,224.5
722826000,223.5,224,222.5,222.75
723085200,221.5,222.75,221.25,221.5
723171600,220.75,220.75,219.25,219.75
723258000,219.5,221.5,219.25,219.75
723344400,219.5,221.75,219.25,220.75
723430800,220.5,220.75,219.5,219.75
723690000,226.25,228,226,226.25
723776400,226.25,227,225.75,226.25
723862800,226.25,228.25,226.25,226.75
723949200,226.75,227.75,226.25,227.5
724035600,227.75,230.25,227.75,229.75
724294800,229.75,230.5,229.5,230
724381200,229.5,230,229.25,230
724467600,229.5,229.5,228.5,229.25
724554000,228.5,229.25,227.25,227.5
724640400,226.5,227.25,225.75,226.75
724899600,226,226.75,225.75,226.25
724986000,226,226.25,225.75,226.25
725072400,226,227.25,226,227
725158800,226.5,227.25,226.5,226.5
725504400,226.5,227,226,226.25
725590800,225.75,225.75,224.5,224.5
725677200,224.25,224.75,223.25,223.5
725763600,223.25,224.25,223.25,223.75
726109200,223.5,224,223,223.25
726195600,223,225,222.75,224.25
726282000,224,225.5,224,225
726368400,225.5,226.5,225.5,226
726454800,225.75,226.5,225.75,226
726714000,225.75,226.25,225.5,226
726800400,226,229.5,226,228.5
726886800,226.5,227,225.75,226
726973200,226.25,226.75,225,225.25
727059600,224.75,225,224.5,225
727318800,224.5,226,224.25,225.75
727405200,226.5,228,226.5,227.75
727491600,227.5,227.5,226,226.25
727578000,226,226.75,225.75,226.5
727664400,226.75,226.75,226,226.5
727923600,226,226,225,225.25
728010000,224.75,225.25,224.25,224.5
728096400,224.25,225,224,224.5
728182800,224.5,224.5,222.5,223
728269200,222.5,223.5,222,222.25
728528400,222,222.25,221,221.5
728614800,221.75,222.25,220.5,220.75
728701200,220.5,221.25,220,221
728787600,222,222,220,220.25
728874000,220.25,220.75,219.5,219.75
729133200,219.5,219.75,219,219.5
729219600,219.75,221.75,219.75,221.25
729306000,221.25,222,220.75,221.25
729392400,221,221.75,220,220.25
729478800,219.75,220.5,219.5,220.25
729824400,220,220.75,219.75,220
729910800,220,221,219.75,220.25
729997200,221,222,220.25,220.25
730083600,220.75,220.75,220,220.25
730342800,220.25,220.5,219.5,219.75
730429200,219.75,220.25,219.5,219.75
730515600,220.5,220.5,219.75,219.75
730602000,219.75,220,218.25,218.5
730688400,218.5,219.5,218.25,219.25
730947600,219,222.75,218.75,222
731034000,221.75,223,221.25,222.5
731120400,221,222,221,221.5
731206800,221.5,222.5,221.25,222.25
731293200,222.25,222.5,221,221.25
731552400,228,228.5,227.5,227.75
731638800,227.5,228.25,227.25,227.75
731725200,227.5,229.25,227,228.75
731811600,228.25,228.5,227.5,227.75
731898000,227.25,228,225.75,226
732157200,226,227.75,225.75,226.75
732243600,227.75,228.5,227.25,227.5
732330000,228,231.25,227.75,230
732416400,231.25,232.25,230.75,231.75
732502800,231.25,233,231,232.75
732762000,231,232.5,230.75,231.75
732848400,231.5,236.25,231.5,234.5
732934800,235,235.75,233.5,235.5
733021200,235.5,237.75,234,235.25
733107600,235.75,235.75,234.5,235.25
733366800,235.5,236.75,234.5,236.25
733453200,236.25,236.75,234.75,235.75
733539600,236,236,235,235.75
733626000,236,237.5,235.25,235.5
733712400,235.5,236.75,234.75,236.5
733968000,235.75,235.75,234,235.5
734054400,234.75,235.75,234.25,235
734140800,234.75,237.5,233.5,237.25
734227200,237.75,238.5,236.75,237.5
734572800,237.75,239.25,237.5,239
734659200,239,239.5,238.25,239
734745600,238,238.25,235.5,236.5
734832000,237.75,238.5,236.75,237.25
734918400,236.5,237.25,232.25,233
735177600,234.25,235.75,233.75,235
735264000,236.5,237.75,236,237.5
735350400,236,236,233,233.75
735436800,232.5,232.75,230.75,232
735523200,232,232.75,229,229.75
735782400,229.25,231.75,229,231
735868800,231.25,231.5,227.75,228
735955200,229,229.5,227.75,228.25
736041600,229.25,229.5,228.5,228.75
736128000,231,233,230.75,232.5
736387200,234.5,234.75,231.25,233.25
736473600,233,233.25,230.25,231
736560000,233.5,235.25,233.5,234.5
736646400,234.5,235.75,233.75,235.5
736732800,235.5,236,234.25,234.5
736992000,232.5,232.75,230.5,231.75
737078400,232.5,234,232,233.5
737164800,234.5,237.75,234.5,237.25
737251200,237.75,238,234.5,234.5
737337600,233.25,234.25,233.25,233.75
737596800,232.75,232.75,231,232.25
737683200,232.75,234,232.25,233.75
737769600,234.25,235,230.5,230.75
737856000,231,234.75,231,233
737942400,232.75,234,231.5,233
738201600,232.25,232.75,231.25,232.25
738288000,231.25,231.75,229,229.75
738374400,230.5,231.75,228.5,231
738460800,230.75,231,229.25,229.25
738547200,228.5,229.75,228.5,229.25
738892800,228.75,228.75,223.5,224.25
738979200,224.25,225,223.5,223.75
739065600,224.5,225.5,223.25,223.75
739152000,223.75,224.5,221,224.25
739411200,225.5,227.75,225.5,227.25
739497600,227.25,228.25,225.25,225.5
739584000,224.5,225.75,224.5,224.75
739670400,224.5,224.75,222.5,222.75
739756800,222.75,223.5,220,220.25
740016000,219,221.5,218.5,220
740102400,220.25,221.25,218.5,218.75
740188800,218,220,217.75,219.75
740275200,220.5,223,220.5,221.25
740361600,221,223.25,220.5,223
740620800,223.5,229,223.25,224.25
740707200,223.25,226,222.5,225
740793600,227.75,228,225.5,225.75
740880000,226.25,226.5,224.25,226.25
740966400,225.75,226.25,224.5,225.25
741225600,225.75,226.25,224.5,225
741312000,224.5,226.5,224.25,224.5
741398400,226.75,231,226,229
741484800,229.5,239,229.5,236.25
741571200,238.5,241.25,237.25,238.5
741916800,242.5,250.5,242.5,249.25
742003200,258,259,252,257.75
742089600,257.5,257.5,252.25,252.75
742176000,258,261,248,251
742435200,249.5,249.5,239,245.5
742521600,246,248.5,241.75,244.5
742608000,243.5,247.75,242.5,247.5
742694400,250.5,252.5,244,245
742780800,242.5,251.75,242.5,250.75
743040000,258,258,250.5,252
743126400,250,253.75,249.25,250.5
743212800,252.5,252.5,248,249.5
743299200,249.5,252,249,251.75
743385600,254,254,250.5,251.25
743644800,248,248.75,243,248.25
743731200,250,252,246.5,250
743817600,249.5,249.5,245,246.5
743904000,246,247.25,244.25,244.75
743990400,244,245,241,241.75
744249600,242,247,241.5,246.75
744336000,246.5,248,245.5,247.75
744422400,248,248.5,245,246.25
744508800,245.25,246.25,243.25,244
744595200,243.5,247.25,240,246
744854400,246.5,246.75,242.25,242.5
744940800,243,246,242.5,245.75
745027200,245.25,247.75,244.5,247.25
745113600,249,250,241,244.25
745200000,244.25,246.75,243.25,244.25
745459200,242.75,244,240.5,241
745545600,241,243.5,240.5,243
745632000,244,245.25,241.75,242
745718400,241.5,246,241.25,243.25
745804800,243.5,245,242.25,243.25
746064000,244,246,243.75,245.5
746150400,245.75,246.5,243.75,244.25
746236800,243.5,244.75,243,243.75
746323200,243.25,244,238.25,239
746409600,238.5,241.5,237.25,241.25
746668800,241.5,242.5,239.5,240.5
746755200,239.75,240,236,237.5
746841600,237.25,237.25,233.5,233.75
746928000,234.25,236.25,234.25,235.25
747014400,236,237.25,234.25,236.75
747360000,246,246,241,241.75
747446400,242.25,245.5,242,242.75
747532800,242.75,244.5,242.75,244.25
747619200,244,245.75,243,243.25
747878400,244,247,244,246.75
747964800,245.75,247,244.25,244.5
748051200,244,247,242.5,246.25
748137600,245.75,247.25,245,246.25
748224000,248,252,248,251.25
748483200,248.5,252,248.5,252
748569600,253,254.25,249.5,250.5
748656000,250.75,254.25,250.75,254
748742400,255.5,257,254.5,256
748828800,255.5,256,255,255.25
749088000,256,257.25,252.75,253.75
749174400,253.25,253.5,250.25,250.75
749260800,249.75,250,247.5,248.5
749347200,252,253,249.75,252.5
749433600,251.5,252,247.25,250.75
749692800,248,248.25,245,245.25
749779200,245.5,246.75,244.5,244.75
749865600,246.25,247.75,246,246.5
749952000,246.75,250,246.75,249.5
750038400,250,250.75,248.75,250.25
750297600,251,253.25,250.5,253
750384000,253,253.25,251.5,252.5
750470400,256.5,257.25,254.5,257
750556800,256.5,258.25,255.25,257
750643200,256,257.25,255.25,256.75
750902400,256.5,261.5,256.25,261.25
750988800,261.5,263.5,260.75,262.25
751075200,261.5,261.75,260,261
751161600,260.5,264.25,259.75,264
751248000,263,264.25,261.25,261.5
751507200,260,265.75,259.5,264.5
751593600,264.75,265.25,262,264
751680000,264,265.25,263,263.25
751766400,262.5,263.75,261.25,261.5
751852800,261.25,266.5,261,265.75
752115600,266,269.75,265.75,268.75
752202000,269.25,270.5,268,269.5
752288400,269,269.75,267.5,268.5
752374800,269,272.25,268.5,271.75
752461200,271.75,272,270.25,271.5
752720400,270.75,270.75,268.25,268.5
752806800,267,269.75,267,268.75
752893200,280.75,280.75,280.75,280.75
752979600,288,295,285,285.25
753066000,283.5,285.5,282.5,285.25
753325200,286.75,290,283.75,286.75
753411600,287.5,288.5,285.5,286.25
753498000,285.75,290,285.25,289.75
753584400,291,291,287.5,289
753670800,288,288.75,287.25,288.5
753930000,288.25,288.75,285,285.25
754016400,285,286.25,284.5,285.25
754102800,285.75,286.75,285.5,286.25
754275600,286.5,290,286.5,289.75
754534800,290,290.5,288,289.25
754621200,289,289.25,285,285.5
754707600,284.5,287.75,284.5,285.75
754794000,285,291.5,283.5,291
754880400,289.75,293.25,289.75,291.25
755139600,292.75,294.25,292.25,294
755226000,294.5,297.5,294.5,297.25
755312400,297.75,299.75,297.25,299.25
755398800,298.5,299,296.75,298.25
755485200,298,298,295.5,296.5
755744400,295.5,296,293.25,293.75
755830800,293.5,297.5,291,295.25
755917200,295.5,297.25,294.75,295.75
756003600,295.5,297,295,296.75
756090000,297.25,299,296,298.75
756349200,300.25,301.25,299,301
756435600,300.75,302,300.25,301.75
756522000,302.5,303.25,301.75,302.75
756608400,302,302,301.25,301.75
756954000,301.75,305.25,301.25,304.75
757040400,304.5,305.75,303.75,305.5
757126800,305.5,307,304.75,306.75
757213200,306.75,309.5,306.75,309
757558800,308.5,310.25,306.75,310
757645200,309.5,312,309,309.75
757731600,309,309.75,307.75,309.5
757818000,311.5,314.5,310.75,313.25
757904400,312.75,314,311.75,313.75
758163600,312.75,312.75,307.75,308.75
758250000,308.25,311,308,310.25
758336400,310,310.25,308.5,309.25
758422800,315,316.25,312.5,315
758509200,313.75,315.5,313,314.75
758768400,313.75,314.5,310.5,311.5
758854800,311.75,312.25,305.25,306
758941200,304,305,300.25,300.5
759027600,300.25,302.5,298,302.25
759114000,302,303.5,299.75,303
759373200,302,306,301.5,305.75
759459600,306.5,306.5,303.5,304.5
759546000,305,305,303.5,303.75
759632400,304.5,304.5,299.5,299.75
759718800,298.5,298.5,294,294.5
759978000,294,295,292.25,294.75
760064400,296,297,294.5,295.75
760150800,295,297.75,293,297.5
760237200,298,299,296.25,296.5
760323600,296,296,293.75,294
760582800,293,297.25,292.75,296.75
760669200,296.25,297.75,296.25,297.25
760755600,297,301.5,296.25,301
760842000,301.5,301.75,299.5,301
760928400,302.25,304.5,301,304.25
761187600,304.75,305,302.5,304
761274000,302.75,302.75,299,299.25
761360400,298.25,300.75,298.25,300.25
761446800,301.25,301.25,294,294.5
761533200,294.25,296,293.75,294.5
761878800,293.75,296.25,290.5,295.5
761965200,295.75,296.75,293.75,294
762051600,294,297,293,293.25
762138000,290.75,292.75,290.25,291.75
762397200,290.75,294,290.75,293.75
762483600,294,294.75,292.25,293.75
762570000,293.25,294,290.5,291
762656400,290.25,290.25,283.5,286
762742800,285.75,287.25,285.25,286
763002000,286.25,288.5,286,288.25
763088400,290.75,290.75,285.5,285.75
763174800,285.5,287,282.75,286.75
763261200,286.5,287.75,284.5,284.75
763347600,284,286,283.75,285
763606800,285.5,291,285.5,290.5
763693200,289.75,290.5,287.75,288
763779600,287.5,292,287.5,290.25
763866000,290.5,290.75,289.5,290
763952400,289.5,292.75,288.75,290.25
764211600,290,290.25,288.25,289
764298000,288.25,289,286,286.25
764384400,286.25,288.5,284.75,287.25
764470800,287.75,289,287,288.25
764557200,287.75,288.25,285.5,286
764816400,286.5,289.5,285.75,289.25
764902800,288.75,289.25,287.75,288
764989200,287.25,287.5,286.25,287
765075600,286.75,286.75,279.5,279.75
765417600,280.5,280.5,275.25,276
765504000,278,280.5,277.25,280.25
765590400,281,281.75,278.5,281.5
765676800,281.5,282,277.5,278.25
765763200,277,278.25,276,277.5
766022400,276,276.75,271.5,272.25
766108800,273.25,273.75,271,273.5
766195200,276,277,273.5,273.75
766281600,272.75,273.25,267.5,267.75
766368000,267.5,269.75,265.75,267.75
766627200,266.25,268,263,264.5
766713600,265,266,261.25,263.25
766800000,264,265.5,263.25,264.5
766886400,265.25,265.75,264,265.25
766972800,265.75,266.25,261.5,262
767232000,260.75,262.5,257.75,262
767318400,263,265,261.25,264.5
767491200,266.5,268.5,266.25,267.75
767577600,268.75,273,267.25,272
767836800,270.75,273.25,270.5,271.75
767923200,269.75,269.75,263.5,264.75
768009600,263.5,268,260.5,267.25
768096000,258.75,258.75,249.5,250.25
768182400,250.5,254.75,250.5,251.5
768441600,249,250.75,248,249
768528000,250.25,252,249.5,249.75
768614400,248.5,252,247.75,250.5
768700800,250.75,254.5,250.75,254
768787200,251.75,253.5,251.75,253.25
769046400,255.5,261.5,255.5,260.25
769132800,257.5,261.25,257.5,260.75
769219200,263,268.5,263,263.5
769305600,263,265.75,262,262.5
769392000,261,266.5,260.5,264
769651200,268.5,273.5,268,272.25
769737600,265,267.5,263.5,264.5
769824000,264,266.25,259.75,261.75
769910400,260.5,261,255.75,259
769996800,260,261.75,259.25,260.75
770342400,272.75,272.75,270.5,272.75
770428800,269.25,278,269.25,275.5
770515200,269,277,269,276.5
770601600,273.75,274,267.75,269.25
770860800,262,263.5,257.75,260.5
770947200,260.5,264,258.75,262.25
771033600,262,267.25,261,265.5
771120000,267,269,264.75,265.5
771206400,266.75,270,266.75,268.75
771465600,265,272.75,265,270.5
771552000,270.5,271.5,268,271
771638400,278,279.75,275.5,275.75
771724800,279,279.5,274,276.5
771811200,280,281.25,278.5,279
772070400,271,272,267,267
772156800,263,263.5,256.5,260
772243200,259.75,260,252,252.5
772329600,252,253.5,249,250.25
772416000,249.5,251.75,249.25,250.5
772675200,249,249.25,240,243
772761600,245.5,255,245.5,253.75
772848000,249,249,242.5,243
772934400,243,246.5,241.5,244.5
773020800,241.75,242.5,237,242.25
773366400,230.25,234.5,230.25,230.25
773452800,229.75,230.5,227.5,228.75
773539200,227.5,229.25,226,226.25
773625600,227.25,228,226.75,227.75
773884800,227.5,229,226.75,227
773971200,226,226,224,225.25
774057600,226.25,226.75,225.5,226.25
774144000,227.25,228,224.25,225
774230400,224.25,225.5,223,223.25
774489600,224.25,225.25,223.25,224.75
774576000,223,223,221,221.5
774662400,221.5,222,220,220.25
774748800,218.75,219.75,217.75,218
774835200,219.5,220.25,217,217.75
775094400,218.5,220,217.75,219.5
775180800,220,221.5,219,221.25
775267200,222,222.25,219,219.25
775353600,218.75,219.75,217,219.25
775440000,220,222.5,220,222
775699200,220.5,222.25,217.75,221.75
775785600,221.75,223,220,221.75
775872000,219.75,221.5,219,219.75
775958400,218.25,219.25,217.75,219
776044800,218.75,220,218,219.75
776304000,218.5,225.25,217.75,222.75
776390400,222.5,223.25,221,221.75
776476800,221.25,223.75,221.25,223.25
776563200,224,224.75,222.25,223.5
776649600,223,223.5,220.25,220.75
776908800,219.75,220.25,218.75,220
776995200,220.5,222,220.5,221.25
777081600,220.75,224.5,220.5,223.75
777168000,223.75,224.5,222.5,223
777254400,223.5,224.25,222.75,223.75
777513600,224,224.75,222.5,223.75
777600000,224.25,224.75,220,222.25
777686400,222,226.75,221,224.5
777772800,225,225,222.75,223.75
777859200,223,224,222.5,222.75
778118400,221.5,221.5,220.5,221
778204800,222,222.75,221.5,221.75
778291200,222,223,221.75,222.75
778377600,223,223.5,220.75,223.25
778464000,223.75,224.25,222.75,223.75
778809600,223.25,227,223,226.75
778896000,235,237.25,234.75,237
778982400,236.5,236.75,234.75,235.25
779068800,234,235,233.25,233.5
779328000,230.5,236.5,230.5,236.25
779414400,235.5,236.5,234.5,235
779500800,233.75,234,231.75,232
779587200,230.75,230.75,227.75,228.25
779673600,228,228.5,225.5,227.5
779932800,226.5,228,226.5,227.25
780019200,227.75,228.5,226.5,227.5
780105600,227.75,228.25,227,227.75
780192000,228,228.25,227,227.25
780278400,227.5,227.75,226.5,226.75
780537600,226.75,227.25,226,226.75
780624000,226.25,226.5,225.25,225.75
780710400,225.25,225.5,224.5,224.75
780796800,224.25,224.75,223.75,224.5
780883200,224.25,226.5,224.25,225.25
781142400,224.75,228.75,224.75,227
781228800,226.5,227.5,225.5,227.25
781315200,226.5,228.75,226.5,227.5
781401600,224.75,225.75,224.25,225
781488000,225.25,225.5,223.75,224
781747200,223.5,224,223.25,223.5
781833600,223.5,224.75,223.5,223.75
781920000,224,226.25,224,225.5
782006400,225.5,226,225,225.75
782092800,225.75,230,225.75,227.75
782352000,227.75,228.75,227,227.25
782438400,226.75,226.75,225.25,225.75
782524800,225.25,225.5,225,225.5
782611200,225.5,229.25,225,228.25
782697600,228.25,228.5,225.5,226
782956800,225,228.75,224.75,228.25
783043200,228,228.5,226.25,226.5
783129600,226.25,227.25,226,226.75
783216000,227.5,230.75,227,229.5
783302400,228.75,229,227.75,228
783565200,227.75,228,226.5,226.75
783651600,226.75,227.75,226.5,226.75
783738000,226.5,228,226.5,226.75
783824400,226.75,227,226,226.25
783910800,226.75,227.25,226.5,227
784170000,226.75,228.75,226.75,228.25
784256400,228.5,229,228,228.5
784342800,228.25,230.5,226.75,230.25
784429200,230.25,233.5,230,231.25
784515600,231,231.5,228.75,229
784774800,228.25,228.75,228,228.25
784861200,228,229.75,227.75,228
784947600,228,228.75,227.25,227.75
785034000,228,229,227.75,228.75
785120400,228.5,229.25,228.25,228.5
785379600,228.5,228.5,227.25,227.5
785466000,227,227.75,225.25,225.5
785552400,225.5,225.75,220.5,222.25
785725200,222.25,223.75,222.25,223.25
785984400,223.75,224.75,223,223.25
786070800,223.25,223.75,222.25,222.5
786157200,222.5,223.5,221.75,223
786243600,222.75,226.25,222.75,223.75
786330000,225.5,226.5,224.75,225.5
786589200,225.75,228.5,225.25,228
786675600,234.5,235,233.5,233.75
786762000,233.25,238,233.25,236.25
786848400,235.75,237.5,235.75,237.25
786934800,238,238.25,236.25,238
787194000,238.25,239,237.75,238.75
787280400,238.25,238.75,237.75,238
787366800,237,237,234.5,234.75
787453200,233.75,235,233.75,234.75
787539600,234.75,237,234.75,236.75
787798800,236.5,237,234,234.25
787885200,234,237,233.5,236
787971600,237.5,240,237,237.25
788058000,236.75,238.5,236.25,237.25
788144400,237.25,239.25,237.25,239
788490000,238.5,242.5,238.25,240.5
788576400,240.5,241.75,240.25,241
788662800,240.5,240.5,239,239.25
788749200,238.5,239.5,238.25,238.25
789094800,237.75,238,235.25,235.75
789181200,235.5,237,235.25,235.75
789267600,236.5,238.25,236.5,238
789354000,238,239.25,237.25,239
789613200,238.75,240.5,238.25,239.75
789699600,239,240,238.75,239.5
789786000,240,240,239.5,239.5
789872400,243,243.5,241.25,241.25
789958800,241.25,241.75,239.75,240.75
790218000,239.75,241,239.25,240.75
790304400,241.25,243,241,241.5
790390800,241.25,241.5,240.5,240.75
790477200,240.25,241.25,240,240.25
790563600,240.25,241,239.5,239.75
790822800,238.75,239.75,238.25,239.75
790909200,240,240.5,239.25,240
790995600,240,240.25,239.75,240
791082000,240,241,239.75,240
791168400,239.75,240,239,239.25
791427600,238.5,238.5,236,237
791514000,236.75,237.75,236.5,236.75
791600400,236.75,239,236.5,238.25
791686800,238,239.5,238,239.25
791773200,239.75,240,239.25,239.75
792032400,240,244,239.75,243.5
792118800,242.5,243,241.25,241.5
792205200,241.25,241.75,240.75,241.5
792291600,239.75,242,239.5,241.5
792378000,242,243.5,241.5,242.25
792637200,242,242.25,241.5,241.75
792723600,241.75,242.75,241.25,242.5
792810000,242.25,242.75,241,242
792896400,241.75,241.75,240.75,241
792982800,241,241.25,240,240.75
793328400,240.25,240.25,239.25,240
793414800,240,241.5,239.75,240.5
793501200,241.5,242.25,240.75,241.75
793587600,241.5,242.25,241.25,241.75
793846800,242,242,241,241.75
793933200,241.5,242.5,241.25,242
794019600,241.5,243,241.5,242.5
794106000,242,242.75,241.5,242.25
794192400,242,242,240.25,240.5
794451600,240.25,246,240.25,243.75
794538000,243.5,246,243,245
794624400,249.5,250.75,249.25,250.25
794710800,249.75,251.25,249.75,250.75
794797200,251.25,252.25,250.25,251.5
795056400,252,254,251.75,253.5
795142800,253.25,254,252.5,253.25
795229200,254,255.25,252.75,254.75
795315600,254.25,255.25,253,253.5
795402000,253.25,255,253,254
795661200,253,254.25,252.5,252.75
795747600,252.5,253.25,251,251.5
795834000,251,251.75,250.25,251.25
795920400,251.75,253.75,251.75,253
796006800,254,255.25,252.5,253
796266000,252,255,251.75,254.5
796352400,254,256.25,253.25,255.5
796438800,255.5,256.5,252,254.75
796525200,254,255.5,253,255
796611600,257.5,258.5,255.5,255.75
796867200,255.75,260,255.5,259.25
796953600,259,259,257.75,258.5
797040000,258.25,258.25,256.75,257.25
797126400,256.75,256.75,256,256.5
797212800,257.25,258.25,256,256.75
797472000,256.5,258.5,255.5,258.25
797558400,258.5,259.5,257.5,258.75
797644800,258,258,256.75,257
797731200,256.5,257,249,253
798076800,253,253.75,251,251.25
798163200,251.25,251.25,249.5,250.75
798249600,250.25,252,250.25,251.25
798336000,252,253.25,251.75,252.75
798422400,253.5,254,252.25,253.5
798681600,253.5,254.25,252.5,254
798768000,254.25,257,254,255.25
798854400,256,256.25,255,256
798940800,255.75,256.5,254.75,255.25
799027200,255.25,256.25,254.5,255.25
799286400,256.5,258.25,256.25,258
799372800,259.5,260,257.75,259.5
799459200,258,258.5,256.5,257.25
799545600,258,259,257.5,257.5
799632000,259.75,261,259.5,259.75
799891200,261.25,264,261.25,262.5
799977600,264,264.5,260.25,262.25
800064000,262.5,263,260.75,262.75
800150400,262.75,263.5,261.5,262.75
800236800,262.5,263,262,262.75
800496000,260.75,261.75,257.75,259.25
800582400,259.5,261.75,258,261.5
800668800,263.75,265.75,263.75,264.5
800755200,264.75,266,264.25,265.75
800841600,264.25,265,263,263.5
801100800,264.5,269.25,264.5,267.25
801187200,269.5,274.75,269.5,273.5
801273600,273.5,275.5,271.5,272.75
801360000,271.75,273,270.75,272.75
801446400,273.25,277,272.25,276.75
801792000,272,273.5,270.75,272.25
801878400,272,272.5,270.25,271.5
801964800,273.75,275.75,273.75,275.25
802051200,278.5,279.5,276.5,278
802310400,276.5,277.25,275,275.25
802396800,276.5,277.75,273.25,274.5
802483200,274,274.25,271.5,272.25
802569600,273.5,278.25,272.75,278
802656000,277,278,275.25,276
802915200,278,278.5,274.5,275.5
803001600,275,278.5,274.25,278.25
803088000,278.5,283.5,278.25,283
803174400,283,287,282.25,283.75
803260800,282,283.25,281,282.5
803520000,286.5,290.75,286.5,289.5
803606400,288.5,289,287,287.75
803692800,286,289,285.25,288.25
803779200,287.75,288,284.75,285.5
803865600,285,286.5,283.75,284.5
804124800,280,280,272.5,272.5
804211200,273,273,266,268.25
804297600,271.5,275.25,270.5,275
804384000,275.25,276,272.25,273
804470400,282,282,277.75,278
804729600,280,283.5,280,282.25
804902400,279.5,283.75,278.75,283.5
804988800,288.5,290.25,284.75,285.5
805075200,284.5,284.5,282.25,283.75
805334400,283,286.5,281.25,283
805420800,280.5,284.75,280.5,284.25
805507200,289,291.5,287.75,288.25
805593600,290.25,291,287.25,287.75
805680000,287,290.5,287,288.5
805939200,295,300.25,294.5,296.5
806025600,296,299,295,296.25
806112000,290,293.25,288.25,291.25
806198400,291.5,293,289.5,289.75
806284800,293,295,292.75,294.25
806544000,292,292.5,289,292.25
806630400,296.5,296.5,292.75,294.5
806716800,291.5,293.5,290.5,293.25
806803200,292.5,293.25,289,289.75
806889600,288,289.5,285.5,288
807148800,282,283,276,281.25
807235200,282.5,283.5,280.75,282.25
807321600,280.75,281.75,276.75,278.25
807408000,276,279.75,275.75,278.5
807494400,278.5,278.5,275,275.25
807753600,273.5,274.75,270.75,273.25
807840000,275.25,279.25,275.25,278.5
807926400,278.5,280,277.5,278.75
808012800,278.5,279,276.75,277
808099200,270,279.75,270,279.25
808358400,281,283.75,280.5,281.25
808444800,279.75,280.5,277.5,280.25
808531200,282,283.5,279,279.5
808617600,279.25,280.5,277.75,279.25
808704000,282,283,279.25,279.5
808963200,282,285.75,281.25,284.75
809049600,284.75,285.25,283.25,284.5
809136000,283.5,284,282.5,282.75
809222400,283,285.75,283,284.75
809308800,284.75,288,283.75,287.75
809568000,289.75,292.75,289.75,291.5
809654400,291.25,292.5,289.25,289.5
809740800,288.5,291.5,288.5,290.25
809827200,292.5,294,292.25,293.75
809913600,293.75,294.75,293,294.25
810259200,293.75,295.25,292.75,293
810345600,299.5,300.25,297.25,298.25
810432000,299,300.75,296.75,300.5
810518400,300.25,302,299.75,300.5
810777600,299.75,300.5,298.25,300.25
810864000,303,306.25,301,306
810950400,305.75,309.5,305.25,307.25
811036800,306.25,307.75,305,307.5
811123200,309.25,312.5,309.25,311.25
811382400,317,322.75,316.25,322.25
811468800,319.5,320.75,315.75,318.75
811555200,318.25,319.25,316.25,317.25
811641600,318.5,321.75,318.5,318.75
811728000,318,318.5,313.5,318
811987200,319.75,320,312.5,314.5
812073600,314,315.75,313.25,314.25
812160000,312.5,316,312.25,315.75
812246400,316,317.5,315.75,317.25
812332800,320,321.5,318.25,319.5
812592000,319,322.5,318,320.25
812678400,318,319.25,317.25,318.25
812764800,318,318.25,315.5,316.25
812851200,316.25,317,313.75,316.5
812937600,318.5,318.5,317.25,317.5
813196800,317,319.75,316.25,319.5
813283200,320,325,319.75,324.5
813369600,334,334,329.25,329.75
813456000,328.75,331,327.25,327.5
813542400,327.25,332.75,327,332
813801600,333.5,336.5,332.75,334
813888000,334,336,330,330.5
813974400,330.5,331.75,328.75,331.5
814060800,334,337.5,332.75,337
814147200,337,338.5,335.25,337.5
814406400,338,338.5,335.25,335.5
814492800,335.5,337.25,334,335.25
814579200,334.5,336.25,333,334.75
814665600,336.5,339,335.5,335.75
814752000,334.75,335.75,334.25,334.5
815014800,333.5,335.5,333.25,335.25
815101200,336.75,338.25,335.75,337.75
815187600,338,341.75,337.75,341.5
815274000,344,344.25,341.75,342.5
815360400,341,341.25,337.25,338
815619600,336.75,339.75,336.25,339.5
815706000,340.75,340.75,337,338
815792400,337,338,336.25,337.75
815878800,344,344,333.5,334.5
815965200,333,337,331,335.25
816224400,336,337.25,332,332.75
816310800,329.5,331,327.25,329.5
816397200,330.25,331.5,328,328.25
816483600,329.25,331.25,327,331
816570000,332,335.5,331.75,335.25
816829200,334.25,335.75,332.5,333
816915600,332.5,332.75,330,330.25
817002000,329.5,332.25,329.5,332
817174800,333,334.5,333,334.25
817434000,334.75,335.5,331.5,332
817520400,331.25,333,330.75,332
817606800,332.25,337,332,336.5
817693200,337,339,335.75,337.75
817779600,338.25,339.75,337,337.5
818038800,338.25,339.75,336,336.5
818125200,337.75,343,337.5,342.75
818211600,343,344,341.5,343.5
818298000,344.25,345.75,342,342
818384400,342.25,346,342,345.25
818643600,347.75,349.75,347.25,349
818730000,348.5,350,347,348.25
818816400,348.5,351,348,350
818902800,351,351.5,349.75,350.5
818989200,349.25,350,348.5,349.75
819248400,351.75,354.5,351.5,354.25
819334800,355.5,358,353.5,357.75
819421200,358.25,359,356.5,356.75
819507600,353,355.5,353,355
819594000,355,361.5,355,361.25
819939600,360,366.25,359.25,365.75
820026000,365.5,365.5,362.5,363.75
820112400,363.5,367,363.5,366.75
820198800,372,372.75,370,371.5
820544400,373,377.75,372,376
820630800,375.25,378,373.5,377.5
820717200,377.25,377.5,369,373
820803600,370.75,372.75,369.25,369.75
821062800,367.5,367.5,363.75,364.25
821149200,363.5,370.5,363,370.25
821235600,371.5,371.5,366,366.25
821322000,366.5,366.5,360.5,361.25
821408400,361.25,366.5,361.25,366.25
821667600,365.5,369,365.5,368.75
821754000,372.5,372.5,357.5,358.5
821840400,359,360.25,352.5,356.5
821926800,358.25,360,357.25,359.75
822013200,363.5,365.5,361,365
822272400,365.75,366,360,362
822358800,360.5,364.25,358,364
822445200,364.25,364.5,361.5,361.75
822531600,362,363,358.25,358.75
822618000,358.25,361,357,360.25
822877200,362.5,368,361.25,367.25
822963600,368,371.75,366,371.5
823050000,372.75,373.5,369.25,373
823136400,371.5,374,369.25,370.25
823222800,370.25,372.5,368,370.5
823482000,368.25,368.25,364.5,365.25
823568400,364.5,367.5,363.5,367.25
823654800,367.5,369,364,365
823741200,363.75,365.75,362.25,363
823827600,366,368,364.5,367.25
824086800,368,370,367.5,369.5
824173200,370,375.5,369.25,375.25
824259600,377.5,383.75,376.5,381
824346000,380,382.5,379.5,381.25
824432400,381.25,385,380.75,382.75
824778000,382.25,383.5,378.5,383
824864400,382.5,383,380,380.25
824950800,377.5,380,376.25,378.5
825037200,380.5,384.25,380.5,383.5
825296400,384,388.25,383,387.5
825382800,388,391,386,387
825469200,385.5,389.5,385.25,389.25
825555600,390,390.5,384,389.25
825642000,389,389,385,386.75
825901200,384,384.5,377.5,383
825987600,383,384.25,378.5,380
826074000,376.25,377,371.75,374.5
826160400,377.5,380.75,376.5,380.25
826246800,381.5,382.75,378.5,380.5
826506000,378.5,382.25,378,381.75
826592400,380.5,383,377,378.5
826678800,378.25,380.25,376.75,379.75
826765200,382.5,384,379.5,379.75
826851600,376.75,377.75,372.75,373.25
827110800,371,375.5,370.5,375
827197200,375.5,377.5,372.5,373.5
827283600,373.25,377,371.5,376.25
827370000,376.5,377,374,375.5
827456400,375.75,377,375,376.25
827715600,376.5,380,375.5,379.75
827802000,382.5,385,380.75,383.5
827888400,382,385.25,381.5,384.75
827974800,384,384.75,383.25,384.5
828061200,391,395,389,394
828320400,395,404,394.5,403.75
828406800,406.5,408.5,403,404
828493200,402.5,413,402.25,412.5
828579600,412.75,417.5,409,416.25
828921600,416,427.75,416,425.5
829008000,425,428.5,417,421
829094400,422.5,432.75,422.5,430.5
829180800,442.5,442.5,425,431
829267200,428,439,424.5,438
829526400,437,444.5,434,442
829612800,442,443,430,430
829699200,418,434,418,429.75
829785600,437.5,441.75,434,441.75
829872000,444.5,445,436.75,438.25
830131200,446,450.25,444,450.25
830217600,461,461,450,460.5
830304000,451,471,451,470
830390400,479,482,475.5,482
830476800,476,484,473,482
830736000,471,478.5,470,470
830822400,458,463,452,452
830908800,458,467.5,456,466.25
830995200,478,478.25,457.5,458.25
831081600,460,463,451,453
831340800,462,462,446,454.75
831427200,377.5,381.5,377,380.75
831513600,385,392.75,383.5,391.75
831600000,399,400,392,397.75
831686400,394.5,402.5,394.5,401.5
831945600,412.5,413.5,408.5,413.5
832032000,411,420,406,418.75
832118400,422,430,421,424.5
832204800,427.5,433,423.5,432.5
832291200,437,439,429.5,430.75
832550400,418.75,421,418.75,418.75
832636800,421.5,422,404.5,405.75
832723200,399.5,403.5,389,401
832809600,404,411.5,400,411
832896000,412,415.5,409.75,413
833241600,424,425,404,412.5
833328000,408,408,400.5,400.5
833414400,396,399,385.5,392.5
833500800,394,400.5,391.5,400
833760000,394,394,388,388
833846400,387,389,370,381
833932800,382,386,372,373.25
834019200,373.5,383.25,373.5,381.5
834105600,388,393.5,386,393
834364800,405,405,405,405
834451200,420,420,396,403
834537600,401,406,398.5,405
834624000,403,403,393.5,396.75
834710400,394.25,394.25,385,385.5
834969600,389,390,376,378
835056000,383,390,381,390
835142400,390,390,383,384
835228800,382,383,378,382
835315200,382.5,388,382.5,386.75
835574400,381,390,377.5,389.5
835660800,388,394,387.5,393.5
835747200,391.5,392.5,386.25,388.75
835833600,386.5,388.5,385,385.75
835920000,397.75,397.75,390,397.75
836179200,413,415.75,405,415.75
836265600,410,414.5,405,405.5
836352000,403.5,410,402.5,409.5
836524800,402,404,400,402.5
836784000,357,358.5,348.75,350
836870400,352.5,360,352.5,358.25
836956800,357.25,360.5,355.75,359.25
837043200,365,371.25,365,371.25
837129600,375,389,374,383.5
837388800,374,385.5,374,379.25
837475200,379.5,379.5,367.25,367.25
837561600,357,360,350.5,355
837648000,350,350,345,345.25
837734400,345.5,347.5,336.5,337.75
837993600,330.5,334,328,328.75
838080000,337,337,331,331.25
838166400,326,331.5,324,324.25
838252800,321.5,323,316.25,319
838339200,323.5,323.5,315,316.75
838598400,315.5,325.5,315.5,324
838684800,330,330,319.5,319.75
838771200,319,321,317.25,319.75
838857600,324.5,329,323.5,328.75
838944000,325,326,323,324.25
839203200,315.5,319,315,318.25
839289600,317,320,314.5,319.5
839376000,318.5,322.75,318.25,321
839462400,323.5,329.25,323,328.25
839548800,329,330,326,329.5
839808000,341.5,341.5,341.5,341.5
839894400,355,355,342.5,349
839980800,346,354,345.5,349
840067200,351,353.75,348.5,349.25
840153600,347.5,349,342.5,343
840412800,332.5,342,332,341.25
840499200,339.5,341,337,337.75
840585600,340,341.5,335.25,337.75
840672000,336,341,334.5,338.5
840758400,337,340,336,339.5
841017600,340,349.75,338.5,347.75
841104000,346.5,349,345.5,348.75
841190400,349.5,350.75,342.5,342.75
841276800,342,345.5,341.25,344.5
841363200,343.5,344.5,342.5,343.75
841708800,345,346,341.25,341.5
841795200,337,337.75,333,333.5
841881600,342,343,340.75,342.5
841968000,341,342.75,339,340.5
842227200,338,339.5,337.25,338.25
842313600,339.5,342.75,339.25,341.75
842400000,339,339.75,334.75,335
842486400,334.5,338.5,334.5,338
842572800,335.25,335.5,329.5,329.75
842832000,327,327.5,320.25,322.5
842918400,325.5,326.25,322.25,322.5
843004800,320.5,324.25,318,323.75
843091200,326,327,320.25,320.75
843177600,321.25,323,320.75,321.5
843436800,319.5,321,318,319.75
843523200,318.5,318.5,316.5,317
843609600,317.25,319.25,316.75,319
843696000,318.5,318.5,312,312.5
843782400,313.5,314,310.25,310.5
844041600,306,306,301.75,304
844128000,302,306.75,300.25,303
844214400,306.5,307.25,300.25,300.5
844300800,300.25,301.25,298.75,299.25
844387200,299,299.5,295.75,296.5
844646400,296.75,300.5,296.75,300
844732800,300,304.25,299,303.75
844819200,303.75,303.75,299.75,300.75
844905600,300.5,300.5,296.25,296.75
844992000,292,297,289,289.75
845251200,289,294,288.25,293
845337600,292.25,294.5,291.5,293.5
845424000,295,295.25,289.75,290
845510400,290,290.5,287.5,289.25
845596800,290,291.25,285.75,286.25
845856000,286.5,287.25,284.5,285
845942400,284.5,285.75,282.25,285
846028800,286.5,289,286.5,288.25
846115200,288,288,282,282.25
846201600,281,281.25,278.5,278.75
846464400,279.25,281.5,278.5,280.75
846550800,280.5,281.75,277.5,280.5
846637200,280.5,280.75,276.5,276.75
846723600,275.5,276,272,272.5
846810000,270.75,273.25,269,269.5
847069200,268,271.25,267.25,267.75
847155600,266,266.25,262.75,263.5
847242000,265.75,266.75,264,265
847328400,267,270,265.75,269
847414800,269,272,268,271
847674000,271.5,273.25,271.5,271.75
847760400,266,275.5,265.5,270.5
847846800,271.5,274,269,273.5
847933200,274.5,276,272,273.5
848019600,273.5,276.75,271,271.25
848278800,269,271.25,268.75,269.25
848365200,268.5,270.25,267.5,267.75
848451600,267,272.25,266.75,271.5
848538000,272.5,274.5,271.75,272.5
848624400,271.5,273.5,271.25,272.5
848883600,274,278.25,274,274.75
848970000,274,274.75,272.25,274.25
849056400,274.5,275,273.25,273.5
849229200,273.25,273.75,270,271
849488400,268.5,268.5,265,265.75
849574800,265,267,262.25,263
849661200,263.25,264.25,262.75,263.25
849747600,264.75,270,263.5,269.75
849834000,269,270.75,268.5,269.25
850093200,269,270.5,266.75,267.25
850179600,266.25,266.5,264.5,265.25
850266000,266,267.5,265.25,266.75
850352400,267,267.5,265,266.5
850438800,265.75,267,264.5,264.75
850698000,266,266.25,263.75,265.75
850784400,266.5,268.75,266.25,267.5
850870800,268.75,272,265,265.75
850957200,265,268,265,267.75
851043600,267.75,269,266.25,268.25
851302800,266.75,267.75,266.25,267.25
851389200,266.5,268.25,265.75,267.5
851562000,267.5,270.5,266.5,267.5
851648400,268.5,269.25,265.5,265.75
851907600,262.75,263.25,260.5,260.75
851994000,260,261.75,260,260.5
852166800,260.5,263,259.75,261
852253200,261,261,258.5,259
852512400,259.5,260.75,259,259.25
852598800,260.5,260.5,258.75,259.5
852685200,259.5,260,258.5,259.5
852771600,259,259.75,258,258.25
852858000,270.25,270.25,265.5,266.75
853117200,267,269.5,266.75,268.5
853203600,268,272.5,267.25,271.25
853290000,271.5,274.25,270.5,274
853376400,274.25,274.75,270.75,273.25
853462800,272.25,273.5,271,273.25
853722000,269.5,275,269.25,270
853808400,268.5,270.25,268.25,268.5
853894800,269.5,269.75,268,269.25
853981200,269.5,269.5,267.75,268.75
854067600,271,271.25,269.5,270.75
854326800,270,273.5,269.25,272.75
854413200,274.5,274.75,271.75,272.25
854499600,271.5,275.5,271.5,273.25
854586000,274,274,271.5,271.75
854672400,270.75,271,268,268.75
854931600,267.25,267.75,266,267.25
855018000,267.5,269.5,266.75,269
855104400,269,271.75,268.5,271.5
855190800,272,272,267.75,268
855277200,267.75,271.25,267.5,269.75
855536400,270.25,271.25,269.5,271
855622800,271.25,271.75,270,271.25
855709200,271.75,273,270.25,272.75
855795600,272.25,274,271.75,273.75
855882000,273.75,276,273.75,273.75
856227600,276,285,275.75,284
856314000,283,290.25,282.75,284.25
856400400,284.25,289.75,283.75,288.5
856486800,292,293,287,292.75
856746000,292.5,293.75,289.5,289.75
856832400,289,294.5,287.5,293.75
856918800,292.25,294.5,291.25,292
857005200,292.25,297.75,291.5,295.25
857091600,294,295.5,292.25,295.25
857350800,299,301.75,298.5,301.25
857437200,301,308,300,301.5
857523600,299.5,301.75,296.5,297
857610000,298.5,304.25,295.75,303.75
857696400,304.25,307.75,298.5,303
857955600,303.25,311.5,300,308.25
858042000,303.5,306.5,302.5,304.75
858128400,304.5,304.5,292.75,293.5
858214800,293.5,298.75,291.5,298
858301200,300,305.75,299.5,303
858560400,305.5,306,299.75,305
858646800,302,303.5,299,299.5
858733200,300.25,302.75,298,302.5
858819600,306,309.75,303,304.5
858906000,300.5,303.25,299.5,301
859165200,299,300.5,297.25,300
859251600,302,305,301,304.25
859338000,304.5,307.25,303.5,307
859424400,308.5,309.5,307.25,308.75
859770000,309,311.5,305,310.25
859856400,318,320.75,313,314
859942800,312.5,314,309,309.75
860029200,307,307.5,302,302.25
860115600,300,300.5,295.5,296.5
860371200,299,304,299,303
860457600,304,305.25,302,302.5
860544000,301,302.5,297.25,300.25
860630400,303,306.5,302.5,305.5
860716800,309,310,300.5,301.5
860976000,307.5,309.5,304.5,306.25
861062400,304,304.25,300,304
861148800,304,304.25,296.75,297.25
861235200,298.5,302,295.75,297.75
861321600,297.5,301,296.75,300.25
861580800,301,302.75,298.5,300.5
861667200,299.5,302.5,298.5,302
861753600,302,302.25,299,299.25
861840000,299,299.25,292.75,293.75
861926400,295,299.75,294,294.5
862185600,292.5,293.25,290,290.5
862272000,291.5,293.5,290,291
862358400,294,295.75,293,293.25
862444800,292.5,298.5,292.25,296.75
862531200,296,299,292.5,292.75
862790400,295,296.25,290,291.25
862876800,273.5,273.5,269,269.25
862963200,270,271.5,269.75,270.25
863049600,269.75,270,268,269.75
863136000,271.25,273.25,271.25,273
863395200,270.5,270.75,268.25,268.25
863481600,266.75,269.25,265.25,268.75
863568000,269.5,269.5,265.25,267.75
863654400,267.25,269,266.75,267.25
863740800,267,270,266.75,269
864000000,267.25,268.5,266.25,268.25
864086400,268,268.25,262.5,262.75
864172800,263.25,264.5,261.75,263.5
864259200,265,265.75,261.5,262.5
864345600,260.5,262,258.5,258.75
864691200,258,259.25,253.5,254
864777600,255,258,254.5,257.5
864864000,258.25,260.25,255,255.75
864950400,259,260,255.75,256.25
865209600,259,260,257.25,259.75
865296000,261.5,262.5,259,262
865382400,261,261,255.75,256.5
865468800,256.25,260,256.25,259.5
865555200,260.75,262.5,260,261.75
865814400,260,261.5,257,261
865900800,261.5,263.5,258,259
865987200,259,260.75,257.25,259.25
866073600,259,260.5,257.25,258.25
866160000,259,259.5,256.75,258
866419200,256.75,256.75,252,252.5
866505600,251.75,253,250.25,252.5
866592000,252.5,253.5,249,249.25
866678400,248,249.5,247,247.5
866764800,246.5,249,246,247.25
867024000,244,245.5,243.75,245
867110400,246.25,247.5,245.25,247
867196800,245.5,245.75,242,242.25
867283200,241.25,242,239,239.25
867369600,239,240,235.75,236.25
867628800,235.25,238.5,232.25,238
867715200,237,237.25,232.5,233
867801600,234,236.5,232.25,234.75
867888000,235.5,235.5,233,233.25
868233600,230.5,230.75,227.5,229.25
868320000,233,235,229.25,229.75
868406400,232.25,238,231.25,237.25
868492800,235.5,235.5,233.25,234.5
868579200,232.25,237.5,231.75,237
868838400,248,249,245,249
868924800,249.5,258.5,248.5,256.5
869011200,252,254,249.5,250.75
869097600,251,254,246.5,248.5
869184000,253,257,251.5,254
869443200,243,247.25,242.25,246.75
869529600,248.75,249.5,245.75,248.5
869616000,249,251,245.75,247.75
869702400,245.5,246,243.5,244
869788800,244,246,243,243.25
870048000,252,255.25,248.5,252
870134400,257,262.75,256,260.25
870220800,264,266.5,260.5,263.5
870307200,262.5,269.5,262.5,267.75
870393600,267.5,269.5,265.5,269
870652800,273,274,263,265
870739200,263.5,265,257,257.25
870825600,258.75,263.25,258.5,261.5
870912000,257.75,258,252,253
870998400,253.25,258.25,252.25,257
871257600,249.75,253.75,248.5,253.25
871344000,265.25,265.25,265.25,265.25
871430400,271,274,266,266.5
871516800,265,268.5,264.5,268
871603200,266.5,266.5,262.25,262.5
871862400,261.5,264.25,260.5,263.5
871948800,267,267.75,265.75,267.25
872035200,266.5,268,265.5,266
872121600,269.25,278,269,277.75
872208000,276.5,278,274.75,277.5
872467200,276,276.75,272.5,276.25
872553600,273,273.75,267.5,267.75
872640000,267.75,272.5,267.75,272
872726400,270.75,272.25,268,269.25
872812800,269,273,268.5,269.25
873158400,269,272.75,266.25,272.25
873244800,272.75,274,270.25,271.75
873331200,268.5,270.5,268,269.75
873417600,278,279,272.75,273
873676800,270.5,272,269.25,271.25
873763200,272.5,274,271,273.25
873849600,274.75,276.25,273,276
873936000,274.25,281,273.5,280.5
874022400,280,281.5,272.75,273
874281600,272.5,274.75,271,274.5
874368000,275.5,277.5,272.25,272.5
874454400,271.5,274,271,272.5
874540800,274.25,274.75,272,273
874627200,271.5,272.75,269.5,270.75
874886400,268.5,271.25,266,271
874972800,271.75,271.75,268.5,271
875059200,271,272,269.5,270
875145600,271.25,271.75,266.75,268
875232000,267,267.25,266,266.25
875491200,265.5,268.25,264.25,267.5
875577600,267.75,268.25,266.25,266.75
875664000,267,268,264.75,265.25
875750400,265,267,264.5,265.75
875836800,266.75,275,265.25,273.5
876096000,272.5,277.5,271,276.5
876182400,277.25,288.5,276,288.5
876268800,287,293.5,286.25,291.5
876355200,290,292.75,288.25,292.5
876441600,299.5,302.5,295.5,297
876700800,298,304,296,300
876787200,297,298,294.25,294.5
876873600,295,299,294,298.75
876960000,298.75,299.5,296,296.25
877046400,293.75,295.25,291.25,291.75
877305600,290.25,295,290,292.25
877392000,293,297.75,292,297
877478400,299.5,304,299,303.5
877564800,299,301,296.75,297.5
877651200,300.5,300.5,296,298.75
877914000,301.25,301.5,294.5,297
878000400,292.5,295.5,291,293.5
878086800,293,295.5,290.75,291
878173200,287.5,290,285,289
878259600,288,290,287.5,289.25
878518800,290.25,299,289.75,295
878605200,294.5,294.5,290,290.25
878691600,289.25,291,287.75,288.25
878778000,289,292.75,287.75,292.5
878864400,291,294.25,290.75,293.75
879123600,289,289.5,285,285.75
879210000,286.25,289.25,285.25,286.5
879296400,285.75,285.75,283.5,284.25
879382800,284.75,285.75,282.75,283
879469200,284.5,284.5,281,281.5
879728400,282,286.75,281,286.5
879814800,286,287.75,285,286
879901200,284.5,285,282.75,283.25
879987600,284,285.25,281,281.25
880074000,281,284.25,281,284
880333200,285,285.5,280.75,282.25
880419600,281,282,279,279.25
880506000,279.5,283,279,282.5
880678800,282,282.75,280.25,280.75
880938000,280.5,284.75,280.5,282.5
881024400,282.5,283,280.5,280.75
881110800,281,282.25,280.25,280.75
881197200,281.25,281.5,276.75,277
881283600,284.5,286.75,284,286.5
881542800,286.75,291.25,286.75,291
881629200,289.5,291.75,288.5,289
881715600,289.25,290,288.25,288.75
881802000,287.5,287.75,283.75,284.25
881888400,284.5,284.75,280.5,280.75
882147600,280.25,280.5,278.5,279
882234000,280.5,280.75,278.25,278.5
882320400,279.25,280.5,279,280
882406800,280.5,280.5,274.25,274.5
882493200,274.5,274.5,270.25,273.75
882752400,273.25,273.75,271,271.25
882838800,271.5,274.75,269.75,274.25
882925200,274.25,276.75,274.25,276.25
883098000,277.25,277.75,276.25,276.5
883357200,277.25,278,274.5,274.75
883443600,274.5,275.5,273.25,273.75
883530000,273.75,274,271.75,272
883702800,270.5,271.5,268,269.25
883962000,269,273,268.75,272.75
884048400,272.25,272.5,268.75,269
884134800,268,270.25,267.75,270
884221200,270,270,264.75,265
884307600,265,267.75,264.75,266.25
884566800,264,266.75,263,264.25
884653200,276.25,276.25,273,276.25
884739600,277,285,276.5,280
884826000,277.5,285.75,277,283.75
884912400,284.75,286.5,283.25,283.75
885258000,284.75,285,282.75,284.25
885344400,283.25,283.75,281.25,281.75
885430800,281,283.75,280,282.5
885517200,284.25,285.75,281.75,282.25
885776400,282.75,286,282.5,285.25
885862800,285.5,290,283,283.5
885949200,283.25,286,283,284.5
886035600,284,284.25,282.25,282.75
886122000,281.75,282.25,280,280.25
886381200,281.5,283.25,279.5,282.5
886467600,282.75,285,282.25,282.5
886554000,282,283.25,280.5,280.75
886640400,280.25,283,279.25,279.75
886726800,280.5,280.5,278,278.5
886986000,279,281.5,278,281.25
887072400,281.5,282.75,280.25,282.5
887158800,280.25,280.5,277,277.25
887245200,277.75,279.75,275.75,279.5
887331600,279.75,279.75,278.25,279
887677200,277.25,277.5,274.75,276.75
887763600,276.5,277.25,275,276.5
887850000,276,278,275,277
887936400,277,278,274.25,274.5
888195600,274.25,275.5,273.25,273.75
888282000,273.5,274,270.75,271
888368400,271,272.75,270.25,272.5
888454800,272.5,273,270.75,271
888541200,271.5,272.25,270,270.25
888800400,272,276,272,274.75
888886800,273,275.75,273,273.75
888973200,275,277,274.5,275.25
889059600,276.25,277.25,274.75,275.25
889146000,281.5,283.75,280.25,283.25
889405200,285.5,287,284.5,285.25
889491600,284.75,287.75,284.75,287.5
889578000,288,289,286.5,288.25
889664400,287,288.75,285.75,288.25
889750800,286,286.5,281,281.25
890010000,281,281.5,277.5,278
890096400,277.75,281.5,277.5,278.5
890182800,279.5,281.25,278.25,278.5
890269200,277.5,277.5,275,275.25
890355600,273.25,273.75,270,270.25
890614800,271,273.25,270,273
890701200,272.75,272.75,270.5,271.75
890787600,271.25,273,271,271.25
890874000,271.25,271.75,268,268.25
890960400,268.25,269.5,268,269
891219600,270.75,273.75,269,273.25
891306000,271.5,271.5,265.25,265.75
891392400,265,265.5,260.5,261.5
891478800,262.5,264.5,261,263.5
891565200,262.5,262.75,259.75,260.75
891820800,260,260.25,254.5,256
891907200,256.25,257.75,255,255.25
891993600,255.75,257,255.25,256
892080000,256.25,258.5,255,258.25
892425600,258.25,259.5,251.25,253.5
892512000,255,255.25,253.25,254.25
892598400,256,261.25,256,259.25
892684800,257.5,259,253.25,258
892771200,258,260.5,256.5,258
893030400,257,257,254,256.25
893116800,255.75,260,255.25,258.75
893203200,258.75,258.75,253,253.75
893289600,253,257,253,256
893376000,256.25,268,256.25,258.75
893635200,257.25,257.25,252,254.75
893721600,255.5,257,253,255
893808000,255,257,252.5,253.25
893894400,254.25,254.75,252,252.25
893980800,252.25,253,248.5,251
894240000,251.5,256,251.5,253
894326400,259.75,264.25,259.5,264
894412800,264,267.75,263.75,267.25
894499200,267,269,264.5,267.25
894585600,265,266,262.75,263
894844800,259.5,259.5,253.5,254.5
894931200,254.75,254.75,251.5,252
895017600,252.5,258,252.5,255.5
895104000,257,258.25,254.25,255.25
895190400,255,255,252.5,253.25
895449600,252.25,256,252.25,253.5
895536000,253.25,253.25,251.5,251.75
895622400,251.5,254,250.25,253
895708800,253,255.5,252.25,252.5
895795200,253,253.75,252,253.5
896140800,250.5,252,246.5,246.75
896227200,246.75,247.25,241,243.5
896313600,243,245.75,242.75,243.5
896400000,242.5,246.5,242,242.75
896659200,240.5,242.5,240,242.25
896745600,242,245,242,244.25
896832000,244.25,246,241.5,242.25
896918400,241,243,241,242.75
897004800,242.5,242.5,239.25,239.75
897264000,239.25,239.25,234.25,235.75
897350400,236,236.75,234.75,236.25
897436800,236,237,234.75,235.5
897523200,235.5,238,235,236
897609600,236,240.75,235.25,240.5
897868800,240,240,236.5,237.25
897955200,237.25,243.75,236.75,241.25
898041600,241.25,252,241.25,249
898128000,247.5,254.5,247.5,249.75
898214400,249,261.75,248.75,257.5
898473600,256.5,257,253,255.5
898560000,255.25,266,254.5,262
898646400,262,266,259,265.75
898732800,264.5,264.5,260,261.5
898819200,261,263.5,257.5,258.75
899078400,253.5,253.5,246.75,246.75
899164800,245.5,253.5,245.5,253.25
899251200,252.75,256,243,246.75
899337600,246.75,246.75,243,243.5
899683200,242.5,245.5,235,239
899769600,239.75,248.25,239.75,246.25
899856000,250,263,249.25,254
899942400,251.5,256,248.25,249.25
900028800,247.25,247.25,239.5,240.5
900288000,244,245.5,241,243.5
900374400,240,241.5,236.25,236.75
900460800,236.75,237.5,232.5,233.5
900547200,232.75,239,232.75,235.5
900633600,235.5,244,235.5,242.25
900892800,237,237.25,233.5,236.25
900979200,237.5,237.75,233,234
901065600,234.75,234.75,229.75,232.25
901152000,231.75,232.5,230.25,231.5
901238400,231.5,231.5,229,229.25
901497600,229,229.5,227.75,228.25
901584000,228,228.75,226,226.5
901670400,226.5,228,224.75,226
901756800,225.5,227,224.75,226.75
901843200,227,227,223.5,223.75
902102400,223,223,220,220.5
902188800,220.5,222.5,220.25,221.25
902275200,221,222.75,220,220.5
902361600,220.25,220.25,218.5,219.75
902448000,219.75,222.75,219.25,221
902707200,220.75,224,219.5,223.75
902793600,223.75,224.75,220.25,222.75
902880000,222.25,222.75,217.5,218.75
902966400,219,220.25,216.25,216.5
903052800,216.25,217.75,216,216.5
903312000,217.25,222,217.25,218.5
903398400,218.75,219.75,216,219.25
903484800,218.75,221.25,218.5,219.75
903571200,219.5,220.25,217,218
903657600,217.75,218,215.25,215.5
903916800,215,216,214,215.5
904003200,215.5,215.5,213,213.5
904089600,213,213.5,208.5,208.75
904176000,208.5,208.75,204.25,206.5
904262400,206,206.5,201.5,201.75
904521600,201,204.25,199.25,199.5
904608000,198.25,203.75,196,203
904694400,202.5,207.5,201.75,204.5
904780800,204,209.75,202.5,208
904867200,207.75,210.25,207,208
905212800,221,226,220.5,225.25
905299200,225,225.5,220.75,223.25
905385600,222.75,227,221.75,225.25
905472000,224.75,225.25,216,220.5
905731200,220,221.25,218,220.75
905817600,220.5,224.25,219.75,223
905904000,222.5,225.5,221,221.5
905990400,221,221.5,218.75,219.75
906076800,219.25,220.25,217.5,217.75
906336000,217.5,220,215.25,218
906422400,217.75,219.75,217,218.75
906508800,218.5,220.75,216.75,218.5
906595200,218,221.5,217.5,221
906681600,220.75,224.5,220,223
906940800,222.5,226,221,225.5
907027200,225,226,223.5,224.5
907113600,224.25,225.75,220.75,221.25
907200000,220.5,221.25,217,217.25
907286400,217,219.25,217,218.5
907545600,218.5,225.5,218.5,221.5
907632000,220.5,222.5,220.5,222
907718400,222,230,222,228.5
907804800,227.5,229,226.25,228.5
907891200,228,238,228,233.25
908150400,232,233.25,230.75,232
908236800,232,241,231.25,239.5
908323200,239.25,240.25,237.25,239.75
908409600,239,240,236.5,238.75
908496000,239.25,242.5,236,236.25
908755200,235.75,236.25,232.75,233.25
908841600,232.75,233.25,230,230.25
908928000,229.5,233,229,230
909014400,230,232.75,229.5,232.5
909100800,232.25,233,229.75,230
909363600,229.5,231.25,228,230.5
909450000,230,232,229.25,230
909536400,229.75,232.25,229,230.5
909622800,230,233.5,229.5,229.75
909709200,229.25,231.25,229.25,229.75
909968400,229.5,230,226.75,227.5
910054800,227.25,229.25,226,228
910141200,227.25,228,226.25,226.5
910227600,226,230,226,228
910314000,227.75,228.75,227.25,227.75
910573200,227.5,228.5,227,228
910659600,228,234.5,226,233.25
910746000,232.5,236.25,232.5,236
910832400,235.5,236,234,235
910918800,234.25,234.5,231,231.25
911178000,231.25,232,229.5,230.25
911264400,230,231.75,230,230.25
911350800,230,233,230,232.75
911437200,232.5,234.5,230.5,231.75
911523600,231.5,232.25,230.5,230.75
911782800,230.75,231,228,228.5
911869200,228,228.75,227.5,227.75
911955600,227.5,229,227.5,228.25
912128400,228.5,232,228.5,229.25
912387600,229,232,229,230
912474000,229.75,230,228.25,228.5
912560400,228.25,229,227,227.25
912646800,227.25,227.5,224.5,224.75
912733200,224.75,226.5,222.75,223
912992400,231.5,232.75,231.5,232.5
913078800,231.25,231.5,230,230.25
913165200,230.25,231.25,229,229.5
913251600,229.5,230.5,229,229.5
913338000,229.5,232.5,229,232
913597200,230.5,231.75,229.25,230.75
913683600,230.5,232.5,230.25,230.25
913770000,230,231.25,229.75,230.5
913856400,230.5,232,227.75,228
913942800,228.25,228.5,226.5,226.75
914202000,226.5,227.25,225.75,226.75
914288400,226.5,228,226,226.5
914374800,226.25,227.25,226,226.5
914461200,226.25,228.5,226.25,227.75
914806800,228.5,228.75,226,226.25
914893200,226,226.5,225.25,225.5
914979600,225.5,225.5,220.5,220.75
915066000,220.75,222,220.5,220.75
915411600,220.5,222.75,220.5,221.5
915498000,221,224.5,221,223.5
915584400,223.5,230,223.5,229.75
915670800,229,229.5,226,226.25
915757200,226.25,231,226.25,228.25
916016400,228,229.75,226,226.5
916102800,226,227,222.25,223.5
916189200,223.5,223.5,220,221.25
916275600,221,222.25,221,221.75
916362000,221.5,223.25,221.25,221.75
916707600,221.5,221.75,217.5,219.75
916794000,220.5,222,220.25,221.5
916880400,221.5,223.5,219.5,221.75
916966800,221.5,222.5,221.25,221.75
917226000,221.5,221.5,218,221.25
917312400,221.5,221.75,221.5,221.75
917398800,221.5,221.75,220.5,221.5
917485200,221,224.75,220.75,222
917571600,222,223.5,220,220.25
917830800,220,221.75,219,221.5
917917200,221.25,224,221.25,223.25
918003600,223,227.5,221.5,221.75
918090000,220.75,223.5,220.75,223.25
918176400,223,224.5,223,224.25
918435600,224.25,225,223.25,223.75
918522000,223.5,224,222.5,223.25
918608400,222.75,226.75,222,226.75
918694800,226.25,227,222.25,222.25
918781200,222.5,223.25,220.75,221.5
919126800,221,222.25,219.5,220
919213200,220,220.25,218,219.25
919299600,219,221.25,218.75,221
919386000,220.75,221.5,219.25,220.75
919645200,220.5,221,217.5,219.75
919731600,219.75,221,219.5,220.25
919818000,219.75,220,213.25,213.5
919904400,213.5,214.75,212.5,213
919990800,212.5,213.25,210,210.25
920250000,210.75,215.25,210.25,211.5
920336400,211.25,216.5,211.25,215.5
920422800,215.5,216.5,214,214.75
920509200,214.5,218.75,214,217
920595600,216,216.5,215,216
920854800,222.25,229,222.25,227.75
920941200,227.25,232.5,226,228
921027600,227.75,230.25,227.75,229.75
921114000,229.5,231,229,230.75
921200400,230.75,230.75,227.5,229
921459600,228.5,228.5,226,226.5
921546000,226.25,229.5,226,229.25
921632400,229,232.25,228.75,231
921718800,230.25,233.5,230,230.25
921805200,230,236.5,229.75,236.25
922064400,234,239.25,234,238.25
922150800,237.75,238,234.5,234.75
922237200,234.25,236.75,233.5,234.25
922323600,234,237.5,232.5,236.25
922410000,236.5,238.75,235,238.25
922669200,237.5,238.5,235.25,238.25
922755600,237.5,240.25,236.5,238.75
922842000,238,239.5,231,231.5
922928400,231.5,232.25,227.25,228
923270400,228,228,223.75,224.75
923356800,224.75,226.75,221.25,221.75
923443200,221.75,223.75,221,223.5
923529600,223.5,223.75,221.5,222.25
923616000,222.25,224,221.25,223.75
923875200,223.75,225.5,219.25,219.75
923961600,220,221.75,219.75,221.25
924048000,221,225.75,221,223.25
924134400,223.25,226,223,225.75
924220800,225.25,226.5,223.25,223.5
924480000,223.5,227.75,223,226.25
924566400,226.25,230,226.25,229.75
924652800,229.75,230,228.5,229.5
924739200,229.5,231,225,225.25
924825600,225.25,227.75,224.5,225.75
925084800,225.5,225.5,221,221.5
925171200,222.5,223.5,219.5,219.75
925257600,219.75,222.25,217.5,219.5
925344000,220.25,221.5,218,218.75
925430400,218.5,220.5,218.25,218.75
925689600,218.75,220.75,217,220.5
925776000,220.25,224,220,222.75
925862400,227.5,228.5,225.25,226.25
925948800,224.75,226,224.25,224.5
926035200,224.75,225.25,222.75,223.25
926294400,224.25,226,223.75,225.75
926380800,224,227.5,223.75,226.25
926467200,227,230.5,226.5,227.5
926553600,227.5,230.5,227.5,228.25
926640000,228.25,230.5,225.5,226.5
926899200,227,229.25,227,228.25
926985600,226.75,227.5,224.5,226.25
927072000,226,227.5,224.75,224.75
927158400,225.25,225.75,224.25,224.5
927244800,224,224.75,223.75,224
927504000,223.5,223.5,217.5,217.75
927590400,218.25,220.75,218.25,220.5
927676800,220.5,221.75,219.75,220.25
927763200,220,222,220,222
927849600,221.75,225.75,221.75,224.75
928195200,221.25,221.5,219.5,221.25
928281600,221.25,222.5,220,222
928368000,222.5,229,222.5,228
928454400,222.5,228.25,222.5,225.75
928713600,225.5,231.5,225.5,228
928800000,228,229.25,225.25,228.5
928886400,228.25,228.25,225.5,226.25
928972800,225.75,226.75,224.75,225.75
929059200,225.5,225.75,221.5,222.5
929318400,221.25,223.5,219.5,223.5
929404800,222.75,222.75,218.25,218.25
929491200,218.75,221,218.5,220.75
929577600,220.5,223.25,219.75,220.5
929664000,220.25,225,219,223.5
929923200,223.5,227.5,220.25,222
930009600,221,222.75,219,219.25
930096000,219,221.25,218.25,220
930182400,220.25,220.5,215,216.5
930268800,216.75,217.5,215.25,215.75
930528000,215,216.5,214,214.25
930614400,214,218.5,214,215
930700800,215,217.5,214.5,216.5
930787200,218.75,218.75,208,208
930873600,209.75,210.75,202,202.25
931219200,200.25,200.25,191,192
931305600,205,206,201.5,201.5
931392000,204,206.25,200.75,202.75
931478400,199.5,199.75,196,197
931737600,198.75,200,196.5,198
931824000,196,197,194,196.75
931910400,196.5,199.75,196.5,199
931996800,200.25,206,199,203.75
932083200,204.5,207.75,198.5,200.5
932342400,202.25,205,201.75,202.75
932428800,205.5,208.75,202.75,207.75
932515200,209,215.25,207,214.5
932601600,216.5,222,213.5,215.75
932688000,215.25,226.5,215.25,223.25
932947200,225,225,214.5,216
933033600,215,218,209,209
933120000,209,211,209,210.75
933206400,205.5,211.25,205.25,209.75
933292800,212,214.25,210,214
933552000,219,226.5,218.5,226.5
933638400,230,238.5,229,234.5
933724800,230,236,226.5,234
933811200,234,236,231.5,231.5
933897600,233.5,235.5,231.25,235
934156800,233.5,238,232,235.25
934243200,239,240,237,239
934329600,240.5,240.5,236.25,236.5
934416000,235,235,223.25,223.25
934502400,220.25,222.75,220,222.25
934761600,223,227.5,223,226.5
934848000,230,233,230,230.75
934934400,228.75,229.5,225.75,229.25
935020800,228.25,231.5,224.5,226.25
935107200,226,227,223.75,224.25
935366400,221,221.25,218,219
935452800,222,222.25,217,217.25
935539200,216.5,220,215.5,219.75
935625600,219.75,219.75,215.5,215.75
935712000,215.75,217.5,215,215.5
935971200,215,219,214.75,216.75
936057600,217,220.75,217,219
936144000,219,222,218.75,220.5
936230400,221,222.75,220.25,222
936316800,223.5,225,222,222.5
936662400,233.25,237,233.25,236.25
936748800,234.75,235,231.75,232
936835200,231.75,232.25,229.5,230
936921600,229.5,230,226.75,228.75
937180800,228.5,229.5,226.75,227.25
937267200,226.5,227.25,226,226.25
937353600,226,226.5,223.75,224.25
937440000,224,225,222.25,224.75
937526400,224.75,226,222.5,222.75
937785600,222.25,222.75,221.25,221.75
937872000,221.5,223,221,223
937958400,222.5,223.75,221.75,222
938044800,221.5,222,219.75,220.25
938131200,220,222.75,219,219.75
938390400,219.5,223.5,219.25,223.25
938476800,222.75,227.25,222.75,224.75
938563200,224.5,226.25,224.25,224.75
938649600,224.25,224.25,219,219.25
938736000,219,219.25,216.5,216.75
938995200,216.5,216.5,215,216
939081600,216,216.5,215,215.25
939168000,215.25,216.5,215,216.5
939254400,215.75,216.75,214.75,215
939340800,214.75,215.25,210.25,210.25
939600000,210.5,210.75,209.5,210.5
939686400,210.5,214,210.5,212.75
939772800,212,213.25,211.75,212
939859200,211.75,213,211.25,212
939945600,212,212.5,210,210.5
940204800,210,215,209.25,213
940291200,212.5,213,211.25,211.25
940377600,211,214,211,211.25
940464000,211,211.75,210.25,210.5
940550400,210.75,211,210.25,210.25
940809600,210,213,210,212.75
940896000,212.5,217,211.75,212.75
940982400,212.25,212.5,210.75,211.25
941068800,211,213,210.5,210.5
941155200,210.5,211.25,210,210
941418000,210.5,211.25,209,209.25
941504400,209.75,211,209.25,209.75
941590800,209.5,213,208.75,212
941677200,211.5,213,211,212
941763600,211.75,213.25,211.25,211.5
942022800,211.5,214,211.25,212.75
942109200,212.5,213.25,211.75,212
942195600,211.25,211.5,207,207
942282000,207.25,208.25,205.5,206.75
942368400,206.75,207.25,205,205.5
942627600,205.25,207.5,205.25,206.5
942714000,206.5,209,206.5,207.25
942800400,207.25,207.25,205,205.25
942886800,205,205.75,203,203.5
942973200,203.5,203.75,202,203.5
943232400,203.75,205.5,203.25,205.5
943318800,205,206.5,203,205.75
943405200,205.5,206.25,204.75,205
943578000,204.5,205.5,203,203.25
943837200,203.5,204.75,200.75,201.25
943923600,201.25,202.5,200,200.75
944010000,200.5,204,200.5,202.75
944096400,202.75,203.75,201.75,202.5
944182800,202,203,200.75,201.5
944442000,207.75,212,207.25,211.25
944528400,210.75,211,209.75,210
944614800,209.5,209.5,206.5,207.25
944701200,207.25,207.25,204,204.5
944787600,204.25,206,203.5,205.25
945046800,202.75,203.25,202.5,203.25
945133200,203.25,206.25,202.5,206
945219600,205.75,206.25,204.5,206
945306000,206,208.5,205.5,207
945392400,207,209.25,207,208.5
945651600,208.5,211,208.5,210.5
945738000,210,210.25,209,209.25
945824400,208.75,210.5,208.5,210.25
945910800,210,211.5,210,211.25
946256400,211,213.25,210,211
946342800,210.75,211.75,209.75,211.5
946429200,211.25,211.25,210.25,210.5
946515600,210.25,211.75,210.25,211.25
946861200,211.25,212.25,207.75,208
946947600,207.75,210.25,207.75,209.75
947034000,209.5,210.25,208.25,210.25
947120400,210,212.5,210,210.75
947206800,210.25,214.25,209.75,214
947466000,213.25,216.25,212,215.75
947552400,215,216.5,213.75,214.5
947638800,214.25,224,214.25,222.75
947725200,222,229,222,228.5
947811600,227.5,229.5,225.75,227
948157200,224.75,228.25,223.5,228.25
948243600,227.5,229,226.5,228.75
948330000,228,229.5,226.75,228.75
948416400,228.5,231,227.75,230.75
948675600,230.5,235,230.5,235
948762000,234.5,236,233.5,235.5
948848400,234.75,234.75,230.5,230.75
948934800,231,234.25,229,233.5
949021200,233.5,234.5,230.75,231.5
949280400,229.5,229.5,226.25,227.75
949366800,227.75,230.25,227.25,230
949453200,229.75,231,228.5,228.75
949539600,228.5,228.5,225.25,226
949626000,225.5,228.25,222.5,228
949885200,228.25,230,228,229.75
949971600,229,230.75,227.5,229.5
950058000,228.75,231,227.75,230.75
950144400,230.5,234.5,230.25,234.5
950230800,233.25,235,229.75,230.25
950490000,230,233.5,229.75,230.75
950576400,230,232,228,231
950662800,230,232.25,229.5,231.25
950749200,231.25,232,229.5,229.75
950835600,229.5,229.75,228.5,229
951181200,228.5,230.5,227.5,227.75
951267600,228,228,222.75,223.25
951354000,223,225,222,224.75
951440400,225,225.75,221.25,221.5
951699600,221.25,222.75,220,221
951786000,228.5,232.75,228.25,232
951872400,231.75,233.25,231,231.25
951958800,231,232.25,230.25,232.25
952045200,232,234.25,232,234
952304400,233.75,237.5,232.75,237.25
952390800,236.75,237.5,233.25,233.5
952477200,233.5,236.5,232.75,235
952563600,234.25,237.75,234.25,235.75
952650000,235.25,236.5,234,235
952909200,235,240.25,235,239.5
952995600,239.25,247.5,239.25,246.25
953082000,246.25,247,244.25,244.5
953168400,244,248,242.75,243.75
953254800,246,249.5,246,249.25
953514000,245.5,245.5,242,244
953600400,243,244.75,240,240.5
953686800,241.25,243.25,240.25,242.75
953773200,242.5,243,238,238.25
953859600,238,242,237.25,240.25
954118800,240.75,243,238.25,241
954205200,239.5,240.25,233.25,234
954291600,234.75,236,232.75,235.5
954378000,235.5,242,234.5,241.5
954464400,241.25,246.25,240.5,244.25
954720000,244,248,242.5,242.75
954806400,242.5,243.75,238.5,240.75
954892800,242,242.5,238.5,240.75
954979200,240.5,240.75,235.25,235.75
955065600,235.75,238,233.75,237.75
955324800,235.25,236,234.5,235.5
955411200,235.25,235.75,231.5,231.75
955497600,231.75,234.75,231.25,234
955584000,234.25,237,233.75,236.5
955670400,239.5,241.25,234.5,234.5
955929600,234,236,232,232.25
956016000,232.5,234.75,232,233.75
956102400,233.5,237.5,233,237
956188800,237,237.75,233.5,235.5
956534400,235.75,237.75,233.75,236.75
956620800,237,239.75,237,239.5
956707200,239,241,236.25,236.5
956793600,236.5,237,233.5,234.25
956880000,242.25,242.75,240,240.25
957139200,244.75,252.25,242.75,252.25
957225600,251.75,256.75,250.25,254
957312000,253.5,265.5,253.5,258.5
957398400,258,262.5,256,258
957484800,257.25,257.75,253.75,256
957744000,257.5,258.75,248.25,248.75
957830400,249,249,245.75,246.25
957916800,249,253.5,248.5,251.75
958003200,251.75,253.75,250,252.75
958089600,252.25,254.5,249,253.75
958348800,251.5,251.5,242.5,247.25
958435200,248,248.5,243.5,243.75
958521600,243.5,245.5,241,243.5
958608000,248.5,250.5,245.5,246.25
958694400,246,249.5,246,248.75
958953600,246.75,251.5,246,249.5
959040000,249.75,249.75,246.5,246.75
959126400,246.75,246.75,242.5,243
959212800,242.5,244.5,237.75,239.25
959299200,240,242.5,238.5,242.25
959644800,238.25,238.25,231.5,233
959731200,233.25,234.5,232,233.75
959817600,236.25,237.25,233.25,233.75
959904000,234,238,233,237.75
960163200,240,241,232.25,233
960249600,234.25,234.75,231.5,234.25
960336000,235.5,236.25,227.5,228.5
960422400,228.75,228.75,226,227.75
960508800,227.75,229.75,227,228.75
960768000,226,226,217,217.25
960854400,217.25,218.75,216.25,216.75
960940800,216.75,216.75,209,212
961027200,212.5,216,212,214.25
961113600,215,218.5,215,216
961372800,217.25,217.25,212,213.75
961459200,213.75,214,209.25,210.5
961545600,210.25,213.5,209.75,211.75
961632000,211,214.75,211,211.25
961718400,211.25,211.5,207.5,207.75
961977600,206.25,206.25,201.75,202.75
962064000,202.5,206.25,202.5,205.25
962150400,205.25,206,200.75,201
962236800,201,205,201,203.75
967680000,193.5,194.75,193.5,194.25
967766400,195.75,196.25,195.25,196
968112000,197,198,195,196.5
968198400,197,197,196.25,196.75
968284800,193.5,193.75,192.75,192.75
968371200,193,194.5,193,193.5
968630400,195,195,194,194.25
968716800,196.5,198,196,197.25
968803200,194,194.75,193.25,194.75
968889600,191.5,192.25,191,191.25
968976000,189.5,189.5,189,189.5
969235200,187.5,188,187,187
969321600,188.5,188.5,188,188
969408000,187.25,187.75,187,187.25
969494400,188,188,187.5,188
969580800,190,190.25,189.25,190
969840000,193.5,194,192.5,193.5
969926400,193.75,194.75,193.25,194
970012800,194,194.25,192.5,193
970099200,194,195,194,195
970185600,195.5,197,195,196.25
970444800,196.75,198,196.75,196.75
970531200,198.75,200.5,198.75,200.25
970617600,203,203.5,202,202.5
970704000,204,204,203,203.75
970790400,203,203.5,203,203
971049600,202.75,203,202.5,202.5
971136000,201,201.25,200.5,201
971222400,203.25,203.5,203,203
971308800,204,204.5,203,204.5
971395200,207.5,207.75,207,207.5
971654400,207.5,208.5,207.5,208.5
971740800,206.75,207,206.5,206.75
971827200,207,207.25,206.75,206.75
971913600,206,206.75,206,206.25
972000000,206.25,206.75,206.25,206.5
972259200,205,205,204.25,204.25
972345600,203,203.5,203,203.25
972432000,203.75,203.75,203.5,203.5
972518400,203,203.5,203,203
972604800,202,202.25,201.75,201.75
972867600,200.75,201,200.25,200.5
973040400,198,210,198,210
973126800,198,216.25,198,216.25
973472400,198,217.5,198,217.5
973558800,198,218.75,198,218.75
973645200,198,219.75,198,219.75
973818000,217.5,217.5,217.5,217.5
974077200,217.5,217.5,215.5,215.5
974250000,213.25,213.25,213.25,213.25
974422800,213.5,213.5,213.5,213.5
974682000,213.5,215.25,213.5,215.25
975546000,217.5,218,217.25,217.25
975632400,220,220.5,219.5,220.5
975891600,221.25,221.25,220.25,221
975978000,219.75,220,219.75,219.75
976064400,220,220,219,219.75
976150800,218.25,219,218.25,218.25
976237200,214.75,215,214.25,215
976496400,218,218.5,216.75,217
976582800,217,217.25,216.5,216.75
976669200,216,216.75,215.5,215.75
976755600,217.5,219.75,217,218.25
976842000,218.5,220.25,218.5,219
977101200,218,220.5,218,220.5
977187600,222,222.75,221.5,222.75
977274000,225.25,226,225,225.25
977360400,225,225,224.25,224.75
977446800,226.25,227,226,227
977878800,226.25,226.25,225.25,225.5
977965200,228.5,229.75,228.5,229.25
978051600,237.25,237.75,237,237.75
978397200,238.5,240,238.5,240
978483600,235,235,235,235
978570000,237.5,238,237.5,237.75
978656400,237.25,237.5,237.25,237.25
978915600,233.5,233.5,233,233
979002000,233.5,234,233.25,234
979088400,234.75,236,234.75,236
979174800,236.75,238.5,236.75,237.75
979261200,230.5,231,230,231
979606800,227.25,227.25,226,226
979693200,224.25,224.25,223.5,223.75
979779600,225.25,227,225.25,227
979866000,226.25,227,226.25,227
980125200,223,223.25,222.5,222.5
980211600,223.75,225,223.75,224.75
980298000,222.25,223.25,222.25,223.25
980384400,223.25,223.5,222.5,223.5
980470800,221.25,222,221,221
980730000,217.75,218,217.25,217.25
980816400,216.5,217.5,216.5,217.5
980902800,217.5,217.75,217,217
980989200,217,217,216.5,216.5
981075600,219,219.75,219,219.5
981334800,221.25,221.25,221,221
981421200,219.5,220,219.5,220
981507600,221.5,222.25,221,221.75
981594000,220,220,219.25,219.75
981680400,218,218.25,217.5,217.5
981939600,218.5,218.75,218,218.75
982112400,218,219.25,217.75,218.5
982198800,220.75,222,220.75,221.75
982285200,220,220.75,220,220.5
982630800,219.25,221,219.25,221
982717200,220.25,220.75,220,220
982803600,218,218.5,217.75,217.75
983149200,217,218,217,217.75
983235600,217,217.5,217,217
983322000,226.25,227.5,226.25,227.5
983408400,229.5,230,229.5,230
983840400,230.5,230.5,230.25,230.5
983926800,231,231.75,231,231.5
984013200,228,229.25,228,229.25
984099600,228.25,229,228.25,228.75
984358800,228,228.25,227.5,227.5
984445200,228.75,230,228.75,230
984531600,228.25,228.5,228,228.5
984618000,225.25,225.5,224.25,224.5
984704400,219,219.75,218.75,219
984963600,216,217,216,216.75
985050000,217,217.25,217,217.25
985136400,219.75,220,219.75,220
985222800,218.25,218.25,216.75,216.75
985309200,213.5,214,213,213.5
985568400,216,216.75,215.5,216
985654800,217.5,218,217.5,218
985741200,218.75,218.75,218.5,218.75
985827600,217,217.5,217,217.5
985914000,215,215,214,214.5
986169600,216,217.5,216,217.25
986342400,217,218,216.75,217.25
986428800,219.5,220.5,219.5,220.5
986515200,220,222,220,221.75
986774400,218.5,220.5,218.25,220.25
986860800,219,219.75,218.75,218.75
986947200,217.5,217.75,217,217.25
987033600,218.25,218.75,218,218.5
987379200,220.5,221.75,220.5,221.75
987465600,220,221.25,219.75,220
987552000,217.25,217.75,217.25,217.75
987638400,217,217.5,216.75,216.75
987724800,211.75,213,211.75,211.75
987984000,209.5,210.75,208.75,209
988070400,204.5,205.5,204.5,205.5
988156800,202.25,203.25,202.25,202.25
988243200,203.5,204.75,203.5,204.75
988329600,207.5,207.5,206.25,207
988588800,212.5,212.5,211.75,212.5
988675200,215.5,216,215.5,216
988761600,215.5,215.75,215.5,215.75
988848000,216.5,217,216.5,216.5
988934400,215.5,216,215.5,216
989193600,218,219,217,217.5
989280000,216,216.25,215.75,216
989366400,212.75,213.25,212,212.5
989452800,212.75,212.75,212.5,212.75
989539200,206,206.75,206,206.75
989798400,204.75,205.75,204.75,204.75
989884800,209.5,209.75,209.5,209.75
989971200,209,209,208.75,208.75
990057600,209.25,209.25,209.25,209.25
990144000,209.25,209.25,209,209
990403200,207.5,207.5,206.25,207.5
990489600,201.75,202.75,201.75,202.25
990576000,199.5,200.5,199.5,200.25
990662400,200.25,200.5,200.25,200.25
990748800,201.75,202.25,201.5,201.5
991094400,199,200,198,198
991180800,198,198.25,198,198
991267200,198,198,197,197.25
991353600,200,201,200,201
991612800,205.5,205.75,204.25,205.75
991699200,205,205.75,204.75,205.75
991785600,214,214,214,214
991872000,213.5,213.5,213.5,213.5
992217600,213.75,213.75,213.75,213.75
992304000,212,212,212,212
992390400,211.75,211.75,211.75,211.75
992476800,209.75,209.75,209.75,209.75
992822400,205,205,205,205
992908800,208,208,208,208
992995200,205,205,205,205
993081600,203,203,203,203
993427200,202,202,202,202
993513600,200.5,200.5,200.5,200.5
993600000,203,203,203,203
993686400,204.75,204.75,204.75,204.75
994032000,207,207,207,207
994118400,209.5,209.5,209.5,209.5
994291200,214,214,214,214
994636800,219.5,219.5,219.5,219.5
994723200,224.5,224.5,224.5,224.5
994809600,232.25,232.25,232.25,232.25
994896000,241.5,241.5,241.5,241.5
995241600,224,224,224,224
995328000,233,233,233,233
995414400,224.25,224.25,224.25,224.25
995500800,223.5,223.5,223.5,223.5
995846400,217.5,217.5,217.5,217.5
995932800,223,223,223,223
996019200,227.25,227.25,227.25,227.25
996105600,226,226,226,226
996451200,224.5,224.5,224.5,224.5
996537600,226.25,226.25,226.25,226.25
996624000,223,223,223,223
996710400,221,221,221,221
997056000,220.25,220.25,220.25,220.25
997142400,223.75,223.75,223.75,223.75
997228800,225.5,225.5,225.5,225.5
997660800,231,233,231,233
997747200,229.75,229.75,229.75,229.75
997833600,227.75,227.75,227.75,227.75
997920000,225,225,225,225
998265600,220.5,220.5,220.5,220.5
998352000,223.5,223.5,223.5,223.5
998438400,223.5,223.5,223.5,223.5
998524800,227.25,227.25,227.25,227.25
998956800,226,226,226,226
999043200,224,224,224,224
999129600,225.5,225.5,225.5,225.5
999216000,229.5,230.5,229.5,230
999561600,232,232,230.25,230.25
999648000,232.25,232.5,230.25,230.75
999734400,229.25,229.25,228,228.5
999820800,226,227,226,227
1000080000,225.5,226,224.5,224.5
1000166400,226.5,227,226,227
1000252800,226.5,226.5,226.5,226.5
1000425600,229.5,231.25,229.25,230.5
1000684800,224,224,223,223.75
1000771200,221.75,222.25,221.75,221.75
1000857600,219,219,218,218.5
1000944000,216,216.5,215.5,215.5
1001030400,218.5,218.75,218,218.25
1001289600,216.75,218,216.25,217
1001376000,215.5,216,215.25,215.5
1001462400,215.25,216.25,215.25,215.5
1001548800,216.5,216.75,216.25,216.75
1001635200,215.75,215.75,214.5,215
1001894400,214,214.25,213.5,214.25
1001980800,210.75,211.5,210.5,210.5
1002067200,209,209.25,208.5,208.5
1002153600,210.5,211.5,210.5,210.5
1002240000,211.5,211.75,211,211
1002499200,214,215,214,214.5
1002585600,215,215.25,214.75,215.25
1002672000,212.5,213.5,212.5,213
1002758400,214,214.5,214,214.25
1002844800,213,213.25,212.25,213
1003104000,208.25,209,208.25,208.5
1003190400,206,206.25,205.75,206
1003276800,206.5,207,206.5,206.75
1003363200,207.75,208.5,207.25,208
1003449600,205,205.75,205,205.25
1003708800,205,205,204.25,204.5
1003795200,204,204.5,203.5,204
1003881600,204,204.75,204,204.5
1003968000,206,206.5,206,206.5
1004054400,206.5,206.75,206.25,206.75
1004317200,205,205.25,204.5,204.5
1004403600,203.5,204.25,203.25,204.25
1004576400,210,210,210,210
1004662800,207.25,207.25,207.25,207.25
1004922000,207.5,207.5,207.5,207.5
1005008400,206.75,206.75,206.75,206.75
1005181200,207,207,207,207
1005267600,210.75,210.75,210.75,210.75
1005613200,210.75,210.75,210.75,210.75
1005699600,210.75,210.75,210.75,210.75
1005786000,210,210,210,210
1005872400,211.5,211.5,211.5,211.5
1006131600,213.5,213.5,213.5,213.5
1006218000,213,213,213,213
1006304400,212.75,212.75,212.75,212.75
1006477200,212.25,212.25,212.25,212.25
1006736400,207.75,207.75,207.75,207.75
1006822800,207.75,207.75,207.75,207.75
1006995600,206,206,206,206
1007082000,212,215,212,213.5
1007341200,220,220.5,219.5,220
1007427600,220.5,221.5,220.5,221
1007514000,220.75,221,220,220.5
1007600400,219,219.25,218.75,218.75
1007686800,216.25,216.5,215.5,215.5
1007946000,219,220,218.75,219
1008032400,219.25,220,219,220
1008118800,219,219,218.75,218.75
1008205200,216,216.75,216,216.75
1008291600,216.75,218,216.75,218
1008550800,216.75,217.5,216.5,216.5
1008637200,215.5,215.75,215.25,215.5
1008723600,214,214,213.25,213.75
1008810000,214,214.5,213.5,214.5
1008896400,212,212.5,212,212.25
1009155600,211.5,211.5,211.5,211.5
1009414800,208.75,209.5,208.75,209.5
1009501200,209.5,210,209.25,210
1009760400,216.5,216.5,216.25,216.5
1009933200,215.5,216.5,215.5,216.5
1010019600,215.5,215.5,215.5,215.5
1010106000,216.75,217.25,216.75,217
1010365200,216.75,217.25,216.75,216.75
1010451600,218.25,218.25,217.5,218.25
1010538000,218,218,217.75,217.75
1010624400,217,217,216.5,216.75
1010710800,215.25,215.75,215.25,215.75
1010970000,219.25,220.5,219.25,219.75
1011056400,218,218.5,218,218.25
1011142800,219.5,220,219.5,219.75
1011229200,221.5,222.25,221.5,222.25
1011315600,220.25,221,220.25,221
1011661200,218.25,218.75,218,218
1011747600,216.25,216.5,216,216.5
1011834000,215.5,216.25,215.5,216
1011920400,216.5,217.25,216.25,217
1012179600,215.5,215.5,214.25,214.5
1012266000,214.5,214.5,214,214
1012352400,213,213,212.5,212.5
1012438800,213,213.25,212.75,213
1012525200,212.75,212.75,212.75,212.75
1012784400,211.25,214,211.25,212.75
1012870800,213,213,212.75,213
1012957200,213,213.75,213,213.5
1013043600,211.25,211.5,211.25,211.5
1013130000,211.5,212.5,211.5,211.75
1013389200,212,212.25,212,212
1013475600,212.25,212.75,212.25,212.5
1013562000,212.5,213.25,212.5,213
1013648400,215.25,216.25,215.25,216
1013734800,213.5,214,213.5,213.75
1014080400,211.75,212.5,211.75,212.25
1014166800,212.75,213.5,212.75,213.5
1014253200,213.75,214,213.75,214
1014339600,213.75,214.25,213.25,214.25
1014598800,211.5,212,211.25,211.5
1014685200,208.25,208.5,208,208.5
1014771600,205.5,207,205.5,206.25
1014858000,213.75,214,213.75,214
1014944400,214,214.25,213.75,213.75
1015203600,215.5,216.25,215.5,216
1015290000,215,215.25,215,215.25
1015376400,216.5,217,216.5,217
1015462800,215.25,216.75,215.25,216.5
1015549200,214.25,216,214.25,215
1015808400,215,216,214.75,216
1015894800,216.5,217.75,216.5,217.5
1015981200,217.25,217.5,217,217
1016067600,214.75,216,214.75,216
1016154000,214.5,214.75,214,214
1016413200,212.5,213,212.25,212.5
1016499600,213,213.25,213,213
1016586000,213,213.75,213,213.75
1016672400,212.5,213,212.5,212.5
1016758800,212,212.5,212,212.5
1017018000,211.5,211.5,211.25,211.5
1017104400,210.5,211.5,210.5,211.5
1017190800,211,212,211,212
1017277200,212.25,213.75,212.25,213.5
1017622800,208.5,209,208.5,209
1017709200,210,211.75,210,211
1017795600,210,210.75,210,210.75
1017882000,207.5,207.75,207,207.75
1017968400,207.75,208,207.5,207.75
1018224000,207,207,206.5,206.75
1018310400,208,208.5,208,208.5
1018396800,208,208,207.5,207.5
1018483200,206.25,206.75,205,205
1018569600,205,205,203.75,203.75
1018828800,203.5,204,202.25,202.25
1018915200,202.25,204,202,204
1019001600,204,205.75,204,205.75
1019088000,205.75,206.5,204,204
1019174400,204,204.5,202.5,202.5
1019433600,202.75,204.25,202.75,204.25
1019520000,204,204.5,203.75,204.5
1019606400,204.5,205.25,203.5,203.5
1019692800,203.5,204.5,203,203
1019779200,203,204.5,203,203
1020038400,204,204.5,200.25,200.25
1020124800,208,208.25,207.25,207.25
1020211200,207.5,210,207.5,210
1020297600,210,210.5,207.25,207.25
1020384000,207.25,207.75,207.25,207.75
1020643200,206.5,207.25,206,207.25
1020729600,211.75,211.75,211.75,211.75
1020816000,211.75,211.75,211,211.5
1020902400,211.5,212.25,211,212.25
1020988800,212.25,212.5,212.25,212.5
1021248000,215,221.25,215,221.25
1021334400,219,221.5,219,221.5
1021420800,221.5,222.5,221.5,222.5
1021507200,222.25,222.25,219.5,219.5
1021593600,219.5,219.75,215.25,215.25
1021852800,215,217.5,215,217.5
1021939200,218.5,219,217,217
1022025600,217,218.5,214.25,214.25
1022112000,214.5,215,214.25,214.25
1022198400,214.25,214.25,214,214
1022544000,211,214.25,210.5,214.25
1022630400,214.75,218,214.75,218
1022716800,218,219.25,218,219.25
1022803200,219,220.5,218.25,220.5
1023062400,219,219,216.5,216.5
1023148800,216,217.25,216,217.25
1023235200,217,217.5,216.75,217.25
1023321600,217,217.25,216,216
1023408000,216,216,213.75,213.75
1023667200,212.75,214,211.5,214
1023753600,213.5,214,211.5,211.5
1023840000,211,214.25,211,214.25
1023926400,214,218.5,213.5,218.5
1024012800,218,218.5,216,216
1024272000,215.5,215.75,214.75,215.25
1024358400,215,215.75,213.5,213.5
1024444800,213.5,215.25,213.5,215.25
1024531200,215.5,217.5,215.5,217
1024617600,217,218,217,217.25
1024876800,219,226,219,226
1024963200,225.75,227.75,225,227.75
1025049600,227.5,229,226.5,229
1025136000,229,233.75,228.75,233.75
1025222400,244,247,243.5,243.5
1025481600,244,251.25,244,251.25
1025568000,251.75,254,246,246
1025654400,245.5,247,241.5,241.75
1025827200,242,246.5,238,246.5
1026086400,243,243,239.25,239.5
1026172800,241.25,245.75,241.25,242.5
1026259200,241.5,241.5,238,238.5
1026345600,238.75,241.25,233.75,233.75
1026432000,233.75,235.5,232.75,232.75
1026691200,235,237.25,234.75,237.25
1026777600,242.5,245.25,241.5,244.5
1026864000,244.25,244.5,241.25,241.5
1026950400,239.5,242.5,238.25,242.5
1027036800,240.75,244.75,239.25,244.75
1027296000,250,256,249.5,256
1027382400,258.25,259.25,251.25,251.25
1027468800,251,259.25,251,259.25
1027555200,258.75,259,254.25,254.25
1027641600,255,256.75,252.75,252.75
1027900800,247.5,248.5,240.25,240.25
1027987200,242.25,245.75,241.5,245.75
1028073600,246.5,256.5,246.5,256.5
1028160000,258,260.75,257.5,258.75
1028246400,258.75,263,258.75,263
1028505600,257,263.75,253.25,263.75
1028592000,264,265.75,261,262
1028678400,261.5,261.5,259,260
1028764800,259.5,261.5,257.25,257.25
1028851200,257.25,261.5,256.75,261.5
1029110400,261,272.25,261,272.25
1029196800,272.5,279.5,272,279.5
1029283200,278.25,284.75,277.25,284.75
1029369600,284.75,288,283.75,284
1029456000,283.75,286.25,282.5,282.5
1029715200,282,284,277.5,277.5
1029801600,276.75,277.25,270.75,270.75
1029888000,270.25,272.5,270.25,272.5
1029974400,273,273.5,271,271.5
1030060800,271.75,273.5,271,273.5
1030320000,273.5,276,273.5,274.75
1030406400,274,274.75,272.25,272.25
1030492800,272,275,270.25,270.25
1030579200,270,270.25,266.75,266.75
1030665600,235.25,235.25,235.25,235.25
1031011200,235.25,235.25,235.25,235.25
1031097600,235.25,235.25,235.25,235.25
1031184000,235.25,235.25,235.25,235.25
1031270400,235.25,235.25,235.25,235.25
1031529600,235.25,235.25,235.25,235.25
1031616000,235.25,235.25,235.25,235.25
1031702400,235.25,235.25,235.25,235.25
1031788800,235.25,235.25,235.25,235.25
1031875200,235.25,235.25,235.25,235.25
1032134400,235.25,235.25,235.25,235.25
1032220800,235.25,235.25,235.25,235.25
1032307200,235.25,235.25,235.25,235.25
1032393600,235.25,235.25,235.25,235.25
1032480000,235.25,235.25,235.25,235.25
1032739200,235.25,235.25,235.25,235.25
1032825600,235.25,235.25,235.25,235.25
1032912000,235.25,235.25,235.25,235.25
1032998400,235.25,235.25,235.25,235.25
1033084800,235.25,235.25,235.25,235.25
1033344000,235.25,235.25,235.25,235.25
1033430400,235.25,235.25,235.25,235.25
1033516800,235.25,235.25,235.25,235.25
1033603200,235.25,235.25,235.25,235.25
1033689600,235.25,235.25,235.25,235.25
1033948800,235.25,235.25,235.25,235.25
1034035200,235.25,235.25,235.25,235.25
1034121600,235.25,235.25,235.25,235.25
1034208000,235.25,235.25,235.25,235.25
1034294400,235.25,235.25,235.25,235.25
1034553600,235.25,235.25,235.25,235.25
1034640000,235.25,235.25,235.25,235.25
1034726400,235.25,235.25,235.25,235.25
1034812800,235.25,235.25,235.25,235.25
1034899200,235.25,235.25,235.25,235.25
1035158400,235.25,235.25,235.25,235.25
1035244800,235.25,235.25,235.25,235.25
1035331200,235.25,235.25,235.25,235.25
1035417600,235.25,235.25,235.25,235.25
1035504000,235.25,235.25,235.25,235.25
1035766800,235.25,235.25,235.25,235.25
1035853200,235.25,235.25,235.25,235.25
1035939600,235.25,235.25,235.25,235.25
1036026000,235.25,235.25,235.25,235.25
1036112400,235.25,235.25,235.25,235.25
1036371600,235.25,235.25,235.25,235.25
1036458000,235.25,235.25,235.25,235.25
1036544400,235.25,235.25,235.25,235.25
1036630800,235.25,235.25,235.25,235.25
1036717200,235.25,235.25,235.25,235.25
1036976400,235.25,235.25,235.25,235.25
1037062800,235.25,235.25,235.25,235.25
1037149200,235.25,235.25,235.25,235.25
1037235600,235.25,235.25,235.25,235.25
1037322000,235.25,235.25,235.25,235.25
1037581200,235.25,235.25,235.25,235.25
1037667600,235.25,235.25,235.25,235.25
1037754000,235.25,235.25,235.25,235.25
1037840400,235.25,235.25,235.25,235.25
1037926800,235.25,235.25,235.25,235.25
1038186000,235.25,235.25,235.25,235.25
1038272400,235.25,235.25,235.25,235.25
1038358800,235.25,235.25,235.25,235.25
1038531600,244.25,245.25,241.5,241.5
1038790800,241.5,243.5,241.25,241.25
1038877200,241,241.75,238.75,238.75
1038963600,238.5,239.25,238.5,239.25
1039050000,239.25,239.75,236,236
1039136400,236,237.25,235.25,237.25
1039395600,236.75,237.75,236.5,236.75
1039482000,236.75,238.25,236.5,238.25
1039568400,238.25,240.5,238.25,240.5
1039654800,240.5,241,239.25,239.25
1039741200,239.25,240,239.25,240
1040000400,240,241,238.75,238.75
1040086800,238.75,239.5,238.25,238.25
1040173200,238.25,240,238.25,240
1040259600,242,243,242,242.5
1040346000,242.25,243,242,242
1040605200,241.75,245.25,241.75,245.25
1040691600,245.25,245.25,245.25,245.25
1040864400,245.75,245.75,245.75,245.75
1040950800,245.5,245.75,243,243
1041210000,242.5,242.75,239.75,239.75
1041296400,239.75,240,239.75,239.75
1041469200,239.75,240.75,239.25,240.75
1041555600,240.75,240.75,239.75,239.75
1041814800,239.5,241,239.5,239.75
1041901200,239.75,243.25,239.75,243.25
1041987600,243,247.75,243,247.75
1042074000,247.5,247.75,246.5,246.5
1042160400,246.25,246.5,238.25,238.25
1042419600,238.25,238.25,233.25,233.25
1042506000,233.5,235,233.5,233.75
1042592400,234.25,234.75,233.75,234
1042678800,234,234,233.25,233.25
1042765200,233.25,235,232.25,235
1043110800,234.25,236.5,233.75,236.5
1043197200,236.5,237.5,236.5,237.5
1043283600,237.5,238.5,237.5,238.5
1043370000,238.5,238.5,237.25,238.5
1043629200,238.5,240.5,238,238
1043715600,238,241,238,241
1043802000,240.75,241.5,238.25,238.25
1043888400,238.5,239.75,238.5,239.75
1043974800,239.75,240.25,239.25,240.25
1044234000,239.75,239.75,238.5,239.5
1044320400,239,240.25,238.75,240.25
1044406800,240,240.25,239,239
1044493200,238,241.5,238,241.5
1044579600,241,242.5,241,242.5
1044838800,242.5,245,242.5,244.5
1044925200,244,244.75,244,244.75
1045011600,245,246,242.75,242.75
1045098000,242.75,243.5,242.75,243
1045184400,243,243.5,242.75,243.5
1045530000,243,243,241.25,241.25
1045616400,240.5,241,238.25,238.25
1045702800,237.75,238,237.25,238
1045789200,238,239.25,234,234
1046048400,234.25,234.25,232.75,232.75
1046134800,232.75,233.75,232.75,233.75
1046221200,233.5,234.25,233.5,233.75
1046307600,233.75,234.5,232.25,232.25
1046394000,235,235.5,235,235.5
1046653200,235.5,236.75,235.5,236.75
1046739600,237,238.25,237,238.25
1046826000,238.5,239.25,238.5,239.25
1046912400,239,242.25,238,242.25
1046998800,241.75,242,241.5,241.5
1047258000,241.25,241.5,238.25,238.25
1047344400,238,238,237.25,237.25
1047430800,236.5,237,236.25,236.5
1047517200,236.5,237,236.5,236.75
1047603600,236.75,236.75,234.75,234.75
1047862800,234.75,235.5,231.25,231.25
1047949200,232,232,230.75,230.75
1048035600,230.75,232.25,230.75,232.25
1048122000,232.25,234.25,232,234.25
1048208400,234,234.5,232,232
1048467600,231.75,231.75,229,229
1048554000,229,229.75,228.5,228.5
1048640400,228.75,229.75,228.5,228.5
1048726800,228.5,229.5,228.5,229.25
1048813200,229.25,229.75,228,228
1049072400,228,237,228,237
1049158800,236.75,239.75,236.75,239.75
1049245200,239.75,240.5,238.75,240.5
1049331600,240.25,240.25,239.25,239.25
1049418000,239,239.75,238.75,239.75
1049673600,239.5,244.5,239.5,244.5
1049760000,244,244.5,243.5,244.5
1049846400,244,244.25,243.5,243.75
1049932800,243.5,244,240.25,240.25
1050019200,240,240.25,239.25,240.25
1050278400,240.25,241.25,239.75,239.75
1050364800,240,242.5,240,242.5
1050451200,242.75,243.25,239.75,239.75
1050537600,239.25,241.5,239,241.5
1050883200,241.5,241.5,239.25,239.25
1050969600,239,239.75,239,239
1051056000,239,239.5,238.75,238.75
1051142400,238.5,239.25,236.5,236.5
1051228800,236.25,236.5,234,234
1051488000,234,234.75,231.25,231.25
1051574400,231.5,232.25,231.25,231.25
1051660800,232.25,232.25,231.25,231.25
1051747200,231.25,231.25,231,231.25
1051833600,232,232.5,232,232.5
1052092800,233.5,237,233.5,237
1052179200,236,237,235.75,237
1052265600,240.75,240.75,240.75,240.75
1052352000,240.25,240.5,240,240.5
1052438400,240.75,247.5,240.5,247.5
1052697600,244.5,248.5,243.75,248.5
1052784000,248,248.75,247.25,248.75
1052870400,248,248.75,248,248.75
1052956800,247.25,252,247.25,252
1053043200,251,251.75,250.25,250.5
1053302400,249.25,249.25,244.5,244.5
1053388800,244.25,245,244,244.5
1053475200,244.25,245.75,243.75,243.75
1053561600,243.75,244.5,242.25,242.25
1053648000,242.25,242.5,241.75,242.25
1053993600,242,242,239.25,239.75
1054080000,240.75,241.25,239.25,239.25
1054166400,239.25,243.25,239.25,243.25
1054252800,243.25,243.5,242.25,243
1054512000,243.5,243.5,240.25,240.5
1054598400,239.75,239.75,238.25,238.25
1054684800,238.25,238.25,236.25,236.25
1054771200,236.25,236.5,234.25,234.25
1054857600,234.5,237.25,234.5,237.25
1055116800,236.25,236.25,234.5,235
1055203200,234.75,237.5,234.75,237.5
1055289600,237,242,237,242
1055376000,241.25,245,241.25,245
1055462400,243.5,244.25,239.5,239.5
1055721600,239,239,237.5,238
1055808000,237.25,238.75,236.5,238.75
1055894400,238.75,240.75,238.75,240.75
1055980800,240.25,242,240.25,241
1056067200,240.75,240.75,238,238.5
1056326400,237.25,237.75,235.5,235.5
1056412800,236,236.25,234.5,234.5
1056499200,234.25,235.5,234.25,234.75
1056585600,234,234,228,228
1056672000,228.5,229.75,228.5,229.75
1056931200,229.25,229.5,223.75,223.75
1057017600,223.75,225.5,223.5,225.5
1057104000,225.5,226,223.75,223.75
1057190400,223.75,225.25,222.25,222.25
1057536000,220.25,220.5,218,220
1057622400,220.75,224,220.5,224
1057708800,225,226,221.5,221.5
1057795200,222,222.25,217,217
1057881600,216.5,217,215.25,215.25
1058140800,215,216.25,214.5,214.75
1058227200,214.75,215.75,212.25,212.25
1058313600,212.25,213,211.75,211.75
1058400000,212,212.75,211.75,211.75
1058486400,211.75,212,211,211
1058745600,210.5,213.75,210.5,213.75
1058832000,213.5,214.75,213.25,213.5
1058918400,213.5,214.25,211.5,211.5
1059004800,211.5,212.25,211.25,211.5
1059091200,211.75,212.25,211,212.25
1059350400,213,215.25,213,215.25
1059436800,216,217.25,215.25,215.25
1059523200,215,215.25,213.75,213.75
1059609600,214,214.25,212,212
1059696000,212.25,214,212,214
1059955200,215,217.25,213.25,217.25
1060041600,217.5,219,217,217
1060128000,217,219,216.5,219
1060214400,219,220.25,218.5,220.25
1060300800,220,221.5,219.75,221.5
1060560000,220.75,221,218.25,218.25
1060646400,217.5,229.75,217.5,229.75
1060732800,229.25,229.75,228.5,229.5
1060819200,229,230.5,228.75,229.5
1060905600,229.5,230,229,229.5
1061164800,232.5,238.25,232,238.25
1061251200,237.5,237.5,232.5,232.5
1061337600,233,236.5,232.75,236.25
1061424000,236.25,238.25,232.5,232.5
1061510400,232.25,235.25,232,235.25
1061769600,235.75,236.5,233.5,235.5
1061856000,240,243.25,235.75,235.75
1061942400,235.75,237,235,237
1062028800,236.5,238.75,235.5,238.75
1062115200,244.5,247.75,244,247.75
1062460800,244.75,246.5,243.5,246.5
1062547200,247.25,250.25,247,250.25
1062633600,250,252,249.75,252
1062720000,251.5,252,248.75,248.75
1062979200,248,249.75,246.75,246.75
1063065600,246.75,249,246.75,249
1063152000,249,249.25,248,249.25
1063238400,249,249,240.5,240.5
1063324800,240.5,240.5,235.75,235.75
1063584000,235.5,235.75,235,235.25
1063670400,235.25,236.5,232,232
1063756800,231.75,232.75,231.5,231.5
1063843200,231.25,232.5,231.25,231.5
1063929600,231.5,233.75,231,233.75
1064188800,233.25,235.75,233.25,235
1064275200,234.75,234.75,231,231
1064361600,230.75,231.75,230,231.75
1064448000,231.75,233.75,231.75,233.75
1064534400,233.5,235,232.75,233.75
1064793600,233.25,235,233.25,233.75
1064880000,233.5,233.75,228.75,228.75
1064966400,228.75,228.75,228,228.5
1065052800,228.5,232,228.5,228.5
1065139200,228.25,231,227.75,231
1065398400,229.75,229.75,228.5,229.25
1065484800,229,231.5,229,231.5
1065571200,231.25,231.5,229.5,229.5
1065657600,229.25,230,229.25,229.25
1065744000,228.75,229,224.25,224.25
1066003200,224.25,224.75,223.5,224.75
1066089600,224.5,226,224.5,225.75
1066176000,225.25,225.5,223.75,223.75
1066262400,223.5,224.25,221.75,221.75
1066348800,222,222.75,221.25,221.25
1066608000,221,221.25,220.5,220.5
1066694400,220.25,222,220,222
1066780800,221,226.25,221,226.25
1066867200,226,240.75,226,240.75
1066953600,239,243.25,238,241
1067216400,240.75,246,240.5,241.75
1067302800,240.75,246.25,238.25,246.25
1067389200,246,252.5,245.75,252.5
1067475600,252.5,254.5,251.5,252.75
1067562000,252,252.75,250.75,252.5
1067821200,251.5,252.5,245.5,245.5
1067907600,244.75,245,237.75,237.75
1067994000,236.75,242,234,242
1068080400,242.25,244,240.25,240.25
1068166800,240,241.5,238.75,241.5
1068426000,240,241,239.75,239.75
1068512400,239,240.75,239,239.5
1068598800,239,246.75,239,246.75
1068685200,246.75,249.75,246.75,247
1068771600,246.5,248,246.5,246.5
1069030800,246,247.75,244.5,244.5
1069117200,243.75,245,241.75,241.75
1069203600,241.5,242,237.5,237.5
1069290000,237,241,236.75,241
1069376400,240.5,242.25,240.5,241
1069635600,240.5,241.5,238.75,239.5
1069722000,239.5,245,237.75,244.5
1069808400,245.5,248,245,247.25
1072832400,245.5,248.75,245.5,248.75
1073005200,249.25,256,248.75,256
1073264400,255,256.25,254.5,256.25
1073350800,256,257,254.75,254.75
1073437200,254.25,255,253.5,253.5
1073523600,253,255,252,255
1073610000,254.5,256,254.25,254.25
1073869200,254,267.75,253,267.75
1073955600,266.75,271.75,266.5,271.75
1074042000,270.75,272.5,269.75,272.5
1074128400,271.75,272.5,271.5,272.5
1074214800,272,276.75,270.25,276.75
1074560400,276.25,279.75,275,279.75
1074646800,279,282,278,282
1074733200,281.5,282.5,280,280
1074819600,279.25,281,277.5,281
1075078800,280.25,285.25,280.25,285.25
1075165200,284.75,285,280.75,280.75
1075251600,280,280,275.25,275.25
1075338000,274.25,275,274.25,274.25
1075424400,274.5,281.5,274.5,281.5
1075683600,280.75,280.75,276,276
1075770000,276,278,275.5,278
1075856400,278,278.5,275.25,275.25
1075942800,275,280.25,274.75,280.25
1076029200,279.5,284.5,279.5,284.5
1076288400,281,290.25,278.75,290.25
1076374800,290,290.5,286.75,286.75
1076461200,286,290.75,285,290.75
1076547600,290.5,292,287.75,287.75
1076634000,287.5,288.75,286.5,288.75
1076979600,288.5,291.5,288.5,290.5
1077066000,290,290.5,286.25,286.25
1077152400,286,291.25,286,291.25
1077238800,290.75,293.25,290.5,291
1077498000,291.75,294.5,291.75,294
1077584400,294,297.75,292.25,297.75
1077670800,297.25,301,297.25,298.5
1077757200,298,302,297.75,302
1077843600,304,305.75,303,305.75
1078102800,305.5,307.5,305.5,306
1078189200,306,307,299.25,299.25
1078275600,298.25,301.5,297.25,301.5
1078362000,301.5,304,300.75,300.75
1078448400,300.25,301.5,300.25,301
1078707600,300.75,301.5,296.25,296.25
1078794000,296,305.25,296,305.25
1078880400,305,306.5,302,302
1078966800,302.25,303.75,302.25,302.5
1079053200,302.5,304.75,302.25,304.75
1079312400,304.25,311.25,304.25,311.25
1079398800,310.5,311,309.5,309.5
1079485200,309.5,312,308,312
1079571600,311.75,316.25,311.75,316.25
1079658000,316,317,315,317
1079917200,317.5,323.5,317.5,323.5
1080003600,322.75,323,321,321.25
1080090000,320.5,323,315.25,315.25
1080176400,315,315.75,311.5,311.5
1080262800,311.5,313.25,309.75,309.75
1080522000,309,311,308.75,309.75
1080608400,310,317.25,309.75,317.25
1080694800,316.25,325.5,315.75,325.5
1080781200,325,332,324.75,332
1080867600,331.5,337,331,337
1081123200,337,341.5,336.25,336.25
1081209600,336,336,333.5,333.5
1081296000,333.5,338,333.5,337.5
1081382400,337.25,340.25,337.25,337.75
1081728000,337,338,329.5,329.5
1081814400,329,329.25,318.5,318.5
1081900800,317.25,324.25,317,324.25
1081987200,324.25,326.5,316.25,316.25
1082073600,314.5,321,313.25,321
1082332800,321,323.5,317.75,317.75
1082419200,317.5,318,315,315
1082505600,315,315.75,309,309
1082592000,309,311.25,308.5,309.75
1082678400,309.75,312.5,309.75,309.75
1082937600,309.25,309.25,307,307.25
1083024000,306.5,315.5,306.5,315.5
1083110400,315.25,317.75,314.25,314.25
1083196800,314.25,319.75,312.5,319.75
1083283200,315,318.75,315,318.75
1083542400,319.75,321,319.75,321
1083628800,319.5,321,318.5,321
1083715200,320,320,316.75,316.75
1083801600,316.5,316.5,306.75,306.75
1083888000,306,307.75,305.5,307.75
1084147200,307.75,307.75,294.75,294.75
1084233600,295.5,296.75,295.25,295.25
1084320000,296,298.5,293,293
1084406400,293,294.25,291.25,291.25
1084492800,292.75,292.75,287.25,287.25
1084752000,286.5,290.25,283.75,290.25
1084838400,291,292.25,286.25,286.25
1084924800,286,292.75,286,292.75
1085011200,293.5,293.75,285.5,285.5
1085097600,285.75,286.5,284.75,284.75
1085356800,285.5,291.75,285.5,291.75
1085443200,293.25,299.25,293.25,299.25
1085529600,299.25,300.25,296.25,296.25
1085616000,296,296.75,294.5,294.5
1085702400,294.5,299.75,293,299.75
1086048000,305,319.75,305,319.75
1086134400,321.25,322.5,318.5,319.75
1086220800,318.75,318.75,310.75,310.75
1086307200,310,312.75,309.5,309.5
1086566400,306,306,297.75,302.5
1086652800,301.5,303,299,299
1086739200,300,302.25,297.5,302.25
1086825600,302,302.25,289.75,289.75
1086912000,290,290,288,289.75
1087171200,291.5,292.25,288,292.25
1087257600,290.75,291,282.75,282.75
1087344000,282.75,285.5,282.75,285
1087430400,285,287,281.25,281.25
1087516800,281,281,278.25,278.25
1087776000,277.75,279,273.75,279
1087862400,279,279.75,272.5,272.5
1087948800,272,279.25,270,279.25
1088035200,280.25,282.5,277.75,277.75
1088121600,277.25,280.5,277.25,280.5
1088380800,279,279,275,275
1088467200,275,278.25,272.5,272.5
1088553600,277.5,278,267,267
1088640000,267.25,269.5,267,267.25
1088726400,266.5,267,263,263
1089072000,259.5,259.5,256.5,258.5
1089158400,258.75,260.25,258,258.5
1089244800,258.75,259.25,253.75,253.75
1089331200,253.5,254,252.25,252.25
1089590400,251,254.25,250.5,254.25
1089676800,254,254.5,251.75,251.75
1089763200,252,254,251.75,254
1089849600,254.25,254.5,250.25,250.25
1089936000,249.25,249.5,247.5,247.5
1090195200,246.25,247,245,245
1090281600,244.75,245.75,242,242
1090368000,241.75,242,234.5,234.5
1090454400,234,234.5,227.75,227.75
1090540800,228,232,227.75,232
1090800000,230,231.75,227.75,231.75
1090886400,231.5,231.5,229.5,230.75
1090972800,230.25,231.75,226.75,226.75
1091059200,226.75,228,226.75,227
1091145600,227.25,228.25,225.5,225.5
1091404800,225.5,228,225.5,227.75
1091491200,228.5,229,227.75,228.75
1091577600,229,231.25,228.75,231.25
1091664000,231.25,234.75,230.25,234.75
1091750400,235,236.75,234.5,236.75
1092009600,237.5,239.25,236.75,238
1092096000,237.5,237.5,234.5,235.75
1092182400,235.75,236.75,232,232
1092268800,232,233.25,229,229
1092355200,229.25,229.25,227.25,228.25
1092614400,227.25,233,225.5,233
1092700800,234.5,239.75,233.75,239.75
1092787200,239,239,236.25,236.25
1092873600,236,240.25,235.5,240.25
1092960000,240.25,241.75,239,241.75
1093219200,240.25,244.25,238.5,244.25
1093305600,244.25,244.25,242,242
1093392000,242,242.5,237,237
1093478400,237,237.75,234,234
1093564800,234,235.5,229,229
1093824000,228.75,235.25,228.25,235.25
1093910400,244,245.5,244,245.25
1093996800,245.5,251,244.75,251
1094083200,250.5,251.25,244.5,244.5
1094169600,244.25,244.25,239.25,239.25
1094515200,238.25,238.25,234,234.5
1094601600,234.75,235.5,234.75,235.5
1094688000,235,235.75,235,235.25
1094774400,235,235,231.25,231.25
1095033600,230.5,231,229.5,229.5
1095120000,229.5,229.5,227.25,227.25
1095206400,227,228.5,226.75,228.5
1095292800,228,229,226.25,226.25
1095379200,225.75,227,225.25,225.25
1095638400,225,225,222.75,222.75
1095724800,222.75,223.5,222.5,222.75
1095811200,222.25,223.25,220.5,220.5
1095897600,220.25,220.25,218.25,218.25
1095984000,218.25,218.5,216.25,216.25
1096243200,215.75,218.25,215.75,218.25
1096329600,217.75,219.5,216.75,219.5
1096416000,219,220.5,218,218
1096502400,217.5,217.75,216.25,216.25
1096588800,216,217,215.75,217
1096848000,216.5,216.5,213.75,213.75
1096934400,213.75,215,213.5,215
1097020800,214.75,218,213.75,218
1097107200,217.5,218.75,217,217
1097193600,216.5,216.75,215.25,215.25
1097452800,215,215.25,214.5,215.25
1097539200,215,215,213.25,213.25
1097625600,213.25,215.75,212.75,215.75
1097712000,215.5,217,214.5,214.5
1097798400,213.75,216.75,213,216.75
1098057600,216,216,214.5,214.5
1098144000,214,217,213.75,217
1098230400,216.25,217.75,216.25,216.5
1098316800,216.25,217.5,215,215
1098403200,214.5,214.5,212.25,212.25
1098662400,212,215.5,211.75,215.5
1098748800,215,217.25,215,217.25
1098835200,217,217.25,216.75,217.25
1098921600,217,218.25,216.75,217.25
1099008000,216.75,218,213,213
1099270800,212.5,213,211,211
1099357200,211,211.75,211,211.25
1099443600,211.25,211.25,210.5,210.5
1099530000,210.5,210.5,209.5,209.5
1099616400,209.25,211.75,208.75,211.75
1099875600,210.5,211.25,209.5,210.25
1099962000,210,210.25,209.75,210.25
1100048400,210,210.5,209.75,210.25
1100134800,210,210.25,209,209.25
1100221200,208.75,211.25,208,211.25
1100480400,210.25,214,210.25,214
1100566800,213.75,214.5,213.25,214.5
1100653200,214.5,217.5,214,217.5
1100739600,217,217,215,215
1100826000,214.5,215,210.25,210.25
1101085200,210.5,211.75,208.25,208.25
1101171600,208,208.75,208,208.25
1101258000,208.5,209.25,208,208.25
1101430800,208.5,209.75,207,207
1101690000,207,207.25,204.75,204.75
1101776400,212,212.25,211.25,211.25
1101862800,211.5,212.25,211,211
1101949200,211,211.75,210.75,211.75
1102035600,211.75,215,211.75,215
1102294800,215,216.5,215,216.5
1102381200,216.5,216.75,210.75,210.75
1102467600,210.75,211.5,210.5,211.5
1102554000,211,212,210.5,210.5
1102640400,210.25,210.25,209,209
1102899600,208.75,212.5,208.75,212.5
1102986000,212,213.75,211.75,213.75
1103072400,213.5,214.5,212.5,212.5
1103158800,212,212.5,211.25,211.25
1103245200,211,211.75,210.25,211.75
1103504400,212,214,212,213.75
1103590800,213.5,213.5,213,213
1103677200,212.75,213,212.25,213
1103763600,212.75,214.75,212.75,214.75
1104109200,214.5,215.5,214.5,215
1104195600,215,215,213.5,214.75
1104282000,211.75,214.25,211.25,211.25
1104368400,211,213,211,213
1104454800,213,213,213,213
1104714000,211.5,211.5,209.75,209.75
1104800400,209.5,209.5,208.25,208.75
1104886800,208.75,209.25,208.25,209.25
1104973200,209.25,216,209.25,216
1105059600,214.75,216.25,214.75,214.75
1105318800,214,214.75,212.5,214.75
1105405200,214.5,215,214,214.5
1105491600,214,214,208.25,208.25
1105578000,208.25,208.75,207.5,207.5
1105664400,207.5,207.75,204.75,204.75
1106010000,205,205,202.75,203.5
1106096400,203.5,204,203.5,204
1106182800,204,204.75,203.5,204.75
1106269200,204.5,205.25,204.25,204.25
1106528400,204.25,205.5,204.25,205.25
1106614800,205,206.75,204.5,206.75
1106701200,206.75,207.25,206.25,206.25
1106787600,205.75,205.75,203.25,203.25
1106874000,203.25,204.25,203.25,203.25
1107133200,203,204.5,202.75,204.5
1107219600,204.75,205,204.5,204.75
1107306000,204.25,204.5,203.25,203.25
1107392400,202.75,203.25,202.75,203
1107478800,203,203.25,203,203
1107738000,202.75,204.5,202.75,204.5
1107824400,203.75,204.5,202.75,202.75
1107910800,202.25,203,201.75,203
1107997200,203,206,202.75,206
1108083600,205.25,206,205.25,206
1108342800,206,208.5,206,208.5
1108429200,208,208.25,207.5,207.5
1108515600,207.25,207.5,204.25,204.25
1108602000,204.25,207,204.25,207
1108688400,206.75,207.75,206,207.75
1109034000,208.5,215.25,208.5,215.25
1109120400,213.75,213.75,212.25,213.75
1109206800,213.5,214,213,213.5
1109293200,213.25,221.5,212.75,221.5
1109552400,227,232,226.5,229.75
1109638800,227.75,227.75,225.75,226.75
1109725200,225.75,230,225.75,226.25
1109811600,224.5,225,223.75,225
1109898000,224.75,225.5,223.75,224.25
1110157200,224.25,224.5,220.25,220.25
1110243600,220,221.25,219.25,221.25
1110330000,221,223.25,221,223.25
1110416400,222.5,227,222.25,227
1110502800,226.5,231.5,226.5,231.5
1110762000,229,231,228,228
1110848400,227.75,235.25,227.75,235.25
1110934800,234.5,236.5,233,233
1111021200,232,233.5,228.25,231.25
1111107600,232,233,227.5,227.5
1111366800,226.5,227.25,222.5,222.5
1111453200,222.25,223,222,222
1111539600,221.75,221.75,218.25,218.75
1111626000,218.5,218.75,217.25,218.5
1111971600,218.25,220.5,217.25,220.5
1112058000,220,221,219.5,221
1112144400,220.5,222,220.25,220.25
1112230800,220,221,218.5,221
1112317200,221.5,222,220.75,221
1112572800,219.5,221,218,218
1112659200,218,218,213.75,213.75
1112745600,214,215.5,213.75,215.5
1112832000,215,216.25,214,214
1112918400,214.25,214.75,212.5,212.5
1113177600,213,214,212.5,214
1113264000,214,216,214,215.25
1113350400,214.75,214.75,214,214.25
1113436800,214.25,215.75,214,215.75
1113523200,215.5,216.5,214.25,214.25
1113782400,213.75,214.5,212.5,212.5
1113868800,212.75,217.75,212.5,217.75
1113955200,217.5,219,217.25,219
1114041600,218.75,219.75,217.75,219.5
1114128000,219,219.5,217.5,217.5
1114387200,218.25,223,218.25,222.25
1114473600,221.5,222.25,221,221.75
1114560000,222,222.5,217,217
1114646400,217,219,213,213
1114732800,221,221.5,221,221.5
1114992000,220.75,220.75,217,217
1115078400,217.25,217.25,213,213
1115164800,213.25,214.5,213,214.25
1115251200,215,216.25,215,216.25
1115337600,216.5,217,214.75,216.25
1115596800,216,218.25,215.75,215.75
1115683200,215.75,216.5,215.75,216.25
1115769600,216.5,216.75,214.75,214.75
1115856000,214.25,214.5,212.25,212.25
1115942400,211.75,212.5,211.75,211.75
1116201600,212,215,212,215
1116288000,215.25,215.5,214.75,215.5
1116374400,215.5,219,215.25,219
1116460800,218.5,220.5,217.75,217.75
1116547200,217.25,221.25,217,221.25
1116806400,221.5,232.25,221.5,232.25
1116892800,230,231.25,229,229
1116979200,228.75,231,228.75,230.75
1117065600,230,233,229,233
1117152000,232.5,234.75,229.5,229.5
1117497600,233,236,230.75,230.75
1117584000,229.25,233.25,228.75,233.25
1117670400,232,232.25,225.75,225.75
1117756800,225.5,227.25,224.5,227.25
1118016000,229,233,229,229.75
1118102400,228.5,231.5,227.75,229.75
1118188800,229.25,229.25,225.5,225.5
1118275200,222.75,225,221.5,225
1118361600,224.75,225.5,220.25,220.25
1118620800,221,224.75,221,224.75
1118707200,223.75,228.25,221.75,228.25
1118793600,228.5,233.75,227.75,233.75
1118880000,233.25,236,233,234.75
1118966400,234.25,238.5,234,238.5
1119225600,239.5,245.25,239.5,245.25
1119312000,244,244.75,240.5,242
1119398400,242.25,247,238.75,238.75
1119484800,238.5,240.25,235.75,235.75
1119571200,235.5,242,235,242
1119830400,243,243.25,231.25,231.25
1119916800,231.5,232,227,227.75
1120003200,227.75,230.75,226,226
1120089600,236.5,237,231.75,231.75
1120176000,233,235.75,233,235.75
1120521600,238.5,251,237.25,251
1120608000,252.25,254,249.5,251
1120694400,251,253,239,253
1120780800,251.75,251.75,246.25,246.25
1121040000,240,246.75,238,246.75
1121126400,249,249,245.5,247
1121212800,246.5,256.25,244.5,256.25
1121299200,256,261.75,253.75,261.75
1121385600,260.25,268,259,268
1121644800,270.5,273,261,270
1121731200,268.5,269.75,259,259
1121817600,258,259,251.5,252.25
1121904000,252,254,244.75,244.75
1121990400,244.75,248.75,244.75,244.75
1122249600,245.25,245.75,240.75,241.25
1122336000,242.25,246,241.5,245.25
1122422400,243.75,247.75,242.75,247.75
1122508800,248.5,252.5,248.5,252.5
1122595200,253,254.5,248.25,248.25
1122854400,250,251.5,244.25,244.25
1122940800,246.25,247.75,245.5,245.5
1123027200,245.5,245.5,240,240
1123113600,238.5,239.5,237,237.5
1123200000,237.5,239.25,234.5,234.5
1123459200,237.5,240,235.75,235.75
1123545600,236,236.25,232.5,232.75
1123632000,233,236.5,232.5,236.5
1123718400,236.5,238.25,236.25,238.25
1123804800,238,238,231,231
1124064000,230,230.5,223.25,223.25
1124150400,223.5,224.25,222.25,222.25
1124236800,222.5,226.5,221.75,226.5
1124323200,226.5,228,224.75,224.75
1124409600,224.75,224.75,223.5,223.5
1124668800,223.75,226,223.5,226
1124755200,227,229.25,224,224
1124841600,224,224,222.25,222.25
1124928000,222,222.5,219.75,219.75
1125014400,219.75,220.25,217.75,217.75
1125273600,218,222.5,217.75,219.5
1125360000,218.5,219,218,218.5
1125446400,228.5,229.25,227.25,227.25
1125532800,227.5,233.5,227.5,233.5
1125619200,232.5,233.75,228.5,228.5
1125964800,228.25,232,227.25,232
1126051200,231.5,232,229,229
1126137600,228.5,229,227.25,227.25
1126224000,227.25,228.25,227.25,227.25
1126483200,226.75,227,223.5,223.5
1126569600,223,223.5,222,222
1126656000,221.75,222,220.25,220.25
1126742400,220,220,219,219
1126828800,218.5,219.25,218.5,218.75
1127088000,218,219,218,219
1127174400,219,219.5,219,219.25
1127260800,219,219.5,218.75,219.25
1127347200,219,220.5,218.5,220.5
1127433600,220.25,221.25,219.5,219.5
1127692800,219,219.5,217.25,217.25
1127779200,217,217.25,216,216
1127865600,216,216.5,215.75,216
1127952000,216,216.75,216,216.5
1128038400,216,217.75,215.75,217.75
1128297600,217.75,221.5,217.75,221.5
1128384000,220.75,220.75,218.5,218.5
1128470400,218,220.25,217.75,217.75
1128556800,217.75,219.75,217,217
1128643200,217,217.75,215.5,215.5
1128902400,215.25,215.5,214.75,214.75
1128988800,214.75,217,214.75,215.5
1129075200,215,218.25,214.5,218.25
1129161600,217.25,218,216.25,216.25
1129248000,215.75,216.25,215.25,216.25
1129507200,216,216.5,215.25,216.5
1129593600,216,216.75,214.75,214.75
1129680000,214.5,214.75,214.25,214.5
1129766400,214.5,215.5,214,215.5
1129852800,215,215.25,214.25,214.5
1130112000,214,214.25,212.75,212.75
1130198400,212.75,212.75,212,212.75
1130284800,212.5,212.75,211.75,211.75
1130371200,211.5,212,211.25,211.25
1130457600,211,211.5,210.5,210.5
1130720400,210.25,210.5,210.25,210.25
1130806800,210,210.75,210,210.75
1130893200,210,210.25,209.5,210
1130979600,209.75,210.75,209.75,210.5
1131066000,210,211,209.75,209.75
1131325200,209.5,209.75,209.25,209.5
1131411600,209.25,210,208.75,210
1131498000,209.25,210,209,209.5
1131584400,209.25,209.75,208,208
1131670800,208,209.75,207.75,209.75
1131930000,210,211.75,209.75,210.75
1132016400,210.5,211.5,210,210
1132102800,209.75,210.75,206.75,206.75
1132189200,206.75,206.75,206,206.5
1132275600,206,206,205.25,205.25
1132534800,205,206,205,205.25
1132621200,205,206.5,205,205.25
1132707600,205,205.25,204.25,204.25
1132794000,204.25,204.25,204.25,204.25
1132880400,204.75,204.75,202.75,202.75
1133139600,202.75,203,201.5,201.75
1133226000,201.75,202,200.5,200.5
1133312400,209.5,210.25,209,210
1133398800,210.5,212.25,210.5,212.25
1133485200,212,213,211.75,211.75
1133744400,211.5,215.5,211.25,215.5
1133830800,215,215.75,213,213
1133917200,213,213,209.5,209.5
1134003600,209.5,211,209.5,210.75
1134090000,210.5,212.5,210.5,212.5
1134349200,212.5,216.75,212.5,216.75
1134435600,215.5,217.75,215.5,217.75
1134522000,217.5,218.25,216.25,216.25
1134608400,215.25,215.25,214,214
1134694800,214,216.25,214,216.25
1134954000,216.25,218,216.25,217.75
1135040400,217,218.75,217,218.75
1135126800,218.5,219,217.75,219
1135213200,218.5,221.5,218.5,221.5
1135299600,221,222.75,221,222.75
1135645200,222,224.25,222,224.25
1135731600,224,225,223.75,225
1135818000,224.75,225,220,220
1135904400,219.5,225,219.25,225
1136250000,224.5,228.5,224.25,228.5
1136336400,227.5,228.5,227,227
1136422800,227,227,224.75,224.75
1136509200,224.25,225.75,223.5,223.5
1136768400,223,223,220.5,220.5
1136854800,220.75,222.5,220.75,222.5
1136941200,222.25,224,222.25,224
1137027600,223.25,223.25,222,222.25
1137114000,222,223,221.5,223
1137459600,222.5,223,218.25,218.25
1137546000,218,218.25,215.5,215.5
1137632400,215.75,216.25,214.75,214.75
1137718800,215,215.5,215,215
1137978000,215,218.25,215,218.25
1138064400,218,223.25,218,223.25
1138150800,222.25,226,222.25,226
1138237200,225.25,226.75,224.25,226.75
1138323600,226,228.5,226,228.5
1138582800,227.75,231.75,227.75,227.75
1138669200,227,229,226.5,229
1138755600,228.25,228.5,226.5,226.5
1138842000,226,230.25,225.5,230.25
1138928400,230,235,230,235
1139187600,235,237.25,233,233
1139274000,232,234.75,228.5,228.5
1139360400,228,232,226.25,232
1139446800,232,236.25,232,236.25
1139533200,235.75,236.75,231.75,231.75
1139792400,232,233.75,230.25,231.25
1139878800,231.25,231.5,229,229
1139965200,228.75,232.25,228,232.25
1140051600,232,234.25,231.5,234.25
1140138000,234,237.25,233.5,237.25
1140483600,236.25,237.5,235.5,237
1140570000,236.75,238,232.5,232.5
1140656400,232.5,233.75,232,233.75
1140742800,233.75,238.75,233.75,238.75
1141002000,239,239.75,236.5,239
1141088400,248.5,248.5,247.25,248.25
1141174800,246.75,247.75,244.5,244.5
1141261200,244.5,249.25,243.75,249.25
1141347600,248.5,249.25,247.75,249.25
1141606800,248.25,248.25,243,243
1141693200,243.25,243.25,240.75,240.75
1141779600,241,241.25,238.25,238.25
1141866000,238.25,242.25,238,242.25
1141952400,242.5,245,240.75,245
1142211600,244,244,239.25,239.25
1142298000,239.25,241.75,238.25,241.75
1142384400,242,242.25,239.5,239.5
1142470800,239,239.75,235,235
1142557200,235,235.5,232.25,232.25
1142816400,232.25,232.5,228.75,228.75
1142902800,229,234.5,228.5,234.5
1142989200,233.5,235.5,233.5,233.5
1143075600,233.5,233.5,230.25,230.25
1143162000,230,231,229.75,229.75
1143421200,229.25,232.5,229.25,232.5
1143507600,232.25,233.75,232,233.25
1143594000,233,235.5,233,235.5
1143680400,235,238.75,234.75,238.75
1143766800,238,247.25,238,247.25
1144022400,246.5,247.75,245.25,247.75
1144108800,247.25,247.25,245.5,245.5
1144195200,245,247.5,244.75,247.5
1144281600,247,252.75,247,252.75
1144368000,252.25,254.5,251.5,254.5
1144627200,254.5,255.25,252.75,252.75
1144713600,251.75,253.75,251.25,253.75
1144800000,253.5,253.75,248.75,248.75
1144886400,248,248.75,246.5,248.5
1145232000,249.5,252.5,248.25,248.25
1145318400,247.75,250.75,247.5,250.75
1145404800,250.5,253.75,250,250
1145491200,249.25,250.5,247.5,247.5
1145577600,246.5,248,246,248
1145836800,247.5,251.5,244.25,244.25
1145923200,243.75,244.25,242.25,242.25
1146009600,242,243.25,242,243.25
1146096000,243.25,243.75,241.25,242.75
1146182400,252.75,259.75,252.75,259.75
1146441600,256.5,260.75,256.5,258.75
1146528000,258,258,254.25,254.25
1146614400,254,256.25,253,253
1146700800,252.75,253,250,250
1146787200,250,251.75,249.75,251.5
1147046400,251,252,248,248
1147132800,248,251.75,248,249.25
1147219200,249,251.75,249,251.25
1147305600,251,258,250.5,258
1147392000,257.25,268.5,257,268.5
1147651200,268.5,272,267.75,270.5
1147737600,270.25,270.75,267.25,270
1147824000,269.5,274,269.5,274
1147910400,273.75,275,271.25,271.25
1147996800,270,270.5,264,264
1148256000,265.5,265.75,259,265.5
1148342400,265,266.5,264,264
1148428800,263,263,261,261
1148515200,260.5,264.25,258.5,264.25
1148601600,264,268.5,264,265
1148947200,264.5,268.5,263.75,265.75
1149033600,265,266.5,261.5,262.5
1149120000,262,266.25,259.75,266.25
1149206400,266,271,263.5,271
1149465600,267,269,264.75,264.75
1149552000,263,264.25,259.5,259.5
1149638400,259,262.75,257,262.75
1149724800,262.5,263.25,257.5,257.5
1149811200,257.25,258.5,253.75,253.75
1150070400,257.75,261.75,257.75,259.5
1150156800,259,259.25,255,255
1150243200,255,256.75,249,249
1150329600,249.75,250.25,244.5,244.5
1150416000,245,248.5,245,247
1150675200,246.25,246.75,241,241
1150761600,241.75,242.25,239.25,241.25
1150848000,241.25,244.25,241,244.25
1150934400,244,245.5,241.75,241.75
1151020800,241.75,242.5,239.75,239.75
1151280000,238.5,238.5,234.5,234.5
1151366400,234,236.5,232.5,236.5
1151452800,236.5,237,234.25,237
1151539200,237,239.75,236.75,239.75
1151625600,255.5,260.25,255,260.25
1151884800,264,268.5,263.25,268.5
1152057600,272,272.75,264.5,264.5
1152144000,264.5,270.25,264,270.25
1152230400,270.25,272.25,263.25,265.75
1152489600,269.25,272.5,267.5,272.5
1152576000,274.5,280,274,279.25
1152662400,279,284,277.75,284
1152748800,282.25,282.25,276,276
1152835200,272.5,276.75,271.75,276.75
1153094400,275.75,275.75,268,268
1153180800,268.25,270,262.5,262.5
1153267200,262.5,263.5,259,261.75
1153353600,261,265,259.25,259.25
1153440000,258.75,260,253.5,253.5
1153699200,253,255.25,251.25,255.25
1153785600,257.25,259.75,256,256
1153872000,257,259,252.75,252.75
1153958400,252.75,254.25,252.25,254.25
1154044800,254.75,255.75,253.5,253.5
1154304000,256,256.75,254.5,256
1154390400,256.75,259,254,257.75
1154476800,258,265.5,257.75,264.25
1154563200,263,264.25,260.75,262
1154649600,262,266,261,262.25
1154908800,260,260.25,256,257
1154995200,256,257,251.75,253
1155081600,253,257.5,252.5,256.75
1155168000,257,257.5,255.5,255.75
1155254400,256,256.75,241.25,241.75
1155513600,241.5,241.75,234.25,238.25
1155600000,238.75,240,233.5,238.5
1155686400,238.5,242,237.5,238
1155772800,238,240.25,234,235.5
1155859200,235.5,237,233.5,235.75
1156118400,235.5,237.75,235,237.5
1156204800,237.25,238.25,235,236
1156291200,235.75,241.75,235,240
1156377600,240.25,244.75,240,244.25
1156464000,243.75,244.75,239.75,241.75
1156723200,241,244,240.5,241
1156809600,241,241.75,238.5,238.75
1156896000,238.75,245.25,238,244.75
1156982400,259.5,263,258,262.75
1157068800,262.5,262.75,260.25,260.5
1157414400,260,264.5,258.5,259
1157500800,259,261.5,255.25,255.5
1157587200,255.25,260.75,252.75,259.75
1157673600,259.5,262.5,258.75,260
1157932800,260,261,254,257.25
1158019200,257,257,251.75,252.5
1158105600,252.75,255,251,252.25
1158192000,252.25,254.75,251.25,251.25
1158278400,251.25,256.75,250.25,255.5
1158537600,255.5,262.25,255.5,261.5
1158624000,261,263,258.25,260.25
1158710400,260,263,259.25,262.25
1158796800,262.25,270.5,261.75,270
1158883200,268,270.75,268,268.5
1159142400,267.75,269.25,266.25,268.25
1159228800,268,273.5,268,272.75
1159315200,272.5,274.75,267.75,267.75
1159401600,267.75,277.75,267.5,277.5
1159488000,277,280.5,274,275.25
1159747200,276.25,282.25,276.25,280.75
1159833600,280.25,280.25,275.5,278
1159920000,277.5,289.25,275.5,287.5
1160006400,286,288,280.5,283.25
1160092800,283,286.25,281.25,284
1160352000,283.25,302.5,282.25,302.5
1160438400,300.75,302.5,287,288
1160524800,287.75,298.75,287.5,294
1160611200,293,313.75,289.5,308.25
1160697600,308.25,326.5,308,324
1160956800,323,327.5,319.25,326.5
1161043200,326,334,325.5,329.25
1161129600,328.75,329.25,322.75,325.25
1161216000,324.75,331.25,324,327
1161302400,327,330,323.5,324.75
1161561600,323.5,332.5,319.25,330.25
1161648000,330,337.75,328,335.75
1161734400,335.5,345.25,335.5,339.25
1161820800,337.75,340,334,339.5
1161907200,339,346.25,339,344.5
1162170000,342.75,345.5,340,343
1162256400,342.5,343,334,334.75
1162342800,334.5,348.25,334.5,347
1162429200,348,367,348,359.25
1162515600,357.75,361.75,354,357
1162774800,356.75,361,353.25,358.5
1162861200,358.5,367.5,355.75,366.75
1162947600,366,381.75,366,373.5
1163034000,373,377,364.75,366
1163120400,365,365.75,358,359.5
1163379600,357.75,368,356.25,358.5
1163466000,357.5,375.5,356.75,371.5
1163552400,371.25,380,368,372.5
1163638800,370.75,379,364.25,366
1163725200,365.5,370.5,360.25,370.5
1163984400,372,386,371.25,375
1164070800,375,378,372,377.25
1164157200,377.25,382,373.25,378.25
1164243600,378.25,378.25,378.25,378.25
1164330000,378.25,386.75,378,386
1164589200,386.75,393.5,383.25,388.25
1164675600,388,389.75,380.5,384.75
1164762000,384.25,388,377,385.25
1164848400,390,396.5,381,393.75
1164934800,394,396,389,391.25
1165194000,387.25,387.75,378.5,381
1165280400,380.5,384.5,376.5,383.75
1165366800,383.25,383.25,370.75,371.5
1165453200,370.25,379.5,367.75,378
1165539600,378,380.75,374.5,374.5
1165798800,374.5,380.25,369.75,376.5
1165885200,377,382.25,377,379.75
1165971600,379,379.75,373.25,376
1166058000,376,382,373.75,379.5
1166144400,379,380,374.75,377
1166403600,377,377,370,373.75
1166490000,373.25,380.75,372.25,380.75
1166576400,380,383.75,378.25,381.25
1166662800,381,386.25,381,385.5
1166749200,385.5,391.75,385.5,391.5
1167094800,391.5,396.5,391.5,395.25
1167181200,395,396.25,391.5,394.75
1167267600,394.25,400,393.5,396.25
1167354000,396,398.75,395.5,398.5
1167786000,396.5,396.5,379.25,380
1167872400,379.5,382,370.5,371.75
1167958800,371.5,378,368.5,377.75
1168218000,377.5,379.25,371,373.25
1168304400,371.25,372.25,363.75,364.5
1168390800,364,373,362.5,370.25
1168477200,370.5,390,370.5,387.5
1168563600,386,407.5,383.5,407.5
1168909200,427,427.5,413.5,413.75
1168995600,413,430.75,413,419
1169082000,422,429,416,422
1169168400,421.25,424.25,416,418
1169427600,416.5,420,410,416
1169514000,415.5,421.5,415.5,420.25
1169600400,420,422.5,408.75,412.5
1169686800,413,420,410.25,418
1169773200,419,419.75,413.5,417.5
1170032400,417,419.5,407.5,411.5
1170118800,411.5,417.25,408,416.25
1170205200,417,421,414.75,415.75
1170291600,415.5,420,408.25,409.75
1170378000,410.5,417.5,406.5,414.75
1170637200,415.25,418.75,409.75,414.5
1170723600,414,415,408.25,408.75
1170810000,408.25,411.5,403.5,404.5
1170896400,404.75,413,404.75,411.75
1170982800,411.5,421.25,409,418
1171242000,417,421,414.75,416
1171328400,415.75,423.5,415,423.25
1171414800,423.75,425.75,417.5,420.75
1171501200,420.25,424.75,417.25,420
1171587600,420,430.25,418.25,429.5
1171933200,429,432.5,426.5,428.25
1172019600,428,441.25,426,439
1172106000,438.5,448.5,438,447.5
1172192400,446.25,447.5,441,442.5
1172451600,443.5,450.25,438,438.5
1172538000,438,438.75,418.75,424.25
1172624400,433,445.25,431.25,444.25
1172710800,445.25,448.5,425.75,436.25
1172797200,436.75,438.75,427.5,429.75
1173056400,429,436.25,421.5,435
1173142800,435.75,439,430,430.75
1173229200,430,436.75,428,432.75
1173315600,433.75,438.25,430.25,430.75
1173402000,431.5,433,426.25,427.5
1173657600,427.5,429,417.75,419.75
1173744000,420,422.75,412.5,417.75
1173830400,417,417.25,407,415.25
1173916800,415.5,419.25,408.5,409
1174003200,408.25,416.5,403.75,410.75
1174262400,411.5,415.25,405,410
1174348800,410,417.5,407,417
1174435200,417,423,415.5,421.25
1174521600,421.25,422,417.5,421
1174608000,421.5,424,414.5,415.25
1174867200,413,414.5,397,403.5
1174953600,403.5,405.5,399.75,403.75
1175040000,404.25,407.25,395.75,400.25
1175126400,400,409,396.5,405.5
1175212800,405,408.75,385.5,385.5
1175472000,368,373.25,365.5,366.5
1175558400,367,371,355,358.25
1175644800,359,375.25,358.75,371.5
1175731200,371.5,379,369,378
1176076800,387,397,372.75,376.25
1176163200,376.25,386,369.5,381.25
1176249600,380,384.75,371,372.75
1176336000,370.75,373.25,361,371.5
1176422400,373,381.75,367,381.5
1176681600,378,380.75,372.5,376
1176768000,381,381.75,364.25,365.25
1176854400,365.75,378.25,363,375.25
1176940800,375.5,384.5,372.25,382.25
1177027200,381.75,387,369.75,372
1177286400,369,370,360.75,364
1177372800,367.5,372.75,363,371.25
1177459200,372.5,391.25,372,381.75
1177545600,383.25,389,369,375.25
1177632000,375,376.5,367.25,373.75
1177891200,366,368,359.25,365.5
1177977600,370.5,378.25,365,377.25
1178064000,377.25,383.25,375,380.75
1178150400,380,394.25,379.75,387
1178236800,388,391,385.5,389.5
1178496000,396.25,399,379.5,380.75
1178582400,377,377,364.75,365.5
1178668800,364,369,364,366.5
1178755200,368.5,371.5,357,357.5
1178841600,357,374,355,373.25
1179100800,373.25,376.5,368,368.5
1179187200,365.5,379.25,360.5,376.5
1179273600,374.25,380.5,372.75,377.5
1179360000,377,378.25,369.75,371.5
1179446400,374,376,367.5,369
1179705600,369,382.5,365.5,381.25
1179792000,375,380,369.25,371.25
1179878400,371,376,369,371.5
1179964800,372.5,378.75,372,376.75
1180051200,375,380.25,371.5,377.25
1180396800,373,375,365.5,367.75
1180483200,367,386.5,366.25,384.75
1180569600,382,395,381.5,391.5
1180656000,391,396,386,389.25
1180915200,390.75,391.75,386.5,388.25
1181001600,388.5,394,382.25,385.75
1181088000,385.25,389.5,378,381.5
1181174400,381.75,393.75,379,393.5
1181260800,393,396.25,384.5,390.25
1181520000,401,408,397.5,405
1181606400,401,405.75,396,402.5
1181692800,402,414.25,398,412.5
1181779200,412,420.75,409.75,417.5
1181865600,416.25,430,415.25,426
1182124800,429,436,421.5,424
1182211200,424,425.5,404,404
1182297600,400,410,396.5,404.25
1182384000,408.5,412,392.25,394.75
1182470400,395.5,397.75,375,376.75
1182729600,376,377.25,366.75,367
1182816000,367.5,374,366.25,367
1182902400,366.25,369.25,351,353.75
1182988800,355.5,356.5,348.5,350
1183075200,358.25,366.5,343.75,350.75
1183334400,350.75,358.5,344.5,350
1183420800,351,351.25,336,338
1183507200,338,338,338,338
1183593600,343.5,346.5,339.5,342.5
1183680000,342.25,352.75,341.5,352
1183939200,353.75,355,342.75,350.25
1184025600,349,359.25,345,357
1184112000,357.5,359.5,353.5,355.5
1184198400,355.75,365.75,349.75,365.25
1184284800,363.75,371,360.5,368.5
1184544000,362.25,362.25,348.5,348.5
1184630400,345,348.5,331.75,336.75
1184716800,337.75,343.25,335.75,342.5
1184803200,342.5,344.75,331.5,336.25
1184889600,337.5,342.75,330.5,333.5
1185148800,332,332,324.5,325.5
1185235200,328.25,332.5,325.5,326.75
1185321600,327,331.75,326.5,327.25
1185408000,328,340.5,327,333
1185494400,333.75,337.75,330.5,336.5
1185753600,338.25,340.5,329,340
1185840000,341,342.75,337.75,342.25
1185926400,343,344.25,333,336
1186012800,342,344.5,339,341.25
1186099200,341.25,346.75,338.5,343
1186358400,338.75,344,333,343
1186444800,342,352.5,340.25,352
1186531200,351.75,359.5,349.75,358
1186617600,356,358.75,347.5,348.75
1186704000,347.5,353.75,341.25,350.5
1186963200,355.5,357.75,347.75,349
1187049600,349,352.5,341.5,345
1187136000,345.25,351,341.5,345.25
1187222400,343.5,343.75,326.5,339
1187308800,338,346.25,334,345.75
1187568000,344.25,349.5,341,348.75
1187654400,347,357.5,346.75,355
1187740800,354,365,354,364.25
1187827200,363.75,370,360.75,362
1187913600,361.75,363,358,358.75
1188172800,355,355,341,353
1188259200,350.5,355,343,344.75
1188345600,343.75,346.75,339,340.25
1188432000,339.75,348,332.5,339.75
1188518400,355.5,362,354,356
1188864000,356.75,373.5,356.75,369.25
1188950400,368.25,374.25,361.25,361.75
1189036800,363,364,354,355.75
1189123200,355.75,365.25,352.25,364
1189382400,363.5,370,359.25,363
1189468800,362.75,363.5,355.25,357.75
1189555200,357.25,375,355.25,373
1189641600,372.25,375,360.5,363.75
1189728000,363,371,362,366
1189987200,365,371,364.5,369
1190073600,368,371,361.25,369
1190160000,368.5,375,364,374.75
1190246400,372.5,391,372.5,385.25
1190332800,385,392.75,384,392
1190592000,390,395.75,386.25,389
1190678400,388,390.5,386.25,387.25
1190764800,386.5,391.5,384,390.75
1190851200,390.75,404.75,390,402.25
1190937600,402,403,386.25,389.25
1191196800,389,393,384.5,385.5
1191283200,384.25,385.25,365.5,365.5
1191369600,364,368.25,359,361
1191456000,362,366.25,357.5,359
1191542400,358.5,360.25,356,359
1191801600,358.25,359,352,356.25
1191888000,356,365,354.75,359.5
1191974400,359.5,365,359.5,364.25
1192060800,364,366,358,360.75
1192147200,359.75,374.5,357.5,367.75
1192406400,367,378.75,367,378.25
1192492800,377.5,378.5,371.5,377.25
1192579200,376.75,377.5,372.25,374.5
1192665600,373.75,383.75,373.5,383.5
1192752000,382.75,387,380.25,386
1193011200,384.25,384.5,375.5,381
1193097600,381,385,376.25,377.75
1193184000,376.75,379,372.5,373.5
1193270400,373,384,373,383
1193356800,382.5,391,381.75,388.75
1193616000,388.25,396,387.75,393
1193702400,392.5,392.5,385.75,387.5
1193788800,387,396.75,385,392.75
1193875200,392.25,396.25,383.5,386
1193961600,385.75,397.5,385.75,394.5
1194224400,392.5,394.75,389,392.5
1194310800,392,404.75,391.5,403
1194397200,402,409.75,399.25,401.25
1194483600,400.75,407,399.5,406.25
1194570000,405.25,406,397.25,404
1194829200,402.75,402.75,394.5,396
1194915600,395,399,391,392
1195002000,391,401.75,390.75,400
1195088400,399.25,400.5,391.25,391.75
1195174800,391.75,398.25,391,396.5
1195434000,395.75,401.75,393.25,394.5
1195520400,394,403,391,398.25
1195606800,398,400,394.25,398.75
1195779600,398,406.75,398,405.75
1196038800,405.75,411,399.25,403.25
1196125200,402.25,403.5,398.5,400.75
1196211600,400.5,405,397,404.5
1196298000,404,407.25,399.5,400.75
1196384400,411.25,415.5,406,413
1196643600,412,420.25,410.5,414
1196730000,413.75,424.5,413.75,421.75
1196816400,420.75,423.75,419,422.25
1196902800,421,423.5,419,422.5
1196989200,422.25,428,421.75,427.75
1197248400,426.75,430,425,428
1197334800,427,435.5,426.25,434.5
1197421200,431.75,444.25,430,444.25
1197507600,442.5,449.75,439.5,446
1197594000,444.75,450.5,444,449.25
1197853200,448.25,453.75,442.75,449.75
1197939600,449,449.25,442,442.75
1198026000,441.75,447.5,441.25,445.25
1198112400,444.75,448.75,442.5,448
1198198800,447.5,458.25,447.25,453.75
1198458000,451.75,455.25,451,454.75
1198630800,459,465.75,457.5,462.75
1198717200,462,466,461.5,466
1198803600,464.25,468.25,463,463.25
1199062800,462.5,467.75,459,466.75
1199235600,466.75,480.5,466.75,473.5
1199322000,473.25,479.5,472,476.75
1199408400,476,480,470.25,478
1199667600,476.75,480,473.5,477.5
1199754000,477,491.25,476.75,490
1199840400,489,493.25,487,489
1199926800,488.75,489.75,482.75,486.25
1200013200,486,506.25,485.5,506.25
1200272400,514.75,526.25,514.75,524.25
1200358800,521.75,531,517,521.5
1200445200,520,521.5,508.5,514.75
1200531600,514,525.75,512.5,514.75
1200618000,513.5,514.75,507,510.5
1200963600,504,510.25,490.5,501.25
1201050000,499.75,505.5,481.25,481.25
1201136400,482.25,501.25,482.25,501.25
1201222800,502.25,516,502.25,510.75
1201482000,508.5,515.5,502.25,514.25
1201568400,514.5,519,508.75,512.75
1201654800,512.75,513.75,506,510.25
1201741200,510,517,504,513.25
1201827600,514,521.5,511.25,513.25
1202086800,513.25,523,512.75,522.75
1202173200,522,524,517.25,521.75
1202259600,521.25,541,512.5,514.25
1202346000,513,516.75,503.5,512.25
1202432400,513.5,529.5,513.5,521
1202691600,520.75,524.5,503.25,516.75
1202778000,515.75,518.75,507.25,511
1202864400,509,511,505,509.75
1202950800,509,524.75,509,522.75
1203037200,522.75,529,522,527
1203382800,526.75,536.75,526.25,532.5
1203469200,532.5,536.5,526,536
1203555600,535.5,541.5,529.25,537.5
1203642000,537,538,531.75,535
1203901200,535,555,534,547
1203987600,546.5,552.75,527,544
1204074000,543.25,546,531.25,538
1204160400,537.5,557.25,533.75,556.25
1204246800,565,571,563.75,568.5
1204506000,568,585.5,567.25,578.25
1204592400,577.75,583.75,558.25,566.75
1204678800,567,586.5,563,579
1204765200,580.5,586,569.5,579
1204851600,577.25,578.75,559,559
1205107200,552.75,579,539,578.25
1205193600,578,593,570.25,584.5
1205280000,582,584.75,573,579.5
1205366400,579,591.5,575.25,581.5
1205452800,580.5,587.25,561.5,571.25
1205712000,571.75,579.25,551.25,551.25
1205798400,546,562,540.5,559.25
1205884800,559.25,561,539.25,539.25
1205971200,537,538.25,519.25,519.25
1206316800,521.5,537.5,515,537
1206403200,537.75,557,536.75,557
1206489600,560,573.25,554.25,565
1206576000,562,570,558.75,567.25
1206662400,566,575,560,573.75
1206921600,572.25,600.75,569.75,582
1207008000,582,600.75,574.5,598
1207094400,596.75,612.25,595,609.25
1207180800,608.75,615.75,603.5,613.5
1207267200,612.5,614.75,608.75,611.25
1207526400,609,614,600.25,603.25
1207612800,601.5,607,599.5,604.25
1207699200,604.5,628.75,604.5,618
1207785600,617.75,625,606,607.5
1207872000,607.5,611,596,597.5
1208131200,600.5,608,592.5,604.75
1208217600,605.75,622.75,605.75,619.5
1208304000,619,622.5,613.25,617
1208390400,617,623,611.75,617
1208476800,616.75,619.5,603.75,613
1208736000,610.75,610.75,583,593.75
1208822400,597,615,590.75,607.75
1208908800,607.5,610.5,599.5,601.5
1208995200,601.5,604.5,585.5,589.5
1209081600,589,606.5,579.25,590.75
1209340800,599.5,614.5,590.5,613.5
1209427200,620,624,600.25,604.5
1209513600,614.75,625,613.5,621.75
1209600000,622,628.5,613.5,626.75
1209686400,626.5,633,621,623.25
1209945600,624.75,628,594,604.5
1210032000,607,631.5,606,616
1210118400,616,627.5,616,622.75
1210204800,623,642.5,622,639.75
1210291200,638.5,648,634.5,641
1210550400,640,642.25,626.25,626.75
1210636800,626.75,626.75,607,619.5
1210723200,619.5,619.75,607.25,608.25
1210809600,608.25,612,597.75,611.25
1210896000,611,620.25,600.25,603.5
1211155200,598.5,605.75,594.5,599.25
1211241600,600.25,615.5,599,602.25
1211328000,601.75,621.25,601.75,619.75
1211414400,619,623.5,608,608.5
1211500800,607.5,614.5,606,612.75
1211846400,614,619.75,605.5,611
1211932800,606.25,609.25,598,605.5
1212019200,605.25,607.75,586,595.25
1212105600,594.5,616,590,612.5
1212364800,610.75,631,609,629
1212451200,623.25,631.5,615,621.25
1212537600,621,628.25,616,627.75
1212624000,628,656.25,628,656
1212710400,655.5,676,654.5,663.75
1212969600,672,685.25,662,670.5
1213056000,670,687,668.5,686.75
1213142400,686.75,716.75,686.75,716.75
1213228800,728.25,738.5,710,722.75
1213315200,724.5,751.5,715,745.75
1213574400,749.5,772.25,738.5,746.75
1213660800,743.75,758,739.5,756.5
1213747200,758,768,746.75,760.25
1213833600,760.25,767.5,731.75,741.75
1213920000,741,752,731.75,735.5
1214179200,730,740.75,718.25,738.75
1214265600,742.75,743.5,723.75,727
1214352000,725.25,745.25,722.75,744.5
1214438400,748.5,774.5,744.75,768.25
1214524800,767.5,779,760.25,767.75
1214784000,785.75,793,757,757
1214870400,752,755.5,735.75,752
1214956800,752.75,782,747.5,780.5
1215043200,780,783,762,777
1215388800,765,765,747,747
1215475200,731,732.25,702,722.5
1215561600,722.75,725.75,704.75,712.75
1215648000,713.25,715,701,704.25
1215734400,705.25,715,694.75,709.25
1215993600,695.25,696.5,680,682.25
1216080000,680,691,661.5,666.75
1216166400,666,679,657,677.25
1216252800,677.25,682.25,648,650
1216339200,649.25,656.25,627.25,628.5
1216598400,625.75,629,602.75,608.25
1216684800,608.5,613,590,592.25
1216771200,593,608,562.75,590.5
1216857600,590.25,603.25,580.5,592
1216944000,592.25,604.5,588,596.5
1217203200,604.25,610,594,601.25
1217289600,601.5,616.25,589.75,613.5
1217376000,617.75,624.75,606.25,621.25
1217462400,622,623.25,605,607.5
1217548800,609,609.75,581.5,585
1217808000,580,584.5,555,555.5
1217894400,553.25,567.25,536.25,545
1217980800,544,549.5,522.25,527.75
1218067200,529,544.5,523.25,542
1218153600,544,546,513.75,518.25
1218412800,521,524.25,512,517
1218499200,518.25,535.25,504.5,528.5
1218585600,531,558.5,528.75,558.5
1218672000,567.75,579,549,577.25
1218758400,576.25,576.25,547.25,549.5
1219017600,555,579,555,572.75
1219104000,570.75,593.25,561,584.5
1219190400,584,597.75,583.75,595
1219276800,595.5,625,594,617.5
1219363200,616.75,617,601.5,606.5
1219622400,615.5,628.75,598.25,600
1219708800,600.5,603,588,594
1219795200,595,604.5,585.75,596
1219881600,596.5,597.5,581.25,587.75
1219968000,606.25,618.5,599.75,604
1220313600,593.25,595,574,588
1220400000,590.5,595.75,568.75,581
1220486400,580.75,590.75,574.5,583.25
1220572800,582,582,561,567.25
1220832000,577.5,580,562.5,567.75
1220918400,564.25,568.25,550,563.5
1221004800,560.75,566,554.25,555.75
1221091200,555.5,559.5,550,552.25
1221177600,552.5,582.25,551,582
1221436800,590.5,598,564.75,580.25
1221523200,580,583,550.25,550.25
1221609600,550.25,576.25,543.5,570
1221696000,568.75,576,540.25,543.25
1221782400,547.75,565,544,559
1222041600,559.25,581,552.75,576.25
1222128000,575.75,579.5,568,578
1222214400,578.5,591.75,572.75,580.5
1222300800,580,583,572.75,576
1222387200,575.5,576,557.25,561
1222646400,560,560,531,531
1222732800,525.75,542.75,504.75,506.5
1222819200,512.5,519,502,503
1222905600,504,506.5,473,473
1222992000,473,487,472,472.5
1223251200,464.5,466.5,442.5,442.5
1223337600,436,446.5,430,433.5
1223424000,434.5,449,423.5,444
1223510400,442.5,459.75,442,455.75
1223596800,450,450,425.75,425.75
1223856000,420.75,440.25,415.75,429.5
1223942400,437,446,428.5,429
1224028800,429.25,433.25,402.25,405.5
1224115200,403,408.75,388.25,401.5
1224201600,409.25,427,404.5,420.5
1224460800,420.5,437.5,420.5,436.25
1224547200,438.75,445.5,424.75,427.75
1224633600,428.25,431,397.75,400.75
1224720000,401.25,417,395,406.25
1224806400,411,423,388.25,388.75
1225065600,394.25,403.5,380,402.25
1225152000,403,426.5,403,408.25
1225238400,417.75,438.25,414,438.25
1225324800,439,450,420,427.5
1225411200,426.75,428.5,413,419.25
1225674000,415.75,435.25,412,420.75
1225760400,419.25,439.5,415.75,430.75
1225846800,430.5,434,408,408
1225933200,408.5,409.25,392.25,395.5
1226019600,396.5,405,392.75,393.5
1226278800,399.75,407.75,390.5,401.5
1226365200,401,401.5,378,391.75
1226451600,388.5,416.75,380.5,386.25
1226538000,383.5,395.25,379.5,393.5
1226624400,400,402.25,387,397
1226883600,392.25,406.5,392.25,403
1226970000,401.25,403.5,395,396.5
1227056400,395.75,401.5,391.5,395.25
1227142800,390,391.25,376.5,380
1227229200,375,378.75,352.25,354.25
1227488400,359,377.75,354.75,371
1227574800,371,373.5,363.5,370.5
1227661200,370.5,375,367,371
1227834000,382,386.75,374,377.25
1228093200,377.5,378.25,356.25,360
1228179600,358,365,356.75,359.5
1228266000,359.5,365.25,356.5,359.25
1228352400,360,360,344.5,345
1228438800,344.5,344.5,315.75,319.25
1228698000,322,345,322,340.5
1228784400,340.5,347,334.5,338.5
1228870800,337.5,355.25,337.5,352.75
1228957200,352,368.5,349.25,362.5
1229043600,360,390.5,348,384.75
1229302800,385.5,403.5,384.75,386.5
1229389200,384.5,410,382,405.25
1229475600,409,414,392.75,400.5
1229562000,399,405,391,400.25
1229648400,396,396,385.75,391
1229907600,390.5,396.25,386.75,392
1229994000,391,405.25,388.5,405
1230080400,403.5,408.25,402,408
1230253200,409.25,424.5,405,422.5
1230512400,422.75,433.5,400.5,404
1230598800,402.75,411,396.5,406.5
1230685200,405.75,418.25,400,417.75
1230858000,413.5,425.75,410,422.75
1231117200,422.5,426,412.25,421.5
1231203600,420.75,439.5,419.25,438
1231290000,435,437.25,423.5,427.25
1231376400,425,428.5,416.5,417.25
1231462800,417.5,428.75,417.5,421.25
1231722000,421,426.25,391.25,391.25
1231808400,384,389.75,372.75,373.25
1231894800,375,380.5,369.75,377.5
1231981200,377.5,380.25,371,376.25
1232067600,376,403.25,376,401.75
1232413200,398.75,418,387.5,394.75
1232499600,394,402.5,389,401
1232586000,401,405.5,389.75,398.5
1232672400,396.75,412,391.25,401.5
1232931600,404,413,394.5,404.75
1233018000,403.75,407,387.75,388.5
1233104400,389,396.75,383.75,395.5
1233190800,395.25,395.25,389.25,393
1233277200,392.5,396.25,389,390.25
1233536400,390,390,374,381.75
1233622800,381.5,383.25,367,372.75
1233709200,371.75,379.5,366.25,368.75
1233795600,368.5,382.25,367,381.5
1233882000,381,391,380,387.5
1234141200,385.5,393,383,388
1234227600,385,390,378.25,387
1234314000,384.5,386.25,378,378.5
1234400400,378.25,387.25,375.5,376
1234486800,377,380.5,372.75,373.25
1234832400,373,375,355.75,359
1234918800,358,361.25,355.25,358
1235005200,357.5,364.75,357,362
1235091600,362,363.25,350.5,359
1235350800,359,368.5,358,360.75
1235437200,359.5,363.25,354,363
1235523600,363,377.75,359.25,372.25
1235610000,371.25,380.5,365.75,370.5
1235696400,379,379,366.5,368.5
1235955600,367.5,371.75,354,359.5
1236042000,358.5,363,356.5,359.75
1236128400,358.25,374.5,356.5,372.75
1236214800,372.75,374,365.25,367.75
1236301200,367.5,375.5,367.5,371
1236556800,373,379.5,372.75,375.25
1236643200,374.25,393.5,374,385.5
1236729600,384.25,390.75,372,374.5
1236816000,374,396.75,372.75,395.5
1236902400,393,399.75,392.75,398.25
1237161600,394.5,407.25,391.25,401.75
1237248000,399.5,405,398.25,400.75
1237334400,400,401.5,395,398.5
1237420800,405.5,413,404,407
1237507200,405.5,408.5,404,407
1237766400,406,414,398,406
1237852800,406,408.5,402.25,404.25
1237939200,403.75,404.5,395,396.25
1238025600,396,402.5,396,401.25
1238112000,400.5,401,395.5,397.5
1238371200,397.5,399.75,387.5,396.75
1238457600,396,416,391.5,414.75
1238544000,411.5,412,402.75,406.25
1238630400,405.75,417.5,404.5,412.75
1238716800,411,415,407.75,414.75
1238976000,414,417.25,410,415.75
1239062400,414,415,405.75,406.5
1239148800,406,412.5,400,406.75
1239235200,406.25,414.75,399,399.75
1239580800,400,400.25,392.5,397.25
1239667200,397,408.5,394.75,403.5
1239753600,402.75,404,393.25,394
1239840000,394.5,398.5,390,395.25
1239926400,395.25,397.25,385.25,385.75
1240185600,383.25,385.5,370,378.75
1240272000,379.5,387.75,377.75,383
1240358400,383.5,387.25,378.75,382.5
1240444800,382,390.75,378.25,390
1240531200,389.5,395,383,385.75
1240790400,383.5,384,370,380.75
1240876800,378.75,386,376.75,383.5
1240963200,384,402.5,383.5,401.25
1241049600,409,417.25,405.25,412.5
1241136000,410.5,424.25,410.5,422.5
1241395200,416.75,422.5,409.5,414.5
1241481600,414.5,418.75,405.75,414.25
1241568000,414,417.75,411.75,416
1241654400,415.75,428.25,415,420.5
1241740800,419.75,429.75,419.5,429.5
1242000000,428,430,422,429.5
1242086400,429,439.5,428.75,436.25
1242172800,436.25,443.25,430.5,435.5
1242259200,434.25,438.25,429,437.5
1242345600,436.25,440,425.5,426.75
1242604800,420,435.25,415.75,430.75
1242691200,430,438.25,430,435.25
1242777600,434.75,444,432.75,435.5
1242864000,434.75,438.25,426.75,433.75
1242950400,433.5,444,433.5,440.25
1243296000,436,443.25,432,437.75
1243382400,438,442.5,434.75,436.25
1243468800,435.25,444.75,432.75,439
1243555200,438.5,446.75,437.75,446.25
1243814400,444,455.75,444,455.75
1243900800,452.25,460,450.75,459.75
1243987200,458.75,460,440.25,442.5
1244073600,442.75,458.5,440,458.25
1244160000,456.5,458,450,454
1244419200,453.25,456.5,443,444.75
1244505600,445,455,444,453.25
1244592000,452.25,458.5,443.75,444.75
1244678400,445.25,456.5,445,450
1244764800,449,451.75,429.75,434.5
1245024000,433.25,433.5,414,414.75
1245110400,415,419.75,411.5,412.75
1245196800,413,417,406.25,416.25
1245283200,416,417,410,411.75
1245369600,411.25,415.5,406.25,407.25
1245628800,407.75,407.75,388.25,393.5
1245715200,394.25,398,389,397.25
1245801600,396,399.5,389.5,395
1245888000,395,396.5,388.75,390
1245974400,389.75,394,387.25,391.75
1246233600,403.5,404,395.5,397.25
1246320000,397.5,401,367.25,367.25
1246406400,364.75,373.75,361.75,369.25
1246492800,369.25,369.75,356.75,357.5
1246838400,352.75,353.25,343.5,344.25
1246924800,346,350.5,335,335.75
1247011200,337,340.75,330.75,334.25
1247097600,335,341.25,334.75,340
1247184000,342,345,328,338
1247443200,337,339.75,329.5,339.5
1247529600,340.5,346,339.5,345.5
1247616000,345.75,349.25,335.75,337.5
1247702400,338.5,339.25,324.5,325.25
1247788800,326,332,324.75,331.5
1248048000,331.5,335,328.5,333.75
1248134400,333.25,335,320.5,322
1248220800,321.75,323.5,314.75,319.25
1248307200,323.5,339.75,323.5,338.75
1248393600,338.5,340,325.25,327.25
1248652800,329,334.5,323.25,333.75
1248739200,333.75,338.25,329.75,329.75
1248825600,330,330.75,322.75,328
1248912000,328.5,345,328.25,342.25
1248998400,341.75,350,339,349.5
1249257600,353,376,348,369
1249344000,366.75,372,363,365.75
1249430400,364.75,370,349,357
1249516800,356.25,357.5,339,340.25
1249603200,340,340.25,326,326.5
1249862400,323,337,321.25,330.5
1249948800,330,335.5,328.25,331
1250035200,330.25,339,321.5,336.25
1250121600,335.75,345,331,332
1250208000,332.75,335.5,325.5,327.75
1250467200,325,325.75,311.5,321.75
1250553600,320.25,325.5,318,322.5
1250640000,323.5,329,317.5,327.5
1250726400,327.5,328.75,322.75,324
1250812800,324,334,321.75,326.25
1251072000,326.5,335.5,324.25,335.5
1251158400,330,337.5,322.5,326.75
1251244800,326.5,330,323.75,326.25
1251331200,326.5,330.75,320.75,329.25
1251417600,343,346,338,342.75
1251676800,341.75,345.25,333.75,342.5
1251763200,341,342,329.5,332.5
1251849600,332,332.5,328.75,332.5
1251936000,332,334.5,324.75,329
1252022400,328.25,329,319.5,319.75
1252368000,319,324,315.5,321
1252454400,321,325.25,318.25,323.25
1252540800,323,332.5,322,328.75
1252627200,327.75,333.5,322.25,333
1252886400,331.5,333,328.5,331.25
1252972800,330.25,361.25,329.75,359.75
1253059200,357.5,361,337.25,349.5
1253145600,348.5,354.5,336.25,342.25
1253232000,340.75,342.25,330.5,331.5
1253491200,329.5,330.75,323.5,329.25
1253577600,329.25,339.5,328.75,339
1253664000,338.5,350,332.5,343.25
1253750400,340.25,351,335.75,349.75
1253836800,348,353.5,341.25,346.75
1254096000,346.75,353,341.25,351.25
1254182400,350,359.5,349.25,354
1254268800,353.25,357,348.5,356.75
1254355200,354.25,358.5,350,353.25
1254441600,351.75,353.25,344.5,346.5
1254700800,345.5,362,340.75,354.25
1254787200,354.5,382.25,354.5,370.5
1254873600,369.75,376,366.25,372.25
1254960000,371,382,371,376.25
1255046400,375,385.25,370.75,374.5
1255305600,376.5,395,376.5,393
1255392000,390.5,398,386.5,393.25
1255478400,392.25,400,389.25,395
1255564800,393.5,394.75,380.5,385
1255651200,384.25,389.5,381,383.75
1255910400,383.5,399.5,381.5,398
1255996800,397.5,401.25,391.5,396.75
1256083200,396.25,415,393.25,410
1256169600,408.75,416,405.5,414.75
1256256000,414.25,424.5,408.25,409.25
1256515200,409,414,388.25,390
1256601600,390,392.5,381.5,383
1256688000,383.5,387,376,381.5
1256774400,381,394.5,379.5,392.5
1256860800,392.5,396.25,376.25,379.25
1257123600,375,397,372.5,395.75
1257210000,393.5,409.75,388.75,403.5
1257296400,401.75,412,396.5,397.5
1257382800,397,400.5,389.5,390.25
1257469200,389.75,392.5,380,381
1257728400,379.75,402.5,379,400.25
1257814800,398,411.5,393.5,409
1257901200,407,418,406.5,409.25
1257987600,407.25,413,397.5,405.75
1258074000,405,409.75,400.5,405.75
1258333200,406.25,418,405,417.5
1258419600,416,419.5,412.25,417.5
1258506000,416.75,425,413,413.75
1258592400,413.75,416,405.5,410.75
1258678800,410.5,414.75,406,407
1258938000,407,419,401,403.25
1259024400,401.75,403.25,390.25,392
1259110800,393,409.75,393,408
1259283600,402.75,415,395,413.5
1259542800,422,430,417.5,427.25
1259629200,425,431,422,424.5
1259715600,423,423.75,414.75,416.75
1259802000,416.75,422.75,411,411.25
1259888400,410.75,413,398.5,399
1260147600,399.25,403.75,393.5,394.75
1260234000,394.75,401.5,393.5,396
1260320400,396.5,399.5,390,394.5
1260406800,394.5,406.75,391.75,404
1260493200,404,417,401.5,415.5
1260752400,414.5,420.75,410.5,419.25
1260838800,418.25,420.25,415.75,418.25
1260925200,417,424.25,414,421
1261011600,420,420.25,403.75,407.75
1261098000,407.75,411.25,401.75,408.5
1261357200,408,417,406.75,410.75
1261443600,410,412.25,404.25,409.25
1261530000,408.75,415.5,408.25,415.25
1261616400,413.5,419.25,413.5,418.75
1261962000,419,429,419,426
1262048400,425,427.75,423.25,427
1262134800,425.25,426.25,410,423.5
1262221200,422.5,428,422,424.25
1262566800,424.75,436,423.5,428.75
1262653200,427.75,429.75,425.5,429
1262739600,428,432.25,426,432
1262826000,431,434,425,428
1262912400,428,434,425.5,433.25
1263171600,431.75,435,428.25,433
1263258000,429,429.25,403,403
1263344400,395,395.75,379,395
1263430800,394.25,394.25,387.25,391.75
1263517200,389.5,390.5,380.25,382.5
1263862800,382.75,386,378,380.25
1263949200,380,381.5,373.25,378.75
1264035600,379.75,382.75,375,382.75
1264122000,383,383.25,374.5,375.5
1264381200,377,380,376.25,378.75
1264467600,378.75,379.75,371.25,373.25
1264554000,373,374.25,369,369.25
1264640400,369.25,373.75,368.5,372.75
1264726800,373,374.25,366.25,367.75
1264986000,367,371.75,366.5,370.25
1265072400,370,378.25,370,376.25
1265158800,376,379.5,364,364.5
1265245200,366.75,370.25,360.25,365.25
1265331600,365.25,369.75,359,363
1265590800,365.25,373.25,365.25,367.5
1265677200,367,375,366.25,370.25
1265763600,370.25,376.75,366.75,373.25
1265850000,373.25,376.25,370.75,375
1265936400,375,375.75,369,373.25
1266282000,373.75,380.5,373.75,379
1266368400,378.5,379.5,371.25,371.75
1266454800,372,375.5,367,369
1266541200,367,372,365,371.75
1266800400,371.5,387.75,371.25,382.75
1266886800,381.25,384,378.25,378.75
1266973200,378.75,386.75,378.5,386.25
1267059600,385.75,386,380,383.25
1267146000,393,401.75,393,399.75
1267405200,399.5,402.25,391,392.5
1267491600,392.5,395,386.75,392.25
1267578000,391.75,400,391.75,397.75
1267664400,397.5,397.5,391,394
1267750800,393.75,398.75,385.75,386.5
1268010000,387.75,389.25,383.5,386
1268096400,385.75,386,379.25,380
1268182800,380,381.5,373.5,376.5
1268269200,377,378.75,372.5,376.25
1268355600,377.5,378.25,373,375.5
1268611200,376.5,377.25,373.25,374.25
1268697600,374.75,380,374.5,377.75
1268784000,378.25,385.75,376,385.25
1268870400,384,387.5,380,387
1268956800,386.25,387.25,382.5,385.5
1269216000,384.75,387,381.5,381.75
1269302400,381.75,383.25,373.5,373.75
1269388800,374,377.5,370.25,376
1269475200,376,377.5,365,366.25
1269561600,366.5,369,366.25,367.5
1269820800,367,371,366,368.25
1269907200,367.75,370,363.25,366
1269993600,365,365.75,355.75,356.5
1270080000,357,360,355,356
1270425600,356,358.75,355,357.5
1270512000,357.25,361.25,356,358
1270598400,358.5,370,355.25,367.75
1270684800,366,366.75,357.25,359.5
1270771200,359.5,363.25,355.25,357.25
1271030400,357.75,362.75,357,359.5
1271116800,359,364,356.25,363.25
1271203200,362.75,373.75,362,368.5
1271289600,367.75,374,366.5,373.75
1271376000,372.75,374.75,368.75,374
1271635200,372.75,372.75,357,357.25
1271721600,359.5,366.25,358.25,365.25
1271808000,364.75,373,364.75,369
1271894400,368.25,372.5,365.25,371.5
1271980800,370,371.5,360,361
1272240000,360.75,367,359,359.5
1272326400,359,360.5,351.5,353.75
1272412800,354.75,367.75,354,364
1272499200,363.75,377.75,363.5,369
1272585600,375.5,384,374.5,383.5
1272844800,382.5,386.5,377.5,380.25
1272931200,379.25,380.5,371.5,377.75
1273017600,378,380.75,370.75,380.75
1273104000,380,386.25,375.25,377.75
1273190400,375.5,381.25,373.5,378.5
1273449600,378.25,384,376.5,377.75
1273536000,377.25,384.25,372.75,384
1273622400,383.5,391,380.75,384.25
1273708800,383.5,386.75,378.75,379.75
1273795200,379.5,381,369.25,370.25
1274054400,371.5,372.25,363.5,364
1274140800,366,371,365.5,368.25
1274227200,368.25,371.5,362,368
1274313600,368.5,370.75,362.75,369.5
1274400000,369.25,380.25,366.75,376.75
1274659200,376,381,376,380
1274745600,378,379,371,373.25
1274832000,375.5,381.25,375.25,381
1274918400,378.25,383.25,378,383.25
1275004800,381.75,382.75,368,369
1275350400,368.75,371,363,364
1275436800,364,367.75,357.75,358.75
1275523200,359,361.25,354.5,359.5
1275609600,359.75,360.5,349,349.25
1275868800,349.75,350,344.5,345
1275955200,345,348.5,344,346
1276041600,346,349.75,345,347
1276128000,346.75,356.5,344.75,352.5
1276214400,352.5,359,352.25,359
1276473600,358.25,363.25,357.75,363
1276560000,361.25,364,359.75,363
1276646400,363,370,362.25,365.75
1276732800,365.5,369,363.5,367
1276819200,366.5,373.5,364,370
1277078400,372,376.5,360.25,364.25
1277164800,364,365.75,357.5,361
1277251200,361,361.25,354.75,355.5
1277337600,355.5,357.5,351,353.75
1277424000,353.5,355,348.5,349.5
1277683200,348.25,348.5,340.75,342.25
1277769600,352.75,353.5,343.25,344
1277856000,344,374,343.75,373.5
1277942400,373,386.5,370.5,384.5
1278028800,382.75,386.75,381.25,384.5
1278374400,381.5,391.5,379,379.25
1278460800,379,390,378.5,389.25
1278547200,388.75,397.5,387.75,396.25
1278633600,394,398,392.25,395.25
1278892800,394.25,397.5,390.25,391.75
1278979200,389,395,386,387
1279065600,386,397,386,396.25
1279152000,395.5,410,395,405.25
1279238400,404,408.5,400.25,407.25
1279497600,397.75,403.5,389.25,394
1279584000,392,393,386.25,387.5
1279670400,387.5,395,386.5,393.5
1279756800,392.75,400.75,388,390.25
1279843200,388.75,393.5,383.25,384.5
1280102400,382.25,385.5,376,378
1280188800,377.5,383,376,377
1280275200,377.25,394,376.5,390.75
1280361600,390.25,399.5,390,393.75
1280448000,393,407,393,406.75
1280707200,405.5,418,403.25,404.5
1280793600,404,408.75,399.25,404
1280880000,403,416.5,401.75,415
1280966400,413.5,438.75,410,418
1281052800,415.25,423,407,420
1281312000,418,425.75,416,418
1281398400,417.5,418,408,409
1281484800,408.75,415.75,405.75,411
1281571200,410,429.5,410,421.75
1281657600,421.75,429,421.75,427.25
1281916800,425,433,421,422.75
1282003200,422.25,431.5,421.5,430
1282089600,429,434.25,423.5,433.25
1282176000,432,437.5,426,429.25
1282262400,429,437.25,424,436.25
1282521600,435.5,437.5,430.25,432.75
1282608000,431.5,431.5,415.25,420.5
1282694400,420,424,415.5,420
1282780800,420.5,435,420.5,432
1282867200,432,440.75,432,436
1283126400,451.25,458.25,451.25,454.5
1283212800,453.25,458,445.25,452.25
1283299200,451.5,460,451,459.75
1283385600,459.5,460.75,456.25,460.75
1283472000,459.75,479,459,477.75
1283817600,477,481.5,470,479.75
1283904000,478.5,481.75,475.25,476
1283990400,475.75,485,473.25,484
1284076800,483,492.5,480.25,491.25
1284336000,490,499,489.25,496.75
1284422400,496.5,508.75,493.5,508.25
1284508800,506.75,511.5,505,508.5
1284595200,508,510.25,502.75,508.75
1284681600,509,529,509,525.75
1284940800,525,535.5,520.5,521.25
1285027200,520.25,530,516.25,518
1285113600,517.25,524.75,513,518.25
1285200000,519.25,519.5,508.25,512.25
1285286400,511.75,536.25,509.75,534.25
1285545600,534,541,523.5,525.25
1285632000,524.5,526.25,512,512.5
1285718400,512.25,518,490,517.25
1285804800,517.25,520,491,508.25
1285891200,507.5,507.5,478.25,478.25
1286150400,472.75,485.25,466,483
1286236800,483,504,476.5,501.75
1286323200,501.5,506,498,499.25
1286409600,499,511.5,498,507.5
1286496000,506.75,537.5,504.25,537.5
1286755200,582.25,582.5,563.75,565
1286841600,564.25,594,563.5,588.75
1286928000,587.75,597.75,576.5,580.25
1287014400,579.25,590.75,577,578.5
1287100800,579,586,572,575
1287360000,572.75,574.75,565,569.25
1287446400,569,574,554,558
1287532800,558,588,555.75,585.5
1287619200,584.75,591.25,573.5,575.75
1287705600,575.5,582.75,571.25,572.25
1287964800,573.25,587.5,572.25,581.5
1288051200,580,590,574.5,584
1288137600,584,592,573.5,590.25
1288224000,589,598,588.5,592
1288310400,591.25,596,584,595
1288569600,598,603.5,589.5,590.5
1288656000,590.5,596,585.5,589.25
1288742400,589.25,595.75,582,594.5
1288828800,594.5,609.25,594,603.75
1288915200,603.75,605.5,597,601.75
1289178000,601,606,598.25,599.25
1289264400,599.25,617.25,585,590.25
1289350800,588.5,594.25,579,581
1289437200,581,588.5,571,578
1289523600,577.75,580,548,548
1289782800,555.5,580,552.5,569
1289869200,568.5,569.5,539,540
1289955600,542,549.25,522,539.25
1290042000,540.25,560,540.25,555.75
1290128400,556.5,562.25,532.25,534.75
1290387600,528,546.5,526,529.25
1290474000,532.75,545.75,520.25,543
1290560400,543,554,542.75,553.75
1290733200,555,558.5,545.5,553
1290992400,557.5,560,550.25,553.25
1291078800,561.5,563.5,551.25,551.5
1291165200,552,575,550.5,574.25
1291251600,572.75,576,562.75,563.5
1291338000,563.75,580.75,563.75,580.5
1291597200,580,581.5,570,576.25
1291683600,576.5,583.25,565,569.75
1291770000,569.25,583.25,561,583
1291856400,582.5,587,577.5,583
1291942800,583.25,587.5,576,583
1292202000,582.75,597.25,577.75,597
1292288400,594.5,597,591.75,595
1292374800,594,602,588.25,592.25
1292461200,591.25,597.5,589.25,595.5
1292547600,594.5,606.25,593.5,604.25
1292806800,604.25,611.25,604.25,607
1292893200,606.5,611.75,605.75,610.25
1292979600,610.25,617.5,608.25,617
1293066000,616.25,622.5,614.75,622
1293411600,618.25,626.75,616.75,623
1293498000,622,632,620.5,631.25
1293584400,630.25,634.75,627,632
1293670800,631,632.75,620.25,624
1293757200,624,638.5,624,636.5
1294016400,634.25,641.5,627.75,628.5
1294102800,628,631,611.25,616.75
1294189200,617,628.25,608.75,627.5
1294275600,627,629.5,608.75,610.75
1294362000,609.5,613.25,603.75,603.75
1294621200,606.25,622.75,606.25,615.5
1294707600,616.25,623.75,614.25,615.25
1294794000,616.25,645.25,614,639.75
1294880400,642.25,658.25,642.25,651.5
1294966800,654,658.75,645.25,658
1295312400,656.75,672,654.75,669.25
1295398800,668.75,676,647.25,651.25
1295485200,651,664.75,637.5,664
1295571600,665.25,677,660.75,667
1295830800,669.5,671.25,660.5,665
1295917200,664.75,664.75,649.5,654.25
1296003600,654.25,672.25,650.5,668
1296090000,668.5,671.5,657.5,661
1296176400,663,668,653,654.5
1296435600,652.5,670,652.5,670
1296522000,669,677.25,666.25,676.5
1296608400,675.75,685,673.5,679.75
1296694800,679,684.25,669.25,673.25
1296781200,673.75,690,670.25,689.25
1297040400,687.75,693.25,680.5,685.75
1297126800,685,686,678,684.75
1297213200,684.25,711.5,684,708.75
1297299600,708,715,705,709.5
1297386000,709.5,717.25,706,717.25
1297645200,716.25,721,705.75,706.5
1297731600,707.5,710.25,690.75,701
1297818000,701.5,705,692.75,701
1297904400,707,723.25,702.5,723
1297990800,722.25,725.5,712.5,720.25
1298336400,725.25,744.25,690.25,690.25
1298422800,683.25,704.5,667.5,702.25
1298509200,703.5,708.5,690.5,696.5
1298595600,695.75,726.5,694,722
1298854800,727,734,720.75,733.25
1298941200,732.75,738.75,728,738.25
1299027600,737,743.5,711,725.25
1299114000,724.75,740.25,721.75,740.25
1299200400,739.5,745,727,732.75
1299459600,733.25,737.75,715.5,722.5
1299546000,722.25,724.25,705.5,711
1299632400,711,717,697,707
1299718800,707.5,708.75,687,689
1299805200,689.75,690.5,659,670.75
1300060800,671.5,680.75,660.5,672.5
1300147200,673.25,674.25,642.5,642.5
1300233600,636.25,654.25,615.25,623.75
1300320000,625.25,653.75,623,653.75
1300406400,664,698.75,660,690
1300665600,692,704.75,682.25,693.5
1300752000,693.5,694,680,694
1300838400,694.25,698.5,685.75,688.5
1300924800,688,708.5,683.5,708
1301011200,708,722,693.75,695.5
1301270400,698.75,700.5,675,678
1301356800,678.5,683.75,668.5,678.75
1301443200,679,681.75,669,671
1301529600,670.5,701,667,701
1301616000,734.25,746,731,743
1301875200,742.75,771.5,740.75,767.5
1301961600,765.5,777.75,761.5,773.75
1302048000,771.75,773.75,764.75,770.5
1302134400,769.75,781,760.5,766.25
1302220800,766,776,758,774
1302480000,778,788.75,765.5,781.25
1302566400,780.25,780.75,751.25,757.5
1302652800,758,773,751.5,761
1302739200,762.25,765.5,747.5,761
1302825600,761.5,765,747,749.5
1303084800,747.75,760.75,741,759.5
1303171200,760,765,755.5,757
1303257600,757.25,775.75,736.5,740.5
1303344000,741.5,749,736,744.5
1303689600,756.75,771.25,753.25,768.5
1303776000,771.25,777.25,756.75,772.75
1303862400,773,775,757,759.25
1303948800,763.75,768.25,729.25,729.25
1304035200,685,716.5,681.25,716
1304294400,711.5,723,700.5,703.5
1304380800,707.75,713,694.25,698.75
1304467200,698.5,707.25,689.75,703.5
1304553600,704,710,677.25,687.75
1304640000,687.75,698.5,661,668.25
1304899200,671.5,689.5,667,686
1304985600,684.75,697,679.25,681.25
1305072000,682,685.75,651.25,651.25
1305158400,651.25,663.5,638,653
1305244800,655,663.25,652.5,653.75
1305504000,661,680.75,659,671.5
1305590400,671.5,693.5,670.25,692.75
1305676800,693,721.25,693,717.5
1305763200,717,724.5,707,711.5
1305849600,711.25,723,704.25,717.5
1306108800,725,729.75,709,719.75
1306195200,719.25,724,698.5,705
1306281600,705,716,702.5,714.75
1306368000,715.25,728.5,715.25,718.25
1306454400,720,728.25,712.75,728.25
1306800000,718.5,729.5,710,717.5
1306886400,720.5,729,711.25,728.25
1306972800,726.5,741.75,724.25,741.5
1307059200,740,744.5,727.75,731
1307318400,731,733,709.75,711.5
1307404800,711.5,718,710,717
1307491200,718.25,738.75,713.5,736
1307577600,735.25,765,731.75,754
1307664000,754,761.25,746.25,756
1307923200,753.75,760,744.5,751.75
1308009600,748.5,748.5,721.75,729
1308096000,732.5,734.5,699,704.75
1308182400,704.75,708.25,681.25,684.5
1308268800,682.5,697.5,677.5,687
1308528000,688.5,692,681.75,687.5
1308614400,689,708,688.75,702.25
1308700800,703.25,707.5,672.25,672.25
1308787200,671.5,673,636,668
1308873600,674,682.25,652.25,657
1309132800,653.5,654,637,644.25
1309219200,651.25,671.25,644.5,670
1309305600,657,671.75,642.5,650.5
1309392000,650.5,656,620.5,620.5
1309478400,589,603.25,575.5,596.75
1309824000,603.5,614.5,600.25,612.5
1309910400,610.75,617,604.25,608.5
1309996800,607,621.5,605.75,615.5
1310083200,615.75,638,615.75,637
1310342400,638.25,639.75,625,632.75
1310428800,633,661,612.25,658
1310515200,658.5,688,653,679.75
1310601600,678.5,684.5,665,678.5
1310688000,678.5,696,673,685
1310947200,684.5,684.5,666.25,677
1311033600,684,703.75,682.5,687.25
1311120000,687.5,698,675.25,677.75
1311206400,676.5,680.75,663.25,673
1311292800,673,686,667.5,685.5
1311552000,673.5,679,666.25,674.5
1311638400,678,687.25,671.5,686.75
1311724800,686.25,693,675,691.5
1311811200,689.75,692.75,682.5,686.25
1311897600,688,689.25,665.5,668.75
1312156800,671,686.75,668,685.75
1312243200,685,715.75,681.75,715.75
1312329600,714,718.5,705.5,713
1312416000,711.5,712.5,688,701.5
1312502400,696,709.25,687,703
1312761600,691,701,680.5,686
1312848000,683.75,697.5,668.75,688.5
1312934400,693,699.75,686,688.5
1313020800,686.5,718.5,686.25,714
1313107200,714,721,710,714.5
1313366400,716,724.25,715.5,720
1313452800,719.5,728.5,712.5,727.5
1313539200,726.25,733.5,722,725.5
1313625600,724,725,708.5,713
1313712000,713,728.75,706.25,725.25
1313971200,729.75,736.5,725.5,734.5
1314057600,738,744,734,743.5
1314144000,743,748.75,739.25,743
1314230400,741,747,734.25,743.5
1314316800,742.75,768.5,740.5,767
1314576000,766,779,765.25,770
1314662400,781.75,789,772,787.25
1314748800,786,787,778.75,779
1314835200,777.75,779.25,749.75,750.75
1314921600,756,776.5,751.75,772.25
1315267200,763,771.25,755.25,768.25
1315353600,768.5,777.5,757,760.75
1315440000,761.5,764,744.25,746.75
1315526400,746.75,753,743.25,749.25
1315785600,749.75,761.25,738.75,758.5
1315872000,759,762,730.25,736.5
1315958400,738,742,730,738
1316044800,738.5,738.5,714,714.75
1316131200,714.75,720.75,705,705.5
1316390400,705,707,689.5,705
1316476800,709.25,717,703,703
1316563200,703,709.75,698,698.75
1316649600,695,695.25,660.5,663
1316736000,665.25,671.75,651.25,652
1316995200,659,666.5,643.5,661.25
1317081600,665.75,679.5,659.5,665.75
1317168000,664,664,642.5,644
1317254400,644,651.5,636.25,645.75
1317340800,648,649.25,605.75,605.75
1317600000,604.25,612.25,586,606
1317686400,606,607,590.5,600.75
1317772800,606,620.5,604.75,618.25
1317859200,619,629.5,617,618.25
1317945600,618.5,620,608.75,612.75
1318204800,612,630.75,611.5,617.5
1318291200,619,657.5,612,657.5
1318377600,658.25,666.75,641,652.75
1318464000,652.75,654.5,634,649.75
1318550400,649.5,659.5,644.25,651.5
1318809600,652.5,658,646.5,651.25
1318896000,650,655,641.25,652.75
1318982400,653.5,660,647.5,648.5
1319068800,648,660.75,642,659.25
1319155200,658.75,675,658.5,660
1319414400,658.5,672,657.25,662.25
1319500800,661,669.75,658.75,662.25
1319587200,660.25,666.5,645.25,649.5
1319673600,650.25,669.25,650,663.5
1319760000,663,668.25,657.5,667
1320019200,665,667.25,649.75,659
1320105600,658.5,671.25,643.5,665.25
1320192000,663.5,669.5,651,656
1320278400,655,668.5,651.5,663.75
1320364800,663,668,654.75,666.25
1320627600,666.25,667.5,659.75,665.25
1320714000,665,674.75,663.25,671
1320800400,670.5,676.25,657.25,665
1320886800,663.5,671,654,654.75
1320973200,655,660,645.5,647.75
1321232400,647.5,654,639.25,643.25
1321318800,643,655.25,640.75,654.75
1321405200,653.5,657,646.25,652
1321491600,650.75,651,619,623.25
1321578000,623.25,626,609,618
1321837200,617.75,618.75,600.5,605
1321923600,605.25,608.5,601.5,605.75
1322010000,607,608,591,595.5
1322182800,595,600.75,588.25,590
1322442000,593.25,603,593,598.5
1322528400,598.25,612.5,595,605.5
1322614800,611.25,622.5,602,615.25
1322701200,615.25,619.25,605,609.25
1322787600,609.5,613,601.75,603
1323046800,604.75,610.5,597.75,599.25
1323133200,599.25,605,588.75,604.75
1323219600,604.5,608,596.25,601.25
1323306000,600.5,610.25,593.25,608.75
1323392400,608.5,611.5,593.75,603
1323651600,600.75,605.5,593.75,602.5
1323738000,602.75,609.75,600.25,603.25
1323824400,602.25,606,588.75,589.25
1323910800,589,592.5,584.5,587.75
1323997200,587.25,596,586.5,591.75
1324256400,595,612.75,593,609.75
1324342800,608.75,617,605,615.75
1324429200,614.75,627.5,609.75,625.25
1324515600,624.25,633.5,620.75,626.25
1324602000,624.75,630,622.75,628
1324947600,633,645,633,641.25
1325034000,639.25,654,638.5,650.25
1325120400,647,654,643.5,646.25
1325206800,645.25,656.5,643.75,654.75
1325552400,669.5,672.5,661.75,667
1325638800,666.75,670.5,662,666.75
1325725200,666.25,668,647.75,651.5
1325811600,650,657.25,648.25,650.75
1326070800,650.25,669.75,650,659.5
1326157200,659,664.75,655.5,659.25
1326243600,658.5,662.5,653.25,658.25
1326330000,657.25,666.25,618.25,618.25
1326416400,615.5,621.75,605.25,606.5
1326762000,608.5,618.25,608.25,610.75
1326848400,612.75,613.25,599.5,600.25
1326934800,600.5,613.25,600.5,612
1327021200,612,619,607.25,616.75
1327280400,618.75,626.5,617.75,625.75
1327366800,625,640.5,620.5,635.25
1327453200,634.25,643,631.5,640.25
1327539600,639.75,651,638.25,640
1327626000,639,648,636.5,647.5
1327885200,645,648,633.5,637.75
1327971600,638,647.75,637.25,645.25
1328058000,645,655.75,644.5,648.25
1328144400,646.75,653,640.5,649.5
1328230800,649,652.75,644.25,650.75
1328490000,647.25,654.5,645.75,651.25
1328576400,650,651.75,646,648.5
1328662800,647.5,653.75,637.5,648
1328749200,647,656,637,641.5
1328835600,641.25,642.75,632.5,635.5
1329094800,637.75,646.5,636.5,643
1329181200,642.75,644.25,635.75,638
1329267600,637.5,642,629,631
1329354000,631,640.5,626,639.75
1329440400,639,650,638.75,645.25
1329786000,646,648,628.75,633.5
1329872400,633.75,642.75,630,641.25
1329958800,641.5,646.5,635.25,642.5
1330045200,641,644.5,637,644
1330304400,641.25,649,636.5,648.5
1330390800,646.25,657.75,646,657.25
1330477200,657.25,663.25,655.5,660.5
1330563600,658,660.5,653.25,655.5
1330650000,655,657,648.75,656.25
1330909200,655.5,665.75,653.75,662.25
1330995600,660,661,650.25,655
1331082000,655,657,638.75,640
1331168400,639.5,646.75,633.5,637
1331254800,636.5,652.25,632.5,644
1331510400,642,657,640,654
1331596800,652.5,661.25,651.75,658
1331683200,656.75,661,651.75,656.75
1331769600,656,669,655,667
1331856000,665.5,671,663.25,670.25
1332115200,670,673.25,659.75,661.5
1332201600,661,661.5,642.25,646
1332288000,646,649.5,640.5,641.25
1332374400,643,646.5,636,642.75
1332460800,643.5,650.25,640.25,644.5
1332720000,644.25,652.75,635.75,636
1332806400,636.75,642.75,629.75,630.75
1332892800,630,634.5,618.25,619.5
1332979200,619.5,622.5,602.5,603.75
1333065600,605,643.75,603.75,643.25
1333324800,646.75,655,642,651
1333411200,649.5,659.75,647.75,653
1333497600,655,658,645,650.75
1333584000,651.25,657.5,648.5,652.25
1333929600,649.5,657.5,641.25,641.25
1334016000,641.25,645.25,625.25,625.75
1334102400,627.75,630.25,622.75,627
1334188800,627.75,635,627,629
1334275200,631.25,633,616,620.75
1334534400,618.5,618.75,611,613.25
1334620800,613.25,618,606.5,607.25
1334707200,608,609.25,591.75,594
1334793600,595.5,614.5,595.25,612
1334880000,612,619,599.5,603
1335139200,603.25,612.5,600,612.5
1335225600,612.5,621.75,605,608
1335312000,607,617,600.75,601
1335398400,603.75,608.25,599,607.5
1335484800,608.5,629.5,606.25,625.5
1335744000,552.25,562.25,550.25,560.75
1335830400,556.5,558,547.5,550.25
1335916800,550,551.5,536.5,539.25
1336003200,539.25,541.5,531.5,537.5
1336089600,537,541.75,522.25,535.25
1336348800,531,537.75,527.5,533.25
1336435200,534.25,542,532,538
1336521600,538,539.5,525,527
1336608000,527.75,529.25,512.75,513.5
1336694400,514.25,518,504.25,511.25
1336953600,511.5,521,511.25,514.5
1337040000,513,525.25,511.5,523
1337126400,523,538,516.5,537
1337212800,536,542,534.5,538.5
1337299200,537.25,551.75,532.5,546.5
1337558400,549.75,558.5,546.25,548.5
1337644800,546,552.75,523.75,526
1337731200,527.75,531.5,517.75,529
1337817600,530.25,533.25,513,518.25
1337904000,522.5,528.5,518.5,526.5
1338249600,528.25,528.25,513.25,522.5
1338336000,522.5,527.75,515,526.75
1338422400,526.75,531.5,522.5,525.5
1338508800,525.75,534,513,514.75
1338768000,520.75,529.5,520,527.5
1338854400,527.5,531.5,514.75,516
1338940800,518,528.75,517.5,527.5
1339027200,527.5,544.5,526,543
1339113600,541,551.75,534.5,551
1339372800,549,550.25,537,540.5
1339459200,541,542.75,521.75,526.5
1339545600,524.75,529,513.5,515
1339632000,514,525,513,520.75
1339718400,520.75,526.5,509.5,509.5
1339977600,513.25,541.75,512.25,537
1340064000,540.5,568,540.5,567.5
1340150400,563,569.75,552.5,568.75
1340236800,565.25,570.75,549.5,550.25
1340323200,550,566.5,547.25,551.25
1340582400,565.75,591.25,565.75,591.25
1340668800,597,620,592.75,619.5
1340755200,618,649.25,612,627.5
1340841600,632.25,648.75,625.5,632.25
1340928000,632,655,622,634.75
1341187200,649.75,664,644.75,655.75
1341273600,669.25,676,660.75,674.5
1341446400,689,713,685.5,708.5
1341532800,707.5,707.75,687.75,693
1341792000,708.5,733,707.25,730
1341878400,728.75,732,712.5,717.5
1341964800,716.5,748,685.25,704
1342051200,708.75,739,705,732.25
1342137600,731.25,749,727.25,740.25
1342396800,750,778,749.25,772.5
1342483200,784,789,762.25,771.25
1342569600,772.5,785.75,755.75,784.25
1342656000,782,799,776.5,778.5
1342742400,780,797,779,795.75
1343001600,800,800,767.25,785.5
1343088000,786.5,789.5,745.5,778.25
1343174400,778.25,796,771,788
1343260800,785,793.5,771,776.25
1343347200,776,795.75,771.5,793.25
1343606400,796.5,817.75,795,814
1343692800,813.75,820.5,801.5,805.25
1343779200,806,816.75,781.25,800.5
1343865600,803,808.25,785.25,795.75
1343952000,795.25,817,788.5,807.5
1344211200,800,809.75,789.25,805
1344297600,803,810,795,800.5
1344384000,799.75,817.25,792.5,816.5
1344470400,815.75,829.75,815.75,823.75
1344556800,823,849,807.25,809.25
1344816000,807.75,813.75,786,792.25
1344902400,794.25,800,786.75,789
1344988800,789.25,806,787,804
1345075200,803.5,810.5,799.25,807.5
1345161600,805.5,813.25,803,807.25
1345420800,807.25,825,807.25,823.75
1345507200,823,840,821.5,838.75
1345593600,837.5,839.5,828.25,834.75
1345680000,834,838.75,812.25,814.75
1345766400,814.75,823,806,808.5
1346025600,813,818,800.25,800.75
1346112000,801,804.75,794.25,795.5
1346198400,795.5,814.5,793.25,813.5
1346284800,813,817.25,807.75,808.75
1346371200,808.25,809.75,795.25,802
1346716800,804.75,816.75,800,807.75
1346803200,807.75,809.5,793.25,794.75
1346889600,796,805.25,792,801.5
1346976000,800.5,807.25,795.5,802.5
1347235200,801.25,809,784.5,787.25
1347321600,787,792.25,779,781.25
1347408000,781.25,788.25,763.25,773.25
1347494400,774,778.5,768,777.75
1347580800,777,793.75,776.25,786
1347840000,784.5,784.75,751.25,752.5
1347926400,752.5,758,742.75,744
1348012800,744.5,761.5,743.75,758.75
1348099200,757.25,759.75,742.5,749.5
1348185600,749.25,757.5,748,751
1348444800,749.5,754,740.25,748.75
1348531200,747.75,753,742.75,747.5
1348617600,747,748.25,726,728.5
1348704000,729,730,715,719.5
1348790400,720.5,759.5,708.75,759.5
1349049600,763.5,771.25,754.25,760
1349136000,759.75,762.75,749,759.75
1349222400,759,764.25,748.25,757.5
1349308800,757.25,767.25,753.75,757.25
1349395200,756.75,758.25,746.75,748.5
1349654400,747.25,748.25,740.25,742
1349740800,741.75,748.5,740.25,742.25
1349827200,742,743.5,733,737.75
1349913600,737,775.75,734.5,773.25
1350000000,772,772.5,749.25,752.75
1350259200,751.5,751.5,732.25,737.25
1350345600,737.25,745.25,735,738.25
1350432000,738,745.5,736.5,744.75
1350518400,744.5,761,744,759.25
1350604800,759,766.5,756.5,759.5
1350864000,759,765,756.5,759.25
1350950400,759,760.25,748.5,756
1351036800,755.75,763.75,752.75,756
1351123200,755,758.5,742.75,744
1351209600,743.75,746.5,739,739.75
1351468800,739,748,734.75,739
1351555200,739,746,738,744.5
1351641600,744.25,759.25,744.25,757
1351728000,756.25,763.25,752.5,753.5
1351814400,752.25,754,739,742.5
1352077200,740.5,747.25,735.75,738
1352163600,738,743.5,738,743
1352250000,742.75,752.25,735.5,746
1352336400,746,750,742.25,743.25
1352422800,743.25,757,735.5,742
1352682000,740.5,746.75,716.25,722.25
1352768400,722,730,714.25,726.25
1352854800,725.75,731.5,722.25,729.25
1352941200,729.5,731.75,724,725
1353027600,725,733.75,714.5,731
1353286800,730.25,744.75,730,742.5
1353373200,742,751,738,747.25
1353459600,746.75,751,742,745.25
1353632400,750,753,747.5,749.75
1353891600,749,757,746,751.25
1353978000,750.25,764.25,750.25,764
1354064400,762.75,767.5,758.75,764
1354150800,763,767,756.25,758.75
1354237200,758,758,746.75,752
1354496400,755.25,762.25,748.75,754.25
1354582800,753.75,756,746.75,753
1354669200,753,760,751.5,758.5
1354755600,758,759.75,749,753
1354842000,753,754.25,736.75,739.25
1355101200,737,738.25,727.25,732.25
1355187600,732.25,737,726.25,730.5
1355274000,730.5,734,722,728.5
1355360400,728,730.75,718.5,724
1355446800,723.75,734,721.75,733.75
1355706000,734.75,737.5,724.5,727.5
1355792400,727,729,719,723.75
1355878800,724.25,726.5,705.5,707
1355965200,708,708.75,691.25,699.75
1356051600,700.25,708,700,704.75
1356310800,705.75,709.25,703,706.75
1356483600,707.75,708.75,695.25,696.5
1356570000,696.75,698.25,691.75,694.5
1356656400,696,699,691.5,696.75
1356915600,696.5,701.75,692,700.25
1357088400,707.25,708.75,690.5,693.5
1357174800,693.75,697,687.75,691
1357261200,690.5,694,680.25,680.75
1357520400,681.5,690,678.5,685.25
1357606800,685.5,693.5,683.25,688.75
1357693200,688.5,695.5,686.75,693.75
1357779600,693.75,699,693.75,697.5
1357866000,697,719.5,685,707
1358125200,710.75,723.5,710.75,723
1358211600,722.25,733.75,721,730.75
1358298000,729.75,735,725,731.25
1358384400,731,733.75,723,725.25
1358470800,725,731,723.75,729.25
1358816400,731.5,736,728.25,730.25
1358902800,729.5,732.25,721.25,722.75
1358989200,722,726,716.5,724.25
1359075600,724.75,728,718.75,721.5
1359334800,723,729.75,719.5,729.25
1359421200,728.5,731.75,727.25,730
1359507600,729.5,741.5,726.5,741
1359594000,740,745,735.25,742
1359680400,741.5,747.5,736.75,737.75
1359939600,739.75,743.25,732.75,736.25
1360026000,735.25,736.5,725.75,730.75
1360112400,730.75,731,722.25,724
1360198800,723.5,723.5,711.25,712
1360285200,711.5,720.25,706.75,708.75
1360544400,708.75,713,699.5,701.5
1360630800,701.75,702.5,690.5,695.5
1360717200,695.25,697.75,685.5,693.5
1360803600,693.5,697,687.5,692.75
1360890000,692.75,701,692.25,697
1361235600,699,700.5,688.25,692
1361322000,693.25,697,688.75,696.25
1361408400,695.5,696.25,684.75,685.5
1361494800,686,691,683.5,684.25
1361754000,684.25,688,680.75,685.5
1361840400,685.25,695.5,682.5,694.75
1361926800,694,698.75,691.25,695.25
1362013200,678.25,688.25,677.25,684.75
1362099600,684,689.75,680,687
1362358800,686.75,690.75,675,681.75
1362445200,680.75,688.75,680.75,686
1362531600,685.5,687,671.25,671.75
1362618000,672,676,664.5,672.5
1362704400,671.75,685,670.75,680.5
1362960000,680.5,695,679.75,690.75
1363046400,689.5,697,688.25,693.75
1363132800,693.75,697.75,683.25,692.25
1363219200,693,699.5,690,698.5
1363305600,698,701,693.75,700.25
1363564800,700,704.5,693.5,703.25
1363651200,702,712,701.75,712
1363737600,710.25,717.75,708,717.25
1363824000,716.5,718.75,711.5,717.25
1363910400,716.5,717,703.5,708.5
1364169600,708,716,704.5,715.25
1364256000,713.5,714.75,707.25,712.25
1364342400,711.75,717.75,708.75,716
1364428800,714,716.25,676,676
1364774400,657.25,657.25,619.25,626.75
1364860800,631.75,638.5,620,627.25
1364947200,628.25,633.75,622.75,630.25
1365033600,631.5,633,616,618.5
1365120000,618.5,624.75,615,617.75
1365379200,615.75,623.75,615.75,619.5
1365465600,619,628.25,619,627.5
1365552000,627.5,647.25,617,632.5
1365638400,632,641.75,629.25,633.5
1365724800,633,642,632.75,641.25
1365984000,642,642.5,626,628
1366070400,626,641.75,621.75,640.75
1366156800,640,645,635.5,641.25
1366243200,640,645,628.5,629.75
1366329600,629.75,636,627,633
1366588800,629.75,630,618.25,623.5
1366675200,625,625.25,613.25,614
1366761600,614,621,610,618.25
1366848000,618,627,617.5,624.5
1366934400,624,624.5,618,619.75
1367193600,625,659.75,625,659.75
1367280000,585.25,596.75,579,580.25
1367366400,577,579,565.75,573
1367452800,571.5,584.75,570,583.75
1367539200,582.75,585.5,578,579.25
1367798400,567,567,555,559.75
1367884800,562.75,564,554,561.5
1367971200,560.5,562.25,549.75,553.75
1368057600,553.5,567.75,548.25,566
1368144000,564.75,564.75,546,554.5
1368403200,550.75,572.25,550.75,568.5
1368489600,568.5,573.25,564.75,569.75
1368576000,569.75,571.75,561.75,563.5
1368662400,562.75,565.75,553.25,553.75
1368748800,553.75,558.5,548,556
1369008000,555,561,549,554.5
1369094400,547,548,538.5,546.75
1369180800,546.75,561.25,546.25,559.75
1369267200,559.25,567,554,563.5
1369353600,561.25,567.5,555,566.75
1369699200,571.25,585,570.75,583.75
1369785600,583,595.5,577.25,593.75
1369872000,591.75,595.5,584.75,591.75
1369958400,590.75,601,587.25,597.25
1370217600,595.25,604,578.5,588.75
1370304000,589,589,576.75,583.75
1370390400,583.5,584,570.25,571
1370476800,570.75,579.75,569.25,578
1370563200,578,593.25,577.25,591.5
1370822400,586,588,571,577.25
1370908800,576.25,584.5,573.5,583.5
1370995200,583.25,584.75,566.75,575
1371081600,575.75,576.25,565.25,570.5
1371168000,570,575.25,567.5,571.75
1371427200,567.75,582.25,564.75,578.75
1371513600,578.5,589.75,576,589
1371600000,587,610.75,584.75,610
1371686400,605.5,606,588.5,598.25
1371772800,597.75,599.75,590,592
1372032000,586,586.5,578,579
1372118400,579,583.75,572.75,576.5
1372204800,577,581,573.25,574
1372291200,544.5,544.5,535.25,538.5
1372377600,538,541,510,511
1372636800,506.75,508.5,500.5,501.25
1372723200,501.25,506.25,496.5,502.75
1372809600,504,509.75,499,502.75
1372982400,503,507.5,491,491.25
1373241600,490.5,502.5,490,500.5
1373328000,502.5,524.5,502.5,521.75
1373414400,522,527.5,516.75,521.5
1373500800,522.5,528.25,510.25,527
1373587200,526.5,527,507,509.25
1373846400,505.5,507.75,498.25,503.5
1373932800,508,518.5,506,510.75
1374019200,512.75,515,501.5,502
1374105600,499.5,501.75,494,500.75
1374192000,499.25,501.5,491,500.75
1374451200,502.75,502.75,493.25,498
1374537600,496,496.5,482,485.5
1374624000,485.5,489,479.5,480.25
1374710400,480.25,483,475.25,478.75
1374796800,478,481,475,476
1375056000,475,479.25,471.25,473.25
1375142400,473.5,478.75,473,477.5
1375228800,476.5,480.5,473.25,479
1375315200,479,479,464,467
1375401600,467,469.75,462.5,463.75
1375660800,462.25,465,456,460.5
1375747200,460,462.25,455,459.25
1375833600,459,464.5,456.25,458.25
1375920000,457.75,464.25,457,459.75
1376006400,459.5,462.75,452,453.25
1376265600,453.5,469.25,446.5,464
1376352000,464.5,468.75,445.75,447.25
1376438400,447,456,446.5,455.25
1376524800,457.25,475.5,453.5,472.25
1376611200,472.75,475.75,461,463.5
1376870400,472.25,486.25,468,485.5
1376956800,485,486.75,473.75,475.5
1377043200,475,485.25,473.5,483.25
1377129600,481.25,482.25,464.25,464.5
1377216000,464.5,474.5,463.5,470
1377475200,480,508.25,479,500.5
1377561600,499.75,504.25,485.5,486.25
1377648000,486,492,479,480.75
1377734400,493.75,496.25,490,494.25
1377820800,493,496.75,489,494.5
1378166400,502,506,482.75,488
1378252800,488,488,479,482.5
1378339200,482,482,470,474
1378425600,474,481.5,472.75,481
1378684800,481.25,483.5,474.25,476.5
1378771200,475.25,482.5,474,481.75
1378857600,482,485.5,479,484.75
1378944000,484.5,484.75,468.5,478.5
1379030400,476.75,478,470.25,471.5
1379289600,470,474.25,466.5,469
1379376000,469.75,480.5,465.75,466.5
1379462400,466.5,469.75,464.5,468.75
1379548800,469.5,475.75,468,472
1379635200,472,472.25,463.25,463.75
1379894400,463,467.75,461,466
1379980800,465,469.5,460.5,461.5
1380067200,461,469.5,460.75,467.25
1380153600,467,470.25,463.5,469.5
1380240000,469.5,471.5,465.75,466.5
1380499200,465.25,474.25,453.5,454.5
1380585600,454.5,457.5,448,451.75
1380672000,451.75,453.75,448,451.75
1380758400,451.75,456.5,451,452
1380844800,452.25,456.75,451.75,456
1381104000,455.5,462,454.5,461.75
1381190400,461,461.75,452.5,454.5
1381276800,454.25,459.5,453.25,456.25
1381363200,456,459.25,449.25,451
1381449600,449.25,449.75,445.25,446.25
1381708800,445.5,450,445,449.75
1381795200,449.5,456.5,449,455.75
1381881600,455.5,458,451.5,455.25
1381968000,454.5,458.75,453.75,455.5
1382054400,455,460,453.25,454
1382313600,453.25,457.25,450.5,456.75
1382400000,456,457,450.25,451
1382486400,450.75,458.75,450.25,455.25
1382572800,455,457,450.75,452.5
1382659200,452,454.25,451.25,452
1382918400,451,452,442.5,443.25
1383004800,442.75,446.5,441,444.25
1383091200,443.75,446.75,441,441.75
1383177600,441.75,447.5,438.25,439.25
1383264000,438.75,440,436.25,437.5
1383526800,436.5,439.5,436,437
1383613200,436,437.5,434.25,435.5
1383699600,435,436.5,431,431.5
1383786000,431,434.5,430.25,431.5
1383872400,430.5,440.75,426.75,438.5
1384131600,438.5,449,438.5,446.5
1384218000,446.25,449.5,442,444
1384304400,443.5,445.75,439.25,440.25
1384390800,440,441.5,435.5,436.5
1384477200,436,439.75,430,430.5
1384736400,430,430.75,420.5,421
1384822800,421,427.5,420,426.25
1384909200,426,427.75,423.5,425.25
1384995600,425,430.75,424.5,429.5
1385082000,429,432.25,427,429.25
1385341200,429,433,428.75,431.25
1385427600,431,431.5,422.25,424.75
1385514000,424,429.75,423.5,426.5
1385686800,434,435.25,430,432.75
1385946000,431.25,433.5,426.75,433
1386032400,433,440.5,431.25,439.5
1386118800,439,447.75,434.75,444.5
1386205200,444.25,446,439.25,442
1386291600,441.75,445,438.75,442.75
1386550800,442.25,447,441,446.5
1386637200,445.75,449,439,444.5
1386723600,444.5,448.25,442.75,447.75
1386810000,447.25,447.5,436.25,442.5
1386896400,441.75,443,433.25,433.75
1387155600,434,434.75,428.5,431.75
1387242000,431.25,437.25,430.25,435.25
1387328400,434,438.25,431.25,433.5
1387414800,433,439.25,432.75,438.5
1387501200,438.25,442.75,436,441.5
1387760400,441,444,440,442.5
1387846800,442,443.5,440.25,442.75
1388019600,441.25,441.25,434.25,434.5
1388106000,434.25,437,434.25,435.75
1388365200,434.5,434.75,431.25,431.75
1388451600,431.5,431.75,429.25,430.25
1388624400,429.75,435.25,426.75,429
1388710800,429,432.25,425.5,431.75
1388970000,432,436,432,435.75
1389056400,435,438.25,433,433.75
1389142800,433,435.5,422.75,425.25
1389229200,423.75,425,416,420.25
1389315600,419.75,441,414.5,440.75
1389574800,439.75,443,438,442.5
1389661200,441.5,441.75,435,439.5
1389747600,438.5,439.25,433.25,433.5
1389834000,433.5,437.75,432.75,435.5
1389920400,434,435.25,429.75,431.75
1390266000,431.75,432.75,428.25,432.25
1390352400,431.75,435.5,431.75,433
1390438800,432.25,437,432.25,435.25
1390525200,434.75,436.5,432,436
1390784400,435.5,439,433.25,438
1390870800,437.5,439.5,436.75,438
1390957200,437.25,437.75,433.25,434
1391043600,434,440.75,433.75,439.5
1391130000,438.25,440.25,437,439.5
1391389200,438.75,444.5,438.75,441.75
1391475600,441.25,448,440.5,447.75
1391562000,447,448.5,445,447.5
1391648400,447,451.75,446,448.5
1391734800,448,450.5,445.75,450
1391994000,448.5,454.5,445.5,448.75
1392080400,448.5,449.75,443,447.25
1392166800,446.25,451,444.5,446
1392253200,445.75,448,444.75,446.5
1392339600,446,451.5,443.25,450.75
1392685200,450,455.75,450,455.5
1392771600,454.25,461,454,460.25
1392858000,459.25,462.75,457.5,462.25
1392944400,462,463,456.25,459
1393203600,457.5,458.75,452,457.75
1393290000,457,461.75,454,461.25
1393376400,460.25,465,459.25,461
1393462800,460,463.5,453.5,454.5
1393549200,458.25,468.5,457.25,467.5
1393808400,468.25,486,468.25,474.75
1393894800,474,488.75,470,488.25
1393981200,486.75,492.25,483.5,486.25
1394067600,484.75,496.25,483,495.25
1394154000,494,506,488.5,493
1394409600,490.5,491.75,480,482.25
1394496000,481,488.75,477.25,487
1394582400,486.5,492.75,480.5,492
1394668800,490.5,496.75,486.5,489
1394755200,487.75,492.75,483,490.5
1395014400,489,491.75,481.25,484
1395100800,483.5,491.5,482.25,491
1395187200,490.5,496,487,492.75
1395273600,492,492,482.75,483.5
1395360000,483.5,485.75,481,483.75
1395619200,484.25,495.25,482.75,494.5
1395705600,493.5,494.5,489.25,491.25
1395792000,490.5,492.25,487,489.25
1395878400,488.5,496.75,486.75,496.25
1395964800,495.5,500,493.5,496.25
1396224000,494,508.25,480.25,506.75
1396310400,506.25,517,506,512.5
1396396800,511.5,512.5,495.75,501
1396483200,502,506,499.25,505.25
1396569600,504,508,498.5,507.5
1396828800,506,508,500.25,505.25
1396915200,504.5,513.5,502.25,513
1397001600,512,524.25,505.75,508
1397088000,507.5,509,499.75,507.25
1397174400,505,511,503.75,504.5
1397433600,504,513,503.5,509.25
1397520000,509,512.75,503.5,509.75
1397606400,508.25,510.75,501,503.5
1397692800,503.5,507,498.75,500.5
1398038400,499,499.25,490.75,493.75
1398124800,494.25,506,492.75,502
1398211200,501.75,510,500.25,509.5
1398297600,508.25,513.5,505.5,507.25
1398384000,507,516.75,506.75,512.75
1398643200,512.25,518.5,511.25,513.75
1398729600,514.5,522,514.25,521.5
1398816000,514.75,516,509.25,513.25
1398902400,513,515.5,500,502.5
1398988800,502.75,506,494.5,496.25
1399248000,495.75,504.25,494.5,503.75
1399334400,502.75,513.5,498.25,513
1399420800,511.75,513.5,507,511
1399507200,510.25,513.5,505,513.25
1399593600,512,518,500.5,501.75
1399852800,499.5,499.75,493,494
1399939200,493,497.5,492.25,496.5
1400025600,495.5,497.75,490.25,490.75
1400112000,491,492.5,478.75,481
1400198400,481.5,483.75,477,481.25
1400457600,480.25,480.25,474.5,475.5
1400544000,475.5,479.25,471.5,472.25
1400630400,472,474.25,470.5,472.5
1400716800,472.25,480,470,474
1400803200,474,477.75,472.5,475.5
1401148800,470.5,472,465.75,466.25
1401235200,466,469.75,463.5,469.25
1401321600,469.5,469.75,462.25,463.25
1401408000,463.25,466.5,457.25,458
1401667200,456.75,461.5,452,459.25
1401753600,456.5,459,452.25,454
1401840000,453.75,456,450,452.25
1401926400,452.75,453,443.75,444.25
1402012800,444.25,457.25,442.75,456.25
1402272000,454.5,454.5,443,447.5
1402358400,447,450.75,440.75,441.25
1402444800,442,444.75,435,437.5
1402531200,437.25,441.25,435,440
1402617600,440.25,445.5,439.75,443
1402876800,440.5,445.5,436,436.75
1402963200,436.5,437.5,431,434
1403049600,434,438,433.75,435.5
1403136000,435,444.5,435,444.25
1403222400,443.75,448.75,440.5,448.25
1403481600,448,453,438.5,439
1403568000,439,439.5,433.25,436.75
1403654400,436.75,436.75,433.75,435.75
1403740800,436,442,435.25,439
1403827200,443,447.75,440.75,447.25
1404086400,445.75,446.5,423.5,425.25
1404172800,424,424.75,417,422.75
1404259200,423,423.25,416.25,418
1404345600,418.25,419.75,414.5,415.25
1404691200,410,410.5,403,406.25
1404777600,406.5,408,402.75,404.25
1404864000,403.75,404,395,398
1404950400,397,401,391.5,392.75
1405036800,392.5,394.75,382.5,384.75
1405296000,383.5,389.25,380.25,388.25
1405382400,388,388,378.25,381.75
1405468800,381.75,393.75,381.75,386.75
1405555200,386.5,395.75,382.75,387.25
1405641600,386.75,389,378,378.5
1405900800,375.75,376.5,370.5,372
1405987200,371.5,374.75,368,368.25
1406073600,368,371.5,365.75,370.75
1406160000,370,376.75,364.25,369.5
1406246400,369,372,364.75,371.75
1406505600,372,377.75,372,376.75
1406592000,376.5,377.25,368,371
1406678400,370.75,374,367,371.5
1406764800,370.25,371.5,366.75,367
1406851200,366.75,368.25,361.5,362.25
1407110400,361,371,361,369.25
1407196800,368.5,368.5,363.25,367.25
1407283200,366.75,374.75,366.5,374.25
1407369600,373,374,367.25,371.25
1407456000,370.5,371,363,363.5
1407715200,362.75,369,362.25,368.25
1407801600,367,372.25,358,369
1407888000,368.5,371.5,365.5,369.75
1407974400,369.75,374.5,366.5,373.5
1408060800,372.5,379.75,371.75,377
1408320000,376.75,381,370.75,371.5
1408406400,371,373,367,372.25
1408492800,371.25,372,365.5,367.5
1408579200,367,373,366,369
1408665600,368,373.75,368,371.5
1408924800,369.5,370.25,365.5,367.5
1409011200,366.5,368.25,361.75,365
1409097600,364.25,365.5,362,365
1409184000,378,383,376.75,382.25
1409270400,380.5,381.75,375.5,377.75
1409616000,376,380.25,375.25,376.5
1409702400,376,376,364.5,365.25
1409788800,365,366.5,357,359.5
1409875200,359.5,370,359.5,368.75
1410134400,368,370.5,359,361.25
1410220800,361,361,355.75,357.25
1410307200,356.75,360,355.75,358.5
1410393600,358,358,348.25,353.5
1410480000,353.5,356,349.75,351
1410739200,349.5,355.5,348,355
1410825600,354.5,362.25,350.5,355.5
1410912000,355.5,356,351,354
1410998400,353.5,354,350.25,350.75
1411084800,350.25,350.75,344,344.25
1411344000,343.5,344.25,339.25,342.75
1411430400,342,343,337.75,338.25
1411516800,338,342.75,337.5,342.25
1411603200,342.25,343.5,338.25,339
1411689600,338.75,339.75,335.5,335.75
1411948800,335,339,334.75,338.5
1412035200,338,338.5,332.5,333.5
1412121600,332.5,336,330.5,334
1412208000,333,336.25,332,335.75
1412294400,335.5,338.5,333.75,336.25
1412553600,336.5,345.5,336.25,345.25
1412640000,344,354.75,343.25,353.5
1412726400,353,356.5,350.75,356.5
1412812800,355.25,360.75,353.75,357.75
1412899200,355.75,361.5,345.5,346.75
1413158400,346,360,343.25,358.5
1413244800,358,370.25,356,370
1413331200,369,371.25,359.25,360.5
1413417600,360.25,366.25,358,365.25
1413504000,365,368.25,359.5,361.25
1413763200,358.75,362.25,355,361.75
1413849600,360.75,372.25,360.5,369.5
1413936000,369.25,374.5,366,367
1414022400,366,374,365,373.5
1414108800,372.75,378.5,365.75,366.75
1414368000,365.5,377.25,362.25,376.75
1414454400,376,385,374.75,378
1414540800,377.75,389,376.25,388.5
1414627200,388,394.25,384.25,387
1414713600,385.5,390.25,380.75,389.25
1414976400,386.75,387.75,383,386
1415062800,385,385,376.75,377.25
1415149200,376.5,384.25,371.5,383
1415235600,382.5,387,379.5,384
1415322000,382.5,384.5,377.25,380.5
1415581200,379,391.25,377.75,382
1415667600,380.5,387,378.25,386.5
1415754000,385.75,397.5,385.25,390.5
1415840400,389.5,401.25,389.5,398.75
1415926800,397.75,399.25,393,394.25
1416186000,393.75,396.5,386.5,390.5
1416272400,390,391.5,384,385
1416358800,384.5,384.75,375.75,376
1416445200,375.75,387.5,375.25,386.25
1416531600,385.25,394.25,382.75,385.25
1416790800,384.75,385.75,378.25,380.25
1416877200,380,388,379,387.25
1416963600,387,392,386.5,391.5
1417136400,398.75,402,391.25,397
1417395600,393.5,399.75,391.5,398.25
1417482000,398,399.75,389.5,389.75
1417568400,389.75,391.25,386,390.5
1417654800,390,399,389,398.25
1417741200,397.25,404.5,394.25,403.5
1418000400,402.25,408.25,398,398.75
1418086800,398.25,404.75,396.25,403.75
1418173200,403.25,406.75,398,402.25
1418259600,402,409.25,400.5,406.5
1418346000,405,418,405,415.75
1418605200,415.25,420.5,413.5,416.5
1418691600,416,419.75,412.25,414.5
1418778000,414,418.5,412,416.5
1418864400,416.5,422.25,415.5,419.5
1418950800,419,419.75,413.5,419
1419210000,418.5,422.5,417,420.25
1419296400,419.75,424,419,422.5
1419382800,421.75,423.5,414,416.25
1419555600,418,423.25,414.25,423
1419814800,422,425.25,419,421.25
1419901200,419.75,421,414.5,415
1419987600,414.25,414.75,404.5,405.75
1420160400,405.25,407,400.25,404.5
1420419600,404,415,403,414.75
1420506000,414,418.25,410.75,413.5
1420592400,413.25,415.75,404.5,404.75
1420678800,404.75,407.25,401.25,402.75
1420765200,402.75,409.5,401.25,408.25
1421024400,407,414.5,398,410
1421110800,410,414.5,392.5,393.5
1421197200,393.5,394,384,388.5
1421283600,390,395.5,383.75,387.25
1421370000,387.5,395.25,386.75,394.25
1421715600,392.5,398.25,389.75,397.75
1421802000,397.25,400,394,395.75
1421888400,395.25,398.25,390.5,392
1421974800,392,396.75,390,395.25
1422234000,393.75,396.5,390.75,392.5
1422320400,392,394.25,388.25,389.75
1422406800,389.25,389.75,381.25,381.5
1422493200,382,382,376.5,380
1422579600,380.75,381,373.75,378.5
1422838800,378,386.75,375.75,377.75
1422925200,378,396.25,378,393.75
1423011600,392.5,396,387.5,391.5
1423098000,390.75,395,389.25,393.25
1423184400,393,397,387.75,394
1423443600,393.5,400,392,399.5
1423530000,398.75,399.75,392.75,396.25
1423616400,396,397.25,392,393.75
1423702800,393.5,395.75,389.25,391
1423789200,391,396.25,390.25,395.25
1424134800,395,398.75,393,397.75
1424221200,397,398.5,391.25,392
1424307600,392,399,390.25,397.75
1424394000,396.75,397.5,391.25,393
1424653200,393,394,385.5,386.75
1424739600,387,395,385.25,385.5
1424826000,385.5,387.5,379.5,383.75
1424912400,384,390.5,383,388.5
1424998800,395.75,404,394,401.25
1425258000,400,403,394.75,396.25
1425344400,396.5,399.75,393,399.25
1425430800,398.75,399.75,394,397.5
1425517200,396.5,400.75,395.5,398.25
1425603600,396.5,397.25,391.25,394
1425859200,393.75,399,393.75,396.25
1425945600,395.5,398.75,391.25,395.75
1426032000,394.75,401.5,394.25,398.5
1426118400,398,399.25,394,395.75
1426204800,395.75,397.25,388,388
1426464000,388,389.75,383.25,387
1426550400,386.75,387.75,378,379
1426636800,379.75,383.25,375,382.75
1426723200,384.5,388.25,378.5,381.5
1426809600,381.5,395,380.75,392.75
1427068800,392.5,399,392.5,398
1427155200,397,401.75,396,401.25
1427241600,400.5,403.5,399.5,403
1427328000,401.75,404.75,397,399.25
1427414400,399,401.25,397.25,399
1427673600,399,403,398,402.5
1427760000,401.75,406,383.25,384.25
1427846400,385,390,381.75,390
1427932800,390,396.5,386.25,394.5
1428278400,394,397.75,391.25,393
1428364800,392.75,395,389.75,391
1428451200,390.75,393,384.5,387.25
1428537600,387,387.75,382.75,385.75
1428624000,386,387.25,382,384.75
1428883200,382,383.5,377.5,378
1428969600,378,382,377.5,381
1429056000,380.25,386,378,383
1429142400,382.5,384.75,380,383.25
1429228800,383,387.5,381.5,386.75
1429488000,386.5,388.5,382.25,384.75
1429574400,383.75,383.75,378,380
1429660800,379.5,381,376,379.5
1429747200,379.75,384.5,376.5,376.75
1429833600,377,377.25,369.5,369.75
1430092800,368.75,369.75,364.25,364.75
1430179200,364.25,367.25,362.5,364.5
1430265600,364.75,368.5,363.25,367.75
1430352000,374.75,377,370.75,372.75
1430438400,372.75,373,367.5,369.75
1430697600,369.25,369.75,366.5,367.75
1430784000,366.5,369.25,362.25,369
1430870400,369.5,375,369,372.75
1430956800,372.75,373,366.5,367.25
1431043200,366.5,370,365,368.5
1431302400,368.5,370.25,364.25,365.5
1431388800,364.5,370.5,362.5,366
1431475200,366,369.25,363,368.25
1431561600,367.75,374.75,367.5,374.5
1431648000,374.25,378,369,372.5
1431907200,372.5,378.25,371,375.25
1431993600,374.5,375.5,367.25,369.25
1432080000,369,369.5,365.25,366.75
1432166400,366.5,372.75,366.5,371.5
1432252800,370.25,374,366.25,366.75
1432598400,367.25,369,361,362
1432684800,361.75,363.25,355,355.75
1432771200,355.75,361,354.5,359.5
1432857600,359.25,363,356,357.25
1433116800,356.25,360,354,358.25
1433203200,358,365.75,358,365.25
1433289600,365,370.25,363.75,365.75
1433376000,365.5,371,363.5,370.25
1433462400,369.75,373.75,366.75,367.5
1433721600,367.5,373.5,367.5,372.75
1433808000,372.25,375.75,370,372.5
1433894400,372,373.75,363.75,364.25
1433980800,364,366.5,361.25,363
1434067200,363,363,358,358.75
1434326400,358.5,358.75,352,352.75
1434412800,353,360,352,359.75
1434499200,359.75,367,359.75,365.25
1434585600,365.25,367,362.5,363.5
1434672000,363,363.5,357.25,358.75
1434931200,358,364.75,355.5,364.25
1435017600,365,373.25,365,372
1435104000,371.5,376,368.25,371.5
1435190400,371,383.25,368.5,382.75
1435276800,382.25,397,382,392.5
1435536000,400.5,409,400.25,402.25
1435622400,402,432.25,400.75,431.5
1435708800,429.25,436,421.5,431.75
1435795200,431,439.75,427.75,437.25
1436140800,434.75,437,425.75,435
1436227200,428.75,433.5,424.5,433
1436313600,432.25,438.5,428.25,434.25
1436400000,434.25,443.5,433.75,439
1436486400,438.25,449,434.25,445
1436745600,445,452.75,441.5,451.75
1436832000,451.25,454.25,438,438.75
1436918400,437.75,442.75,432,440.25
1437004800,441,449.25,439.25,441
1437091200,438.5,440.5,429.25,431.25
1437350400,428,428.5,415.25,416
1437436800,417.5,421,413,417.5
1437523200,418.25,418.25,410.25,413.5
1437609600,413.75,415.5,408.5,413.75
1437696000,413.75,413.75,402,402.75
1437955200,399,399.25,383,383.5
1438041600,383.75,386.25,380.25,385.5
1438128000,387.75,388,377.25,378.25
1438214400,378.25,385,375.75,383.75
1438300800,385,387.75,379.25,381.25
1438560000,380,380.5,374.5,376.5
1438646400,377.75,382.75,376.5,378.75
1438732800,378.75,384,377.5,383.25
1438819200,382.75,385.25,380,380.5
1438905600,380.5,385.75,377.25,383.75
1439164800,385,402,384.75,401
1439251200,399.25,399.25,387,387.5
1439337600,387.75,393.5,357.5,368
1439424000,369,376,366,375.25
1439510400,375.25,377.25,371,375.5
1439769600,374.5,379.5,372.5,374.5
1439856000,374.5,379.25,373,377.25
1439942400,377.25,383,377,378.5
1440028800,378.25,383,378.25,382.5
1440115200,382,384.25,375.75,377.25
1440374400,376.75,381.75,365.5,380.5
1440460800,380,386.75,375.25,377
1440547200,376.75,380.5,372.75,373.25
1440633600,374,378.75,371.5,375
1440720000,386,391.25,385.25,386.5
1440979200,385,388,382,386.25
1441065600,385.5,385.5,378.75,380.25
1441152000,380,382.25,375.5,378.75
1441238400,378.75,379.25,372.75,373
1441324800,373,376.25,371.75,374.5
1441670400,376,380,375.25,379.75
1441756800,379.75,383.75,377.25,380.25
1441843200,380,386,378.25,385.5
1441929600,385.5,398.75,375.75,398.25
1442188800,398,405,397.5,404.75
1442275200,403.75,406.25,400,401.75
1442361600,401,402.25,394.25,397.25
1442448000,396.5,396.75,390.75,391
1442534400,391.25,393.75,388,388.5
1442793600,387.75,396.75,386.5,396
1442880000,395.25,395.75,388.75,392.25
1442966400,391.5,396,390.75,394.75
1443052800,394.5,395.25,390.75,392.75
1443139200,392.75,400.5,392.5,400.25
1443398400,399.5,403.5,394.75,398
1443484800,398.25,400.5,396.25,399.75
1443571200,399.75,405,394.25,398.75
1443657600,398.5,403.75,396,399.75
1443744000,399,401.5,394.5,399.5
1444003200,399.25,404,399.25,403.75
1444089600,403,409.25,402.25,408.5
1444176000,407.75,410,404.25,406.25
1444262400,405,406.25,401,401.75
1444348800,401.5,404.75,392,393.5
1444608000,393,395.75,390.75,391.75
1444694400,391.75,395.75,390,395.5
1444780800,395.5,397.25,389.25,389.75
1444867200,389.5,390.5,386,386.5
1444953600,386.5,388.75,383.75,387.75
1445212800,387.75,388.25,383.25,383.75
1445299200,383.5,388.5,382.75,387.25
1445385600,387.5,390.75,385.25,390.25
1445472000,390,392.75,387,388
1445558400,387.25,389,384,388.75
1445817600,388.75,394.5,386.75,393.5
1445904000,392.75,396.75,388.75,389.75
1445990400,389.25,390.25,385.25,386
1446076800,386,390.25,385.25,389.75
1446163200,389.25,393,388.75,391.5
1446426000,390.75,391,384.75,385.25
1446512400,385.25,390.5,384.25,388.75
1446598800,387.75,391.5,385,388.25
1446685200,387.25,387.5,382,382.75
1446771600,383,383.25,378.5,381.75
1447030800,381.25,384.25,375.75,376
1447117200,376.25,376.5,365,368
1447203600,369,371.25,368,370
1447290000,369.5,370.75,366.75,369.5
1447376400,369,369.75,365.25,365.5
1447635600,365.5,368,364.25,366.75
1447722000,366.75,369,364.5,368
1447808400,367.5,370.25,365.25,368.25
1447894800,368,371.5,366.5,370.25
1447981200,369,372.5,368.5,369.75
1448240400,368.75,373.5,366.5,373
1448326800,372.5,372.75,369,369.5
1448413200,369.5,373,369.25,372.75
1448586000,372,372.5,367,367.25
1448845200,372.5,379.75,372.25,378
1448931600,378,381,376.5,379.25
1449018000,379,379.25,375.5,376
1449104400,375.75,383.5,373.5,382.75
1449190800,382.5,387.5,382,387.25
1449450000,386.5,387.75,378.5,378.75
1449536400,379.25,381,378.25,379.25
1449622800,379.25,384.75,376.25,379.25
1449709200,379.25,385,378,384.25
1449795600,383.75,385.25,379.75,380.25
1450054800,380,385,379.75,384.25
1450141200,383.5,384.5,381,382.25
1450227600,382,383,374.75,375.25
1450314000,375.75,380.75,368.5,380.25
1450400400,380,385.25,378.5,380.5
1450659600,380.25,383.25,376,378
1450746000,378,380.75,372.25,372.5
1450832400,372.75,374,371,371.75
1450918800,371.5,372.25,370,370.75
1451264400,370.75,372,367,367.75
1451350800,367.75,369.5,363.75,369
1451437200,369,370.25,364.25,365.25
1451523600,365,366,363.5,364.5
1451869200,365,365.75,356.75,357.5
1451955600,358.75,361.5,357.5,358.5
1452042000,359,360,355.5,358.5
1452128400,358.5,359.5,354.25,358.5
1452214800,358.25,363.25,358,362.75
1452474000,362.75,363,355.5,357.5
1452560400,357.25,368.5,355.25,362.25
1452646800,361.5,365.75,361,363
1452733200,362.75,365,360.5,362.75
1452819600,362.5,368,360.75,367.5
1453165200,368,373.75,368,372
1453251600,371.5,373.75,370,373.25
1453338000,373,376.25,370.25,371.75
1453424400,371.5,376,371.25,374.75
1453683600,374,376.75,372.5,374.75
1453770000,374,377,372,374.5
1453856400,373.75,376,372.5,374.5
1453942800,373.75,375,370,370.5
1454029200,370.25,377.25,370,376.75
1454288400,376,376.25,372.5,375.75
1454374800,375.5,378,373.5,377.5
1454461200,377,378.25,375,376
1454547600,376,378.25,373,373.5
1454634000,374,374.5,370,370.75
1454893200,370.5,371.5,366.25,367
1454979600,366.75,367.5,364,366
1455066000,366,366.5,364,365.25
1455152400,365,368,363.25,365
1455238800,365,366.75,363.25,363.5
1455584400,364,368.25,364,367.75
1455670800,367.25,371.75,366.5,371.5
1455757200,371.25,372.5,369.5,369.75
1455843600,369.25,371.25,368.75,369.25
1456102800,370,373.5,370,372.25
1456189200,371.75,372,366.25,366.75
1456275600,366.5,367.75,363.75,364.5
1456362000,364.5,366.5,360,360.5
1456448400,360.75,361.5,357.5,359.5
1456707600,364,366.25,361.5,361.75
1456794000,361.75,363.5,360,360.25
1456880400,360.25,362,359.5,360.75
1456966800,360.25,362.25,359,361.25
1457053200,361,365.5,360.75,363.5
1457312400,365.5,367.25,363.75,364.75
1457398800,364.25,367.75,361.75,365.75
1457485200,365.25,366.5,362.5,364.5
1457571600,364.25,368.25,363,367.5
1457658000,366.25,369.75,366.25,369.5
1457913600,370,374,370,373.5
1458000000,372.5,374,371,373.5
1458086400,372.5,373.5,370.75,373.25
1458172800,373,376.75,371,373
1458259200,372.5,373.75,370.5,371.75
1458518400,371.25,374.5,370.5,374.25
1458604800,373.75,376.5,373.5,374.75
1458691200,374,374.75,370.5,373.25
1458777600,373,374.5,371.5,374.5
1459123200,374,376.5,372,374.75
1459209600,374.5,377.25,372.75,377.25
1459296000,377,378.25,371,371.5
1459382400,371.25,371.75,351.5,355.75
1459468800,356,358,351.25,357.75
1459728000,357.5,358.25,354.5,357.75
1459814400,358,360,356.75,360
1459900800,359.75,361.75,358.25,360.75
1459987200,360.5,364.5,360.5,364
1460073600,363.75,365.25,361.5,365
1460332800,365,365,358.75,359.75
1460419200,359.75,368,359.5,365.5
1460505600,365.5,377.25,365.25,377
1460592000,375.75,378.5,373.5,378
1460678400,377.5,384,375.5,382
1460937600,379,387.5,378.5,385
1461024000,383.75,390.75,383.75,389.5
1461110400,389.5,400.75,388.25,399.75
1461196800,399,407.25,388.5,389.75
1461283200,389,389.25,374.5,375.5
1461542400,374.75,389.5,372,381.75
1461628800,382,387.75,378.5,387.25
1461715200,386.75,387.75,381.5,384.75
1461801600,383.75,395.25,382.5,391.25
1461888000,390,393.75,387.25,391.75
1462147200,390.75,392.75,384.75,392.25
1462233600,392,394.75,378.75,381.5
1462320000,381.5,383.75,378.5,379
1462406400,379,381.5,374,375.75
1462492800,375.75,380.25,375.25,379.5
1462752000,380.25,382.5,370.25,371
1462838400,370.75,387.25,370,382.75
1462924800,382.5,385.25,377.25,380.25
1463011200,380.5,392,380.5,391.75
1463097600,391,393.75,387.75,393.25
1463356800,393,396.25,389.25,396
1463443200,394.5,400.5,393.5,399.75
1463529600,399.5,402.75,396.75,402.25
1463616000,400.25,400.25,387.75,392.5
1463702400,392.5,398.75,391.5,396.75
1463961600,396.25,401.25,393,399.75
1464048000,399.25,404.75,396.5,400
1464134400,398.75,407.5,398.25,407.25
1464220800,406.5,411.25,402.5,410.5
1464307200,409.75,414.75,408.5,414.25
1464652800,413.5,414.25,406,406.75
1464739200,406.25,415.5,403.25,415
1464825600,415,419.75,414,415.75
1464912000,414,420.25,411.75,419.75
1465171200,420.5,429.5,420.25,429
1465257600,427.75,430.75,424.75,430.5
1465344000,430,442,429.5,434.75
1465430400,432.5,433.5,427,430.5
1465516800,430,440.75,424.25,427.5
1465776000,431.75,442.75,431.75,435.5
1465862400,435,442.25,428.75,441.75
1465948800,441,444,433.5,434
1466035200,431,435.25,425.5,430.5
1466121600,429.75,443.5,428.25,442.75
1466380800,440.5,440.75,426.25,426.75
1466467200,425.75,428,401.75,402.25
1466553600,402.25,406.5,397.5,398.25
1466640000,397.75,398,389.5,392.5
1466726400,392.5,395,378,389
1466985600,389.25,396.75,387.5,389.25
1467072000,387,402,386.5,388.75
1467158400,389,390.75,377.25,377.75
1467244800,385.5,387.75,365.25,371.25
1467331200,373.25,375,365.75,367
1467676800,360,363,348,358
1467763200,357.5,359.25,346,348.25
1467849600,349.75,360.5,347.5,348.5
1467936000,349.5,363,349,362.5
1468195200,367,368,351.25,355.5
1468281600,356.25,362.75,350,360.25
1468368000,361.25,375.5,359.75,369.75
1468454400,369,380,362.75,364.75
1468540800,363.25,368,350,358.25
1468800000,357.5,363.75,354.25,363.25
1468886400,362.5,362.75,348.25,348.5
1468972800,351,353.5,341.5,344.25
1469059200,344.25,348.5,339.25,340.75
1469145600,340.75,343.25,333.25,341.75
1469404800,341.5,345,336.75,341.25
1469491200,340.25,343.5,337.75,339.5
1469577600,339.5,345.25,338.75,343
1469664000,343,346,336.75,338.75
1469750400,338.75,343.25,336,342.75
1470009600,340.75,342.25,334,334.25
1470096000,333.75,336.5,329,334
1470182400,333.75,338.5,332.25,335
1470268800,335,336.5,330.75,331
1470355200,330.5,335,330,334.25
1470614400,334.25,337,331.5,334.75
1470700800,334.75,336.25,331.75,332.5
1470787200,332.25,336,331.5,333
1470873600,333,334.25,331,331.75
1470960000,331.5,333.75,322.5,333
1471219200,332,339.25,331.5,337
1471305600,337,339.25,334.25,337.25
1471392000,337,340,336,339.75
1471478400,339.5,343,336.25,342
1471564800,342.25,344.25,340,343.75
1471824000,343.25,344,340,342.5
1471910400,342,342.25,335.25,337.25
1471996800,337,339.5,334.5,336.25
1472083200,336,337.75,331.25,332
1472169600,332,334,324.5,325
1472428800,325,327.25,320,320.75
1472515200,331,332,325.5,325.75
1472601600,326,329.25,325,326
1472688000,326,335.5,325.5,334.25
1472774400,334.25,340,334.25,338.5
1473120000,337.75,339.25,333.25,338.75
1473206400,337.5,344,336.5,343
1473292800,343.5,348.5,342.5,348.5
1473379200,348,352.25,344.5,351.5
1473638400,351,353.75,346.5,350
1473724800,350,351.75,340,340.75
1473811200,340.75,343,337,342.5
1473897600,342,345.5,338.25,340.25
1473984000,340,348.25,337.75,347.25
1474243200,347,350,342.5,347.5
1474329600,346.5,352.5,345.5,350.75
1474416000,349.5,350.75,348,350
1474502400,349.25,351.25,345,346.75
1474588800,346.25,348.5,344,346.25
1474848000,344,346.25,338.5,339
1474934400,339,342.25,337.25,341.75
1475020800,341.5,342.25,338.75,339
1475107200,339.5,343.25,338,339
1475193600,339,347.25,335,346.5
1475452800,346,357.5,345,355.75
1475539200,355,359,353.25,358.25
1475625600,357.75,359.25,355,357.5
1475712000,357,357.5,348.25,350.25
1475798400,350.5,354.25,349.25,349.5
1476057600,349.25,354.25,349,353.25
1476144000,352.75,356.5,351,355.25
1476230400,354.5,358,346.5,347
1476316800,347.25,359.75,347.25,359.5
1476403200,359,368.25,358.75,363.75
1476662400,362.5,367.25,360,364
1476748800,363.75,367.25,361.25,363.5
1476835200,363,368,360.75,367.25
1476921600,367,369,359,360.75
1477008000,360.75,363.5,360,362.25
1477267200,361,363.75,356,358
1477353600,357.75,362,356.75,359
1477440000,358.75,364.75,358.75,363.25
1477526400,362.75,367.25,361,366.25
1477612800,366,366.5,362.5,363.25
1477872000,363,366,360.25,362.75
1477958400,362.25,362.75,355.5,357.75
1478044800,357.25,359.25,353.5,355.5
1478131200,355,358,354,357
1478217600,357,358.5,354.5,357.5
1478480400,357,358.25,354,355.25
1478566800,355,365.25,354.25,362.75
1478653200,361,363.5,349.25,349.75
1478739600,350.25,355.5,349,352
1478826000,351.5,353.5,347.5,349
1479085200,348.75,349.75,344,345.25
1479171600,344.75,350,343.75,349.25
1479258000,349,351.25,346.25,346.5
1479344400,346.75,351,345.75,349.75
1479430800,349.75,354.25,348.25,353.5
1479690000,353,358,352.75,357.75
1479776400,357.25,359.5,354,359
1479862800,358.5,359.5,354.25,359.25
1480035600,358.5,359.25,357.25,358.25
1480294800,358.5,362.5,355.75,358.25
1480381200,357.5,357.75,348,349
1480467600,356.5,360.25,355,355.75
1480554000,356,357,349.25,350
1480640400,351.25,354.75,350.25,354.25
1480899600,354.5,366.5,354.25,366.25
1480986000,364.75,370.5,364.25,367.25
1481072400,366,367.25,363,364.75
1481158800,364.25,366.75,357,360.25
1481245200,361,366.5,358,366.25
1481504400,366,367.5,362.75,367.25
1481590800,367,371.25,366,367.75
1481677200,367.5,368.75,365,368.5
1481763600,368.5,369.5,362.75,363.25
1481850000,362.75,365.5,360.25,363
1482109200,363,363.5,358.25,360
1482195600,360,360.25,356.25,357
1482282000,356.75,357.75,353.75,354
1482368400,354,354.75,352.75,354
1482454800,354,354.25,352,352.5
1482800400,353,362.25,353,361.25
1482886800,360,361,353.75,354.75
1482973200,354.5,357,353.75,355.75
1483059600,355.5,358.5,353.75,357.5
1483405200,357.5,364,357.5,361.5
1483491600,360.75,366,360.5,365.75
1483578000,365.25,368.75,364.5,367.5
1483664400,367,369,363.5,364.75
1483923600,365.75,367.75,362,367
1484010000,366,366.25,364.25,365.25
1484096400,365,365,359,364
1484182800,363.75,366.5,359.75,364.75
1484269200,364.25,366,362,365.5
1484614800,365.5,373.5,365.25,372.75
1484701200,371.75,374.75,370.25,372.25
1484787600,371,374.5,369.75,373.25
1484874000,372.75,376.75,371.75,376.25
1485133200,376,376.75,374.25,376.5
1485219600,376,377.75,369.5,370.5
1485306000,370,374,368.25,373.5
1485392400,373,373.75,369,371
1485478800,370.5,371.5,367.5,369.75
1485738000,368.75,369,363,365
1485824400,365.25,368.5,365,367
1485910800,367,375.75,365.25,375.75
1485997200,374.5,377,373.5,375
1486083600,372.5,375.25,371.5,372.75
1486342800,371.75,376,370,371.25
1486429200,371.25,376.25,370,376
1486515600,375.5,378.75,374.25,378.5
1486602000,377.25,380.25,375.25,377.25
1486688400,376.25,382.75,376,382
1486947600,381,384,379.5,382.75
1487034000,382.25,382.5,380.25,381.75
1487120400,381.25,386,379,386
1487206800,385,387.25,380.25,381
1487293200,380.5,380.75,375.25,375.5
1487638800,375.5,377.75,373.5,376.5
1487725200,376.25,379.75,376.25,378.25
1487811600,377.5,379,372.25,372.5
1487898000,372.5,373.5,369.25,370.75
1488157200,371,372.5,367.25,368.25
1488243600,376.25,393,375.75,381
1488330000,380.25,389.5,379.75,389.25
1488416400,388.25,389.25,383.5,386.25
1488502800,384.75,388.25,384.25,387.25
1488762000,387,389.25,383.25,385.5
1488848400,385.25,386.25,380.25,383.25
1488934800,383,384,379,379.75
1489021200,379.75,381.25,373.5,374.5
1489107600,374.25,375,370.25,372
1489363200,371.75,372.75,368,368.5
1489449600,368.5,372,367.5,369.75
1489536000,369.75,372.25,369.25,371
1489622400,371,374.5,371,373.5
1489708800,373.5,375,372,375
1489968000,376.25,377.75,370.75,371.25
1490054400,371,371.75,366.75,368.75
1490140800,368.75,369.5,366,366.5
1490227200,366.25,367.25,364,364.5
1490313600,364.75,365.75,363,363.75
1490572800,364.5,366,361.75,363.5
1490659200,363.5,366.5,363.5,365.5
1490745600,364.75,368.25,364.25,366
1490832000,366,366.25,364.25,365
1490918400,365.5,374.25,362.75,371.75
1491177600,373.25,379.25,373.25,375.25
1491264000,374,377.25,370.5,370.75
1491350400,370.75,373.5,369.25,372.5
1491436800,372,373,367.75,368.5
1491523200,368.25,369.5,365.25,367.25
1491782400,367.5,374.5,366.25,374.5
1491868800,373.5,376.25,369.5,373.75
1491955200,373.75,378.5,373.25,376
1492041600,376,379.5,375.5,378
1492387200,377.5,378.75,372,373.25
1492473600,373,374.5,367.25,368.25
1492560000,368,371.75,367.25,368.25
1492646400,368.25,370.75,363.75,364.25
1492732800,363.75,365.25,360.75,363.75
1492992000,364,367,362.5,365.5
1493078400,365.5,374.75,362.5,371.75
1493164800,371.75,374.5,366,366.75
1493251200,366.5,371.25,366,369.25
1493337600,375,376.5,371,374.25
1493596800,378.75,386,377.25,384.75
1493683200,384,385.5,377.5,379.75
1493769600,379.5,383,377.75,382
1493856000,381.75,383.25,373.5,374
1493942400,375,381.25,374,378.25
1494201600,377,378.75,372.75,374
1494288000,374,377.25,373.75,374.5
1494374400,374.25,381.75,373.75,381.75
1494460800,380.75,381.75,376.5,377.25
1494547200,377,379.25,375.75,379
1494806400,378.5,379.75,375,375.5
1494892800,375,376.5,373,375.75
1494979200,375,379.75,374.25,379.25
1495065600,379,379,372,373.75
1495152000,373.75,380.5,373.5,379.75
1495411200,380,384.75,379.25,382.5
1495497600,382,383,376.5,377
1495584000,377.75,379.25,376.5,379
1495670400,379,380.75,376.5,377
1495756800,377,382.5,376.25,381.75
1496102400,381,381.5,374.25,375
1496188800,377.75,384.25,377.25,380
1496275200,379.5,381.75,375.25,378.5
1496361600,378.25,382.25,377.5,380.75
1496620800,381,383.25,380,381.25
1496707200,380.25,387.75,379.5,385.5
1496793600,386.25,394.25,386.25,392.25
1496880000,392.5,399.25,392,393.5
1496966400,391.5,397.25,388.5,395.75
1497225600,393.75,395,384,385
1497312000,387.25,391.5,385.25,388.5
1497398400,388.5,392.75,384.25,385
1497484800,384.75,389.75,378,387.5
1497571200,386.75,392.25,385,392
1497830400,386.25,389.25,383,383.25
1497916800,384.5,385.5,377,378
1498003200,377.5,381.25,376,376.75
1498089600,376.75,377.25,370.5,370.75
1498176000,370.75,372.5,364.5,365.5
1498435200,366,369.5,365.25,367.25
1498521600,369,372.5,367.5,367.75
1498608000,368.25,369,366,366.25
1498694400,366.25,372,365.75,369.5
1498780800,380.75,393.75,380,392
1499040000,395,407,394.25,399.25
1499212800,401.75,405,396.75,404
1499299200,402,403.5,394,402.75
1499385600,402,409,400.25,404.75
1499644800,410,415,409,414.75
1499731200,416,417.25,407,414.25
1499817600,412.5,413.5,397.5,398.75
1499904000,398.25,398.5,381.75,383
1499990400,383.5,391.75,383,389.5
1500249600,389,391.75,383.5,388
1500336000,394,402,389,390.75
1500422400,390,402.5,387.75,396.25
1500508800,396.25,406.75,394.5,404.75
1500595200,404.5,404.75,392.5,393.5
1500854400,389,391.25,384.75,390.75
1500940800,395.5,397.5,382,382.25
1501027200,382,386.25,379.25,386
1501113600,387.25,390.5,386.25,387.75
1501200000,387,390.75,386.5,388
1501459200,384.5,386,381.25,384.75
1501545600,383,385.5,375.75,376.5
1501632000,378.25,381.25,377.75,379
1501718400,379,381.25,375,377.75
1501804800,378,382.5,377.5,381
1502064000,382.75,387,382.75,386.75
1502150400,387,388.75,382.5,383.75
1502236800,383.25,386.75,383,386.25
1502323200,385.5,389,370.25,371
1502409600,373,375.25,371,374.75
1502668800,373,376.75,370,376.25
1502755200,374.5,374.75,367.5,368.5
1502841600,368.25,370,363.25,366.5
1502928000,366.5,367.75,363.5,364.25
1503014400,364,366.25,363.5,365.75
1503273600,364.25,364.5,360.75,363
1503360000,363,365.25,360,360
1503446400,360.25,362.75,355.5,355.75
1503532800,355.5,356.75,354.5,356.25
1503619200,356.25,357,352.5,353.5
1503878400,353.25,355,350.5,351
1503964800,350.75,351,347,348.75
1504051200,361.25,362,358,358.25
1504137600,358.25,371,357.25,370.5
1504224000,369.75,373,365.75,367.75
1504569600,367.5,373.25,367.5,371
1504656000,370.25,374.5,368.75,373.5
1504742400,372.75,373,367.25,367.75
1504828800,367.75,371,367.75,369
1505088000,369,371.5,367.25,369.75
1505174400,369,369.25,358,363.75
1505260800,363.75,368.75,362.75,363.75
1505347200,365.5,368.5,365.25,366.5
1505433600,366,367.75,365,367.25
1505692800,365.75,368,363,364
1505779200,363.5,365.75,359,360.75
1505865600,360.5,364,360,362.5
1505952000,362.25,364,361,363
1506038400,362.25,368.75,362.25,366
1506297600,365.5,367.5,364,366.5
1506384000,365.5,368.25,364.5,365.25
1506470400,365,367.5,361.25,366.75
1506556800,366,366.5,363.5,365.25
1506643200,364.75,370.5,362.75,367.75
1506902400,367.25,368.75,363.75,364.25
1506988800,364,364.25,361.75,362.25
1507075200,362,362.5,359,361.25
1507161600,361,364.25,360.25,362.5
1507248000,362.25,364,361.5,363.25
1507507200,363.5,364.75,361,362.75
1507593600,362,364.5,361.75,362.75
1507680000,362.25,362.25,359,359.5
1507766400,359.25,367.75,356.25,362.75
1507852800,362.25,367.25,362,366.5
1508112000,366,366.75,363.5,364.25
1508198400,363.75,365.25,362,363.75
1508284800,363.75,364,361.5,362.25
1508371200,362.5,365,362.25,362.75
1508457600,362.75,363.75,358.25,358.5
1508716800,358.25,365.75,357,365.25
1508803200,364.75,367,363.5,366.75
1508889600,366.5,369.25,364.5,365.25
1508976000,365,366,363.25,364.5
1509062400,364.25,364.25,361.5,362.5
1509321600,362.25,363.5,361.25,362.75
1509408000,362,362.75,359.25,359.5
1509494400,359.5,363,359.25,361.75
1509580800,361.25,365.25,360.75,364
1509667200,363.75,364.5,361,362
1509930000,362.25,364,361.25,361.5
1510016400,361.25,361.5,359.75,361
1510102800,360.75,361.75,359,361.25
1510189200,360.5,362.5,354,354.75
1510275600,355,357,354.25,356.75
1510534800,356,356.75,354.25,355
1510621200,354.5,354.75,350,350.5
1510707600,350.25,351.75,350,351
1510794000,350.75,351.5,348.75,349
1510880400,348.75,355.5,348.75,355
1511139600,354.5,357,353.25,356.5
1511226000,355,356.75,353.75,356.25
1511312400,355.5,358,355.25,357
1511485200,356,357.75,352.5,355
1511744400,354.75,355.25,351.25,351.75
1511830800,352,352.5,349.25,349.75
1511917200,349.5,354,349.25,353.5
1512003600,361.5,365.25,360,363.75
1512090000,363.5,367.25,362.5,366.5
1512349200,366.75,368.5,360.75,362
1512435600,361.75,365.25,361,362.25
1512522000,361.5,364.25,359.75,361
1512608400,360.5,361.75,359,360
1512694800,360,362.25,359.75,361
1512954000,360.25,360.5,356.75,357.25
1513040400,357.5,361,356,356
1513126800,356.25,358.25,356,357.25
1513213200,357.25,358.75,356.25,356.75
1513299600,357,359,355,355.75
1513558800,355.5,357,355,355.25
1513645200,355.25,357,355,355.75
1513731600,355.75,358.25,355.75,357.5
1513818000,357.25,360.25,357,359.5
1513904400,359,360.75,358.75,360.5
1514250000,360.25,361.5,359.25,361
1514336400,360.25,362.75,360,362.25
1514422800,361.5,362,358.5,360.25
1514509200,359.5,359.75,358.5,359
1514854800,359.5,362.25,359,361.25
1514941200,361,362.75,360.25,361.25
1515027600,361,361.75,358.75,359.25
1515114000,359,360.5,358.5,359.25
1515373200,358.75,359.5,355,355.5
1515459600,355.5,358.25,355.25,357.25
1515546000,357,358,356.25,357
1515632400,357,358.5,356.25,357
1515718800,357,358,353.75,354.75
1516064400,355.75,357.5,354.25,356.75
1516150800,356.75,361.25,356.25,361
1516237200,360.5,361.75,358.75,359.5
1516323600,359.5,362.25,359.25,360.75
1516582800,361.5,362.75,359.75,360.5
1516669200,360.25,360.25,358,359.75
1516755600,359.5,365.25,358.25,364.75
1516842000,364.5,366.5,363,363.75
1516928400,363.25,365.5,363,365
1517187600,365,367.75,365,367
1517274000,367.25,370.25,367.25,369.75
1517360400,369.5,370.25,367.75,369.5
1517446800,369,370.25,366.5,370
1517533200,369.25,370.5,367.75,369.5
1517792400,367.5,368.75,365.25,366.5
1517878800,366.5,371.5,364.25,371.25
1517965200,371,373,370,372.75
1518051600,372.5,375,372.25,373.25
1518138000,372.25,373,369.25,369.75
1518397200,372.5,374.75,372.25,374.75
1518483600,374,376,373.75,374.25
1518570000,374,376,372.5,374.75
1518656400,374.25,376,373,375.5
1518742800,375.25,376,374.25,375
1519088400,376.25,378,373.25,373.75
1519174800,373.75,376.5,372.25,374
1519261200,373.75,375.25,372.5,374.75
1519347600,374.75,376.25,373.5,374.5
1519606800,374.75,378.75,374.75,377.25
1519693200,377,379.5,376.5,379.25
1519779600,386.75,391.75,386,389.5
1519866000,389.25,393.75,387,393.5
1519952400,393.25,394.75,390.75,392.5
1520211600,392.25,394.5,391.25,394.5
1520298000,393.75,395.75,392.75,395.5
1520384400,395,395.75,393.75,394.5
1520470800,393.5,400.5,392.75,400.5
1520557200,399.75,400,397,398
1520812800,397,399,394.5,398.5
1520899200,397.75,402.75,397.5,399.75
1520985600,399,401.25,396,396.75
1521072000,396,398.25,393.25,394.5
1521158400,394,395.25,390.5,391
1521417600,390,390,383,383.25
1521504000,383.5,385,381.25,382.5
1521590400,383,383.75,381.75,383
1521676800,383,385.5,382,384.25
1521763200,384.5,386.25,377.5,385.75
1522022400,386.5,388.75,382,382.5
1522108800,382.5,384.5,380.75,382.5
1522195200,382.75,383.25,380.5,382.25
1522281600,382.75,397.5,382,396.25
1522627200,397.25,401,395.5,395.75
1522713600,395.75,400.5,395.25,397.25
1522800000,396.5,397.5,380.5,389.75
1522886400,390.75,398.25,389.75,398.25
1522972800,392,398.5,390.75,397
1523232000,398.75,400.75,397.25,399
1523318400,398.25,400.5,396.5,397.75
1523404800,398,399,394.25,395.75
1523491200,395,397.75,393.75,397.25
1523577600,396.75,397.5,393.25,394.5
1523836800,393.5,394.5,390.5,391
1523923200,391.25,392.75,388.5,389.25
1524009600,389.5,392.25,388.75,391.75
1524096000,391.75,392.5,389.75,391
1524182400,390.25,390.75,385.25,385.5
1524441600,385.25,388,385.25,387.5
1524528000,387.5,390.5,386,390
1524614400,390,396.5,389.5,395.75
1524700800,395,396.25,393.25,395.25
1524787200,394.75,399,394.25,398.5
1525046400,406.5,410.5,406,407.5
1525132800,407.75,413,406.5,412.75
1525219200,412,413.75,411.25,412.75
1525305600,412.25,415.75,411,415.5
1525392000,415,415.5,413,413.75
1525651200,412.5,413.25,408,408.5
1525737600,408,411.5,407.25,411.25
1525824000,411.5,412.5,410,411
1525910400,411,414.75,408,410.25
1525996800,409.75,409.75,404,405
1526256000,404.75,406,402.75,404.75
1526342400,404.5,410.75,404.25,410.5
1526428800,410,413,406.25,407.5
1526515200,407.5,410.5,403.5,403.5
1526601600,403.5,411.75,403.25,411
1526860800,413.75,415.75,409.75,411.25
1526947200,410.5,415.5,409.5,413.5
1527033600,413,417.5,412,417.25
1527120000,417,420.75,412.5,413
1527206400,413,415.5,412,415
1527552000,417.75,418.75,406.5,409
1527638400,407.25,407.25,400,402.5
1527724800,402.5,407.5,402.5,403.25
1527811200,403,406,400,400.5
1528070400,398.75,398.75,389.75,389.75
1528156800,390,394.25,389.25,393
1528243200,393.75,396,387.5,387.75
1528329600,388.5,391.25,383.5,385.25
1528416000,385.25,387.75,382.5,386.5
1528675200,385.5,387.5,376,376.25
1528761600,377,388.5,376.5,386.75
1528848000,387,389,382.5,385.5
1528934400,383.5,383.75,372.25,372.75
1529020800,383.5,383.75,365.25,370.75
1529280000,369.25,371.75,363.5,365.5
1529366400,365.5,367.5,348.25,363.25
1529452800,363.5,366.75,357,363.75
1529539200,363.75,368.5,358.75,366.5
1529625600,367,368.75,364.25,366.5
1529884800,367.75,368.5,358.25,359.5
1529971200,359.25,363.75,356.75,361.25
1530057600,361.25,365.25,360.5,361.75
1530144000,372,373,365.5,366
1530230400,367,376.75,366.5,371.25
1530489600,372.5,374,358.5,359
1530576000,361.25,366.75,359.75,364.25
1530748800,366.75,370,362.5,364.5
1530835200,363,374,362,373
1531094400,372,372,363.25,367
1531180800,365.5,367,357,360.75
1531267200,358.25,360.5,352.75,353.25
1531353600,355,363.25,350.25,359.25
1531440000,358.75,360,352,354.75
1531699200,353,359.25,352.25,355.25
1531785600,358.75,362.25,357.75,359.75
1531872000,359.75,362.75,359.5,361
1531958400,360.75,366,358.75,365
1532044800,365.25,369.75,363.75,369
1532304000,370,372.25,368.5,371.25
1532390400,369,370.5,365.25,366
1532476800,366,374,366,373.25
1532563200,375.25,379.75,374.25,375.75
1532649600,374.75,378,373.5,376.25
1532908800,378.75,383.25,377.5,381.25
1532995200,381.25,388.5,380.25,386.5
1533081600,386.25,387.25,378.25,379.5
1533168000,379.75,387.25,379.25,381.25
1533254400,381.25,385.75,379,384.25
1533513600,384.5,386.25,382.5,385.25
1533600000,385.25,388,383.25,384.5
1533686400,384.5,387.5,383.75,385
1533772800,384.75,386.5,380.25,382.75
1533859200,382,383.5,370.75,371.75
1534118400,371.5,371.75,366,370.5
1534204800,370.75,377.25,370.5,376.5
1534291200,376.5,377.75,373.25,376
1534377600,376,382,375,379.75
1534464000,379.5,382.5,376,378.75
1534723200,379.5,380.5,373.75,376.5
1534809600,377.25,378.25,372.75,374.25
1534896000,373.75,373.75,366.5,366.75
1534982400,367.5,369.5,360.5,361
1535068800,360.75,364.5,360.5,362.75
1535328000,363,363.25,357.5,361.5
1535414400,360.5,362.5,356,356.25
1535500800,356.25,359,355.25,356.5
1535587200,369.5,371.75,368.75,369.25
1535673600,369.25,378,368.75,377.25
1536019200,377.75,380.25,373.25,379.75
1536105600,380,381.25,376,377.25
1536192000,377.25,379.5,375.25,378.25
1536278400,378.25,380.5,375.5,379.25
1536537600,379,380.25,376.5,379.25
1536624000,379,380.75,377.75,378.5
1536710400,378.25,378.25,363.25,365
1536796800,366.75,368,361.75,362.75
1536883200,363,364.75,362,363.75
1537142400,363,363.75,359.75,360
1537228800,360.25,360.75,354.75,355.5
1537315200,355.5,359.25,355.25,358
1537401600,357.5,368.5,357.25,364.75
1537488000,364.75,369.75,364.5,369.25
1537747200,369.25,374,368,372.5
1537833600,372.25,376.25,369.75,375.75
1537920000,375.5,376.75,373.5,375
1538006400,374.75,377.5,373.25,376.5
1538092800,376.5,378.25,366.75,368
1538352000,368.5,378.5,368.5,377.75
1538438400,376.75,381,375.25,379.5
1538524800,379.75,380.75,376.25,376.75
1538611200,377,380.25,376.5,379.25
1538697600,379,381,374.75,380
1538956800,380.25,381,376,378.5
1539043200,378.25,379.75,375.75,376.5
1539129600,376.5,377.25,373.75,374.75
1539216000,374,384.75,372.25,381.25
1539302400,381,385.75,380.5,385.75
1539561600,385,390.5,383.5,390.25
1539648000,389,389.25,385.75,387.25
1539734400,387.25,388.25,385.25,386.5
1539820800,385.25,385.5,381.5,383
1539907200,382.75,383,378.5,379.5
1540166400,378,382.75,378,381.75
1540252800,381.5,384.75,380.25,382.5
1540339200,381.5,381.75,380,380.5
1540425600,380,380.5,372.75,373.5
1540512000,374,382.25,374,380
1540771200,380.25,384,377.75,379.25
1540857600,379,380.25,376.75,377.25
1540944000,377,377.75,375,375.75
1541030400,375.75,383,375,378.75
1541116800,378.25,384.75,377.25,383.25
1541379600,383,386.25,381.5,385.75
1541466000,385.25,386.25,383.75,385.25
1541552400,384,385,383,383.75
1541638800,383.5,390,377.75,385.25
1541725200,384.25,385.25,379.5,381.25
1541984400,380.5,383.5,379.25,382.25
1542070800,380.75,382,376.75,377.75
1542157200,377.25,379.25,376.75,378
1542243600,377.75,383,377.75,378.25
1542330000,378,379.75,374,375.75
1542589200,375.5,377,372,373.25
1542675600,373.5,374.5,372,372.25
1542762000,372.25,374,371,372.75
1542934800,372,372.5,370.25,370.5
1543194000,371,372,367.25,368
1543280400,368,370.5,367.5,368.5
1543366800,368.5,373.75,368,373.25
1543453200,373,375.75,371.75,373.25
1543539600,380.25,385.5,380,385
1543798800,390,392,388,389.25
1543885200,388.25,391.75,387,391.5
1543971600,390.5,393.5,389.75,391.25
1544058000,391.25,392,387.25,390
1544144400,389.75,393.25,389.75,392.75
1544403600,391.75,393.25,390.75,391.25
1544490000,390.5,393.25,388.75,392.25
1544576400,392.25,395,391.75,392.75
1544662800,392,394,390.5,391.75
1544749200,391.25,395,390.75,392.25
1545008400,391.75,393.5,390.75,391.75
1545094800,391.5,394,391,393.5
1545181200,392.75,393,389.5,389.75
1545267600,389.75,390.75,383,383
1545354000,383.5,387.25,382.75,386.25
1545613200,385.75,386.5,382.75,385.75
1545786000,386.25,387,380.5,381.25
1545872400,381,384.25,381,382.25
1545958800,382.25,385.25,382.25,383.25
1546218000,383.25,384.75,380.5,383
1546390800,383,385.5,381.75,383.5
1546477200,383.25,388.25,382.75,387.5
1546563600,387.5,391.25,387.5,391
1546822800,390.25,391.75,389.75,390.25
1546909200,390.5,392.25,387,388
1546995600,388.5,391.25,388.25,390
1547082000,389.5,390.75,384.25,384.5
1547168400,385.25,387.75,385,386.75
1547427600,387,389.5,385.25,387
1547514000,387.75,389.25,379.75,379.75
1547600400,381.25,383.25,381.25,382.25
1547686800,382.5,389.5,382.25,388
1547773200,388,391,386.25,390
1548118800,388.75,390.5,385.25,387.25
1548205200,388,390.25,386.5,387.25
1548291600,387.25,388.25,384.25,385.5
1548378000,385.5,389,384.25,388.75
1548637200,387.75,389.25,386.25,388.25
1548723600,388,389,384.5,386
1548810000,386.25,390,386.25,389.75
1548896400,389.5,389.75,384.25,385.25
1548982800,385.25,389,385,387
1549242000,386.25,388.5,385.25,387.5
1549328400,388,389.75,385.5,389
1549414800,388.5,389,387.25,388
1549501200,388,388.25,384,384.25
1549587600,384.25,389.25,381.75,382.25
1549846800,382.25,383,379.5,380.75
1549933200,381.5,386.5,381,386.25
1550019600,385.5,387.25,384.5,386.75
1550106000,386.75,387,382.25,383
1550192400,383,385,381.5,382.75
1550538000,382.5,384.25,377,378
1550624400,379.75,381.75,377,379.5
1550710800,380,387.25,379.25,384.25
1550797200,383.5,386.5,383.25,384.5
1551056400,387.5,387.75,379.25,380
1551142800,380,380.5,375,376
1551229200,375.5,378,372.75,373.75
1551315600,382.25,383,378.75,379.5
1551402000,379.25,382.25,374.5,381.5
1551661200,382,386.25,382,383.25
1551747600,384,385.75,382.5,384.5
1551834000,384.5,385,379.25,381
1551920400,380.25,380.5,373.5,374.25
1552006800,374.25,376.5,371.5,373.5
1552262400,375.25,376.5,371,371.5
1552348800,371.5,377.25,371,375.5
1552435200,375,379.5,373,376.25
1552521600,376.25,381.5,375.75,379.5
1552608000,378.5,383,378.25,382.25
1552867200,383,384.5,379.5,380.75
1552953600,381,382.75,377,380.75
1553040000,380.75,381.75,378.25,381
1553126400,380.5,386.75,380.25,385.5
1553212800,385,389.75,384.75,387.5
1553472000,388,390,386,389.25
1553558400,388.5,389.75,385.25,387
1553644800,386.5,386.5,381.5,383.5
1553731200,383.25,384.5,381.5,383.75
1553817600,383.25,384.5,365.75,366.25
1554076800,367.5,372.5,366.5,371
1554163200,371.75,372.75,368.5,370.75
1554249600,370.75,374.25,370,372
1554336000,372,375.25,371.75,374.25
1554422400,373.5,373.5,369.25,371
1554681600,370.75,372,368.25,368.5
1554768000,368.25,370.75,364,368.5
1554854400,368.75,371.75,368.75,370.75
1554940800,370,371.75,367.25,368.75
1555027200,368.5,370.25,367,369.5
1555286400,369.75,373,369.5,371.5
1555372800,371.25,371.25,366.25,367.75
1555459200,367,368.75,365.5,367
1555545600,366.5,367.75,365.75,367.25
1555891200,367.5,367.5,363,363.5
1555977600,363.5,363.5,359.25,360.25
1556064000,360,361.5,354.75,356
1556150400,355.25,360.5,351.5,357.25
1556236800,357,363.25,356.75,361.25
1556496000,363,366,361.25,361.75
1556582400,370,371.25,366.75,370.5
1556668800,370.25,376.75,370.25,376.25
1556755200,376.75,378.25,374,377.75
1556841600,377.25,378.5,373.25,377.75
1557100800,367,372.25,363.5,371.75
1557187200,372.5,375.5,370.75,374
1557273600,375,375.75,369.5,372.25
1557360000,370.25,370.75,361,362
1557446400,362.5,364,354.75,361
1557705600,360.25,366.5,352.5,365.75
1557792000,369.5,379.25,369.5,377.25
1557878400,377.5,388.25,376.75,378.25
1557964800,377.75,388.5,377.5,387
1558051200,388,392,388,390.5
1558310400,393,398.25,392.75,396.75
1558396800,400,406.5,399.5,402.75
1558483200,402,405.25,395.5,403.75
1558569600,403,407.75,395.75,398.5
1558656000,399.25,413,398.25,412.5
1559001600,416,430,415.25,429.5
1559088000,438.75,447.25,421.75,428
1559174400,425.75,445.5,422.75,445.25
1559260800,443.75,446.5,432.5,436
1559520000,435.25,439.75,427.5,433.75
1559606400,445,445.25,431,434.75
1559692800,433.75,434,421.75,424.25
1559779200,424,430.5,416.5,429.5
1559865600,430,432.5,423.75,424.25
1560124800,421.5,424.75,417.5,424
1560211200,423.5,438.25,416.75,436.25
1560297600,436.25,442.5,432.5,438.25
1560384000,438,448,437.75,447.75
1560470400,447.25,460,446.5,458.25
1560729600,463,468.75,457,461.5
1560816000,462.5,464.75,449.5,455.5
1560902400,455.5,457,443,446.25
1560988800,446.25,455.25,442,454.75
1561075200,457,458.25,447,447.5
1561334400,447.5,453.5,446,451.75
1561420800,455.75,458.25,452,453
1561507200,452,452.5,446.5,449.5
1561593600,454.5,456.75,450.25,451
1561680000,450.75,468,426,431.5
1561939200,435,435.75,420.75,422.5
1562025600,423,427.75,420.5,426
1562112000,427.25,441.5,426.5,441.25
1562284800,441,443.5,434.5,442.25
1562544000,446.5,448,437.75,443.75
1562630400,443.25,443.5,433.25,437.25
1562716800,436.5,441,431.5,439.5
1562803200,438.75,448.5,430.25,448
1562889600,447.5,460.75,445.5,459.25
1563148800,464,464.75,446,447
1563235200,444,447.25,435.5,441.25
1563321600,441.25,447,437.25,441.5
1563408000,440,441,428,429.75
1563494400,430.75,439,428.5,435.75
1563753600,436,437,425.5,426.75
1563840000,428.5,432.75,424,431.5
1563926400,431,436.75,427.75,430.75
1564012800,430.75,432.5,426.5,427.5
1564099200,427,428,423.5,424.5
1564358400,423.5,429.75,422.25,427
1564444800,426.75,426.75,419.75,421
1564531200,420.5,423.5,409.5,410
1564617600,411.25,412.25,397.25,402.5
1564704000,404.25,409.75,403,409.5
1564963200,410,416.25,400.75,414.75
1565049600,415.25,416.5,409.25,412.5
1565136000,413.25,415.25,409.25,414
1565222400,415,419.75,413,418.25
1565308800,418.25,424.5,415.25,417.75
1565568000,417.25,417.75,392.75,392.75
1565654400,388,388,376,376.5
1565740800,377,381,370,370.25
1565827200,371.5,374.75,369,371
1565913600,372,381,371.5,380.75
1566172800,377,378.25,373.25,374.5
1566259200,376.25,379.75,368.25,368.75
1566345600,369.25,371.5,366.25,370.25
1566432000,370.75,374.5,368,371
1566518400,371,371.5,365.5,367.75
1566777600,366.75,371.25,366.25,368.25
1566864000,368.25,369.25,365.75,366.25
1566950400,366,373.75,364.25,371
1567036800,382.25,387.5,381.75,383.25
1567123200,383,386.5,381.25,382.25
1567468800,382.25,382.75,373.75,374.25
1567555200,374.25,376,370,371.75
1567641600,371.75,375.5,371.5,371.75
1567728000,372.5,373,366.5,368.75
1567987200,368,370.5,365.75,367.25
1568073600,369,375.25,369,374.5
1568160000,375.75,376.25,369.25,372.25
1568246400,373.25,380,366.5,379.75
1568332800,379.75,384.5,378.5,381.5
1568592000,384.5,386.75,380,386
1568678400,386,386,378.25,380
1568764800,379.5,383.25,378,382.5
1568851200,383,385,380.75,384
1568937600,384,386,381,381.75
1569196800,382.5,385.75,382.25,384.25
1569283200,383,387,381.5,385.5
1569369600,386.5,388.5,383.75,385.5
1569456000,385,387.25,380.75,384.75
1569542400,383.25,384.75,382,383.75
1569801600,384.25,399.75,384,399.5
1569888000,398.25,404.75,397.25,404.5
1569974400,402.25,403.5,397.75,399.75
1570060800,399,402.5,397.5,400.75
1570147200,400,400.5,396,397
1570406400,399.5,399.75,397,399
1570492800,399.25,407,398,406.5
1570579200,406,408,404,405.5
1570665600,404,405.75,389.75,391.5
1570752000,392,408.5,392,407.75
1571011200,411,411.75,403.75,407.5
1571097600,406.75,408.25,403.25,404.25
1571184000,403,404,399,403.5
1571270400,403.5,408,403,406.5
1571356800,405.5,407.25,401.75,402.75
1571616000,401.75,405.25,398.75,399.5
1571702400,399.25,404,397.5,400
1571788800,399.5,401.25,396,399.75
1571875200,400,402.25,397,398
1571961600,398.25,400.5,396.25,397.5
1572220800,396.75,397.25,393.5,394.5
1572307200,393.75,397,392,396
1572393600,395.5,400,395,399.5
1572480000,398.75,399.5,394.5,398.75
1572566400,398.25,400,395.5,398.5
1572829200,396,396.75,393.25,393.5
1572915600,393.5,394.75,390.5,391.75
1573002000,391.75,393.25,387,387.75
1573088400,388,389.25,382.25,383.75
1573174800,383.75,392.25,381,386.5
1573434000,385,386.25,381.25,382
1573520400,382.25,386.75,381.5,386.5
1573606800,385.75,386.25,383.5,384
1573693200,383.75,386,383.25,384.75
1573779600,384.25,385.25,380.25,380.75
1574038800,380.25,381.25,377,377.25
1574125200,377.25,382.75,377.25,380.75
1574211600,380.5,380.75,376.75,377.25
1574298000,377,380.25,376.75,379
1574384400,378.5,380.5,377.75,378.5
1574643600,378.5,382.75,378,380.75
1574730000,379.75,380.75,377.75,378.25
1574816400,378,379.75,373,373.25
1574989200,381.25,386.75,379.75,385.75
1575248400,386,389,384.25,386.5
1575334800,386.5,389.25,385,387.25
1575421200,387,389,383.5,384.5
1575507600,384,385.25,382,382.5
1575594000,382.5,385,380.75,382.5
1575853200,381.5,383.75,381,381.25
1575939600,381.5,383.75,380.75,382.75
1576026000,382.5,382.75,377.5,378
1576112400,378.25,387,378.25,384.25
1576198800,388,391.5,384.25,388
1576458000,390.25,396,390.25,394.75
1576544400,394.5,397,393.25,396.5
1576630800,396,396.5,392.75,393.5
1576717200,393.75,395.5,391.75,393
1576803600,393,395.75,392.5,394
1577062800,394,396.25,393.25,395.25
1577149200,394.75,395.5,393.75,394.25
1577322000,394.5,395.5,393.25,395.25
1577408400,394.75,397.5,394.5,396.75
1577667600,396.25,398.5,393.75,395.25
1577754000,395.25,396.5,393.25,394.75
1577926800,394.5,398.5,394.5,398
1578013200,397.75,398.25,392.25,393
1578272400,392.75,394.25,389.5,391.5
1578358800,391.5,392.25,389.75,391.5
1578445200,390.75,392,389,391.25
1578531600,390.75,393.75,389,390
1578618000,389.75,393.25,383.5,392.75
1578877200,393.25,396.25,392.5,396.25
1578963600,395.75,397.25,395,396
1579050000,395.75,397,393.5,394
1579136400,393.75,394.25,382.25,382.5
1579222800,383.75,395.75,383.75,395.25
1579568400,395,395.25,390.75,393.5
1579654800,393.5,396.5,392.25,394.25
1579741200,394,398.75,392.75,398.5
1579827600,398,398.25,392,392.75
1580086800,389.75,390.25,383.5,386.75
1580173200,388.5,392.25,384.5,392
1580259600,390.75,393.5,388,389.5
1580346000,390,390.5,384,384.75
1580432400,386.75,388,384,386.5
1580691600,386,387.25,382,384.5
1580778000,384,389.25,384,388
1580864400,387.5,389,385.25,386.5
1580950800,386.25,387.5,382,384.5
1581037200,385.25,389.5,385,388.5
1581296400,388.25,388.25,383.5,386.5
1581382800,385.75,386.75,382.75,384.25
1581469200,384.25,387.75,383,387.25
1581555600,386.5,386.75,383.75,384.75
1581642000,384.75,386,380.75,382
1581987600,382.5,387.5,382.25,387.5
1582074000,386.75,387.25,383,385.25
1582160400,385.5,385.75,382.25,382.75
1582246800,382.25,384.25,380,380.75
1582506000,380,380,373.5,376.25
1582592400,377,378.75,375,376.5
1582678800,376,378,372.5,374.5
1582765200,373.75,374,366.25,368
1582851600,373,373.5,370,372.5
1583110800,372.5,379.25,371.25,378.5
1583197200,379,386.25,379,383.75
1583283600,383.25,387.75,381.25,386.25
1583370000,385.25,386,381.5,383.75
1583456400,382.5,384.25,378.25,379.25
1583712000,373.5,377.25,370,375
1583798400,376.25,381.25,376.25,379.5
1583884800,379.25,379.5,374.25,376.5
1583971200,375,375.25,367.5,368.75
1584057600,368.25,374.5,366.5,368.5
1584316800,365.75,370.75,358,358.5
1584403200,358.75,360.5,348.75,350
1584489600,349.75,350.75,338.25,341.75
1584576000,342.5,360,342.5,351
1584662400,351.5,360.75,348.5,349.5
1584921600,346.5,351.25,344.5,349.5
1585008000,349.5,355.5,344,352
1585094400,352,356.75,350.75,353.5
1585180800,353.25,354.75,350,354.25
1585267200,354.25,355.75,348.5,351.75
1585526400,348.5,352.25,346,347.5
1585612800,347.75,350.25,339.5,346
1585699200,346.25,347.5,338.25,338.75
1585785600,339,346.75,337.5,338.5
1585872000,339.25,343.5,334,336.75
1586131200,335.25,337.25,331.25,333.5
1586217600,333.5,340.5,333.5,337.25
1586304000,337.75,339.5,333.5,335.5
1586390400,336,338.75,333,336.75
1586736000,337,338.75,331.25,336.25
1586822400,336.25,337.5,332,332.25
1586908800,332.25,333,325,326.75
1586995200,326.5,329.75,325,326.25
1587081600,326.5,332,326.25,329.25
1587340800,329.25,329.75,321.5,322.25
1587427200,322.25,323.25,309,317.25
1587513600,317.75,327.5,316,324.75
1587600000,324.5,331,322.25,326
1587686400,326.25,327.75,319,323
1587945600,322,323,312,313.25
1588032000,313.25,316.5,310.5,312
1588118400,311.75,318,309.25,314.5
1588204800,322,329,319.5,326.5
1588291200,326.25,326.75,321.75,325.5
1588550400,324.5,324.5,319.25,322.5
1588636800,321,324.25,320.5,323.25
1588723200,324,324.25,319.75,320.25
1588809600,320.25,326,320,323.25
1588896000,323.25,328,323,324.75
1589155200,326,328,323.25,324
1589241600,323.75,328,320.25,326
1589328000,326,326,322,322.5
1589414400,322.25,323,320.25,322
1589500800,322,324.25,321,323
1589760000,323.75,325.5,321.75,324.25
1589846400,324,328.5,324,325.5
1589932800,325.75,325.75,321.75,324.25
1590019200,323.5,325,321.25,323
1590105600,323,323.75,320.75,322.75
1590451200,321.5,327.5,321.25,324
1590537600,324.5,326.5,324,325.25
1590624000,325.5,334,323.75,331.75
1590710400,331.75,333.75,328,330
1590969600,329.75,331.75,323.75,327.25
1591056000,327.25,329,326,328.5
1591142400,328.5,329,326,328.5
1591228800,328.5,333.75,328.25,333.25
1591315200,332.75,336.75,332.5,335.5
1591574400,337.75,339,335.25,338.25
1591660800,336.75,338,331.75,333
1591747200,332.75,333.5,330.25,331.75
1591833600,331.75,336,330.5,335
1591920000,334.5,337.75,333.5,334.5
1592179200,333.5,334.5,330.5,333.75
1592265600,335.75,339,333.25,334.25
1592352000,333.5,335.75,330.75,335
1592438400,334.75,338.5,333.25,335.5
1592524800,334.5,338.25,331.75,337.25
1592784000,336.75,337,332.5,333
1592870400,332.25,332.25,325.75,329
1592956800,328.5,332.5,326.5,327
1593043200,326.5,327,317.5,320.5
1593129600,320,323,315.75,319.25
1593388800,324.25,335,323.5,334.75
1593475200,333.5,354.25,332.25,350.5
1593561600,350,363,349.5,360.5
1593648000,359.75,363,352.75,353.5
1593993600,359.5,360,355.25,356.25
1594080000,357,357.5,349.25,352.5
1594166400,351.5,354.75,347.5,354.25
1594252800,354,362,353.25,357
1594339200,357,359.5,343.75,344.75
1594598400,341.75,342,334.75,336.5
1594684800,336.5,339.5,333.25,333.75
1594771200,333.5,336.25,330.5,334
1594857600,333.75,340.5,333.5,337.5
1594944000,337.5,341.25,337.5,339.75
1595203200,339.75,340,332.5,335.75
1595289600,335,335.25,330,330.75
1595376000,330.75,335,330.25,334.75
1595462400,334.5,336.75,332.5,335.5
1595548800,335.75,337.5,334.25,335
1595808000,333.5,336.5,332.5,334.5
1595894400,332.25,332.5,329,330
1595980800,330,331.5,326,326.25
1596067200,326.25,329.5,326,326.75
1596153600,326.75,328.25,325.5,327
1596412800,326,329,326,328.5
1596499200,327.25,327.75,320,320.25
1596585600,321,323.5,320.75,323.25
1596672000,322.75,324.75,321.25,323.75
1596758400,323.5,324.25,320,320.75
1597017600,320.5,323.75,320.5,323
1597104000,323.75,327.5,322.5,323.5
1597190400,323.25,327.75,320,327.25
1597276800,327.5,340.75,327.5,338.75
1597363200,337.75,339.25,335.25,338
1597622400,340.75,345,340,344.75
1597708800,343.75,346,340.5,341.75
1597795200,340.5,342.25,338,339.75
1597881600,339,340.75,335.5,339.25
1597968000,339.25,341.75,338.75,340.5
1598227200,342,345.5,341,345
1598313600,348.75,355,348,354.5
1598400000,353.75,355,351.25,354.25
1598486400,354,359,352.75,358.5
1598572800,368.25,369.75,365.75,369.25
1598832000,370,373.25,366.25,367.5
1598918400,365.25,368.25,360.75,367.75
1599004800,367.5,369.25,363.75,369.25
1599091200,368.5,369.25,364.25,364.75
1599177600,364.5,369.75,364.5,368.5
1599523200,368.25,373.5,367,372
1599609600,371,371.75,368.75,370.75
1599696000,370.5,376.25,369.75,375
1599782400,374.75,379,373.5,378.25
1600041600,378,380,376.5,379
1600128000,378.5,378.75,374.75,375.75
1600214400,375.25,381.25,371.75,381
1600300800,380.5,385.75,377.25,384
1600387200,382.75,388,381.75,387.5
1600646400,387,387.25,377.5,379.25
1600732800,379,382.5,375.5,378.75
1600819200,377.75,379.5,375.5,377.5
1600905600,377,377,371.75,372.25
1600992000,371.75,375.75,371.5,373.25
1601251200,372.25,378,369,375.5
1601337600,375.25,376.25,370.5,374
1601424000,373.5,391.75,371.25,388.25
1601510400,387.75,394,387,392
1601596800,390.75,392.5,386.5,389.25
1601856000,388,391.75,387.25,389.25
1601942400,388.25,398,388,394.25
1602028800,393.75,400.75,393.25,397.25
1602115200,397.25,402.25,394.25,394.75
1602201600,394.75,405,394.25,402.25
1602460800,402,405.75,394.75,396.75
1602547200,396.5,400.25,395.5,399.25
1602633600,399,403.25,395.75,402.5
1602720000,401.5,408.75,399.5,408
1602806400,407.25,412.25,406,407
1603065600,406.5,411.25,405.5,410.5
1603152000,409.5,414,408.75,413.25
1603238400,412.25,418.5,412,416.75
1603324800,416.25,420.75,413.25,418.25
1603411200,417,421.75,416.5,420.25
1603670400,419.5,420,414.25,418.5
1603756800,417.5,422.25,415.75,416.5
1603843200,415.5,416,403,404.25
1603929600,404,406.75,396,401.5
1604016000,400.5,404.5,399.25,403.25
1604278800,401,402.25,397.5,401.75
1604365200,401,407,399.5,406
1604451600,405.25,412,402.25,411.25
1604538000,410.5,422.25,410,414.75
1604624400,414.25,417.5,412.25,413.75
1604883600,413,417,408.75,415.25
1604970000,414.5,434.25,414,431
1605056400,430.25,435.75,425.75,427
1605142800,426.5,428.25,416.25,418.25
1605229200,417.5,422.25,413.5,419.5
1605488400,418,424.75,418,424.25
1605574800,425,429,425,426.75
1605661200,425.25,433,424,430.5
1605747600,429,430.75,424.25,427.25
1605834000,426.75,433.25,426.25,428.25
1606093200,432.25,435.75,430.25,433.25
1606179600,432.25,433.5,423.25,432.5
1606266000,433,434.75,427.25,427.5
1606438800,428,435.5,425.75,433.75
1606698000,438,441.75,427.5,429
1606784400,429.25,431.75,423.25,424
1606870800,423.75,427.25,418.25,426.5
1606957200,426.5,429.5,424.75,428.75
1607043600,428.25,428.75,422,423.25
1607302800,421.75,427.75,418,426.75
1607389200,425,427,421.25,423
1607475600,423,427,422.75,426.5
1607562000,426.25,429.75,423.5,424.25
1607648400,425,427.25,420.75,426.5
1607907600,426.5,431.25,424.5,427.25
1607994000,427,428.25,423.75,427.75
1608080400,427.75,431.75,426.5,429.75
1608166800,428.75,435.25,427,434.75
1608253200,434.25,440.25,434,439.25
1608512400,439.5,442.5,432.25,442
1608598800,441.75,445.25,438.75,444.5
1608685200,443.75,450.75,442.5,448.25
1608771600,447.75,452,447.5,451.75
1609117200,452.5,458,449,457
1609203600,456,466.5,454,466
1609290000,465.75,475.25,462.5,474.25
1609376400,474,484.75,472.75,483.25
1609722000,486,497.25,480.25,484.25
1609808400,485,496.25,483.5,492.5
1609894800,493,502.5,492,496
1609981200,495.5,496.5,488.25,495.5
1610067600,495.25,501,494,497.5
1610326800,497.5,501,491.5,494
1610413200,493,519,490.75,519
1610499600,526.75,544,524.5,527.75
1610586000,526,540,522.25,537.75
1610672400,537,539.5,531,534.75
1610931600,534.25,537,525.5,528.25
1611104400,526.5,528,515,524
1611190800,522.75,533.25,521.5,526.25
1611277200,524.75,524.75,501.25,503
1611536400,503,517.75,494.5,514.25
1611622800,515.75,536,510.5,533.75
1611709200,533.75,544.75,530.75,535.25
1611795600,534.25,552,530,536.25
1611882000,535.75,553.75,534.5,547.5
1612141200,549.25,556,539.75,548.5
1612227600,549,551.75,539.75,542.25
1612314000,542.5,549.25,535.5,549
1612400400,548.75,554.75,544.5,547.5
1612486800,546,550.5,544.75,547.5
1612746000,548,563.5,548,562
1612832400,562.5,572,543.25,554.25
1612918800,554,554.25,530,532.75
1613005200,530.5,544.5,523.25,539.75
1613091600,539.5,544.5,534.75,536.5
1613350800,544.75,550,536.25,549.75
1613523600,549.5,552,544.5,550.75
1613610000,550,552.25,546.5,549
1613696400,548,555,540.5,541.75
1613955600,543.5,551,543.25,550.5
1614042000,550.5,559.25,549.75,552.5
1614128400,552.25,558,551,557
1614214800,556.75,558,541,549.75
1614301200,538.75,538.75,529.25,535
1614560400,540.5,542,526,527
1614646800,526.5,535.5,520,532.75
1614733200,531.25,531.5,521.5,524
1614819600,522.75,530.75,518.5,522.5
1614906000,520.75,535.5,520,534
1615165200,537,543.5,526,536
1615251600,535.75,536,525.75,534.75
1615338000,534.25,534.75,522.25,524.25
1615424400,523,531,521.5,528.25
1615510800,527,529.75,521,528.5
1615766400,526.75,539,523,537.75
1615852800,537.5,542.75,534.5,541.75
1615939200,541,543.25,538,542.5
1616025600,541,541.5,529.25,530.25
1616112000,530.5,539.5,529.5,538.75
1616371200,538.75,539.5,529.5,531.5
1616457600,533,537.5,528.5,534.25
1616544000,533.75,537.5,532,537.25
1616630400,535.75,536.5,527.5,532.5
1616716800,532.5,536.75,529.5,535.75
1616976000,535.5,535.75,527,531.25
1617062400,530.75,531.75,518.25,522.5
1617148800,520.5,547.5,518.5,547.5
1617235200,556,566.25,541,545.25
1617321600,546.75,549.25,537.25,539.25
1617667200,539.25,546.75,539,541
1617753600,542,547.5,541,546
1617840000,546,564.5,544.25,562
1617926400,561,577,559.75,562.75
1618185600,563.75,571.25,554.25,556
1618272000,556,569.75,552.75,566.5
1618358400,566,582.75,565,579.5
1618444800,579.5,586.5,573.25,576.75
1618531200,577.5,581.75,571.5,573.75
1618790400,576.5,584.5,576.5,580.5
1618876800,581,597.5,580.75,592
1618963200,593.5,609.5,588.25,606.5
1619049600,605,631.5,604.5,631.5
1619136000,633.75,636.5,619.25,632.5
1619395200,637.75,657.5,637.5,657.5
1619481600,660.25,684,646,654.5
1619568000,654.5,670.75,629.5,644
1619654400,640.5,653.5,635.5,648.25
1619740800,569,595,566.75,592.25
1620000000,597.25,611.5,589,591.75
1620086400,591.75,611.75,589.75,610.25
1620172800,610.25,633,608.25,631
1620259200,633,647.25,628,645.5
1620345600,646.5,656,638.5,654.75
1620604800,643.75,650.25,626.5,629
1620691200,628,640.5,620,635
1620777600,634.5,643.5,613.25,621.5
1620864000,620,622.75,581.5,583
1620950400,583,598.75,561.5,563
1621209600,560.5,572.5,549.25,566.5
1621296000,566.5,577.5,566.5,571
1621382400,573.25,574.75,548,567
1621468800,569.5,582.5,566.5,579
1621555200,577.5,580.25,568.75,573.25
1621814400,566,570.5,555.5,568.5
1621900800,570,571.75,538.25,541.25
1621987200,541.75,549.5,525,547.25
1622073600,548.75,586.75,546,585.5
1622160000,582.25,589,571,573.25
1622408400,585,613.25,580.75,602
1622592000,597,608.25,584.5,593.25
1622678400,593.25,602,574.5,582.25
1622764800,584.25,608.75,583.75,606.5
1623024000,620,632,612.5,621
1623110400,623,636,623,628
1623196800,628.5,636.75,614,632
1623283200,631.25,649.25,628.75,638.25
1623369600,638,641.5,613.75,629.75
1623628800,616,619.25,593.5,598.5
1623715200,601,602.75,579.25,591.75
1623801600,595,604.25,584.5,588.5
1623888000,588,589.5,548.5,548.5
1623974400,548.5,588,546.75,577.5
1624233600,559.75,578.75,552.25,571.25
1624320000,574.5,579.25,550,553
1624406400,552,556.5,543.25,551
1624492800,549,556.25,528,549.25
1624579200,548.75,555,529,530.25
1624838400,530.25,559.5,528.25,558.25
1624924800,548.25,559,541.5,548.5
1625011200,546.5,588.5,528.25,588.5
1625097600,594.75,611.25,584,589
1625184000,587.75,597.5,573.5,579.75
1625578200,552.25,552.25,539.75,539.75
1625616000,535.75,545.25,519,531
1625702400,533.5,538.25,520.25,523.75
1625788800,523.5,524.25,507,517
1626048000,515.75,534,514.25,533
1626134400,531.75,547,527.5,540.75
1626220800,540.5,562.75,536.75,558.75
1626307200,558.75,561.5,551,556.25
1626393600,556,565.5,548.75,552
1626652800,565.5,567.5,544.5,552.25
1626739200,554,570.75,553.25,565.75
1626825600,566,573,562.75,568.5
1626912000,568,568,550.75,561.25
1626998400,561,565,540.5,543
1627257600,545,547.5,532.25,546.75
1627344000,551.5,560.75,542.25,546.25
1627430400,551,552.5,542.75,549
1627516800,549,557.75,546.25,556.5
1627603200,555,556,543.5,545.25
1627862400,545,559.75,540.75,559.25
1627948800,557,565.25,547.25,551.75
1628035200,552,556.75,541.25,546.75
1628121600,547,558,545.75,553
1628208000,552.75,559.75,547.25,556.5
1628467200,555.25,558,549,553.75
1628553600,552,554.75,547.5,553.25
1628640000,552.5,561.75,552,559.25
1628726400,557.5,594.25,551.5,573.25
1628812800,572.5,582,566.25,573
1629072000,573,576,564.75,568.75
1629158400,571.75,573.75,561.5,563.5
1629244800,564,568.5,561.25,565
1629331200,563,563.5,546.5,550.75
1629417600,551.25,554.25,532.5,537
1629676800,534.5,542.75,529.5,535.5
1629763200,537,547,536,545.25
1629849600,545,555.75,541,551.75
1629936000,550,554,547.5,550.75
1630022400,550.75,554.5,544.25,553.75
1630281600,559,564.25,544.75,550.75
1630368000,550.75,553.5,533.75,542.75
1630454400,543.25,544.75,527,531.75
1630540800,531.75,536.75,526.5,534
1630627200,533.25,536.5,529,533.25
1630875600,533,535.25,520,520.5
1631059200,520.5,526,517.25,519.75
1631145600,519.75,522,513.75,519.25
1631232000,518.5,532.25,506.75,526.5
1631491200,526.5,528.75,516.75,522
1631577600,522.5,529.25,521.75,528.25
1631664000,528.75,541.75,528.25,540.75
1631750400,540.5,545,536,536.75
1631836800,536.25,537.75,529.75,534.25
1632096000,534.25,534.25,523.25,529.75
1632182400,530,530.75,521,525
1632268800,525.5,533.75,524.25,533
1632355200,532,538.5,527.75,537
1632441600,536.25,536.25,532,534.5
1632700800,532.25,547.25,531.5,547
1632787200,546.25,549,540.25,540.5
1632873600,541.75,548.75,541.5,547
1632960000,546.75,555.75,535.5,544.5
1633046400,544,552.75,540,549.75
1633305600,548.75,555.75,544.5,549.75
1633392000,548.75,551,543.25,546
1633478400,545.25,552.5,540.25,541
1633564800,541,544,536,543
1633651200,542,547.5,539.25,539.5
1633910400,539,543.25,538,542.25
1633996800,541.5,542,529,532
1634083200,532.5,534.5,516.25,522
1634169600,522,526.75,520.5,525.75
1634256000,525,537,523.5,534.25
1634515200,534.25,541.75,531.25,540.5
1634601600,539.75,544.75,537.75,539
1634688000,539,548.75,537.25,547.75
1634774400,547.5,548.5,539.5,541.5
1634860800,541.75,548,540.75,546.75
1635120000,545.5,550.25,543.75,546.75
1635206400,546.5,555.5,542,552.25
1635292800,551,571.5,548.25,566
1635379200,565,577,562.75,571.25
1635465600,571.25,577,567.25,576.25
1635724800,576,589.75,573.25,587
1635811200,586,593.5,580.25,581.25
1635897600,580.25,581.25,571.25,572.25
1635984000,572,577.75,565.25,567.75
1636070400,569,571,561.5,562.25
1636333200,561,564,559,561
1636419600,560.25,573.75,557.5,564.25
1636506000,565,581,564.75,578.75
1636592400,577,587,574.75,578
1636678800,577.25,589.25,575,585
1636938000,584,586.5,577.75,584
1637024400,583.25,584.75,576.5,577.5
1637110800,577,589.5,576.5,581.5
1637197200,581.25,589.5,578,579.25
1637283600,579,581.75,573.5,577
1637542800,576.5,585.5,576.25,584.25
1637629200,583.75,588.75,580,588.25
1637715600,588,596.75,583.25,585.5
1637937000,576.5,593.25,572,591.75
1638147600,592,594,579,582.25
1638234000,586,586.5,565.75,570
1638320400,570.75,578.25,569.75,573
1638406800,573,582.5,571.5,579.25
1638493200,579,588.75,577.75,586.25
1638752400,587,587.75,578.75,586
1638838800,586.5,590.75,581.25,588.5
1638925200,588,591.25,585.5,589
1639011600,588.75,595,584.5,593.25
1639098000,592.25,595.5,588.75,592
1639357200,591.75,591.75,584.5,587.25
1639443600,587.25,595.75,584,592.25
1639530000,592,597.75,583.75,587.25
1639616400,589,593.5,586,592.75
1639702800,592.25,599.5,590.75,594.25
1639962000,595.75,596.5,588,592
1640048400,592,600,591,599.25
1640134800,598.75,607.5,598,604
1640221200,602.75,608.25,602,607.25
1640566800,609.75,617.75,608.5,616.75
1640653200,616.25,619.5,605.25,606.5
1640739600,606,611.75,601,606.75
1640826000,606.75,607,593.5,596.75
1640912400,596.25,600.5,594.25,595
1641171600,600.75,605,586.75,591
1641258000,593,611,593,609.5
1641344400,608.5,609.5,601.75,602.75
1641430800,602,606.25,596.5,604.5
1641517200,605.75,608.5,599.5,607.75
1641776400,606,608.5,597.5,601.25
1641862800,601,605.75,599.5,602.5
1641949200,602.25,604.75,592.75,600.75
1642035600,600.75,601.25,587,589.5
1642122000,589.25,598.75,587.25,597.25
1642381200,593.75,601,589.75,600
1642554000,600,614.5,600,611
1642640400,610,613.75,606.25,610.75
1642726800,607.5,616,604.25,614
1642986000,615,618,606.5,617.5
1643072400,616.5,627.25,614.5,618.5
1643158800,617.5,625.75,614,625
1643245200,623.5,625.75,619.75,623
1643331600,621.25,634.25,620.75,633.25
1643590800,633,640.5,622.25,624.5
1643677200,624.5,637.75,623.25,633.75
1643763600,633.5,639.75,616.75,622.25
1643850000,622,624,610.5,617.25
1643936400,618.75,623.75,614.75,621.75
1644195600,629.75,638.25,626.25,637.25
1644282000,638.25,638.5,628.75,634
1644368400,634.5,646.5,632.25,646
1644454800,644.75,660.5,637.5,640.5
1644541200,639.5,656.5,636.5,650.5
1644800400,650.5,656.25,641.75,655.25
1644886800,654.25,654.5,635.25,637.5
1644973200,637.25,647,635.75,645.75
1645059600,644.25,650.75,641.75,649.25
1645146000,647.75,656.75,646,652.75
1645405200,656.25,674.5,656.25,672.5
1645578000,672,682.25,667.5,681.25
1645664400,681,716.25,679,690.25
1645750800,692,701.75,655.25,655.75
1646010000,673,679,660.25,677
1646096400,678.5,712,677.25,707.75
1646182800,707.25,723.75,683.75,693.75
1646269200,697,723.5,688.5,703.5
1646355600,710,738.5,700.25,721.25
1646614800,735,747,709.5,727.25
1646701200,726.75,731,701.5,726
1646787600,726,729.25,705.25,708.25
1646874000,707.25,731.5,703.25,726
1646960400,721.75,729.75,713,728.75
1647216000,728,733,710.25,718.5
1647302400,715.5,724.25,704,723.25
1647388800,721.75,722.5,693.25,697
1647475200,696.5,722,695.5,718.75
1647561600,718,719,704.5,712.5
1647820800,715.5,736,714,728.25
1647907200,727.75,734,719.5,729.75
1647993600,729,744.75,726,734.75
1648080000,734.5,739.5,725.25,728.5
1648166400,728.5,735,723.5,734.75
1648425600,729.25,731,721.25,730.5
1648512000,727.5,729,695.5,708.5
1648598400,708.5,729.75,708.5,720
1648684800,720,753,714.75,733
1648771200,733,736.5,718.25,721.75
1649030400,724.25,740.5,722.75,739.25
1649116800,739.25,755.5,738.25,748.25
1649203200,747.75,750.75,739.25,747
1649289600,746,751,740.5,750.25
1649376000,749,764,745.5,760.75
1649635200,759,770.75,755.5,758.75
1649721600,760,773.5,759.5,772.5
1649808000,771.25,779.5,763.5,778
1649894400,777.75,786,775.25,783.75
1650240000,784,810,783.75,807
1650326400,807,814,797,799.75
1650412800,799,810.5,792,810
1650499200,808.5,809.5,793.25,795.25
1650585600,794,804,780.5,789
1650844800,793.75,799.25,781,798
1650931200,799.25,809.75,793.25,801.5
1651017600,801.5,818.5,795.5,812.25
1651104000,812.5,819.75,808.5,813.5
1651190400,768.75,777.5,765.5,768
1651449600,760.75,761.5,747.75,757.75
1651536000,761.75,765.5,745.5,750
1651622400,750,758.25,744.25,752.75
1651708800,752.5,758.5,748,756.25
1651795200,754.5,754.5,735.75,742
1652054400,740,741.25,724.75,729
1652140800,729.5,735.75,725.5,735
1652227200,735.75,752.75,735.5,752
1652313600,752.25,768.5,749.5,763.75
1652400000,762,768.5,753,757.5
1652659200,769,778.75,766.25,778
1652745600,776.75,777.25,766.75,772.75
1652832000,772.5,772.75,750.5,753.25
1652918400,752.75,756.75,741.75,750.5
1653004800,749,749.5,741.5,747
1653264000,747.5,756.25,743.5,754.75
1653350400,753,754.75,730.75,741
1653436800,739.75,741.75,723.5,739.75
1653523200,730,740.75,725.25,734
1653609600,734,748,730.5,744.75
1653868800,744.5,744.5,719.75,725
1654041600,725,728.25,694.75,703.75
1654128000,704,711.25,700.5,704.75
1654214400,704,709.25,700,701.25
1654473600,702.5,716.5,702.5,714.25
1654560000,711,732.25,708,725.75
1654646400,724.25,734.75,723,727.75
1654732800,727,737.75,719.5,729.25
1654819200,728,737,722.75,732.75
1655078400,739,740.5,718.25,730.75
1655164800,728,733.25,722.25,729.5
1655251200,727.5,736.25,722.25,729
1655337600,729,747.25,728.75,741.75
1655424000,741.25,754.25,735.5,737.75
1655683200,732.75,732.75,699.5,709.25
1655856000,710.5,713.5,699.25,702
1655942400,700,700.75,655.5,666.75
1656028800,665.75,684.5,661.25,682.75
1656288000,668,671.75,654,661.25
1656374400,666,675.5,662.25,669.75
1656460800,657,662.5,651.75,653.75
1656547200,653,653.75,618.75,619.75
1656633600,625,627,604.25,607.5
1657027800,600.75,602,571,578.5
1657065600,582,586.25,566.5,585
1657152000,587,608.75,586.5,596.25
1657238400,598,626,597.25,623.5
1657497600,647.25,658.5,626.25,629
1657584000,629.5,634.25,582.5,586.5
1657670400,584.25,606,576.75,595.25
1657756800,597.25,608,589.25,601
1657843200,603,609.5,595,603.75
1658102400,610,623.75,601,610.75
1658188800,608.75,609,583,595.25
1658275200,594,597.5,585.25,590
1658361600,591,591,570,573.5
1658448000,573,582,561.75,564.25
1658707200,575,584.25,568.5,583.75
1658793600,592.25,602.5,589.5,600.75
1658880000,600.75,606.75,594.25,603
1658966400,605.25,621.75,603.75,619
1659052800,619,636.5,616,620
1659312000,623.75,625,597.25,609.75
1659398400,606,607.5,592.5,594.25
1659484800,590,599.75,587.5,596.25
1659571200,596.25,610.75,590.5,606.25
1659657600,606,615.25,600.5,610
1659916800,603,611,601,607.25
1660003200,613,624.5,612.25,614
1660089600,613,628,611,618.5
1660176000,618,628.5,615.25,627.75
1660262400,627.75,642.75,616.25,642.25
1660521600,633,638.25,618,628.25
1660608000,624.75,629.5,607.75,610.25
1660694400,610,617,606.75,612
1660780800,612,620.5,604,615.75
1660867200,615,624.5,612,623.25
1661126400,618.25,631,614.25,629
1661212800,632,662,631.25,655.25
1661299200,655.5,671,650.25,657.25
1661385600,657,666.5,649.25,650
1661472000,648,665.75,647.25,664.25
1661731200,670.25,683.75,666.25,683
1661817600,686.25,687.5,676,683.25
1661904000,683,686.5,667.25,676.5
1661990400,676,678.5,660.25,663.75
1662076800,664,675,662.5,671.25
1662336000,671.25,682.25,667.25,681.75
1662508800,680.75,692.75,675,675.75
1662595200,675.75,680.25,664.25,673.25
1662681600,674,689.75,673.75,689.25
1662940800,686.25,702.75,680.25,699.5
1663027200,699,701.75,692.5,697.25
1663113600,695.75,697,686.5,687.25
1663200000,687,695,681.5,682.75
1663286400,682.5,686.25,673.25,683
1663545600,681,686,674,683.5
1663632000,683,697.75,682.75,696.75
1663718400,696.25,702.75,684.25,690.25
1663804800,688.75,695.75,686.5,693.25
1663891200,693.25,693.25,674.75,681.75
1664150400,678,683.5,670,670.75
1664236800,670.75,682.5,670.75,672.75
1664323200,673.25,678.5,667.25,676.5
1664409600,676.25,683,673.25,676
1664496000,676,702,675.75,684
1664755200,686,694,679.5,687.5
1664841600,687,698,683.25,690
1664928000,689.75,694.25,683,691.25
1665014400,690.75,692.5,679.75,683.25
1665100800,683.25,691.75,679,691
1665360000,691,711.75,691,704.75
1665446400,703.5,707.75,697.5,700.25
1665532800,700,706.75,687.25,700
1665619200,699.25,706.5,691.75,705
1665705600,704,706.5,695.5,696.25
1665964800,695.5,698.25,687.75,689.75
1666051200,689.5,690,680.25,687
1666137600,687,690.5,680.25,684.5
1666224000,684,692.75,683,690
1666310400,689,693.75,684,690.5
1666569600,688,692.25,683.5,687.75
1666656000,687.25,693.25,684,692.25
1666742400,690,695.5,689,690.5
1666828800,690.5,694.5,685,687.75
1666915200,687,689.25,682.25,686.75
1667174400,701,704.75,689.5,696.75
1667260800,694,703,692.5,702.5
1667347200,701,702,685.25,692.75
1667433600,691.5,691.75,684,684.75
1667520000,684.75,690.75,684,686.75
1667782800,685,686.75,681,681.5
1667869200,681.5,682.75,672.25,673.75
1667955600,673.75,677.25,664,670.5
1668042000,670.5,673,658.75,659.5
1668128400,659.5,666.75,659.25,663
1668387600,661.5,664.5,657,659.25
1668474000,658.75,677,653.5,669.25
1668560400,667,668,660,667.5
1668646800,667,669.5,657,669
1668733200,668.5,674,667.5,670
1668992400,669,669.25,660.25,663.5
1669078800,663.5,666.75,659,659.25
1669165200,660,666.75,658.25,666.25
1669251600,664.75,673,664.25,671.25
1669597200,668.25,672.5,664,671.25
1669683600,669.75,674,668,669.5
1669770000,667.5,671,662.75,665.25
1669856400,664.75,667,658,659.25
1669942800,659,659,647,647.25
1670202000,648.5,649.5,639.75,642.25
1670288400,642.5,646.75,637.75,639
1670374800,638.75,647,636.75,642.75
1670461200,645.5,646.75,640,644.25
1670547600,644.5,650.5,644,645.25
1670806800,645.75,655.25,645.75,654
1670893200,653.75,659.25,652.25,653.5
1670979600,653,653.5,647.5,651
1671066000,650.75,654.75,648.75,653.75
1671152400,653.5,656,650.75,653.5
1671411600,651.25,651.25,644.75,648
1671498000,649.5,654.75,647.5,652
1671584400,651.75,662.25,651.25,661.75
1671670800,661.25,664.25,658.5,660.25
1671757200,659,667,658.75,665
1672102800,667.5,674,666.25,673.25
1672189200,671.75,682,671.25,681.5
1672275600,680.5,681.75,677,679
1672362000,678.75,684,676.25,678
1672707600,677,680.5,667.75,670.25
1672794000,670,671,653.25,654
1672880400,654.75,657.75,648.5,652.5
1672966800,653.5,658.75,651.75,654
1673226000,655.25,656.75,650.75,653
1673312400,652,663,648.25,654.5
1673398800,654,658.5,652.25,655.25
1673485200,655,672,649,669.5
1673571600,669.25,675,668,673.75
1673820000,670.25,684.5,667.5,682.75
1674003600,681.75,686,676,679.25
1674090000,677.75,682,673.5,674.75
1674176400,673,675.75,671,674.5
1674435600,672.5,672.5,660.25,665
1674522000,665.25,675.5,664.75,675.25
1674608400,675,679,672.25,673.25
1674694800,672,682.75,671.5,680
1674781200,679,682.25,675.5,680
1675040400,681.25,684,676.5,681.25
1675126800,681,685.5,676,677.5
1675213200,677,680,671.25,679.5
1675299600,679.25,683.75,672.75,673.75
1675386000,673,678,670.25,675.5
1675645200,675.5,677.75,671,677.75
1675731600,675.5,677,672.25,673
1675818000,672.5,677,671.5,676.25
1675904400,675.75,678.25,668.75,669
1675990800,669,680,667.5,678.25
1676250000,677.75,683,674.25,682.25
1676336400,681,684.75,679.25,679.75
1676422800,679.5,680,673,674
1676509200,674.25,676,671.75,675
1676595600,674.75,678.25,674,677.5
1676844000,679.25,682.5,675.25,680.5
1677027600,679.75,681,674,674.25
1677114000,674.75,676,657.5,659.25
1677200400,660,662,649,649.25
1677459600,650.25,652.25,643,643.5
1677546000,634,636.75,622,622.25
1677632400,623,627.5,614.25,625.75
1677718800,626.75,630.5,620.75,624
1677805200,623.75,631.25,622.25,628
1678064400,627,628.75,622.5,625.5
1678150800,626.25,627,622.25,622.5
1678237200,623.5,625.5,613,614
1678323600,614,618,600.5,601.75
1678410000,602,608,597,606.5
1678665600,608,609,598,603
1678752000,602,611,599,609.75
1678838400,611.75,617.25,607.5,612.25
1678924800,612.25,618.5,610.75,616.25
1679011200,616.25,621.25,614,617.75
1679270400,616,617,608.25,615.5
1679356800,615,620.25,610.25,611.25
1679443200,612.5,614.5,604,611.75
1679529600,611,619.75,607.5,610.75
1679616000,610,624.25,607.5,623
1679875200,622.5,630,617.25,629.75
1679961600,628.25,632,626,629.5
1680048000,628.5,636.25,627,630.5
1680134400,629.5,632.5,626.25,627.25
1680220800,627,638.75,625.75,636
1680480000,635,645.75,635,637
1680566400,636,636.5,626.25,628
1680652800,628.5,631.25,621,627.5
1680739200,627,627.25,619,619.75
1681084800,620.25,631.75,615.75,630.5
1681171200,630.5,634,623.75,627.75
1681257600,626,630.5,624.25,627.75
1681344000,627.5,633,624.5,625.5
1681430400,626,637.5,623,635.75
1681689600,635,642.75,631,642.5
1681776000,641.5,647.5,637.25,644.5
1681862400,643.5,644,636,636.5
1681948800,636.5,637.25,622,626
1682035200,626.75,627.75,611,615.25
1682294400,615.5,618,604.25,607.5
1682380800,609,610.5,601,607.75
1682467200,608.25,612,600.75,601
1682553600,601.75,602.5,580.5,581.5
1682640000,530.25,532.25,521.5,528.75
1682899200,529.5,530.25,519.5,523.75
1682985600,523.5,528,517.5,520.75
1683072000,518.5,532,512.5,531.75
1683158400,531.75,534.75,524.5,529.5
1683244800,529.75,538,529.25,537
1683504000,536.75,539.5,530,532.75
1683590400,531,531.25,516.25,519
1683676800,519,523,512.25,522.75
1683763200,520.75,520.75,513.5,515
1683849600,513,520,505.5,510.75
1684108800,507,519.5,505,518
1684195200,518,520,503.25,506.5
1684281600,508.5,508.5,492.25,497
1684368000,496.5,497.5,486.25,495.5
1684454400,494.75,505.5,493.5,494.5
1684713600,493.25,506.5,491.5,504.75
1684800000,504.25,514.25,499.75,512
1684886400,511.75,521.25,509.25,515.25
1684972800,515,518.5,508,510.5
1685059200,509.75,530,508.5,529
1685307600,529,530.5,512.5,520
1685491200,520.25,520.25,505.75,516.25
1685577600,516,531.25,514.75,524.25
1685664000,523.5,536,516.25,535.5
1685923200,536.5,542,529,530.25
1686009600,533.75,540,526.5,534.5
1686096000,532.25,534.75,521.75,525
1686182400,521,529.5,514.5,528.5
1686268800,527,527.5,518,524.5
1686528000,530,544.25,529.75,543.5
1686614400,543.25,555,537.5,546
1686700800,545,549,537.75,545
1686787200,546,571,545.5,570
1686873600,569,594.75,568.25,594
1687122000,595.25,604.5,585.25,593
1687305600,602.25,624.75,599,623.5
1687392000,620,622,609,617
1687478400,612.25,613,580.25,584.75
1687737600,590,596.5,571.25,584
1687824000,590,590.75,550.25,556.25
1687910400,558,558.5,529,531.25
1687996800,539,543.25,526.25,528.5
1688083200,532,537.5,493,494.75
1688342400,492.25,505,488.75,493.5
1688563800,504,504,485.5,493.5
1688601600,495.75,508.25,492.5,506.5
1688688000,507,509.5,493.5,494.5
1688947200,497,503.25,494.5,499.5
1689033600,496,506.5,493.75,501.5
1689120000,500.5,505.5,481.75,483.75
1689206400,484.25,501.25,481,500.5
1689292800,500,515.75,497.25,513.75
1689552000,519.25,526.5,503.25,506
1689638400,504,540.75,502,534.5
1689724800,532.75,563.75,531.5,553
1689811200,553.25,563.25,542.25,546.25
1689897600,545.5,546.25,531.25,536.25
1690156800,543,572.25,540.25,568.25
1690243200,567.75,572,553.75,565.25
1690329600,565,565,544.75,548.25
1690416000,548,555,541.5,542.25
1690502400,542.25,547.5,525.5,530.25
1690761600,524.5,524.5,508,513
1690848000,513.25,517.25,505.5,507.25
1690934400,507.25,523.25,497.5,500.5
1691020800,499,502.75,493,493.5
1691107200,495.75,506.5,493,497.25
1691366400,497.75,501,489.25,495.75
1691452800,495.75,501.25,490.5,498.75
1691539200,499,502.75,493,494.25
1691625600,495,498,493.25,496.25
1691712000,496,507.5,483,487.25
1691971200,489.5,492.25,481,487.75
1692057600,485,485.5,473.75,475.5
1692144000,474.75,484.5,473.5,481.5
1692230400,482,487.75,476.75,485.75
1692316800,486,495,484.75,493
1692576000,500.5,506.25,481.25,482.5
1692662400,482.25,485.5,474.25,479.5
1692748800,480,492.25,478.5,490.5
1692835200,490.5,494.5,483.5,488.25
1692921600,487.25,493,485.75,488
1693180800,494.5,497.5,489.25,496.25
1693267200,494.25,499.5,485.5,486.75
1693353600,501.75,506.75,495.25,497
1693440000,497,501.5,492.5,494
1693526400,494,500.25,493.5,496.5
1693774800,497,503.25,493.75,501
1693958400,502.75,504.75,497.75,500
1694044800,500,502.5,497.5,500
1694131200,500,502.25,496,498
1694390400,497.5,501.25,495.75,500.25
1694476800,500,501.25,488.25,491
1694563200,491,496.75,489,496.25
1694649600,495.75,498.5,492.25,494.5
1694736000,494.25,497.5,489,490.5
1694995200,489.5,492.5,483.75,485.75
1695081600,485.5,491,482.5,490.5
1695168000,490.25,497.5,488.75,496.75
1695254400,495.25,497.25,489,490
1695340800,490.25,493.5,489,492.25
1695600000,490.5,497,488.5,495.75
1695686400,495.5,497.75,491.25,494.5
1695772800,494.75,501,494,498.25
1695859200,498.5,504,496,503.25
1695945600,503,504.75,490.5,491.75
1696204800,492.25,504.5,491.25,503.75
1696291200,503,503.75,499.25,502.25
1696377600,502,504.5,497.5,501
1696464000,501,513.25,497.75,512.25
1696550400,510.5,513.75,506.75,507.25
1696809600,507.25,512,502.75,503.75
1696896000,503.5,503.75,499.5,501.25
1696982400,501.25,504,499.25,503.75
1697068800,503,513.75,497.75,511.5
1697155200,510.75,514,506,508.5
1697414400,508.75,511.75,504.25,505
1697500800,504.75,507.5,502.5,503.75
1697587200,503.5,508.5,503.25,506.5
1697673600,506.75,517.5,503.5,517
1697760000,516,521.5,508.25,509
1698019200,508,510.5,504,504
1698105600,504.25,505,497,498
1698192000,497.75,500.25,491.5,494.5
1698278400,495,497.75,492.25,493.25
1698364800,493,498,492.25,495.25
1698624000,494,498.25,491.75,492.75
1698710400,492.75,497,492,493
1698796800,493,494.5,487,489.75
1698883200,490,492,484.5,485
1698969600,485,496,483.25,492.25
1699232400,492.25,495.75,491.5,492.5
1699318800,492,492.5,483,483.5
1699405200,484,494.5,483.75,490
1699491600,489.5,490.25,481.25,482.75
1699578000,482.75,483.75,477,479
1699837200,478.5,493.25,476.5,492.75
1699923600,492,495.75,488.25,494.25
1700010000,493.75,496.5,485,488.5
1700096400,488.75,494.25,483.5,493.25
1700182800,493.25,493.5,485,485.25
1700442000,485.5,488.25,482.5,487.5
1700528400,487.5,493.25,486,489
1700614800,488.25,493.25,487,487.75
1700836200,487.5,489.25,481.75,482.5
1701046800,483.25,485,473,475.25
1701133200,475.25,476.75,471,473.5
1701219600,473.5,477.25,470.5,475.75
1701306000,487,496.25,487,495
1701392400,494,501,490.75,496.75
1701651600,495.5,500,493.5,497
1701738000,496.5,502,495.25,502
1701824400,501,504.75,495,495.75
1701910800,495.75,500.75,494.5,499.5
1701997200,499,503,496,497.5
1702256400,498.25,499.5,492,494
1702342800,494.5,500,494.25,497.25
1702429200,496.25,496.75,490.25,492.5
1702515600,493.5,496.75,491.75,492
1702602000,492,496,490.5,495.25
1702861200,495,495,488,489.5
1702947600,489.75,490.5,484.25,485.25
1703034000,485.25,487.75,481.25,482.5
1703120400,483,486.75,482.25,485.25
1703206800,485.25,486.5,484,485.75
1703601000,485.25,493,484,492.25
1703638800,491.5,492.25,486.75,488.5
1703725200,488,490.75,486,486.5
1703811600,486,487.25,483.5,484
1704205800,483,483.75,475.75,477
1704243600,477.75,478.75,475.25,478
1704330000,477.75,481.25,476,479
1704416400,479,480,472.5,473.25
1704675600,473.25,474.75,464.5,467.5
1704762000,467.25,472.25,464.25,471.5
1704848400,471,473.25,466.75,471.5
1704934800,470.5,473,467.25,469.75
1705021200,469.25,471.25,453,459
1705366800,459,462.5,453.75,455.25
1705453200,455,459.5,451.5,453.75
1705539600,453.75,456.25,448.75,455
1705626000,454.5,460,454,456
1705885200,455.5,458,454.5,456.25
1705971600,456.25,460.25,454.25,456.75
1706058000,457,462.75,456.75,462.5
1706144400,462,463,457.25,461.25
1706230800,460.75,461.25,455,455.75
1706490000,455.75,456.75,447.5,450.5
1706576400,450.25,459,447.75,458.75
1706662800,458,459.25,454,458.5
1706749200,458.5,458.75,454.25,458.25
1706835600,457.25,459.5,452.75,453.5
1707094800,453.5,455.5,450.75,453.25
1707181200,453.25,456.25,450,450.5
1707267600,450.25,451.25,445.25,446.5
1707354000,446.5,448.5,441.25,445
1707440400,444.75,448.5,440.75,441.5
1707699600,442,445,440.5,442.5
1707786000,442.5,446.25,441,443.25
1707872400,443.25,443.25,435,437.25
1707958800,437.25,437.75,429,429.75
1708045200,429.75,433,427.75,429.5
1708390800,429,434,427.75,432.5
1708477200,431.5,432.5,423.25,424.25
1708563600,423.5,428.5,417,418.5
1708650000,418.5,421.75,411.75,413.5
1708909200,413.5,422.5,408.75,421.5
1708995600,421,426.5,421,423.5
1709082000,423.75,430.5,421.75,428.5
1709168400,440.75,443.25,435.75,441.25
1709254800,441.25,443,433.75,436.25
1709514000,435.25,444.25,435,441.25
1709600400,441,441.75,436.25,437.5
1709686800,437.5,440.5,435,440
1709773200,440,449.75,439.5,449.5
1709859600,448.75,452,443,451.75
1710115200,450.25,455,445.5,453.75
1710201600,453.25,457,450.5,453.75
1710288000,453.5,456.5,450.25,453.5
1710374400,453.25,454.5,445.5,446.25
1710460800,446.25,451.75,444,449
1710720000,449.25,452.5,446.25,448.75
1710806400,449.25,452.75,447.5,452.25
1710892800,451.5,453,448.75,452.25
1710979200,452.25,458.75,450.75,454
1711065600,453.25,454.25,448.75,452
1711324800,451.5,454,450.25,451.25
1711411200,450.5,453,444.5,445
1711497600,445,445,438.75,439.25
1711584000,439.25,460,438.5,454.5
1711929600,454.5,454.5,446,449.25
1712016000,449.5,450.25,439.25,441
1712102400,442.25,446.5,439.75,445
1712188800,445.5,448.25,442.5,447.5
1712275200,447.25,451,445,446.75
1712534400,446,449.25,443.75,447.5
1712620800,447.25,447.5,441,442.5
1712707200,442,446.75,442,445.75
1712793600,445.5,449.5,440,441
1712880000,441,449.25,439.5,447.25
1713139200,446,447,442.25,444.25
1713225600,444,445.25,440.25,442.75
1713312000,442.75,444.25,440.75,441
1713398400,440,441,435.75,436.25
1713484800,436.75,443.5,436,443
1713744000,441.5,451.25,439.75,449.75
1713830400,449.5,453.25,448.25,452.5
1713916800,452.25,454.25,448,448.5
1714003200,448.5,453.25,446.5,452
1714089600,451.75,454,449.25,450
1714348800,450,451.25,445.5,449.25
1714435200,458,459.5,453.5,455.75
1714521600,455.75,460,452,459
1714608000,459.5,467.75,458,467
1714694400,467,474.5,466,469.25
1714953600,467,477.75,463.5,476.75
1715040000,476.5,479.75,474.5,476.5
1715126400,476,476.25,467.25,468.5
1715212800,467.25,472,464.5,467
1715299200,467.5,480,467.5,480
1715558400,477.75,484,474.75,481.75
1715644800,480.75,484.5,477.5,478
1715731200,478,483.75,472.5,473.25
1715817600,473,476,466.5,467.75
1715904000,468,471.25,462,462.5
1716163200,463.5,473.25,462.5,471
1716249600,470,471.75,465.75,468.5
1716336000,468.75,473,468.25,470.25
1716422400,470.25,476,467.5,473.25
1716508800,473.5,476.25,471,474.5
1716854400,476.75,480,469.75,471.5
1716940800,471.5,472,464,465
1717027200,465,465.75,456.75,457.75
1717113600,458,461.75,453.25,454
1717372800,453,456.5,447,449.25
1717459200,448.25,453.75,446.25,448.25
1717545600,448.75,450.75,445,445.75
1717632000,445.5,459.25,445,457.75
1717718400,457.75,460,450.75,454.75
1717977600,454.75,458,454.25,456.25
1718064000,455.25,458.75,453,453.75
1718150400,453.25,457.5,450.75,456.75
1718236800,456.5,464,456,463.5
1718323200,463,465.25,454.75,457
1718582400,455.25,456.75,449.25,450
1718668800,450.25,457.25,449.5,455.75
1718841600,453.75,454.5,444,444.75
1718928000,444.75,447.5,440.25,440.5
1719187200,441,442,430.5,439.5
1719273600,439.5,440.5,429.25,431.75
1719360000,431.5,436,424.25,425.5
1719446400,436.75,438,433,433.75
1719532800,434,441,412,420.75
1719792000,419.5,423.25,414.75,420.5
1719878400,421.75,426.5,419.5,421.25
1719964800,421,423,417.5,419.5
1720186200,419.75,425.75,419.5,424
1720396800,423,423.75,405.75,407.75
1720483200,408.25,412.75,406.25,408.5
1720569600,408.25,409.25,404,407.25
1720656000,407,413.25,406.25,410.75
1720742400,410.25,416.5,403,414.75
1721001600,416,416,403.25,404.25
1721088000,403.25,411,403.25,408.75
1721174400,408.75,413.25,408.25,411.75
1721260800,412,413,404.25,405
1721347200,405,410.75,404,404.75
1721606400,405.25,415.5,405.25,415
1721692800,413.75,422.5,411.75,417.25
1721779200,416.5,423.75,414.5,418
1721865600,417.25,423.5,416.25,420.75
1721952000,421,421.75,409.25,410
1722211200,407.5,413,405.5,412.25
1722297600,412,412.75,404,405
1722384000,404.5,406.5,397.75,399.75
1722470400,399.75,400.75,395,398.5
1722556800,399.25,404.75,398.5,403.25
1722816000,402.25,407.75,396,407
1722902400,407,409,402,405.25
1722988800,404.25,404.75,399,400.75
1723075200,401,403.75,396.25,397
1723161600,396.75,399,393.5,395
1723420800,394.75,403,390.25,401.5
1723507200,401,403,395.25,397.25
1723593600,397,401.75,395.5,400.75
1723680000,400.75,403.75,396.25,397
1723766400,396,397.5,390,392.5
1724025600,392,400.75,391.75,400.25
1724112000,400,401,397.75,398
1724198400,397.75,400.5,396.5,398.25
1724284800,398.5,399,393,393.5
1724371200,393.25,396.25,390.75,391
1724630400,390.75,391,385,386.5
1724716800,385.75,394.5,385,392.75
1724803200,392.25,394,388.75,390.75
1724889600,408.75,414,408,414
1724976000,413,419.5,412.25,419
1725321600,418,427.75,416.5,427.25
1725408000,426.5,431.75,425.5,431
1725494400,431.5,431.75,425.5,429.25
1725580800,428.25,433.75,423.75,424.5
1725840000,423.75,426.75,422,426
1725926400,425.5,426.5,422.25,423.25
1726012800,423.25,426,420,423.5
1726099200,423.75,428,416,424.5
1726185600,424.5,431.75,424.5,431
1726444800,430.5,430.5,426.25,429.25
1726531200,429,431,427,430.75
1726617600,430.5,433,429.5,430.75
1726704000,430.5,431,424,424.25
1726790400,424.75,425.75,419.5,420
1727049600,419.75,432.5,419.25,431.75
1727136000,430.75,436.5,428.75,430.75
1727222400,430.5,433.75,427.5,433.25
1727308800,432.5,436.75,430.25,431
1727395200,430.5,436.5,428.5,435
1727654400,433.25,444.5,432,441.25
1727740800,440,449.5,438.5,446.5
1727827200,445.75,452.25,445.75,450
1727913600,448.75,450.5,445,446
1728000000,445,445.25,440.25,441.75
1728259200,441,443.75,438.5,442.75
1728345600,442.5,444.5,436.5,438.25
1728432000,437.5,441,437.25,438
1728518400,438.5,441.25,435.25,436.25
1728604800,435.75,439.75,432.5,433
1728864000,432.25,432.75,424.25,424.75
1728950400,424.25,424.5,416.75,417.5
1729036800,417.5,422.25,417.25,420.5
1729123200,420.25,422,414,421.25
1729209600,421,423.75,418,419
1729468800,418,425.25,417.5,423.25
1729555200,422.25,429.75,421.75,429.25
1729641600,428.75,433.25,427.5,432
1729728000,431.75,436.75,431.25,435
1729814400,434.25,434.5,428.25,429.5
1730073600,427.5,428.5,424.25,424.75
1730160000,424.25,428.25,424,427
1730246400,426.5,427.75,425,425.5
1730332800,425.5,428,423.25,426
1730419200,425.75,431,425.5,429.25
1730682000,428.25,433,427,430
1730768400,429.75,432.75,428.25,432
1730854800,431.25,439.75,427.5,439
1730941200,438.5,441.75,436,440.5
1731027600,440.5,447.75,440,444.25
1731286800,444,445,439,442.75
1731373200,442.5,445.5,438.75,440.25
1731459600,440.25,441.75,435.25,437.5
1731546000,437,439.25,430,430.75
1731632400,430,436.75,429,435.25
1731891600,434.75,440,433,439.75
1731978000,439,441.75,437,437.75
1732064400,437.25,441.75,435,440
1732150800,439.75,442.25,435.75,436.25
1732237200,436.25,439,434.5,435.25
1732496400,434.75,435.75,431.75,433
1732582800,432.5,434,425.5,428
1732669200,427.75,431,427.5,428
1732890600,434.5,440.5,434.5,439.75
1733101200,439.5,441.25,436.5,439
1733187600,439.5,442,436.5,438
1733274000,438,438.75,435,435.5
1733360400,435,441.5,434.25,440.5
1733446800,440.5,446,440,445.25
1733706000,444.5,448,443.5,447.75
1733792400,446.75,456.25,446.75,455.25
1733878800,454,457.75,454,455.5
1733965200,454.75,455.5,450,451
1734051600,451,451.75,447.25,449.25
1734310800,448,452.25,448,451.75
1734397200,451.25,453,447.75,450
1734483600,450,452.5,443.25,443.75
1734570000,443.75,446.75,442.25,446.25
1734656400,445.5,453.25,445.25,451.75
1734915600,451.25,454,451,453.5
1735002000,453,455.25,452.75,455
1735223400,455,461,455,460.5
1735261200,460,462.25,459.25,461.5
1735520400,460.75,466,457.25,460
1735606800,459.5,466.5,459.25,465.75
1735828200,465,467.75,464,467.25
1735866000,467.25,467.5,456.75,458.25
1736125200,458.75,467.25,458.75,465.25
1736211600,463.25,466,460.75,465.75
1736298000,465,466.75,462,462.5
1736384400,462,465.5,461.5,464.5
1736470800,464.5,481.5,463.75,479.5
1736730000,478.5,487,478.25,486.75
1736816400,485.5,490,483.5,484.75
1736902800,483.75,488.75,483.75,488
1736989200,487.75,488.25,482,483
1737075600,482.5,494,482.5,493
1737421200,492.75,499.75,492.25,499.75
1737507600,499,501.75,492,494
1737594000,493.75,504.25,490.25,499.25
1737680400,494.5,498.75,492.75,496.5
1737939600,494.5,494.5,487.75,492.25
1738026000,492.25,499.75,491,496
1738112400,495.5,508,495.5,507.5
1738198800,506.5,507.25,500.75,501.5
1738285200,498.75,500,490.75,493
1738544400,488,502,484,499.75
1738630800,499,507.75,498.25,504.75
1738717200,504.25,509,501.5,504.75
1738803600,504.5,508.5,498,507.5
1738890000,507.5,508.75,498.25,500.5
1739149200,498.25,505.25,495.25,504.5
1739235600,504.5,510,497.25,498
1739322000,497.75,505.5,495.25,504
1739408400,503.25,506.5,499.5,506
1739494800,505.25,512,505,508.75
1739840400,508,517.75,505.5,515.75
1739926800,515.25,518.75,511,512.25
1740013200,512,518,511.75,512.75
1740099600,512.25,513.75,504.25,505
1740358800,504.5,505.25,495.25,497
1740445200,497.5,498.5,488.5,494.25
1740531600,495,500,492.25,493.5
1740618000,493.5,496.25,480,481
1740704400,486.75,489.25,475.25,475.75
1740963600,476,479,462.25,463.75
1741050000,464,466.75,451.25,459.25
1741136400,462,467.75,456.25,463.25
1741222800,464.25,479.75,459.5,470.75
1741309200,471.25,477.5,467.75,475.75
1741564800,475.75,481,472.75,478.5
1741651200,478.5,483.25,475.75,477
1741737600,476,478.25,463.25,467.5
1741824000,467.5,476.5,466.25,472.25
1741910400,470.25,470.75,465.25,467.5
1742169600,468.5,473.75,467,470
1742256000,469.75,471.5,464.5,468
1742342400,467,471.25,465,469.25
1742428800,469.25,476.5,469.25,475.5
1742515200,474,477,469.25,471.5
1742774400,472,473.5,466.75,472
1742860800,471.5,472,464.75,465.25
1742947200,466.25,467.75,458.5,459
1743033600,459,460.5,455,458
1743120000,458,460.75,450.5,460
1743379200,459.5,466,450.75,463.25
1743465600,463.5,470.75,461.25,468.25
1743552000,466.5,467.75,461.5,465.25
1743638400,460,469.5,455.25,465.5
1743724800,465.5,469.5,457.25,467.25
1743984000,462.75,473.75,461.25,470.75
1744070400,470.75,476.25,469.25,474.75
1744156800,474,481.25,472.25,480.5
1744243200,480,490,479.75,488.75
1744329600,487.25,497.25,487.25,497
1744588800,495.75,497.5,492,492.75
1744675200,492.5,496,487,489.5
1744761600,489,495,487,491.75
1744848000,490.75,494,489,490.25
1745193600,491.25,495,489.5,490
1745280000,490,491.75,482.5,483.25
1745366400,483.75,484.75,477.25,479.25
1745452800,479.5,485.25,479,484
1745539200,483.25,487.5,483.25,485.5
1745798400,483.75,485.75,476.25,483.25
1745884800,482.75,485.25,469.75,470.25
1745971200,435,439,432.5,437
1746057600,436.75,440.5,434.25,437.25
1746144000,438,443.75,437.5,440
1746403200,439.75,440.5,431.75,432.75
1746489600,433,434,429.25,430.25
1746576000,431.5,436.5,428.75,429.5
1746662400,429.75,430.75,423.25,426.5
1746748800,427.5,431.5,426.75,429.25
1747008000,432.75,437.25,428.25,432.75
1747094400,432.75,434,426.5,427.75
1747180800,428.5,430,424.5,427.25
1747267200,426.75,429,422.75,425
1747353600,426,427.75,420.75,421.5
1747612800,420.75,430.25,420.75,428.25
1747699200,427.25,435.75,425.75,435.25
1747785600,435.25,443.5,435,442.75
1747872000,441,444.25,439.25,441
1747958400,440.5,442.25,435.25,437.75
1748304000,438.5,438.5,432.25,433.75
1748390400,434,437,429,429.75
1748476800,431,431.25,425.75,427.25
1748563200,427.25,429,422.5,423.25
1748822400,423.25,427.75,420.25,420.75
1748908800,420.75,425.75,419.25,423.5
1748995200,423.25,429.75,423.25,428
1749081600,427.5,432.5,426,431.5
1749168000,430,434,428,433.25
1749427200,433,434.75,421.75,422.25
1749513600,422.75,425.75,419.25,425.5
1749600000,425.25,429.25,424,425.25
1749686400,425.25,428.75,423.25,426.25
1749772800,425.75,429.75,423.5,428.5
1750032000,428.5,430.5,418.25,419.75
1750118400,420,425.75,420,423.75
1750204800,424,430.75,423.5,429
1750377600,428.75,431.75,425.25,425.5
1750636800,427.75,428.5,416.75,417.5
1750723200,417.75,418.5,411.75,412.25
1750809600,412,413.75,404,405
1750896000,405,408.75,402.25,404
1750982400,421.25,428,421.25,427
1751241600,426.5,429.5,422.25,425.5
1751328000,424,425,416.5,422
1751414400,422.25,434,417.5,433.5
1751500800,433,442.25,432.75,437
1751846400,429.5,429.75,419.75,420.75
1751932800,420.75,420.75,413.25,414.25
1752019200,414,416.5,411.75,415.5
1752105600,415,417,412.5,416.5
1752192000,416,418,411.5,412.25
1752451200,410.5,418.75,407.5,418
1752537600,417.75,424,413,419.75
1752624000,419,425.75,418.75,424
1752710400,423.5,425.75,419.5,421
1752796800,421.5,430.25,421.5,427.75
1753056000,425,427.75,420,422.25
1753142400,423.25,424.75,416.75,418
1753228800,418,420.25,415.75,417.5
1753315200,417.5,423,417.5,420.75
1753401600,420.5,422,417.75,419
1753660800,419,419.75,412.75,414
1753747200,412.5,415,409.25,411
1753833600,411,414.5,410,412.25
1753920000,412,414.25,408.75,413.75
1754006400,413.25,416,410,410.75
1754265600,411,412.75,406.75,407
1754352000,406,406.75,401.5,402
1754438400,402,402,396.75,401.25
1754524800,401.5,408,401.25,407
1754611200,406.75,411,404.25,405.5
1754870400,405,409.25,403,407.75
1754956800,407.75,407.75,392,394.5
1755043200,394,398.5,393.5,397.25
1755129600,397,399,392.5,397.25
1755216000,397.75,405.75,397,405.25
1755475200,404.5,408,401.25,406.5
1755561600,406,406,401.5,403.25
1755648000,403.5,406,401.25,404
1755734400,403.5,413.75,403.25,411.75
1755820800,411.75,413.5,409.75,411.5
1756080000,413,416.5,411.25,412.25
1756166400,412,414.5,408.5,409.5
1756252800,409.25,410,405.25,406
1756339200,423.25,428.25,421,427.5
1756425600,427,438,427,437.75
1756771200,435.25,441.25,432.5,440.75
1756857600,440.5,442,434.5,436
1756944000,436,438.75,432,437.5
1757030400,437.75,442.75,435.5,436.5
1757289600,435.25,440.25,433.5,439.5
1757376000,438.75,440.25,436.75,437.5
1757462400,437,437.75,434.25,434.5
1757548800,434.5,438.75,434.25,437.25
1757635200,436.75,447.5,434.5,447.25
1757894400,444,445.5,439.75,441
1757980800,441,448.5,440.5,447
1758067200,446,449,443.25,444.5
1758153600,444.25,445.5,441,441.5
1758240000,441.5,447,439.75,441.25
1758499200,441.25,442,435.5,438.75
1758585600,438.75,443.5,435.75,443
1758672000,442,444.25,440.5,441
1758758400,440.75,445.25,440.5,442.25
1758844800,441.5,442,437.75,438.75
1759104000,438,439.25,435.75,438.5
1759190400,438.5,438.5,430.75,432
1759276800,432,435.75,427,432.75
1759363200,433.75,438.5,431.25,438
1759449600,437,439,435.25,435.75
1759708800,435.75,438.75,434,438.25
1759795200,437.5,439.75,435.5,436.25
1759881600,435.5,438.5,434.75,437.75
1759968000,437.5,438.5,433.75,434
1760054400,433.75,434.75,427.75,429
1760313600,429,430.25,426.75,427.25
1760400000,427.25,430,425.5,429.25
1760486400,429,434,427.25,432.25
1760572800,432.25,437.5,431.75,435.5
1760659200,435.5,438.75,435,436.5
1760918400,436.5,438.25,434.25,437
1761004800,437,438.25,432.75,433.75
1761091200,433.75,436.75,432.5,435.75
1761177600,435.75,441.75,434.5,441.25
1761264000,440.5,441,437,437
1761523200,440,447,440,444.25
1761609600,443.25,450.75,443,446
1761696000,445.5,447.75,443,446.75
1761782400,446.75,449.25,440.5,443.75
1761868800,443,445,440.25,444
1762131600,443.25,447.5,440.5,446.75
1762218000,446.25,447,442.25,444.75
1762304400,444.25,450,442.75,449.5
1762390800,448.5,448.75,442.5,443
1762477200,443,444.75,441.5,442
1762736400,441.75,445.5,441.25,444.5
1762822800,444,447.75,443.5,447
1762909200,446.5,449.5,445.25,449.25
1762995600,448.5,456.25,447.5,455.5
1763082000,455.25,457,443.25,444
1763341200,443.5,450.5,442.25,448
1763427600,447.75,451.75,446.25,449.5
1763514000,448.5,449.25,440.5,441.5
1763600400,442,443.25,436.75,437.75
1763686800,437.5,439,435.25,437.5
1763946000,437.75,439.25,434.5,436.75
1764032400,436.5,439.25,436.5,438.25
1764118800,437.75,446.75,437.5,445.25
1764340200,453.25,456.25,451.25,455.75
1764550800,455.25,457,452.5,453.25
1764637200,453,460,451,457.5
1764723600,457,457.75,450.25,450.75
1764810000,450.5,454.75,449.5,454.5
1764896400,453.75,455,451.25,452.25
1765155600,452.25,454.25,450,451.25
1765242000,451.25,456.25,451.25,455.5
1765328400,455.5,456.5,451,451.75
1765414800,451.75,455.25,451.5,454.25
1765501200,454,454.75,448.5,449
1765760400,448.5,449.25,444.75,447.75
1765846800,447.5,448,443.5,444.5
1765933200,444,448.75,444,447.75
1766019600,448,453.5,448,452.25
1766106000,451.25,452.75,450.5,451.5
1766365200,451,455.25,450.5,454.5
1766451600,454,456.25,453.75,455.5
1766538000,454.75,459.25,454.75,459
1766759400,459,461,457.25,458.25
1766970000,458.25,459,450.25,450.75
1767056400,450.5,451.25,448,448.5
1767142800,448.25,450.5,447,448.25
1767364200,448.5,448.75,444.5,445.5
1767574800,445,453,444.25,452
1767661200,451.5,454.5,450.75,451.25
1767747600,451,454.5,451,454
1767834000,453.5,455.75,452.75,454
1767920400,453.25,455.25,452,453.75
1768179600,453.25,456.75,429,430.5
1768266000,430.75,431.25,426.25,427.75
1768352400,428,432.75,427.5,429.75
1768438800,430,432.75,427.25,427.75
1768525200,427.75,434.25,427.25,432
1768870800,431.5,433,430,431.25
1768957200,431.25,435.5,429.5,429.75
1769043600,430.25,432.5,429.5,432.25
1769130000,431.75,439,431.25,438
1769389200,437.75,439.25,435.25,436
1769475600,436.25,437.75,434.25,434.75
1769562000,435,440.75,434.75,438
1769648400,437.75,441.75,436.5,439
1769734800,438.5,439.5,433.25,435.75
1769994000,436.25,436.25,431.75,433.5
1770080400,433.25,436.75,433.25,435.75
1770166800,435.75,440.5,433,437
1770253200,436.25,443.5,434.5,443
1770339600,442,443.75,437.25,438.75
1770598800,437.5,438.25,435.5,437
1770685200,436.5,439,436.25,437.25
1770771600,437,438,434,436.5
1770858000,436.75,442,436.25,441.75
1770944400,441,442.75,439.75,442
1771290000,441,441.25,435.25,435.75
1771376400,435.5,438,435.25,436.75
1771462800,436.5,437.75,434.25,436.25
1771549200,436,440.25,435.25,439.75
1771808400,439,445,437.75,440.25
1771894800,440,441,437.25,438.5
1771981200,438.5,442.75,438,442
1772067600,441,445.75,440.25,443.5
1772154000,450.75,457,450,456
1772413200,458,460,452,454.25
1772499600,453.75,460.5,453.5,455.5
1772586000,455,456.25,450.25,453.5
1772672400,452.5,463.5,452.5,462.75
1772758800,462,471.5,461.5,471
1773014400,474,487.5,465,465.5
1773100800,461.25,464.75,457,463.25
1773187200,464,473.25,462.75,472
1773273600,473,480.75,472.75,474
1773360000,473.25,478.75,470,478.25
1773619200,475.5,477,464,465.75
1773705600,464.25,470.5,461,465.5
1773792000,466,476,463.25,474.5
1773878400,474.25,480.75,474.25,480
1773964800,479.25,479.5,474.5,476
1774224000,475.25,484,467.5,470.5
1774310400,470.25,475.75,469.5,472.5
1774396800,471,478.5,468.25,477.75
1774483200,477,479.25,473.25,478
1774569600,477,481.25,472.25,473.5
1774828800,474.25,477.5,466.75,467.5
1774915200,467,472.75,462.5,468.25
1775001600,468.25,470.75,459.25,465
1775088000,464.75,471.5,462.25,463.25
1775433600,464,465.5,459.75,465.25
1775520000,465,465.75,459.25,460
1775606400,457.75,458.5,452.75,458
1775692800,458,460.5,453.25,455
1775779200,455,456.5,448.5,451.25
1776038400,455.5,456,450.75,451
1776124800,451,456.25,451,452.5
1776211200,452.5,461.25,452.25,460.5
1776297600,460.25,462.5,456.75,457.75
1776384000,457.5,460,452.25,457.5
1776643200,458,462.25,455.5,460.25
1776729600,460.25,463.5,458.75,462
1776816000,461.75,466,461,462.75
1776902400,462,465.25,461,463.75
1776988800,464,466.25,462,463.5
1777248000,463,469.75,462.5,469.25
1777334400,469,476,468.75,475.5
1777420800,474.75,479,474,477.75
1777507200,482.25,485,477.25,479.75
1777593600,478.5,487.75,478,484.5
1777852800,483,490.75,482.25,490.5
1777939200,489.5,492,482.75,485.5
1778025600,483.5,484.75,473.25,475
1778112000,474.75,476.25,467.75,474.25
1778198400,473,479.5,471.75,477.75
1778457600,477.5,482.75,477.5,481.75
1778544000,481.25,487.5,478.5,486.25
1778630400,484.5,491.25,484,487.25
1778716800,485.5,490,472,474.25
1778803200,474.75,480,462.25,463
1779062400,475.75,483.5,471.25,482.25
1779148800,482,486.25,478,481.5
1779235200,481.75,483,469.5,472.5
1779321600,472,475.75,467,468.5
1779408000,468.5,474,467.25,469.75
1779753600,465,469.75,463.25,464.25
1779840000,465,466.5,459,459.75
1779926400,459.75,466,459,464.25
1780012800,464.75,467.25,454.25,455.75
1780272000,455,458,449.25,452.75
1780358400,453,454.25,446.75,448
1780444800,448,450,439,440.25
1780531200,439.75,440,434,434.75