time,open,high,low,close,Volume
991834200,229.79999999999995,229.86999999999995,229.56999999999994,229.81999999999994,1204
991920600,229.69999999999993,229.79999999999995,229.39999999999995,229.51999999999992,706
992007000,229.49999999999994,230.04999999999995,229.41999999999996,230.01999999999992,612
992266200,229.79999999999995,229.99999999999994,229.49999999999994,229.96999999999994,790
992352600,229.96999999999994,229.96999999999994,229.44999999999993,229.59999999999994,1486
992439000,229.59999999999994,229.89999999999995,229.21999999999994,229.41999999999996,1077
992525400,229.19999999999993,229.34999999999994,228.94999999999993,229.16999999999996,1245
992611800,229.14999999999995,229.69999999999993,229.09999999999994,229.51999999999992,751
992871000,229.54999999999995,229.66999999999996,229.29999999999995,229.61999999999995,2947
992957400,229.54999999999995,230.69999999999993,229.49999999999994,230.36999999999995,1323
993043800,230.34999999999994,230.49999999999994,230.11999999999995,230.39999999999995,895
993130200,230.19999999999993,230.34999999999994,230.09999999999994,230.16999999999996,791
993216600,230.14999999999995,230.29999999999995,229.94999999999993,230.24999999999994,1988
993475800,229.94999999999993,230.99999999999994,229.84999999999994,230.74999999999994,1406
993562200,230.69999999999993,230.74999999999994,230.24999999999994,230.34999999999994,1010
993648600,230.19999999999993,230.54999999999995,230.09999999999994,230.39999999999995,1138
993735000,230.39999999999995,230.79999999999995,230.24999999999994,230.51999999999992,2681
993821400,230.09999999999994,230.19999999999993,229.14999999999995,229.46999999999994,1166
994080600,229.44999999999993,229.84999999999994,229.39999999999995,229.56999999999994,1589
994167000,229.46999999999994,229.56999999999994,228.94999999999993,229.11999999999995,1509
994339800,228.99999999999994,229.01999999999992,228.54999999999995,228.66999999999996,1508
994426200,228.54999999999995,229.44999999999993,228.54999999999995,229.19999999999993,906
994685400,229.24999999999994,229.54999999999995,229.09999999999994,229.34999999999994,1743
994771800,229.14999999999995,229.16999999999996,228.29999999999995,228.31999999999994,2495
994858200,228.01999999999992,229.14999999999995,227.74999999999994,228.66999999999996,1718
994944600,228.49999999999994,228.64999999999995,227.94999999999993,228.21999999999994,1224
995031000,228.69999999999993,228.91999999999996,228.49999999999994,228.59999999999994,781
995290200,228.94999999999993,229.34999999999994,228.89999999999995,228.94999999999993,1561
995376600,227.94999999999993,228.39999999999995,227.79999999999995,228.34999999999994,931
995463000,228.74999999999994,228.81999999999994,228.29999999999995,228.44999999999993,649
995549400,228.46999999999994,228.49999999999994,228.09999999999994,228.36999999999995,510
995635800,228.36999999999995,228.56999999999994,228.21999999999994,228.46999999999994,142
995895000,228.31999999999994,228.81999999999994,228.26999999999992,228.76999999999992,90
995981400,228.61999999999995,228.66999999999993,228.31999999999994,228.56999999999994,326
996067800,228.53999999999994,228.53999999999994,228.01999999999992,228.06999999999994,372
996154200,227.96999999999994,227.96999999999994,227.36999999999995,227.86999999999995,164
996240600,227.63999999999993,227.86999999999995,227.26999999999992,227.28999999999994,461
996499800,227.66999999999993,227.91999999999993,227.26999999999992,227.36999999999995,166
996586200,227.61999999999995,227.73999999999995,227.31999999999994,227.36999999999995,145
996672600,227.36999999999995,227.71999999999994,227.31999999999994,227.71999999999994,185
996759000,227.51999999999992,227.88999999999993,227.36999999999995,227.38999999999993,214
996845400,227.36999999999995,227.81999999999994,227.13999999999993,227.63999999999993,89
997104600,227.58999999999992,227.61999999999995,227.31999999999994,227.33999999999992,256
997191000,227.21999999999994,227.61999999999995,227.11999999999995,227.38999999999993,126
997277400,227.46999999999994,227.51999999999992,227.06999999999994,227.38999999999993,112
997363800,227.36999999999995,227.46999999999994,227.06999999999994,227.06999999999994,268
997450200,226.71999999999994,227.41999999999993,226.66999999999993,227.18999999999994,175
997709400,227.16999999999993,227.71999999999994,227.16999999999993,227.56999999999994,107
997795800,227.66999999999993,227.93999999999994,227.61999999999995,227.71999999999994,322
997882200,227.71999999999994,228.36999999999995,227.71999999999994,228.33999999999992,216
997968600,228.31999999999994,228.36999999999995,228.01999999999992,228.16999999999993,194
998055000,228.09999999999994,228.19999999999993,227.94999999999993,227.99999999999994,319
998314200,227.94999999999993,228.17499999999993,227.77499999999992,227.94999999999993,398
998400600,227.89999999999992,228.12499999999994,227.67499999999993,227.91999999999993,402
998487000,228.07499999999993,228.14999999999992,227.44999999999993,227.54999999999993,413
998573400,227.52499999999992,227.62499999999994,227.32499999999993,227.4699999999999,449
998659800,227.39999999999992,227.54999999999993,226.97499999999994,227.04999999999993,1622
998919000,227.09999999999994,227.19999999999993,226.54999999999993,226.56999999999994,904
999005400,226.52499999999992,226.79999999999993,226.39999999999992,226.61999999999995,942
999091800,226.74999999999994,227.69999999999993,226.74999999999994,227.64999999999992,1293
999178200,227.59999999999994,227.64999999999992,227.24999999999994,227.59999999999994,763
999264600,227.59999999999994,228.59999999999994,227.59999999999994,228.34999999999994,1854
999610200,228.29999999999993,229.19999999999993,228.24999999999994,228.99999999999994,2480
999696600,229.09999999999994,229.49999999999994,228.84999999999994,229.29999999999993,2021
999783000,229.14999999999992,229.14999999999992,228.44999999999993,228.51999999999992,1770
999869400,228.52499999999992,228.74999999999994,228.29999999999993,228.54999999999993,0
1000128600,228.64999999999992,229.12499999999994,228.49999999999994,228.9699999999999,705
1000215000,228.9699999999999,228.9699999999999,228.9699999999999,228.9699999999999,0
1000301400,228.9699999999999,228.9699999999999,228.9699999999999,228.9699999999999,0
1000387800,228.59999999999994,228.89999999999992,228.24999999999994,228.54999999999993,1177
1000474200,228.64999999999992,228.8499999999999,227.89999999999992,228.0999999999999,512
1000733400,228.0999999999999,228.24999999999991,227.69999999999993,227.94999999999993,444
1000819800,227.8499999999999,228.19999999999993,227.52499999999992,227.7199999999999,318
1000906200,227.74999999999991,227.74999999999991,226.2199999999999,226.2199999999999,1422
1000992600,226.19999999999993,226.3499999999999,224.7249999999999,225.4199999999999,2154
1001079000,224.39999999999992,225.3499999999999,223.92499999999993,224.14999999999992,1437
1001338200,224.89999999999992,225.14999999999992,224.39999999999992,224.49999999999991,1498
1001424600,224.49999999999991,225.0999999999999,223.79999999999993,223.94999999999993,1329
1001511000,223.94999999999993,224.29999999999993,223.39999999999992,224.04999999999993,844
1001597400,223.74999999999991,224.29999999999993,223.5999999999999,223.8499999999999,809
1001683800,223.89999999999992,224.19999999999993,222.5999999999999,223.01999999999992,886
1001943000,222.49999999999991,223.37499999999991,222.14999999999992,222.76999999999992,0
1002029400,223.0999999999999,223.0999999999999,222.39999999999992,222.56999999999994,590
1002115800,222.29999999999993,223.04999999999993,222.2249999999999,222.9199999999999,929
1002202200,223.24999999999991,224.37499999999991,223.14999999999992,224.29999999999993,2379
1002288600,224.49999999999991,225.64999999999992,224.49999999999991,225.1999999999999,846
1002547800,225.0499999999999,225.0499999999999,224.5999999999999,224.8199999999999,709
1002634200,224.87499999999991,225.5999999999999,224.74999999999991,224.8499999999999,479
1002720600,224.8499999999999,225.24999999999991,224.5999999999999,225.1199999999999,0
1002807000,225.2249999999999,225.6999999999999,225.14999999999992,225.26999999999992,520
1002893400,225.0999999999999,225.0999999999999,223.76999999999992,223.76999999999992,696
1003152600,223.39999999999992,223.8499999999999,222.26999999999992,222.26999999999992,830
1003239000,222.0999999999999,223.6749999999999,221.4249999999999,223.3499999999999,1317
1003325400,223.39999999999992,223.6999999999999,221.89999999999992,222.5499999999999,881
1003411800,222.39999999999992,223.3499999999999,221.9499999999999,222.8199999999999,513
1003498200,222.49999999999991,222.6999999999999,222.0999999999999,222.6699999999999,582
1003757400,222.5499999999999,222.99999999999991,222.2999999999999,222.5499999999999,621
1003843800,222.6999999999999,223.3249999999999,222.64999999999992,222.9499999999999,593
1003930200,222.8499999999999,222.8499999999999,221.6999999999999,222.3199999999999,1249
1004016600,222.0499999999999,223.0999999999999,221.8499999999999,222.6699999999999,768
1004103000,222.74999999999991,222.89999999999992,222.64999999999992,222.76999999999992,325
1004365800,222.77499999999992,223.5499999999999,222.3499999999999,223.26999999999992,0
1004452200,222.99999999999991,223.0999999999999,222.1999999999999,222.4199999999999,1099
1004538600,222.49999999999991,222.7999999999999,222.1999999999999,222.5999999999999,561
1004625000,222.5499999999999,223.0999999999999,222.49999999999991,222.89999999999992,894
1004711400,222.9499999999999,222.99999999999991,222.39999999999992,222.4499999999999,628
1004970600,222.1999999999999,222.2999999999999,220.9499999999999,221.26999999999992,1818
1005057000,220.99999999999991,221.0749999999999,219.76999999999992,219.76999999999992,1827
1005143400,219.0999999999999,219.9249999999999,218.49999999999991,219.8699999999999,2869
1005229800,219.5999999999999,220.0499999999999,218.99999999999991,219.24999999999991,1482
1005316200,218.7999999999999,219.0749999999999,217.74999999999991,217.74999999999991,1850
1005575400,217.0499999999999,217.0499999999999,216.24999999999991,216.24999999999991,1522
1005661800,216.5999999999999,217.74999999999991,216.5999999999999,217.6999999999999,984
1005748200,217.74999999999991,218.39999999999992,216.9249999999999,218.3499999999999,1545
1005834600,218.6999999999999,219.8499999999999,218.5999999999999,219.8499999999999,1732
1005921000,219.7999999999999,220.74999999999991,219.64999999999992,220.51999999999992,1158
1006180200,220.14999999999992,222.02499999999992,220.0999999999999,221.26999999999992,2543
1006266600,221.5999999999999,221.6749999999999,220.99999999999991,221.5699999999999,943
1006353000,221.49999999999991,221.8499999999999,220.64999999999992,221.6999999999999,1442
1006525800,221.74999999999991,222.64999999999992,221.5499999999999,222.39999999999992,972
1006785000,222.4499999999999,222.5999999999999,221.6749999999999,222.3499999999999,1140
1006871400,222.0999999999999,222.9499999999999,221.9499999999999,222.76999999999992,1445
1006957800,223.0499999999999,223.3499999999999,222.24999999999991,223.26999999999992,1901
1007044200,223.14999999999992,223.6999999999999,222.9499999999999,223.3699999999999,1900
1007130600,222.99999999999991,223.0999999999999,222.5999999999999,222.6199999999999,1103
1007389800,222.9499999999999,223.24999999999991,222.49999999999991,222.9699999999999,1367
1007476200,222.8499999999999,223.1999999999999,222.64999999999992,222.99999999999991,877
1007562600,223.1999999999999,223.5499999999999,222.89999999999992,223.2199999999999,1033
1007649000,223.0499999999999,223.0999999999999,222.52499999999992,222.8499999999999,785
1007735400,222.2999999999999,222.64999999999992,221.77499999999992,221.7999999999999,1238
1007994600,221.4499999999999,221.4499999999999,221.0499999999999,221.24999999999991,0
1008081000,221.2249999999999,221.5999999999999,220.7999999999999,221.3699999999999,1131
1008167400,221.49999999999991,221.87499999999991,220.8249999999999,220.9699999999999,1365
1008253800,220.3499999999999,220.49999999999991,219.7249999999999,219.9699999999999,1656
1008340200,219.89999999999992,220.2999999999999,219.49999999999991,219.9199999999999,1362
1008599400,219.99999999999991,220.6999999999999,219.7999999999999,220.39999999999992,969
1008685800,220.2999999999999,221.89999999999992,219.99999999999991,221.89999999999992,1937
1008772200,221.7999999999999,222.0999999999999,221.39999999999992,221.74999999999991,973
1008858600,221.4499999999999,221.6999999999999,220.99999999999991,221.1699999999999,1049
1008945000,220.9199999999999,222.6699999999999,220.9199999999999,222.63999999999993,1343
1009204200,223.3199999999999,223.76999999999992,223.24499999999992,223.4899999999999,931
1009377000,223.6699999999999,223.8199999999999,223.1699999999999,223.8199999999999,540
1009463400,223.76999999999992,223.76999999999992,223.26999999999992,223.4199999999999,407
1009549800,223.36999999999992,223.9699999999999,223.36999999999992,223.9399999999999,724
1009809000,224.26999999999992,224.4199999999999,223.86999999999992,223.9199999999999,706
1009981800,223.36999999999992,223.36999999999992,222.5699999999999,222.88999999999993,1025
1010068200,223.1699999999999,223.8199999999999,223.01999999999992,223.33999999999992,810
1010154600,223.2199999999999,223.3199999999999,222.7199999999999,223.0699999999999,615
1010413800,223.1699999999999,223.6699999999999,223.11999999999992,223.61999999999992,575
1010500200,223.7199999999999,223.9199999999999,223.5699999999999,223.8199999999999,1143
1010586600,223.8199999999999,224.6699999999999,223.6699999999999,224.61999999999992,1735
1010673000,224.7199999999999,224.76999999999992,224.2199999999999,224.5399999999999,1289
1010759400,223.9199999999999,224.01999999999992,223.0449999999999,223.1899999999999,2362
1011018600,222.9699999999999,223.36999999999992,222.86999999999992,223.0399999999999,1838
1011105000,223.2199999999999,223.6699999999999,223.11999999999992,223.2899999999999,1226
1011191400,223.36999999999992,223.36999999999992,222.49499999999992,222.6699999999999,1738
1011277800,222.64499999999992,222.7199999999999,222.2949999999999,222.51999999999992,1397
1011364200,222.7199999999999,222.9199999999999,222.61999999999992,222.83999999999992,772
1011709800,223.2199999999999,223.2199999999999,222.11999999999992,222.1699999999999,1331
1011796200,222.0699999999999,222.5449999999999,222.01999999999992,222.36999999999992,982
1011882600,222.36999999999992,222.6699999999999,222.24499999999992,222.5399999999999,914
1011969000,222.7199999999999,222.89499999999992,222.5699999999999,222.76999999999992,971
1012228200,222.6699999999999,222.86999999999992,222.3199999999999,222.6699999999999,724
1012314600,222.8199999999999,222.9699999999999,222.6699999999999,222.7899999999999,1004
1012401000,222.7949999999999,223.39499999999992,222.5699999999999,223.3199999999999,1299
1012487400,223.36999999999992,223.64499999999992,223.2199999999999,223.2899999999999,1310
1012573800,222.76999999999992,223.4699999999999,222.76999999999992,223.13999999999993,919
1012833000,223.11999999999992,223.76999999999992,223.0699999999999,223.2899999999999,887
1012919400,223.2199999999999,223.4449999999999,223.01999999999992,223.11999999999992,1059
1013005800,223.26999999999992,223.36999999999992,222.9199999999999,223.2399999999999,706
1013092200,223.36999999999992,223.4699999999999,222.9699999999999,222.9899999999999,737
1013178600,222.8199999999999,222.9449999999999,222.36999999999992,222.8199999999999,1718
1013437800,222.89499999999992,222.9199999999999,222.5699999999999,222.61999999999992,832
1013524200,222.51999999999992,222.5699999999999,222.36999999999992,222.4199999999999,705
1013610600,222.36999999999992,222.4699999999999,221.86999999999992,221.88999999999993,1864
1013697000,222.0699999999999,222.1699999999999,221.64499999999992,221.76999999999992,1001
1013783400,221.8499999999999,221.8499999999999,221.2999999999999,221.5499999999999,655
1014129000,221.0999999999999,221.0999999999999,220.5499999999999,220.6199999999999,1024
1014215400,220.6749999999999,221.32499999999987,220.5999999999999,221.21999999999989,597
1014301800,221.1499999999999,221.2749999999999,220.2499999999999,220.2699999999999,988
1014388200,220.19999999999987,220.44999999999987,220.0249999999999,220.2999999999999,810
1014647400,220.2499999999999,220.5499999999999,220.2499999999999,220.3999999999999,802
1014733800,220.44999999999987,220.6499999999999,219.6499999999999,219.7499999999999,2068
1014820200,219.8499999999999,220.5499999999999,219.7999999999999,220.2699999999999,1051
1014906600,220.3499999999999,220.4999999999999,219.8999999999999,219.94999999999987,564
1014993000,219.9999999999999,219.9999999999999,219.9999999999999,219.9999999999999,0
1015252200,219.7699999999999,219.7699999999999,219.7699999999999,219.7699999999999,0
1015338600,219.5199999999999,219.5199999999999,219.5199999999999,219.5199999999999,0
1015425000,220.19999999999987,220.4999999999999,220.0999999999999,220.44999999999987,1029
1015511400,220.3999999999999,220.8499999999999,220.3749999999999,220.44999999999987,848
1015597800,220.69999999999987,221.19999999999987,220.6249999999999,220.69999999999987,1237
1015857000,220.8699999999999,220.8699999999999,220.8699999999999,220.8699999999999,0
1015943400,220.69999999999987,220.69999999999987,220.69999999999987,220.69999999999987,0
1016029800,220.6749999999999,220.7499999999999,218.9249999999999,220.44999999999987,1873
1016116200,219.0199999999999,219.0199999999999,219.0199999999999,219.0199999999999,0
1016202600,218.7699999999999,218.7699999999999,218.7699999999999,218.7699999999999,0
1016461800,218.7499999999999,218.8499999999999,217.3499999999999,217.7999999999999,1257
1016548200,218.6499999999999,218.6499999999999,217.44999999999987,217.5499999999999,1115
1016634600,217.6499999999999,217.82499999999987,217.2999999999999,217.5499999999999,1023
1016721000,217.7749999999999,217.7999999999999,216.8499999999999,217.0499999999999,874
1016807400,217.0999999999999,217.1749999999999,216.5499999999999,216.6249999999999,895
1017066600,216.4999999999999,217.0999999999999,216.32499999999987,216.7749999999999,937
1017153000,216.69999999999987,217.6249999999999,216.5999999999999,217.1499999999999,1597
1017239400,217.4999999999999,217.6499999999999,216.4999999999999,216.6249999999999,1346
1017325800,216.7499999999999,217.1499999999999,215.9749999999999,216.8499999999999,1459
1017671400,217.19999999999987,218.2999999999999,217.19999999999987,218.0999999999999,1355
1017757800,218.3499999999999,218.3499999999999,217.2499999999999,217.2999999999999,1347
1017844200,217.5999999999999,217.69999999999987,216.5999999999999,217.0999999999999,1677
1017930600,217.3499999999999,217.3499999999999,215.5999999999999,215.5999999999999,1455
1018017000,215.0999999999999,215.2999999999999,214.0999999999999,214.0999999999999,2151
1018272600,214.2999999999999,214.8499999999999,212.5999999999999,212.5999999999999,2384
1018359000,212.7749999999999,213.4999999999999,212.44999999999987,213.3499999999999,2425
1018445400,213.7999999999999,213.7999999999999,211.8499999999999,211.8499999999999,1665
1018531800,211.6499999999999,211.6499999999999,210.3499999999999,210.7499999999999,2525
1018618200,211.09999999999988,211.84999999999988,210.59999999999988,210.7999999999999,1260
1018877400,211.1499999999999,211.5499999999999,210.3999999999999,211.19999999999987,1242
1018963800,211.4999999999999,212.2499999999999,211.19999999999987,212.0499999999999,1092
1019050200,211.9999999999999,212.94999999999987,211.9999999999999,212.57499999999987,908
1019136600,212.59999999999988,212.8999999999999,211.2499999999999,211.84999999999988,1256
1019223000,211.59999999999988,211.59999999999988,210.34999999999988,210.34999999999988,772
1019482200,210.4999999999999,210.5499999999999,208.9999999999999,209.7499999999999,1412
1019568600,209.6499999999999,210.2499999999999,208.7499999999999,208.82499999999987,1440
1019655000,208.59999999999988,208.8999999999999,207.32499999999987,207.32499999999987,1685
1019741400,207.1499999999999,208.82499999999987,205.82499999999987,208.3999999999999,2683
1019827800,208.82499999999987,209.8999999999999,208.82499999999987,209.8999999999999,1661
1020087000,210.4999999999999,211.2999999999999,209.7999999999999,210.3749999999999,1927
1020173400,210.3749999999999,211.8749999999999,209.9999999999999,211.8749999999999,1613
1020259800,212.3999999999999,212.3999999999999,211.1749999999999,211.72499999999988,1352
1020346200,211.59999999999988,212.19999999999987,210.44999999999987,211.3999999999999,1302
1020432600,211.2499999999999,211.7499999999999,210.94999999999987,211.47499999999988,1076
1020691800,212.59999999999988,212.97499999999988,212.59999999999988,212.97499999999988,1176
1020778200,213.59999999999988,213.69999999999987,212.5499999999999,213.0499999999999,1673
1020864600,213.7999999999999,213.8999999999999,212.19999999999987,212.4249999999999,1424
1020951000,212.34999999999988,212.3999999999999,211.19999999999987,211.32499999999987,1760
1021037400,211.3999999999999,211.9999999999999,210.9249999999999,211.72499999999988,1036
1021296600,212.1499999999999,212.1499999999999,211.1499999999999,211.19999999999987,876
1021383000,211.5499999999999,211.5499999999999,210.59999999999988,210.9249999999999,1354
1021469400,211.09999999999988,211.2749999999999,210.94999999999987,211.07499999999987,762
1021555800,211.09999999999988,211.2749999999999,210.44999999999987,210.4999999999999,1090
1021642200,210.4999999999999,210.6749999999999,210.07499999999987,210.4249999999999,1165
1021901400,210.4999999999999,210.5249999999999,208.9999999999999,209.1499999999999,1610
1021987800,208.69999999999987,209.2999999999999,208.09999999999988,208.1749999999999,2129
1022074200,208.3999999999999,209.0499999999999,208.2499999999999,208.7999999999999,1356
1022160600,208.94999999999987,210.19999999999987,208.9249999999999,210.09999999999988,1394
1022247000,210.34999999999988,210.7999999999999,209.94999999999987,210.44999999999987,1185
1022592600,210.4999999999999,211.1749999999999,210.1499999999999,210.59999999999988,1317
1022679000,210.3999999999999,210.69999999999987,209.7999999999999,209.84999999999988,1006
1022765400,209.44999999999987,209.5499999999999,208.34999999999988,208.34999999999988,1659
1022851800,208.19999999999987,208.7999999999999,207.7999999999999,208.47499999999988,1676
1023111000,208.7999999999999,209.97499999999988,208.7999999999999,209.97499999999988,913
1023197400,210.8999999999999,210.9999999999999,209.57499999999987,209.97499999999988,1932
1023283800,209.94999999999987,209.9999999999999,208.47499999999988,209.09999999999988,1449
1023370200,209.2499999999999,209.7999999999999,208.69999999999987,209.44999999999987,1031
1023456600,209.3999999999999,209.6499999999999,208.7999999999999,208.94999999999987,728
1023715800,209.47499999999988,209.47499999999988,209.47499999999988,209.47499999999988,0
1023802200,209.94999999999987,210.97499999999988,209.7999999999999,210.97499999999988,1438
1023888600,210.94999999999987,211.34999999999988,210.2499999999999,210.69999999999987,1645
1023975000,210.6499999999999,211.19999999999987,210.4999999999999,210.6499999999999,810
1024061400,210.7999999999999,211.1499999999999,210.1499999999999,210.34999999999988,963
1024320600,210.69999999999987,211.6499999999999,210.44999999999987,211.3999999999999,1436
1024407000,211.7999999999999,212.3999999999999,211.59999999999988,212.32499999999987,1652
1024493400,212.34999999999988,212.34999999999988,211.7499999999999,212.0499999999999,1002
1024579800,211.9999999999999,211.9999999999999,211.3999999999999,211.59999999999988,1171
1024666200,211.6499999999999,211.69999999999987,211.1499999999999,211.44999999999987,868
1024925400,210.69999999999987,210.7999999999999,209.94999999999987,210.19999999999987,1714
1025011800,210.2999999999999,211.09999999999988,210.2999999999999,210.7499999999999,1286
1025098200,210.5499999999999,210.5499999999999,210.0499999999999,210.1499999999999,989
1025184600,210.19999999999987,210.59999999999988,209.59999999999988,209.7499999999999,1544
1025271000,210.2499999999999,210.2499999999999,209.3999999999999,209.4999999999999,1436
1025530200,209.3999999999999,210.44999999999987,209.3999999999999,210.2749999999999,1647
1025616600,210.59999999999988,211.07499999999987,210.32499999999987,210.97499999999988,1491
1025703000,211.0499999999999,211.1499999999999,210.4249999999999,210.72499999999988,968
1025875800,210.72499999999988,211.09999999999988,210.5499999999999,210.94999999999987,471
1026135000,211.3999999999999,211.47499999999988,210.59999999999988,210.7999999999999,1119
1026221400,210.5499999999999,210.5499999999999,209.84999999999988,210.2999999999999,1255
1026307800,210.2999999999999,210.5499999999999,210.09999999999988,210.4249999999999,988
1026394200,210.4249999999999,211.9249999999999,210.3749999999999,211.9249999999999,1826
1026480600,212.3999999999999,212.94999999999987,212.2499999999999,212.34999999999988,2273
1026739800,211.9999999999999,212.22499999999988,211.4999999999999,212.0249999999999,1307
1026826200,211.6499999999999,211.69999999999987,211.1249999999999,211.4249999999999,849
1026912600,211.7499999999999,212.4999999999999,211.69999999999987,212.09999999999988,947
1026999000,212.2499999999999,212.2499999999999,211.4999999999999,212.1249999999999,625
1027085400,212.09999999999988,212.2999999999999,211.69999999999987,211.89999999999986,315
1027344600,211.7499999999999,212.0499999999999,210.9999999999999,211.07499999999987,559
1027431000,211.19999999999987,211.34999999999988,210.84999999999988,210.9999999999999,280
1027517400,210.94999999999987,211.09999999999988,209.7999999999999,209.82499999999987,863
1027603800,210.09999999999988,211.32499999999987,209.89999999999986,210.9999999999999,679
1027690200,211.14999999999986,211.14999999999986,210.59999999999988,210.9999999999999,346
1027949400,211.89999999999986,212.4999999999999,211.7499999999999,211.82499999999987,536
1028035800,211.59999999999988,211.7499999999999,211.22499999999988,211.64999999999986,354
1028122200,211.34999999999988,211.39999999999986,210.7999999999999,210.8749999999999,695
1028208600,210.44999999999987,210.64999999999986,209.3749999999999,210.4999999999999,1502
1028295000,210.4999999999999,210.64999999999986,209.9999999999999,210.4249999999999,522
1028554200,211.0499999999999,211.2499999999999,210.4999999999999,210.7999999999999,485
1028640600,210.7499999999999,211.5499999999999,210.64999999999986,211.47499999999988,536
1028727000,211.57499999999987,211.84999999999988,211.27499999999986,211.69999999999987,675
1028813400,211.59999999999988,211.64999999999986,211.0499999999999,211.4999999999999,657
1028899800,211.34999999999988,212.94999999999987,211.34999999999988,212.84999999999988,890
1029159000,211.34999999999988,211.84999999999988,211.34999999999988,211.5499999999999,791
1029245400,211.84999999999988,212.0499999999999,211.64999999999986,211.69999999999987,594
1029331800,211.89999999999986,211.94999999999987,211.2499999999999,211.4249999999999,467
1029418200,211.4249999999999,211.97499999999988,211.34999999999988,211.8749999999999,419
1029504600,212.32499999999987,212.32499999999987,212.1249999999999,212.2249999999999,779
1029763800,212.4749999999999,213.0249999999999,212.4249999999999,212.6499999999999,707
1029850200,212.82499999999987,212.8749999999999,212.4249999999999,212.44999999999987,658
1029936600,212.3749999999999,212.57499999999987,212.1749999999999,212.32499999999987,536
1030023000,212.4249999999999,213.82499999999987,212.4249999999999,213.82499999999987,1550
1030109400,213.9249999999999,214.1499999999999,212.82499999999987,213.32499999999987,1626
1030368600,212.9749999999999,213.4749999999999,212.69999999999987,213.07499999999987,737
1030455000,213.2749999999999,213.3999999999999,213.0249999999999,213.0999999999999,504
1030541400,213.0999999999999,213.5999999999999,212.9749999999999,213.3999999999999,830
1030627800,213.4749999999999,214.0249999999999,213.3499999999999,213.7999999999999,936
1030714200,213.6249999999999,214.2749999999999,213.4999999999999,213.94999999999987,948
1031059800,213.57499999999987,213.57499999999987,213.0249999999999,213.0999999999999,805
1031146200,213.07499999999987,213.32499999999987,212.82499999999987,212.94999999999987,650
1031232600,213.0249999999999,213.7749999999999,212.3749999999999,213.4749999999999,1342
1031319000,213.4749999999999,213.6749999999999,213.1749999999999,213.5499999999999,697
1031578200,213.2749999999999,213.32499999999987,212.6749999999999,212.7499999999999,1014
1031664600,212.7249999999999,213.3749999999999,212.7249999999999,212.9749999999999,870
1031751000,213.1249999999999,213.4749999999999,212.9749999999999,213.0249999999999,671
1031837400,213.32499999999987,214.4249999999999,213.2749999999999,214.1249999999999,1778
1031923800,214.3749999999999,215.6249999999999,214.32499999999987,215.2249999999999,1662
1032183000,215.4249999999999,215.7249999999999,215.0249999999999,215.2499999999999,1009
1032269400,215.32499999999987,215.9749999999999,214.9749999999999,215.5249999999999,942
1032355800,215.6749999999999,215.6749999999999,215.1749999999999,215.3749999999999,648
1032442200,215.3749999999999,215.9249999999999,215.32499999999987,215.7749999999999,860
1032528600,215.8499999999999,215.9249999999999,215.44999999999987,215.57499999999987,542
1032787800,215.19999999999987,215.5499999999999,214.8999999999999,214.9749999999999,595
1032874200,214.9249999999999,214.9249999999999,214.6249999999999,214.6749999999999,13
1032960600,215.2249999999999,215.2749999999999,215.0249999999999,215.1749999999999,16
1033047000,214.8749999999999,214.8749999999999,214.2249999999999,214.2749999999999,45
1033133400,214.1749999999999,214.3249999999999,214.1749999999999,214.1749999999999,11
1033392600,214.2249999999999,214.6749999999999,214.2249999999999,214.3249999999999,27
1033479000,214.2249999999999,214.3499999999999,213.8249999999999,213.8249999999999,20
1033565400,213.8249999999999,213.8249999999999,213.3249999999999,213.3249999999999,13
1033651800,213.4749999999999,214.3249999999999,213.4749999999999,214.3249999999999,55
1033738200,214.0749999999999,214.0749999999999,213.8249999999999,213.8249999999999,25
1033997400,213.3249999999999,213.3249999999999,213.3249999999999,213.3249999999999,2
1034083800,213.2749999999999,214.7249999999999,213.2249999999999,214.6999999999999,37
1034170200,214.2249999999999,214.7249999999999,213.9749999999999,213.9749999999999,18
1034256600,214.4749999999999,214.7249999999999,214.4749999999999,214.6749999999999,7
1034343000,214.8749999999999,215.8249999999999,214.6749999999999,215.3749999999999,39
1034602200,215.6749999999999,216.1249999999999,215.6749999999999,215.9249999999999,37
1034688600,215.9249999999999,216.1499999999999,215.9249999999999,215.9749999999999,36
1034775000,215.9749999999999,216.2249999999999,215.9249999999999,215.9249999999999,25
1034861400,215.8749999999999,215.9249999999999,215.7249999999999,215.7249999999999,6
1034947800,215.6249999999999,215.6249999999999,215.1749999999999,215.1749999999999,21
1035207000,216.6749999999999,216.6749999999999,216.4749999999999,216.4749999999999,24
1035293400,216.0749999999999,216.8249999999999,215.9749999999999,216.6249999999999,13
1035379800,216.4749999999999,216.6749999999999,216.2249999999999,216.2249999999999,34
1035466200,216.2249999999999,216.3749999999999,216.1249999999999,216.1749999999999,8
1035552600,216.3749999999999,216.6249999999999,216.3249999999999,216.5999999999999,41
1035815400,216.4249999999999,216.5749999999999,216.3249999999999,216.4749999999999,6
1035901800,216.3249999999999,216.3249999999999,215.7249999999999,215.7249999999999,35
1035988200,215.9249999999999,216.1749999999999,215.9249999999999,216.0749999999999,18
1036074600,216.0749999999999,216.4249999999999,215.9249999999999,216.1749999999999,37
1037975400,218.7749999999999,218.9749999999999,218.7249999999999,218.7749999999999,22
1038234600,219.1749999999999,219.4749999999999,219.1749999999999,219.2999999999999,56
1038321000,219.5249999999999,219.7749999999999,219.3999999999999,219.6499999999999,155
1038407400,220.0249999999999,220.1749999999999,219.7749999999999,220.1249999999999,84
1038580200,220.1249999999999,220.1249999999999,219.4749999999999,219.8499999999999,31
1038839400,219.9749999999999,220.3749999999999,219.9249999999999,220.2499999999999,49
1038925800,220.3249999999999,220.4749999999999,220.1999999999999,220.2749999999999,221
1039012200,220.2999999999999,220.8749999999999,220.2499999999999,220.8249999999999,112
1039098600,220.8749999999999,220.9249999999999,220.5999999999999,220.7749999999999,106
1039185000,220.7249999999999,220.7249999999999,219.3749999999999,219.3999999999999,299
1039444200,219.0749999999999,219.3249999999999,219.0749999999999,219.2749999999999,116
1039530600,219.2749999999999,220.3249999999999,219.2749999999999,219.9249999999999,228
1039617000,219.8749999999999,219.8749999999999,219.1249999999999,219.4749999999999,103
1039703400,219.4249999999999,219.8249999999999,218.6249999999999,218.8749999999999,182
1039789800,218.8749999999999,219.0999999999999,218.6249999999999,218.7249999999999,178
1040049000,218.9249999999999,219.1249999999999,218.2749999999999,219.1249999999999,218
1040135400,219.0749999999999,219.3249999999999,218.6749999999999,218.7749999999999,165
1040221800,218.9249999999999,218.9249999999999,218.0749999999999,218.3999999999999,148
1040308200,218.4249999999999,219.0249999999999,218.4249999999999,218.9749999999999,155
1040394600,219.1749999999999,219.6499999999999,219.1749999999999,219.3749999999999,224
1040653800,219.0249999999999,219.2749999999999,218.7249999999999,219.0999999999999,1
1040740200,219.0999999999999,219.0999999999999,219.0999999999999,219.0999999999999,0
1040913000,219.0249999999999,219.1999999999999,218.7249999999999,218.7499999999999,102
1040999400,218.8249999999999,219.8249999999999,218.1249999999999,218.6249999999999,204
1041258600,218.5749999999999,218.7249999999999,218.3249999999999,218.5249999999999,156
1041345000,218.2249999999999,219.0749999999999,218.2249999999999,219.0249999999999,124
1041517800,219.1749999999999,219.8249999999999,219.1749999999999,219.7249999999999,82
1041604200,219.8249999999999,220.1249999999999,219.7749999999999,220.0749999999999,244
1041863400,220.0749999999999,220.2249999999999,219.1749999999999,219.1999999999999,184
1041949800,219.1749999999999,219.2749999999999,218.9749999999999,219.0749999999999,134
1042036200,219.4249999999999,219.6749999999999,218.1249999999999,218.3499999999999,376
1042122600,218.3249999999999,218.5749999999999,217.9249999999999,218.2249999999999,266
1042209000,218.3999999999999,218.7249999999999,217.7749999999999,217.7999999999999,363
1042468200,217.5749999999999,217.9249999999999,217.4499999999999,217.8499999999999,505
1042554600,218.1249999999999,218.1249999999999,217.2249999999999,217.2749999999999,544
1042641000,217.1249999999999,217.4749999999999,215.7749999999999,215.7749999999999,814
1042727400,216.3249999999999,216.3249999999999,215.5749999999999,216.0999999999999,767
1042813800,216.1249999999999,216.4249999999999,215.7249999999999,215.7499999999999,207
1043159400,216.0249999999999,216.2249999999999,215.9749999999999,216.0999999999999,641
1043245800,215.7249999999999,217.0249999999999,215.7249999999999,216.9249999999999,460
1043332200,216.9749999999999,216.9749999999999,216.5749999999999,216.7999999999999,369
1043418600,216.6499999999999,217.1749999999999,216.2249999999999,216.5999999999999,359
1043677800,216.4249999999999,216.7749999999999,216.1249999999999,216.1499999999999,305
1043764200,216.1749999999999,216.4249999999999,215.9249999999999,215.9749999999999,293
1043850600,215.9499999999999,217.4749999999999,215.9499999999999,217.4749999999999,326
1043937000,217.5749999999999,218.2249999999999,217.5749999999999,217.7249999999999,541
1044023400,217.6749999999999,218.2249999999999,217.6249999999999,218.0749999999999,391
1044282600,217.4749999999999,217.8999999999999,217.4499999999999,217.8749999999999,441
1044369000,217.7249999999999,217.7749999999999,216.4249999999999,216.4999999999999,895
1044455400,216.4749999999999,217.1749999999999,215.4749999999999,215.9749999999999,567
1044541800,215.5249999999999,215.7249999999999,214.7749999999999,215.0499999999999,980
1044628200,215.0249999999999,215.7499999999999,214.4749999999999,214.5999999999999,798
1044887400,214.7249999999999,215.5249999999999,214.5749999999999,215.4499999999999,510
1044973800,215.3749999999999,215.6249999999999,214.8749999999999,215.2999999999999,413
1045060200,214.8999999999999,214.8999999999999,213.7999999999999,213.7999999999999,509
1045146600,213.3249999999999,213.6499999999999,212.4749999999999,213.3999999999999,1012
1045233000,213.4249999999999,214.1749999999999,213.3249999999999,214.1499999999999,478
1045578600,213.9249999999999,214.7249999999999,213.9249999999999,214.2999999999999,493
1045665000,214.2249999999999,214.6249999999999,213.9749999999999,214.5749999999999,340
1045751400,214.8249999999999,215.0999999999999,214.6749999999999,214.7499999999999,383
1045837800,214.6749999999999,214.9999999999999,214.2249999999999,214.8749999999999,777
1046097000,215.0249999999999,215.3249999999999,215.0249999999999,215.1999999999999,413
1046183400,215.0249999999999,215.0749999999999,213.8249999999999,214.3999999999999,693
1046269800,214.5249999999999,214.6749999999999,214.1249999999999,214.5249999999999,443
1046356200,214.4249999999999,214.5249999999999,213.1749999999999,213.1999999999999,1073
1046442600,213.2749999999999,213.6249999999999,212.7249999999999,213.3999999999999,967
1046701800,213.2749999999999,213.8749999999999,213.0749999999999,213.5249999999999,669
1046788200,213.1249999999999,213.6749999999999,212.6249999999999,213.6249999999999,899
1046874600,213.7749999999999,213.9249999999999,213.1999999999999,213.1999999999999,702
1046961000,212.9249999999999,213.2249999999999,212.5499999999999,213.0499999999999,587
1047047400,213.09999999999988,213.2749999999999,212.9999999999999,213.1249999999999,496
1047306600,213.0499999999999,213.1499999999999,212.5499999999999,212.82499999999987,558
1047393000,212.44999999999987,212.5499999999999,211.32499999999987,211.32499999999987,1299
1047479400,211.44999999999987,211.8999999999999,211.2999999999999,211.6749999999999,1158
1047565800,212.1499999999999,212.94999999999987,211.8999999999999,212.84999999999988,1161
1047652200,213.1499999999999,213.4999999999999,213.0499999999999,213.1749999999999,891
1047911400,212.97499999999988,212.97499999999988,211.6749999999999,212.59999999999988,1227
1047997800,212.4999999999999,213.2999999999999,212.4999999999999,213.19999999999987,738
1048084200,213.6499999999999,214.4999999999999,213.6499999999999,213.84999999999988,1423
1048170600,214.1499999999999,214.32499999999987,213.44999999999987,213.4999999999999,862
1048257000,213.2999999999999,214.2499999999999,213.09999999999988,213.97499999999988,936
1048516200,214.2499999999999,214.5499999999999,213.84999999999988,214.07499999999987,743
1048602600,214.1499999999999,214.4999999999999,213.9999999999999,214.3999999999999,1024
1048689000,214.44999999999987,214.7499999999999,213.7999999999999,214.22499999999988,1126
1048775400,214.1499999999999,214.2499999999999,213.7499999999999,213.82499999999987,633
1048861800,213.7999999999999,214.44999999999987,213.6499999999999,213.9249999999999,835
1049121000,213.7499999999999,214.2499999999999,213.6499999999999,214.2499999999999,590
1049207400,214.2999999999999,214.69999999999987,213.8999999999999,214.32499999999987,969
1049293800,214.6499999999999,215.09999999999988,214.5499999999999,215.0249999999999,1049
1049380200,215.0499999999999,215.22499999999988,214.4249999999999,214.69999999999987,1500
1049466600,214.69999999999987,215.44999999999987,214.44999999999987,214.69999999999987,1423
1049722200,214.9999999999999,215.2999999999999,214.94999999999987,215.19999999999987,846
1049808600,215.2499999999999,215.2999999999999,214.7749999999999,214.9999999999999,864
1049895000,215.2499999999999,215.34999999999988,214.69999999999987,214.7499999999999,949
1049981400,214.7499999999999,214.7499999999999,214.2499999999999,214.4249999999999,1064
1050067800,214.5499999999999,214.9999999999999,214.34999999999988,214.94999999999987,1005
1050327000,214.9499999999999,215.0499999999999,214.6999999999999,214.8249999999999,370
1050413400,214.8999999999999,215.0499999999999,214.5749999999999,214.9499999999999,696
1050499800,214.8999999999999,214.8999999999999,214.1499999999999,214.2999999999999,849
1050586200,214.4499999999999,214.4499999999999,213.7499999999999,213.9499999999999,834
1050931800,214.1999999999999,214.4499999999999,213.9999999999999,214.3999999999999,617
1051018200,214.4499999999999,214.6499999999999,214.0249999999999,214.6499999999999,526
1051104600,214.6999999999999,214.8499999999999,214.4999999999999,214.7749999999999,484
1051191000,214.2999999999999,214.4499999999999,214.1249999999999,214.3749999999999,1415
1051277400,214.4499999999999,214.6999999999999,214.2999999999999,214.6499999999999,1233
1051536600,214.5999999999999,215.0499999999999,214.5499999999999,214.9749999999999,737
1051623000,215.0999999999999,216.0499999999999,214.9749999999999,215.9499999999999,2628
1051709400,215.9499999999999,216.3749999999999,215.9499999999999,216.2749999999999,1403
1051795800,216.2999999999999,216.7499999999999,215.9999999999999,216.6999999999999,1369
1051882200,216.5249999999999,217.3499999999999,216.4499999999999,217.1499999999999,1436
1052141400,217.4249999999999,217.6999999999999,216.8749999999999,217.0999999999999,1169
1052227800,217.0749999999999,217.6499999999999,216.8749999999999,217.5249999999999,1233
1052314200,217.4999999999999,217.5249999999999,216.6499999999999,216.9999999999999,1431
1052400600,217.0999999999999,217.1749999999999,216.5999999999999,216.8749999999999,772
1052487000,216.8999999999999,218.2499999999999,216.7499999999999,217.5249999999999,1768
1052746200,217.8499999999999,218.0999999999999,217.2999999999999,217.3249999999999,1234
1052832600,217.3999999999999,217.9499999999999,217.3999999999999,217.4749999999999,1085
1052919000,217.4749999999999,217.6249999999999,216.6499999999999,216.8999999999999,1399
1053005400,216.9999999999999,217.0499999999999,216.3499999999999,216.4749999999999,1280
1053091800,216.8999999999999,217.3499999999999,216.6499999999999,217.2249999999999,1366
1053351000,216.6249999999999,217.1999999999999,216.6249999999999,217.0249999999999,780
1053437400,216.7499999999999,217.1999999999999,215.5249999999999,215.5249999999999,2717
1053523800,214.2249999999999,216.7999999999999,214.2249999999999,216.4499999999999,3650
1053610200,216.4999999999999,216.6499999999999,216.0749999999999,216.3249999999999,1718
1053696600,216.4499999999999,216.9999999999999,216.3499999999999,216.3999999999999,890
1054042200,216.7999999999999,217.7499999999999,216.6999999999999,217.6749999999999,1164
1054128600,218.0499999999999,218.7249999999999,217.9749999999999,218.1749999999999,2140
1054215000,218.4999999999999,218.4999999999999,217.7999999999999,217.9999999999999,995
1054301400,217.9999999999999,218.2999999999999,217.7999999999999,217.8499999999999,923
1054560600,217.7999999999999,219.3499999999999,217.7999999999999,219.2249999999999,1775
1054647000,219.0499999999999,219.2999999999999,217.9249999999999,218.3749999999999,1497
1054733400,218.4499999999999,219.2499999999999,218.4499999999999,218.6499999999999,1059
1054819800,218.1499999999999,218.3499999999999,217.6499999999999,217.7499999999999,1105
1054906200,217.5499999999999,217.9499999999999,217.2749999999999,217.3749999999999,1015
1055165400,216.8749999999999,217.6999999999999,216.8749999999999,217.1749999999999,1055
1055251800,217.2999999999999,217.8499999999999,217.1999999999999,217.7499999999999,848
1055338200,217.8499999999999,218.1499999999999,216.5499999999999,216.5999999999999,1497
1055424600,216.5499999999999,216.7499999999999,216.1999999999999,216.3249999999999,1687
1055511000,216.2499999999999,217.2249999999999,216.2249999999999,216.4749999999999,953
1055770200,216.3499999999999,216.9499999999999,216.1999999999999,216.3999999999999,1032
1055856600,216.4999999999999,217.2999999999999,216.4999999999999,216.8249999999999,1091
1055943000,216.8999999999999,217.2499999999999,216.7749999999999,216.7999999999999,665
1056029400,216.7499999999999,216.8999999999999,216.2999999999999,216.6499999999999,956
1056115800,216.6499999999999,217.3999999999999,216.6499999999999,217.2749999999999,857
1056375000,217.8499999999999,218.0499999999999,217.4499999999999,217.9499999999999,1244
1056461400,217.8499999999999,218.1499999999999,217.6999999999999,217.7249999999999,846
1056547800,217.7249999999999,218.6749999999999,217.6749999999999,218.4749999999999,1168
1056634200,218.4499999999999,218.8999999999999,218.3249999999999,218.5749999999999,1118
1056720600,218.5499999999999,219.0499999999999,218.5499999999999,218.8749999999999,998
1056979800,218.9999999999999,219.3249999999999,218.6749999999999,219.2499999999999,1597
1057066200,219.1999999999999,219.4499999999999,218.3999999999999,218.8999999999999,1598
1057152600,218.8999999999999,219.3499999999999,218.8999999999999,219.2499999999999,1046
1057239000,219.2999999999999,219.2999999999999,218.6499999999999,218.8249999999999,884
1057584600,218.9999999999999,220.3249999999999,218.9999999999999,220.3249999999999,1764
1057671000,220.8499999999999,220.8499999999999,219.9249999999999,220.3999999999999,1550
1057757400,220.4499999999999,220.4499999999999,219.1499999999999,219.5749999999999,1742
1057843800,219.7499999999999,220.0499999999999,219.1999999999999,219.8749999999999,1406
1057930200,219.9999999999999,220.3249999999999,219.0499999999999,219.4999999999999,1476
1058189400,219.6499999999999,219.6499999999999,219.0499999999999,219.2749999999999,1235
1058275800,219.1749999999999,220.0499999999999,218.8749999999999,219.9749999999999,1569
1058362200,220.1999999999999,221.4749999999999,220.1999999999999,221.4749999999999,1761
1058448600,222.3249999999999,222.3249999999999,221.4499999999999,221.8249999999999,1729
1058535000,221.7499999999999,222.1499999999999,221.4749999999999,222.1249999999999,875
1058794200,221.97499999999988,222.14999999999986,221.72499999999988,222.0499999999999,115
1058880600,221.82499999999987,222.57499999999987,221.3749999999999,222.27499999999986,335
1058967000,222.52499999999986,223.47499999999988,222.52499999999986,223.3749999999999,531
1059053400,223.3749999999999,223.6249999999999,222.57499999999987,222.97499999999988,349
1059139800,223.22499999999988,223.27499999999986,222.4249999999999,222.94999999999987,311
1059399000,222.97499999999988,223.89999999999986,222.97499999999988,223.52499999999986,421
1059485400,223.3749999999999,223.39999999999986,222.77499999999986,223.2499999999999,346
1059571800,223.52499999999986,223.77499999999986,222.8749999999999,223.09999999999988,443
1059658200,223.1749999999999,223.22499999999988,222.57499999999987,223.02499999999986,343
1059744600,223.22499999999988,223.6249999999999,222.8749999999999,223.47499999999988,334
1060003800,223.32499999999987,223.52499999999986,222.82499999999987,223.34999999999988,293
1060090200,223.32499999999987,223.82499999999987,222.4249999999999,222.69999999999987,551
1060176600,222.82499999999987,223.09999999999988,222.1249999999999,222.94999999999987,687
1060263000,222.9249999999999,222.9249999999999,222.22499999999988,222.3749999999999,569
1060349400,222.47499999999988,223.22499999999988,222.1249999999999,223.1749999999999,484
1060608600,221.6749999999999,222.6249999999999,221.6749999999999,222.57499999999987,714
1060695000,221.89999999999986,222.82499999999987,221.72499999999988,222.7499999999999,599
1060781400,222.6749999999999,222.82499999999987,222.4249999999999,222.7499999999999,862
1060867800,222.6249999999999,223.1249999999999,222.52499999999986,223.07499999999987,502
1060954200,223.02499999999986,223.9249999999999,222.72499999999988,223.82499999999987,727
1061213400,223.39999999999986,224.04999999999987,223.04999999999987,224.02499999999986,1245
1061299800,224.04999999999987,224.79999999999987,224.04999999999987,224.2499999999999,1315
1061386200,224.94999999999987,225.7499999999999,224.79999999999987,225.69999999999987,1497
1061472600,225.39999999999986,226.04999999999987,224.9999999999999,225.8749999999999,1800
1061559000,225.79999999999987,226.2499999999999,225.64999999999986,225.82499999999987,1204
1061818200,226.04999999999987,226.19999999999987,225.19999999999987,225.42499999999987,986
1061904600,224.94999999999987,225.82499999999987,224.7499999999999,225.79999999999987,1684
1061991000,226.04999999999987,227.29999999999987,226.04999999999987,227.29999999999987,1470
1062077400,227.44999999999987,227.64999999999986,226.34999999999985,226.3749999999999,1537
1062163800,226.3749999999999,227.14999999999986,226.3749999999999,226.97499999999985,1224
1062509400,227.29999999999987,227.64999999999986,226.9999999999999,227.22499999999985,1297
1062595800,227.19999999999987,228.72499999999985,227.14999999999986,228.59999999999985,1570
1062682200,228.7499999999999,228.92499999999987,227.59999999999985,228.27499999999986,1392
1062768600,228.09999999999985,228.59999999999985,227.54999999999987,228.44999999999987,1159
1063027800,228.54999999999987,229.84999999999985,228.54999999999987,229.64999999999986,1712
1063114200,230.2499999999999,230.89999999999986,229.39999999999986,229.47499999999985,2555
1063200600,229.7499999999999,229.7499999999999,228.4999999999999,229.32499999999987,1918
1063287000,229.39999999999986,230.82499999999987,229.3749999999999,230.82499999999987,1407
1063373400,231.04999999999987,231.29999999999987,229.39999999999986,229.64999999999986,2502
1063632600,229.84999999999985,230.39999999999986,228.9999999999999,230.14999999999986,1549
1063719000,230.59999999999985,231.34999999999985,229.44999999999987,229.57499999999987,1996
1063805400,230.14999999999986,231.07499999999987,229.7499999999999,230.57499999999987,1573
1063891800,230.42499999999987,230.54999999999987,229.89999999999986,230.2499999999999,1021
1063978200,230.04999999999987,230.2499999999999,229.59999999999985,229.79999999999987,1065
1064237400,229.47499999999985,230.17499999999987,229.07499999999987,230.07499999999987,1064
1064323800,230.27499999999986,231.57499999999987,230.27499999999986,231.57499999999987,1221
1064410200,232.57499999999987,232.57499999999987,231.27499999999986,231.64999999999986,1558
1064496600,231.02499999999986,231.77499999999986,230.69999999999987,231.29999999999987,734
1064583000,231.07499999999987,231.07499999999987,230.17499999999987,230.74999999999986,861
1064842200,230.12499999999986,231.62499999999986,229.67499999999987,231.54999999999987,1139
1064928600,231.67499999999987,232.02499999999986,231.42499999999987,231.87499999999986,1004
1065015000,231.97499999999985,233.17499999999987,231.82499999999987,233.07499999999987,1200
1065101400,232.92499999999987,234.34999999999985,232.77499999999986,233.92499999999987,1593
1065187800,233.82499999999987,235.17499999999987,233.72499999999985,234.72499999999985,1708
1065447000,234.57499999999987,236.22499999999985,234.52499999999986,236.22499999999985,1349
1065533400,236.27499999999986,237.72499999999985,236.17499999999987,237.72499999999985,1232
1065619800,239.22499999999985,239.22499999999985,239.02499999999986,239.22499999999985,809
1065706200,240.52499999999986,240.72499999999985,238.02499999999986,238.52499999999986,2553
1065792600,239.27499999999986,240.02499999999986,238.17499999999987,239.34999999999985,1987
1066051800,240.52499999999986,240.84999999999985,240.47499999999985,240.84999999999985,643
1066138200,242.34999999999985,242.34999999999985,239.34999999999985,239.34999999999985,1661
1066224600,237.84999999999985,238.42499999999984,237.84999999999985,237.84999999999985,1837
1066311000,237.47499999999985,237.62499999999986,236.34999999999985,236.34999999999985,752
1066397400,235.27499999999986,236.12499999999986,234.87499999999986,235.77499999999986,1809
1066656600,235.62499999999986,236.22499999999985,234.27499999999986,234.27499999999986,863
1066743000,234.12499999999986,234.32499999999985,232.77499999999986,233.32499999999985,1121
1066829400,232.82499999999985,233.97499999999985,231.82499999999985,231.82499999999985,1698
1066915800,231.77499999999986,233.32499999999985,231.17499999999984,232.97499999999985,1404
1067002200,234.42499999999984,234.47499999999985,233.62499999999986,234.47499999999985,1028
1067265000,235.72499999999985,235.97499999999985,235.22499999999985,235.97499999999985,1386
1067351400,235.97499999999985,236.07499999999985,234.47499999999985,234.47499999999985,801
1067437800,232.97499999999985,235.22499999999985,232.97499999999985,235.09999999999985,1741
1067524200,235.72499999999985,235.92499999999984,233.59999999999985,233.99999999999986,1716
1067610600,233.82499999999985,235.17499999999984,233.42499999999984,235.02499999999986,1788
1067869800,234.97499999999985,236.52499999999986,234.87499999999986,236.37499999999986,1181
1067956200,235.52499999999986,236.39999999999986,235.52499999999986,236.19999999999985,1606
1068042600,236.19999999999985,236.92499999999984,235.87499999999986,236.59999999999985,1508
1068129000,236.97499999999985,238.09999999999985,236.97499999999985,237.84999999999985,1583
1068215400,238.12499999999986,238.62499999999986,237.47499999999985,237.54999999999984,1228
1068474600,237.72499999999985,239.04999999999984,237.67499999999984,238.54999999999984,1396
1068561000,238.02499999999986,238.72499999999985,237.04999999999984,237.04999999999984,1241
1068647400,237.22499999999985,237.22499999999985,235.54999999999984,235.54999999999984,1111
1068733800,235.42499999999984,236.67499999999984,234.82499999999985,235.79999999999984,1350
1068820200,236.02499999999986,236.02499999999986,234.29999999999984,234.59999999999985,1369
1069079400,234.59999999999985,235.37499999999986,233.82499999999985,234.84999999999985,1201
1069165800,235.52499999999986,236.34999999999985,235.52499999999986,236.34999999999985,728
1069252200,237.34999999999985,237.34999999999985,234.84999999999985,234.94999999999985,1555
1069338600,234.77499999999986,236.29999999999984,234.42499999999984,235.72499999999985,1325
1069425000,236.02499999999986,236.62499999999986,235.42499999999984,235.97499999999985,1300
1069684200,236.57499999999985,237.29999999999984,236.47499999999985,237.14999999999986,856
1069770600,237.12499999999986,238.64999999999986,236.62499999999986,237.97499999999985,1552
1069857000,238.27499999999986,239.02499999999986,238.12499999999986,238.94999999999985,1213
1070029800,239.22499999999985,239.72499999999985,238.72499999999985,239.59999999999985,789
1070289000,239.92499999999984,241.09999999999985,239.77499999999986,240.92499999999984,1811
1070375400,241.42499999999984,242.37499999999986,241.02499999999986,242.07499999999985,1880
1070461800,242.07499999999985,242.67499999999984,240.57499999999985,240.57499999999985,2490
1070548200,239.72499999999985,239.92499999999984,239.07499999999985,239.07499999999985,1868
1070634600,237.67499999999984,238.97499999999985,237.67499999999984,238.52499999999986,2103
1070893800,239.12499999999986,239.12499999999986,238.12499999999986,238.17499999999984,1050
1070980200,238.17499999999984,238.32499999999985,236.67499999999984,236.67499999999984,1470
1071066600,236.12499999999986,236.12499999999986,235.17499999999984,235.17499999999984,1862
1071153000,235.42499999999984,236.37499999999986,235.22499999999985,235.39999999999986,2686
1071239400,235.67499999999984,236.27499999999986,234.72499999999985,234.77499999999986,1474
1071498600,234.67499999999984,235.97499999999985,234.22499999999985,235.97499999999985,1554
1071585000,236.37499999999986,236.82499999999985,234.67499999999984,234.92499999999984,1334
1071671400,234.72499999999985,235.62499999999986,234.62499999999986,235.07499999999985,1127
1071757800,234.82499999999985,234.82499999999985,233.59999999999985,233.62499999999986,1391
1071844200,233.22499999999985,234.57499999999985,233.22499999999985,234.44999999999985,1070
1072103400,234.97499999999985,235.47499999999985,234.47499999999985,235.27499999999986,661
1072189800,235.22499999999985,235.67499999999987,235.07499999999987,235.42499999999987,422
1072276200,233.92499999999987,233.92499999999987,233.92499999999987,233.92499999999987,38
1072449000,230.92499999999987,230.92499999999987,230.92499999999987,230.92499999999987,10
1072708200,225.92499999999987,228.02499999999986,225.92499999999987,225.92499999999987,980
1072794600,225.82499999999987,226.27499999999986,223.02499999999986,223.07499999999987,1536
1072881000,223.22499999999985,224.47499999999985,222.52499999999986,223.77499999999986,1000
1073053800,224.62499999999986,225.57499999999987,224.22499999999985,225.04999999999987,879
1073313000,225.32499999999987,226.54999999999987,225.27499999999986,226.54999999999987,708
1073399400,227.52499999999986,227.52499999999986,225.04999999999987,226.32499999999987,1164
1073485800,226.42499999999987,227.82499999999987,226.42499999999987,227.82499999999987,688
1073572200,228.32499999999987,229.32499999999987,228.32499999999987,229.14999999999986,1079
1073658600,229.52499999999986,230.64999999999986,229.52499999999986,229.89999999999986,1001
1073917800,229.52499999999986,229.52499999999986,228.39999999999986,228.39999999999986,1060
1074004200,228.32499999999987,229.19999999999987,227.42499999999987,227.47499999999985,1414
1074090600,228.77499999999986,228.97499999999985,228.77499999999986,228.97499999999985,892
1074177000,229.87499999999986,230.12499999999986,229.04999999999987,229.09999999999985,1069
1074263400,229.27499999999986,230.12499999999986,228.57499999999987,229.12499999999986,627
1074609000,229.52499999999986,230.62499999999986,229.47499999999985,230.59999999999985,760
1074695400,231.02499999999986,231.42499999999987,230.77499999999986,230.82499999999987,1105
1074781800,230.87499999999986,231.17499999999987,230.02499999999986,230.34999999999985,877
1074868200,230.02499999999986,230.57499999999987,228.92499999999987,229.24999999999986,1153
1075127400,228.82499999999987,229.17499999999987,228.12499999999986,228.59999999999985,995
1075213800,229.22499999999985,229.57499999999987,228.52499999999986,229.12499999999986,956
1075300200,229.32499999999987,229.62499999999986,228.12499999999986,228.57499999999987,783
1075386600,228.32499999999987,228.97499999999985,227.52499999999986,227.92499999999987,1343
1075473000,227.92499999999987,228.79999999999987,227.87499999999986,228.69999999999987,670
1075732200,228.42499999999987,229.42499999999987,228.27499999999986,229.07499999999987,1176
1075818600,229.17499999999987,229.37499999999986,228.69999999999987,228.74999999999986,825
1075905000,228.72499999999985,228.82499999999987,227.24999999999986,227.24999999999986,716
1075991400,228.02499999999986,228.74999999999986,226.77499999999986,228.22499999999985,1561
1076077800,228.22499999999985,228.52499999999986,227.87499999999986,228.17499999999987,790
1076337000,227.87499999999986,228.32499999999987,226.67499999999987,228.27499999999986,1023
1076423400,228.37499999999986,228.47499999999985,226.92499999999987,226.97499999999985,1020
1076509800,227.02499999999986,228.17499999999987,227.02499999999986,227.77499999999986,1291
1076596200,228.52499999999986,228.72499999999985,226.87499999999986,227.87499999999986,1416
1076682600,228.02499999999986,229.27499999999986,227.57499999999987,228.99999999999986,1390
1077028200,229.4999999999999,230.14999999999986,229.09999999999988,229.29999999999987,1047
1077114600,229.42499999999987,229.94999999999987,229.34999999999988,229.77499999999986,562
1077201000,229.69999999999987,229.9999999999999,228.89999999999986,229.02499999999986,674
1077287400,229.14999999999986,229.19999999999987,228.3749999999999,228.4999999999999,606
1077546600,228.39999999999986,228.7499999999999,227.44999999999987,227.7499999999999,799
1077633000,228.04999999999987,229.69999999999987,228.04999999999987,229.2499999999999,889
1077719400,229.84999999999988,229.84999999999988,229.14999999999986,229.2499999999999,740
1077805800,229.54999999999987,230.09999999999988,229.44999999999987,229.9999999999999,683
1077892200,230.19999999999987,230.64999999999986,229.7499999999999,229.94999999999987,917
1078151400,230.34999999999988,231.59999999999988,230.29999999999987,231.52499999999986,892
1078237800,231.44999999999987,231.44999999999987,230.57499999999987,230.6249999999999,1062
1078324200,230.94999999999987,231.04999999999987,228.64999999999986,230.82499999999987,1406
1078410600,231.44999999999987,231.4999999999999,229.29999999999987,229.69999999999987,1737
1078497000,229.7499999999999,229.7499999999999,228.89999999999986,229.69999999999987,997
1078756200,230.04999999999987,230.34999999999988,229.2499999999999,229.34999999999988,1233
1078842600,229.54999999999987,230.19999999999987,229.44999999999987,229.97499999999988,853
1078929000,230.2499999999999,232.69999999999987,230.2499999999999,232.34999999999988,1308
1079015400,232.29999999999987,232.4999999999999,231.7499999999999,232.42499999999987,1221
1079101800,232.4999999999999,233.59999999999988,232.29999999999987,232.82499999999987,1131
1079361000,232.84999999999988,232.89999999999986,231.97499999999988,232.39999999999986,733
1079447400,232.7499999999999,233.9999999999999,232.7499999999999,233.77499999999986,714
1079533800,234.2499999999999,234.69999999999987,232.09999999999988,232.3749999999999,1175
1079620200,232.39999999999986,232.77499999999986,230.94999999999987,231.6249999999999,716
1079706600,231.77499999999986,231.77499999999986,231.02499999999986,231.27499999999986,1021
1079965800,231.17499999999987,231.82499999999987,230.77499999999986,231.27499999999986,927
1080052200,231.42499999999987,233.1249999999999,231.07499999999987,231.3749999999999,1316
1080138600,231.1249999999999,232.47499999999988,231.02499999999986,232.07499999999987,1143
1080225000,232.17499999999987,232.72499999999988,231.8749999999999,232.2499999999999,538
1080311400,232.72499999999988,233.42499999999987,232.67499999999987,232.94999999999987,779
1080570600,232.8749999999999,233.82499999999987,232.57499999999987,233.44999999999987,751
1080657000,233.77499999999986,234.22499999999988,233.72499999999988,233.79999999999987,873
1080743400,233.57499999999987,233.6249999999999,232.72499999999988,233.47499999999988,1129
1080829800,233.72499999999988,233.82499999999987,232.54999999999987,232.7499999999999,1044
1080916200,232.7499999999999,233.27499999999986,232.42499999999987,232.52499999999986,593
1081171800,232.67499999999987,233.32499999999987,232.04999999999987,233.14999999999986,824
1081258200,233.27499999999986,234.17499999999987,233.07499999999987,234.04999999999987,781
1081344600,234.17499999999987,234.17499999999987,233.02499999999986,233.1249999999999,1266
1081431000,233.17499999999987,234.1249999999999,233.02499999999986,233.72499999999988,1495
1081776600,234.57499999999987,236.57499999999987,234.57499999999987,236.3749999999999,2054
1081863000,236.47499999999988,236.82499999999987,235.8749999999999,235.94999999999987,1597
1081949400,236.07499999999987,236.8749999999999,235.72499999999988,236.44999999999987,1138
1082035800,236.82499999999987,236.82499999999987,235.22499999999988,235.54999999999987,1434
1082122200,235.72499999999988,235.77499999999986,234.82499999999987,235.54999999999987,1718
1082381400,236.22499999999988,237.72499999999988,236.17499999999987,237.64999999999986,1427
1082467800,238.1249999999999,239.57499999999987,238.1249999999999,239.54999999999987,2313
1082554200,239.72499999999988,240.1249999999999,238.92499999999987,239.09999999999988,1703
1082640600,238.77499999999986,239.42499999999987,238.6249999999999,238.94999999999987,1269
1082727000,238.92499999999987,240.27499999999986,238.82499999999987,239.92499999999987,1288
1082986200,239.77499999999986,241.27499999999986,239.47499999999988,241.04999999999987,2218
1083072600,241.32499999999987,241.32499999999987,240.42499999999987,240.82499999999987,1326
1083159000,240.82499999999987,243.57499999999987,240.77499999999986,243.44999999999987,1847
1083245400,243.22499999999988,244.92499999999987,242.57499999999987,243.72499999999988,2915
1083331800,243.42499999999987,243.92499999999987,241.6249999999999,243.7499999999999,1816
1083591000,243.92499999999987,244.82499999999987,243.22499999999988,244.54999999999987,1667
1083677400,244.54999999999987,245.22499999999988,243.92499999999987,244.8749999999999,1435
1083763800,245.17499999999987,245.32499999999987,244.07499999999987,244.59999999999988,1155
1083850200,244.72499999999988,246.22499999999988,243.1249999999999,243.94999999999987,1966
1083936600,243.92499999999987,244.82499999999987,243.42499999999987,244.34999999999988,1325
1084195800,244.82499999999987,246.42499999999987,244.22499999999988,245.42499999999987,2098
1084282200,245.72499999999988,245.77499999999986,245.07499999999987,245.42499999999987,895
1084368600,244.92499999999987,245.17499999999987,244.57499999999987,244.97499999999988,991
1084455000,244.97499999999988,245.3749999999999,244.52499999999986,244.92499999999987,598
1084541400,244.82499999999987,245.27499999999986,244.17499999999987,245.1249999999999,970
1084800600,245.1249999999999,245.47499999999988,244.3749999999999,244.79999999999987,1221
1084887000,245.02499999999986,246.92499999999987,244.92499999999987,246.77499999999986,1869
1084973400,246.82499999999987,248.39999999999986,246.82499999999987,248.2499999999999,1444
1085059800,248.32499999999987,249.67499999999987,247.3749999999999,249.57499999999987,1488
1085146200,249.47499999999988,251.1249999999999,249.1249999999999,250.67499999999987,1621
1085405400,250.97499999999988,251.32499999999987,250.42499999999987,250.9999999999999,980
1085491800,250.82499999999987,250.82499999999987,247.9999999999999,249.67499999999987,2354
1085578200,249.57499999999987,250.34999999999988,249.02499999999986,249.77499999999986,1094
1085664600,250.02499999999986,252.72499999999988,249.97499999999988,252.27499999999986,1651
1085751000,252.32499999999987,253.67499999999987,252.02499999999986,252.52499999999986,1293
1086096600,251.82499999999987,251.97499999999988,249.89999999999986,250.04999999999987,1548
1086183000,250.57499999999987,252.72499999999988,250.57499999999987,252.4999999999999,1463
1086269400,252.97499999999988,253.82499999999987,252.52499999999986,253.39999999999986,1230
1086355800,253.3749999999999,254.17499999999987,252.77499999999986,253.94999999999987,937
1086615000,254.47499999999988,255.42499999999987,254.32499999999987,254.9999999999999,1672
1086701400,255.07499999999987,255.22499999999988,253.72499999999988,253.82499999999987,1238
1086787800,253.92499999999987,254.44999999999987,252.32499999999987,253.69999999999987,1579
1086874200,253.92499999999987,253.92499999999987,252.42499999999987,252.82499999999987,1579
1086960600,252.82499999999987,252.82499999999987,252.82499999999987,252.82499999999987,0
1087219800,252.72499999999988,253.07499999999987,252.09999999999988,252.57499999999987,2096
1087306200,252.82499999999987,253.47499999999988,252.14999999999986,252.29999999999987,1704
1087392600,252.32499999999987,254.27499999999986,252.32499999999987,254.1249999999999,1652
1087479000,255.02499999999986,255.52499999999986,254.42499999999987,254.94999999999987,1924
1087565400,254.94999999999987,255.32499999999987,254.1249999999999,255.1249999999999,1086
1087824600,255.27499999999986,256.5749999999999,255.17499999999987,256.3499999999999,1401
1087911000,256.42499999999984,257.27499999999986,256.3249999999999,256.9499999999999,1370
1087997400,257.1249999999999,258.0999999999999,256.8749999999999,257.89999999999986,1285
1088083800,258.2249999999999,259.2249999999999,258.17499999999984,259.04999999999984,1381
1088170200,258.6249999999999,259.5749999999999,258.4749999999999,259.4749999999999,1010
1088429400,256.4749999999999,257.3249999999999,256.4749999999999,256.4749999999999,1568
1088515800,255.52499999999986,257.6249999999999,255.52499999999986,257.3499999999999,1992
1088602200,255.97499999999988,256.27499999999986,254.34999999999988,254.72499999999988,2714
1088688600,254.72499999999988,256.1249999999999,252.82499999999987,253.72499999999988,1964
1088775000,253.82499999999987,254.1249999999999,252.92499999999987,253.72499999999988,1292
1089120600,256.7249999999999,256.7249999999999,256.7249999999999,256.7249999999999,387
1089207000,257.0749999999999,257.2249999999999,256.0749999999999,256.42499999999984,1801
1089293400,257.0749999999999,257.42499999999984,255.67499999999987,255.92499999999987,2461
1089379800,256.2249999999999,258.42499999999984,256.1249999999999,257.8749999999999,1866
1089639000,258.7249999999999,259.3749999999999,257.7249999999999,258.8749999999999,1818
1089725400,258.8749999999999,259.3249999999999,258.52499999999986,258.8499999999999,1762
1089811800,258.3749999999999,258.3749999999999,256.0749999999999,256.9499999999999,2028
1089898200,256.7249999999999,256.7499999999999,253.94999999999987,253.94999999999987,2041
1089984600,253.7499999999999,254.77499999999986,253.02499999999986,253.84999999999988,1657
1090243800,254.0499999999999,254.9999999999999,253.84999999999988,254.44999999999987,595
1090330200,253.7499999999999,254.69999999999987,253.6499999999999,254.5249999999999,500
1090416600,255.1499999999999,257.4499999999999,255.0499999999999,257.39999999999986,1983
1090503000,257.7999999999999,260.1999999999999,257.7999999999999,259.9249999999999,807
1090589400,259.2499999999999,259.9999999999999,258.7499999999999,259.9749999999999,567
1090848600,260.2999999999999,261.2499999999999,259.3499999999999,261.14999999999986,728
1090935000,261.14999999999986,261.7499999999999,260.5499999999999,261.5749999999999,746
1091021400,261.7499999999999,261.7499999999999,260.8499999999999,261.2249999999999,525
1091107800,261.0499999999999,261.0499999999999,260.14999999999986,260.14999999999986,505
1091194200,259.7999999999999,259.7999999999999,258.5499999999999,259.2249999999999,939
1091453400,258.7499999999999,259.9999999999999,258.5999999999999,259.5999999999999,569
1091539800,259.9499999999999,260.0999999999999,256.64999999999986,256.6999999999999,985
1091626200,256.5999999999999,258.8499999999999,256.5999999999999,258.7999999999999,1042
1091712600,258.89999999999986,259.39999999999986,258.2499999999999,258.6749999999999,703
1091799000,258.4499999999999,259.0499999999999,257.9499999999999,258.6999999999999,1030
1092058200,258.7499999999999,260.2499999999999,258.7499999999999,260.1749999999999,1003
1092144600,260.4499999999999,260.64999999999986,259.4999999999999,259.89999999999986,880
1092231000,259.9999999999999,260.4499999999999,258.7999999999999,258.9749999999999,1156
1092317400,258.64999999999986,259.2999999999999,258.1999999999999,259.02499999999986,1155
1092403800,259.8499999999999,261.64999999999986,259.8499999999999,261.3749999999999,879
1092663000,261.2999999999999,261.6999999999999,261.0999999999999,261.5999999999999,521
1092749400,261.5999999999999,261.9999999999999,261.2999999999999,261.9749999999999,729
1092835800,261.9499999999999,262.64999999999986,261.89999999999986,261.9749999999999,920
1092922200,261.7499999999999,261.7499999999999,259.2499999999999,260.5999999999999,1559
1093008600,260.32499999999993,260.82499999999993,260.2249999999999,260.5499999999999,1194
1093267800,260.7249999999999,261.02499999999986,259.8749999999999,260.32499999999993,1120
1093354200,259.7249999999999,259.8749999999999,257.9249999999999,258.07499999999993,2414
1093440600,257.6249999999999,258.4249999999999,257.32499999999993,257.64999999999986,1527
1093527000,257.7249999999999,257.9249999999999,256.4749999999999,256.64999999999986,1852
1093613400,256.82499999999993,256.9249999999999,256.1749999999999,256.2499999999999,1271
1093872600,256.2499999999999,257.6249999999999,255.7249999999999,257.4749999999999,1493
1093959000,257.1249999999999,257.1749999999999,255.9249999999999,256.8499999999999,1548
1094045400,256.2249999999999,256.2249999999999,254.2249999999999,254.4249999999999,2070
1094131800,254.5249999999999,255.1749999999999,253.8249999999999,254.1249999999999,1722
1094218200,253.9249999999999,254.6249999999999,253.5749999999999,253.6749999999999,604
1094563800,253.8249999999999,254.5749999999999,253.7249999999999,253.9999999999999,1411
1094650200,254.0249999999999,256.07499999999993,254.0249999999999,255.4999999999999,2031
1094736600,254.8249999999999,256.02499999999986,254.8249999999999,255.1749999999999,1406
1094823000,256.6249999999999,258.1749999999999,256.6249999999999,257.7499999999999,2181
1095082200,258.1249999999999,259.32499999999993,258.02499999999986,259.07499999999993,2630
1095168600,259.1249999999999,259.52499999999986,258.52499999999986,258.82499999999993,1664
1095255000,259.07499999999993,259.0999999999999,258.02499999999986,258.89999999999986,1536
1095341400,259.4249999999999,260.2999999999999,258.7249999999999,259.9749999999999,1695
1095427800,259.4249999999999,259.5499999999999,259.02499999999986,259.32499999999993,1017
1095687000,260.19999999999993,261.69999999999993,259.64999999999986,261.2999999999999,1132
1095773400,260.89999999999986,261.0999999999999,260.5499999999999,260.69999999999993,478
1095859800,260.7499999999999,261.69999999999993,260.0499999999999,260.5999999999999,1011
1095946200,260.2999999999999,261.0499999999999,259.94999999999993,260.7499999999999,683
1096032600,260.5999999999999,260.7499999999999,259.9999999999999,260.19999999999993,658
1096291800,260.14999999999986,260.14999999999986,257.89999999999986,258.39999999999986,1406
1096378200,258.2999999999999,259.2499999999999,258.14999999999986,258.77499999999986,880
1096464600,258.57499999999993,259.69999999999993,258.44999999999993,259.4249999999999,1391
1096551000,258.9999999999999,259.4249999999999,258.4999999999999,258.7999999999999,1040
1096637400,258.2999999999999,259.7999999999999,258.19999999999993,259.4999999999999,1269
1096896600,259.69999999999993,260.77499999999986,259.64999999999986,260.32499999999993,1237
1096983000,260.19999999999993,261.19999999999993,259.89999999999986,261.0499999999999,873
1097069400,261.0499999999999,261.5499999999999,260.69999999999993,261.1249999999999,1398
1097155800,261.14999999999986,261.7999999999999,260.8499999999999,260.94999999999993,1370
1097242200,260.5499999999999,260.8499999999999,260.3499999999999,260.6249999999999,1424
1097501400,260.77499999999986,261.3249999999999,260.6249999999999,261.27499999999986,726
1097587800,262.1749999999999,262.52499999999986,261.9249999999999,262.0749999999999,1665
1097674200,261.9749999999999,262.02499999999986,261.3749999999999,261.8749999999999,786
1097760600,261.8249999999999,262.02499999999986,260.8249999999999,261.2249999999999,1123
1097847000,261.3749999999999,261.4249999999999,260.9249999999999,261.2999999999999,966
1098106200,261.8249999999999,261.8249999999999,261.0749999999999,261.6999999999999,731
1098192600,261.7249999999999,262.1749999999999,261.5499999999999,262.0749999999999,1026
1098279000,261.9749999999999,261.9749999999999,260.5749999999999,260.5749999999999,1301
1098365400,260.3749999999999,260.77499999999986,259.8749999999999,259.8749999999999,907
1098451800,261.0749999999999,261.3749999999999,260.7249999999999,261.1999999999999,1183
1098711000,261.6749999999999,262.6249999999999,260.9249999999999,260.9749999999999,1964
1098797400,261.1749999999999,261.6749999999999,261.1749999999999,261.6249999999999,1233
1098883800,261.6249999999999,261.6749999999999,261.0749999999999,261.39999999999986,1130
1098970200,261.4249999999999,261.52499999999986,260.7249999999999,260.7999999999999,975
1099056600,260.7249999999999,260.7999999999999,257.7999999999999,257.89999999999986,4386
1099319400,257.6249999999999,258.2249999999999,256.9749999999999,257.0499999999999,3201
1099405800,257.0749999999999,257.3749999999999,256.6249999999999,256.8499999999999,1746
1099492200,256.7249999999999,257.6749999999999,256.5749999999999,256.7499999999999,1644
1099578600,256.9749999999999,256.9749999999999,253.7999999999999,254.57499999999987,3368
1099665000,254.3749999999999,255.1749999999999,254.07499999999987,254.1249999999999,1758
1099924200,253.8749999999999,254.57499999999987,253.4999999999999,253.84999999999988,1326
1100010600,254.1249999999999,255.0249999999999,252.6249999999999,252.7499999999999,1198
1100097000,253.07499999999987,254.3749999999999,252.8749999999999,254.2499999999999,1823
1100183400,255.1749999999999,256.1749999999999,254.97499999999988,255.6749999999999,2177
1100269800,255.82499999999987,255.9249999999999,254.2749999999999,254.3749999999999,1109
1100529000,254.57499999999987,255.3749999999999,254.5249999999999,255.22499999999988,1245
1100615400,255.8749999999999,256.02499999999986,255.5249999999999,255.57499999999987,1367
1100701800,255.5249999999999,256.5999999999999,255.47499999999988,256.0749999999999,1766
1100788200,253.07499999999987,254.47499999999988,253.07499999999987,253.07499999999987,2388
1100874600,253.2749999999999,253.6749999999999,252.22499999999988,252.9999999999999,2230
1101133800,252.6749999999999,253.2749999999999,251.7749999999999,251.8999999999999,2111
1101220200,251.7749999999999,253.5249999999999,251.7749999999999,252.09999999999988,2142
1101306600,254.1249999999999,255.09999999999988,253.4249999999999,254.6499999999999,2440
1101479400,254.8749999999999,255.9249999999999,254.8749999999999,255.2749999999999,1188
1101738600,255.8749999999999,256.8749999999999,255.6749999999999,256.4249999999999,1924
1101825000,257.1749999999999,257.3749999999999,255.9249999999999,256.3249999999999,1926
1101911400,256.77499999999986,256.77499999999986,255.6249999999999,255.6499999999999,1751
1101997800,255.1249999999999,255.2749999999999,254.1749999999999,254.47499999999988,1858
1102084200,254.2749999999999,254.2749999999999,254.2749999999999,254.2749999999999,0
1102343400,253.9249999999999,254.1249999999999,252.9999999999999,253.7749999999999,1479
1102429800,253.97499999999988,254.0249999999999,253.22499999999988,253.3999999999999,1238
1102516200,253.5249999999999,254.8749999999999,253.22499999999988,254.7999999999999,1801
1102602600,254.57499999999987,254.57499999999987,252.8749999999999,253.22499999999988,1748
1102689000,252.7749999999999,253.47499999999988,252.47499999999988,252.94999999999987,1309
1102948200,253.1749999999999,253.9999999999999,253.07499999999987,253.47499999999988,1509
1103034600,253.7749999999999,253.7749999999999,252.57499999999987,252.6749999999999,1033
1103121000,252.47499999999988,255.1249999999999,252.3749999999999,254.44999999999987,1949
1103207400,254.6749999999999,255.0499999999999,254.1249999999999,254.1499999999999,799
1103293800,254.8749999999999,255.82499999999987,254.47499999999988,255.6249999999999,1983
1103553000,255.79999999999987,256.14999999999986,255.57499999999987,256.1249999999999,968
1103639400,256.0999999999999,258.3499999999999,255.84999999999988,258.29999999999984,1903
1103725800,258.7499999999999,258.8499999999999,257.29999999999984,257.7249999999999,1281
1103812200,257.9499999999999,258.04999999999984,257.27499999999986,257.64999999999986,570
1104157800,258.1999999999999,258.4499999999999,257.04999999999984,257.9749999999999,778
1104244200,258.2499999999999,258.7499999999999,256.64999999999986,256.9999999999999,795
1104330600,256.9499999999999,256.9499999999999,253.9999999999999,254.27499999999986,1464
1104417000,253.44999999999987,253.7499999999999,252.14999999999986,252.44999999999987,62
1104503400,252.44999999999987,252.44999999999987,252.44999999999987,252.44999999999987,0
1104762600,253.2499999999999,254.09999999999988,252.69999999999987,252.9999999999999,1555
1104849000,253.94999999999987,255.9999999999999,253.94999999999987,255.89999999999986,2141
1104935400,255.84999999999988,255.84999999999988,253.9999999999999,254.94999999999987,1498
1105021800,254.89999999999986,255.19999999999987,253.4999999999999,254.22499999999988,1223
1105108200,254.44999999999987,255.29999999999987,254.44999999999987,255.2499999999999,1272
1105367400,255.34999999999988,257.9499999999999,255.34999999999988,257.79999999999984,2608
1105453800,257.8499999999999,259.64999999999986,257.3499999999999,259.52499999999986,3265
1105540200,259.54999999999984,259.54999999999984,258.2499999999999,258.8249999999999,2132
1105626600,259.04999999999984,259.04999999999984,257.9999999999999,258.8499999999999,1738
1105713000,258.9499999999999,259.0999999999999,258.29999999999984,258.5999999999999,937
1106058600,258.9999999999999,259.6999999999999,258.8499999999999,259.29999999999984,1470
1106145000,259.0999999999999,259.14999999999986,257.29999999999984,257.3749999999999,1899
1106231400,257.8499999999999,257.8499999999999,256.6999999999999,257.27499999999986,1456
1106317800,257.4999999999999,257.8249999999999,256.9999999999999,257.6999999999999,982
1106577000,257.2499999999999,257.4499999999999,255.7499999999999,256.04999999999984,1859
1106663400,256.04999999999984,257.04999999999984,256.04999999999984,256.4999999999999,1290
1106749800,256.6999999999999,256.9499999999999,255.79999999999987,256.3249999999999,1167
1106836200,255.9999999999999,256.7499999999999,255.94999999999987,256.3499999999999,1113
1106922600,256.64999999999986,257.2499999999999,256.1249999999999,256.67499999999984,1447
1107181800,256.04999999999984,257.2499999999999,255.89999999999986,256.9749999999999,1535
1107268200,257.14999999999986,257.64999999999986,256.9499999999999,257.3749999999999,974
1107354600,257.54999999999984,257.7499999999999,256.2499999999999,256.39999999999986,1385
1107441000,256.4499999999999,256.5999999999999,255.72499999999988,256.2499999999999,2287
1107527400,256.54999999999984,256.79999999999984,255.64999999999986,255.72499999999988,1332
1107786600,255.94999999999987,256.7249999999999,255.89999999999986,256.29999999999984,1618
1107873000,257.29999999999984,257.6999999999999,256.89999999999986,257.3499999999999,2290
1107959400,257.5999999999999,257.6999999999999,257.2499999999999,257.3749999999999,1905
1108045800,257.14999999999986,257.39999999999986,255.94999999999987,256.04999999999984,2823
1108132200,256.3499999999999,256.64999999999986,256.0999999999999,256.5999999999999,1850
1108391400,256.5499999999999,256.64999999999986,255.94999999999987,256.5999999999999,867
1108477800,256.4499999999999,256.5999999999999,256.0999999999999,256.52499999999986,836
1108564200,256.4999999999999,257.14999999999986,256.4999999999999,257.0749999999999,686
1108650600,257.0499999999999,257.4499999999999,256.7499999999999,257.1999999999999,627
1108737000,257.0999999999999,257.0999999999999,255.0499999999999,255.09999999999988,1529
1109082600,254.94999999999987,255.44999999999987,254.5499999999999,254.97499999999988,1153
1109169000,254.7999999999999,255.19999999999987,254.7499999999999,254.97499999999988,781
1109255400,255.0499999999999,255.7499999999999,255.0499999999999,255.3999999999999,617
1109341800,255.0499999999999,255.09999999999988,253.9999999999999,254.8749999999999,1217
1109601000,254.8999999999999,255.69999999999987,254.84999999999988,255.1749999999999,871
1109687400,255.34999999999988,256.2999999999999,255.34999999999988,256.1249999999999,1128
1109773800,256.5999999999999,256.9499999999999,254.7999999999999,256.4749999999999,1419
1109860200,257.9499999999999,258.8499999999999,257.9499999999999,258.7499999999999,2774
1109946600,259.2499999999999,259.8499999999999,258.39999999999986,258.9249999999999,2217
1110205800,259.39999999999986,259.7499999999999,259.2999999999999,259.5499999999999,2016
1110292200,259.7999999999999,260.9499999999999,259.4499999999999,260.7999999999999,2264
1110378600,261.14999999999986,263.7499999999999,260.7999999999999,262.9249999999999,2786
1110465000,262.9999999999999,263.1999999999999,262.02499999999986,262.6249999999999,1955
1110551400,261.8499999999999,261.9499999999999,260.3499999999999,261.1749999999999,2252
1110810600,261.14999999999986,261.5999999999999,260.2999999999999,261.2499999999999,1366
1110897000,261.4499999999999,262.39999999999986,261.4499999999999,261.9999999999999,869
1110983400,262.1999999999999,262.4499999999999,261.3499999999999,261.9499999999999,915
1111069800,262.14999999999986,262.14999999999986,260.9999999999999,261.6749999999999,729
1111156200,261.3749999999999,261.42499999999984,259.92499999999984,260.0749999999999,1671
1111415400,260.3749999999999,261.1249999999999,259.97499999999985,260.8249999999999,1233
1111501800,260.8249999999999,261.02499999999986,260.4499999999999,260.84999999999985,1074
1111588200,260.1249999999999,261.17499999999984,260.0749999999999,260.4999999999999,1147
1111674600,261.27499999999986,261.52499999999986,260.6249999999999,261.29999999999984,1057
1112020200,262.02499999999986,263.17499999999984,262.02499999999986,262.9499999999999,2246
1112106600,263.42499999999984,263.8249999999999,263.27499999999986,263.52499999999986,1502
1112193000,263.92499999999984,264.47499999999985,262.42499999999984,262.8749999999999,2490
1112279400,262.8249999999999,263.77499999999986,262.8249999999999,262.97499999999985,2216
1112365800,263.6249999999999,264.22499999999985,262.72499999999985,263.8749999999999,2261
1112621400,264.27499999999986,264.77499999999986,263.1249999999999,263.3249999999999,2243
1112707800,263.6249999999999,263.8249999999999,263.04999999999984,263.6999999999999,1321
1112794200,262.8749999999999,263.6249999999999,262.0749999999999,262.09999999999985,2030
1112880600,262.39999999999986,262.6249999999999,261.92499999999984,261.9499999999999,1767
1112967000,262.17499999999984,263.3249999999999,261.77499999999986,262.8249999999999,2518
1113226200,263.02499999999986,263.27499999999986,262.6249999999999,262.9999999999999,1429
1113312600,263.9999999999999,264.3249999999999,263.17499999999984,264.17499999999984,2459
1113399000,263.8249999999999,264.3749999999999,263.72499999999985,263.8249999999999,2087
1113485400,264.42499999999984,264.77499999999986,264.17499999999984,264.27499999999986,1571
1113571800,264.27499999999986,264.42499999999984,263.5749999999999,264.2499999999999,1968
1113831000,264.42499999999984,265.02499999999986,264.22499999999985,264.92499999999984,2523
1113917400,265.17499999999984,265.3249999999998,264.27499999999986,265.0749999999998,2309
1114003800,265.27499999999986,265.47499999999985,264.37499999999983,264.89999999999986,1890
1114090200,265.3249999999998,265.3249999999998,264.34999999999985,264.39999999999986,1790
1114176600,264.3249999999998,264.92499999999984,264.27499999999986,264.54999999999984,1633
1114435800,265.17499999999984,266.12499999999983,265.12499999999983,265.92499999999984,2987
1114522200,266.0749999999998,266.22499999999985,265.37499999999983,266.02499999999986,1380
1114608600,266.22499999999985,266.22499999999985,264.47499999999985,264.6999999999998,1639
1114695000,264.5749999999998,265.0749999999998,264.52499999999986,264.8249999999998,1392
1114781400,264.72499999999985,265.24999999999983,264.17499999999984,264.77499999999986,1580
1115040600,265.02499999999986,265.17499999999984,264.42499999999984,264.62499999999983,791
1115127000,265.02499999999986,266.42499999999984,264.77499999999986,266.24999999999983,3344
1115213400,265.87499999999983,266.1999999999998,265.52499999999986,265.72499999999985,1222
1115299800,265.42499999999984,266.62499999999983,265.3249999999998,266.52499999999986,1794
1115386200,266.42499999999984,266.67499999999984,265.92499999999984,266.22499999999985,1314
1115645400,266.17499999999984,267.02499999999986,266.17499999999984,266.72499999999985,1322
1115731800,266.97499999999985,267.5749999999998,266.77499999999986,267.49999999999983,1940
1115818200,267.42499999999984,268.17499999999984,267.27499999999986,268.04999999999984,2137
1115904600,268.04999999999984,268.77499999999986,267.77499999999986,268.5749999999998,2472
1115991000,268.54999999999984,269.5749999999998,268.42499999999984,268.99999999999983,3564
1116250200,269.17499999999984,269.8249999999998,269.04999999999984,269.49999999999983,1829
1116336600,269.52499999999986,270.17499999999984,269.47499999999985,269.84999999999985,1855
1116423000,269.6999999999998,269.79999999999984,268.87499999999983,268.99999999999983,2253
1116509400,268.97499999999985,269.3249999999998,268.67499999999984,268.99999999999983,1949
1116595800,268.92499999999984,269.02499999999986,268.0749999999998,268.22499999999985,2127
1116855000,267.8249999999998,267.8249999999998,267.0749999999998,267.09999999999985,2546
1116941400,267.22499999999985,268.0749999999998,267.17499999999984,267.72499999999985,2632
1117027800,267.52499999999986,267.67499999999984,266.77499999999986,267.47499999999985,3173
1117114200,267.37499999999983,268.12499999999983,267.27499999999986,267.4499999999998,2231
1117200600,267.37499999999983,268.27499999999986,267.27499999999986,268.12499999999983,1379
1117546200,267.5749999999998,269.42499999999984,267.47499999999985,269.34999999999985,2902
1117632600,269.42499999999984,269.42499999999984,268.42499999999984,268.47499999999985,2336
1117719000,268.77499999999986,268.77499999999986,267.52499999999986,267.77499999999986,2612
1117805400,267.5749999999998,268.72499999999985,267.52499999999986,268.37499999999983,1936
1118064600,268.3249999999998,270.27499999999986,267.97499999999985,269.92499999999984,4323
1118151000,270.27499999999986,270.59999999999985,269.52499999999986,270.1999999999998,2748
1118237400,270.02499999999986,270.02499999999986,269.27499999999986,269.47499999999985,2182
1118323800,269.17499999999984,269.4499999999998,267.77499999999986,267.87499999999983,3004
1118410200,267.8249999999998,268.52499999999986,267.6999999999998,267.92499999999984,1865
1118669400,265.92499999999984,266.5749999999998,265.02499999999986,265.14999999999986,4112
1118755800,265.37499999999983,266.47499999999985,265.27499999999986,265.92499999999984,2628
1118842200,265.77499999999986,265.87499999999983,265.0749999999998,265.42499999999984,2514
1118928600,265.52499999999986,266.17499999999984,264.42499999999984,264.52499999999986,2742
1119015000,264.3249999999998,264.92499999999984,263.72499999999985,264.24999999999983,3039
1119274200,264.47499999999985,265.42499999999984,264.3249999999998,265.3249999999998,2392
1119360600,265.37499999999983,265.87499999999983,264.72499999999985,265.22499999999985,1603
1119447000,264.87499999999983,265.59999999999985,264.67499999999984,265.47499999999985,1455
1119533400,265.5749999999998,266.37499999999983,265.22499999999985,265.5749999999998,2023
1119619800,265.12499999999983,265.87499999999983,265.0749999999998,265.12499999999983,1740
1119879000,266.29999999999984,266.5749999999998,263.52499999999986,266.29999999999984,3175
1119965400,266.27499999999986,267.17499999999984,266.17499999999984,266.27499999999986,2203
1120051800,266.02499999999986,266.89999999999986,265.79999999999984,266.02499999999986,1410
1120138200,266.09999999999985,266.5749999999998,265.77499999999986,266.09999999999985,1385
1120224600,266.67499999999984,267.27499999999986,266.52499999999986,266.97499999999985,1839
1120570200,267.39999999999986,267.5749999999998,266.92499999999984,267.39999999999986,1497
1120656600,268.3249999999998,268.47499999999985,267.72499999999985,268.3249999999998,2139
1120743000,268.74999999999983,269.0749999999998,268.02499999999986,268.74999999999983,3095
1120829400,268.64999999999986,269.42499999999984,268.47499999999985,268.64999999999986,3146
1121088600,266.79999999999984,268.87499999999983,266.5749999999998,266.79999999999984,3054
1121175000,266.3249999999998,267.27499999999986,266.02499999999986,266.3249999999998,2097
1121261400,266.22499999999985,266.62499999999983,265.27499999999986,266.22499999999985,2409
1121347800,264.79999999999984,266.22499999999985,264.59999999999985,264.79999999999984,2848
1121434200,262.8249999999998,262.97499999999985,262.0749999999998,262.8249999999998,4168
1121693400,262.89999999999986,263.5999999999998,262.29999999999984,262.89999999999986,1111
1121779800,264.02499999999986,264.52499999999986,263.02499999999986,264.02499999999986,1149
1121866200,263.79999999999984,264.7249999999998,263.77499999999986,263.79999999999984,993
1121952600,264.17499999999984,264.27499999999986,263.37499999999983,264.17499999999984,943
1122039000,263.87499999999983,264.52499999999986,263.8249999999998,263.87499999999983,511
1122298200,263.67499999999984,263.77499999999986,263.2249999999998,263.3249999999998,564
1122384600,263.6999999999998,263.8249999999998,263.0749999999998,263.6999999999998,942
1122471000,263.79999999999984,264.12499999999983,263.37499999999983,263.79999999999984,529
1122557400,263.9499999999998,264.17499999999984,263.37499999999983,263.9499999999998,483
1122643800,265.5749999999998,265.87499999999983,264.0749999999998,265.5749999999998,1593
1122903000,265.92499999999984,266.0749999999998,265.42499999999984,265.92499999999984,826
1122989400,266.42499999999984,266.52499999999986,265.7249999999998,266.42499999999984,1060
1123075800,266.9749999999998,267.29999999999984,266.42499999999984,266.9749999999998,1269
1123162200,265.9749999999998,266.9749999999998,265.87499999999983,265.9749999999998,1605
1123248600,266.6999999999998,266.9749999999998,266.02499999999986,266.6999999999998,2151
1123507800,265.1999999999998,267.4749999999998,265.0749999999998,265.1999999999998,1337
1123594200,265.0999999999998,265.8249999999998,264.9749999999998,265.0999999999998,1947
1123680600,265.2249999999998,265.4749999999998,264.7249999999998,265.2249999999998,987
1123767000,265.89999999999986,266.02499999999986,265.5999999999998,265.89999999999986,1519
1123853400,264.74999999999983,265.8249999999998,264.67499999999984,264.74999999999983,1311
1124112600,265.2249999999998,265.77499999999986,264.87499999999983,265.2249999999998,1053
1124199000,265.52499999999986,266.12499999999983,265.27499999999986,265.52499999999986,1179
1124285400,265.74999999999983,266.3249999999998,265.54999999999984,265.74999999999983,1378
1124371800,266.67499999999984,266.7249999999998,265.3249999999998,266.67499999999984,1078
1124458200,267.0999999999998,267.77499999999986,266.92499999999984,267.0999999999998,1636
1124717400,267.29999999999984,267.8499999999998,266.8499999999998,267.29999999999984,1850
1124803800,267.29999999999984,268.0999999999998,267.1999999999998,267.29999999999984,1217
1124890200,267.4499999999998,267.9499999999998,267.3499999999998,267.4499999999998,1085
1124976600,268.04999999999984,268.79999999999984,267.6999999999998,268.04999999999984,2052
1125063000,269.3249999999998,269.4749999999998,268.3999999999998,269.3249999999998,1686
1125322200,270.0749999999998,270.4499999999998,268.99999999999983,270.0749999999998,2990
1125408600,269.5249999999998,270.4749999999998,269.0999999999998,269.5249999999998,2199
1125495000,269.62499999999983,269.9499999999998,269.12499999999983,269.62499999999983,1874
1125581400,267.3249999999998,269.9499999999998,267.1999999999998,267.3249999999998,2941
1125667800,268.0249999999998,268.29999999999984,267.24999999999983,268.0249999999998,1764
1126013400,269.5749999999998,270.24999999999983,268.1999999999998,269.5749999999998,2149
1126099800,269.87499999999983,270.0749999999998,269.2749999999998,269.87499999999983,1470
1126186200,271.5999999999998,271.79999999999984,270.0999999999998,271.5999999999998,4993
1126272600,272.62499999999983,272.8499999999998,271.79999999999984,272.62499999999983,2903
1126531800,273.3249999999998,274.0999999999998,273.04999999999984,273.3249999999998,2133
1126618200,272.5749999999998,273.0999999999998,272.2749999999998,272.5749999999998,2092
1126704600,272.4749999999998,273.6499999999998,272.3499999999998,272.4749999999998,2009
1126791000,273.0749999999998,273.3499999999998,272.3499999999998,273.0749999999998,1752
1126877400,272.37499999999983,273.67499999999984,272.24999999999983,272.37499999999983,1190
1127136600,272.8499999999998,272.9749999999998,271.8749999999998,272.8499999999998,610
1127223000,272.2749999999998,272.6499999999998,272.17499999999984,272.2749999999998,1472
1127309400,271.9749999999998,272.0249999999998,271.6249999999998,271.9749999999998,1547
1127395800,272.9749999999998,273.0249999999998,271.8249999999998,272.9749999999998,881
1127482200,273.4749999999998,273.7249999999998,272.7249999999998,273.4749999999998,1920
1127741400,273.3999999999998,273.6249999999998,272.67499999999984,273.3999999999998,1500
1127827800,273.7749999999998,273.8999999999998,273.0749999999998,273.7749999999998,1899
1127914200,273.79999999999984,274.42499999999984,273.42499999999984,273.79999999999984,2142
1128000600,274.6999999999998,274.7749999999998,273.5249999999998,274.6999999999998,2276
1128087000,274.9749999999998,275.2249999999998,274.1249999999998,274.9749999999998,1496
1128346200,275.42499999999984,275.6499999999998,274.5249999999998,275.42499999999984,1327
1128432600,275.42499999999984,276.6249999999998,275.42499999999984,276.4499999999998,2262
1128519000,275.8999999999998,276.3749999999998,275.7749999999998,275.8999999999998,949
1128605400,276.29999999999984,276.7749999999998,275.8249999999998,276.29999999999984,1966
1128691800,276.67499999999984,276.8749999999998,275.67499999999984,276.67499999999984,2761
1128951000,276.6749999999998,276.8999999999998,276.0499999999998,276.6749999999998,962
1129037400,277.0249999999998,277.0999999999998,276.1999999999998,277.0249999999998,1450
1129123800,276.8249999999998,277.0999999999998,276.5499999999998,276.8249999999998,1042
1129210200,277.8249999999998,277.8499999999998,276.4999999999998,277.8249999999998,1137
1129296600,275.7249999999998,277.6499999999998,275.3999999999998,275.7249999999998,1616
1129555800,275.2999999999998,276.1499999999998,274.9499999999998,275.2999999999998,1129
1129642200,275.9749999999998,276.0999999999998,274.8999999999998,275.9749999999998,1386
1129728600,276.8999999999998,277.1999999999998,275.7499999999998,276.8999999999998,1764
1129815000,276.2499999999998,277.0499999999998,275.5999999999998,276.2499999999998,2849
1129901400,274.9749999999998,275.9999999999998,274.5499999999998,274.9749999999998,1561
1130160600,274.7499999999998,274.9499999999998,274.2499999999998,274.7499999999998,1145
1130247000,275.4999999999998,275.8999999999998,275.0499999999998,275.4999999999998,2273
1130333400,275.3749999999998,275.8999999999998,274.9249999999998,275.3749999999998,1107
1130419800,275.2249999999998,275.5999999999998,274.6999999999998,275.2249999999998,2153
1130506200,276.3749999999998,276.6999999999998,275.5499999999998,276.3749999999998,1408
1130769000,276.7249999999998,277.5999999999998,276.3499999999998,276.7249999999998,2288
1130855400,276.3499999999998,276.9999999999998,276.1499999999998,276.3499999999998,2611
1130941800,276.7499999999998,277.0499999999998,276.2499999999998,276.7499999999998,1475
1131028200,277.1999999999998,277.3999999999998,276.6999999999998,277.1999999999998,1568
1131114600,277.4999999999998,277.7999999999998,276.4499999999998,277.4999999999998,1784
1131373800,277.6249999999998,277.7499999999998,277.3499999999998,277.6249999999998,1012
1131460200,277.3499999999998,278.0499999999998,277.0499999999998,277.4999999999998,1592
1131546600,277.0999999999998,277.7499999999998,276.9499999999998,277.0999999999998,1726
1131633000,276.8999999999998,277.7499999999998,276.5249999999998,276.5999999999998,1939
1131719400,275.6499999999998,276.5999999999998,275.4499999999998,275.8249999999998,2079
1131978600,276.2999999999998,276.8499999999998,275.8999999999998,276.5749999999998,1701
1132065000,276.6499999999998,277.2499999999998,276.4999999999998,277.2249999999998,1660
1132151400,277.3749999999998,277.4499999999998,276.4749999999998,277.3749999999998,1931
1132237800,276.3749999999998,277.1999999999998,276.3749999999998,276.6999999999998,1419
1132324200,276.4499999999998,276.6999999999998,276.1749999999998,276.4499999999998,1330
1132583400,275.8499999999998,276.4499999999998,275.4999999999998,275.5249999999998,1794
1132669800,276.0249999999998,276.1999999999998,275.4499999999998,276.0249999999998,885
1132756200,277.3499999999998,277.3999999999998,276.5999999999998,277.2499999999998,1524
1132929000,277.8499999999998,279.0999999999998,277.5999999999998,278.8749999999998,2859
1133188200,279.6249999999998,279.8499999999998,278.8999999999998,279.7999999999998,2499
1133274600,279.8499999999998,280.1499999999998,279.4499999999998,280.0499999999998,1270
1133361000,279.7999999999998,279.8499999999998,279.3249999999998,279.7499999999998,1635
1133447400,280.4999999999998,280.7499999999998,279.3249999999998,280.4999999999998,2507
1133533800,279.8999999999998,280.5749999999998,279.2499999999998,279.5249999999998,1173
1133793000,279.4999999999998,279.8249999999998,279.0499999999998,279.2249999999998,1109
1133879400,278.1749999999998,278.8499999999998,277.8999999999998,278.1749999999998,2080
1133965800,277.7499999999998,278.7749999999998,277.3499999999998,278.5499999999998,2830
1134052200,277.8499999999998,278.7249999999998,277.5999999999998,277.6249999999998,2227
1134138600,278.8499999999998,278.8499999999998,276.4749999999998,276.6249999999998,2702
1134397800,277.0249999999998,277.6499999999998,276.8999999999998,277.0249999999998,1972
1134484200,277.8249999999998,278.0999999999998,277.2749999999998,277.6749999999998,2641
1134570600,277.6749999999998,278.3499999999998,277.0499999999998,277.6749999999998,2394
1134657000,276.6749999999998,277.6999999999998,276.5999999999998,276.6749999999998,2608
1134743400,277.29999999999984,277.3499999999998,276.67499999999984,277.29999999999984,1954
1135002600,277.5249999999998,277.6999999999998,277.04999999999984,277.5249999999998,779
1135089000,278.1999999999998,278.3499999999998,277.5999999999998,278.1999999999998,1997
1135175400,277.3999999999998,278.4499999999998,276.8249999999998,277.3999999999998,3182
1135261800,276.7749999999998,277.1499999999998,276.54999999999984,276.7749999999998,1789
1135348200,276.79999999999984,277.04999999999984,276.6499999999998,276.87499999999983,897
1135693800,277.1499999999998,277.2249999999998,276.62499999999983,277.1499999999998,939
1135780200,277.6999999999998,278.29999999999984,276.7749999999998,277.6999999999998,1484
1135866600,277.42499999999984,277.6999999999998,277.0749999999998,277.42499999999984,1162
1135953000,278.17499999999984,278.24999999999983,277.04999999999984,278.17499999999984,1043
1136298600,277.4499999999998,278.37499999999983,277.0999999999998,277.4499999999998,3051
1136385000,276.9499999999998,277.3999999999998,276.6499999999998,277.17499999999984,1927
1136471400,277.3999999999998,277.9499999999998,277.0999999999998,277.3999999999998,2108
1136557800,277.42499999999984,277.5999999999998,276.8499999999998,277.42499999999984,1238
1136817000,277.6999999999998,277.9499999999998,277.3499999999998,277.6999999999998,1225
1136903400,277.0749999999998,277.74999999999983,276.99999999999983,277.0749999999998,1499
1136989800,276.79999999999984,276.8999999999998,274.1499999999998,274.2249999999998,6526
1137076200,274.54999999999984,275.74999999999983,274.37499999999983,275.54999999999984,3386
1137162600,275.42499999999984,275.8499999999998,274.6499999999998,275.42499999999984,1973
1137508200,276.2749999999998,276.2749999999998,275.1499999999998,275.8999999999998,2558
1137594600,274.6499999999998,275.8499999999998,274.17499999999984,274.6499999999998,2721
1137681000,275.1499999999998,275.3249999999998,274.4499999999998,275.1499999999998,2392
1137767400,274.92499999999984,275.54999999999984,273.8499999999998,274.92499999999984,2601
1138026600,275.2249999999998,276.04999999999984,274.99999999999983,275.2249999999998,1470
1138113000,274.8999999999998,275.49999999999983,274.8999999999998,274.8999999999998,1553
1138199400,274.8499999999998,275.04999999999984,274.4499999999998,274.8499999999998,1124
1138285800,274.92499999999984,275.49999999999983,274.6999999999998,274.92499999999984,1246
1138372200,273.8249999999998,275.29999999999984,273.54999999999984,274.0749999999998,2615
1138631400,273.1999999999998,274.1499999999998,273.0999999999998,273.1999999999998,2191
1138717800,273.2749999999998,273.49999999999983,272.54999999999984,273.2749999999998,2946
1138804200,272.7249999999998,272.7249999999998,272.7249999999998,272.7249999999998,2234
1138890600,272.1499999999998,272.3499999999998,271.49999999999983,272.1499999999998,2593
1138977000,271.2749999999998,272.54999999999984,271.24999999999983,271.2749999999998,1639
1139236200,271.49999999999983,272.0249999999998,270.9749999999998,271.49999999999983,2269
1139322600,271.42499999999984,272.1499999999998,271.1999999999998,271.42499999999984,3011
1139409000,271.42499999999984,271.9499999999998,271.0999999999998,271.42499999999984,2321
1139495400,272.29999999999984,272.6999999999998,271.4499999999998,272.29999999999984,3106
1139581800,273.0999999999998,273.4499999999998,272.54999999999984,273.0999999999998,3097
1139841000,271.49999999999983,273.1999999999998,271.3999999999998,271.49999999999983,2672
1139927400,272.1499999999998,272.3499999999998,271.2749999999998,272.1499999999998,2871
1140013800,271.6999999999998,272.79999999999984,271.3999999999998,271.6999999999998,2253
1140100200,271.79999999999984,272.1999999999998,271.49999999999983,271.79999999999984,1173
1140186600,270.4749999999998,272.1499999999998,270.42499999999984,270.4749999999998,1567
1140532200,270.67499999999984,270.9749999999998,270.2249999999998,270.67499999999984,3010
1140618600,271.12499999999983,271.3249999999998,270.87499999999983,271.12499999999983,1461
1140705000,270.4749999999998,271.8249999999998,270.0999999999998,270.4749999999998,1724
1140791400,269.54999999999984,270.5249999999998,269.42499999999984,269.54999999999984,1287
1141050600,269.4749999999998,269.9499999999998,269.3249999999998,269.4749999999998,1115
1141137000,270.1499999999998,270.2249999999998,269.1999999999998,270.1499999999998,2017
1141223400,270.6999999999998,270.7749999999998,269.8249999999998,270.6999999999998,2226
1141309800,270.3249999999998,270.62499999999983,269.7249999999998,270.3249999999998,1582
1141396200,269.87499999999983,270.2249999999998,269.6499999999998,269.87499999999983,1287
1141655400,269.7749999999998,270.42499999999984,269.54999999999984,269.7749999999998,2603
1141741800,269.0249999999998,270.2249999999998,268.87499999999983,269.0249999999998,3661
1141828200,267.9499999999998,269.17499999999984,267.42499999999984,267.9499999999998,3422
1141914600,267.4499999999998,268.5249999999998,267.3249999999998,267.4499999999998,2079
1142001000,265.7749999999998,267.4499999999998,265.5249999999998,265.7749999999998,3583
1142260200,266.24999999999983,266.37499999999983,265.2249999999998,266.24999999999983,2979
1142346600,266.1999999999998,267.3249999999998,266.0249999999998,266.1999999999998,2605
1142433000,267.67499999999984,267.7249999999998,265.92499999999984,267.67499999999984,1998
1142519400,268.5749999999998,268.7249999999998,267.9749999999998,268.5749999999998,3104
1142605800,268.4749999999998,269.0249999999998,268.0749999999998,268.4749999999998,1997
1142865000,269.2499999999998,269.92499999999984,268.8749999999998,269.2499999999998,3325
1142951400,269.2249999999998,269.6249999999998,268.42499999999984,269.2749999999998,2367
1143037800,268.2749999999998,269.1249999999998,267.92499999999984,267.9749999999998,1563
1143124200,268.2249999999998,268.6499999999998,267.67499999999984,268.2249999999998,2256
1143210600,267.2499999999998,268.67499999999984,267.2249999999998,267.2499999999998,1688
1143469800,266.6249999999998,267.3749999999998,266.1249999999998,266.4499999999998,2462
1143556200,266.5749999999998,267.0999999999998,266.4749999999998,266.6499999999998,1595
1143642600,265.8499999999998,266.92499999999984,265.5999999999998,265.8499999999998,1859
1143729000,266.67499999999984,266.7249999999998,265.3999999999998,266.67499999999984,3234
1143815400,264.0249999999998,266.4749999999998,263.9749999999998,264.0249999999998,2741
1144071000,263.67499999999984,264.67499999999984,263.2749999999998,263.7249999999998,3621
1144157400,261.4999999999998,263.8749999999998,261.2749999999998,261.4999999999998,3482
1144243800,261.42499999999984,262.7749999999998,260.42499999999984,262.67499999999984,4100
1144330200,263.2249999999998,263.5249999999998,262.0749999999998,263.2249999999998,3108
1144416600,264.4499999999998,264.67499999999984,263.2249999999998,264.4499999999998,3515
1144675800,263.17499999999984,264.7749999999998,262.92499999999984,263.17499999999984,4373
1144762200,263.17499999999984,263.7249999999998,262.6249999999998,263.1999999999998,3012
1144848600,263.92499999999984,265.0249999999998,263.3749999999998,263.92499999999984,3785
1144935000,265.17499999999984,265.3749999999998,264.2249999999998,265.17499999999984,3177
1145280600,266.37499999999983,266.52499999999986,265.02499999999986,266.37499999999983,2871
1145367000,266.54999999999984,266.8249999999998,265.7249999999998,266.54999999999984,2069
1145453400,266.87499999999983,266.9749999999998,265.79999999999984,266.87499999999983,1449
1145539800,265.99999999999983,266.9749999999998,265.92499999999984,265.99999999999983,1092
1145626200,264.77499999999986,265.5749999999998,264.37499999999983,264.77499999999986,3428
1145885400,262.3499999999998,264.12499999999983,262.27499999999986,262.3499999999998,1978
1145971800,262.49999999999983,262.9499999999998,261.92499999999984,262.49999999999983,1744
1146058200,264.02499999999986,264.0749999999998,262.8249999999998,264.02499999999986,2142
1146144600,263.42499999999984,264.02499999999986,262.52499999999986,263.42499999999984,1582
1146231000,263.1999999999998,263.7249999999998,262.62499999999983,263.1999999999998,1669
1146490200,263.1999999999998,265.4749999999998,262.42499999999984,265.42499999999984,2919
1146576600,264.92499999999984,265.52499999999986,264.67499999999984,265.37499999999983,3090
1146663000,265.49999999999983,265.89999999999986,264.92499999999984,265.49999999999983,2011
1146749400,264.42499999999984,266.02499999999986,263.92499999999984,264.42499999999984,3161
1146835800,263.9499999999998,264.42499999999984,263.67499999999984,263.9499999999998,2056
1147095000,265.27499999999986,265.3249999999998,263.67499999999984,265.27499999999986,1906
1147181400,264.54999999999984,265.37499999999983,264.37499999999983,264.54999999999984,1695
1147267800,265.04999999999984,265.17499999999984,263.92499999999984,265.04999999999984,2355
1147354200,266.8249999999998,266.92499999999984,264.9749999999998,266.8249999999998,4739
1147440600,267.27499999999986,267.3249999999998,265.02499999999986,267.27499999999986,5582
1147699800,268.12499999999983,268.12499999999983,266.7249999999998,267.9749999999998,3402
1147786200,267.87499999999983,267.9749999999998,267.27499999999986,267.9499999999998,1755
1147872600,267.5999999999998,268.02499999999986,266.9499999999998,267.5999999999998,2140
1147959000,267.9499999999998,268.27499999999986,267.42499999999984,267.5749999999998,2971
1148045400,267.3499999999998,267.62499999999983,266.52499999999986,267.3499999999998,2774
1148304600,267.8249999999998,267.9749999999998,267.3249999999998,267.8249999999998,1870
1148391000,266.7249999999998,268.0749999999998,266.7249999999998,267.9499999999998,1852
1148477400,268.2249999999998,269.12499999999983,268.2249999999998,268.54999999999984,2969
1148563800,269.29999999999984,269.52499999999986,268.42499999999984,269.29999999999984,2280
1148650200,269.87499999999983,270.02499999999986,269.17499999999984,269.87499999999983,2416
1148995800,270.54999999999984,270.67499999999984,269.67499999999984,270.54999999999984,2508
1149082200,270.24999999999983,270.52499999999986,269.92499999999984,270.24999999999983,2508
1149168600,271.0999999999998,271.12499999999983,269.99999999999983,271.0999999999998,2844
1149255000,270.87499999999983,271.62499999999983,270.5749999999998,271.3499999999998,1999
1149514200,270.6999999999998,272.02499999999986,270.4749999999998,270.6999999999998,2270
1149600600,270.9749999999998,271.12499999999983,269.8249999999998,270.9749999999998,2121
1149687000,270.52499999999986,271.0999999999998,270.42499999999984,270.52499999999986,1393
1149773400,270.7249999999998,271.12499999999983,270.37499999999983,270.7249999999998,1552
1149859800,271.62499999999983,271.62499999999983,269.67499999999984,269.7249999999998,2113
1150119000,269.29999999999984,269.5749999999998,269.02499999999986,269.3499999999998,2382
1150205400,270.12499999999983,270.4749999999998,269.12499999999983,269.92499999999984,2985
1150291800,269.77499999999986,270.5999999999998,269.52499999999986,270.54999999999984,2425
1150378200,273.4749999999998,273.54999999999984,270.54999999999984,273.4749999999998,5521
1150464600,273.6999999999998,273.79999999999984,272.87499999999983,273.6999999999998,3105
1150723800,273.54999999999984,274.5749999999998,272.92499999999984,274.3249999999998,2806
1150810200,273.87499999999983,274.52499999999986,273.7249999999998,273.87499999999983,2008
1150896600,274.3249999999998,274.8249999999998,273.2249999999998,274.3249999999998,2280
1150983000,275.9749999999998,276.27499999999986,274.52499999999986,275.9749999999998,3149
1151069400,276.27499999999986,276.54999999999984,275.62499999999983,276.27499999999986,1867
1151328600,278.24999999999983,278.52499999999986,277.27499999999986,278.24999999999983,2505
1151415000,278.67499999999984,279.04999999999984,277.77499999999986,278.67499999999984,1993
1151501400,278.3249999999998,278.7249999999998,277.74999999999983,278.3249999999998,2434
1151587800,276.12499999999983,278.62499999999983,275.92499999999984,276.12499999999983,3359
1151674200,275.9749999999998,276.67499999999984,275.5749999999998,276.3249999999998,2738
1151933400,277.49999999999983,277.5749999999998,276.02499999999986,277.49999999999983,1676
1152106200,278.37499999999983,278.4749999999998,276.8249999999998,278.37499999999983,1997
1152192600,277.17499999999984,278.62499999999983,276.8249999999998,277.17499999999984,2179
1152279000,277.02499999999986,277.54999999999984,276.8249999999998,277.02499999999986,2231
1152538200,275.24999999999983,276.37499999999983,274.62499999999983,275.24999999999983,4547
1152624600,274.77499999999986,275.42499999999984,274.37499999999983,274.77499999999986,2957
1152711000,274.0749999999998,275.2249999999998,274.04999999999984,274.8499999999998,2810
1152797400,275.77499999999986,276.0999999999998,274.62499999999983,275.77499999999986,2422
1152883800,275.3499999999998,275.9749999999998,275.12499999999983,275.3499999999998,1949
1153143000,274.4749999999998,274.8249999999998,274.02499999999986,274.4749999999998,2050
1153229400,274.67499999999984,275.12499999999983,274.5749999999998,274.67499999999984,2026
1153315800,276.8499999999998,277.42499999999984,274.3249999999998,276.8499999999998,2215
1153402200,276.39999999999986,277.2249999999998,276.0749999999998,276.39999999999986,1524
1153488600,276.8249999999998,277.09999999999985,276.09999999999985,276.8249999999998,848
1153747800,274.5749999999998,275.09999999999985,274.24999999999983,274.5749999999998,1020
1153834200,274.49999999999983,274.79999999999984,274.09999999999985,274.49999999999983,1758
1153920600,275.6999999999998,275.89999999999986,274.24999999999983,275.6999999999998,813
1154007000,275.42499999999984,275.89999999999986,275.29999999999984,275.42499999999984,974
1154093400,275.47499999999985,275.99999999999983,274.84999999999985,275.47499999999985,487
1154352600,276.0749999999998,276.09999999999985,274.84999999999985,276.0749999999998,1114
1154439000,276.1999999999998,276.49999999999983,275.89999999999986,276.1999999999998,1127
1154525400,274.47499999999985,276.22499999999985,274.34999999999985,274.47499999999985,961
1154611800,275.29999999999984,275.79999999999984,273.99999999999983,275.29999999999984,1275
1154698200,276.54999999999984,276.84999999999985,275.49999999999983,276.54999999999984,1878
1154957400,277.17499999999984,277.59999999999985,276.9499999999998,277.17499999999984,2260
1155043800,277.42499999999984,277.89999999999986,276.89999999999986,277.42499999999984,2293
1155130200,277.24999999999983,277.79999999999984,277.09999999999985,277.24999999999983,1348
1155216600,278.74999999999983,279.24999999999983,278.09999999999985,278.74999999999983,1900
1155303000,278.79999999999984,279.04999999999984,278.39999999999986,278.79999999999984,2063
1155562200,277.5749999999998,278.79999999999984,277.54999999999984,277.5749999999998,1376
1155648600,277.37499999999983,277.59999999999985,276.99999999999983,277.37499999999983,1030
1155735000,277.54999999999984,277.59999999999985,276.59999999999985,277.22499999999985,2284
1155821400,277.5749999999998,277.92499999999984,277.09999999999985,277.5749999999998,1423
1155907800,276.9499999999998,277.6999999999998,276.7499999999999,276.9499999999998,933
1156167000,277.9499999999998,278.34999999999985,276.79999999999984,278.29999999999984,1700
1156253400,277.6249999999999,278.59999999999985,277.54999999999984,277.6249999999999,1843
1156339800,277.27499999999986,277.79999999999984,276.84999999999985,277.27499999999986,1403
1156426200,277.52499999999986,277.6999999999998,276.9499999999998,277.52499999999986,1409
1156512600,277.17499999999984,277.9999999999999,277.04999999999984,277.6249999999999,1052
1156771800,277.17499999999984,278.29999999999984,277.17499999999984,277.97499999999985,1260
1156858200,277.54999999999984,278.14999999999986,277.3249999999998,277.79999999999984,1797
1156944600,277.4999999999999,277.9499999999998,277.4499999999998,277.4999999999999,1209
1157031000,276.7499999999999,277.39999999999986,276.59999999999985,276.84999999999985,2777
1157117400,276.72499999999985,277.1999999999998,276.34999999999985,276.67499999999984,2418
1157463000,278.29999999999984,278.34999999999985,276.4499999999998,278.29999999999984,3077
1157549400,278.6249999999999,279.54999999999984,278.42499999999984,279.4499999999998,2729
1157635800,279.22499999999985,279.59999999999985,279.04999999999984,279.22499999999985,1989
1157722200,279.1999999999998,279.4999999999999,278.42499999999984,278.5749999999998,2818
1157981400,278.1999999999998,278.59999999999985,277.84999999999985,278.1999999999998,2813
1158067800,278.39999999999986,279.09999999999985,278.29999999999984,278.39999999999986,3157
1158154200,277.09999999999985,278.4499999999998,277.04999999999984,277.09999999999985,2486
1158240600,275.64999999999986,276.64999999999986,275.34999999999985,275.64999999999986,5879
1158327000,275.6249999999999,276.5749999999998,275.27499999999986,276.34999999999985,1988
1158586200,276.3749999999999,276.47499999999985,275.8749999999999,276.3749999999999,1044
1158672600,275.0749999999998,276.47499999999985,274.97499999999985,275.0749999999998,1292
1158759000,273.27499999999986,274.67499999999984,272.97499999999985,273.27499999999986,2197
1158845400,273.84999999999985,274.02499999999986,272.92499999999984,273.84999999999985,1270
1158931800,274.3749999999999,274.47499999999985,272.42499999999984,274.3749999999999,2631
1159191000,274.22499999999985,274.52499999999986,273.8749999999999,274.22499999999985,1126
1159277400,273.9999999999999,274.5749999999998,273.92499999999984,273.9999999999999,863
1159363800,273.22499999999985,273.97499999999985,272.97499999999985,273.22499999999985,952
1159450200,272.2499999999999,273.6249999999999,272.22499999999985,272.2499999999999,1605
1159536600,271.5749999999998,272.22499999999985,271.3749999999999,271.5749999999998,2109
1159795800,271.7499999999999,272.8249999999998,271.47499999999985,271.92499999999984,2147
1159882200,271.9999999999999,272.8249999999998,271.77499999999986,271.9999999999999,1765
1159968600,271.59999999999985,272.3749999999999,271.52499999999986,271.59999999999985,1418
1160055000,271.1249999999999,272.8249999999998,270.9999999999999,272.3249999999998,2851
1160141400,271.79999999999984,272.42499999999984,271.52499999999986,271.79999999999984,2035
1160400600,268.79999999999984,271.0749999999999,268.79999999999984,268.79999999999984,1919
1160487000,268.1249999999999,269.42499999999984,268.02499999999986,268.1249999999999,2004
1160573400,267.92499999999984,268.27499999999986,267.47499999999985,267.92499999999984,2533
1160659800,266.54999999999984,267.27499999999986,265.3249999999999,266.54999999999984,2357
1160746200,266.0749999999999,266.8249999999999,265.8749999999999,266.0749999999999,2160
1161005400,266.92499999999984,267.39999999999986,266.3249999999999,266.92499999999984,1500
1161091800,266.22499999999985,266.79999999999984,265.52499999999986,266.22499999999985,3312
1161178200,266.97499999999985,267.5749999999999,266.47499999999985,266.97499999999985,1548
1161264600,265.89999999999986,266.8249999999999,265.72499999999985,265.89999999999986,2072
1161351000,266.04999999999984,266.0749999999999,265.3249999999999,266.04999999999984,1442
1161610200,266.29999999999984,266.8749999999999,266.0749999999999,266.29999999999984,1392
1161696600,266.02499999999986,267.1249999999999,265.67499999999984,266.2499999999999,1969
1161783000,265.27499999999986,265.8749999999999,263.27499999999986,265.27499999999986,1987
1161869400,265.54999999999984,266.1249999999999,265.02499999999986,265.54999999999984,2145
1161955800,263.8749999999999,264.8749999999999,263.52499999999986,263.8749999999999,1389
1162218600,263.47499999999985,264.27499999999986,263.1999999999999,263.47499999999985,1658
1162305000,264.02499999999986,264.17499999999984,263.27499999999986,264.02499999999986,2421
1162391400,263.9499999999999,264.9999999999999,263.42499999999984,263.9499999999999,2725
1162477800,260.9499999999999,263.02499999999986,260.9499999999999,260.9499999999999,3201
1162564200,259.64999999999986,261.42499999999984,259.47499999999985,259.64999999999986,2722
1162823400,258.84999999999985,259.42499999999984,258.3749999999999,258.84999999999985,3455
1162909800,257.47499999999985,259.64999999999986,256.92499999999984,257.47499999999985,2556
1162996200,257.22499999999985,257.77499999999986,255.07499999999987,257.22499999999985,4324
1163082600,258.89999999999986,259.02499999999986,256.29999999999984,258.89999999999986,3654
1163169000,258.22499999999985,259.9999999999999,257.9499999999999,258.22499999999985,3227
1163428200,257.9499999999999,258.22499999999985,256.8249999999999,257.9499999999999,2094
1163514600,256.4999999999999,258.77499999999986,256.3749999999999,256.4999999999999,2408
1163601000,257.72499999999985,257.8249999999999,256.1249999999999,257.72499999999985,2608
1163687400,257.97499999999985,260.72499999999985,257.3749999999999,260.72499999999985,3868
1163773800,261.02499999999986,261.8249999999999,260.72499999999985,260.89999999999986,2970
1164033000,260.1999999999999,260.47499999999985,258.09999999999985,260.1999999999999,2801
1164119400,260.02499999999986,261.42499999999984,260.02499999999986,261.29999999999984,1667
1164205800,261.72499999999985,262.1249999999999,261.02499999999986,261.72499999999985,1716
1164378600,261.72499999999985,261.8749999999999,260.92499999999984,261.02499999999986,1027
1164637800,260.14999999999986,260.8249999999999,259.17499999999984,260.14999999999986,2197
1164724200,260.52499999999986,261.27499999999986,260.29999999999984,261.09999999999985,2083
1164810600,260.52499999999986,261.6249999999999,260.3249999999999,260.47499999999985,1649
1164897000,260.39999999999986,260.47499999999985,259.27499999999986,260.39999999999986,2073
1164983400,260.6249999999999,260.8749999999999,259.3749999999999,259.4999999999999,1946
1165242600,260.22499999999985,260.8749999999999,259.67499999999984,259.79999999999984,3103
1165329000,260.47499999999985,260.79999999999984,259.67499999999984,260.72499999999985,1595
1165415400,262.22499999999985,262.22499999999985,260.97499999999985,261.59999999999985,3094
1165501800,262.02499999999986,262.42499999999984,261.52499999999986,262.3749999999999,3954
1165588200,262.52499999999986,263.0749999999999,261.97499999999985,262.9499999999999,2475
1165847400,262.14999999999986,263.17499999999984,261.92499999999984,262.14999999999986,2125
1165933800,260.9499999999999,261.72499999999985,260.72499999999985,260.9499999999999,3342
1166020200,261.59999999999985,262.02499999999986,260.67499999999984,261.59999999999985,2450
1166106600,261.3249999999999,261.42499999999984,259.8749999999999,259.92499999999984,1952
1166193000,259.3499999999999,261.2499999999999,259.3499999999999,261.0999999999999,2071
1166452200,261.9999999999999,262.4499999999999,261.0999999999999,261.8499999999999,2619
1166538600,261.5499999999999,262.2999999999999,260.7499999999999,260.89999999999986,1764
1166625000,260.9999999999999,261.1999999999999,260.5999999999999,260.9999999999999,1675
1166711400,260.9499999999999,260.9499999999999,260.2499999999999,260.64999999999986,1407
1166797800,259.4499999999999,260.9499999999999,259.39999999999986,259.4499999999999,1087
1167143400,258.7999999999999,259.4499999999999,258.5999999999999,259.2249999999999,863
1167229800,260.9749999999999,261.3249999999999,259.5499999999999,260.9749999999999,1447
1167316200,261.02499999999986,262.4499999999999,260.64999999999986,262.0999999999999,1797
1167402600,261.9999999999999,262.7499999999999,261.5499999999999,262.6249999999999,1585
1167748200,262.6249999999999,262.6249999999999,262.6249999999999,262.6249999999999,0
1167834600,263.0499999999999,264.0499999999999,262.8499999999999,263.2499999999999,3086
1167921000,262.7499999999999,263.3499999999999,261.64999999999986,262.8499999999999,2721
1168007400,261.89999999999986,263.4499999999999,261.8499999999999,261.89999999999986,1577
1168266600,262.0999999999999,262.7499999999999,261.7499999999999,262.0999999999999,1239
1168353000,262.14999999999986,262.89999999999986,260.89999999999986,261.2999999999999,2191
1168439400,261.52499999999986,261.89999999999986,260.7499999999999,261.0999999999999,2393
1168525800,260.4499999999999,260.7499999999999,259.7999999999999,260.1999999999999,2731
1168612200,259.4499999999999,259.4499999999999,257.1999999999999,257.1999999999999,2747
1168957800,254.7999999999999,257.4999999999999,254.44999999999987,256.8249999999999,3352
1169044200,257.89999999999986,258.4499999999999,255.9999999999999,256.9999999999999,3443
1169130600,256.5499999999999,258.0499999999999,255.7499999999999,257.7999999999999,2438
1169217000,257.0999999999999,258.1999999999999,256.9999999999999,257.8249999999999,2635
1169476200,257.5999999999999,258.5499999999999,256.5749999999999,256.6249999999999,2559
1169562600,256.7499999999999,257.3499999999999,256.27499999999986,256.77499999999986,2224
1169649000,256.64999999999986,258.0499999999999,256.64999999999986,257.9499999999999,1508
1169735400,258.0999999999999,258.89999999999986,257.6999999999999,258.5499999999999,2338
1169821800,258.8499999999999,259.2499999999999,257.8499999999999,258.3499999999999,1775
1170081000,258.7499999999999,259.7499999999999,258.0999999999999,259.64999999999986,1686
1170167400,258.9499999999999,259.64999999999986,258.8499999999999,259.0999999999999,1427
1170253800,260.0999999999999,260.2499999999999,258.64999999999986,260.0999999999999,2331
1170340200,259.5499999999999,259.64999999999986,258.5999999999999,259.02499999999986,3669
1170426600,258.3499999999999,260.4999999999999,258.3499999999999,259.8749999999999,2650
1170685800,261.7999999999999,262.6999999999999,260.0999999999999,261.4499999999999,3187
1170772200,262.14999999999986,263.39999999999986,261.1999999999999,263.27499999999986,2411
1170858600,263.7499999999999,264.4499999999999,262.8499999999999,263.5999999999999,5068
1170945000,263.7499999999999,263.9499999999999,262.9499999999999,263.1249999999999,3238
1171031400,262.6249999999999,264.3499999999999,262.3499999999999,263.02499999999986,3795
1171290600,263.2499999999999,264.2999999999999,262.9999999999999,263.7499999999999,3649
1171377000,264.9749999999999,265.0499999999999,264.14999999999986,264.9749999999999,3703
1171463400,265.2499999999999,266.0499999999999,264.6999999999999,265.0499999999999,3719
1171549800,265.4999999999999,265.7499999999999,263.9499999999999,264.6999999999999,1977
1171636200,264.4749999999999,264.8749999999999,263.7749999999999,264.1249999999999,1214
1171981800,263.1249999999999,264.1749999999999,262.7749999999999,263.1249999999999,1077
1172068200,263.7749999999999,264.2249999999999,263.3749999999999,263.7749999999999,1026
1172154600,263.69999999999993,264.4249999999999,263.2749999999999,263.69999999999993,1388
1172241000,264.3999999999999,264.6749999999999,263.5999999999999,264.3999999999999,1491
1172500200,264.4749999999999,266.9249999999999,264.2249999999999,266.2749999999999,2309
1172586600,265.7749999999999,267.07499999999993,265.6749999999999,266.7499999999999,1742
1172673000,266.6249999999999,267.07499999999993,265.8749999999999,266.6249999999999,1960
1172759400,266.4749999999999,267.4749999999999,266.0249999999999,266.4749999999999,2631
1172845800,267.9999999999999,268.2749999999999,266.4749999999999,267.9999999999999,2557
1173105000,268.2999999999999,268.57499999999993,267.6749999999999,267.7999999999999,1664
1173191400,267.8749999999999,268.32499999999993,266.8749999999999,267.4999999999999,1753
1173277800,268.0249999999999,268.2749999999999,266.7749999999999,267.3749999999999,2636
1173364200,267.9749999999999,270.3749999999999,267.7249999999999,269.19999999999993,2352
1173450600,269.4249999999999,269.8499999999999,268.8749999999999,269.0999999999999,1969
1173706200,269.5999999999999,270.2749999999999,268.9749999999999,269.5999999999999,1943
1173792600,269.2249999999999,269.8749999999999,269.07499999999993,269.2249999999999,2420
1173879000,269.3499999999999,269.82499999999993,268.2749999999999,269.3499999999999,2059
1173965400,269.1249999999999,269.9749999999999,268.7499999999999,269.6749999999999,874
1174051800,269.4749999999999,269.62499999999994,268.12499999999994,268.54999999999995,1839
1174311000,267.82499999999993,269.5249999999999,267.57499999999993,269.24999999999994,1697
1174397400,269.32499999999993,269.37499999999994,268.4749999999999,268.92499999999995,1496
1174483800,268.24999999999994,268.9749999999999,267.62499999999994,268.24999999999994,2139
1174570200,268.62499999999994,268.87499999999994,267.82499999999993,268.49999999999994,2220
1174656600,268.32499999999993,268.9749999999999,267.67499999999995,268.04999999999995,1493
1174915800,268.32499999999993,269.62499999999994,267.79999999999995,269.2749999999999,1397
1175002200,269.62499999999994,269.82499999999993,268.17499999999995,268.2749999999999,1844
1175088600,267.67499999999995,268.67499999999995,267.67499999999995,268.49999999999994,1734
1175175000,268.62499999999994,268.9749999999999,268.37499999999994,268.62499999999994,1437
1175261400,269.32499999999993,271.57499999999993,269.12499999999994,271.29999999999995,3017
1175520600,272.2749999999999,273.07499999999993,271.57499999999993,272.54999999999995,3473
1175607000,272.67499999999995,273.0249999999999,271.42499999999995,272.8499999999999,2746
1175693400,272.42499999999995,272.9749999999999,271.92499999999995,272.82499999999993,1657
1175779800,272.82499999999993,274.57499999999993,272.82499999999993,273.17499999999995,2627
1175866200,273.17499999999995,273.17499999999995,273.17499999999995,273.17499999999995,0
1176125400,273.17499999999995,274.17499999999995,271.62499999999994,274.07499999999993,4032
1176211800,274.62499999999994,274.62499999999994,272.7249999999999,273.2749999999999,2872
1176298200,272.82499999999993,273.62499999999994,272.32499999999993,272.5249999999999,2926
1176384600,272.37499999999994,272.62499999999994,269.6499999999999,269.7249999999999,4608
1176471000,269.37499999999994,269.87499999999994,268.62499999999994,269.37499999999994,2343
1176730200,269.82499999999993,270.4749999999999,269.42499999999995,270.15,878
1176816600,269.87499999999994,271.32499999999993,269.74999999999994,271.29999999999995,1481
1176903000,271.9749999999999,271.9749999999999,270.17499999999995,270.65,1117
1176989400,270.525,270.74999999999994,269.775,270.525,1128
1177075800,270.12499999999994,270.3499999999999,269.525,270.12499999999994,1124
1177335000,270.2249999999999,271.9749999999999,269.9749999999999,271.8499999999999,1392
1177421400,271.8499999999999,272.12499999999994,271.12499999999994,271.4749999999999,1216
1177507800,271.275,271.525,269.275,270.37499999999994,2286
1177594200,270.37499999999994,270.87499999999994,269.775,270.3499999999999,1377
1177680600,270.3499999999999,271.12499999999994,270.025,270.8499999999999,1405
1177939800,272.2249999999999,272.57499999999993,271.275,272.2249999999999,1811
1178026200,272.37499999999994,272.42499999999995,271.67499999999995,271.9749999999999,1987
1178112600,272.37499999999994,272.525,271.57499999999993,272.025,1214
1178199000,271.37499999999994,271.87499999999994,269.025,269.025,3181
1178285400,268.92499999999995,269.2249999999999,268.32499999999993,268.65,2154
1178544600,268.67499999999995,269.37499999999994,268.275,269.12499999999994,1763
1178631000,270.67499999999995,270.87499999999994,269.57499999999993,270.82499999999993,2230
1178717400,270.87499999999994,271.82499999999993,270.42499999999995,271.54999999999995,3094
1178803800,271.54999999999995,272.4749999999999,270.32499999999993,272.12499999999994,2797
1178890200,271.37499999999994,272.32499999999993,270.67499999999995,272.2249999999999,1877
1179149400,272.9749999999999,272.9749999999999,271.775,272.5999999999999,1837
1179235800,273.12499999999994,273.37499999999994,271.775,272.2249999999999,2238
1179322200,271.9749999999999,273.12499999999994,271.92499999999995,272.4749999999999,1623
1179408600,272.32499999999993,272.67499999999995,272.07499999999993,272.32499999999993,1227
1179495000,271.9749999999999,273.2249999999999,271.7249999999999,273.0999999999999,1955
1179754200,272.79999999999995,273.37499999999994,272.29999999999995,273.07499999999993,1885
1179840600,273.37499999999994,273.775,272.42499999999995,273.07499999999993,2614
1179927000,272.525,272.57499999999993,271.82499999999993,272.0999999999999,1874
1180013400,271.37499999999994,271.87499999999994,270.7249999999999,270.9749999999999,2844
1180099800,270.62499999999994,270.87499999999994,270.2249999999999,270.32499999999993,1976
1180445400,270.32499999999993,271.12499999999994,270.12499999999994,270.92499999999995,2008
1180531800,270.4,270.82499999999993,269.57499999999993,269.7249999999999,2088
1180618200,270.67499999999995,270.87499999999994,269.37499999999994,270.79999999999995,1949
1180704600,270.4749999999999,270.82499999999993,269.32499999999993,269.62499999999994,3046
1180963800,269.62499999999994,270.525,269.4749999999999,270.4,1514
1181050200,270.275,270.525,268.37499999999994,270.24999999999994,2263
1181136600,270.2249999999999,270.2249999999999,268.775,269.15,2392
1181223000,268.9749999999999,269.12499999999994,267.82499999999993,268.2249999999999,2591
1181309400,268.32499999999993,268.7249999999999,267.32499999999993,267.57499999999993,2264
1181568600,267.17499999999995,267.17499999999995,266.2249999999999,266.92499999999995,2464
1181655000,267.025,267.74999999999994,266.67499999999995,267.49999999999994,2004
1181741400,267.62499999999994,267.775,265.62499999999994,265.9749999999999,2427
1181827800,265.525,267.07499999999993,264.87499999999994,266.94999999999993,2192
1181914200,266.87499999999994,267.275,265.87499999999994,266.32499999999993,2263
1182173400,265.37499999999994,266.37499999999994,265.37499999999994,266.0999999999999,1664
1182259800,266.07499999999993,267.87499999999994,266.07499999999993,267.82499999999993,2029
1182346200,268.275,268.275,266.57499999999993,267.4749999999999,1515
1182432600,267.32499999999993,267.62499999999994,266.92499999999995,267.4749999999999,1046
1182519000,267.37499999999994,268.2249999999999,267.37499999999994,267.775,1577
1182778200,267.275,268.17499999999995,266.9749999999999,267.92499999999995,1401
1182864600,267.62499999999994,267.87499999999994,266.65,267.025,1407
1182951000,266.4,268.24999999999994,266.4,267.94999999999993,2163
1183037400,268.57499999999993,269.525,267.9749999999999,269.15,2723
1183123800,269.37499999999994,271.275,268.62499999999994,270.92499999999995,3819
1183383000,271.12499999999994,271.37499999999994,270.275,270.32499999999993,3920
1183469400,270.4749999999999,271.67499999999995,269.92499999999995,270.92499999999995,2361
1183642200,271.17499999999995,271.9749999999999,270.775,271.54999999999995,1805
1183728600,271.67499999999995,274.275,271.65,274.07499999999993,3710
1183987800,274.37499999999994,274.69999999999993,273.775,273.8499999999999,3772
1184074200,273.87499999999994,274.07499999999993,272.92499999999995,273.4,2993
1184160600,273.4,274.37499999999994,273.0999999999999,273.99999999999994,2401
1184247000,273.87499999999994,276.37499999999994,273.57499999999993,273.67499999999995,3616
1184333400,273.7249999999999,273.82499999999993,273.17499999999995,273.2249999999999,2234
1184592600,274.07499999999993,275.12499999999994,273.5999999999999,274.525,1925
1184679000,274.275,275.7249999999999,274.2249999999999,275.19999999999993,2126
1184765400,275.37499999999994,275.87499999999994,274.17499999999995,274.775,1621
1184851800,275.12499999999994,275.525,274.67499999999995,274.82499999999993,1371
1184938200,274.75,275.15,273.94999999999993,275.025,464
1185197400,276,276.25,275.25,276.17499999999995,898
1185283800,275.94999999999993,276.25,275.59999999999997,275.92499999999995,1053
1185370200,276.34999999999997,276.34999999999997,274.42499999999995,275.19999999999993,803
1185456600,275.34999999999997,276.15,274.79999999999995,275.4,1366
1185543000,276.09999999999997,276.25,275.29999999999995,276.125,628
1185802200,276.15,276.5,275.9,276.15,915
1185888600,276.65,277,275.59999999999997,276.4,722
1185975000,276.4,276.75,275.54999999999995,275.75,1382
1186061400,275.4,275.54999999999995,274.19999999999993,274.69999999999993,2090
1186147800,273.84999999999997,275.04999999999995,273.69999999999993,274.67499999999995,861
1186407000,274.94999999999993,275.4,274.72499999999997,274.875,1324
1186493400,274.875,275.15,272.4,272.75,2696
1186579800,273.25,273.79999999999995,272.44999999999993,272.69999999999993,2789
1186666200,272.25,274.09999999999997,272.25,273.22499999999997,2454
1186752600,273.25,274.54999999999995,272.75,272.92499999999995,2559
1187011800,273.34999999999997,273.82499999999993,272.94999999999993,273.69999999999993,2689
1187098200,274.025,274.375,273.65,274.15,1997
1187184600,274.19999999999993,274.94999999999993,273.69999999999993,274.72499999999997,1388
1187271000,274.5,274.5,272.44999999999993,273.67499999999995,1584
1187357400,273.72499999999997,275.65,273.72499999999997,275.37499999999994,1601
1187616600,275.4,275.99999999999994,275.29999999999995,275.99999999999994,1288
1187703000,275.99999999999994,275.99999999999994,275.54999999999995,275.92499999999995,997
1187789400,275.54999999999995,275.54999999999995,274.9,274.9,612
1187875800,274.9,275.84999999999997,274.87499999999994,275.65,834
1187962200,275.65,276.65,275.65,276.44999999999993,1167
1188221400,276.65,277.025,276.47499999999997,277.025,1618
1188307800,277.12499999999994,277.15,276.69999999999993,276.99999999999994,1878
1188394200,277.09999999999997,277.44999999999993,276.99999999999994,277.12499999999994,1644
1188480600,277.09999999999997,277.09999999999997,276.24999999999994,276.29999999999995,1609
1188567000,276.34999999999997,276.72499999999997,275.775,275.775,1436
1188912600,275.79999999999995,277.59999999999997,275.79999999999995,277.19999999999993,2999
1188999000,277.24999999999994,277.49999999999994,276.65,277.04999999999995,1802
1189085400,277.09999999999997,277.74999999999994,277.09999999999997,277.29999999999995,1559
1189171800,277.4,277.4,276.47499999999997,276.47499999999997,1458
1189431000,276.15,276.94999999999993,275.94999999999993,276.59999999999997,1889
1189517400,276.59999999999997,276.65,276.15,276.47499999999997,2581
1189603800,276.65,276.67499999999995,274.65,274.84999999999997,3909
1189690200,274.94999999999993,275.09999999999997,274.12499999999994,274.67499999999995,2221
1189776600,274.32499999999993,275.025,274.32499999999993,274.79999999999995,2612
1190035800,274.025,274.025,273.15,273.29999999999995,1903
1190122200,273.29999999999995,274.15,273.275,274.15,1605
1190208600,273.87499999999994,274.22499999999997,273.72499999999997,274.22499999999997,1568
1190295000,274.07499999999993,274.15,272.775,273.17499999999995,1829
1190381400,273.17499999999995,274.04999999999995,273.17499999999995,274.04999999999995,1500
1190640600,273.92499999999995,274.62499999999994,273.775,274.275,1424
1190727000,274.275,274.275,273.67499999999995,274.04999999999995,1712
1190813400,274.17499999999995,274.42499999999995,273.62499999999994,273.92499999999995,1530
1190899800,273.67499999999995,273.67499999999995,272.74999999999994,273.49999999999994,1184
1190986200,273.17499999999995,274.37499999999994,273.12499999999994,274.29999999999995,1717
1191245400,273.67499999999995,273.67499999999995,272.22499999999997,272.62499999999994,3100
1191331800,272.42499999999995,273.67499999999995,272.22499999999997,273.34999999999997,2419
1191418200,272.94999999999993,273.29999999999995,271.97499999999997,272.37499999999994,2559
1191504600,272.17499999999995,272.87499999999994,271.92499999999995,272.72499999999997,1745
1191591000,271.5249999999999,271.57499999999993,271.3999999999999,271.3999999999999,1424
1191850200,271.32499999999993,272.0999999999999,271.2749999999999,272.0999999999999,1654
1191936600,272.0999999999999,272.57499999999993,271.4749999999999,272.04999999999995,2597
1192023000,271.9749999999999,272.04999999999995,271.42499999999995,271.7249999999999,2298
1192109400,271.57499999999993,273.42499999999995,271.57499999999993,273.29999999999995,2750
1192195800,273.3499999999999,273.3499999999999,270.57499999999993,272.4749999999999,1404
1192455000,271.92499999999995,272.42499999999995,271.92499999999995,272.42499999999995,1387
1192541400,272.07499999999993,272.74999999999994,271.6499999999999,271.6499999999999,1313
1192627800,271.67499999999995,271.67499999999995,270.92499999999995,270.92499999999995,1924
1192714200,270.17499999999995,270.92499999999995,270.07499999999993,270.82499999999993,1929
1192800600,270.67499999999995,270.67499999999995,269.7249999999999,269.7249999999999,1264
1193059800,269.7749999999999,270.32499999999993,269.7749999999999,270.1499999999999,1400
1193146200,270.07499999999993,270.07499999999993,269.2249999999999,269.32499999999993,1767
1193232600,269.17499999999995,269.37499999999994,268.32499999999993,268.62499999999994,1490
1193319000,268.32499999999993,268.5249999999999,268.07499999999993,268.3499999999999,1225
1193405400,268.37499999999994,268.37499999999994,266.57499999999993,266.7749999999999,1914
1193664600,265.87499999999994,267.4749999999999,265.82499999999993,267.4749999999999,2253
1193751000,267.32499999999993,268.74999999999994,266.57499999999993,268.42499999999995,2283
1193837400,267.2749999999999,267.9749999999999,266.67499999999995,266.9749999999999,2038
1193923800,268.07499999999993,268.12499999999994,266.5249999999999,266.87499999999994,2201
1194010200,266.82499999999993,267.07499999999993,266.2749999999999,266.49999999999994,1285
1194273000,266.17499999999995,267.87499999999994,266.07499999999993,267.6499999999999,1830
1194359400,267.4749999999999,267.82499999999993,266.0249999999999,266.6499999999999,2529
1194445800,266.57499999999993,266.57499999999993,265.4749999999999,265.74999999999994,2171
1194532200,265.5999999999999,266.32499999999993,264.82499999999993,266.24999999999994,1430
1194618600,266.07499999999993,267.07499999999993,265.67499999999995,266.5999999999999,1801
1194877800,266.69999999999993,269.07499999999993,266.69999999999993,267.54999999999995,2231
1194964200,268.12499999999994,268.2749999999999,267.7249999999999,267.82499999999993,1726
1195050600,268.07499999999993,268.32499999999993,267.12499999999994,267.54999999999995,1742
1195137000,267.57499999999993,267.92499999999995,267.57499999999993,267.8999999999999,880
1195223400,267.7749999999999,268.57499999999993,266.62499999999994,267.69999999999993,1524
1195482600,267.57499999999993,267.57499999999993,266.87499999999994,267.3999999999999,954
1195569000,267.3999999999999,268.67499999999995,267.3999999999999,268.1499999999999,1364
1195655400,268.17499999999995,269.32499999999993,268.17499999999995,268.4749999999999,1649
1195828200,269.37499999999994,269.37499999999994,268.57499999999993,269.2749999999999,1469
1196087400,269.37499999999994,270.07499999999993,269.2749999999999,269.5249999999999,1193
1196173800,269.57499999999993,269.57499999999993,268.87499999999994,269.1499999999999,1393
1196260200,269.07499999999993,269.37499999999994,267.82499999999993,268.1499999999999,1981
1196346600,267.82499999999993,268.04999999999995,267.32499999999993,267.6499999999999,2076
1196433000,267.62499999999994,267.62499999999994,265.4749999999999,266.2749999999999,1893
1196692200,266.24999999999994,266.82499999999993,265.7749999999999,266.62499999999994,2370
1196778600,266.57499999999993,267.24999999999994,265.07499999999993,265.57499999999993,2543
1196865000,265.37499999999994,265.42499999999995,264.67499999999995,264.82499999999993,2267
1196951400,264.57499999999993,265.2249999999999,264.57499999999993,264.92499999999995,1713
1197037800,265.0249999999999,265.7249999999999,264.42499999999995,264.5249999999999,2631
1197297000,264.3499999999999,265.2749999999999,264.32499999999993,264.69999999999993,2683
1197383400,265.17499999999995,265.57499999999993,264.54999999999995,264.54999999999995,2287
1197469800,265.0249999999999,265.12499999999994,263.57499999999993,263.7749999999999,2117
1197556200,263.7749999999999,263.87499999999994,261.57499999999993,262.37499999999994,3394
1197642600,262.42499999999995,262.74999999999994,261.57499999999993,262.37499999999994,2533
1197901800,261.7249999999999,262.82499999999993,261.7249999999999,262.24999999999994,1600
1197988200,262.42499999999995,263.9749999999999,262.2749999999999,263.7249999999999,1842
1198074600,263.8999999999999,263.8999999999999,262.7749999999999,262.7749999999999,1408
1198161000,262.6499999999999,262.6499999999999,262.37499999999994,262.5249999999999,1250
1198247400,262.5249999999999,262.6499999999999,261.12499999999994,261.8499999999999,1643
1198506600,261.92499999999995,262.17499999999995,261.04999999999995,261.04999999999995,741
1198679400,260.82499999999993,261.32499999999993,260.32499999999993,260.5999999999999,1702
1198765800,260.4749999999999,261.94999999999993,260.4749999999999,261.8999999999999,2245
1198852200,261.67499999999995,262.57499999999993,261.5249999999999,261.92499999999995,1039
1199111400,261.57499999999993,263.32499999999993,261.42499999999995,262.67499999999995,1540
1199284200,262.82499999999993,262.82499999999993,260.87499999999994,262.07499999999993,2113
1199370600,261.7749999999999,262.04999999999995,259.49999999999994,259.49999999999994,2853
1199457000,259.82499999999993,260.17499999999995,258.32499999999993,258.92499999999995,3216
1199716200,259.3499999999999,259.74999999999994,258.4749999999999,259.2749999999999,2191
1199802600,258.99999999999994,259.2749999999999,258.32499999999993,258.69999999999993,3073
1199889000,258.67499999999995,259.12499999999994,258.2249999999999,258.9749999999999,2542
1199975400,259.07499999999993,260.7749999999999,258.62499999999994,260.3499999999999,2361
1200061800,260.32499999999993,260.32499999999993,257.82499999999993,258.07499999999993,3194
1200321000,257.9749999999999,258.57499999999993,255.17499999999993,257.0249999999999,3262
1200407400,257.32499999999993,257.7249999999999,256.17499999999995,256.67499999999995,2715
1200493800,256.62499999999994,257.94999999999993,256.2249999999999,256.54999999999995,2512
1200580200,256.54999999999995,256.87499999999994,255.07499999999993,256.87499999999994,3695
1200666600,257.07499999999993,258.87499999999994,256.9749999999999,257.87499999999994,2483
1201012200,257.87499999999994,259.44999999999993,257.49999999999994,257.92499999999995,2597
1201098600,258.17499999999995,258.67499999999995,257.12499999999994,258.5999999999999,2498
1201185000,258.67499999999995,258.9749999999999,258.12499999999994,258.2749999999999,2037
1201271400,258.12499999999994,258.32499999999993,257.12499999999994,257.67499999999995,2297
1201530600,257.7749999999999,258.9749999999999,257.6499999999999,258.24999999999994,3425
1201617000,258.5249999999999,260.07499999999993,257.7249999999999,259.82499999999993,3205
1201703400,259.87499999999994,261.57499999999993,259.87499999999994,260.67499999999995,3394
1201789800,260.57499999999993,261.37499999999994,259.37499999999994,260.82499999999993,2748
1201876200,260.82499999999993,261.44999999999993,260.07499999999993,261.0249999999999,2680
1202135400,260.94999999999993,260.9749999999999,259.5249999999999,260.32499999999993,1820
1202221800,260.12499999999994,261.57499999999993,259.9749999999999,261.07499999999993,1708
1202308200,260.8999999999999,261.5249999999999,259.62499999999994,260.49999999999994,2206
1202394600,260.82499999999993,261.49999999999994,260.67499999999995,261.42499999999995,2666
1202481000,260.8499999999999,261.2749999999999,260.32499999999993,260.6499999999999,1194
1202740200,261.29999999999995,261.69999999999993,261.0999999999999,261.69999999999993,1496
1202826600,261.49999999999994,261.49999999999994,260.94999999999993,260.94999999999993,1438
1202913000,261.17499999999995,261.3499999999999,259.74999999999994,259.92499999999995,2943
1202999400,260.04999999999995,260.04999999999995,259.19999999999993,259.37499999999994,1692
1203085800,259.37499999999994,259.37499999999994,258.74999999999994,259.24999999999994,1692
1203345000,259.37499999999994,259.37499999999994,258.74999999999994,259.24999999999994,1521
1203431400,258.24999999999994,259.07499999999993,256.69999999999993,259.07499999999993,1427
1203517800,259.1499999999999,260.0999999999999,259.1499999999999,259.94999999999993,1066
1203604200,260.0999999999999,260.19999999999993,259.29999999999995,259.29999999999995,1137
1203690600,258.54999999999995,259.1499999999999,258.19999999999993,258.49999999999994,1334
1203949800,258.1499999999999,258.6499999999999,257.24999999999994,258.6499999999999,1578
1204036200,258.8999999999999,259.8999999999999,258.19999999999993,258.8999999999999,2423
1204122600,258.79999999999995,261.19999999999993,258.7249999999999,259.3999999999999,1076
1204209000,259.69999999999993,259.69999999999993,258.44999999999993,259.0999999999999,1746
1204295400,258.94999999999993,258.99999999999994,257.79999999999995,258.1499999999999,1475
1204554600,257.69999999999993,257.69999999999993,256.1499999999999,256.1499999999999,2706
1204641000,256.3999999999999,256.5999999999999,255.29999999999993,256.1499999999999,2678
1204727400,255.97499999999994,255.97499999999994,254.39999999999992,255.49999999999994,1808
1204813800,254.59999999999994,255.64999999999992,253.94999999999993,254.27499999999992,2860
1204900200,254.39999999999992,255.19999999999993,254.32499999999993,255.17499999999993,2295
1205155800,255.29999999999993,255.39999999999992,253.94999999999993,254.32499999999993,2262
1205242200,254.29999999999993,254.79999999999993,253.19999999999993,253.54999999999993,2782
1205328600,253.49999999999994,254.77499999999992,253.49999999999994,253.89999999999992,2723
1205415000,253.49999999999994,253.89999999999992,252.69999999999993,253.12499999999994,3604
1205501400,253.04999999999993,253.67499999999993,252.94999999999993,253.57499999999993,2882
1205760600,253.64999999999992,253.64999999999992,252.07499999999993,252.27499999999992,2010
1205847000,252.17499999999993,254.24999999999994,252.14999999999992,254.07499999999993,2041
1205933400,254.09999999999994,254.34999999999994,252.64999999999992,253.39999999999992,3057
1206019800,253.44999999999993,255.79999999999993,253.39999999999992,255.79999999999993,2855
1206365400,255.79999999999993,255.79999999999993,254.54999999999993,254.82499999999993,1571
1206451800,254.94999999999993,255.14999999999992,253.74999999999994,254.57499999999993,2308
1206538200,254.64999999999992,255.24999999999994,252.44999999999993,252.99999999999994,2712
1206624600,253.44999999999993,253.44999999999993,250.69999999999993,251.07499999999993,3437
1206711000,251.69999999999993,251.69999999999993,250.52499999999992,250.72499999999994,2322
1206970200,250.19999999999993,250.19999999999993,247.74999999999994,249.67499999999993,3232
1207056600,249.64999999999992,250.84999999999994,248.94999999999993,249.79999999999993,3318
1207143000,249.99999999999994,249.99999999999994,247.99999999999994,247.99999999999994,2849
1207229400,247.84999999999994,249.94999999999993,247.84999999999994,249.24999999999994,2115
1207315800,249.34999999999994,249.69999999999993,248.54999999999993,249.54999999999993,2280
1207575000,249.32499999999993,250.94999999999993,248.44999999999993,250.37499999999994,2954
1207661400,250.37499999999994,251.74999999999994,250.27499999999992,251.29999999999993,4967
1207747800,251.04999999999993,251.34999999999994,248.79999999999993,249.27499999999992,4249
1207834200,249.67499999999993,251.24999999999994,248.99999999999994,250.79999999999993,3825
1207920600,250.74999999999994,252.19999999999993,250.59999999999994,251.72499999999994,2828
1208179800,251.02499999999992,251.94999999999993,250.82499999999993,251.87499999999994,1134
1208266200,251.79999999999995,253.19999999999993,251.54999999999995,252.37499999999994,1971
1208352600,252.49999999999994,252.77499999999992,251.97499999999994,252.14999999999992,1533
1208439000,252.09999999999994,253.99999999999994,251.79999999999995,253.74999999999994,1891
1208525400,253.79999999999995,254.59999999999994,253.49999999999994,253.62499999999994,2336
1208784600,254.14999999999992,254.77499999999992,253.82499999999993,254.19999999999993,1282
1208871000,253.79999999999995,254.49999999999994,253.74999999999994,254.17499999999995,984
1208957400,254.29999999999995,255.34999999999994,253.94999999999993,255.02499999999992,1320
1209043800,255.39999999999992,255.77499999999992,254.74999999999994,255.64999999999992,1229
1209130200,255.84999999999994,256.0999999999999,255.29999999999995,255.74999999999994,2408
1209389400,255.39999999999992,255.39999999999992,253.84999999999994,254.27499999999992,2397
1209475800,253.89999999999992,254.27499999999992,253.19999999999993,253.32499999999993,1987
1209562200,253.54999999999995,254.09999999999994,252.79999999999995,253.62499999999994,2389
1209648600,253.97499999999994,253.97499999999994,252.19999999999993,252.37499999999994,1993
1209735000,252.34999999999994,253.69999999999993,252.34999999999994,253.24999999999994,1635
1209994200,253.19999999999993,253.69999999999993,252.39999999999992,253.34999999999994,1145
1210080600,253.49999999999994,254.34999999999994,252.47499999999994,253.29999999999995,2245
1210167000,253.29999999999995,253.54999999999995,252.62499999999994,253.37499999999994,2072
1210253400,253.87499999999994,255.59999999999994,253.34999999999994,254.57499999999993,2476
1210339800,254.49999999999994,255.27499999999992,253.49999999999994,255.02499999999992,2525
1210599000,254.99999999999994,256.3999999999999,254.62499999999994,255.87499999999994,2738
1210685400,255.89999999999992,257.8999999999999,255.89999999999992,257.74999999999994,3935
1210771800,257.5249999999999,258.7249999999999,257.0999999999999,257.8499999999999,2474
1210858200,257.7249999999999,259.0999999999999,257.29999999999995,258.37499999999994,2585
1210944600,257.8499999999999,258.6499999999999,257.8499999999999,258.17499999999995,1772
1211203800,257.69999999999993,257.82499999999993,256.82499999999993,256.8499999999999,1574
1211290200,256.74999999999994,258.8999999999999,256.19999999999993,258.7749999999999,2349
1211376600,258.8499999999999,259.79999999999995,258.69999999999993,259.4749999999999,2972
1211463000,259.5999999999999,260.0999999999999,258.6499999999999,259.8499999999999,2298
1211549400,259.5999999999999,260.74999999999994,259.5999999999999,260.32499999999993,2298
1211808600,259.5999999999999,260.74999999999994,259.5999999999999,260.32499999999993,1499
1211895000,260.19999999999993,261.54999999999995,260.19999999999993,260.3499999999999,1932
1211981400,260.8999999999999,261.37499999999994,260.37499999999994,260.8999999999999,1648
1212067800,261.19999999999993,261.5249999999999,260.0999999999999,260.54999999999995,1635
1212154200,260.69999999999993,261.54999999999995,260.54999999999995,261.12499999999994,1565
1212413400,260.8499999999999,260.8499999999999,258.44999999999993,258.79999999999995,2243
1212499800,258.7249999999999,259.92499999999995,258.5999999999999,258.87499999999994,2464
1212586200,258.87499999999994,259.2749999999999,257.8999999999999,258.82499999999993,1299
1212672600,258.8499999999999,259.79999999999995,256.8999999999999,257.92499999999995,2521
1212759000,257.5999999999999,257.79999999999995,256.5249999999999,257.3499999999999,2610
1213018200,256.42499999999995,256.5999999999999,255.74999999999994,255.77499999999992,2047
1213104600,256.19999999999993,256.74999999999994,254.77499999999992,256.07499999999993,2595
1213191000,255.79999999999995,257.5999999999999,253.74999999999994,253.92499999999995,3912
1213277400,253.79999999999995,255.24999999999994,253.34999999999994,254.14999999999992,3251
1213363800,254.14999999999992,256.0249999999999,254.07499999999993,254.24999999999994,2425
1213623000,253.59999999999994,255.22499999999994,253.07499999999993,254.74999999999994,2581
1213709400,255.49999999999994,255.69999999999993,254.09999999999994,255.42499999999995,2300
1213795800,255.09999999999994,255.94999999999993,254.72499999999994,255.59999999999994,1564
1213882200,255.69999999999993,256.8499999999999,255.49999999999994,256.19999999999993,1534
1213968600,256.0999999999999,259.19999999999993,256.0999999999999,256.0999999999999,2389
1214227800,259.19999999999993,260.0999999999999,257.07499999999993,258.1499999999999,2084
1214314200,258.0999999999999,258.8499999999999,257.8999999999999,258.57499999999993,1762
1214400600,258.79999999999995,258.79999999999995,257.12499999999994,257.6499999999999,1007
1214487000,257.5999999999999,258.49999999999994,255.84999999999994,256.54999999999995,1812
1214573400,256.5999999999999,257.49999999999994,256.5999999999999,256.82499999999993,1448
1214832600,256.82499999999993,257.9749999999999,255.09999999999994,256.82499999999993,2731
1214919000,256.5999999999999,258.29999999999995,256.5999999999999,257.2749999999999,2087
1215005400,257.94999999999993,257.94999999999993,256.5999999999999,257.24999999999994,1146
1215091800,256.74999999999994,257.3999999999999,256.29999999999995,256.67499999999995,864
1215437400,256.69999999999993,257.5999999999999,255.57499999999993,256.12499999999994,2995
1215523800,256.1499999999999,257.79999999999995,256.04999999999995,256.62499999999994,3511
1215610200,256.79999999999995,258.54999999999995,256.79999999999995,257.99999999999994,4054
1215696600,258.24999999999994,259.3499999999999,257.74999999999994,257.74999999999994,4410
1215783000,257.8499999999999,257.99999999999994,256.0999999999999,256.82499999999993,4135
1216042200,256.92499999999995,256.99999999999994,255.09999999999994,255.27499999999992,3738
1216128600,255.19999999999993,256.99999999999994,254.29999999999995,256.54999999999995,3288
1216215000,256.5999999999999,256.5999999999999,255.67499999999995,256.2249999999999,1671
1216301400,256.0999999999999,257.69999999999993,255.67499999999995,256.6499999999999,2826
1216387800,256.9749999999999,258.57499999999993,256.94999999999993,258.07499999999993,2179
1216647000,258.0999999999999,258.99999999999994,257.92499999999995,258.6499999999999,3227
1216733400,258.57499999999993,258.62499999999994,257.1499999999999,257.19999999999993,2883
1216819800,257.42499999999995,257.5249999999999,255.69999999999993,255.87499999999994,3621
1216906200,255.87499999999994,256.62499999999994,255.87499999999994,255.92499999999993,2635
1216992600,256.2749999999999,256.2749999999999,254.77499999999992,255.49999999999994,1750
1217251800,254.72499999999994,255.27499999999992,254.59999999999994,254.67499999999993,808
1217338200,254.87499999999994,256.4749999999999,254.27499999999992,256.2249999999999,1080
1217424600,255.72499999999994,257.37499999999994,255.57499999999993,257.2249999999999,1467
1217511000,257.2249999999999,259.2249999999999,257.2249999999999,258.8999999999999,2179
1217597400,258.87499999999994,261.8999999999999,258.82499999999993,261.2749999999999,3119
1217856600,261.17499999999995,261.87499999999994,260.62499999999994,261.3999999999999,1296
1217943000,261.37499999999994,261.7749999999999,260.32499999999993,260.67499999999995,2397
1218029400,260.9749999999999,260.9749999999999,259.24999999999994,260.7749999999999,2358
1218115800,260.67499999999995,260.67499999999995,258.8499999999999,259.44999999999993,2880
1218202200,259.57499999999993,261.07499999999993,259.44999999999993,260.12499999999994,3625
1218461400,260.0249999999999,260.67499999999995,259.7749999999999,260.29999999999995,2476
1218547800,260.29999999999995,261.32499999999993,259.87499999999994,260.0249999999999,2923
1218634200,260.4749999999999,260.4749999999999,258.0999999999999,258.74999999999994,2568
1218720600,258.8499999999999,259.44999999999993,258.57499999999993,259.0249999999999,2367
1218807000,259.04999999999995,259.49999999999994,257.5999999999999,258.12499999999994,1876
1219066200,257.69999999999993,258.74999999999994,256.8999999999999,257.0999999999999,1674
1219152600,257.0249999999999,257.0249999999999,255.54999999999995,256.37499999999994,2055
1219239000,255.99999999999994,257.29999999999995,255.12499999999994,256.7749999999999,1882
1219325400,256.79999999999995,256.9749999999999,255.44999999999993,256.12499999999994,1335
1219411800,256.12499999999994,256.44999999999993,255.89999999999992,256.0999999999999,1148
1219671000,255.79999999999995,256.42499999999995,255.19999999999993,256.1499999999999,903
1219757400,256.3499999999999,257.49999999999994,254.09999999999994,255.19999999999993,1588
1219843800,254.84999999999994,254.99999999999994,253.39999999999992,254.02499999999992,2720
1219930200,253.94999999999993,254.59999999999994,253.09999999999994,254.02499999999992,2085
1220016600,253.69999999999993,255.09999999999994,253.14999999999992,254.54999999999995,2209
1220362200,254.84999999999994,255.69999999999993,254.19999999999993,255.32499999999993,1934
1220448600,255.42499999999995,255.42499999999995,253.49999999999994,253.87499999999994,1592
1220535000,253.72499999999994,254.69999999999993,253.47499999999994,253.97499999999994,1744
1220621400,254.17499999999995,254.54999999999995,253.47499999999994,254.27499999999992,2440
1220880600,254.32499999999993,255.24999999999994,254.27499999999992,254.89999999999992,3628
1220967000,254.89999999999992,254.99999999999994,253.74999999999994,254.02499999999992,3081
1221053400,253.69999999999993,254.57499999999993,252.27499999999992,252.49999999999994,3649
1221139800,252.24999999999994,252.89999999999992,251.34999999999994,252.17499999999995,3240
1221226200,252.09999999999994,252.89999999999992,251.09999999999994,252.52499999999992,2843
1221485400,252.09999999999994,252.54999999999995,251.69999999999993,252.42499999999995,1889
1221571800,252.89999999999992,252.99999999999994,251.09999999999994,251.27499999999992,2034
1221658200,251.34999999999994,252.34999999999994,249.19999999999993,249.89999999999992,2457
1221744600,249.92499999999995,250.52499999999992,246.89999999999992,247.77499999999992,2727
1221831000,248.22499999999994,249.49999999999994,248.14999999999992,249.24999999999994,1838
1222090200,249.99999999999994,250.99999999999994,249.22499999999994,250.42499999999993,1936
1222176600,250.19999999999993,250.44999999999993,249.49999999999994,249.89999999999992,859
1222263000,249.99999999999994,251.72499999999994,249.69999999999993,251.39999999999992,1674
1222349400,251.37499999999994,251.69999999999993,250.29999999999993,250.32499999999993,1524
1222435800,250.82499999999993,250.82499999999993,249.09999999999994,249.52499999999992,867
1222695000,249.09999999999994,249.09999999999994,246.52499999999992,246.52499999999992,1249
1222781400,246.22499999999994,248.59999999999994,245.57499999999993,247.67499999999993,2465
1222867800,247.49999999999994,248.24999999999994,246.42499999999993,247.54999999999993,2253
1222954200,247.79999999999993,248.04999999999993,244.54999999999993,244.54999999999993,1274
1223040600,244.14999999999992,246.89999999999992,243.57499999999993,244.74999999999994,1650
1223299800,243.34999999999994,243.34999999999994,241.74999999999994,241.74999999999994,2343
1223386200,241.94999999999993,244.29999999999993,241.94999999999993,242.59999999999994,3214
1223472600,242.32499999999993,242.94999999999993,239.64999999999992,242.27499999999992,3710
1223559000,242.04999999999993,243.39999999999992,239.29999999999993,241.99999999999994,3121
1223645400,239.49999999999994,240.04999999999993,238.99999999999994,238.99999999999994,1938
1223904600,239.99999999999994,241.99999999999994,239.99999999999994,240.77499999999992,3523
1223991000,241.59999999999994,242.19999999999993,240.79999999999993,241.29999999999993,1199
1224077400,241.44999999999993,242.17499999999993,238.64999999999992,239.57499999999993,1356
1224163800,238.57499999999993,241.14999999999992,238.39999999999992,240.57499999999993,1701
1224250200,241.44999999999993,242.64999999999992,240.94999999999993,241.99999999999994,1936
1224509400,242.22499999999994,242.54999999999993,241.42499999999993,241.89999999999992,1422
1224595800,242.29999999999993,243.07499999999993,241.44999999999993,243.07499999999993,1291
1224682200,242.84999999999994,243.69999999999993,240.22499999999994,242.49999999999994,1321
1224768600,241.99999999999994,243.44999999999993,239.92499999999993,240.02499999999992,1184
1224855000,240.59999999999994,240.74999999999994,237.02499999999992,237.04999999999993,1993
1225114200,236.54999999999993,239.54999999999993,236.54999999999993,238.64999999999992,1459
1225200600,237.94999999999993,239.49999999999994,237.44999999999993,238.04999999999993,1979
1225287000,238.74999999999994,240.19999999999993,238.74999999999994,239.84999999999994,1763
1225373400,239.89999999999992,241.84999999999994,239.87499999999994,241.19999999999993,1404
1225459800,241.12499999999994,243.04999999999993,241.04999999999993,241.99999999999994,1912
1225722600,242.14999999999992,243.37499999999994,242.14999999999992,243.12499999999994,1505
1225809000,243.04999999999993,244.39999999999992,242.54999999999993,244.24999999999994,1848
1225895400,243.94999999999993,244.84999999999994,242.87499999999994,244.72499999999994,1553
1225981800,244.17499999999993,244.24999999999994,242.37499999999994,242.92499999999993,1539
1226068200,242.92499999999993,243.97499999999994,242.74999999999994,243.17499999999993,1570
1226327400,243.12499999999994,243.69999999999993,242.29999999999993,242.82499999999993,1986
1226413800,242.69999999999993,242.74999999999994,241.04999999999993,241.14999999999992,2263
1226500200,241.24999999999994,241.54999999999993,239.69999999999993,240.17499999999993,1962
1226586600,239.94999999999993,241.34999999999994,238.94999999999993,240.32499999999993,2235
1226673000,240.84999999999994,241.14999999999992,239.07499999999993,239.22499999999994,1494
1226932200,239.29999999999993,239.47499999999994,236.89999999999992,237.84999999999994,2001
1227018600,237.82499999999993,238.54999999999993,235.19999999999993,235.19999999999993,2333
1227105000,235.47499999999994,236.14999999999992,232.47499999999994,233.79999999999993,2891
1227191400,233.59999999999994,234.84999999999994,231.54999999999993,233.69999999999993,2601
1227277800,232.84999999999994,234.39999999999992,231.69999999999993,233.34999999999994,1734
1227537000,233.94999999999993,235.74999999999994,233.94999999999993,235.34999999999994,1579
1227623400,234.87499999999994,235.72499999999994,234.24999999999994,235.34999999999994,1335
1227709800,235.19999999999993,236.34999999999994,234.74999999999994,236.14999999999992,1205
1227882600,236.14999999999992,236.24999999999994,235.64999999999992,235.64999999999992,917
1228141800,234.79999999999993,235.14999999999992,232.69999999999993,233.57499999999993,1318
1228228200,233.14999999999992,234.69999999999993,232.44999999999993,232.94999999999993,1462
1228314600,232.94999999999993,233.94999999999993,232.02499999999992,232.29999999999993,1762
1228401000,232.44999999999993,232.84999999999994,231.22499999999994,232.04999999999993,3210
1228487400,231.44999999999993,232.04999999999993,229.44999999999993,230.59999999999994,3767
1228746600,231.49999999999994,233.42499999999993,231.04999999999993,231.84999999999994,2451
1228833000,232.12499999999994,232.29999999999993,230.44999999999993,230.49999999999994,1717
1228919400,230.64999999999992,231.94999999999993,230.44999999999993,231.29999999999993,2415
1229005800,231.74999999999994,232.47499999999994,231.24999999999994,231.54999999999993,2083
1229092200,231.44999999999993,231.62499999999994,229.69999999999993,231.12499999999994,1449
1229351400,231.44999999999993,232.74999999999994,230.84999999999994,232.07499999999993,1166
1229437800,232.19999999999993,235.07499999999993,232.17499999999993,235.07499999999993,1749
1229524200,235.94999999999993,237.84999999999994,235.64999999999992,237.39999999999992,2680
1229610600,237.84999999999994,237.84999999999994,235.44999999999993,236.34999999999994,1614
1229697000,236.07499999999993,238.67499999999993,235.77499999999992,237.79999999999993,1428
1229956200,237.79999999999993,238.37499999999994,236.92499999999993,237.49999999999994,1235
1230042600,237.37499999999994,238.19999999999993,237.37499999999994,237.94999999999993,1130
1230129000,237.94999999999993,239.32499999999993,237.94999999999993,239.12499999999994,667
1230301800,239.12499999999994,239.12499999999994,236.32499999999993,236.32499999999993,1027
1230561000,236.49999999999994,238.07499999999993,236.47499999999994,237.42499999999993,1270
1230647400,237.69999999999993,238.89999999999992,237.57499999999993,238.39999999999992,1133
1230733800,238.22499999999994,238.29999999999993,237.49999999999994,238.24999999999994,1324
1230906600,238.14999999999992,241.04999999999993,237.17499999999993,240.09999999999994,1673
1231165800,240.37499999999994,241.79999999999993,239.77499999999992,241.29999999999993,1793
1231252200,241.54999999999993,242.47499999999994,240.32499999999993,240.54999999999993,2318
1231338600,240.57499999999993,240.97499999999994,237.79999999999993,237.84999999999994,3427
1231425000,237.87499999999994,238.47499999999994,236.52499999999992,236.82499999999993,2603
1231511400,237.07499999999993,237.97499999999994,236.82499999999993,237.24999999999994,981
1231770600,237.29999999999993,238.69999999999993,237.19999999999993,237.89999999999992,1905
1231857000,237.87499999999994,239.79999999999993,237.87499999999994,239.47499999999994,2250
1231943400,239.47499999999994,239.72499999999994,237.32499999999993,239.19999999999993,1699
1232029800,239.42499999999993,239.42499999999993,237.57499999999993,238.87499999999994,1737
1232116200,238.79999999999993,239.69999999999993,238.32499999999993,238.94999999999993,1069
1232461800,238.74999999999994,238.74999999999994,236.17499999999993,236.32499999999993,1616
1232548200,236.32499999999993,237.07499999999993,235.17499999999993,235.92499999999993,2828
1232634600,236.09999999999994,237.57499999999993,234.97499999999994,236.87499999999994,1396
1232721000,236.77499999999992,237.47499999999994,235.57499999999993,237.32499999999993,1549
1232980200,237.82499999999993,238.57499999999993,235.97499999999994,236.29999999999993,2004
1233066600,236.29999999999993,236.69999999999993,234.77499999999992,234.84999999999994,1893
1233153000,234.94999999999993,235.67499999999993,234.17499999999993,235.14999999999992,1889
1233239400,234.97499999999994,235.42499999999993,233.72499999999994,235.19999999999993,2067
1233325800,234.77499999999992,236.22499999999994,234.77499999999992,235.57499999999993,1615
1233585000,236.79999999999993,238.57499999999993,236.79999999999993,238.57499999999993,1817
1233671400,238.34999999999994,238.52499999999992,237.62499999999994,237.99999999999994,1630
1233757800,238.17499999999993,238.49999999999994,237.92499999999993,237.99999999999994,1269
1233844200,237.84999999999994,239.02499999999992,237.32499999999993,238.69999999999993,1630
1233930600,238.69999999999993,239.79999999999993,238.67499999999993,238.92499999999993,2799
1234189800,238.64999999999992,240.47499999999994,238.64999999999992,240.12499999999994,2676
1234276200,239.87499999999994,241.44999999999993,239.87499999999994,240.27499999999992,3533
1234362600,240.17499999999993,240.97499999999994,239.72499999999994,239.97499999999994,3070
1234449000,240.12499999999994,240.47499999999994,239.32499999999993,239.72499999999994,2723
1234535400,239.99999999999994,240.59999999999994,238.62499999999994,239.04999999999993,2317
1234881000,238.97499999999994,238.97499999999994,236.04999999999993,236.04999999999993,1650
1234967400,235.97499999999994,236.47499999999994,233.29999999999993,234.09999999999994,1653
1235053800,233.44999999999993,235.67499999999993,233.29999999999993,235.44999999999993,1375
1235140200,235.02499999999992,235.02499999999992,232.44999999999993,233.39999999999992,2320
1235399400,233.64999999999992,234.24999999999994,232.49999999999994,233.24999999999994,1430
1235485800,232.87499999999994,235.82499999999993,232.72499999999994,235.59999999999994,1865
1235572200,235.59999999999994,235.62499999999994,234.62499999999994,235.14999999999992,1181
1235658600,235.27499999999992,237.47499999999994,235.27499999999992,237.42499999999993,2113
1235745000,237.02499999999992,238.22499999999994,236.42499999999993,237.44999999999993,2137
1236004200,237.07499999999993,237.42499999999993,235.32499999999993,235.92499999999993,1846
1236090600,236.02499999999992,236.92499999999993,235.74999999999994,236.37499999999994,1001
1236177000,235.92499999999993,238.32499999999993,235.92499999999993,237.42499999999993,1484
1236263400,237.42499999999993,237.84999999999994,235.94999999999993,236.39999999999992,2120
1236349800,236.17499999999993,237.07499999999993,233.94999999999993,234.19999999999993,2186
1236605400,234.72499999999994,235.69999999999993,234.24999999999994,234.49999999999994,2142
1236691800,234.72499999999994,235.77499999999992,234.24999999999994,234.32499999999993,2315
1236778200,234.77499999999992,235.22499999999994,233.14999999999992,233.92499999999993,2551
1236864600,233.82499999999993,235.44999999999993,233.29999999999993,234.77499999999992,1942
1236951000,235.14999999999992,236.59999999999994,235.07499999999993,235.62499999999994,1638
1237210200,235.92499999999993,236.07499999999993,235.19999999999993,235.59999999999994,1793
1237296600,235.49999999999994,236.67499999999993,235.44999999999993,236.37499999999994,1674
1237383000,236.92499999999993,237.24999999999994,236.02499999999992,236.49999999999994,2066
1237469400,236.89999999999992,238.24999999999994,236.87499999999994,237.87499999999994,1368
1237555800,237.94999999999993,238.29999999999993,237.24999999999991,237.52499999999992,1078
1237815000,237.64999999999992,238.5999999999999,237.64999999999992,238.19999999999993,1004
1237901400,238.62499999999991,239.12499999999991,237.82499999999993,238.99999999999991,1398
1237987800,239.14999999999992,239.32499999999993,237.37499999999991,237.52499999999992,1796
1238074200,237.74999999999991,238.14999999999992,236.52499999999992,237.0999999999999,1151
1238160600,237.29999999999993,237.64999999999992,236.2249999999999,236.44999999999993,1144
1238419800,236.14999999999992,236.14999999999992,235.04999999999993,235.19999999999993,1538
1238506200,235.29999999999993,236.44999999999993,234.82499999999993,236.39999999999992,2152
1238592600,235.8499999999999,236.54999999999993,235.82499999999993,236.0999999999999,1277
1238679000,236.0999999999999,238.27499999999992,236.0999999999999,237.79999999999993,1916
1238765400,237.77499999999992,239.07499999999993,237.5999999999999,238.8499999999999,2514
1239024600,238.89999999999992,239.74999999999991,238.44999999999993,239.5999999999999,2194
1239111000,239.54999999999993,239.74999999999991,239.12499999999991,239.27499999999992,1971
1239197400,239.3499999999999,239.99999999999991,239.29999999999993,239.52499999999992,2112
1239283800,240.02499999999992,241.3499999999999,240.02499999999992,241.07499999999993,3241
1239629400,241.0249999999999,241.7749999999999,240.6249999999999,241.6499999999999,1464
1239715800,241.5249999999999,241.8249999999999,240.4749999999999,240.5249999999999,1698
1239802200,240.4999999999999,242.6749999999999,240.3499999999999,242.0249999999999,1377
1239888600,242.5749999999999,242.9499999999999,241.4999999999999,241.6749999999999,1488
1239975000,242.0499999999999,242.4999999999999,241.4249999999999,242.1249999999999,1225
1240234200,241.6999999999999,241.6999999999999,240.5749999999999,240.8749999999999,1044
1240320600,241.0249999999999,241.9249999999999,240.9249999999999,241.4749999999999,1048
1240407000,241.7749999999999,241.7749999999999,240.2999999999999,241.2499999999999,1330
1240493400,241.2749999999999,241.7749999999999,240.7499999999999,240.8499999999999,1252
1240579800,240.9749999999999,241.2499999999999,240.4999999999999,240.5249999999999,1115
1240839000,239.7749999999999,240.6499999999999,239.2999999999999,239.9249999999999,1317
1240925400,240.1249999999999,240.3249999999999,239.0499999999999,239.2249999999999,2220
1241011800,239.3499999999999,240.5499999999999,239.3249999999999,240.2999999999999,1344
1241098200,240.2999999999999,240.7499999999999,239.2249999999999,239.7999999999999,2178
1241184600,239.4249999999999,239.8249999999999,238.5749999999999,238.6249999999999,1975
1241443800,238.7249999999999,238.9999999999999,237.9749999999999,238.8499999999999,1829
1241530200,239.0249999999999,239.0499999999999,238.6999999999999,238.9499999999999,1345
1241616600,239.0499999999999,239.7249999999999,238.8249999999999,239.1749999999999,1469
1241703000,239.1749999999999,239.5499999999999,238.3249999999999,239.2499999999999,2273
1241789400,239.2499999999999,241.0249999999999,239.1249999999999,240.8749999999999,2253
1242048600,240.8249999999999,242.0499999999999,240.5499999999999,241.7749999999999,2588
1242135000,241.7749999999999,242.1749999999999,241.3749999999999,241.6249999999999,2391
1242221400,241.5999999999999,242.2999999999999,240.8249999999999,241.3999999999999,2710
1242307800,241.3749999999999,242.1749999999999,241.3749999999999,241.8249999999999,1366
1242394200,241.9499999999999,242.4749999999999,241.5999999999999,241.8249999999999,2340
1242653400,241.8749999999999,242.3249999999999,241.7499999999999,241.9999999999999,1255
1242739800,242.0749999999999,242.2749999999999,241.1749999999999,241.5499999999999,1393
1242826200,241.4249999999999,242.0749999999999,240.7999999999999,241.8749999999999,2069
1242912600,241.6749999999999,241.9249999999999,241.1749999999999,241.8499999999999,1280
1242999000,241.9999999999999,242.4249999999999,241.7249999999999,242.0999999999999,1177
1243344600,242.3249999999999,242.9749999999999,242.0249999999999,242.7499999999999,1931
1243431000,242.6749999999999,243.3249999999999,242.4749999999999,242.6249999999999,2552
1243517400,242.6249999999999,242.8249999999999,241.9249999999999,241.9999999999999,1913
1243603800,242.0749999999999,242.1749999999999,241.4249999999999,241.9249999999999,2373
1243863000,242.6249999999999,242.6749999999999,239.1249999999999,240.3499999999999,3662
1243949400,239.9999999999999,240.3249999999999,237.3499999999999,237.3499999999999,5510
1244035800,237.3499999999999,237.3499999999999,236.2499999999999,236.2999999999999,4450
1244122200,236.7249999999999,237.3499999999999,235.7999999999999,236.7749999999999,3124
1244208600,236.7749999999999,237.7249999999999,236.3249999999999,236.7999999999999,2229
1244467800,236.5749999999999,236.9499999999999,234.5999999999999,236.0249999999999,2813
1244554200,236.2249999999999,236.8249999999999,235.6749999999999,236.4999999999999,2334
1244640600,236.6749999999999,236.9499999999999,235.7749999999999,236.3499999999999,1786
1244727000,235.8749999999999,236.6499999999999,234.7749999999999,236.5499999999999,2041
1244813400,236.3999999999999,237.9999999999999,235.9749999999999,237.7499999999999,2336
1245072600,237.6749999999999,237.7499999999999,237.0249999999999,237.3749999999999,1361
1245159000,237.2499999999999,238.1749999999999,236.1249999999999,236.7249999999999,1645
1245245400,236.4749999999999,237.7249999999999,236.4249999999999,237.4999999999999,1291
1245331800,237.4999999999999,238.8999999999999,237.3749999999999,237.9749999999999,1398
1245418200,237.8999999999999,238.4249999999999,237.7249999999999,238.2749999999999,1338
1245677400,238.4249999999999,239.2249999999999,238.3249999999999,239.0999999999999,1945
1245763800,238.9749999999999,240.0749999999999,238.9249999999999,239.8749999999999,2824
1245850200,240.1249999999999,240.1749999999999,238.6999999999999,239.1249999999999,1799
1245936600,238.8749999999999,239.5249999999999,238.8499999999999,239.1249999999999,709
1246023000,239.1749999999999,239.4249999999999,238.9249999999999,239.1499999999999,929
1246282200,239.1249999999999,242.1499999999999,238.9999999999999,241.8999999999999,3697
1246368600,242.0249999999999,243.5999999999999,241.8249999999999,242.9999999999999,5409
1246455000,242.8749999999999,244.2249999999999,242.6249999999999,243.9499999999999,4241
1246541400,243.9249999999999,243.9249999999999,242.5249999999999,243.6249999999999,2709
1246627800,243.6249999999999,243.6249999999999,243.6249999999999,243.6249999999999,2709
1246887000,243.7999999999999,244.5749999999999,243.6749999999999,243.9749999999999,2676
1246973400,243.9749999999999,244.0249999999999,242.6749999999999,242.8249999999999,2390
1247059800,242.9749999999999,243.1749999999999,241.6999999999999,241.8249999999999,3410
1247146200,241.8749999999999,243.3999999999999,241.8249999999999,243.1249999999999,2771
1247232600,243.0749999999999,243.2749999999999,242.3999999999999,243.0999999999999,1988
1247491800,243.2249999999999,245.0999999999999,243.1749999999999,243.9749999999999,3818
1247578200,244.1749999999999,244.1749999999999,243.2749999999999,243.2999999999999,2188
1247664600,243.3249999999999,244.1499999999999,243.2249999999999,243.2249999999999,1431
1247751000,243.4499999999999,244.7749999999999,243.3999999999999,244.0749999999999,1697
1247837400,243.9999999999999,244.7499999999999,243.7499999999999,244.72499999999988,781
1248096600,244.7999999999999,244.9999999999999,243.9999999999999,244.4999999999999,639
1248183000,244.3999999999999,244.44999999999987,243.0499999999999,243.2499999999999,897
1248269400,243.3999999999999,243.4999999999999,242.69999999999987,242.7499999999999,1243
1248355800,242.7499999999999,242.94999999999987,242.0499999999999,242.09999999999988,646
1248442200,242.09999999999988,242.6249999999999,241.5499999999999,242.34999999999988,662
1248701400,242.6249999999999,242.6249999999999,241.97499999999988,242.34999999999988,433
1248787800,242.34999999999988,243.1499999999999,242.1499999999999,242.97499999999988,706
1248874200,242.8999999999999,243.09999999999988,241.8999999999999,242.0499999999999,647
1248960600,242.3749999999999,242.59999999999988,241.84999999999988,242.2749999999999,708
1249047000,242.2499999999999,242.6749999999999,241.94999999999987,242.5499999999999,899
1249306200,242.0499999999999,242.6249999999999,241.8999999999999,241.97499999999988,1122
1249392600,241.9999999999999,241.9999999999999,240.44999999999987,240.57499999999987,1526
1249479000,240.3999999999999,241.5499999999999,239.44999999999987,241.1499999999999,1872
1249565400,240.94999999999987,241.2749999999999,240.07499999999987,240.97499999999988,1195
1249651800,240.5499999999999,241.44999999999987,240.32499999999987,240.97499999999988,2230
1249911000,241.0499999999999,241.0499999999999,240.07499999999987,240.2999999999999,2268
1249997400,240.19999999999987,240.7749999999999,239.7499999999999,239.97499999999988,2529
1250083800,240.0499999999999,241.3749999999999,239.7499999999999,240.0249999999999,1694
1250170200,239.97499999999988,240.59999999999988,239.72499999999988,239.8999999999999,1458
1250256600,239.84999999999988,240.47499999999988,239.09999999999988,240.09999999999988,2143
1250515800,240.02499999999986,240.22499999999988,239.72499999999988,240.04999999999987,1535
1250602200,239.97499999999988,241.27499999999986,239.92499999999987,241.04999999999987,1506
1250688600,241.1249999999999,241.17499999999987,240.6249999999999,241.02499999999986,1232
1250775000,240.72499999999988,241.22499999999988,240.52499999999986,241.02499999999986,485
1250861400,240.92499999999987,240.9999999999999,240.2499999999999,240.44999999999987,1410
1251120600,239.84999999999988,240.47499999999988,239.82499999999987,240.27499999999986,1067
1251207000,240.14999999999986,240.52499999999986,239.72499999999988,239.94999999999987,808
1251293400,239.82499999999987,240.1249999999999,239.1249999999999,239.29999999999987,1199
1251379800,239.17499999999987,239.22499999999988,238.32499999999987,238.79999999999987,1558
1251466200,238.8749999999999,238.9999999999999,237.69999999999987,237.8749999999999,1623
1251725400,237.57499999999987,237.57499999999987,236.94999999999987,237.2499999999999,1527
1251811800,237.59999999999988,237.69999999999987,236.52499999999986,236.6249999999999,2274
1251898200,236.64999999999986,238.52499999999986,236.44999999999987,238.32499999999987,2584
1251984600,238.3749999999999,238.97499999999988,238.02499999999986,238.19999999999987,1741
1252071000,238.02499999999986,238.69999999999987,237.8749999999999,238.3749999999999,1741
1252330200,238.02499999999986,238.69999999999987,237.8749999999999,238.3749999999999,1402
1252416600,238.3749999999999,239.09999999999988,238.22499999999988,238.9999999999999,2597
1252503000,239.07499999999987,240.14999999999986,238.92499999999987,240.04999999999987,2969
1252589400,240.02499999999986,240.22499999999988,239.22499999999988,239.59999999999988,2330
1252675800,239.19999999999987,239.82499999999987,239.02499999999986,239.14999999999986,2243
1252935000,238.8749999999999,239.14999999999986,238.3749999999999,238.7499999999999,2165
1253021400,238.77499999999986,239.02499999999986,237.94999999999987,238.2499999999999,2032
1253107800,238.64999999999986,238.77499999999986,237.94999999999987,238.27499999999986,1008
1253194200,238.19999999999987,238.29999999999987,236.27499999999986,236.52499999999986,2587
1253280600,236.57499999999987,237.0249999999999,236.07499999999987,236.94999999999987,1545
1253539800,236.9999999999999,237.0999999999999,236.07499999999987,236.2249999999999,1795
1253626200,236.2249999999999,236.57499999999987,235.9249999999999,236.2999999999999,2203
1253712600,236.32499999999987,237.7249999999999,236.0999999999999,237.4749999999999,2159
1253799000,237.4749999999999,237.6499999999999,236.44999999999987,236.7999999999999,1502
1253885400,236.6249999999999,236.8499999999999,236.2499999999999,236.2499999999999,1153
1254144600,236.19999999999987,236.3499999999999,235.6249999999999,236.07499999999987,1505
1254231000,236.07499999999987,236.07499999999987,235.2499999999999,235.2999999999999,1564
1254317400,235.32499999999987,236.2999999999999,234.5999999999999,236.1499999999999,2261
1254403800,236.2749999999999,236.4999999999999,234.1499999999999,234.44999999999987,2574
1254490200,234.2749999999999,234.6749999999999,233.07499999999987,233.0999999999999,1715
1254749400,233.1249999999999,233.2749999999999,232.5499999999999,232.82499999999987,2078
1254835800,232.9249999999999,232.9249999999999,231.8499999999999,232.2749999999999,2497
1254922200,232.5249999999999,233.1249999999999,232.44999999999987,232.69999999999987,1956
1255008600,232.6749999999999,233.3499999999999,232.2249999999999,233.32499999999987,3285
1255095000,233.47499999999988,233.9249999999999,232.84999999999988,233.6499999999999,2527
1255354200,233.6749999999999,233.7749999999999,233.1499999999999,233.6499999999999,2084
1255440600,233.6249999999999,233.69999999999987,232.2749999999999,232.6499999999999,2459
1255527000,232.47499999999988,233.8749999999999,232.44999999999987,233.59999999999988,1781
1255613400,233.84999999999988,234.6249999999999,233.84999999999988,234.0499999999999,1145
1255699800,234.22499999999988,234.7499999999999,233.7499999999999,234.57499999999987,1644
1255959000,234.6249999999999,234.9999999999999,234.4249999999999,234.6499999999999,1400
1256045400,234.4249999999999,234.6249999999999,233.3999999999999,234.2749999999999,2039
1256131800,234.72499999999988,235.5499999999999,234.6749999999999,235.34999999999988,1755
1256218200,235.34999999999988,235.4249999999999,234.72499999999988,235.2999999999999,2406
1256304600,235.34999999999988,235.6249999999999,234.32499999999987,234.4249999999999,1723
1256563800,234.44999999999987,234.9999999999999,234.1249999999999,234.6249999999999,1594
1256650200,234.7499999999999,234.97499999999988,234.3749999999999,234.97499999999988,857
1256736600,234.9249999999999,235.1499999999999,233.6249999999999,234.5499999999999,1577
1256823000,234.4249999999999,234.9249999999999,233.5249999999999,233.6499999999999,1346
1256909400,233.6249999999999,234.3999999999999,233.5249999999999,233.69999999999987,1245
1257172200,234.1249999999999,234.9249999999999,233.7499999999999,234.19999999999987,1586
1257258600,234.2749999999999,234.8749999999999,233.7749999999999,233.8999999999999,1431
1257345000,234.0249999999999,235.5249999999999,233.9249999999999,235.32499999999987,1750
1257431400,235.1499999999999,236.09999999999988,235.1499999999999,235.7999999999999,2510
1257517800,235.69999999999987,236.2499999999999,234.3749999999999,234.69999999999987,2076
1257777000,235.19999999999987,235.47499999999988,233.57499999999987,234.32499999999987,1865
1257863400,234.22499999999988,234.32499999999987,233.1749999999999,233.34999999999988,2222
1257949800,233.3749999999999,233.4249999999999,231.97499999999988,232.09999999999988,4005
1258036200,231.97499999999988,232.1249999999999,231.0249999999999,231.1249999999999,2587
1258122600,231.1249999999999,231.5249999999999,230.82499999999987,231.19999999999987,1182
1258381800,231.32499999999987,231.5249999999999,230.57499999999987,230.9999999999999,1376
1258468200,231.0249999999999,231.97499999999988,230.8749999999999,231.3999999999999,1097
1258554600,231.57499999999987,231.6749999999999,230.2749999999999,230.34999999999988,2194
1258641000,230.47499999999988,230.7499999999999,230.2749999999999,230.44999999999987,1337
1258727400,230.5499999999999,231.47499999999988,230.4999999999999,231.2999999999999,1666
1258986600,231.32499999999987,231.72499999999988,230.94999999999987,231.4999999999999,1200
1259073000,231.6249999999999,232.1249999999999,231.2499999999999,231.84999999999988,983
1259159400,231.9249999999999,232.09999999999988,231.59999999999988,231.9249999999999,983
1259245800,231.9249999999999,232.09999999999988,231.59999999999988,231.9249999999999,843
1259332200,231.9249999999999,231.9249999999999,230.4999999999999,231.1249999999999,1412
1259591400,231.2999999999999,231.7999999999999,231.0249999999999,231.57499999999987,957
1259677800,231.47499999999988,233.1749999999999,230.97499999999988,232.09999999999988,2970
1259764200,232.2749999999999,233.0249999999999,232.0499999999999,232.57499999999987,3351
1259850600,232.5249999999999,232.6249999999999,231.4249999999999,231.72499999999988,2152
1259937000,231.9249999999999,232.44999999999987,231.7999999999999,231.97499999999988,2390
1260196200,232.22499999999988,232.3749999999999,231.47499999999988,231.47499999999988,2810
1260282600,231.5499999999999,231.6749999999999,230.5499999999999,230.6749999999999,2882
1260369000,230.82499999999987,231.0499999999999,229.0249999999999,229.6749999999999,4428
1260455400,229.3749999999999,229.7499999999999,228.7999999999999,229.34999999999988,2692
1260541800,229.7749999999999,230.4999999999999,229.1749999999999,230.19999999999987,2684
1260801000,230.3999999999999,230.6749999999999,230.22499999999988,230.5249999999999,1334
1260887400,230.5249999999999,231.7749999999999,230.5249999999999,231.6499999999999,2278
1260973800,231.5249999999999,231.7499999999999,230.94999999999987,231.47499999999988,1937
1261060200,231.47499999999988,232.69999999999987,231.47499999999988,232.59999999999988,3474
1261146600,232.3749999999999,233.3999999999999,232.3249999999999,233.1749999999999,2662
1261405800,233.2499999999999,233.6249999999999,232.4499999999999,233.0499999999999,2603
1261492200,232.6749999999999,233.1499999999999,232.2249999999999,232.6749999999999,1939
1261578600,232.5749999999999,233.5999999999999,232.5749999999999,233.5999999999999,2160
1261665000,233.3749999999999,233.4499999999999,232.2249999999999,232.2499999999999,1212
1262010600,232.0249999999999,233.7249999999999,232.0249999999999,233.3749999999999,2225
1262097000,233.3749999999999,233.4999999999999,232.7249999999999,233.1499999999999,1546
1262183400,232.9749999999999,233.5749999999999,232.9499999999999,233.2999999999999,1268
1262269800,233.3249999999999,234.7499999999999,233.1249999999999,234.6749999999999,2901
1262615400,234.7749999999999,234.8999999999999,233.9249999999999,234.7499999999999,3438
1262701800,234.5499999999999,235.3749999999999,234.4249999999999,235.3499999999999,2366
1262788200,235.2749999999999,235.5499999999999,234.8749999999999,235.1749999999999,1872
1262874600,235.2249999999999,235.6249999999999,235.0249999999999,235.2499999999999,1277
1262961000,235.0499999999999,235.1749999999999,234.5499999999999,235.0749999999999,1786
1263220200,235.1749999999999,235.3249999999999,234.2249999999999,234.8249999999999,2112
1263306600,234.7749999999999,237.0249999999999,234.7499999999999,236.7249999999999,4556
1263393000,236.7249999999999,236.9499999999999,235.7499999999999,235.9999999999999,2467
1263479400,236.0749999999999,236.8999999999999,235.8999999999999,236.3749999999999,2517
1263565800,236.6999999999999,237.2749999999999,236.6999999999999,237.0749999999999,2291
1263911400,237.1999999999999,238.0999999999999,237.1749999999999,238.0999999999999,1803
1263997800,237.9249999999999,238.3749999999999,237.5749999999999,238.2999999999999,2325
1264084200,238.0999999999999,238.0999999999999,237.2749999999999,237.7999999999999,2643
1264170600,237.5749999999999,238.1249999999999,237.5249999999999,238.0249999999999,1379
1264429800,237.8249999999999,237.8249999999999,237.1499999999999,237.1999999999999,1117
1264516200,237.2749999999999,237.5749999999999,236.9499999999999,237.3999999999999,3296
1264602600,237.3999999999999,237.7749999999999,236.5249999999999,236.9499999999999,1796
1264689000,236.8499999999999,237.1249999999999,236.3999999999999,236.8999999999999,1710
1264775400,236.9249999999999,238.1499999999999,236.9249999999999,237.2999999999999,2963
1265034600,237.3999999999999,237.4249999999999,236.0499999999999,236.1499999999999,3144
1265121000,236.2249999999999,236.8499999999999,235.6499999999999,235.6499999999999,3190
1265207400,236.0999999999999,236.3999999999999,235.5499999999999,235.8249999999999,4218
1265293800,235.8999999999999,236.2249999999999,235.5749999999999,235.6749999999999,3564
1265380200,235.9249999999999,237.0499999999999,235.8249999999999,236.7499999999999,4093
1265639400,236.7749999999999,238.1749999999999,236.4749999999999,237.6499999999999,3250
1265725800,237.8749999999999,238.6499999999999,237.6999999999999,238.3999999999999,3502
1265812200,238.5499999999999,238.8499999999999,237.8999999999999,238.6749999999999,3038
1265898600,238.6749999999999,239.1749999999999,238.3999999999999,238.9249999999999,2761
1265985000,238.8999999999999,239.3999999999999,238.1499999999999,238.2249999999999,1429
1266330600,238.32499999999987,239.7249999999999,238.32499999999987,239.7249999999999,1027
1266417000,239.2999999999999,240.4249999999999,239.2999999999999,240.32499999999987,1498
1266503400,240.2249999999999,241.44999999999987,240.2249999999999,241.2999999999999,1010
1266589800,240.8749999999999,241.69999999999987,240.57499999999987,241.3999999999999,1226
1266849000,241.3749999999999,241.3749999999999,240.3499999999999,240.57499999999987,1222
1266935400,240.5499999999999,240.69999999999987,239.7499999999999,239.8749999999999,1763
1267021800,240.2999999999999,240.3999999999999,239.5499999999999,239.8749999999999,1469
1267108200,239.8999999999999,240.0999999999999,239.2749999999999,239.6499999999999,1122
1267194600,239.5999999999999,240.0249999999999,239.5999999999999,239.8999999999999,708
1267453800,240.0499999999999,241.3749999999999,239.8999999999999,241.0499999999999,1606
1267540200,241.2249999999999,241.8999999999999,240.8999999999999,241.82499999999987,2395
1267626600,241.8999999999999,242.44999999999987,241.6749999999999,242.1499999999999,2525
1267713000,242.3749999999999,242.82499999999987,242.07499999999987,242.5249999999999,1980
1267799400,242.6249999999999,242.94999999999987,242.2499999999999,242.6249999999999,1782
1268058600,242.69999999999987,243.8749999999999,242.6499999999999,243.3999999999999,3449
1268145000,243.5499999999999,243.7999999999999,243.2999999999999,243.4249999999999,2534
1268231400,243.3499999999999,243.5999999999999,242.0499999999999,242.4249999999999,3726
1268317800,242.2999999999999,242.8499999999999,242.1749999999999,242.4999999999999,3204
1268404200,242.7999999999999,243.5499999999999,242.5249999999999,243.3749999999999,2082
1268659800,243.44999999999987,243.57499999999987,242.8499999999999,243.4249999999999,1224
1268746200,243.44999999999987,243.5499999999999,242.9999999999999,243.2499999999999,763
1268832600,243.1749999999999,243.7749999999999,243.0499999999999,243.6749999999999,797
1268919000,243.6749999999999,245.9249999999999,243.6749999999999,245.2749999999999,2125
1269005400,245.5499999999999,247.09999999999988,244.7999999999999,246.1249999999999,3043
1269264600,246.0249999999999,246.4999999999999,244.2999999999999,245.0499999999999,2375
1269351000,245.09999999999988,245.6249999999999,244.0249999999999,244.4999999999999,2421
1269437400,244.34999999999988,245.6499999999999,244.1749999999999,245.2749999999999,2676
1269523800,245.59999999999988,245.6499999999999,244.3999999999999,244.6249999999999,2410
1269610200,244.44999999999987,245.2499999999999,243.8999999999999,243.8999999999999,2717
1269869400,244.4249999999999,246.32499999999987,244.4249999999999,245.6499999999999,1822
1269955800,246.07499999999987,246.84999999999988,245.34999999999988,246.72499999999988,1935
1270042200,246.7499999999999,248.84999999999988,246.2999999999999,248.72499999999988,3806
1270128600,248.82499999999987,248.94999999999987,247.97499999999988,248.44999999999987,34
1270474200,248.7999999999999,250.34999999999988,248.7749999999999,249.8749999999999,2608
1270560600,249.7499999999999,250.5249999999999,248.6749999999999,248.97499999999988,2531
1270647000,250.2999999999999,251.09999999999988,249.59999999999988,249.9999999999999,2260
1270733400,249.6499999999999,250.19999999999987,249.19999999999987,249.7999999999999,3410
1270819800,249.9999999999999,251.6499999999999,249.97499999999988,251.1249999999999,3192
1271079000,251.19999999999987,251.6249999999999,250.4999999999999,250.7999999999999,3066
1271165400,250.6499999999999,250.8749999999999,248.84999999999988,249.34999999999988,3370
1271251800,249.3999999999999,249.47499999999988,247.9249999999999,247.94999999999987,3237
1271338200,248.0249999999999,248.94999999999987,247.72499999999988,248.5499999999999,3641
1271424600,248.7249999999999,249.5999999999999,247.6499999999999,248.6999999999999,3169
1271683800,248.4749999999999,249.4999999999999,248.2749999999999,249.4499999999999,1529
1271770200,249.3249999999999,249.4499999999999,248.5249999999999,248.8249999999999,2361
1271856600,248.7499999999999,250.1249999999999,248.7499999999999,249.6249999999999,2642
1271943000,249.6249999999999,249.9249999999999,248.9749999999999,249.5749999999999,1787
1272029400,249.5749999999999,250.1749999999999,248.8249999999999,248.9999999999999,2037
1272288600,249.9249999999999,250.4749999999999,248.6749999999999,250.3749999999999,2301
1272375000,250.4249999999999,251.2999999999999,248.5999999999999,249.3499999999999,3694
1272461400,248.9999999999999,249.7499999999999,248.2249999999999,248.9499999999999,1782
1272547800,248.9749999999999,249.6999999999999,248.7999999999999,249.2499999999999,2056
1272634200,249.3749999999999,250.1749999999999,248.8749999999999,249.4999999999999,2644
1272893400,249.4249999999999,250.3749999999999,248.7499999999999,250.0749999999999,2534
1272979800,250.2249999999999,250.4749999999999,249.2249999999999,250.0249999999999,2691
1273066200,250.1749999999999,250.6749999999999,249.4999999999999,250.0999999999999,2233
1273152600,250.0249999999999,250.2749999999999,247.0999999999999,248.9499999999999,2887
1273239000,248.6749999999999,249.0999999999999,247.7249999999999,248.2999999999999,3134
1273498200,248.6249999999999,249.7999999999999,248.6249999999999,249.3499999999999,2344
1273584600,249.4249999999999,249.4249999999999,248.0749999999999,249.0249999999999,1911
1273671000,248.9249999999999,249.1249999999999,247.9499999999999,248.1999999999999,2346
1273757400,248.1749999999999,248.6749999999999,248.0249999999999,248.4999999999999,1512
1273843800,248.4249999999999,248.7999999999999,246.2249999999999,246.3999999999999,3759
1274103000,246.5249999999999,246.7749999999999,245.4499999999999,245.4749999999999,3086
1274189400,245.8249999999999,246.6249999999999,245.6499999999999,245.9999999999999,2382
1274275800,245.5749999999999,246.2249999999999,244.6499999999999,245.9999999999999,2517
1274362200,245.9749999999999,246.3749999999999,243.0999999999999,243.8499999999999,6134
1274448600,243.7499999999999,244.3749999999999,242.8499999999999,243.5749999999999,2797
1274707800,243.7999999999999,243.7999999999999,242.1749999999999,242.2749999999999,3796
1274794200,242.2249999999999,242.2499999999999,240.6249999999999,240.6999999999999,3487
1274880600,241.2749999999999,241.7249999999999,240.6749999999999,241.7249999999999,2517
1274967000,241.3749999999999,242.2499999999999,240.9249999999999,241.9249999999999,2074
1275053400,242.0749999999999,242.2249999999999,241.4499999999999,241.8499999999999,1716
1275399000,241.6499999999999,242.8999999999999,241.0499999999999,242.8999999999999,2277
1275485400,242.6999999999999,243.4999999999999,242.1749999999999,243.0749999999999,2432
1275571800,243.4749999999999,243.8749999999999,242.7999999999999,243.0999999999999,1812
1275658200,243.3249999999999,243.5749999999999,241.9249999999999,242.2999999999999,2368
1275917400,242.6999999999999,242.8249999999999,241.4499999999999,241.8249999999999,2570
1276003800,241.6249999999999,242.7499999999999,241.5999999999999,242.2749999999999,1857
1276090200,242.2999999999999,243.2999999999999,242.2999999999999,242.6499999999999,1766
1276176600,242.7999999999999,244.4249999999999,242.2249999999999,243.6499999999999,2840
1276263000,243.8499999999999,244.6749999999999,243.4249999999999,243.4999999999999,1534
1276522200,243.5749999999999,244.1749999999999,243.5749999999999,243.8499999999999,1412
1276608600,244.1749999999999,244.7749999999999,243.7999999999999,244.3999999999999,2411
1276695000,244.4499999999999,244.8749999999999,243.8249999999999,244.3249999999999,1936
1276781400,244.0749999999999,244.3249999999999,243.5499999999999,243.5749999999999,1538
1276867800,243.5499999999999,243.8999999999999,243.3749999999999,243.5999999999999,1983
1277127000,243.5999999999999,245.3749999999999,243.5999999999999,245.1249999999999,2108
1277213400,245.2749999999999,246.3999999999999,244.8499999999999,245.2499999999999,2763
1277299800,244.9749999999999,245.8999999999999,244.8499999999999,245.3249999999999,958
1277386200,245.2499999999999,246.2999999999999,245.2249999999999,246.0999999999999,1442
1277472600,246.2749999999999,246.9249999999999,246.1499999999999,246.6249999999999,1720
1277731800,246.7499999999999,247.7749999999999,246.7249999999999,247.3999999999999,2007
1277818200,247.4499999999999,247.7499999999999,245.9249999999999,246.2999999999999,2416
1277904600,246.3499999999999,247.2249999999999,245.4499999999999,246.4749999999999,3295
1277991000,246.6499999999999,246.6499999999999,245.7749999999999,246.0249999999999,2393
1278077400,246.1749999999999,247.0999999999999,246.0249999999999,246.0999999999999,2018
1278423000,246.4249999999999,247.1749999999999,246.1249999999999,246.9499999999999,2288
1278509400,247.0249999999999,247.2999999999999,246.4499999999999,246.9749999999999,2424
1278595800,247.2249999999999,247.4249999999999,246.7249999999999,247.0249999999999,4354
1278682200,247.2749999999999,247.4249999999999,246.5249999999999,246.6249999999999,3895
1278941400,246.8249999999999,246.8499999999999,245.8749999999999,246.0999999999999,3699
1279027800,246.0749999999999,247.3249999999999,245.9749999999999,247.0499999999999,2706
1279114200,247.1749999999999,247.5499999999999,246.7249999999999,247.0499999999999,3187
1279200600,247.1749999999999,248.1499999999999,246.5749999999999,246.7999999999999,1874
1279287000,246.9999999999999,247.1249999999999,246.22499999999988,246.34999999999988,775
1279546200,246.4249999999999,247.5249999999999,246.4249999999999,247.5249999999999,991
1279632600,247.47499999999988,247.8999999999999,247.22499999999988,247.82499999999987,730
1279719000,247.7999999999999,248.0499999999999,247.2499999999999,247.97499999999988,700
1279805400,247.9249999999999,248.19999999999987,247.57499999999987,248.1249999999999,755
1279891800,248.19999999999987,248.5499999999999,247.94999999999987,248.5499999999999,669
1280151000,248.8749999999999,249.1499999999999,248.3999999999999,248.5499999999999,1530
1280237400,248.44999999999987,248.72499999999988,248.09999999999988,248.47499999999988,1356
1280323800,248.3999999999999,248.57499999999987,247.7749999999999,248.22499999999988,1764
1280410200,248.09999999999988,248.7749999999999,247.47499999999988,247.6499999999999,1784
1280496600,247.7999999999999,247.8999999999999,246.72499999999988,247.57499999999987,2680
1280755800,247.5499999999999,247.5499999999999,245.9999999999999,245.9999999999999,1799
1280842200,246.2749999999999,246.59999999999988,246.07499999999987,246.19999999999987,1753
1280928600,246.57499999999987,247.47499999999988,246.19999999999987,247.2999999999999,2334
1281015000,247.2999999999999,247.5499999999999,245.7999999999999,246.0499999999999,2354
1281101400,246.5249999999999,246.5249999999999,245.6249999999999,245.6249999999999,2505
1281360600,245.6749999999999,245.7749999999999,245.19999999999987,245.3749999999999,4269
1281447000,245.57499999999987,246.1749999999999,245.1749999999999,245.4249999999999,2543
1281533400,245.72499999999988,246.34999999999988,244.8749999999999,245.9249999999999,2631
1281619800,245.97499999999988,246.07499999999987,244.9999999999999,245.09999999999988,3329
1281706200,245.2999999999999,245.34999999999988,244.5499999999999,244.6749999999999,1128
1281965400,244.9999999999999,246.7999999999999,244.7499999999999,246.34999999999988,1050
1282051800,246.57499999999987,247.3749999999999,246.32499999999987,246.7499999999999,1218
1282138200,246.97499999999988,248.09999999999988,246.8749999999999,247.94999999999987,1305
1282224600,247.6749999999999,249.7999999999999,247.6749999999999,249.0249999999999,2177
1282311000,249.02499999999986,250.04999999999987,248.57499999999987,250.02499999999986,3848
1282570200,249.94999999999987,250.54999999999987,249.64999999999986,250.09999999999988,2200
1282656600,250.14999999999986,250.34999999999988,249.19999999999987,249.64999999999986,2071
1282743000,249.44999999999987,250.1249999999999,248.82499999999987,249.84999999999988,2833
1282829400,249.82499999999987,250.14999999999986,249.54999999999987,249.89999999999986,1759
1282915800,249.72499999999988,249.97499999999988,248.9999999999999,249.44999999999987,2132
1283175000,249.22499999999988,249.59999999999988,248.14999999999986,248.3749999999999,2229
1283261400,248.59999999999988,249.09999999999988,247.47499999999988,247.54999999999987,3092
1283347800,247.54999999999987,248.04999999999987,247.02499999999986,247.29999999999987,2382
1283434200,247.22499999999988,248.3749999999999,246.9999999999999,247.94999999999987,2320
1283520600,248.34999999999988,248.3749999999999,247.19999999999987,247.52499999999986,2370
1283866200,247.54999999999987,247.7499999999999,244.84999999999988,244.8749999999999,4816
1283952600,244.94999999999987,245.54999999999987,244.04999999999987,244.8749999999999,6402
1284039000,245.2499999999999,245.39999999999986,244.02499999999986,244.19999999999987,4242
1284125400,244.44999999999987,245.04999999999987,243.84999999999988,244.27499999999986,3634
1284384600,244.34999999999988,245.32499999999987,244.29999999999987,244.82499999999987,2283
1284471000,244.92499999999987,245.14999999999986,243.9999999999999,244.54999999999987,3277
1284557400,244.47499999999988,244.6249999999999,242.94999999999987,243.94999999999987,2464
1284643800,244.09999999999988,245.09999999999988,243.59999999999988,244.52499999999986,2286
1284730200,244.84999999999985,245.02499999999986,244.09999999999985,244.09999999999985,1414
1284989400,243.59999999999985,243.59999999999985,242.52499999999986,242.69999999999987,1838
1285075800,243.04999999999984,243.67499999999984,242.34999999999985,242.77499999999986,2137
1285162200,242.47499999999985,242.67499999999984,241.02499999999986,241.44999999999987,2086
1285248600,241.74999999999986,242.19999999999987,241.24999999999986,241.59999999999985,1343
1285335000,241.74999999999986,241.82499999999987,240.59999999999985,240.84999999999985,1669
1285594200,240.74999999999986,242.32499999999987,239.99999999999986,241.52499999999986,2445
1285680600,241.74999999999986,242.72499999999985,241.74999999999986,242.34999999999985,3523
1285767000,242.59999999999985,242.72499999999985,241.42499999999984,241.54999999999984,1714
1285853400,241.54999999999984,244.02499999999986,241.27499999999986,243.77499999999986,4436
1285939800,243.74999999999986,244.62499999999986,243.52499999999986,244.02499999999986,2781
1286199000,244.02499999999986,244.02499999999986,242.34999999999985,242.42499999999984,3132
1286285400,242.54999999999984,242.89999999999986,241.22499999999985,241.24999999999986,3048
1286371800,241.52499999999986,241.64999999999986,240.99999999999986,240.99999999999986,2812
1286458200,241.17499999999984,241.42499999999984,240.39999999999986,240.72499999999985,4043
1286544600,240.94999999999987,240.94999999999987,237.74999999999986,239.19999999999987,3617
1286803800,238.67499999999984,238.74999999999986,237.39999999999986,238.34999999999985,3497
1286890200,238.62499999999986,240.22499999999985,237.92499999999984,238.44999999999987,2713
1286976600,238.52499999999986,239.74999999999986,237.69999999999987,239.74999999999986,3075
1287063000,239.49999999999986,240.14999999999986,238.74999999999986,239.67499999999984,2271
1287149400,240.14999999999986,241.62499999999986,240.14999999999986,240.34999999999985,2294
1287408600,240.34999999999985,240.77499999999986,239.62499999999986,240.39999999999986,1208
1287495000,240.69999999999987,242.14999999999986,239.92499999999984,241.69999999999987,2044
1287581400,242.02499999999986,242.04999999999984,241.09999999999985,241.12499999999986,1265
1287667800,241.37499999999986,243.22499999999985,241.34999999999985,242.74999999999986,2077
1287754200,242.99999999999986,243.72499999999985,242.77499999999986,243.59999999999985,1594
1288013400,243.29999999999984,243.44999999999987,242.24999999999986,242.49999999999986,1312
1288099800,242.64999999999986,242.87499999999986,242.32499999999987,242.67499999999984,966
1288186200,242.67499999999984,243.22499999999985,242.39999999999986,242.52499999999986,2350
1288272600,242.49999999999986,243.07499999999987,241.84999999999985,241.92499999999984,2706
1288359000,241.99999999999986,242.19999999999987,241.17499999999984,241.54999999999984,1798
1288618200,241.07499999999987,241.67499999999984,240.84999999999985,241.34999999999985,1765
1288704600,241.34999999999985,242.87499999999986,241.34999999999985,242.79999999999984,1584
1288791000,242.92499999999984,242.99999999999986,241.59999999999985,242.14999999999986,1559
1288877400,241.64999999999986,241.97499999999985,240.59999999999985,241.14999999999986,1547
1288963800,241.37499999999986,241.69999999999987,240.84999999999985,241.52499999999986,1547
1289226600,241.49999999999986,242.54999999999984,241.19999999999987,242.37499999999986,1183
1289313000,242.37499999999986,244.34999999999985,241.37499999999986,244.17499999999984,3780
1289399400,243.84999999999985,246.47499999999985,243.82499999999987,245.69999999999987,3575
1289485800,245.69999999999987,246.02499999999986,245.24999999999986,245.82499999999987,2353
1289572200,245.67499999999984,246.34999999999985,244.82499999999987,245.14999999999986,2457
1289831400,245.19999999999987,245.99999999999986,245.19999999999987,245.79999999999984,2228
1289917800,245.94999999999987,245.99999999999986,244.64999999999986,245.59999999999985,2280
1290004200,245.49999999999986,245.89999999999986,245.04999999999984,245.49999999999986,1573
1290090600,245.64999999999986,247.09999999999985,245.44999999999987,246.79999999999984,2530
1290177000,246.47499999999985,248.34999999999985,246.12499999999986,248.14999999999986,2351
1290436200,248.12499999999986,248.69999999999987,247.59999999999985,248.14999999999986,1836
1290522600,248.09999999999985,248.87499999999986,247.87499999999986,248.57499999999987,2361
1290609000,248.77499999999986,249.44999999999987,248.72499999999985,249.02499999999986,2109
1290781800,249.02499999999986,249.92499999999984,248.94999999999987,249.49999999999986,1396
1291041000,249.72499999999985,249.92499999999984,248.97499999999985,249.14999999999986,1648
1291127400,248.94999999999987,250.92499999999984,248.02499999999986,249.92499999999984,4301
1291213800,250.17499999999984,250.37499999999986,248.77499999999986,249.14999999999986,3310
1291300200,249.59999999999985,249.74999999999986,248.59999999999985,249.42499999999984,2210
1291386600,249.34999999999985,249.99999999999986,249.12499999999986,249.42499999999984,2028
1291645800,249.69999999999987,249.87499999999986,249.24999999999986,249.24999999999986,2053
1291732200,249.42499999999984,249.74999999999986,247.62499999999986,247.97499999999985,4136
1291818600,248.14999999999986,249.14999999999986,247.64999999999986,248.92499999999984,2890
1291905000,248.59999999999985,249.34999999999985,248.32499999999987,248.82499999999987,1799
1291991400,248.92499999999984,249.07499999999987,248.54999999999984,248.92499999999984,1648
1292250600,249.07499999999987,250.24999999999986,249.07499999999987,249.94999999999987,2645
1292337000,249.94999999999987,249.99999999999986,248.52499999999986,248.69999999999987,3412
1292423400,248.99999999999986,249.17499999999984,248.02499999999986,248.39999999999986,1303
1292509800,248.37499999999986,249.79999999999984,248.32499999999987,249.12499999999986,1844
1292596200,249.42499999999984,250.12499999999986,249.34999999999985,250.07499999999987,1790
1292855400,250.07499999999987,252.37499999999986,249.59999999999985,252.29999999999984,3464
1292941800,252.12499999999986,253.49999999999986,251.87499999999986,253.09999999999985,2979
1293028200,252.87499999999986,254.27499999999986,252.24999999999986,253.74999999999986,3012
1293114600,253.82499999999987,254.22499999999985,253.37499999999986,253.79999999999984,1850
1293460200,253.72499999999985,253.94999999999987,252.99999999999986,253.79999999999984,2420
1293546600,253.12499999999986,254.67499999999984,253.12499999999986,253.57499999999987,1651
1293633000,253.57499999999987,254.54999999999984,253.49999999999986,254.19999999999987,1938
1293719400,254.57499999999987,255.07499999999987,252.84999999999985,253.04999999999984,2461
1293805800,253.39999999999986,254.42499999999984,252.99999999999986,254.07499999999987,1252
1294065000,254.59999999999985,254.77499999999986,253.12499999999986,253.14999999999986,1895
1294151400,253.24999999999986,253.24999999999986,252.47499999999985,252.52499999999986,2367
1294237800,252.67499999999984,252.97499999999985,252.12499999999986,252.52499999999986,2136
1294324200,252.67499999999984,253.94999999999987,252.67499999999984,253.19999999999987,2070
1294410600,253.34999999999985,253.57499999999987,252.24999999999986,252.87499999999986,2285
1294669800,252.92499999999984,254.12499999999986,252.87499999999986,253.54999999999984,1800
1294756200,253.64999999999986,255.69999999999987,253.62499999999986,255.42499999999984,3804
1294842600,255.62499999999986,256.64999999999986,255.19999999999987,256.17499999999984,2661
1294929000,256.4499999999999,257.3749999999999,255.49999999999986,257.02499999999986,2878
1295015400,256.92499999999984,257.7499999999999,256.52499999999986,257.42499999999984,2239
1295361000,257.7499999999999,260.14999999999986,257.64999999999986,258.0749999999999,4181
1295447400,258.09999999999985,258.39999999999986,257.17499999999984,257.6249999999999,2451
1295533800,257.29999999999984,257.6249999999999,256.22499999999985,256.42499999999984,3114
1295620200,256.5749999999999,256.8249999999999,255.64999999999986,255.67499999999984,2124
1295879400,255.59999999999985,256.1249999999999,255.24999999999986,255.67499999999984,2302
1295965800,255.44999999999987,255.84999999999985,254.64999999999986,255.24999999999986,2314
1296052200,255.39999999999986,256.39999999999986,255.09999999999985,256.2499999999999,2940
1296138600,256.22499999999985,256.79999999999984,255.37499999999986,255.72499999999985,3078
1296225000,255.74999999999986,256.89999999999986,255.49999999999986,256.34999999999985,2579
1296484200,256.72499999999985,258.6999999999998,256.72499999999985,258.1249999999999,3112
1296570600,258.1249999999999,258.2499999999999,257.17499999999984,257.59999999999985,2258
1296657000,257.77499999999986,258.47499999999985,254.77499999999986,255.92499999999984,4173
1296743400,256.1249999999999,256.1249999999999,254.72499999999985,255.62499999999986,3356
1296829800,255.64999999999986,255.72499999999985,254.89999999999986,255.12499999999986,2524
1297089000,254.87499999999986,255.89999999999986,254.32499999999987,254.69999999999987,2835
1297175400,254.42499999999984,255.27499999999986,254.12499999999986,254.37499999999986,3917
1297261800,254.54999999999984,255.09999999999985,253.02499999999986,253.04999999999984,5740
1297348200,253.22499999999985,255.52499999999986,252.89999999999986,254.94999999999987,5410
1297434600,255.14999999999986,256.3749999999999,254.57499999999987,256.14999999999986,3600
1297693800,256.3749999999999,258.64999999999986,256.27499999999986,258.4999999999999,3419
1297780200,258.67499999999984,259.6249999999999,258.22499999999985,258.64999999999986,2413
1297866600,259.09999999999985,260.7499999999999,258.9999999999999,260.59999999999985,2441
1297953000,260.59999999999985,261.22499999999985,259.8749999999999,260.72499999999985,2424
1298039400,260.64999999999986,261.02499999999986,259.47499999999985,260.09999999999985,635
1298385000,260.02499999999986,260.47499999999985,258.79999999999984,258.9499999999998,1429
1298471400,259.34999999999985,260.0749999999998,257.72499999999985,258.89999999999986,1653
1298557800,259.1249999999999,259.64999999999986,258.42499999999984,259.3249999999998,1348
1298644200,259.39999999999986,260.09999999999985,259.2499999999999,259.97499999999985,1267
1298903400,260.04999999999984,261.84999999999985,259.0749999999998,260.1249999999999,2237
1298989800,259.9499999999998,260.4499999999998,258.3249999999998,258.97499999999985,2704
1299076200,258.59999999999985,260.3749999999999,258.22499999999985,259.7499999999999,2158
1299162600,260.2499999999999,261.2499999999999,259.4999999999999,260.42499999999984,2499
1299249000,260.9999999999999,261.1249999999999,259.39999999999986,260.17499999999984,2018
1299508200,260.1249999999999,260.39999999999986,259.89999999999986,260.04999999999984,2417
1299594600,260.09999999999985,261.79999999999984,260.09999999999985,261.4999999999999,2416
1299681000,261.72499999999985,263.54999999999984,261.64999999999986,262.8749999999999,2617
1299767400,263.09999999999985,263.42499999999984,261.8749999999999,262.54999999999984,2411
1299853800,262.52499999999986,263.22499999999985,261.3249999999999,262.87499999999983,2591
1300109400,262.87499999999983,262.87499999999983,261.49999999999983,262.02499999999986,1758
1300195800,261.97499999999985,261.97499999999985,259.02499999999986,259.02499999999986,2003
1300282200,257.84999999999985,258.92499999999984,256.02499999999986,256.02499999999986,2259
1300368600,255.52499999999986,258.37499999999983,254.92499999999984,257.39999999999986,2903
1300455000,257.37499999999983,258.52499999999986,256.14999999999986,256.77499999999986,1608
1300714200,257.49999999999983,259.5749999999999,257.49999999999983,259.04999999999984,1654
1300800600,259.37499999999983,259.92499999999984,258.52499999999986,259.64999999999986,1494
1300887000,259.87499999999983,260.14999999999986,258.3249999999999,259.4499999999999,1963
1300973400,259.74999999999983,261.09999999999985,259.74999999999983,260.59999999999985,1362
1301059800,260.62499999999983,263.59999999999985,260.34999999999985,263.5749999999999,2027
1301319000,263.54999999999984,263.6999999999999,262.64999999999986,263.6999999999999,2183
1301405400,263.39999999999986,264.89999999999986,263.02499999999986,264.09999999999985,1404
1301491800,264.77499999999986,265.9499999999999,264.04999999999984,265.3249999999999,2280
1301578200,265.29999999999984,266.17499999999984,264.52499999999986,265.89999999999986,2176
1301664600,265.42499999999984,266.27499999999986,265.22499999999985,265.92499999999984,2157
1301923800,266.27499999999986,266.27499999999986,264.89999999999986,264.92499999999984,2411
1302010200,265.04999999999984,265.5749999999999,263.79999999999984,264.1999999999999,2928
1302096600,263.9499999999999,264.27499999999986,262.6999999999999,262.97499999999985,2578
1302183000,262.87499999999983,263.22499999999985,261.62499999999983,262.24999999999983,3086
1302269400,262.52499999999986,263.02499999999986,262.02499999999986,262.02499999999986,2435
1302528600,261.87499999999983,262.0749999999999,261.14999999999986,261.39999999999986,1785
1302615000,261.59999999999985,261.59999999999985,258.77499999999986,258.77499999999986,3223
1302701400,259.12499999999983,259.9499999999999,258.74999999999983,259.54999999999984,2557
1302787800,259.4499999999999,261.09999999999985,259.12499999999983,260.29999999999984,1731
1302874200,260.22499999999985,260.47499999999985,259.17499999999984,259.4499999999999,4063
1303133400,258.9499999999999,260.22499999999985,258.6999999999999,259.79999999999984,6353
1303219800,259.79999999999984,261.3249999999999,259.79999999999984,261.14999999999986,5649
1303306200,261.24999999999983,262.22499999999985,259.84999999999985,261.39999999999986,7204
1303392600,261.12499999999983,261.39999999999986,258.42499999999984,259.87499999999983,2357
1303738200,259.5749999999999,259.5749999999999,256.87499999999983,256.87499999999983,6586
1303824600,256.17499999999984,257.09999999999985,255.84999999999985,255.87499999999983,9118
1303911000,256.17499999999984,258.0749999999999,255.87499999999983,257.77499999999986,2989
1303997400,257.92499999999984,259.42499999999984,257.04999999999984,259.04999999999984,3016
1304083800,258.9499999999999,259.6999999999999,258.77499999999986,258.87499999999983,2033
1304343000,259.02499999999986,259.6999999999999,257.6999999999999,257.74999999999983,2128
1304429400,257.79999999999984,257.92499999999984,255.92499999999984,255.97499999999985,3223
1304515800,256.04999999999984,256.99999999999983,255.52499999999986,255.84999999999985,2293
1304602200,255.94999999999987,256.1999999999999,254.14999999999986,254.67499999999984,3849
1304688600,254.42499999999984,256.17499999999984,253.42499999999984,255.69999999999987,4095
1304947800,255.97499999999985,256.8249999999999,254.84999999999985,255.22499999999985,2911
1305034200,255.47499999999985,255.99999999999983,255.14999999999986,255.29999999999984,2088
1305120600,255.82499999999987,256.97499999999985,255.74999999999983,255.94999999999987,3059
1305207000,256.17499999999984,257.1999999999999,254.57499999999987,256.84999999999985,3206
1305293400,256.5749999999999,257.34999999999985,255.32499999999987,255.37499999999983,2276
1305552600,255.39999999999986,256.37499999999983,254.14999999999986,254.14999999999986,2150
1305639000,254.42499999999984,254.42499999999984,251.99999999999983,252.84999999999985,4635
1305725400,253.17499999999984,253.22499999999985,250.92499999999984,250.92499999999984,3765
1305811800,251.24999999999983,251.37499999999983,249.27499999999986,249.57499999999987,4256
1305898200,249.47499999999985,249.84999999999985,248.22499999999985,248.67499999999984,4207
1306157400,248.02499999999986,248.02499999999986,245.67499999999984,245.67499999999984,2380
1306243800,244.67499999999984,246.82499999999987,243.37499999999986,245.69999999999987,4710
1306330200,246.52499999999986,248.17499999999984,245.94999999999987,247.44999999999987,3148
1306416600,247.89999999999986,248.22499999999985,245.92499999999984,245.94999999999987,2423
1306503000,246.22499999999985,246.69999999999987,245.42499999999984,245.64999999999986,1695
1306848600,246.12499999999986,247.99999999999986,246.12499999999986,247.29999999999984,2828
1306935000,247.24999999999986,247.24999999999986,244.29999999999984,246.79999999999984,3524
1307021400,245.67499999999984,247.42499999999984,245.67499999999984,246.79999999999984,1826
1307107800,246.87499999999986,247.84999999999985,245.92499999999984,247.17499999999984,2221
1307367000,247.34999999999985,249.32499999999987,246.77499999999986,247.02499999999986,2358
1307453400,247.32499999999987,248.19999999999987,247.04999999999984,248.04999999999984,1493
1307539800,248.07499999999987,248.42499999999984,246.94999999999987,247.72499999999985,1988
1307626200,248.27499999999986,248.82499999999987,246.67499999999984,248.24999999999986,3160
1307712600,248.29999999999984,248.62499999999986,246.49999999999986,246.54999999999984,2831
1307971800,246.19999999999987,247.82499999999987,246.19999999999987,247.69999999999987,1650
1308058200,247.72499999999985,250.52499999999986,247.57499999999987,250.17499999999984,4343
1308144600,250.49999999999986,251.42499999999984,249.42499999999984,249.89999999999986,3038
1308231000,250.04999999999984,252.89999999999986,250.02499999999986,252.89999999999986,2032
1308317400,253.92499999999984,255.89999999999986,253.57499999999987,255.57499999999987,4640
1308576600,256.92499999999984,258.5749999999999,256.62499999999983,258.42499999999984,3383
1308663000,259.09999999999985,261.34999999999985,257.89999999999986,260.74999999999983,4193
1308749400,260.49999999999983,261.77499999999986,259.39999999999986,260.92499999999984,3591
1308835800,260.22499999999985,261.12499999999983,258.17499999999984,260.77499999999986,3628
1308922200,260.5749999999999,261.92499999999984,259.52499999999986,261.52499999999986,2909
1309181400,261.54999999999984,261.72499999999985,259.6999999999999,260.14999999999986,2607
1309267800,259.9499999999999,261.27499999999986,259.84999999999985,260.79999999999984,3064
1309354200,261.02499999999986,261.02499999999986,259.52499999999986,260.6999999999999,2294
1309440600,260.59999999999985,262.59999999999985,260.39999999999986,260.99999999999983,3916
1309527000,260.92499999999984,263.84999999999985,260.1999999999999,263.39999999999986,4443
1309872600,263.4499999999999,264.8249999999999,262.6999999999999,264.1999999999999,3773
1309959000,263.97499999999985,264.52499999999986,263.47499999999985,263.87499999999983,3351
1310045400,264.12499999999983,266.87499999999983,263.8249999999999,266.8249999999999,3840
1310131800,266.77499999999986,267.8249999999999,266.22499999999985,266.52499999999986,4142
1310391000,265.87499999999983,267.04999999999984,264.9499999999999,266.27499999999986,4236
1310477400,266.42499999999984,266.42499999999984,264.8249999999999,264.9499999999999,3322
1310563800,264.99999999999983,265.5749999999999,262.27499999999986,262.8249999999999,4001
1310650200,262.72499999999985,262.89999999999986,259.8249999999999,259.84999999999985,4557
1310736600,259.2999999999999,259.8249999999999,257.47499999999985,258.6999999999999,1658
1310995800,259.0499999999999,259.4499999999999,256.89999999999986,257.52499999999986,1143
1311082200,258.1999999999999,260.52499999999986,257.89999999999986,258.14999999999986,819
1311168600,259.14999999999986,259.14999999999986,257.4499999999999,257.52499999999986,1022
1311255000,257.7499999999999,259.2499999999999,257.4499999999999,257.6999999999999,1260
1311341400,258.1999999999999,260.4499999999999,258.09999999999985,259.27499999999986,1084
1311600600,258.39999999999986,259.8749999999999,257.9249999999999,259.27499999999986,1088
1311687000,259.34999999999985,260.7999999999999,259.0499999999999,259.8249999999999,2486
1311773400,259.9249999999999,259.9499999999999,258.5499999999999,258.8249999999999,1433
1311859800,258.9249999999999,260.09999999999985,258.1999999999999,259.4999999999999,1427
1311946200,259.6249999999999,261.34999999999985,258.84999999999985,260.52499999999986,1695
1312205400,260.72499999999985,262.27499999999986,260.47499999999985,260.6249999999999,2074
1312291800,260.8749999999999,261.27499999999986,258.2999999999999,258.4999999999999,3375
1312378200,258.4499999999999,258.6999999999999,256.39999999999986,257.3749999999999,2409
1312464600,257.4999999999999,258.1749999999999,255.64999999999986,255.9999999999999,2773
1312551000,255.4999999999999,257.27499999999986,254.7499999999999,256.8749999999999,3657
1312810200,255.9999999999999,256.7499999999999,255.19999999999987,255.5499999999999,2720
1312896600,255.39999999999986,257.2999999999999,254.2499999999999,256.64999999999986,3210
1312983000,257.1249999999999,257.6999999999999,256.39999999999986,256.9999999999999,1903
1313069400,256.6749999999999,259.2499999999999,256.1999999999999,258.1999999999999,3085
1313155800,258.7999999999999,260.34999999999985,258.72499999999985,259.4249999999999,1160
1313415000,259.8749999999999,260.6249999999999,258.4249999999999,259.5749999999999,1360
1313501400,259.0499999999999,259.6999999999999,258.8249999999999,259.27499999999986,919
1313587800,259.1749999999999,259.1749999999999,257.02499999999986,257.3249999999999,1754
1313674200,257.1249999999999,257.3749999999999,254.9999999999999,255.1249999999999,1494
1313760600,255.2499999999999,256.22499999999985,254.77499999999986,255.4999999999999,1662
1314019800,255.57499999999987,256.6999999999999,255.2999999999999,255.97499999999985,1251
1314106200,255.7999999999999,256.3249999999999,255.4999999999999,255.7499999999999,1401
1314192600,255.69999999999987,255.77499999999986,252.84999999999985,253.4249999999999,3214
1314279000,253.4999999999999,253.72499999999985,252.32499999999987,253.59999999999985,2563
1314365400,253.89999999999986,255.69999999999987,253.09999999999985,254.6749999999999,2881
1314624600,255.34999999999985,255.52499999999986,253.4999999999999,254.09999999999985,1966
1314711000,254.2999999999999,254.7999999999999,253.6249999999999,254.39999999999986,1859
1314797400,254.09999999999985,254.3749999999999,253.2999999999999,254.09999999999985,1945
1314883800,253.84999999999985,254.9999999999999,253.2999999999999,254.1749999999999,2099
1314970200,254.3749999999999,255.34999999999985,253.4999999999999,254.34999999999985,2558
1315315800,254.09999999999985,255.9999999999999,253.7999999999999,255.8749999999999,2555
1315402200,255.72499999999985,256.8249999999999,255.72499999999985,256.1999999999999,2325
1315488600,256.4499999999999,257.39999999999986,254.7499999999999,257.0499999999999,4695
1315575000,257.2999999999999,257.6749999999999,255.97499999999985,256.2499999999999,3287
1315834200,256.1249999999999,257.5499999999999,255.84999999999985,256.9249999999999,3241
1315920600,256.9499999999999,258.47499999999985,256.84999999999985,258.4249999999999,3323
1316007000,258.2999999999999,260.5749999999999,258.2999999999999,260.34999999999985,4675
1316093400,260.1749999999999,260.89999999999986,258.9249999999999,259.1749999999999,3849
1316179800,259.1749999999999,259.7249999999999,258.3499999999999,259.3749999999999,1629
1316439000,258.9749999999999,259.2999999999999,257.9249999999999,258.6249999999999,1968
1316525400,258.3749999999999,259.9249999999999,258.0999999999999,259.8499999999999,2330
1316611800,259.9499999999999,260.9999999999999,259.1249999999999,259.8499999999999,2201
1316698200,259.0999999999999,259.1999999999999,256.8499999999999,256.8499999999999,3356
1316784600,255.94999999999987,257.3249999999999,255.6249999999999,256.64999999999986,3018
1317043800,258.0749999999999,259.64999999999986,258.0749999999999,259.64999999999986,2114
1317130200,260.9749999999999,262.64999999999986,260.14999999999986,261.9249999999999,5643
1317216600,261.9749999999999,262.77499999999986,261.52499999999986,261.9999999999999,3201
1317303000,261.8249999999999,262.9749999999999,261.4499999999999,261.9749999999999,2263
1317389400,262.27499999999986,264.4999999999999,261.0999999999999,262.9999999999999,4878
1317648600,263.7249999999999,264.8499999999999,262.4249999999999,262.9249999999999,4972
1317735000,263.02499999999986,263.3499999999999,260.2249999999999,260.9749999999999,4312
1317821400,261.9999999999999,262.0999999999999,261.1999999999999,261.8249999999999,1996
1317907800,262.0499999999999,262.0499999999999,260.9499999999999,261.64999999999986,2691
1317994200,261.27499999999986,262.52499999999986,261.27499999999986,261.9499999999999,1640
1318253400,262.27499999999986,263.6249999999999,261.4499999999999,262.4249999999999,2213
1318339800,263.0499999999999,263.52499999999986,261.89999999999986,262.6249999999999,2322
1318426200,263.02499999999986,263.77499999999986,262.5749999999999,263.1249999999999,2142
1318512600,262.8749999999999,264.22499999999985,261.47499999999985,263.6749999999999,2442
1318599000,263.8749999999999,265.09999999999985,263.47499999999985,264.7499999999999,1855
1318858200,264.77499999999986,265.7499999999999,263.6749999999999,265.1999999999999,1808
1318944600,264.97499999999985,265.9249999999999,264.1999999999999,264.5749999999999,2155
1319031000,264.5749999999999,265.6749999999999,263.6999999999999,264.02499999999986,1655
1319117400,263.6749999999999,264.72499999999985,262.9999999999999,264.2499999999999,2656
1319203800,264.4499999999999,266.02499999999986,264.27499999999986,264.8749999999999,2311
1319463000,264.8749999999999,265.52499999999986,264.6749999999999,265.2499999999999,1530
1319549400,265.34999999999985,265.4249999999999,263.7499999999999,264.02499999999986,1724
1319635800,263.7999999999999,264.77499999999986,263.09999999999985,263.5499999999999,2272
1319722200,263.5499999999999,264.3249999999999,262.6249999999999,263.22499999999985,2575
1319808600,263.27499999999986,264.5499999999999,262.64999999999986,262.8749999999999,2610
1320067800,262.0749999999999,262.8249999999999,261.6249999999999,261.9249999999999,2802
1320154200,261.89999999999986,264.9249999999999,260.52499999999986,264.77499999999986,3510
1320240600,265.02499999999986,265.0749999999999,264.0499999999999,264.77499999999986,1926
1320327000,264.4249999999999,265.0499999999999,264.02499999999986,264.6749999999999,1949
1320413400,264.64999999999986,265.9249999999999,264.2499999999999,264.6749999999999,2833
1320676200,264.6749999999999,265.1749999999999,263.72499999999985,264.0499999999999,2174
1320762600,263.77499999999986,264.52499999999986,262.77499999999986,262.77499999999986,2246
1320849000,262.7999999999999,263.27499999999986,262.27499999999986,262.6249999999999,1801
1320935400,262.6999999999999,264.72499999999985,262.5749999999999,262.9499999999999,2638
1321021800,262.7999999999999,263.6249999999999,262.3749999999999,262.9499999999999,1917
1321281000,263.27499999999986,263.64999999999986,262.9249999999999,263.0749999999999,1695
1321367400,263.1749999999999,265.77499999999986,263.1749999999999,265.64999999999986,2761
1321453800,265.3749999999999,266.2999999999999,264.64999999999986,266.14999999999986,2099
1321540200,265.9499999999999,267.22499999999985,264.5749999999999,266.84999999999985,3521
1321626600,267.02499999999986,267.1249999999999,264.59999999999985,264.6999999999999,3643
1321885800,264.6999999999999,264.89999999999986,262.7999999999999,263.4499999999999,3444
1321972200,263.4499999999999,264.72499999999985,263.27499999999986,264.2999999999999,1529
1322058600,264.3249999999999,264.39999999999986,262.89999999999986,263.0749999999999,3109
1322231400,263.02499999999986,263.34999999999985,261.89999999999986,261.89999999999986,2423
1322490600,262.47499999999985,262.97499999999985,261.9249999999999,261.9999999999999,3214
1322577000,262.2999999999999,262.64999999999986,261.8249999999999,262.09999999999985,2059
1322663400,262.47499999999985,264.0499999999999,261.84999999999985,263.2999999999999,2210
1322749800,263.72499999999985,263.9499999999999,262.5749999999999,263.3749999999999,2150
1322836200,263.39999999999986,264.64999999999986,263.39999999999986,264.34999999999985,2595
1323095400,263.97499999999985,264.47499999999985,261.4999999999999,261.5749999999999,3414
1323181800,261.8749999999999,262.0749999999999,259.0749999999999,259.39999999999986,5816
1323268200,259.59999999999985,260.34999999999985,258.5499999999999,259.9999999999999,3900
1323354600,260.27499999999986,260.9999999999999,259.6249999999999,259.7499999999999,2188
1323441000,259.7999999999999,259.9499999999999,258.7999999999999,259.3749999999999,2640
1323700200,259.0499999999999,260.4249999999999,258.1749999999999,260.27499999999986,2880
1323786600,260.39999999999986,261.8249999999999,260.27499999999986,261.1749999999999,3147
1323873000,260.8749999999999,261.3249999999999,259.9499999999999,261.02499999999986,1763
1323959400,260.9999999999999,261.52499999999986,260.4249999999999,261.2499999999999,1141
1324045800,261.09999999999985,261.09999999999985,259.92499999999984,260.79999999999984,1602
1324305000,260.27499999999986,263.04999999999984,260.2499999999999,262.8249999999999,2038
1324391400,262.54999999999984,262.9499999999999,261.77499999999986,262.6249999999999,1345
1324477800,262.34999999999985,263.09999999999985,261.6999999999999,261.9499999999999,1817
1324564200,261.97499999999985,264.9499999999999,261.9499999999999,264.7499999999999,2491
1324650600,265.09999999999985,265.67499999999984,264.6249999999999,265.54999999999984,1799
1324996200,265.4499999999999,265.54999999999984,264.29999999999984,265.3749999999999,2226
1325082600,265.09999999999985,265.89999999999986,264.4999999999999,265.4499999999999,2986
1325169000,265.52499999999986,265.79999999999984,264.67499999999984,264.89999999999986,1931
1325255400,264.89999999999986,265.17499999999984,263.79999999999984,263.89999999999986,2158
1325601000,264.52499999999986,265.34999999999985,264.17499999999984,264.52499999999986,2692
1325687400,264.52499999999986,265.79999999999984,264.2499999999999,265.64999999999986,2125
1325773800,265.64999999999986,267.1999999999999,265.22499999999985,265.9499999999999,3231
1325860200,266.2499999999999,266.7499999999999,264.8749999999999,264.97499999999985,3197
1326119400,265.02499999999986,265.47499999999985,264.3249999999999,264.84999999999985,2788
1326205800,265.22499999999985,266.6249999999999,265.22499999999985,266.52499999999986,2686
1326292200,266.47499999999985,266.8249999999999,265.67499999999984,265.97499999999985,2063
1326378600,266.17499999999984,267.39999999999986,265.3249999999999,266.89999999999986,3106
1326465000,266.6999999999999,267.8749999999999,266.39999999999986,267.47499999999985,3003
1326810600,268.04999999999984,268.5749999999999,267.47499999999985,267.47499999999985,2712
1326897000,267.79999999999984,268.09999999999985,267.27499999999986,267.8749999999999,1701
1326983400,267.9499999999999,269.4499999999999,267.77499999999986,269.09999999999985,3048
1327069800,269.3749999999999,270.3749999999999,268.79999999999984,268.9499999999999,2655
1327329000,269.39999999999986,269.67499999999984,268.09999999999985,268.84999999999985,2466
1327415400,268.79999999999984,270.1999999999999,268.72499999999985,269.97499999999985,2402
1327501800,269.7499999999999,270.6249999999999,269.34999999999985,270.09999999999985,2704
1327588200,269.89999999999986,270.04999999999984,268.67499999999984,268.72499999999985,3115
1327674600,268.89999999999986,269.9999999999999,268.52499999999986,269.6999999999999,1639
1327933800,269.64999999999986,269.92499999999984,268.6249999999999,269.4499999999999,2418
1328020200,269.47499999999985,270.89999999999986,269.4499999999999,270.6249999999999,2855
1328106600,270.59999999999985,271.29999999999984,269.79999999999984,270.9499999999999,3232
1328193000,270.8249999999999,270.8249999999999,270.0749999999999,270.47499999999985,2565
1328279400,270.42499999999984,270.8749999999999,269.29999999999984,269.54999999999984,3075
1328538600,268.79999999999984,269.67499999999984,268.67499999999984,269.22499999999985,2802
1328625000,269.29999999999984,270.4999999999999,269.14999999999986,270.09999999999985,3842
1328711400,270.27499999999986,270.8249999999999,269.64999999999986,270.3749999999999,3275
1328797800,270.3249999999999,271.04999999999984,269.6999999999999,270.2499999999999,2398
1328884200,270.2499999999999,270.39999999999986,268.34999999999985,268.72499999999985,3756
1329143400,269.14999999999986,269.92499999999984,268.97499999999985,269.8249999999999,2504
1329229800,269.54999999999984,271.89999999999986,269.4999999999999,271.34999999999985,3536
1329316200,271.47499999999985,272.4499999999999,270.7499999999999,271.72499999999985,3245
1329402600,271.54999999999984,272.64999999999986,271.52499999999986,271.92499999999984,2291
1329489000,271.7499999999999,273.59999999999985,271.7499999999999,273.0749999999999,2153
1329834600,272.9999999999999,273.54999999999984,272.79999999999984,273.4499999999999,1715
1329921000,273.3749999999999,273.64999999999986,272.97499999999985,273.47499999999985,1566
1330007400,272.9999999999999,273.64999999999986,272.4999999999999,272.77499999999986,1616
1330093800,272.6999999999999,273.4499999999999,272.4999999999999,272.8749999999999,1927
1330353000,273.04999999999984,273.14999999999986,271.84999999999985,272.1249999999999,3173
1330439400,271.9499999999999,272.52499999999986,271.04999999999984,271.2499999999999,2340
1330525800,271.9999999999999,273.22499999999985,271.6999999999999,272.77499999999986,3370
1330612200,273.29999999999984,274.59999999999985,272.59999999999985,274.3749999999999,5124
1330698600,274.42499999999984,274.64999999999986,273.79999999999984,273.92499999999984,4068
1330957800,274.1999999999999,274.2499999999999,271.27499999999986,271.54999999999984,5631
1331044200,271.27499999999986,271.3749999999999,268.72499999999985,268.72499999999985,6059
1331130600,269.4999999999999,269.4999999999999,267.67499999999984,269.02499999999986,3499
1331217000,269.1249999999999,270.4499999999999,268.8749999999999,270.0749999999999,4713
1331303400,270.0749999999999,270.09999999999985,268.29999999999984,268.4499999999999,3698
1331559000,268.54999999999984,269.39999999999986,266.9499999999999,268.9499999999999,3682
1331645400,269.17499999999984,270.6999999999999,269.02499999999986,270.3749999999999,3252
1331731800,270.3749999999999,270.42499999999984,269.54999999999984,269.8249999999999,1890
1331818200,269.6999999999999,270.64999999999986,268.3249999999999,268.59999999999985,2440
1331904600,269.14999999999986,269.34999999999985,266.52499999999986,267.1999999999999,3300
1332163800,266.89999999999986,267.29999999999984,265.84999999999985,266.0749999999999,2553
1332250200,265.99999999999983,266.04999999999984,264.6999999999999,265.14999999999986,2573
1332336600,265.14999999999986,266.42499999999984,264.79999999999984,265.6999999999999,1933
1332423000,266.02499999999986,267.02499999999986,265.64999999999986,265.99999999999983,2445
1332509400,266.37499999999983,266.37499999999983,263.74999999999983,264.77499999999986,2645
1332768600,264.74999999999983,265.72499999999985,264.29999999999984,265.02499999999986,2283
1332855000,265.27499999999986,267.1999999999999,265.14999999999986,266.37499999999983,2513
1332941400,266.6999999999999,266.6999999999999,264.74999999999983,264.99999999999983,3334
1333027800,265.0749999999999,265.59999999999985,262.67499999999984,263.12499999999983,4868
1333114200,263.39999999999986,263.97499999999985,260.29999999999984,260.42499999999984,5917
1333373400,260.84999999999985,261.47499999999985,258.67499999999984,260.72499999999985,5081
1333459800,261.04999999999984,261.34999999999985,259.42499999999984,259.52499999999986,5325
1333546200,259.59999999999985,260.22499999999985,257.49999999999983,259.49999999999983,4743
1333632600,259.37499999999983,260.09999999999985,259.3249999999999,259.62499999999983,122
1333978200,259.72499999999985,261.22499999999985,259.22499999999985,259.79999999999984,4100
1334064600,260.17499999999984,260.6999999999999,258.39999999999986,258.89999999999986,5687
1334151000,258.59999999999985,261.64999999999986,257.92499999999984,260.72499999999985,5128
1334237400,261.67499999999984,263.72499999999985,261.67499999999984,263.54999999999984,4090
1334323800,264.1999999999999,264.52499999999986,263.22499999999985,263.67499999999984,4887
1334583000,263.67499999999984,264.42499999999984,263.2499999999999,263.92499999999984,3011
1334669400,264.14999999999986,265.3749999999999,263.9499999999999,265.14999999999986,3156
1334755800,265.29999999999984,265.64999999999986,263.77499999999986,263.97499999999985,3070
1334842200,264.5749999999999,264.5749999999999,263.47499999999985,263.97499999999985,2748
1334928600,264.3749999999999,264.7499999999999,263.64999999999986,263.77499999999986,2372
1335187800,263.47499999999985,263.5749999999999,261.39999999999986,262.67499999999984,3142
1335274200,262.59999999999985,263.17499999999984,259.67499999999984,259.67499999999984,4301
1335360600,259.92499999999984,261.2499999999999,259.47499999999985,260.6249999999999,3074
1335447000,261.04999999999984,261.52499999999986,259.79999999999984,259.9999999999999,3313
1335533400,259.77499999999986,260.64999999999986,258.77499999999986,260.52499999999986,4024
1335792600,260.6999999999999,262.5749999999999,259.9999999999999,262.17499999999984,3464
1335879000,262.0749999999999,263.14999999999986,261.9999999999999,262.64999999999986,3062
1335965400,262.67499999999984,263.52499999999986,262.27499999999986,262.67499999999984,2936
1336051800,262.29999999999984,265.67499999999984,262.29999999999984,265.67499999999984,3950
1336138200,266.1249999999999,266.72499999999985,265.47499999999985,266.54999999999984,4462
1336397400,266.4499999999999,268.27499999999986,266.17499999999984,267.89999999999986,4303
1336483800,267.8249999999999,267.92499999999984,266.72499999999985,267.22499999999985,4111
1336570200,267.4999999999999,267.89999999999986,266.6249999999999,267.34999999999985,4230
1336656600,267.4499999999999,268.3749999999999,267.0749999999999,267.34999999999985,4327
1336743000,267.02499999999986,267.02499999999986,265.7499999999999,265.92499999999984,2982
1337002200,265.64999999999986,266.04999999999984,264.54999999999984,265.64999999999986,3182
1337088600,265.5749999999999,266.2499999999999,265.2499999999999,266.1249999999999,1963
1337175000,265.97499999999985,267.3249999999999,265.9499999999999,266.77499999999986,2322
1337261400,266.77499999999986,268.42499999999984,266.77499999999986,268.3749999999999,2796
1337347800,268.29999999999984,269.6999999999999,268.14999999999986,269.14999999999986,4205
1337607000,269.9499999999999,269.9499999999999,267.52499999999986,267.54999999999984,3469
1337693400,267.59999999999985,269.09999999999985,267.42499999999984,268.5749999999999,3308
1337779800,268.4999999999999,268.77499999999986,266.7499999999999,266.92499999999984,2878
1337866200,266.97499999999985,267.89999999999986,266.79999999999984,267.29999999999984,1600
1337952600,267.7499999999999,268.42499999999984,266.8749999999999,266.9499999999999,2293
1338298200,267.22499999999985,268.14999999999986,265.97499999999985,266.02499999999986,4132
1338384600,266.14999999999986,266.59999999999985,263.09999999999985,264.52499999999986,4113
1338471000,264.1999999999999,266.02499999999986,264.14999999999986,265.2499999999999,3790
1338557400,265.67499999999984,266.17499999999984,264.27499999999986,265.8249999999999,2739
1338816600,265.9499999999999,267.42499999999984,265.34999999999985,266.92499999999984,3069
1338903000,267.42499999999984,267.79999999999984,266.79999999999984,267.6249999999999,3195
1338989400,267.27499999999986,267.79999999999984,266.39999999999986,266.39999999999986,2735
1339075800,266.8749999999999,267.79999999999984,266.1249999999999,267.54999999999984,2589
1339162200,267.5749999999999,268.3749999999999,267.22499999999985,267.8249999999999,1883
1339421400,267.8249999999999,268.84999999999985,267.47499999999985,268.6999999999999,2746
1339507800,268.29999999999984,269.92499999999984,268.04999999999984,269.59999999999985,3313
1339594200,269.6999999999999,269.89999999999986,266.79999999999984,266.79999999999984,3703
1339680600,267.02499999999986,267.54999999999984,264.64999999999986,264.64999999999986,4670
1339767000,265.27499999999986,265.3249999999999,264.04999999999984,264.47499999999985,4172
1340026200,264.47499999999985,266.09999999999985,263.59999999999985,264.5749999999999,3628
1340112600,264.2499999999999,264.42499999999984,261.79999999999984,262.04999999999984,6158
1340199000,262.1999999999999,263.04999999999984,261.0749999999999,261.1999999999999,4809
1340285400,261.52499999999986,262.17499999999984,260.64999999999986,261.09999999999985,2950
1340371800,261.22499999999985,261.64999999999986,260.14999999999986,261.2499999999999,2678
1340631000,259.9499999999999,260.27499999999986,258.2499999999999,258.2499999999999,3870
1340717400,257.7499999999999,258.17499999999984,255.47499999999985,256.14999999999986,7528
1340803800,256.39999999999986,258.22499999999985,254.02499999999986,257.29999999999984,7603
1340890200,257.64999999999986,259.34999999999985,256.3749999999999,258.89999999999986,5242
1340976600,258.9999999999999,260.04999999999984,258.02499999999986,259.89999999999986,3632
1341235800,259.2499999999999,259.27499999999986,257.77499999999986,258.09999999999985,2741
1341322200,257.9499999999999,257.9499999999999,255.7499999999999,255.84999999999985,4617
1341495000,255.79999999999984,255.9999999999999,253.77499999999986,254.39999999999986,4449
1341581400,254.34999999999985,255.6249999999999,254.34999999999985,254.97499999999985,3085
1341840600,253.54999999999984,253.6249999999999,252.04999999999984,252.72499999999985,4551
1341927000,252.84999999999985,253.42499999999984,251.67499999999984,251.79999999999984,3335
1342013400,251.94999999999987,253.02499999999986,249.84999999999985,252.67499999999984,6635
1342099800,252.44999999999987,252.44999999999987,249.67499999999984,249.67499999999984,3753
1342186200,249.59999999999985,249.6249999999999,246.67499999999984,247.44999999999987,5360
1342445400,245.07499999999987,245.07499999999987,244.44999999999987,244.44999999999987,1865
1342531800,242.47499999999985,243.39999999999986,241.44999999999987,242.64999999999986,6674
1342618200,242.72499999999985,245.64999999999986,242.29999999999984,245.64999999999986,5028
1342704600,245.72499999999985,247.72499999999985,243.09999999999985,247.54999999999984,4782
1342791000,247.52499999999986,247.79999999999984,244.54999999999984,244.54999999999984,1437
1343050200,244.52499999999986,246.74999999999983,243.12499999999983,243.74999999999983,1736
1343136600,243.79999999999984,246.74999999999983,243.69999999999987,246.37499999999983,2136
1343223000,245.59999999999985,245.97499999999985,243.37499999999983,243.39999999999986,1638
1343309400,243.69999999999987,244.97499999999985,242.44999999999987,244.84999999999985,1951
1343395800,244.52499999999986,247.44999999999987,243.52499999999986,246.42499999999984,1635
1343655000,244.92499999999984,246.79999999999984,244.44999999999987,246.09999999999985,2656
1343741400,246.39999999999986,247.72499999999985,245.47499999999985,246.39999999999986,2001
1343827800,246.27499999999986,248.17499999999984,245.62499999999983,247.14999999999986,2371
1343914200,246.69999999999987,247.97499999999985,246.32499999999987,246.57499999999987,2076
1344000600,247.17499999999984,247.67499999999984,244.72499999999985,244.97499999999985,2259
1344259800,245.92499999999984,246.64999999999986,244.82499999999987,244.82499999999987,1622
1344346200,245.12499999999983,245.72499999999985,244.27499999999986,245.02499999999986,1729
1344432600,245.62499999999983,247.67499999999984,245.29999999999984,246.32499999999987,2056
1344519000,246.79999999999984,246.79999999999984,245.29999999999984,245.49999999999983,1275
1344605400,245.37499999999983,246.47499999999985,244.54999999999984,245.74999999999983,1220
1344864600,246.74999999999983,248.74999999999983,246.72499999999985,248.69999999999987,2150
1344951000,249.12499999999983,251.27499999999986,248.89999999999986,251.02499999999986,2437
1345037400,251.09999999999985,251.47499999999985,250.24999999999983,250.49999999999983,1439
1345123800,250.84999999999985,251.02499999999986,248.82499999999987,248.89999999999986,2728
1345210200,248.72499999999985,249.19999999999987,247.89999999999986,248.27499999999986,1247
1345469400,248.49999999999983,249.02499999999986,247.62499999999983,248.82499999999987,1012
1345555800,248.77499999999986,249.22499999999985,246.94999999999987,247.17499999999984,1606
1345642200,247.27499999999986,247.84999999999985,246.67499999999984,247.79999999999984,1719
1345728600,247.32499999999987,250.17499999999984,247.02499999999986,249.59999999999985,3000
1345815000,249.57499999999987,249.77499999999986,248.82499999999987,249.19999999999987,1671
1346074200,249.07499999999987,249.39999999999986,248.54999999999984,248.69999999999987,1534
1346160600,248.72499999999985,250.29999999999984,248.72499999999985,249.24999999999983,3039
1346247000,249.07499999999987,250.64999999999986,248.49999999999983,249.57499999999987,2176
1346333400,249.77499999999986,250.34999999999985,249.32499999999987,249.67499999999984,2192
1346419800,250.17499999999984,252.02499999999986,249.87499999999983,251.44999999999987,2494
1346765400,251.39999999999986,252.09999999999985,251.22499999999985,251.72499999999985,1958
1346851800,251.67499999999984,252.67499999999984,251.67499999999984,251.89999999999986,2905
1346938200,251.97499999999985,252.39999999999986,250.69999999999987,251.02499999999986,4189
1347024600,250.69999999999987,251.74999999999983,250.02499999999986,250.92499999999984,2830
1347283800,250.79999999999984,251.62499999999983,250.42499999999984,251.34999999999985,2473
1347370200,251.34999999999985,252.12499999999983,251.02499999999986,251.12499999999983,3490
1347456600,251.12499999999983,252.92499999999984,251.09999999999985,252.14999999999986,2617
1347543000,252.37499999999983,252.92499999999984,251.64999999999986,251.79999999999984,2840
1347629400,251.77499999999986,252.04999999999984,250.64999999999986,251.37499999999983,2064
1347888600,252.32499999999987,252.82499999999987,251.57499999999987,251.82499999999987,1263
1347975000,252.17499999999984,252.44999999999987,250.74999999999983,251.97499999999985,1836
1348061400,251.52499999999986,251.74999999999983,250.37499999999983,251.69999999999987,1310
1348147800,251.49999999999983,252.04999999999984,250.94999999999987,250.94999999999987,3208
1348234200,251.62499999999983,251.87499999999983,250.99999999999983,251.84999999999985,2920
1348493400,252.02499999999986,252.59999999999985,251.62499999999983,251.94999999999987,1417
1348579800,252.07499999999987,252.07499999999987,249.57499999999987,249.67499999999984,3510
1348666200,249.74999999999983,251.04999999999984,248.59999999999985,250.34999999999985,3225
1348752600,250.72499999999985,251.09999999999985,249.42499999999984,250.47499999999985,2358
1348839000,250.27499999999986,250.27499999999986,247.47499999999985,247.49999999999983,4680
1349098200,247.49999999999983,249.04999999999984,246.82499999999987,248.77499999999986,2982
1349184600,248.97499999999985,250.44999999999987,248.67499999999984,249.64999999999986,3346
1349271000,249.94999999999987,250.69999999999987,249.29999999999984,249.94999999999987,2952
1349357400,249.62499999999983,250.42499999999984,248.49999999999983,248.97499999999985,2479
1349443800,248.97499999999985,249.72499999999985,248.67499999999984,249.47499999999985,1769
1349703000,249.47499999999985,249.87499999999983,249.14999999999986,249.62499999999983,1095
1349789400,249.37499999999983,250.22499999999985,249.27499999999986,249.79999999999984,2340
1349875800,249.79999999999984,250.27499999999986,249.77499999999986,249.84999999999985,1921
1349962200,249.64999999999986,249.77499999999986,246.84999999999985,246.84999999999985,2405
1350048600,247.14999999999986,247.84999999999985,246.59999999999985,246.62499999999983,2465
1350307800,247.17499999999984,247.77499999999986,247.17499999999984,247.72499999999985,1322
1350394200,247.47499999999985,250.14999999999986,247.27499999999986,250.07499999999982,2711
1350480600,249.92499999999984,251.54999999999984,249.74999999999983,251.19999999999982,4003
1350567000,250.92499999999984,251.39999999999986,250.67499999999984,251.12499999999983,1701
1350653400,251.12499999999983,251.24999999999983,250.34999999999985,250.69999999999982,1401
1350912600,251.12499999999983,251.17499999999984,249.64999999999986,249.74999999999983,1712
1350999000,249.74999999999983,250.27499999999986,248.59999999999985,249.17499999999984,1487
1351085400,249.32499999999982,249.87499999999983,249.12499999999983,249.59999999999985,969
1351171800,249.69999999999982,249.82499999999982,247.74999999999983,248.44999999999982,1591
1351258200,248.29999999999984,248.47499999999985,247.04999999999984,247.54999999999984,2328
1351517400,247.24999999999983,248.19999999999982,246.37499999999983,247.94999999999982,2647
1351603800,247.97499999999985,250.27499999999986,247.67499999999984,249.97499999999985,2457
1351690200,249.17499999999984,249.67499999999984,248.42499999999984,249.17499999999984,2472
1351776600,248.94999999999982,249.34999999999985,246.82499999999982,246.82499999999982,3937
1351863000,247.24999999999983,247.64999999999986,246.87499999999983,247.14999999999986,1243
1352125800,247.27499999999986,247.44999999999982,246.22499999999985,247.24999999999983,2208
1352212200,247.24999999999983,247.39999999999986,246.59999999999985,247.19999999999982,1394
1352298600,247.27499999999986,247.32499999999982,245.24999999999983,245.97499999999985,4219
1352385000,245.77499999999986,246.54999999999984,245.32499999999982,246.34999999999985,2033
1352471400,246.17499999999984,246.64999999999986,245.72499999999985,246.07499999999982,1951
1352730600,246.39999999999986,246.84999999999985,245.97499999999985,246.42499999999984,1421
1352817000,246.27499999999986,246.64999999999986,245.39999999999986,246.62499999999983,2038
1352903400,246.47499999999985,246.47499999999985,244.72499999999985,245.34999999999985,2132
1352989800,245.22499999999985,245.72499999999985,244.77499999999986,245.62499999999983,1810
1353076200,245.72499999999985,246.14999999999986,245.32499999999982,246.07499999999982,1499
1353335400,246.29999999999984,247.07499999999982,245.97499999999985,246.47499999999985,1977
1353421800,246.47499999999985,246.82499999999982,245.82499999999982,246.52499999999986,926
1353508200,246.39999999999986,248.19999999999982,246.37499999999983,247.84999999999985,2068
1353681000,247.97499999999985,248.39999999999986,247.74999999999983,248.34999999999985,1446
1353940200,248.27499999999986,248.44999999999982,247.44999999999982,247.82499999999982,1988
1354026600,247.54999999999984,248.19999999999982,246.74999999999983,247.39999999999986,2528
1354113000,246.94999999999982,247.54999999999984,246.19999999999982,246.54999999999984,2292
1354199400,246.47499999999985,247.72499999999985,246.37499999999983,247.22499999999985,2096
1354285800,247.47499999999985,247.59999999999985,245.72499999999985,246.09999999999985,3475
1354545000,245.52499999999986,246.24999999999983,245.32499999999982,246.07499999999982,1551
1354631400,246.14999999999986,246.34999999999985,245.64999999999986,246.04999999999984,1878
1354717800,246.17499999999984,247.19999999999982,245.89999999999986,246.87499999999983,3022
1354804200,247.07499999999982,249.04999999999984,246.59999999999985,248.72499999999985,5130
1354890600,248.64999999999986,249.47499999999985,248.32499999999982,249.24999999999983,3478
1355149800,249.57499999999982,250.42499999999984,249.09999999999985,250.24999999999983,4255
1355236200,249.97499999999985,252.97499999999985,249.97499999999985,252.54999999999984,6175
1355322600,252.42499999999984,253.97499999999985,252.27499999999986,253.22499999999985,5399
1355409000,252.77499999999986,254.44999999999982,252.77499999999986,253.59999999999985,4746
1355495400,253.04999999999984,253.94999999999982,252.74999999999983,253.54999999999984,2852
1355754600,253.84999999999985,254.97499999999985,253.62499999999983,254.72499999999985,2349
1355841000,254.82499999999982,255.22499999999985,252.52499999999986,252.67499999999984,4805
1355927400,252.77499999999986,254.12499999999983,252.62499999999983,253.94999999999982,2714
1356013800,253.89999999999986,254.24999999999983,252.34999999999985,252.74999999999983,1974
1356100200,252.97499999999985,253.32499999999987,251.89999999999986,252.67499999999984,1678
1356359400,252.24999999999983,252.84999999999985,252.09999999999985,252.17499999999984,659
1356532200,252.64999999999986,253.84999999999985,252.07499999999987,252.77499999999986,1623
1356618600,252.99999999999983,253.09999999999985,251.49999999999983,251.64999999999986,1280
1356705000,252.29999999999984,253.04999999999984,251.64999999999986,252.62499999999983,1178
1356964200,252.82499999999987,253.79999999999984,251.97499999999985,252.17499999999984,1283
1357137000,252.79999999999984,253.39999999999986,251.14999999999986,251.79999999999984,2009
1357223400,252.07499999999987,253.22499999999985,251.57499999999987,252.79999999999984,2483
1357309800,252.82499999999987,254.49999999999983,252.82499999999987,254.22499999999985,3645
1357569000,253.94999999999987,254.34999999999985,253.37499999999983,253.99999999999983,2155
1357655400,253.82499999999987,254.22499999999985,252.74999999999983,252.89999999999986,2821
1357741800,253.04999999999984,253.32499999999987,251.64999999999986,251.67499999999984,2368
1357828200,251.77499999999986,251.82499999999987,250.64999999999986,250.82499999999987,2730
1357914600,250.69999999999987,252.29999999999984,249.34999999999985,249.34999999999985,5504
1358173800,248.79999999999984,249.77499999999986,248.17499999999984,249.32499999999987,4209
1358260200,249.32499999999987,249.47499999999985,248.22499999999985,248.27499999999986,3025
1358346600,248.47499999999985,248.62499999999983,245.99999999999983,246.12499999999983,6250
1358433000,246.22499999999985,246.57499999999987,243.12499999999983,243.74999999999983,7357
1358519400,244.59999999999985,244.89999999999986,242.32499999999987,244.24999999999983,5598
1358865000,244.77499999999986,245.29999999999984,244.17499999999984,244.89999999999986,2791
1358951400,244.92499999999984,245.29999999999984,243.69999999999987,245.04999999999984,4347
1359037800,245.19999999999987,246.47499999999985,244.62499999999983,245.84999999999985,3370
1359124200,246.37499999999983,246.72499999999985,245.64999999999986,245.84999999999985,2339
1359383400,247.29999999999984,248.44999999999987,247.19999999999987,247.79999999999984,3359
1359469800,247.34999999999985,247.74999999999983,246.54999999999984,246.72499999999985,2362
1359556200,246.74999999999983,247.42499999999984,246.42499999999984,246.99999999999983,2616
1359642600,246.89999999999986,247.97499999999985,246.87499999999983,247.44999999999987,1749
1359729000,247.49999999999983,247.77499999999986,246.57499999999987,247.09999999999985,1956
1359988200,247.27499999999986,247.39999999999986,245.84999999999985,246.77499999999986,3797
1360074600,246.54999999999984,247.72499999999985,246.39999999999986,246.42499999999984,2611
1360161000,246.57499999999987,246.79999999999984,244.94999999999987,245.44999999999987,2915
1360247400,245.37499999999983,245.57499999999987,244.42499999999984,245.09999999999985,3713
1360333800,245.14999999999986,245.52499999999986,242.82499999999987,242.89999999999986,3928
1360593000,242.57499999999987,243.34999999999985,241.27499999999986,242.69999999999987,4908
1360679400,242.32499999999987,242.89999999999986,239.69999999999987,241.14999999999986,5910
1360765800,240.72499999999985,240.82499999999987,238.57499999999987,239.24999999999983,5558
1360852200,238.99999999999983,240.94999999999987,237.07499999999987,240.57499999999987,4885
1360938600,240.72499999999985,241.67499999999984,239.54999999999984,240.97499999999985,2474
1361284200,241.2499999999999,241.47499999999985,239.79999999999984,240.52499999999986,1553
1361370600,239.84999999999985,240.54999999999984,237.52499999999986,237.94999999999987,2806
1361457000,237.89999999999986,238.79999999999984,237.32499999999987,237.52499999999986,1443
1361543400,237.7499999999999,239.04999999999984,237.14999999999986,238.1249999999999,1763
1361802600,239.02499999999986,239.52499999999986,237.3749999999999,238.04999999999984,1756
1361889000,237.34999999999985,239.09999999999985,236.54999999999984,238.3749999999999,2891
1361975400,238.54999999999984,239.32499999999987,237.9999999999999,238.72499999999985,2005
1362061800,239.02499999999986,239.8749999999999,237.82499999999987,239.27499999999986,2034
1362148200,239.7499999999999,240.52499999999986,238.47499999999985,238.4999999999999,2889
1362407400,238.7499999999999,239.72499999999985,238.34999999999985,239.07499999999987,2435
1362493800,239.39999999999986,239.77499999999986,237.84999999999985,237.94999999999987,2872
1362580200,238.09999999999985,238.09999999999985,235.04999999999984,236.59999999999985,4017
1362666600,237.04999999999984,237.8749999999999,235.79999999999984,236.97499999999985,3650
1362753000,236.82499999999987,237.04999999999984,235.29999999999984,235.69999999999987,4790
1363008600,235.6249999999999,236.54999999999984,235.22499999999985,235.72499999999985,2491
1363095000,235.64999999999986,236.94999999999987,235.47499999999985,236.54999999999984,2854
1363181400,236.72499999999985,237.79999999999984,236.32499999999987,237.07499999999987,3058
1363267800,236.69999999999987,237.39999999999986,235.42499999999984,235.89999999999986,3270
1363354200,235.94999999999987,235.97499999999985,233.4999999999999,233.67499999999984,2916
1363613400,233.59999999999985,234.2499999999999,232.92499999999984,233.77499999999986,1863
1363699800,233.59999999999985,233.59999999999985,231.7499999999999,232.9999999999999,2851
1363786200,232.54999999999984,232.84999999999985,231.1249999999999,232.44999999999987,3060
1363872600,232.84999999999985,234.39999999999986,232.32499999999987,233.07499999999987,3245
1363959000,232.54999999999984,233.59999999999985,232.4999999999999,232.84999999999985,2088
1364218200,233.39999999999986,233.72499999999985,232.54999999999984,233.1249999999999,1616
1364304600,232.64999999999986,233.34999999999985,232.59999999999985,233.07499999999987,2083
1364391000,232.84999999999985,234.89999999999986,232.64999999999986,234.67499999999984,3439
1364477400,234.9999999999999,237.67499999999984,234.77499999999986,237.67499999999984,3497
1364823000,238.34999999999985,240.44999999999987,238.34999999999985,240.27499999999986,4340
1364909400,239.82499999999987,240.14999999999986,239.17499999999984,239.69999999999987,4081
1364995800,239.3749999999999,240.34999999999985,238.72499999999985,239.17499999999984,3709
1365082200,239.27499999999986,240.09999999999985,238.32499999999987,238.54999999999984,3370
1365168600,238.2499999999999,238.97499999999985,236.79999999999984,236.89999999999986,3726
1365427800,236.79999999999984,238.07499999999987,236.69999999999987,237.34999999999985,3353
1365514200,237.3749999999999,237.79999999999984,237.02499999999986,237.34999999999985,3049
1365600600,237.2499999999999,237.2499999999999,234.44999999999987,234.92499999999984,4095
1365687000,234.69999999999987,235.39999999999986,233.94999999999987,234.3749999999999,4640
1365773400,234.4249999999999,234.4249999999999,233.1749999999999,233.3499999999999,2565
1366032600,233.32499999999987,233.3499999999999,231.0499999999999,231.9249999999999,2704
1366119000,231.1249999999999,232.3749999999999,230.8499999999999,232.02499999999986,3894
1366205400,232.14999999999986,233.57499999999987,231.44999999999987,233.0499999999999,2810
1366291800,233.4749999999999,233.4749999999999,232.0499999999999,232.7249999999999,2707
1366378200,232.44999999999987,232.44999999999987,231.0499999999999,231.5999999999999,2933
1366637400,230.0499999999999,232.14999999999986,230.0499999999999,231.52499999999986,3760
1366723800,231.9249999999999,234.19999999999987,231.5499999999999,233.6749999999999,5186
1366810200,234.02499999999986,236.5499999999999,233.7999999999999,236.1749999999999,4757
1366896600,236.52499999999986,237.9249999999999,235.4249999999999,237.69999999999987,2819
1366983000,237.44999999999987,237.9249999999999,236.69999999999987,236.7249999999999,2880
1367242200,235.94999999999987,236.0499999999999,234.94999999999987,235.4249999999999,3219
1367328600,235.44999999999987,236.27499999999986,234.2999999999999,234.44999999999987,4665
1367415000,234.2499999999999,235.32499999999987,234.19999999999987,234.27499999999986,3111
1367501400,234.77499999999986,235.64999999999986,234.32499999999987,235.19999999999987,3145
1367587800,235.0499999999999,235.5499999999999,232.7999999999999,233.0499999999999,3586
1367847000,233.7499999999999,234.2499999999999,232.4749999999999,232.9999999999999,3000
1367933400,232.57499999999987,232.7999999999999,231.64999999999986,232.0999999999999,3733
1368019800,232.0499999999999,232.3499999999999,230.6249999999999,230.8749999999999,3455
1368106200,230.7999999999999,231.82499999999987,230.69999999999987,231.52499999999986,3498
1368192600,231.5499999999999,232.4749999999999,231.14999999999986,232.1749999999999,3032
1368451800,232.5499999999999,233.32499999999987,231.3499999999999,231.7499999999999,2432
1368538200,231.57499999999987,232.14999999999986,231.14999999999986,231.9749999999999,1894
1368624600,231.94999999999987,232.0499999999999,230.7999999999999,230.8499999999999,2158
1368711000,230.89999999999986,231.1249999999999,230.14999999999986,230.6749999999999,1995
1368797400,230.52499999999986,230.8499999999999,228.6249999999999,228.9249999999999,2954
1369056600,228.77499999999986,230.8749999999999,227.8749999999999,230.02499999999986,3534
1369143000,230.82499999999987,232.44999999999987,230.6749999999999,232.02499999999986,3305
1369229400,232.02499999999986,232.32499999999987,229.19999999999987,229.8749999999999,2970
1369315800,229.3499999999999,230.0499999999999,227.8499999999999,228.19999999999987,3317
1369402200,227.89999999999986,230.4999999999999,227.89999999999986,230.0999999999999,2891
1369747800,229.77499999999986,231.19999999999987,229.19999999999987,231.02499999999986,2721
1369834200,230.9999999999999,231.8749999999999,230.7999999999999,231.1749999999999,2225
1369920600,230.94999999999987,231.7999999999999,229.69999999999987,229.7249999999999,2138
1370007000,229.7499999999999,230.3499999999999,229.32499999999987,229.8749999999999,1884
1370266200,229.8749999999999,230.94999999999987,229.02499999999986,229.9749999999999,2782
1370352600,230.14999999999986,231.69999999999987,229.94999999999987,231.1249999999999,2009
1370439000,231.39999999999986,231.6249999999999,230.14999999999986,230.14999999999986,1745
1370525400,230.1749999999999,230.7499999999999,229.39999999999986,230.19999999999987,1830
1370611800,230.02499999999986,230.44999999999987,228.8499999999999,229.1749999999999,1760
1370871000,229.7999999999999,230.02499999999986,228.94999999999987,228.9749999999999,1665
1370957400,229.0999999999999,231.52499999999986,228.64999999999986,230.2249999999999,2733
1371043800,230.4999999999999,231.4999999999999,229.57499999999987,231.4749999999999,2729
1371130200,231.14999999999986,231.6749999999999,230.3749999999999,231.02499999999986,1490
1371216600,230.77499999999986,230.9999999999999,228.94999999999987,228.94999999999987,2199
1371475800,229.2499999999999,230.1749999999999,228.7999999999999,230.07499999999987,2650
1371562200,229.82499999999987,230.64999999999986,229.14999999999986,229.3499999999999,2204
1371648600,229.5499999999999,230.57499999999987,229.3749999999999,230.19999999999987,2125
1371735000,230.0499999999999,230.32499999999987,229.14999999999986,229.9749999999999,1615
1371821400,229.4249999999999,232.4999999999999,229.2499999999999,232.4749999999999,3988
1372080600,232.5499999999999,233.9999999999999,232.4999999999999,233.2249999999999,3393
1372167000,233.0499999999999,233.89999999999986,232.5999999999999,233.4249999999999,2603
1372253400,233.5999999999999,234.4999999999999,232.9999999999999,234.4749999999999,3305
1372339800,234.4249999999999,235.6249999999999,234.32499999999987,235.2499999999999,2682
1372426200,235.2249999999999,236.32499999999987,233.9999999999999,234.9999999999999,4616
1372685400,235.44999999999987,236.82499999999987,235.4249999999999,236.77499999999986,3300
1372771800,236.5499999999999,237.32499999999987,236.02499999999986,236.44999999999987,2657
1372858200,236.1249999999999,236.9999999999999,235.6249999999999,236.4999999999999,1901
1373031000,236.2999999999999,237.6249999999999,236.19999999999987,237.3499999999999,2397
1373290200,237.0499999999999,237.7499999999999,236.8499999999999,237.14999999999986,3156
1373376600,237.0499999999999,237.19999999999987,235.77499999999986,236.69999999999987,3378
1373463000,236.52499999999986,236.82499999999987,235.8749999999999,236.0999999999999,2854
1373549400,236.07499999999987,237.0999999999999,235.39999999999986,235.6749999999999,3442
1373635800,235.57499999999987,235.9749999999999,235.0999999999999,235.6749999999999,3171
1373895000,236.27499999999986,238.39999999999986,236.27499999999986,238.19999999999987,3957
1373981400,238.02499999999986,238.4249999999999,237.4249999999999,238.0999999999999,3087
1374067800,237.7249999999999,238.1749999999999,236.52499999999986,236.52499999999986,2073
1374154200,236.6749999999999,238.2999999999999,236.64999999999986,237.6249999999999,2410
1374240600,237.69999999999987,238.6249999999999,237.57499999999987,237.82499999999987,1364
1374499800,238.6249999999999,238.82499999999987,237.97499999999985,238.44999999999987,875
1374586200,238.6249999999999,239.79999999999984,238.6249999999999,239.19999999999987,1076
1374672600,239.22499999999985,239.82499999999987,238.54999999999984,238.94999999999987,1528
1374759000,238.59999999999985,239.47499999999985,237.72499999999985,238.34999999999985,1991
1374845400,238.29999999999984,239.14999999999986,238.02499999999986,238.57499999999987,1803
1375104600,238.84999999999985,239.97499999999985,238.84999999999985,239.42499999999984,1356
1375191000,239.3749999999999,239.4999999999999,238.34999999999985,239.17499999999984,1360
1375277400,239.07499999999987,239.82499999999987,239.07499999999987,239.54999999999984,1334
1375363800,239.54999999999984,240.82499999999987,239.54999999999984,239.82499999999987,2676
1375450200,239.79999999999984,240.44999999999987,239.09999999999985,239.57499999999987,2462
1375709400,239.92499999999984,240.07499999999987,239.39999999999986,239.57499999999987,1261
1375795800,239.67499999999984,240.57499999999987,239.6249999999999,240.22499999999985,2598
1375882200,240.47499999999985,240.59999999999985,238.79999999999984,238.94999999999987,3689
1375968600,240.3749999999999,241.94999999999987,239.72499999999985,240.39999999999986,3887
1376055000,240.34999999999985,241.02499999999986,239.8749999999999,240.04999999999984,2292
1376314200,240.22499999999985,240.7499999999999,239.27499999999986,239.57499999999987,2594
1376400600,239.67499999999984,240.57499999999987,239.57499999999987,240.27499999999986,2015
1376487000,240.4999999999999,240.72499999999985,239.64999999999986,240.02499999999986,1933
1376573400,240.27499999999986,240.42499999999984,239.3749999999999,239.64999999999986,2309
1376659800,239.69999999999987,240.29999999999984,238.79999999999984,240.17499999999984,1730
1376919000,239.84999999999985,240.97499999999985,239.64999999999986,240.42499999999984,1517
1377005400,240.12499999999983,241.14999999999986,240.12499999999983,240.77499999999986,771
1377091800,240.64999999999986,240.82499999999987,240.12499999999983,240.37499999999983,1617
1377178200,240.42499999999984,240.59999999999985,239.87499999999983,240.29999999999984,911
1377264600,240.09999999999985,240.24999999999983,239.14999999999986,239.14999999999986,2045
1377523800,239.34999999999985,239.67499999999984,236.14999999999986,236.14999999999986,4468
1377610200,237.09999999999985,237.34999999999985,236.32499999999987,237.24999999999983,2381
1377696600,237.32499999999987,238.49999999999983,237.17499999999984,237.92499999999984,1943
1377783000,237.82499999999987,238.37499999999983,237.69999999999987,238.29999999999984,2265
1377869400,238.29999999999984,239.52499999999986,238.29999999999984,239.24999999999983,2396
1378215000,239.24999999999983,240.39999999999986,239.14999999999986,239.39999999999986,2648
1378301400,239.79999999999984,239.92499999999984,238.57499999999987,239.54999999999984,3149
1378387800,239.47499999999985,239.84999999999985,238.67499999999984,239.09999999999985,1525
1378474200,238.89999999999986,238.97499999999985,237.92499999999984,238.32499999999987,2608
1378733400,238.39999999999986,238.47499999999985,237.54999999999984,238.34999999999985,3132
1378819800,238.24999999999983,238.49999999999983,237.89999999999986,238.07499999999987,2599
1378906200,238.07499999999987,239.52499999999986,237.64999999999986,238.52499999999986,3310
1378992600,238.32499999999987,239.62499999999983,238.32499999999987,238.89999999999986,2428
1379079000,239.24999999999983,239.57499999999987,238.89999999999986,239.57499999999987,2844
1379338200,239.82499999999987,240.19999999999987,239.42499999999984,239.79999999999984,1502
1379424600,239.79999999999984,239.79999999999984,238.04999999999984,238.17499999999984,2560
1379511000,238.19999999999987,238.99999999999983,237.22499999999985,238.59999999999985,1723
1379597400,239.04999999999984,239.67499999999984,238.87499999999983,239.67499999999984,1661
1379683800,239.42499999999984,240.92499999999984,239.29999999999984,240.39999999999986,2069
1379943000,240.82499999999987,242.34999999999985,240.72499999999985,242.02499999999986,2008
1380029400,242.09999999999985,244.49999999999983,242.09999999999985,244.39999999999986,3554
1380115800,243.94999999999987,244.64999999999986,243.49999999999983,243.69999999999987,2012
1380202200,243.79999999999984,244.89999999999986,243.67499999999984,244.79999999999984,2604
1380288600,244.22499999999985,245.42499999999984,244.14999999999986,244.57499999999987,2042
1380547800,244.14999999999986,245.07499999999987,243.77499999999986,244.84999999999985,1929
1380634200,244.39999999999986,246.02499999999986,244.22499999999985,245.69999999999987,3421
1380720600,245.74999999999983,246.29999999999984,245.22499999999985,245.84999999999985,2699
1380807000,245.87499999999983,245.87499999999983,244.97499999999985,245.27499999999986,2145
1380893400,245.44999999999987,245.77499999999986,244.84999999999985,245.59999999999985,2083
1381152600,245.24999999999983,245.77499999999986,244.77499999999986,245.12499999999983,1954
1381239000,245.27499999999986,246.19999999999987,245.02499999999986,245.97499999999985,1819
1381325400,246.02499999999986,246.12499999999983,245.14999999999986,246.02499999999986,3780
1381411800,245.94999999999987,247.74999999999983,245.84999999999985,247.57499999999987,3213
1381498200,247.47499999999985,249.1749999999999,247.2499999999999,248.4999999999999,2605
1381757400,248.69999999999987,249.1749999999999,247.52499999999986,248.22499999999985,1656
1381843800,247.52499999999986,247.7499999999999,246.1249999999999,246.4999999999999,1773
1381930200,246.2999999999999,247.3749999999999,246.27499999999986,247.32499999999987,2250
1382016600,247.3749999999999,248.2999999999999,245.5499999999999,246.34999999999985,2707
1382103000,246.0499999999999,247.0499999999999,245.77499999999986,246.34999999999985,2362
1382362200,246.1749999999999,246.7499999999999,245.94999999999987,246.1749999999999,1790
1382448600,246.07499999999987,248.4999999999999,245.47499999999985,247.77499999999986,2806
1382535000,248.0499999999999,248.59999999999985,247.14999999999986,247.32499999999987,1768
1382621400,247.47499999999985,247.6249999999999,246.44999999999987,246.44999999999987,1429
1382707800,246.84999999999985,247.27499999999986,245.7499999999999,245.7999999999999,1451
1382967000,246.4999999999999,246.8749999999999,245.89999999999986,246.6749999999999,1696
1383053400,246.59999999999985,247.22499999999985,246.0499999999999,246.64999999999986,1918
1383139800,246.59999999999985,246.64999999999986,244.47499999999985,244.5499999999999,4340
1383226200,244.57499999999987,245.09999999999985,243.4249999999999,243.4249999999999,4133
1383312600,244.09999999999985,244.44999999999987,243.22499999999985,243.22499999999985,4368
1383575400,243.44999999999987,243.82499999999987,242.94999999999987,243.59999999999985,2153
1383661800,243.5499999999999,245.1749999999999,243.44999999999987,244.82499999999987,3042
1383748200,245.0499999999999,245.59999999999985,244.69999999999987,245.2999999999999,2551
1383834600,245.39999999999986,245.5499999999999,244.4999999999999,244.8749999999999,1846
1383921000,244.97499999999985,245.94999999999987,244.1749999999999,244.1749999999999,3794
1384180200,244.4999999999999,244.7499999999999,243.9249999999999,243.9249999999999,3056
1384266600,244.3749999999999,245.0499999999999,243.94999999999987,243.94999999999987,1800
1384353000,243.97499999999985,244.77499999999986,243.7999999999999,244.39999999999986,2077
1384439400,244.47499999999985,245.19999999999987,244.47499999999985,244.94999999999987,2551
1384525800,244.9999999999999,245.7499999999999,244.82499999999987,245.57499999999987,2279
1384785000,245.72499999999985,245.9249999999999,243.84999999999985,244.0499999999999,4626
1384871400,244.0499999999999,244.09999999999985,241.57499999999987,242.14999999999986,5025
1384957800,242.19999999999987,242.8749999999999,242.02499999999986,242.4999999999999,2136
1385044200,242.57499999999987,243.34999999999985,242.1749999999999,243.1249999999999,2924
1385130600,243.1249999999999,243.44999999999987,242.94999999999987,243.2499999999999,2213
1385389800,243.5499999999999,243.69999999999987,242.4999999999999,242.5499999999999,2002
1385476200,242.52499999999986,244.44999999999987,242.52499999999986,244.1249999999999,2374
1385562600,244.22499999999985,245.2499999999999,244.02499999999986,245.07499999999987,3208
1385735400,245.2999999999999,245.44999999999987,245.02499999999986,245.22499999999985,1812
1385994600,245.39999999999986,245.6249999999999,244.97499999999985,245.09999999999985,2313
1386081000,245.14999999999986,245.44999999999987,244.5499999999999,244.59999999999985,2465
1386167400,244.4999999999999,245.14999999999986,244.2499999999999,244.7999999999999,2480
1386253800,244.84999999999985,245.6249999999999,243.7999999999999,243.8749999999999,3673
1386340200,243.9999999999999,244.47499999999985,243.52499999999986,244.22499999999985,3116
1386599400,244.27499999999986,245.1249999999999,244.22499999999985,244.89999999999986,2191
1386685800,244.84999999999985,245.4249999999999,244.59999999999985,245.2999999999999,4232
1386772200,245.2499999999999,245.5499999999999,245.02499999999986,245.4249999999999,2521
1386858600,245.2999999999999,247.1749999999999,245.2499999999999,246.82499999999987,5505
1386945000,246.8749999999999,247.34999999999985,246.1749999999999,246.82499999999987,2457
1387204200,246.7499999999999,248.22499999999985,246.27499999999986,248.14999999999986,3727
1387290600,247.9249999999999,248.19999999999987,246.59999999999985,246.89999999999986,2300
1387377000,246.89999999999986,247.02499999999986,245.77499999999986,245.7999999999999,2458
1387463400,246.14999999999986,246.72499999999985,245.97499999999985,246.5499999999999,1114
1387549800,246.59999999999985,247.2999999999999,246.19999999999987,246.9249999999999,2442
1387809000,246.64999999999986,247.2999999999999,246.64999999999986,247.09999999999985,3674
1387895400,246.9999999999999,247.2499999999999,246.5499999999999,246.64999999999986,1173
1388068200,246.82499999999987,247.44999999999987,246.7499999999999,247.19999999999987,1064
1388154600,247.19999999999987,248.4999999999999,247.19999999999987,247.7999999999999,2767
1388413800,247.94999999999987,248.0499999999999,246.77499999999986,247.94999999999987,2027
1388500200,247.64999999999986,248.09999999999985,247.2999999999999,247.39999999999986,1144
1388673000,247.4999999999999,248.2499999999999,246.9999999999999,246.9999999999999,3974
1388759400,247.32499999999987,248.2999999999999,247.32499999999987,248.09999999999985,2237
1389018600,248.44999999999987,248.7499999999999,248.09999999999985,248.09999999999985,2658
1389105000,248.2999999999999,248.4999999999999,247.57499999999987,247.82499999999987,1987
1389191400,247.57499999999987,248.64999999999986,247.34999999999985,248.5499999999999,2577
1389277800,248.59999999999985,249.4999999999999,248.27499999999986,248.82499999999987,3039
1389364200,248.89999999999986,249.4249999999999,247.64999999999986,247.64999999999986,3075
1389623400,248.09999999999985,248.32499999999987,245.9999999999999,246.47499999999985,4083
1389709800,246.7999999999999,247.47499999999985,246.3749999999999,246.82499999999987,3276
1389796200,247.07499999999987,248.3749999999999,247.07499999999987,248.02499999999986,3495
1389882600,248.1249999999999,249.07499999999987,247.6749999999999,248.2499999999999,3161
1389969000,247.84999999999985,248.27499999999986,247.2999999999999,247.9249999999999,2146
1390314600,247.9999999999999,248.8749999999999,247.97499999999985,248.32499999999987,2436
1390401000,248.2499999999999,250.7999999999999,247.64999999999986,250.3749999999999,5143
1390487400,250.57499999999987,250.7499999999999,249.0499999999999,249.8749999999999,3765
1390573800,249.6749999999999,249.9249999999999,248.5499999999999,248.8749999999999,2621
1390833000,248.44999999999987,249.1249999999999,247.4999999999999,248.7999999999999,2520
1390919400,248.4999999999999,248.94999999999987,248.02499999999986,248.3749999999999,2200
1391005800,248.1249999999999,249.39999999999986,246.52499999999986,249.22499999999985,4768
1391092200,248.9999999999999,249.2499999999999,248.47499999999985,248.69999999999987,2485
1391178600,248.72499999999985,249.84999999999985,248.0499999999999,249.4249999999999,3762
1391437800,249.09999999999985,249.09999999999985,247.7999999999999,247.9999999999999,4095
1391524200,247.97499999999985,248.4999999999999,246.89999999999986,246.97499999999985,5358
1391610600,247.1249999999999,247.82499999999987,246.89999999999986,246.9249999999999,2566
1391697000,247.14999999999986,247.6249999999999,246.4249999999999,246.9999999999999,3128
1391783400,247.39999999999986,247.9999999999999,246.82499999999987,247.7999999999999,3437
1392042600,247.69999999999987,248.19999999999987,247.1249999999999,247.89999999999986,2983
1392129000,247.9249999999999,249.3749999999999,247.77499999999986,248.77499999999986,3958
1392215400,248.7999999999999,249.3749999999999,248.22499999999985,248.4999999999999,2881
1392301800,248.8749999999999,251.34999999999985,248.52499999999986,250.72499999999985,4684
1392388200,251.1249999999999,251.22499999999985,250.0499999999999,250.47499999999985,1308
1392733800,250.6749999999999,252.39999999999986,250.64999999999986,252.32499999999987,2656
1392820200,252.1749999999999,252.59999999999985,251.3749999999999,251.57499999999987,1568
1392906600,251.32499999999987,251.7499999999999,250.84999999999985,250.9249999999999,1298
1392993000,251.1249999999999,251.52499999999986,250.32499999999987,250.32499999999987,2399
1393252200,250.52499999999986,251.22499999999985,250.14999999999986,250.7499999999999,2062
1393338600,250.8749999999999,251.9249999999999,250.39999999999986,251.64999999999986,2013
1393425000,251.6749999999999,253.5499999999999,251.64999999999986,253.0499999999999,4186
1393511400,253.39999999999986,253.94999999999987,251.8749999999999,252.52499999999986,3208
1393597800,252.82499999999987,252.97499999999985,251.5499999999999,252.19999999999987,3068
1393857000,251.6749999999999,252.4999999999999,250.6249999999999,252.19999999999987,3748
1393943400,252.1749999999999,254.22499999999985,252.07499999999987,253.47499999999985,3444
1394029800,253.27499999999986,254.69999999999987,250.82499999999987,253.1249999999999,4825
1394116200,253.02499999999986,253.02499999999986,251.89999999999986,251.9249999999999,1984
1394202600,252.09999999999985,253.14999999999986,251.4999999999999,252.77499999999986,2644
1394458200,252.72499999999985,254.9249999999999,252.4999999999999,254.84999999999985,3048
1394544600,254.7499999999999,255.72499999999985,253.9249999999999,254.69999999999987,3164
1394631000,254.8749999999999,255.32499999999987,254.59999999999985,254.9999999999999,3016
1394717400,255.02499999999986,255.77499999999986,254.19999999999987,255.0499999999999,2929
1394803800,255.27499999999986,256.9999999999999,255.07499999999987,256.3499999999999,3561
1395063000,256.1749999999999,257.1999999999999,256.1749999999999,256.8499999999999,1568
1395149400,256.9749999999999,257.1749999999999,256.1249999999999,256.3749999999999,1900
1395235800,256.2499999999999,256.8499999999999,255.5999999999999,256.6249999999999,1717
1395322200,256.6749999999999,257.4499999999999,254.14999999999986,254.2499999999999,3973
1395408600,253.8499999999999,255.07499999999987,253.7499999999999,254.5499999999999,1964
1395667800,254.0999999999999,255.9249999999999,253.9999999999999,255.6249999999999,2004
1395754200,255.5999999999999,256.77499999999986,255.2999999999999,256.14999999999986,2483
1395840600,256.5749999999999,257.7499999999999,256.5499999999999,257.1749999999999,2703
1395927000,257.4749999999999,258.3249999999999,257.02499999999986,257.9249999999999,2639
1396013400,257.8749999999999,258.39999999999986,257.3499999999999,257.5499999999999,2977
1396272600,257.14999999999986,258.1999999999999,255.7999999999999,255.89999999999986,3183
1396359000,256.4499999999999,256.8249999999999,254.4249999999999,254.82499999999987,2814
1396445400,255.07499999999987,256.39999999999986,254.8499999999999,256.02499999999986,1966
1396531800,256.14999999999986,258.64999999999986,255.9249999999999,258.1999999999999,3900
1396618200,258.4499999999999,258.4499999999999,255.9249999999999,256.5749999999999,3396
1396877400,256.6249999999999,256.9499999999999,255.57499999999987,256.89999999999986,3082
1396963800,256.7999999999999,257.2499999999999,256.27499999999986,256.9249999999999,2415
1397050200,256.7249999999999,258.27499999999986,256.4499999999999,258.27499999999986,2910
1397136600,257.9749999999999,258.27499999999986,257.2249999999999,257.7249999999999,3079
1397223000,257.7499999999999,258.6249999999999,257.2999999999999,258.27499999999986,3320
1397482200,258.39999999999986,258.7999999999999,257.8249999999999,258.5749999999999,2117
1397568600,258.4999999999999,258.5999999999999,257.4999999999999,258.3749999999999,2256
1397655000,257.9249999999999,258.77499999999986,257.9249999999999,258.77499999999986,2313
1397741400,258.27499999999986,258.5999999999999,256.89999999999986,257.1999999999999,3383
1398087000,257.27499999999986,257.7999999999999,256.5999999999999,257.6999999999999,2076
1398173400,257.7999999999999,259.0499999999999,257.77499999999986,258.0749999999999,3151
1398259800,258.0499999999999,258.6749999999999,257.6999999999999,258.2499999999999,2050
1398346200,258.3749999999999,260.0499999999999,258.2249999999999,259.8499999999999,2687
1398432600,259.8749999999999,261.2249999999999,259.5499999999999,260.4249999999999,3250
1398691800,260.52499999999986,262.7999999999999,260.1999999999999,262.14999999999986,4727
1398778200,262.3249999999999,262.77499999999986,261.5499999999999,262.3499999999999,3759
1398864600,262.5999999999999,263.6999999999999,262.0499999999999,263.27499999999986,4634
1398951000,263.0499999999999,266.27499999999986,263.0499999999999,266.27499999999986,5859
1399037400,266.4749999999999,269.27499999999986,265.52499999999986,266.1249999999999,7078
1399296600,266.2999999999999,267.1999999999999,265.2249999999999,265.5999999999999,3523
1399383000,265.9499999999999,268.3749999999999,265.8749999999999,267.0499999999999,3842
1399469400,267.2499999999999,268.6999999999999,266.4499999999999,266.4749999999999,3630
1399555800,266.6749999999999,267.2499999999999,265.9749999999999,266.0749999999999,2015
1399642200,266.2499999999999,267.5999999999999,265.4999999999999,267.1749999999999,2764
1399901400,267.4749999999999,268.9749999999999,267.0749999999999,267.6749999999999,3507
1399987800,268.0499999999999,268.6999999999999,267.39999999999986,267.4749999999999,2121
1400074200,267.5749999999999,268.9499999999999,267.5499999999999,268.2499999999999,2229
1400160600,268.7999999999999,270.1249999999999,267.8499999999999,268.2249999999999,3321
1400247000,268.4499999999999,269.2999999999999,267.7999999999999,269.1249999999999,2127
1400506200,269.2499999999999,272.1249999999999,269.2499999999999,271.9999999999999,4500
1400592600,272.3499999999999,273.6999999999999,271.1999999999999,271.7249999999999,3874
1400679000,272.0999999999999,273.2499999999999,271.9249999999999,272.3249999999999,1847
1400765400,272.89999999999986,273.0499999999999,270.39999999999986,271.1749999999999,2820
1400851800,271.3749999999999,271.3749999999999,268.5999999999999,268.64999999999986,3200
1401197400,269.2999999999999,270.0999999999999,269.1249999999999,269.2999999999999,1604
1401283800,269.5999999999999,271.6999999999999,269.4249999999999,271.3749999999999,2571
1401370200,271.4999999999999,273.77499999999986,271.2249999999999,272.8499999999999,3012
1401456600,273.3499999999999,273.3749999999999,271.8499999999999,272.8499999999999,2373
1401715800,272.9499999999999,273.6749999999999,272.2999999999999,273.3749999999999,1559
1401802200,273.5749999999999,274.5499999999999,273.14999999999986,274.0999999999999,2861
1401888600,274.1999999999999,275.02499999999986,273.0749999999999,274.5749999999999,3277
1401975000,274.7999999999999,275.9999999999999,274.5499999999999,275.6249999999999,3343
1402061400,275.52499999999986,276.6999999999999,275.3499999999999,276.3249999999999,3180
1402320600,276.8749999999999,279.3249999999999,276.8749999999999,279.3249999999999,3976
1402407000,279.4499999999999,281.39999999999986,278.1749999999999,280.9749999999999,5576
1402493400,280.5999999999999,280.7249999999999,278.2499999999999,278.6749999999999,4233
1402579800,278.9749999999999,281.6749999999999,278.9749999999999,281.64999999999986,4564
1402666200,282.2999999999999,284.2249999999999,281.0749999999999,283.9499999999999,3937
1402925400,283.9999999999999,284.77499999999986,283.2249999999999,284.4999999999999,2965
1403011800,284.5749999999999,286.0999999999999,282.5749999999999,283.64999999999986,4533
1403098200,282.8249999999999,283.5499999999999,280.64999999999986,280.64999999999986,4057
1403184600,281.1749999999999,283.64999999999986,281.1249999999999,283.3499999999999,3901
1403271000,283.7999999999999,284.77499999999986,281.9999999999999,282.6749999999999,3201
1403530200,283.1749999999999,284.3499999999999,282.89999999999986,283.6999999999999,2153
1403616600,284.3499999999999,286.6999999999999,284.3499999999999,286.4249999999999,3341
1403703000,286.39999999999986,289.3749999999999,286.1999999999999,287.9249999999999,4312
1403789400,288.9749999999999,290.9249999999999,288.5999999999999,290.9249999999999,3995
1403875800,291.1999999999999,291.5999999999999,289.1999999999999,290.1249999999999,4133
1404135000,291.4249999999999,291.9249999999999,287.9499999999999,288.5749999999999,5326
1404221400,289.4249999999999,291.5749999999999,289.4249999999999,291.5749999999999,3046
1404307800,291.89999999999986,294.5749999999999,291.1749999999999,291.9999999999999,5744
1404394200,293.9999999999999,294.6749999999999,292.3749999999999,293.4249999999999,3159
1404739800,294.2999999999999,295.4499999999999,293.3749999999999,293.7999999999999,4544
1404826200,294.14999999999986,294.14999999999986,291.6999999999999,291.6999999999999,4952
1404912600,292.5999999999999,294.39999999999986,288.6999999999999,289.39999999999986,7947
1404999000,289.52499999999986,290.9749999999999,286.39999999999986,286.39999999999986,5518
1405085400,286.0749999999999,287.0999999999999,283.4499999999999,286.1749999999999,8813
1405344600,287.02499999999986,288.1749999999999,284.9999999999999,286.4749999999999,5522
1405431000,286.9499999999999,288.77499999999986,286.52499999999986,287.3249999999999,3486
1405517400,287.2999999999999,287.2999999999999,284.5749999999999,285.6249999999999,3637
1405603800,286.2249999999999,288.1999999999999,286.1249999999999,287.39999999999986,3208
1405690200,287.1999999999999,288.9249999999999,286.2499999999999,287.3499999999999,1531
1405949400,288.0999999999999,289.2249999999999,286.8749999999999,288.8249999999999,1409
1406035800,288.8249999999999,291.8249999999999,288.8249999999999,291.8249999999999,1862
1406122200,292.5999999999999,294.8249999999999,290.5999999999999,293.4499999999999,4120
1406208600,293.4249999999999,294.8499999999999,290.7499999999999,293.0999999999999,2687
1406295000,292.9999999999999,294.4499999999999,292.3499999999999,294.2999999999999,1336
1406554200,295.4749999999999,297.0499999999999,294.8499999999999,296.2499999999999,2138
1406640600,296.8499999999999,297.77499999999986,296.2249999999999,297.4999999999999,1750
1406727000,297.64999999999986,299.5499999999999,297.64999999999986,299.2499999999999,1641
1406813400,299.4999999999999,299.7249999999999,296.2499999999999,296.2499999999999,2625
1406899800,295.6999999999999,295.77499999999986,293.2499999999999,294.9499999999999,3417
1407159000,294.9249999999999,297.0999999999999,293.1249999999999,295.7249999999999,2779
1407245400,296.3749999999999,297.52499999999986,294.9749999999999,295.77499999999986,2843
1407331800,295.89999999999986,296.4749999999999,294.5749999999999,295.77499999999986,2262
1407418200,295.77499999999986,296.3749999999999,292.77499999999986,292.77499999999986,2463
1407504600,291.7999999999999,292.77499999999986,289.77499999999986,289.77499999999986,1447
1407763800,287.77499999999986,292.77499999999986,287.5999999999999,292.4749999999999,5855
1407850200,292.1999999999999,292.4249999999999,289.4749999999999,289.6999999999999,3083
1407936600,288.7999999999999,289.4749999999999,286.6999999999999,288.5999999999999,4244
1408023000,288.3749999999999,289.6749999999999,287.3249999999999,288.0999999999999,2610
1408109400,288.3749999999999,290.7999999999999,287.9999999999999,290.0249999999999,2435
1408368600,290.6499999999999,291.8499999999999,289.4999999999999,291.2499999999999,2142
1408455000,291.4999999999999,292.7999999999999,288.3999999999999,289.0999999999999,4284
1408541400,288.4749999999999,288.7249999999999,286.0999999999999,286.0999999999999,4146
1408627800,285.5749999999999,286.4749999999999,283.2249999999999,284.3249999999999,5471
1408714200,284.3249999999999,286.2749999999999,283.2749999999999,285.1999999999999,3512
1408973400,284.9999999999999,287.5249999999999,284.6249999999999,287.4749999999999,4177
1409059800,287.2999999999999,289.0749999999999,286.9749999999999,288.1999999999999,3175
1409146200,287.7749999999999,288.5749999999999,286.0749999999999,287.8749999999999,3256
1409232600,287.9749999999999,290.6749999999999,286.8249999999999,290.4999999999999,4453
1409319000,290.2249999999999,293.1499999999999,289.4999999999999,292.4499999999999,5162
1409664600,293.1249999999999,295.4499999999999,293.0999999999999,294.5499999999999,4197
1409751000,295.0999999999999,297.5499999999999,294.8749999999999,297.4999999999999,5282
1409837400,297.8999999999999,299.8249999999999,295.2249999999999,297.7249999999999,6563
1409923800,298.4749999999999,300.7249999999999,297.7249999999999,300.0999999999999,3965
1410183000,301.7249999999999,302.1749999999999,299.5249999999999,301.6499999999999,4205
1410269400,301.3999999999999,304.1249999999999,301.1499999999999,303.4749999999999,5720
1410355800,303.6999999999999,305.5499999999999,300.6499999999999,302.8499999999999,5200
1410442200,302.9249999999999,303.5249999999999,300.3749999999999,301.3249999999999,3153
1410528600,301.4749999999999,302.7749999999999,300.2999999999999,301.6499999999999,3216
1410787800,302.2249999999999,302.4499999999999,300.2999999999999,301.5749999999999,2518
1410874200,301.9749999999999,302.0999999999999,300.3499999999999,301.5999999999999,2851
1410960600,301.8749999999999,304.3249999999999,301.8749999999999,303.8249999999999,3538
1411047000,303.7749999999999,304.0499999999999,302.3499999999999,303.4249999999999,2196
1411133400,303.7499999999999,305.1749999999999,303.1999999999999,304.8249999999999,1599
1411392600,304.59999999999985,306.4499999999999,302.2499999999999,305.9249999999999,1772
1411479000,305.77499999999986,307.3749999999999,305.2499999999999,307.02499999999986,2392
1411565400,306.4999999999999,307.84999999999985,305.5499999999999,307.2999999999999,2272
1411651800,307.4999999999999,308.14999999999986,306.5499999999999,307.09999999999985,1964
1411738200,307.47499999999985,310.09999999999985,306.72499999999985,310.09999999999985,3748
1411997400,311.0499999999999,313.09999999999985,309.84999999999985,312.9999999999999,3277
1412083800,313.4999999999999,314.4499999999999,312.6999999999999,313.5499999999999,3779
1412170200,313.52499999999986,316.5499999999999,312.84999999999985,316.5499999999999,3278
1412256600,317.4999999999999,319.2499999999999,316.7499999999999,318.5749999999999,5051
1412343000,319.0499999999999,320.97499999999985,317.77499999999986,319.47499999999985,4296
1412602200,318.64999999999986,319.6249999999999,317.59999999999985,318.77499999999986,3347
1412688600,319.2999999999999,321.77499999999986,319.2999999999999,320.9249999999999,5137
1412775000,321.39999999999986,322.2499999999999,319.8749999999999,321.4249999999999,4361
1412861400,322.1999999999999,324.2499999999999,318.4249999999999,320.02499999999986,6602
1412947800,318.3249999999999,319.17499999999984,317.02499999999986,317.8249999999999,3855
1413207000,317.84999999999985,319.6999999999999,317.59999999999985,318.84999999999985,2568
1413293400,319.27499999999986,319.54999999999984,315.84999999999985,315.84999999999985,2870
1413379800,315.04999999999984,315.6999999999999,312.84999999999985,312.84999999999985,3256
1413466200,312.17499999999984,315.84999999999985,310.47499999999985,315.84999999999985,4992
1413552600,315.7499999999999,315.7499999999999,312.84999999999985,312.84999999999985,3519
1413811800,312.89999999999986,315.84999999999985,312.1999999999999,315.79999999999984,2680
1413898200,315.3249999999999,317.04999999999984,312.79999999999984,312.97499999999985,3903
1413984600,313.1249999999999,315.04999999999984,311.9999999999999,313.9999999999999,1743
1414071000,314.39999999999986,315.97499999999985,314.34999999999985,315.6999999999999,3105
1414157400,315.9499999999999,316.67499999999984,313.54999999999984,313.6249999999999,3607
1414416600,313.92499999999984,315.47499999999985,313.6249999999999,314.17499999999984,2082
1414503000,313.64999999999986,314.6249999999999,312.97499999999985,313.77499999999986,3403
1414589400,314.3749999999999,314.84999999999985,312.54999999999984,312.67499999999984,2743
1414675800,312.72499999999985,314.04999999999984,311.64999999999986,313.1999999999999,3522
1414762200,314.02499999999986,315.52499999999986,312.34999999999985,313.1999999999999,4370
1415025000,313.47499999999985,315.04999999999984,312.77499999999986,314.52499999999986,2704
1415111400,314.8749999999999,316.72499999999985,313.97499999999985,316.3249999999999,3411
1415197800,316.29999999999984,316.67499999999984,314.6999999999999,314.92499999999984,3347
1415284200,314.92499999999984,315.92499999999984,314.92499999999984,315.29999999999984,2178
1415370600,315.6999999999999,317.39999999999986,315.42499999999984,317.17499999999984,2841
1415629800,317.42499999999984,318.9499999999999,317.27499999999986,317.47499999999985,2913
1415716200,317.67499999999984,318.4999999999999,316.97499999999985,317.3749999999999,2107
1415802600,317.3749999999999,318.72499999999985,315.89999999999986,318.09999999999985,2723
1415889000,318.54999999999984,320.09999999999985,318.34999999999985,318.9499999999999,4171
1415975400,319.2499999999999,320.9499999999999,318.9499999999999,320.84999999999985,3471
1416234600,320.8749999999999,323.0749999999999,320.84999999999985,322.1999999999999,3584
1416321000,322.4499999999999,322.64999999999986,321.2499999999999,321.9999999999999,2236
1416407400,321.72499999999985,321.9999999999999,321.02499999999986,321.8249999999999,2431
1416493800,322.27499999999986,322.27499999999986,319.52499999999986,320.29999999999984,3206
1416580200,320.1999999999999,321.59999999999985,319.72499999999985,321.0749999999999,2554
1416839400,321.0749999999999,321.92499999999984,318.0749999999999,318.0749999999999,3879
1416925800,316.8749999999999,317.4999999999999,315.09999999999985,316.09999999999985,4481
1417012200,316.29999999999984,317.6249999999999,314.77499999999986,315.22499999999985,3499
1417185000,315.02499999999986,316.64999999999986,314.8249999999999,315.79999999999984,1608
1417444200,315.9999999999999,318.79999999999984,315.92499999999984,318.79999999999984,4554
1417530600,319.2499999999999,321.67499999999984,318.5749999999999,320.27499999999986,6489
1417617000,320.4999999999999,320.52499999999986,317.7499999999999,319.54999999999984,5641
1417703400,319.5749999999999,321.84999999999985,319.2499999999999,320.67499999999984,4813
1417789800,321.4999999999999,321.8249999999999,318.72499999999985,319.59999999999985,5134
1418049000,319.1249999999999,319.1999999999999,316.59999999999985,316.59999999999985,3969
1418135400,316.3249999999999,317.64999999999986,315.29999999999984,317.4999999999999,6241
1418221800,317.22499999999985,317.29999999999984,314.4999999999999,316.3249999999999,4428
1418308200,315.8749999999999,316.42499999999984,313.3249999999999,313.3249999999999,3567
1418394600,312.34999999999985,312.34999999999985,310.3249999999999,310.3249999999999,4562
1418653800,308.3249999999999,308.3249999999999,307.3249999999999,307.3249999999999,2309
1418740200,304.3249999999999,304.3249999999999,304.3249999999999,304.3249999999999,879
1418826600,301.3249999999999,301.3249999999999,301.3249999999999,301.3249999999999,1060
1418913000,296.8249999999999,304.97499999999985,296.8249999999999,301.79999999999984,10952
1418999400,302.67499999999984,306.14999999999986,302.62499999999983,305.99999999999983,3302
1419258600,306.62499999999983,307.49999999999983,305.84999999999985,306.99999999999983,3553
1419345000,307.02499999999986,307.24999999999983,303.17499999999984,303.29999999999984,4075
1419431400,303.29999999999984,303.4499999999999,300.62499999999983,300.74999999999983,2574
1419604200,301.0749999999999,302.99999999999983,296.52499999999986,299.92499999999984,3918
1419863400,301.12499999999983,304.42499999999984,301.09999999999985,303.6999999999999,3457
1419949800,304.3249999999999,305.97499999999985,303.29999999999984,304.27499999999986,3386
1420036200,305.14999999999986,306.02499999999986,303.39999999999986,305.34999999999985,3066
1420209000,305.62499999999983,309.84999999999985,305.62499999999983,309.47499999999985,3296
1420468200,310.99999999999983,311.92499999999984,310.47499999999985,311.39999999999986,3602
1420554600,311.72499999999985,312.49999999999983,306.89999999999986,308.89999999999986,6776
1420641000,310.22499999999985,310.24999999999983,306.39999999999986,308.34999999999985,4863
1420727400,308.79999999999984,310.8249999999999,303.84999999999985,305.0749999999999,6300
1420813800,304.4499999999999,304.4499999999999,300.5749999999999,300.5749999999999,4641
1421073000,299.5749999999999,305.37499999999983,299.52499999999986,301.3249999999999,5289
1421159400,301.14999999999986,302.8249999999999,297.34999999999985,298.9499999999999,6311
1421245800,298.72499999999985,301.17499999999984,296.12499999999983,298.12499999999983,6887
1421332200,297.89999999999986,298.47499999999985,293.62499999999983,293.62499999999983,7253
1421418600,292.59999999999985,295.52499999999986,290.12499999999983,292.87499999999983,6594
1421764200,294.52499999999986,294.6999999999999,288.37499999999983,290.49999999999983,6643
1421850600,291.02499999999986,293.84999999999985,288.79999999999984,293.3249999999999,4809
1421937000,293.22499999999985,296.39999999999986,292.59999999999985,294.34999999999985,4241
1422023400,293.59999999999985,293.74999999999983,289.84999999999985,289.84999999999985,3708
1422282600,289.17499999999984,291.92499999999984,283.42499999999984,287.99999999999983,8935
1422369000,288.12499999999983,292.49999999999983,286.89999999999986,291.84999999999985,5322
1422455400,291.62499999999983,294.42499999999984,290.4499999999999,292.37499999999983,4943
1422541800,291.5749999999999,294.17499999999984,288.24999999999983,291.59999999999985,5360
1422628200,291.5749999999999,293.5749999999999,290.62499999999983,293.22499999999985,5278
1422887400,292.04999999999984,293.17499999999984,288.72499999999985,288.72499999999985,4926
1422973800,288.02499999999986,288.92499999999984,283.77499999999986,287.52499999999986,6110
1423060200,287.02499999999986,288.59999999999985,284.42499999999984,284.74999999999983,3555
1423146600,284.37499999999983,285.49999999999983,281.02499999999986,283.67499999999984,5315
1423233000,285.02499999999986,288.17499999999984,284.27499999999986,287.47499999999985,5312
1423492200,288.77499999999986,291.97499999999985,288.67499999999984,291.64999999999986,5691
1423578600,292.02499999999986,293.02499999999986,289.14999999999986,290.04999999999984,4375
1423665000,290.52499999999986,291.24999999999983,286.3249999999999,286.77499999999986,4803
1423751400,286.64999999999986,288.92499999999984,284.9499999999999,288.3249999999999,5543
1423837800,289.14999999999986,292.34999999999985,287.89999999999986,291.27499999999986,2349
1424183400,292.09999999999985,292.39999999999986,288.24999999999983,288.74999999999983,2132
1424269800,288.79999999999984,290.62499999999983,288.02499999999986,290.09999999999985,2644
1424356200,290.52499999999986,291.4499999999999,288.74999999999983,289.59999999999985,1767
1424442600,289.72499999999985,290.09999999999985,286.3249999999999,286.37499999999983,2976
1424701800,286.02499999999986,286.3249999999999,284.47499999999985,285.0749999999999,2768
1424788200,285.12499999999983,285.54999999999984,282.29999999999984,282.64999999999986,3950
1424874600,282.8249999999999,285.04999999999984,282.49999999999983,283.87499999999983,2409
1424961000,284.24999999999983,288.34999999999985,284.1999999999999,287.0749999999999,3235
1425047400,287.47499999999985,289.87499999999983,285.64999999999986,288.34999999999985,4180
1425306600,288.9499999999999,290.72499999999985,288.87499999999983,290.14999999999986,2705
1425393000,290.3249999999999,290.3249999999999,287.64999999999986,287.89999999999986,2901
1425479400,287.62499999999983,292.39999999999986,286.64999999999986,292.39999999999986,5106
1425565800,293.09999999999985,294.37499999999983,291.3249999999999,293.39999999999986,4352
1425652200,293.39999999999986,297.1999999999999,293.37499999999983,296.59999999999985,4564
1425907800,297.02499999999986,297.72499999999985,295.34999999999985,296.42499999999984,3311
1425994200,296.54999999999984,299.14999999999986,295.1999999999999,298.52499999999986,3880
1426080600,298.22499999999985,302.5749999999999,298.22499999999985,301.12499999999983,4879
1426167000,301.62499999999983,303.17499999999984,299.27499999999986,300.92499999999984,3716
1426253400,300.9499999999999,301.52499999999986,297.14999999999986,299.24999999999983,3775
1426512600,299.12499999999983,299.59999999999985,296.29999999999984,298.0749999999999,2671
1426599000,297.89999999999986,298.87499999999983,296.77499999999986,298.04999999999984,2711
1426685400,297.59999999999985,302.54999999999984,296.89999999999986,302.3249999999999,4661
1426771800,302.52499999999986,304.79999999999984,301.79999999999984,304.04999999999984,3319
1426858200,303.84999999999985,304.8249999999998,302.59999999999985,303.77499999999986,3336
1427117400,304.39999999999986,307.77499999999986,304.39999999999986,307.04999999999984,4260
1427203800,306.87499999999983,307.49999999999983,305.12499999999983,306.24999999999983,3466
1427290200,306.22499999999985,306.4499999999998,303.67499999999984,304.34999999999985,3655
1427376600,304.34999999999985,305.8249999999998,302.9499999999998,304.14999999999986,2452
1427463000,304.62499999999983,307.1999999999998,304.22499999999985,306.49999999999983,3090
1427722200,306.87499999999983,307.29999999999984,304.37499999999983,305.8249999999998,3092
1427808600,305.34999999999985,307.17499999999984,304.72499999999985,305.27499999999986,4024
1427895000,305.3249999999998,306.64999999999986,304.04999999999984,305.02499999999986,3572
1427981400,305.59999999999985,306.39999999999986,305.24999999999983,305.8249999999998,3081
1428327000,307.12499999999983,309.24999999999983,304.8249999999998,305.24999999999983,4581
1428413400,304.42499999999984,304.52499999999986,301.22499999999985,303.3249999999998,5878
1428499800,303.17499999999984,304.14999999999986,301.64999999999986,301.84999999999985,5754
1428586200,302.29999999999984,303.24999999999983,301.6999999999998,302.0749999999998,3925
1428672600,302.04999999999984,302.04999999999984,298.0749999999998,298.49999999999983,4949
1428931800,297.49999999999983,299.3999999999998,296.99999999999983,298.84999999999985,3455
1429018200,298.67499999999984,300.79999999999984,298.37499999999983,299.79999999999984,3242
1429104600,300.3999999999998,302.1499999999998,300.37499999999983,301.2749999999998,2026
1429191000,301.6499999999998,302.92499999999984,300.49999999999983,301.72499999999985,2010
1429277400,301.6999999999998,302.87499999999983,297.22499999999985,297.24999999999983,3553
1429536600,296.34999999999985,296.5249999999998,293.0249999999998,293.5249999999998,4892
1429623000,293.1999999999998,295.8999999999998,293.1999999999998,295.67499999999984,3313
1429709400,295.84999999999985,296.6499999999998,294.0249999999998,295.49999999999983,3272
1429795800,296.0749999999998,299.99999999999983,295.6999999999998,299.99999999999983,4555
1429882200,300.24999999999983,303.3999999999998,299.29999999999984,302.72499999999985,5373
1430141400,298.6499999999998,301.5249999999998,298.6499999999998,300.22499999999985,3381
1430227800,301.04999999999984,302.1499999999998,300.5249999999998,300.92499999999984,2974
1430314200,301.6499999999998,302.49999999999983,299.99999999999983,301.74999999999983,3431
1430400600,302.04999999999984,302.87499999999983,299.29999999999984,301.74999999999983,5396
1430487000,301.74999999999983,303.34999999999985,300.54999999999984,302.12499999999983,3714
1430746200,302.54999999999984,304.79999999999984,302.5249999999998,304.37499999999983,4777
1430832600,304.8249999999998,305.9499999999998,303.24999999999983,305.29999999999984,5889
1430919000,305.22499999999985,305.22499999999985,303.42499999999984,303.92499999999984,3951
1431005400,303.84999999999985,304.47499999999985,302.59999999999985,303.84999999999985,3679
1431091800,304.34999999999985,304.92499999999984,303.87499999999983,304.67499999999984,3555
1431351000,305.24999999999983,306.22499999999985,303.99999999999983,304.47499999999985,4692
1431437400,304.84999999999985,305.12499999999983,301.59999999999985,303.49999999999983,5787
1431523800,303.8249999999998,305.04999999999984,302.34999999999985,304.67499999999984,3509
1431610200,304.97499999999985,306.5249999999998,304.97499999999985,305.99999999999983,3778
1431696600,306.49999999999983,306.6499999999998,304.22499999999985,305.4499999999998,3727
1431955800,304.99999999999983,305.04999999999984,302.8249999999998,303.7749999999998,3843
1432042200,303.54999999999984,304.59999999999985,303.04999999999984,304.1999999999998,3985
1432128600,304.0249999999998,304.87499999999983,302.3249999999998,303.74999999999983,5450
1432215000,304.6499999999998,305.47499999999985,304.04999999999984,304.7749999999998,3696
1432301400,304.8999999999998,306.24999999999983,304.0749999999998,306.04999999999984,4140
1432647000,306.1499999999998,306.99999999999983,306.12499999999983,306.6499999999998,3871
1432733400,306.87499999999983,309.17499999999984,305.42499999999984,308.47499999999985,6637
1432819800,308.74999999999983,312.72499999999985,308.74999999999983,311.99999999999983,6786
1432906200,312.54999999999984,312.54999999999984,309.74999999999983,309.99999999999983,5779
1433165400,309.74999999999983,311.0749999999998,309.5749999999998,310.59999999999985,2730
1433251800,310.97499999999985,311.22499999999985,308.92499999999984,310.37499999999983,3090
1433338200,309.62499999999983,310.1499999999998,308.87499999999983,308.9499999999998,2715
1433424600,309.0749999999998,310.29999999999984,308.0749999999998,309.62499999999983,3013
1433511000,309.84999999999985,310.62499999999983,307.49999999999983,308.9499999999998,4426
1433770200,309.17499999999984,310.1499999999998,308.1999999999998,309.8999999999998,2612
1433856600,309.7749999999998,311.59999999999985,309.17499999999984,311.2749999999998,3823
1433943000,311.37499999999983,314.84999999999985,311.37499999999983,313.8249999999998,6036
1434029400,314.17499999999984,314.6499999999998,312.59999999999985,313.29999999999984,2778
1434115800,312.92499999999984,312.92499999999984,309.37499999999983,310.49999999999983,4621
1434375000,310.34999999999985,311.4499999999998,309.4499999999998,310.9499999999998,3384
1434461400,311.29999999999984,312.12499999999983,310.62499999999983,311.8999999999998,2794
1434547800,311.6499999999998,312.29999999999984,310.49999999999983,311.7749999999998,2745
1434634200,312.04999999999984,312.0749999999998,308.62499999999983,308.97499999999985,4979
1434720600,309.04999999999984,310.8999999999998,308.92499999999984,310.47499999999985,2997
1434979800,311.04999999999984,313.3249999999998,309.84999999999985,312.8249999999998,3977
1435066200,313.4499999999998,313.67499999999984,311.7749999999998,312.3999999999998,2853
1435152600,312.42499999999984,312.42499999999984,310.3999999999998,310.59999999999985,3888
1435239000,310.54999999999984,310.59999999999985,306.09999999999985,306.09999999999985,8041
1435325400,304.67499999999984,305.92499999999984,304.09999999999985,304.29999999999984,5583
1435584600,303.4499999999998,307.6499999999998,302.67499999999984,306.12499999999983,5690
1435671000,306.24999999999983,306.84999999999985,301.62499999999983,301.7749999999998,7522
1435757400,301.1499999999998,306.24999999999983,301.1499999999998,305.54999999999984,7570
1435843800,305.97499999999985,306.37499999999983,304.17499999999984,304.49999999999983,3744
1436189400,305.09999999999985,305.09999999999985,303.2749999999998,304.0249999999998,3339
1436275800,303.7749999999998,305.8999999999998,303.29999999999984,304.17499999999984,3860
1436362200,304.24999999999983,304.79999999999984,300.22499999999985,300.67499999999984,7514
1436448600,301.0749999999998,301.92499999999984,297.7749999999998,298.79999999999984,8346
1436535000,299.12499999999983,300.79999999999984,297.6499999999998,298.29999999999984,5820
1436794200,299.04999999999984,300.0249999999998,297.87499999999983,298.2749999999998,5705
1436880600,299.04999999999984,302.47499999999985,298.87499999999983,301.34999999999985,6926
1436967000,301.99999999999983,303.1999999999998,301.17499999999984,302.37499999999983,4685
1437053400,301.72499999999985,301.8999999999998,300.24999999999983,301.5249999999998,4188
1437139800,301.3249999999998,303.97499999999985,300.5249999999998,302.47499999999985,1648
1437399000,303.24999999999983,304.0249999999998,302.99999999999983,303.79999999999984,984
1437485400,303.54999999999984,303.54999999999984,299.84999999999985,300.5249999999998,1377
1437571800,300.5249999999998,301.99999999999983,299.3999999999998,299.6499999999998,1110
1437658200,299.29999999999984,300.37499999999983,296.42499999999984,296.67499999999984,1908
1437744600,296.3999999999998,297.47499999999985,294.9499999999998,296.59999999999985,1656
1438003800,296.84999999999985,297.34999999999985,294.6499999999998,295.42499999999984,1439
1438090200,295.42499999999984,298.49999999999983,294.8999999999998,297.5249999999998,1640
1438176600,297.8999999999998,298.92499999999984,297.22499999999985,297.99999999999983,1526
1438263000,298.09999999999985,299.34999999999985,296.54999999999984,297.6499999999998,1318
1438349400,297.6499999999998,298.59999999999985,296.72499999999985,296.79999999999984,1542
1438608600,298.54999999999984,300.6999999999998,298.24999999999983,299.87499999999983,1417
1438695000,300.34999999999985,301.24999999999983,299.5249999999998,299.87499999999983,1225
1438781400,299.59999999999985,300.12499999999983,298.84999999999985,299.74999999999983,1502
1438867800,300.29999999999984,301.04999999999984,299.6499999999998,300.5249999999998,1406
1438954200,300.3999999999998,300.7749999999998,299.1499999999998,299.62499999999983,2936
1439213400,300.1999999999998,300.54999999999984,298.47499999999985,299.42499999999984,2160
1439299800,299.54999999999984,300.17499999999984,299.1999999999998,299.47499999999985,1922
1439386200,299.7749999999998,301.92499999999984,298.1999999999998,299.12499999999983,3319
1439472600,299.5749999999998,299.72499999999985,297.34999999999985,299.37499999999983,2165
1439559000,299.3249999999998,299.54999999999984,296.99999999999983,298.47499999999985,2591
1439818200,298.1499999999998,298.3249999999998,295.84999999999985,297.9499999999998,2575
1439904600,297.79999999999984,298.72499999999985,297.5749999999998,298.12499999999983,1993
1439991000,297.99999999999983,298.12499999999983,294.1999999999998,294.92499999999984,4497
1440077400,294.24999999999983,295.3999999999998,293.3249999999998,295.0249999999998,2785
1440163800,294.6499999999998,294.6499999999998,290.5249999999998,290.5249999999998,3460
1440423000,287.04999999999984,287.62499999999983,283.7749999999998,285.9499999999998,7429
1440509400,287.1499999999998,289.29999999999984,285.24999999999983,286.79999999999984,5796
1440595800,285.84999999999985,287.6999999999998,283.87499999999983,285.3999999999998,7851
1440682200,287.49999999999983,289.3249999999998,286.8999999999998,288.12499999999983,3846
1440768600,288.04999999999984,290.92499999999984,287.9499999999998,289.97499999999985,5086
1441027800,289.74999999999983,291.99999999999983,288.7749999999998,288.92499999999984,4437
1441114200,288.24999999999983,288.2749999999998,285.99999999999983,286.37499999999983,4708
1441200600,286.34999999999985,288.54999999999984,285.37499999999983,287.34999999999985,4618
1441287000,287.54999999999984,289.0749999999998,287.47499999999985,288.37499999999983,3247
1441373400,287.97499999999985,287.97499999999985,286.2749999999998,286.74999999999983,2747
1441719000,287.74999999999983,291.09999999999985,286.9499999999998,290.5749999999998,5365
1441805400,290.59999999999985,291.79999999999984,289.1499999999998,289.62499999999983,4311
1441891800,288.97499999999985,290.24999999999983,288.04999999999984,289.54999999999984,4201
1441978200,289.2749999999998,289.29999999999984,285.17499999999984,286.1499999999998,5453
1442237400,285.92499999999984,286.3999999999998,284.37499999999983,285.84999999999985,4256
1442323800,285.6999999999998,286.79999999999984,282.79999999999984,283.79999999999984,4526
1442410200,283.42499999999984,283.62499999999983,279.29999999999984,279.49999999999983,5307
1442496600,279.1999999999998,280.49999999999983,278.04999999999984,278.84999999999985,3375
1442583000,279.1499999999998,279.4499999999998,275.37499999999983,276.4499999999998,2502
1442842200,277.42499999999984,279.22499999999985,276.99999999999983,277.87499999999983,2111
1442928600,277.3249999999998,278.79999999999984,276.34999999999985,276.6999999999998,2186
1443015000,275.92499999999984,275.92499999999984,272.1999999999998,272.1999999999998,3008
1443101400,270.74999999999983,274.67499999999984,266.87499999999983,269.92499999999984,5469
1443187800,272.59999999999985,274.42499999999984,271.9499999999998,274.42499999999984,2594
1443447000,275.04999999999984,276.04999999999984,273.12499999999983,274.2749999999998,4069
1443533400,273.7749999999998,273.8999999999998,269.7749999999998,269.7749999999998,4108
1443619800,268.8999999999998,271.29999999999984,264.6499999999998,265.42499999999984,8314
1443706200,264.59999999999985,267.72499999999985,261.92499999999984,264.9499999999998,7430
1443792600,263.29999999999984,268.22499999999985,262.22499999999985,267.34999999999985,4787
1444051800,267.47499999999985,269.37499999999983,264.97499999999985,266.34999999999985,3806
1444138200,266.0249999999998,270.84999999999985,264.8249999999998,270.84999999999985,5404
1444224600,272.0749999999998,275.79999999999984,271.8249999999998,274.04999999999984,6806
1444311000,273.5749999999998,278.54999999999984,272.5249999999998,276.92499999999984,7103
1444397400,276.7249999999998,278.67499999999984,275.42499999999984,277.79999999999984,3319
1444656600,278.54999999999984,280.6499999999998,278.3499999999998,279.0999999999998,3264
1444743000,278.7249999999998,280.04999999999984,277.7749999999998,279.0249999999998,2458
1444829400,279.0249999999998,280.9499999999998,277.7749999999998,278.8499999999998,2821
1444915800,278.7749999999998,279.3999999999998,276.0249999999998,277.2249999999998,2617
1445002200,276.7249999999998,280.5749999999998,275.6999999999998,280.3999999999998,3875
1445261400,281.5749999999998,283.1999999999998,281.3499999999998,281.99999999999983,2966
1445347800,281.74999999999983,283.1999999999998,280.67499999999984,282.3999999999998,2922
1445434200,282.7249999999998,283.17499999999984,281.6499999999998,282.79999999999984,2492
1445520600,282.74999999999983,285.5249999999998,282.3499999999998,284.3249999999998,3367
1445607000,283.5999999999998,284.42499999999984,281.0999999999998,283.5249999999998,3902
1445866200,282.12499999999983,282.12499999999983,279.7749999999998,281.1499999999998,2669
1445952600,280.0749999999998,280.49999999999983,277.62499999999983,278.17499999999984,2974
1446039000,279.9499999999998,282.67499999999984,279.6999999999998,282.67499999999984,4148
1446125400,283.17499999999984,283.9749999999998,281.1999999999998,282.2749999999998,2770
1446211800,282.17499999999984,282.2249999999998,280.3499999999998,281.2249999999998,2776
1446474600,280.5999999999998,282.3999999999998,279.54999999999984,281.24999999999983,3739
1446561000,281.37499999999983,281.6999999999998,279.67499999999984,280.1999999999998,2877
1446647400,279.62499999999983,279.6499999999998,275.6999999999998,275.6999999999998,2798
1446733800,274.0249999999998,274.4499999999998,269.2249999999998,270.6999999999998,8891
1446820200,270.0249999999998,272.92499999999984,268.4749999999998,270.04999999999984,5627
1447079400,269.99999999999983,269.99999999999983,265.54999999999984,265.54999999999984,4801
1447165800,263.8249999999998,267.29999999999984,258.79999999999984,259.5999999999998,9102
1447252200,261.5249999999998,264.0999999999998,261.5249999999998,264.0999999999998,3364
1447338600,265.2749999999998,268.4749999999998,263.2249999999998,264.92499999999984,7014
1447425000,264.5249999999998,265.99999999999983,260.6499999999998,262.5749999999998,5043
1447684200,260.0749999999998,260.0999999999998,258.0749999999998,258.12499999999983,3266
1447770600,258.12499999999983,262.62499999999983,256.0749999999998,259.3249999999998,5063
1447857000,258.9749999999998,263.6999999999998,258.87499999999983,261.9749999999998,5431
1447943400,261.9749999999998,262.6499999999998,259.67499999999984,260.4749999999998,3026
1448029800,260.1999999999998,262.92499999999984,259.1499999999998,261.67499999999984,3949
1448289000,260.6999999999998,264.2749999999998,258.9499999999998,263.42499999999984,4392
1448375400,262.7249999999998,265.37499999999983,261.17499999999984,262.6999999999998,3867
1448461800,262.74999999999983,263.99999999999983,262.4499999999998,262.99999999999983,2029
1448634600,263.04999999999984,264.5749999999998,262.8499999999998,264.04999999999984,1856
1448893800,263.92499999999984,263.9749999999998,259.7749999999998,260.7749999999998,4288
1448980200,260.5249999999998,263.3249999999998,256.7749999999998,262.42499999999984,7819
1449066600,261.87499999999983,262.6999999999998,257.92499999999984,258.74999999999983,5161
1449153000,257.0749999999998,259.0999999999998,254.79999999999984,257.7749999999998,6996
1449239400,257.9499999999998,259.5249999999998,256.3249999999998,257.4749999999998,3365
1449498600,255.4749999999998,256.49999999999983,252.9749999999998,254.4749999999998,5706
1449585000,253.69999999999982,255.7249999999998,249.9749999999998,251.87499999999983,5657
1449671400,250.0249999999998,251.7249999999998,247.37499999999983,248.6499999999998,6495
1449757800,247.8999999999998,251.92499999999984,245.7749999999998,251.07499999999982,6908
1449844200,250.87499999999983,252.0999999999998,247.29999999999984,250.1499999999998,4806
1450103400,249.17499999999984,250.37499999999983,245.6499999999998,246.17499999999984,3994
1450189800,244.62499999999983,248.42499999999984,244.3999999999998,246.54999999999984,4513
1450276200,246.32499999999982,246.7749999999998,243.79999999999984,245.7249999999998,2979
1450362600,245.42499999999984,245.69999999999982,241.2249999999998,242.2749999999998,5561
1450449000,243.3999999999998,246.7749999999998,243.2749999999998,246.7749999999998,1928
1450708200,251.32499999999982,253.5249999999998,251.2749999999998,253.19999999999982,4872
1450794600,252.82499999999982,256.2749999999998,251.09999999999985,254.72499999999985,4665
1450881000,255.44999999999982,259.22499999999985,255.44999999999982,258.79999999999984,4876
1450967400,259.54999999999984,259.54999999999984,255.97499999999985,258.9499999999998,2384
1451313000,259.0249999999998,259.0249999999998,256.37499999999983,257.79999999999984,3544
1451399400,257.24999999999983,257.59999999999985,256.12499999999983,257.1499999999998,2411
1451485800,256.99999999999983,261.6499999999998,256.99999999999983,260.4499999999998,4490
1451572200,260.87499999999983,262.62499999999983,260.49999999999983,262.47499999999985,2756
1451917800,261.7749999999998,264.9499999999998,259.47499999999985,263.49999999999983,4444
1452004200,264.92499999999984,265.6999999999998,262.97499999999985,263.87499999999983,4411
1452090600,263.22499999999985,264.97499999999985,261.67499999999984,264.2749999999998,4179
1452177000,263.29999999999984,263.29999999999984,259.7749999999998,259.7749999999998,3548
1452263400,259.0749999999998,261.42499999999984,254.92499999999984,256.1499999999998,8688
1452522600,255.54999999999984,256.59999999999985,254.04999999999984,255.62499999999983,4424
1452609000,256.34999999999985,257.92499999999984,254.37499999999983,255.82499999999982,5044
1452695400,255.94999999999982,257.67499999999984,254.84999999999985,256.0249999999998,3338
1452781800,255.57499999999982,256.29999999999984,252.57499999999982,253.59999999999985,4869
1452868200,251.57499999999982,251.69999999999982,249.09999999999985,249.09999999999985,3456
1453213800,249.82499999999982,252.34999999999985,248.22499999999985,251.09999999999985,6021
1453300200,248.82499999999982,251.0249999999998,246.59999999999985,248.54999999999984,6588
1453386600,250.54999999999984,253.04999999999984,249.79999999999984,253.04999999999984,4534
1453473000,254.04999999999984,258.2749999999998,253.82499999999982,256.72499999999985,5789
1453732200,256.12499999999983,257.62499999999983,255.69999999999982,256.59999999999985,4279
1453818600,256.12499999999983,258.8249999999998,255.84999999999985,258.0749999999998,3678
1453905000,258.04999999999984,259.5249999999998,256.9499999999998,258.74999999999983,4904
1453991400,258.1499999999998,259.29999999999984,257.67499999999984,258.24999999999983,3496
1454077800,258.72499999999985,259.09999999999985,254.07499999999982,256.0749999999998,6305
1454337000,255.92499999999984,257.79999999999984,253.67499999999984,256.59999999999985,4978
1454423400,256.7749999999998,258.3249999999998,256.0749999999998,256.67499999999984,2982
1454509800,256.97499999999985,258.22499999999985,256.49999999999983,256.7749999999998,2936
1454596200,256.97499999999985,257.8999999999998,254.32499999999982,255.34999999999985,4060
1454682600,254.29999999999984,255.59999999999985,251.72499999999985,252.6499999999998,5890
1454941800,250.82499999999982,250.82499999999982,248.1499999999998,248.1499999999998,3727
1455028200,247.34999999999985,249.92499999999984,246.82499999999982,247.82499999999982,7943
1455114600,249.24999999999983,251.34999999999985,248.67499999999984,250.04999999999984,5878
1455201000,248.92499999999984,250.12499999999983,245.54999999999984,249.07499999999982,7637
1455287400,250.42499999999984,251.17499999999984,248.22499999999985,248.84999999999985,3101
1455633000,248.87499999999983,253.34999999999985,247.99999999999983,253.32499999999982,3919
1455719400,253.57499999999982,256.8249999999998,253.49999999999983,254.82499999999982,4207
1455805800,255.47499999999985,256.3249999999998,253.8999999999998,255.29999999999984,2707
1455892200,255.09999999999985,255.74999999999983,253.54999999999984,254.42499999999984,1409
1456151400,254.87499999999983,256.74999999999983,253.44999999999982,254.37499999999983,2579
1456237800,254.67499999999984,256.8999999999998,253.74999999999983,256.34999999999985,2012
1456324200,256.1499999999998,258.3999999999998,255.44999999999982,257.72499999999985,3207
1456410600,258.8999999999998,259.67499999999984,257.74999999999983,259.0749999999998,3311
1456497000,259.22499999999985,259.6499999999998,257.84999999999985,258.6499999999998,3436
1456756200,259.12499999999983,259.49999999999983,258.1499999999998,258.87499999999983,2939
1456842600,258.49999999999983,258.97499999999985,256.4499999999998,257.74999999999983,4283
1456929000,258.04999999999984,258.59999999999985,256.67499999999984,257.62499999999983,3332
1457015400,257.37499999999983,257.67499999999984,255.82499999999982,256.72499999999985,3344
1457101800,256.5749999999998,258.54999999999984,255.99999999999983,258.0249999999998,3623
1457361000,257.3999999999998,258.34999999999985,256.04999999999984,257.6499999999998,4724
1457447400,257.3999999999998,259.29999999999984,256.2749999999998,258.5749999999998,4611
1457533800,258.92499999999984,259.22499999999985,257.8999999999998,258.5249999999998,3386
1457620200,258.87499999999983,261.74999999999983,258.87499999999983,261.3999999999998,5645
1457706600,261.87499999999983,265.49999999999983,261.59999999999985,262.5249999999998,6733
1457962200,262.49999999999983,263.49999999999983,262.1499999999998,262.37499999999983,2497
1458048600,262.54999999999984,264.79999999999984,261.97499999999985,264.59999999999985,3673
1458135000,264.79999999999984,266.0249999999998,263.4499999999998,265.2749999999998,4161
1458221400,264.99999999999983,266.5249999999998,264.1999999999998,264.97499999999985,2818
1458307800,265.17499999999984,265.17499999999984,260.47499999999985,261.12499999999983,3085
1458567000,260.0749999999998,260.37499999999983,256.72499999999985,257.1999999999998,4031
1458653400,256.6999999999998,256.9499999999998,254.47499999999985,256.12499999999983,5427
1458739800,256.22499999999985,257.42499999999984,254.04999999999984,255.17499999999984,4435
1458826200,254.59999999999985,256.3249999999998,254.19999999999982,255.44999999999982,3567
1459171800,255.72499999999985,256.24999999999983,254.6499999999998,255.2749999999998,2581
1459258200,255.09999999999985,256.22499999999985,254.44999999999982,255.19999999999982,3274
1459344600,255.67499999999984,255.74999999999983,250.69999999999982,251.17499999999984,6124
1459431000,251.17499999999984,255.67499999999984,249.99999999999983,255.67499999999984,6224
1459517400,256.04999999999984,256.92499999999984,254.32499999999982,255.12499999999983,4999
1459776600,255.57499999999982,256.49999999999983,254.5249999999998,255.12499999999983,3317
1459863000,254.74999999999983,254.7749999999998,250.62499999999983,250.62499999999983,5863
1459949400,250.62499999999983,252.72499999999985,249.62499999999983,250.5249999999998,5848
1460035800,249.3999999999998,251.0249999999998,247.3999999999998,250.22499999999985,8146
1460122200,251.6499999999998,253.94999999999982,251.47499999999985,253.2749999999998,5553
1460381400,253.6499999999998,254.37499999999983,251.69999999999982,252.44999999999982,4255
1460467800,252.17499999999984,253.2749999999998,250.5249999999998,251.47499999999985,5401
1460554200,251.72499999999985,252.29999999999984,249.74999999999983,250.34999999999985,5658
1460640600,250.37499999999983,251.3999999999998,249.37499999999983,250.34999999999985,3581
1460727000,250.37499999999983,251.84999999999985,250.14999999999986,250.99999999999983,1990
1460986200,250.97499999999985,250.97499999999985,246.49999999999983,246.49999999999983,5811
1461072600,245.92499999999984,247.74999999999983,244.27499999999986,245.89999999999986,4151
1461159000,245.77499999999986,246.69999999999982,244.74999999999983,245.14999999999986,2223
1461245400,245.37499999999983,247.02499999999986,243.89999999999986,245.42499999999984,2872
1461331800,245.62499999999983,246.04999999999984,240.92499999999984,241.47499999999985,6038
1461591000,241.99999999999983,242.99999999999983,241.14999999999986,242.62499999999983,4420
1461677400,243.62499999999983,244.92499999999984,243.12499999999983,244.39999999999986,4032
1461763800,244.52499999999986,246.02499999999986,241.72499999999985,243.67499999999984,5749
1461850200,242.32499999999982,243.19999999999982,239.17499999999984,239.17499999999984,6010
1461936600,238.54999999999984,240.47499999999985,237.47499999999985,239.74999999999983,5143
1462195800,239.69999999999982,242.92499999999984,239.57499999999982,240.87499999999983,5031
1462282200,241.14999999999986,242.79999999999984,240.44999999999982,242.42499999999984,4618
1462368600,241.42499999999984,243.54999999999984,240.92499999999984,242.99999999999983,5418
1462455000,243.62499999999983,246.99999999999983,243.39999999999986,246.39999999999986,6366
1462541400,246.84999999999985,247.54999999999984,245.89999999999986,246.54999999999984,4948
1462800600,248.74999999999983,251.04999999999984,248.62499999999983,250.22499999999985,6404
1462887000,250.22499999999985,250.62499999999983,248.99999999999983,249.69999999999982,3833
1462973400,249.79999999999984,251.57499999999982,247.74999999999983,248.64999999999986,5828
1463059800,247.97499999999985,250.02499999999986,245.64999999999986,246.62499999999983,5779
1463146200,246.62499999999983,247.69999999999982,242.24999999999983,245.62499999999983,6691
1463405400,246.97499999999985,248.69999999999982,246.87499999999983,247.09999999999985,4129
1463491800,247.17499999999984,248.37499999999983,246.62499999999983,248.14999999999986,2679
1463578200,248.22499999999985,249.14999999999986,247.72499999999985,248.72499999999985,2809
1463664600,247.64999999999986,248.27499999999986,244.89999999999986,247.47499999999985,4764
1463751000,247.84999999999985,248.17499999999984,246.19999999999982,247.29999999999984,3516
1464010200,244.77499999999986,244.84999999999985,242.79999999999984,242.79999999999984,4487
1464096600,241.82499999999982,242.22499999999985,239.14999999999986,241.47499999999985,6082
1464183000,241.52499999999986,242.49999999999983,241.22499999999985,242.04999999999984,2498
1464269400,242.04999999999984,244.99999999999983,239.69999999999982,244.77499999999986,5386
1464355800,245.02499999999986,246.22499999999985,244.92499999999984,246.07499999999982,3535
1464701400,246.77499999999986,247.92499999999984,246.12499999999983,246.47499999999985,3866
1464787800,245.87499999999983,246.29999999999984,243.54999999999984,245.79999999999984,3735
1464874200,245.64999999999986,246.82499999999982,244.92499999999984,245.77499999999986,2805
1464960600,246.04999999999984,246.54999999999984,244.82499999999982,246.04999999999984,2772
1465219800,247.07499999999982,247.89999999999986,242.39999999999986,244.89999999999986,4943
1465306200,244.69999999999982,246.22499999999985,243.92499999999984,244.82499999999982,3375
1465392600,244.79999999999984,247.04999999999984,242.37499999999983,246.74999999999983,5521
1465479000,246.49999999999983,247.37499999999983,245.52499999999986,246.67499999999984,3192
1465565400,246.44999999999982,246.82499999999982,243.97499999999985,244.92499999999984,3222
1465824600,243.37499999999983,243.99999999999983,240.42499999999984,240.42499999999984,5617
1465911000,240.42499999999984,242.04999999999984,239.37499999999983,241.52499999999986,4979
1465997400,241.47499999999985,241.57499999999982,239.37499999999983,239.62499999999983,2986
1466083800,240.17499999999984,240.17499999999984,236.27499999999986,238.99999999999983,6592
1466170200,238.92499999999984,240.17499999999984,236.42499999999984,236.79999999999984,3891
1466429400,237.39999999999986,237.42499999999984,233.62499999999983,236.04999999999984,5340
1466515800,236.37499999999983,239.07499999999982,235.59999999999985,238.64999999999986,4280
1466602200,238.87499999999983,240.07499999999982,236.39999999999986,239.54999999999984,4869
1466688600,239.52499999999986,241.99999999999983,239.19999999999982,241.74999999999983,3598
1466775000,239.77499999999986,240.39999999999986,237.24999999999983,238.82499999999982,3842
1467034200,239.02499999999986,240.77499999999986,238.49999999999983,239.54999999999984,2908
1467120600,239.72499999999985,240.74999999999983,239.44999999999982,240.04999999999984,2100
1467207000,240.79999999999984,243.72499999999985,240.37499999999983,242.42499999999984,5599
1467293400,242.67499999999984,244.47499999999985,242.67499999999984,243.67499999999984,5338
1467379800,243.07499999999982,244.42499999999984,241.24999999999983,241.82499999999982,4469
1467725400,241.94999999999982,243.84999999999985,239.12499999999983,243.44999999999982,5154
1467811800,243.82499999999982,245.47499999999985,242.42499999999984,243.94999999999982,4981
1467898200,243.29999999999984,244.47499999999985,241.69999999999982,242.99999999999983,3776
1467984600,242.44999999999982,243.87499999999983,241.42499999999984,242.82499999999982,4589
1468243800,242.19999999999982,242.64999999999986,238.32499999999982,238.82499999999982,5913
1468330200,238.44999999999982,239.77499999999986,236.24999999999983,237.97499999999985,6482
1468416600,237.27499999999986,238.84999999999985,236.47499999999985,238.64999999999986,5238
1468503000,238.47499999999985,241.92499999999984,238.47499999999985,241.07499999999982,5774
1468589400,241.34999999999985,241.84999999999985,238.09999999999985,238.37499999999983,1551
1468848600,237.47499999999985,240.47499999999985,236.62499999999983,240.17499999999984,1804
1468935000,240.09999999999985,241.97499999999985,238.47499999999985,238.79999999999984,1593
1469021400,238.12499999999983,239.62499999999983,236.87499999999983,237.54999999999984,1376
1469107800,237.54999999999984,237.97499999999985,233.12499999999983,233.42499999999984,2537
1469194200,233.44999999999982,236.42499999999984,233.44999999999982,235.79999999999984,3023
1469453400,237.47499999999985,240.29999999999984,237.04999999999984,240.29999999999984,2519
1469539800,240.97499999999985,242.09999999999985,239.74999999999983,240.99999999999983,3719
1469626200,240.34999999999985,241.54999999999984,239.92499999999984,241.09999999999985,2326
1469712600,241.09999999999985,242.94999999999982,238.64999999999986,239.12499999999983,3417
1469799000,239.37499999999983,240.77499999999986,238.07499999999982,238.54999999999984,2813
1470058200,239.42499999999984,243.04999999999984,239.42499999999984,243.04999999999984,3699
1470144600,243.47499999999985,245.12499999999983,242.62499999999983,243.84999999999985,4694
1470231000,243.49999999999983,245.92499999999984,243.29999999999984,245.57499999999982,3556
1470317400,245.47499999999985,247.67499999999984,244.49999999999983,245.19999999999982,4095
1470403800,246.09999999999985,247.47499999999985,245.09999999999985,247.17499999999984,6442
1470663000,247.77499999999986,248.69999999999982,246.62499999999983,247.17499999999984,4402
1470749400,247.27499999999986,249.94999999999982,246.49999999999983,248.82499999999982,5388
1470835800,248.99999999999983,249.82499999999982,247.89999999999986,248.47499999999985,3851
1470922200,248.42499999999984,248.94999999999982,245.12499999999983,246.94999999999982,5119
1471008600,246.94999999999982,248.32499999999982,245.72499999999985,247.52499999999986,2455
1471267800,248.09999999999985,248.57499999999982,246.79999999999984,247.04999999999984,2258
1471354200,246.77499999999986,247.17499999999984,245.14999999999986,245.54999999999984,3881
1471440600,244.54999999999984,245.92499999999984,244.54999999999984,244.89999999999986,2585
1471527000,245.02499999999986,245.22499999999985,242.92499999999984,243.12499999999983,3227
1471613400,243.02499999999986,244.14999999999986,242.07499999999982,243.69999999999982,2368
1471872600,243.69999999999982,245.67499999999984,242.47499999999985,244.04999999999984,2773
1471959000,243.72499999999985,244.34999999999985,242.79999999999984,242.94999999999982,1803
1472045400,243.02499999999986,243.07499999999982,240.79999999999984,241.57499999999982,3067
1472131800,241.22499999999985,241.52499999999986,239.97499999999985,240.59999999999985,3402
1472218200,239.94999999999982,241.42499999999984,237.64999999999986,238.44999999999982,5100
1472477400,237.94999999999982,238.29999999999984,236.39999999999986,237.87499999999983,4616
1472563800,237.74999999999983,242.37499999999983,236.19999999999982,242.02499999999986,7568
1472650200,242.74999999999983,242.82499999999982,238.37499999999983,240.84999999999985,8208
1472736600,240.22499999999985,240.39999999999986,236.59999999999985,237.02499999999986,6098
1472823000,237.22499999999985,238.69999999999982,234.29999999999984,234.57499999999982,7502
1473168600,234.29999999999984,234.57499999999982,230.07499999999985,230.69999999999982,6921
1473255000,230.29999999999984,234.12499999999983,230.02499999999986,233.24999999999983,6086
1473341400,233.24999999999983,233.82499999999982,229.72499999999985,230.99999999999983,7207
1473427800,231.19999999999982,234.84999999999985,229.47499999999985,233.77499999999986,7424
1473687000,233.42499999999984,235.89999999999986,233.42499999999984,234.79999999999984,6221
1473773400,234.44999999999982,234.74999999999983,232.09999999999985,233.04999999999984,5656
1473859800,232.52499999999986,233.57499999999982,231.02499999999986,232.62499999999983,5779
1473946200,233.39999999999986,234.84999999999985,233.14999999999986,234.19999999999982,4494
1474032600,233.87499999999983,236.17499999999984,233.39999999999986,235.57499999999982,2060
1474291800,236.12499999999983,236.24999999999983,233.94999999999982,234.67499999999984,2098
1474378200,234.69999999999982,235.02499999999986,233.27499999999986,233.72499999999985,1712
1474464600,234.14999999999986,236.09999999999985,233.69999999999982,234.54999999999984,2060
1474551000,234.87499999999983,236.27499999999986,234.12499999999983,234.37499999999983,2119
1474637400,233.79999999999984,234.97499999999985,230.12499999999983,234.59999999999985,5358
1474896600,233.57499999999982,234.32499999999982,231.74999999999983,232.74999999999983,3609
1474983000,232.14999999999986,232.32499999999985,228.24999999999983,228.24999999999983,4060
1475069400,227.44999999999985,231.77499999999986,226.89999999999986,229.52499999999986,5243
1475155800,229.67499999999984,230.27499999999986,228.22499999999985,228.79999999999984,3462
1475242200,228.37499999999983,228.77499999999986,224.29999999999984,224.52499999999986,6237
1475501400,224.12499999999983,226.44999999999985,222.97499999999985,224.14999999999986,5950
1475587800,224.67499999999984,228.64999999999986,224.49999999999983,228.62499999999983,6642
1475674200,228.62499999999983,229.32499999999985,226.39999999999986,227.72499999999985,5164
1475760600,227.32499999999985,228.42499999999984,225.72499999999985,227.64999999999986,5756
1475847000,226.87499999999983,227.84999999999985,226.27499999999986,227.42499999999984,2744
1476106200,227.09999999999985,228.37499999999983,223.22499999999985,224.77499999999986,3623
1476192600,224.47499999999985,226.29999999999984,223.57499999999985,224.42499999999984,3481
1476279000,223.87499999999983,224.89999999999986,222.17499999999984,223.14999999999986,4806
1476365400,221.59999999999985,222.89999999999986,220.04999999999984,220.42499999999984,4523
1476451800,220.62499999999983,222.52499999999986,220.29999999999984,220.87499999999983,4314
1476711000,220.19999999999985,222.99999999999983,220.19999999999985,222.39999999999986,2542
1476797400,222.44999999999985,222.89999999999986,221.14999999999986,222.64999999999986,4282
1476883800,222.34999999999985,222.49999999999983,219.52499999999986,219.72499999999985,3414
1476970200,219.82499999999985,223.47499999999985,219.82499999999985,223.12499999999983,4556
1477056600,223.57499999999985,225.94999999999985,223.14999999999986,224.37499999999983,3718
1477315800,226.29999999999984,228.07499999999985,226.12499999999983,226.94999999999985,3788
1477402200,226.62499999999983,228.74999999999983,226.37499999999983,226.57499999999985,4547
1477488600,226.64999999999986,227.84999999999985,226.34999999999985,227.22499999999985,3153
1477575000,227.24999999999983,229.07499999999985,227.19999999999985,227.39999999999986,3797
1477661400,227.64999999999986,228.49999999999983,224.57499999999985,224.87499999999983,4236
1477920600,225.37499999999983,226.09999999999985,224.09999999999985,224.87499999999983,3420
1478007000,224.97499999999985,229.37499999999983,224.97499999999985,229.29999999999984,6500
1478093400,229.67499999999984,230.24999999999983,228.47499999999985,229.79999999999984,4576
1478179800,229.72499999999985,229.79999999999984,226.39999999999986,227.62499999999983,5964
1478266200,227.62499999999983,227.62499999999983,225.09999999999985,226.72499999999985,4497
1478529000,226.87499999999983,227.09999999999985,223.82499999999985,225.12499999999983,4759
1478615400,224.72499999999985,228.37499999999983,224.62499999999983,228.09999999999985,5398
1478701800,227.74999999999983,229.37499999999983,227.09999999999985,228.59999999999985,3526
1478788200,228.77499999999986,229.92499999999984,228.39999999999986,229.19999999999985,3430
1478874600,229.42499999999984,230.07499999999985,228.84999999999985,229.89999999999986,2715
1479133800,230.12499999999983,232.84999999999985,229.99999999999983,231.19999999999985,5890
1479220200,231.59999999999985,232.14999999999986,230.49999999999983,231.89999999999986,3541
1479306600,231.64999999999986,234.54999999999984,231.52499999999986,234.19999999999985,5739
1479393000,234.27499999999986,235.39999999999986,233.32499999999985,233.79999999999984,5888
1479479400,233.47499999999985,234.59999999999985,232.84999999999985,233.84999999999985,3520
1479738600,233.87499999999983,235.37499999999983,232.42499999999984,233.04999999999984,3689
1479825000,232.67499999999984,233.57499999999985,231.97499999999985,232.92499999999984,3174
1479911400,232.89999999999986,233.99999999999983,232.47499999999985,233.77499999999986,2533
1480084200,234.62499999999983,236.37499999999983,234.62499999999983,236.09999999999985,3647
1480343400,236.17499999999984,237.09999999999985,234.72499999999985,235.67499999999984,4639
1480429800,235.09999999999985,236.62499999999983,234.44999999999985,235.84999999999985,4277
1480516200,235.82499999999985,237.59999999999985,235.82499999999985,237.29999999999984,4624
1480602600,238.12499999999983,238.47499999999985,236.19999999999985,236.64999999999986,5398
1480689000,236.64999999999986,236.97499999999985,233.07499999999985,233.47499999999985,5319
1480948200,233.64999999999986,234.37499999999983,232.89999999999986,233.19999999999985,3259
1481034600,233.57499999999985,236.29999999999984,231.79999999999984,235.72499999999985,5462
1481121000,235.57499999999985,236.42499999999984,234.27499999999986,235.84999999999985,5206
1481207400,235.47499999999985,236.62499999999983,233.44999999999985,235.47499999999985,5464
1481293800,234.69999999999985,235.04999999999984,233.74999999999983,234.82499999999985,3922
1481553000,234.94999999999985,237.94999999999982,233.99999999999983,237.42499999999984,5721
1481639400,237.87499999999983,238.67499999999984,237.52499999999986,237.84999999999985,6403
1481725800,237.52499999999986,238.54999999999984,235.94999999999985,236.57499999999985,5212
1481812200,236.27499999999986,237.19999999999982,235.69999999999985,236.57499999999985,3422
1481898600,236.69999999999985,238.29999999999984,236.67499999999984,238.12499999999983,3665
1482157800,238.02499999999986,239.04999999999984,237.42499999999984,238.74999999999983,3070
1482244200,238.59999999999985,239.17499999999984,237.12499999999983,237.67499999999984,4981
1482330600,237.44999999999985,238.52499999999986,236.92499999999984,238.02499999999986,3802
1482417000,238.04999999999984,239.14999999999986,237.57499999999985,238.99999999999983,2339
1482503400,238.72499999999985,239.34999999999985,237.22499999999985,238.52499999999986,2345
1482849000,237.82499999999985,238.49999999999983,237.27499999999986,237.77499999999986,1662
1482935400,237.82499999999985,239.07499999999985,237.49999999999983,238.77499999999986,3583
1483021800,238.89999999999986,238.97499999999985,237.69999999999985,238.62499999999983,2660
1483108200,238.44999999999985,239.72499999999985,236.17499999999984,236.92499999999984,4981
1483453800,237.72499999999985,237.99999999999983,236.39999999999986,236.84999999999985,4755
1483540200,236.57499999999985,236.89999999999986,235.12499999999983,235.57499999999985,6522
1483626600,235.82499999999985,236.47499999999985,235.39999999999986,235.57499999999985,3115
1483713000,235.59999999999985,236.12499999999983,234.84999999999985,235.62499999999983,3446
1483972200,235.84999999999985,237.74999999999983,234.74999999999983,237.32499999999985,5284
1484058600,238.32499999999985,241.82499999999985,237.49999999999983,241.82499999999985,7487
1484145000,241.37499999999986,242.77499999999984,240.44999999999985,241.44999999999985,6079
1484231400,240.47499999999985,240.62499999999986,237.32499999999985,239.57499999999985,5572
1484317800,239.47499999999985,241.27499999999984,238.59999999999985,241.12499999999986,4856
1484663400,241.29999999999984,241.97499999999985,240.92499999999984,241.87499999999986,3690
1484749800,241.62499999999986,242.12499999999986,240.62499999999986,241.37499999999986,4281
1484836200,241.64999999999984,242.44999999999985,240.92499999999984,241.97499999999985,3933
1484922600,241.92499999999984,243.57499999999985,240.47499999999985,243.09999999999985,5004
1485181800,243.49999999999986,243.52499999999984,242.32499999999985,242.49999999999986,3888
1485268200,242.42499999999984,243.14999999999984,240.99999999999986,241.99999999999986,4503
1485354600,241.69999999999985,242.72499999999985,241.02499999999984,241.67499999999984,3666
1485441000,241.42499999999984,241.42499999999984,238.09999999999985,238.92499999999984,5264
1485527400,238.72499999999985,239.39999999999986,237.92499999999984,239.27499999999986,4555
1485786600,237.02499999999986,237.02499999999986,235.32499999999985,235.72499999999985,5379
1485873000,235.62499999999983,236.34999999999985,234.14999999999986,234.59999999999985,6169
1485959400,233.92499999999984,235.49999999999983,232.89999999999986,233.89999999999986,7195
1486045800,234.24999999999983,235.72499999999985,233.64999999999986,235.57499999999985,5888
1486132200,235.92499999999984,236.67499999999984,235.07499999999985,235.39999999999986,4156
1486391400,235.39999999999986,236.37499999999983,234.84999999999985,235.34999999999985,3943
1486477800,235.82499999999985,236.42499999999984,235.44999999999985,236.04999999999984,5052
1486564200,236.02499999999986,236.29999999999984,233.77499999999986,234.12499999999983,7345
1486650600,234.34999999999985,235.62499999999983,233.72499999999985,235.44999999999985,5961
1486737000,235.59999999999985,236.54999999999984,233.34999999999985,233.89999999999986,6144
1486996200,233.92499999999984,234.69999999999985,232.32499999999985,233.64999999999986,7332
1487082600,233.64999999999986,235.97499999999985,233.49999999999983,235.82499999999985,5151
1487169000,235.99999999999983,236.87499999999983,235.62499999999983,236.09999999999985,4940
1487255400,235.69999999999985,236.47499999999985,234.62499999999983,235.64999999999986,2899
1487341800,235.62499999999983,236.44999999999985,235.32499999999985,236.09999999999985,2061
1487687400,236.64999999999986,237.54999999999984,236.64999999999986,237.02499999999986,2745
1487773800,236.99999999999983,237.87499999999983,235.99999999999983,237.42499999999984,3401
1487860200,237.44999999999985,238.04999999999984,237.07499999999985,237.39999999999986,3535
1487946600,237.39999999999986,237.39999999999986,233.19999999999985,233.44999999999985,5773
1488205800,234.39999999999986,235.72499999999985,233.87499999999983,235.44999999999985,4312
1488292200,235.44999999999985,237.02499999999986,234.74999999999983,236.59999999999985,5300
1488378600,236.54999999999984,237.17499999999984,235.09999999999985,235.64999999999986,4900
1488465000,235.47499999999985,235.49999999999983,233.69999999999985,233.82499999999985,6289
1488551400,233.89999999999986,235.07499999999985,232.82499999999985,234.84999999999985,3702
1488810600,235.34999999999985,235.79999999999984,234.29999999999984,234.57499999999985,3180
1488897000,234.47499999999985,235.04999999999984,233.82499999999985,234.24999999999983,4604
1488983400,234.04999999999984,235.52499999999986,233.84999999999985,234.67499999999984,4741
1489069800,235.49999999999983,236.64999999999986,235.32499999999985,236.52499999999986,4853
1489156200,236.59999999999985,238.82499999999985,236.19999999999985,238.57499999999985,6665
1489411800,238.97499999999985,240.74999999999983,238.89999999999986,239.99999999999983,5491
1489498200,240.02499999999986,240.34999999999985,238.37499999999983,239.32499999999985,5877
1489584600,239.34999999999985,240.92499999999984,239.14999999999986,240.59999999999985,4419
1489671000,241.07499999999987,242.82499999999987,240.99999999999983,242.44999999999987,5452
1489757400,242.47499999999985,243.67499999999984,242.19999999999987,243.39999999999986,3573
1490016600,243.37499999999983,245.22499999999985,242.62499999999983,244.29999999999984,4460
1490103000,244.57499999999987,245.14999999999986,243.89999999999986,244.52499999999986,4134
1490189400,244.67499999999984,248.99999999999983,244.57499999999987,248.29999999999984,6096
1490275800,249.02499999999986,249.24999999999983,246.92499999999984,247.04999999999984,5723
1490362200,247.19999999999987,248.24999999999983,246.24999999999983,246.82499999999987,4869
1490621400,246.29999999999984,246.59999999999985,243.87499999999983,244.34999999999985,5500
1490707800,244.17499999999984,244.99999999999983,244.02499999999986,244.62499999999983,5489
1490794200,245.02499999999986,246.99999999999983,244.62499999999983,246.24999999999983,5170
1490880600,245.77499999999986,245.82499999999987,243.94999999999987,244.44999999999987,4351
1490967000,244.22499999999985,245.84999999999985,243.14999999999986,245.72499999999985,6224
1491226200,245.62499999999983,246.37499999999983,244.37499999999983,244.82499999999987,5040
1491312600,244.24999999999983,244.37499999999983,242.89999999999986,243.32499999999987,6984
1491399000,242.99999999999983,243.79999999999984,242.07499999999987,243.44999999999987,5691
1491485400,244.19999999999987,245.59999999999985,243.27499999999986,245.19999999999987,6717
1491571800,245.19999999999987,247.54999999999984,245.19999999999987,246.89999999999986,8728
1491831000,247.64999999999986,249.82499999999987,247.62499999999983,248.39999999999986,7555
1491917400,248.37499999999983,250.97499999999985,248.04999999999984,250.34999999999985,7582
1492003800,250.67499999999984,252.79999999999984,249.82499999999987,250.84999999999985,10142
1492090200,250.84999999999985,252.29999999999984,249.74999999999983,251.42499999999984,8560
1492435800,252.32499999999987,253.69999999999987,251.92499999999984,253.37499999999983,4221
1492522200,253.87499999999983,254.97499999999985,252.62499999999983,253.32499999999987,5763
1492608600,253.14999999999986,254.39999999999986,252.02499999999986,254.09999999999985,5729
1492695000,254.87499999999983,256.6999999999999,253.44999999999987,253.59999999999985,7554
1492781400,253.87499999999983,254.82499999999987,252.87499999999983,253.39999999999986,6762
1493040600,252.57499999999987,253.07499999999987,251.02499999999986,251.84999999999985,5732
1493127000,252.34999999999985,253.44999999999987,251.69999999999987,252.49999999999983,5917
1493213400,252.89999999999986,256.99999999999983,252.72499999999985,256.99999999999983,7933
1493299800,257.89999999999986,261.49999999999983,256.6999999999999,261.49999999999983,8862
1493386200,262.17499999999984,266.24999999999983,259.49999999999983,265.84999999999985,13897
1493645400,265.87499999999983,267.64999999999986,263.8249999999999,264.89999999999986,9146
1493731800,264.89999999999986,269.39999999999986,264.14999999999986,266.74999999999983,8978
1493818200,267.09999999999985,271.24999999999983,265.79999999999984,271.24999999999983,11399
1493904600,271.72499999999985,274.64999999999986,267.34999999999985,269.0749999999999,13882
1493991000,268.22499999999985,268.42499999999984,264.5749999999999,264.5749999999999,5782
1494250200,263.02499999999986,267.89999999999986,262.64999999999986,267.79999999999984,9760
1494336600,267.97499999999985,269.9499999999999,263.29999999999984,263.29999999999984,8118
1494423000,261.99999999999983,262.22499999999985,258.47499999999985,260.0749999999999,11190
1494509400,260.67499999999984,261.04999999999984,255.79999999999984,258.47499999999985,9563
1494595800,260.14999999999986,262.97499999999985,260.0749999999999,262.97499999999985,8198
1494855000,264.17499999999984,265.39999999999986,259.24999999999983,260.42499999999984,6255
1494941400,260.14999999999986,260.29999999999984,256.97499999999985,258.84999999999985,7644
1495027800,259.59999999999985,260.47499999999985,257.59999999999985,258.87499999999983,6515
1495114200,257.64999999999986,260.97499999999985,257.64999999999986,260.49999999999983,7103
1495200600,261.12499999999983,262.47499999999985,259.77499999999986,261.59999999999985,4695
1495459800,262.24999999999983,264.6999999999999,261.52499999999986,263.92499999999984,4769
1495546200,264.24999999999983,264.84999999999985,262.42499999999984,262.64999999999986,4589
1495632600,261.89999999999986,262.17499999999984,258.27499999999986,259.8249999999999,7456
1495719000,260.14999999999986,262.39999999999986,259.02499999999986,262.27499999999986,4457
1495805400,262.54999999999984,262.72499999999985,257.77499999999986,258.09999999999985,6693
1496151000,257.89999999999986,261.39999999999986,256.37499999999983,261.0749999999999,6282
1496237400,261.52499999999986,264.29999999999984,260.64999999999986,263.72499999999985,7316
1496323800,264.22499999999985,268.22499999999985,264.09999999999985,268.22499999999985,6003
1496410200,269.74999999999983,270.77499999999986,267.74999999999983,269.87499999999983,7616
1496669400,270.39999999999986,271.87499999999983,269.14999999999986,271.02499999999986,4855
1496755800,271.8249999999999,272.04999999999984,266.52499999999986,266.52499999999986,5409
1496842200,265.87499999999983,267.39999999999986,262.84999999999985,265.9499999999999,7565
1496928600,266.1999999999999,267.99999999999983,264.1999999999999,265.09999999999985,5726
1497015000,265.3249999999999,266.14999999999986,263.6999999999999,265.3249999999999,3815
1497274200,265.67499999999984,266.29999999999984,261.02499999999986,262.6999999999999,5888
1497360600,262.77499999999986,264.1999999999999,259.8249999999999,261.09999999999985,4552
1497447000,260.24999999999983,260.54999999999984,256.6999999999999,257.27499999999986,7649
1497533400,256.52499999999986,258.92499999999984,255.89999999999986,258.22499999999985,6142
1497619800,258.99999999999983,260.0749999999999,257.9499999999999,259.02499999999986,4179
1497879000,259.47499999999985,259.87499999999983,255.22499999999985,256.14999999999986,4962
1497965400,255.29999999999984,256.0749999999999,251.92499999999984,255.07499999999987,6830
1498051800,256.14999999999986,256.92499999999984,254.54999999999984,255.79999999999984,5009
1498138200,254.42499999999984,255.34999999999985,252.84999999999985,254.59999999999985,3911
1498224600,255.17499999999984,256.62499999999983,254.84999999999985,256.09999999999985,3531
1498483800,255.94999999999987,260.59999999999985,255.27499999999986,260.59999999999985,6685
1498570200,261.34999999999985,261.84999999999985,255.77499999999986,256.02499999999986,7588
1498656600,254.92499999999984,257.79999999999984,254.07499999999987,257.54999999999984,5535
1498743000,257.79999999999984,259.04999999999984,256.42499999999984,258.3249999999999,4412
1498829400,258.14999999999986,259.34999999999985,255.94999999999987,259.0749999999999,5454
1499088600,259.09999999999985,259.37499999999983,256.14999999999986,257.24999999999983,4764
1499261400,257.27499999999986,257.37499999999983,253.19999999999987,253.37499999999983,6863
1499347800,253.99999999999983,256.49999999999983,252.34999999999985,255.77499999999986,8219
1499434200,256.29999999999984,256.99999999999983,254.99999999999983,256.17499999999984,4870
1499693400,255.74999999999983,256.49999999999983,254.34999999999985,255.82499999999987,5089
1499779800,255.84999999999985,259.14999999999986,255.22499999999985,258.39999999999986,6257
1499866200,259.14999999999986,262.89999999999986,258.34999999999985,262.89999999999986,6674
1499952600,263.64999999999986,265.72499999999985,262.49999999999983,264.17499999999984,9426
1500039000,264.17499999999984,265.9499999999999,262.97499999999985,265.42499999999984,6702
1500298200,264.67499999999984,266.72499999999985,264.67499999999984,265.5749999999999,5747
1500384600,264.99999999999983,265.04999999999984,261.67499999999984,262.74999999999983,6048
1500471000,261.09999999999985,266.3249999999999,260.74999999999983,265.64999999999986,6938
1500557400,265.79999999999984,266.12499999999983,263.17499999999984,263.42499999999984,4491
1500643800,263.9999999999999,265.1999999999999,263.02499999999986,264.2499999999999,3084
1500903000,261.14999999999986,261.14999999999986,259.7499999999999,259.77499999999986,3825
1500989400,259.8749999999999,260.92499999999984,258.09999999999985,258.2499999999999,4180
1501075800,258.77499999999986,259.9499999999999,256.79999999999984,258.17499999999984,3822
1501162200,258.92499999999984,261.02499999999986,258.09999999999985,260.04999999999984,5827
1501248600,260.04999999999984,260.09999999999985,257.34999999999985,258.1999999999999,4742
1501507800,258.09999999999985,258.92499999999984,256.2499999999999,257.7499999999999,4797
1501594200,258.2499999999999,261.02499999999986,257.7499999999999,260.54999999999984,4020
1501680600,260.4999999999999,262.02499999999986,258.72499999999985,261.6999999999999,4419
1501767000,261.97499999999985,262.8249999999999,261.14999999999986,262.29999999999984,4571
1501853400,262.29999999999984,262.59999999999985,261.09999999999985,261.9499999999999,4465
1502112600,261.64999999999986,261.64999999999986,257.59999999999985,258.1999999999999,7909
1502199000,258.29999999999984,259.17499999999984,256.89999999999986,257.7499999999999,6315
1502285400,257.09999999999985,257.27499999999986,253.2499999999999,253.2499999999999,7885
1502371800,252.79999999999984,253.4999999999999,251.84999999999985,252.39999999999986,7122
1502458200,252.7499999999999,254.1249999999999,251.8749999999999,253.32499999999987,7257
1502717400,253.44999999999987,254.19999999999987,252.14999999999986,253.8749999999999,4102
1502803800,253.77499999999986,258.3249999999999,252.57499999999987,257.84999999999985,6562
1502890200,257.67499999999984,257.8249999999999,254.04999999999984,254.22499999999985,5272
1502976600,254.29999999999984,254.47499999999985,251.22499999999985,251.82499999999987,5752
1503063000,251.79999999999984,252.77499999999986,250.09999999999985,251.27499999999986,5063
1503322200,251.19999999999987,251.52499999999986,249.89999999999986,250.84999999999985,4548
1503408600,250.84999999999985,254.29999999999984,250.84999999999985,253.6249999999999,4868
1503495000,254.19999999999987,254.19999999999987,252.47499999999985,253.04999999999984,3727
1503581400,252.19999999999987,254.57499999999987,250.72499999999985,253.7499999999999,5349
1503667800,254.54999999999984,256.02499999999986,253.84999999999985,254.29999999999984,4716
1503927000,255.52499999999986,258.59999999999985,255.34999999999985,257.7499999999999,6587
1504013400,257.7499999999999,258.84999999999985,254.29999999999984,254.8749999999999,6192
1504099800,254.64999999999986,255.69999999999987,253.2499999999999,255.47499999999985,4633
1504186200,255.44999999999987,257.29999999999984,253.67499999999984,254.64999999999986,5462
1504272600,254.77499999999986,255.94999999999987,253.9999999999999,254.89999999999986,4330
1504618200,254.67499999999984,256.27499999999986,253.39999999999986,253.84999999999985,5623
1504704600,253.69999999999987,255.42499999999984,253.57499999999987,255.04999999999984,4363
1504791000,255.82499999999987,258.67499999999984,255.54999999999984,257.4999999999999,6994
1504877400,258.09999999999985,260.47499999999985,257.52499999999986,259.77499999999986,7327
1505136600,259.89999999999986,261.04999999999984,259.67499999999984,260.6999999999999,7044
1505223000,260.67499999999984,261.22499999999985,259.4999999999999,260.4999999999999,6095
1505309400,260.29999999999984,261.59999999999985,258.6999999999999,260.97499999999985,6687
1505395800,261.14999999999986,262.1249999999999,259.84999999999985,260.9499999999999,6366
1505482200,261.17499999999984,262.39999999999986,260.22499999999985,262.1999999999999,3134
1505741400,262.22499999999985,263.92499999999984,262.09999999999985,263.67499999999984,4204
1505827800,263.77499999999986,264.7499999999999,263.27499999999986,264.59999999999985,3271
1505914200,264.4499999999999,269.09999999999985,264.4499999999999,269.02499999999986,7426
1506000600,268.77499999999986,268.89999999999986,267.3749999999999,268.29999999999984,6580
1506087000,268.27499999999986,269.4999999999999,267.54999999999984,269.09999999999985,6432
1506346200,266.47499999999985,266.47499999999985,264.59999999999985,264.59999999999985,2939
1506432600,263.8749999999999,265.1999999999999,262.84999999999985,263.7499999999999,8025
1506519000,264.1999999999999,266.4499999999999,263.97499999999985,265.9999999999999,5801
1506605400,265.77499999999986,266.84999999999985,265.54999999999984,266.4499999999999,3994
1506691800,266.4499999999999,267.02499999999986,264.84999999999985,265.47499999999985,5684
1506951000,265.2499999999999,266.2499999999999,262.9499999999999,263.0749999999999,5319
1507037400,263.34999999999985,266.22499999999985,263.0749999999999,265.77499999999986,6455
1507123800,266.1999999999999,266.8749999999999,264.89999999999986,264.97499999999985,5431
1507210200,265.29999999999984,266.5749999999999,265.14999999999986,266.3249999999999,4999
1507296600,266.2999999999999,267.6999999999999,266.1999999999999,267.4499999999999,4264
1507555800,267.7499999999999,268.14999999999986,266.5749999999999,267.4999999999999,3753
1507642200,267.6999999999999,268.97499999999985,267.14999999999986,268.1999999999999,5026
1507728600,268.0749999999999,268.77499999999986,266.6749999999999,267.9999999999999,3940
1507815000,267.6249999999999,268.3749999999999,265.4499999999999,265.9999999999999,5792
1507901400,265.97499999999985,266.9999999999999,264.8249999999999,266.7999999999999,5494
1508160600,266.89999999999986,267.3749999999999,266.0749999999999,266.2999999999999,3431
1508247000,266.34999999999985,266.64999999999986,264.0749999999999,264.14999999999986,5531
1508333400,263.7499999999999,264.3249999999999,262.4249999999999,263.8749999999999,7069
1508419800,263.97499999999985,265.3749999999999,263.1249999999999,264.9499999999999,5645
1508506200,265.22499999999985,265.8249999999999,263.77499999999986,265.0749999999999,5099
1508765400,262.09999999999985,265.14999999999986,261.9249999999999,264.6249999999999,6295
1508851800,264.8249999999999,269.0749999999999,264.52499999999986,268.7499999999999,7133
1508938200,268.7499999999999,270.84999999999985,268.3249999999999,269.34999999999985,7523
1509024600,269.34999999999985,270.6249999999999,269.02499999999986,269.84999999999985,5454
1509111000,270.0749999999999,270.52499999999986,268.6249999999999,269.6999999999999,4732
1509370200,271.52499999999986,273.5749999999999,270.8749999999999,271.09999999999985,7930
1509456600,270.9499999999999,274.0499999999999,270.89999999999986,273.3249999999999,8266
1509543000,273.3249999999999,274.9999999999999,273.27499999999986,274.39999999999986,7349
1509629400,274.47499999999985,275.2999999999999,271.1249999999999,271.97499999999985,7100
1509715800,273.77499999999986,275.8249999999999,273.72499999999985,275.27499999999986,6779
1509978600,275.2999999999999,275.6249999999999,273.02499999999986,274.6249999999999,5926
1510065000,274.9999999999999,274.9999999999999,273.14999999999986,274.27499999999986,6027
1510151400,273.77499999999986,274.3249999999999,270.39999999999986,270.64999999999986,7216
1510237800,270.4999999999999,271.6749999999999,269.64999999999986,271.59999999999985,5061
1510324200,271.72499999999985,272.4499999999999,270.14999999999986,270.9249999999999,5661
1510583400,270.22499999999985,271.2999999999999,269.1249999999999,270.72499999999985,6603
1510669800,270.39999999999986,270.6249999999999,267.3249999999999,267.64999999999986,6940
1510756200,267.3249999999999,268.14999999999986,266.4999999999999,267.9999999999999,6185
1510842600,267.9249999999999,268.09999999999985,266.9499999999999,267.64999999999986,4363
1510929000,267.7499999999999,267.7499999999999,265.09999999999985,265.47499999999985,5292
1511188200,264.7499999999999,265.59999999999985,263.0499999999999,263.2999999999999,6050
1511274600,263.8249999999999,265.7999999999999,263.2499999999999,265.3749999999999,5908
1511361000,266.4999999999999,267.1749999999999,266.22499999999985,266.47499999999985,2967
1511533800,266.2999999999999,267.3249999999999,265.4999999999999,267.0499999999999,2972
1511793000,267.0749999999999,268.8749999999999,266.52499999999986,268.1999999999999,4798
1511879400,268.4999999999999,268.6749999999999,267.0749999999999,268.2499999999999,4535
1511965800,268.4499999999999,269.6249999999999,268.2499999999999,269.3249999999999,4506
1512052200,269.22499999999985,269.7999999999999,265.89999999999986,267.9249999999999,7708
1512138600,267.9499999999999,267.9499999999999,263.59999999999985,264.0749999999999,7380
1512397800,263.77499999999986,264.6249999999999,262.5749999999999,263.6999999999999,5648
1512484200,264.27499999999986,264.84999999999985,259.7999999999999,261.5749999999999,8117
1512570600,261.2999999999999,261.2999999999999,259.22499999999985,259.77499999999986,7039
1512657000,259.77499999999986,260.4249999999999,258.64999999999986,260.0749999999999,7860
1512743400,260.4999999999999,260.7499999999999,258.6999999999999,258.97499999999985,6264
1513002600,259.09999999999985,260.02499999999986,258.1999999999999,259.1999999999999,6216
1513089000,259.4499999999999,261.7499999999999,259.02499999999986,260.84999999999985,7283
1513175400,261.0749999999999,262.1249999999999,259.09999999999985,259.39999999999986,6513
1513261800,259.39999999999986,260.5499999999999,258.9999999999999,259.9999999999999,4959
1513348200,260.34999999999985,261.72499999999985,258.4499999999999,261.1999999999999,4378
1513607400,262.0499999999999,262.27499999999986,259.9499999999999,260.89999999999986,4061
1513693800,261.09999999999985,261.64999999999986,258.59999999999985,258.9499999999999,6021
1513780200,258.84999999999985,258.84999999999985,254.72499999999985,255.39999999999986,6935
1513866600,255.52499999999986,256.4249999999999,254.44999999999987,256.0499999999999,4818
1513953000,256.0749999999999,256.64999999999986,253.94999999999987,254.19999999999987,4968
1514298600,254.27499999999986,257.5749999999999,254.2499999999999,256.9999999999999,5129
1514385000,257.5499999999999,258.0499999999999,256.64999999999986,257.3749999999999,5127
1514471400,257.5499999999999,258.8749999999999,256.4999999999999,257.8749999999999,4438
1514557800,258.3749999999999,258.6999999999999,256.59999999999985,258.3249999999999,4700
1514903400,259.1999999999999,262.8249999999999,259.1999999999999,262.52499999999986,6994
1514989800,262.64999999999986,262.77499999999986,261.7999999999999,262.47499999999985,4613
1515076200,262.52499999999986,264.1999999999999,260.6749999999999,261.1999999999999,6397
1515162600,260.8749999999999,260.8749999999999,256.7999999999999,257.6249999999999,7043
1515421800,257.3249999999999,258.02499999999986,256.1999999999999,257.5749999999999,5653
1515508200,257.59999999999985,258.6999999999999,255.77499999999986,258.39999999999986,7283
1515594600,258.8749999999999,260.0749999999999,257.34999999999985,257.8749999999999,6040
1515681000,256.9499999999999,257.84999999999985,255.94999999999987,257.02499999999986,5507
1515767400,257.1249999999999,258.4499999999999,256.2999999999999,258.2999999999999,4145
1516113000,258.39999999999986,259.7999999999999,257.7499999999999,259.5749999999999,5052
1516199400,259.2499999999999,263.0499999999999,258.64999999999986,261.6249999999999,9165
1516285800,262.1249999999999,263.14999999999986,261.64999999999986,262.8249999999999,5440
1516372200,263.09999999999985,263.52499999999986,260.5499999999999,261.2499999999999,6321
1516631400,262.09999999999985,262.27499999999986,261.1249999999999,261.47499999999985,4267
1516717800,261.7499999999999,263.14999999999986,260.7999999999999,262.6249999999999,5099
1516804200,262.9499999999999,263.3749999999999,261.7499999999999,262.0499999999999,4209
1516890600,262.2999999999999,262.9499999999999,258.0749999999999,259.5749999999999,6824
1516977000,259.5499999999999,263.1249999999999,258.89999999999986,262.3749999999999,6452
1517236200,263.6999999999999,265.1249999999999,261.7999999999999,262.64999999999986,5861
1517322600,262.1999999999999,263.3249999999999,260.0749999999999,262.8249999999999,7146
1517409000,262.14999999999986,263.0499999999999,260.39999999999986,260.6999999999999,5243
1517495400,261.47499999999985,265.1999999999999,261.0749999999999,265.1999999999999,7172
1517581800,265.34999999999985,267.2499999999999,264.97499999999985,266.5749999999999,8264
1517841000,266.4499999999999,267.59999999999985,263.6999999999999,265.3249999999999,7700
1517927400,263.8249999999999,265.6999999999999,263.5749999999999,264.3749999999999,4755
1518013800,264.4249999999999,265.3749999999999,263.77499999999986,263.9499999999999,6119
1518100200,264.3749999999999,265.89999999999986,262.6999999999999,262.89999999999986,8100
1518186600,262.89999999999986,263.47499999999985,259.84999999999985,261.84999999999985,10107
1518445800,261.64999999999986,264.2999999999999,261.1749999999999,263.3249999999999,6299
1518532200,263.5749999999999,263.97499999999985,262.39999999999986,262.9249999999999,5507
1518618600,262.9249999999999,264.22499999999985,262.52499999999986,263.8249999999999,5423
1518705000,263.9249999999999,265.77499999999986,263.6249999999999,265.47499999999985,5274
1518791400,265.34999999999985,265.77499999999986,264.42499999999984,265.5749999999999,2382
1519137000,265.87499999999983,266.27499999999986,264.74999999999983,265.62499999999983,3632
1519223400,265.47499999999985,265.5749999999999,261.72499999999985,262.27499999999986,6637
1519309800,261.99999999999983,262.0749999999999,261.0749999999999,261.24999999999983,5031
1519396200,261.47499999999985,261.97499999999985,260.6999999999999,261.67499999999984,0
1519655400,260.89999999999986,262.09999999999985,260.27499999999986,261.12499999999983,5086
1519741800,261.42499999999984,263.29999999999984,261.24999999999983,262.37499999999983,6650
1519828200,262.0749999999999,262.77499999999986,259.72499999999985,260.17499999999984,7163
1519914600,260.17499999999984,260.5749999999999,258.62499999999983,259.92499999999984,6627
1520001000,259.67499999999984,259.89999999999986,257.79999999999984,258.4499999999999,5335
1520260200,258.52499999999986,260.39999999999986,257.52499999999986,260.04999999999984,6642
1520346600,260.34999999999985,261.5749999999999,258.9499999999999,259.29999999999984,6614
1520433000,259.17499999999984,259.79999999999984,258.37499999999983,258.54999999999984,6939
1520519400,258.77499999999986,258.97499999999985,255.07499999999987,256.17499999999984,8690
1520605800,256.27499999999986,257.12499999999983,255.17499999999984,256.3249999999999,6780
1520861400,256.87499999999983,257.02499999999986,255.29999999999984,255.74999999999983,5387
1520947800,255.84999999999985,256.37499999999983,254.19999999999987,255.47499999999985,6362
1521034200,256.39999999999986,258.02499999999986,255.52499999999986,255.89999999999986,6353
1521120600,255.89999999999986,256.5749999999999,253.42499999999984,253.99999999999983,5840
1521207000,253.79999999999984,254.39999999999986,252.72499999999985,253.34999999999985,4015
1521466200,253.89999999999986,254.04999999999984,251.17499999999984,251.42499999999984,5419
1521552600,251.44999999999987,251.94999999999987,249.79999999999984,250.64999999999986,6059
1521639000,250.69999999999987,251.14999999999986,248.79999999999984,249.34999999999985,5576
1521725400,249.39999999999986,251.19999999999987,248.79999999999984,250.92499999999984,5987
1521811800,250.39999999999986,251.34999999999985,248.82499999999987,249.69999999999987,7081
1522071000,249.39999999999986,250.69999999999987,247.79999999999984,247.94999999999987,5865
1522157400,247.94999999999987,250.27499999999986,247.82499999999987,248.74999999999983,6020
1522243800,249.14999999999986,251.72499999999985,248.92499999999984,250.89999999999986,6535
1522330200,251.09999999999985,252.32499999999987,246.39999999999986,246.42499999999984,0
1522675800,245.82499999999987,247.09999999999985,243.99999999999983,244.77499999999986,8310
1522762200,244.87499999999983,245.94999999999987,243.19999999999987,243.37499999999983,8644
1522848600,242.92499999999984,247.87499999999983,241.27499999999986,247.52499999999986,11510
1522935000,248.39999999999986,251.34999999999985,247.79999999999984,250.44999999999987,9143
1523021400,249.47499999999985,250.14999999999986,247.37499999999983,248.02499999999986,10533
1523280600,248.59999999999985,250.97499999999985,247.42499999999984,247.92499999999984,8122
1523367000,248.47499999999985,250.04999999999984,246.72499999999985,247.67499999999984,7366
1523453400,248.32499999999987,249.49999999999983,247.29999999999984,247.94999999999987,5928
1523539800,248.89999999999986,252.44999999999987,248.77499999999986,252.37499999999983,9302
1523626200,253.02499999999986,253.64999999999986,251.64999999999986,252.52499999999986,5268
1523885400,253.42499999999984,254.19999999999987,251.77499999999986,252.19999999999987,4769
1523971800,252.12499999999983,253.62499999999983,251.57499999999987,252.49999999999983,4620
1524058200,252.77499999999986,253.77499999999986,252.54999999999984,253.47499999999985,3518
1524144600,253.47499999999985,253.69999999999987,250.77499999999986,251.12499999999983,5172
1524231000,251.49999999999983,252.19999999999987,248.97499999999985,251.92499999999984,7800
1524490200,252.72499999999985,254.87499999999983,252.59999999999985,254.54999999999984,6682
1524576600,254.62499999999983,256.04999999999984,253.67499999999984,253.89999999999986,8281
1524663000,253.39999999999986,255.19999999999987,252.84999999999985,254.84999999999985,5985
1524749400,255.07499999999987,255.67499999999984,253.59999999999985,253.92499999999984,6942
1524835800,253.59999999999985,256.12499999999983,253.19999999999987,255.67499999999984,6416
1525095000,256.27499999999986,256.49999999999983,253.22499999999985,253.62499999999983,8636
1525181400,254.07499999999987,254.07499999999987,250.57499999999987,250.89999999999986,10884
1525267800,251.17499999999984,252.44999999999987,250.44999999999987,251.87499999999983,8286
1525354200,251.92499999999984,254.49999999999983,251.27499999999986,253.99999999999983,6945
1525440600,254.42499999999984,254.72499999999985,253.22499999999985,253.74999999999983,4237
1525699800,253.59999999999985,253.64999999999986,250.69999999999987,251.12499999999983,6161
1525786200,251.17499999999984,251.32499999999987,249.09999999999985,251.14999999999986,7367
1525872600,251.42499999999984,252.22499999999985,249.62499999999983,250.12499999999983,6655
1525959000,249.89999999999986,251.84999999999985,248.57499999999987,251.37499999999983,6391
1526045400,251.42499999999984,251.62499999999983,249.99999999999983,251.32499999999987,5211
1526304600,249.79999999999984,250.42499999999984,247.52499999999986,247.79999999999984,6861
1526391000,247.67499999999984,247.77499999999986,245.22499999999985,245.87499999999983,7639
1526477400,245.52499999999986,246.32499999999987,243.97499999999985,244.14999999999986,7068
1526563800,244.42499999999984,246.24999999999983,243.67499999999984,246.14999999999986,7228
1526650200,246.62499999999983,247.09999999999985,244.77499999999986,245.04999999999984,5272
1526909400,246.27499999999986,248.57499999999987,246.17499999999984,247.92499999999984,7432
1526995800,248.12499999999983,248.52499999999986,247.14999999999986,248.14999999999986,4158
1527082200,247.99999999999983,251.02499999999986,247.74999999999983,250.77499999999986,7087
1527168600,250.79999999999984,252.22499999999985,250.22499999999985,250.72499999999985,6878
1527255000,250.89999999999986,252.99999999999983,250.09999999999985,252.34999999999985,5531
1527600600,252.42499999999984,253.02499999999986,251.47499999999985,252.39999999999986,6642
1527687000,251.84999999999985,256.24999999999983,251.54999999999984,255.97499999999985,10907
1527773400,255.99999999999983,256.92499999999984,253.24999999999983,254.82499999999987,12491
1527859800,254.67499999999984,255.22499999999985,253.29999999999984,253.74999999999983,6833
1528119000,253.64999999999986,254.14999999999986,252.12499999999983,252.27499999999986,9025
1528205400,252.74999999999983,254.37499999999983,251.74999999999983,253.54999999999984,6851
1528291800,253.82499999999987,254.79999999999984,253.49999999999983,254.17499999999984,5498
1528378200,254.57499999999987,254.72499999999985,253.12499999999983,253.49999999999983,4530
1528464600,253.84999999999985,255.22499999999985,253.57499999999987,254.69999999999987,4529
1528723800,255.22499999999985,255.84999999999985,252.74999999999983,253.37499999999983,6137
1528810200,253.07499999999987,253.92499999999984,251.92499999999984,253.22499999999985,4751
1528896600,253.54999999999984,253.82499999999987,252.52499999999986,253.07499999999987,3194
1528983000,252.77499999999986,253.12499999999983,250.67499999999984,251.09999999999985,6344
1529069400,250.72499999999985,255.49999999999983,249.59999999999985,255.39999999999986,8678
1529328600,255.04999999999984,256.6999999999999,254.29999999999984,256.39999999999986,5457
1529415000,255.32499999999987,257.34999999999985,254.37499999999983,257.04999999999984,7441
1529501400,257.1999999999999,258.17499999999984,256.02499999999986,256.84999999999985,6732
1529587800,256.74999999999983,256.84999999999985,255.32499999999987,255.89999999999986,4991
1529674200,255.89999999999986,256.74999999999983,255.29999999999984,256.62499999999983,4661
1529933400,254.99999999999983,255.34999999999985,252.54999999999984,253.19999999999987,7786
1530019800,253.12499999999983,254.02499999999986,252.64999999999986,253.52499999999986,4267
1530106200,253.52499999999986,253.54999999999984,252.32499999999987,253.19999999999987,4078
1530192600,252.82499999999987,254.77499999999986,252.67499999999984,254.24999999999983,4828
1530279000,254.32499999999987,258.74999999999983,253.39999999999986,258.74999999999983,8985
1530538200,258.64999999999986,260.47499999999985,258.64999999999986,259.34999999999985,10632
1530624600,259.87499999999983,260.67499999999984,258.97499999999985,260.22499999999985,0
1530797400,260.47499999999985,261.04999999999984,259.54999999999984,259.99999999999983,4856
1530883800,260.3249999999999,261.49999999999983,259.47499999999985,259.62499999999983,6506
1531143000,259.64999999999986,259.97499999999985,257.77499999999986,258.87499999999983,8478
1531229400,258.89999999999986,259.79999999999984,258.09999999999985,259.27499999999986,6927
1531315800,259.27499999999986,259.3249999999999,255.24999999999983,256.8249999999999,10632
1531402200,257.27499999999986,259.09999999999985,257.24999999999983,258.4499999999999,7705
1531488600,258.52499999999986,258.92499999999984,257.47499999999985,258.14999999999986,5092
1531747800,258.59999999999985,260.79999999999984,257.6999999999999,259.79999999999984,6149
1531834200,260.59999999999985,260.59999999999985,258.29999999999984,258.6999999999999,4982
1531920600,259.09999999999985,262.3249999999999,258.5749999999999,261.87499999999983,7169
1532007000,261.92499999999984,262.34999999999985,261.22499999999985,261.87499999999983,4446
1532093400,261.67499999999984,261.77499999999986,260.59999999999985,261.64999999999986,2842
1532352600,261.39999999999986,261.72499999999985,260.74999999999983,261.42499999999984,3287
1532439000,261.52499999999986,261.79999999999984,260.39999999999986,260.62499999999983,3394
1532525400,260.47499999999985,260.84999999999985,259.54999999999984,260.34999999999985,3992
1532611800,260.59999999999985,261.39999999999986,257.34999999999985,258.92499999999984,6790
1532698200,258.92499999999984,259.59999999999985,258.17499999999984,259.27499999999986,5094
1532957400,258.97499999999985,259.87499999999983,258.12499999999983,258.4499999999998,4745
1533043800,258.34999999999985,258.52499999999986,255.97499999999985,256.67499999999984,7403
1533130200,256.6999999999998,259.47499999999985,256.09999999999985,259.04999999999984,7396
1533216600,259.09999999999985,259.42499999999984,257.02499999999986,258.4499999999998,5494
1533303000,258.12499999999983,260.27499999999986,257.67499999999984,260.12499999999983,5220
1533562200,260.12499999999983,260.59999999999985,258.8249999999998,258.9499999999998,5177
1533648600,258.84999999999985,259.1999999999998,255.17499999999984,255.82499999999982,10111
1533735000,255.54999999999984,257.34999999999985,254.29999999999984,256.84999999999985,8066
1533821400,257.09999999999985,257.27499999999986,254.62499999999983,256.12499999999983,6381
1533907800,255.82499999999982,256.79999999999984,254.79999999999984,256.62499999999983,6020
1534167000,255.97499999999985,256.54999999999984,255.09999999999985,255.54999999999984,5709
1534253400,255.62499999999983,256.12499999999983,254.64999999999986,255.77499999999986,3416
1534339800,255.24999999999983,257.42499999999984,255.24999999999983,256.24999999999983,3737
1534426200,256.49999999999983,257.59999999999985,255.99999999999983,257.22499999999985,4031
1534512600,257.22499999999985,259.0749999999998,256.9499999999998,258.84999999999985,4983
1534771800,257.74999999999983,259.34999999999985,257.74999999999983,258.27499999999986,4370
1534858200,258.22499999999985,258.52499999999986,257.72499999999985,257.92499999999984,4100
1534944600,257.59999999999985,257.64999999999986,254.87499999999983,255.62499999999983,6817
1535031000,255.49999999999983,256.0749999999998,254.64999999999986,255.79999999999984,5812
1535117400,256.02499999999986,256.79999999999984,253.49999999999983,253.72499999999985,7924
1535376600,253.14999999999986,257.5749999999998,252.62499999999983,257.0749999999998,9994
1535463000,257.34999999999985,257.77499999999986,254.07499999999982,256.42499999999984,8588
1535549400,256.0749999999998,256.52499999999986,255.07499999999982,256.39999999999986,4906
1535635800,256.6999999999998,257.6999999999998,256.22499999999985,257.37499999999983,3961
1535722200,257.37499999999983,257.59999999999985,255.57499999999982,256.12499999999983,0
1536067800,255.94999999999982,259.09999999999985,255.09999999999985,258.8249999999998,8868
1536154200,258.8249999999998,259.62499999999983,258.0749999999998,258.47499999999985,5561
1536240600,258.62499999999983,259.14999999999986,258.14999999999986,258.52499999999986,5041
1536327000,258.22499999999985,260.0749999999998,257.97499999999985,259.9499999999998,4557
1536586200,259.97499999999985,260.29999999999984,259.09999999999985,259.67499999999984,5365
1536672600,259.49999999999983,259.77499999999986,258.89999999999986,259.4499999999998,4672
1536759000,259.52499999999986,262.22499999999985,259.37499999999983,262.02499999999986,8674
1536845400,261.89999999999986,262.59999999999985,261.09999999999985,262.39999999999986,7127
1536931800,262.67499999999984,266.59999999999985,262.4499999999999,265.7499999999999,8156
1537191000,265.7499999999999,266.54999999999984,264.42499999999984,266.34999999999985,5499
1537277400,265.9499999999999,266.72499999999985,264.84999999999985,265.14999999999986,5400
1537363800,265.1249999999999,265.9499999999999,264.59999999999985,265.04999999999984,3424
1537450200,265.27499999999986,266.14999999999986,264.3749999999999,264.47499999999985,5858
1537536600,264.8249999999999,265.4999999999999,264.29999999999984,265.1249999999999,6523
1537795800,264.3249999999999,264.64999999999986,262.84999999999985,263.2499999999999,6951
1537882200,263.27499999999986,264.22499999999985,263.02499999999986,263.7499999999999,4769
1537968600,263.7499999999999,265.64999999999986,263.29999999999984,265.5749999999999,4980
1538055000,265.59999999999985,265.67499999999984,263.9499999999999,264.9499999999999,4077
1538141400,264.9499999999999,265.54999999999984,264.34999999999985,265.3749999999999,4363
1538400600,265.52499999999986,267.04999999999984,265.1999999999999,266.34999999999985,5762
1538487000,266.3249999999999,266.97499999999985,265.1999999999999,266.89999999999986,5237
1538573400,266.54999999999984,266.7499999999999,265.8249999999999,266.09999999999985,4550
1538659800,265.89999999999986,265.9499999999999,264.3749999999999,265.0749999999999,4972
1538746200,265.0749999999999,266.09999999999985,264.47499999999985,264.9499999999999,5231
1539005400,264.97499999999985,265.5749999999999,263.8249999999999,265.39999999999986,5447
1539091800,265.3749999999999,265.3749999999999,263.72499999999985,264.3249999999999,5036
1539178200,263.8249999999999,264.02499999999986,262.27499999999986,262.6999999999999,7899
1539264600,262.6999999999999,263.4999999999999,261.52499999999986,262.0749999999999,7918
1539351000,262.17499999999984,262.84999999999985,260.17499999999984,260.3249999999999,8672
1539610200,260.17499999999984,261.27499999999986,259.2499999999999,261.09999999999985,6928
1539696600,261.09999999999985,261.47499999999985,260.17499999999984,260.52499999999986,5359
1539783000,260.52499999999986,260.8749999999999,259.27499999999986,259.64999999999986,4544
1539869400,259.97499999999985,260.2499999999999,258.42499999999984,259.9999999999999,4894
1539955800,259.8749999999999,260.39999999999986,259.0749999999999,259.3249999999999,4723
1540215000,260.54999999999984,262.5749999999999,260.3249999999999,262.29999999999984,6601
1540301400,262.2499999999999,262.29999999999984,260.17499999999984,261.42499999999984,7872
1540387800,261.5749999999999,262.9999999999999,261.4499999999999,261.92499999999984,5193
1540474200,261.5749999999999,262.1249999999999,259.4499999999999,259.6249999999999,5639
1540560600,259.47499999999985,261.0749999999999,258.79999999999984,260.27499999999986,7323
1540819800,260.6249999999999,260.97499999999985,259.92499999999984,260.39999999999986,4008
1540906200,260.64999999999986,260.64999999999986,258.14999999999986,258.67499999999984,7162
1540992600,258.6249999999999,260.97499999999985,258.5749999999999,260.6999999999999,7407
1541079000,260.79999999999984,261.8249999999999,260.64999999999986,261.17499999999984,5806
1541165400,261.39999999999986,261.64999999999986,260.2499999999999,260.3249999999999,5784
1541428200,260.5749999999999,260.5749999999999,256.79999999999984,256.9999999999999,9632
1541514600,257.2499999999999,258.02499999999986,256.9499999999999,257.17499999999984,6735
1541601000,257.5749999999999,257.5749999999999,256.02499999999986,256.39999999999986,5050
1541687400,255.8749999999999,257.77499999999986,255.52499999999986,256.84999999999985,5435
1541773800,256.77499999999986,256.84999999999985,254.27499999999986,254.3749999999999,6689
1542033000,254.4999999999999,255.22499999999985,253.64999999999986,254.29999999999984,6499
1542119400,254.19999999999987,257.72499999999985,253.2499999999999,257.54999999999984,9970
1542205800,257.29999999999984,258.5749999999999,256.6999999999999,257.54999999999984,6458
1542292200,257.14999999999986,258.64999999999986,256.84999999999985,258.42499999999984,5741
1542378600,258.27499999999986,258.3749999999999,256.92499999999984,257.09999999999985,4549
1542637800,257.42499999999984,257.97499999999985,256.14999999999986,257.84999999999985,3715
1542724200,257.59999999999985,257.84999999999985,256.7499999999999,257.4499999999999,2754
1542810600,257.77499999999986,260.5749999999999,257.6249999999999,259.1999999999999,6866
1542983400,259.09999999999985,260.04999999999984,258.7499999999999,259.9499999999999,2969
1543242600,259.89999999999986,260.4999999999999,259.17499999999984,259.72499999999985,4036
1543329000,259.54999999999984,260.0749999999999,258.84999999999985,258.9999999999999,3939
1543415400,258.89999999999986,259.27499999999986,258.09999999999985,258.27499999999986,3625
1543501800,258.27499999999986,258.27499999999986,255.2499999999999,256.54999999999984,7540
1543588200,256.54999999999984,257.47499999999985,255.59999999999985,255.79999999999984,7983
1543847400,256.47499999999985,256.8749999999999,254.8749999999999,255.07499999999987,5709
1543933800,255.07499999999987,255.89999999999986,253.69999999999987,254.97499999999985,7162
1544020200,254.92499999999984,256.2499999999999,254.54999999999984,256.04999999999984,3665
1544106600,255.47499999999985,255.89999999999986,254.32499999999987,254.77499999999986,5470
1544193000,254.9999999999999,255.52499999999986,253.8749999999999,254.94999999999987,5478
1544452200,255.32499999999987,256.22499999999985,255.02499999999986,255.59999999999985,5066
1544538600,255.69999999999987,258.14999999999986,255.29999999999984,257.8749999999999,7476
1544625000,258.0749999999999,258.7499999999999,257.59999999999985,258.14999999999986,5928
1544711400,258.22499999999985,259.2499999999999,258.22499999999985,258.54999999999984,5598
1544797800,258.34999999999985,258.8249999999999,257.77499999999986,258.14999999999986,3526
1545057000,257.4999999999999,257.8249999999999,255.8749999999999,255.94999999999987,5776
1545143400,255.8749999999999,257.52499999999986,255.4999999999999,256.77499999999986,4482
1545229800,256.79999999999984,257.27499999999986,256.3749999999999,256.77499999999986,3280
1545316200,256.77499999999986,258.2499999999999,256.2499999999999,257.9999999999999,3094
1545402600,257.8499999999999,258.5499999999999,257.6999999999999,258.0749999999999,3728
1545661800,257.8249999999999,258.2249999999999,257.39999999999986,258.0999999999999,2078
1545834600,258.0999999999999,258.8749999999999,257.39999999999986,258.3249999999999,4104
1545921000,258.39999999999986,259.89999999999986,258.2249999999999,259.1999999999999,5343
1546007400,259.1999999999999,260.02499999999986,258.8249999999999,259.4249999999999,5076
1546266600,259.9499999999999,260.1249999999999,259.0499999999999,259.2999999999999,5163
1546439400,259.14999999999986,259.14999999999986,256.9749999999999,258.4999999999999,7242
1546525800,258.1749999999999,258.52499999999986,256.5999999999999,256.9999999999999,6558
1546612200,256.8499999999999,256.9749999999999,255.14999999999986,255.3749999999999,5823
1546871400,254.69999999999987,256.9749999999999,254.5499999999999,256.4499999999999,6359
1546957800,256.4499999999999,259.02499999999986,255.5999999999999,257.9999999999999,9895
1547044200,257.89999999999986,258.27499999999986,257.27499999999986,257.4499999999999,4671
1547130600,257.0749999999999,257.9249999999999,256.9999999999999,257.6249999999999,3525
1547217000,257.8249999999999,258.14999999999986,256.9249999999999,257.4499999999999,3599
1547476200,256.9999999999999,257.5999999999999,256.3249999999999,256.9499999999999,5930
1547562600,256.6999999999999,257.8249999999999,256.39999999999986,257.2999999999999,5892
1547649000,257.2999999999999,257.39999999999986,255.5999999999999,257.2499999999999,7972
1547735400,256.7499999999999,256.7999999999999,255.0499999999999,255.4749999999999,7269
1547821800,255.2499999999999,256.1999999999999,254.69999999999987,255.3749999999999,6804
1548167400,254.7999999999999,254.82499999999987,253.7499999999999,254.0499999999999,7319
1548253800,254.2999999999999,256.3749999999999,253.82499999999987,256.1999999999999,7112
1548340200,256.1999999999999,257.1749999999999,256.0999999999999,256.8749999999999,4903
1548426600,257.1999999999999,257.4249999999999,255.8499999999999,256.1749999999999,5789
1548685800,255.5499999999999,257.2499999999999,255.4999999999999,256.89999999999986,4710
1548772200,256.7499999999999,257.5499999999999,256.64999999999986,256.7999999999999,4622
1548858600,256.7249999999999,257.0999999999999,256.4749999999999,256.8499999999999,2732
1548945000,257.0499999999999,258.1249999999999,254.94999999999987,255.0999999999999,11382
1549031400,255.0999999999999,255.6749999999999,254.7249999999999,255.07499999999987,5401
1549290600,255.07499999999987,257.8249999999999,255.07499999999987,256.77499999999986,8422
1549377000,256.9999999999999,257.3499999999999,255.7999999999999,256.3749999999999,5963
1549463400,256.3499999999999,257.0499999999999,255.57499999999987,255.7249999999999,4922
1549549800,255.77499999999986,256.3249999999999,255.2999999999999,255.7999999999999,6334
1549636200,256.14999999999986,256.8749999999999,255.82499999999987,256.64999999999986,5464
1549895400,256.6749999999999,257.4249999999999,256.4999999999999,257.2249999999999,6186
1549981800,257.3749999999999,257.4499999999999,256.64999999999986,256.9499999999999,6308
1550068200,256.6749999999999,256.7999999999999,255.94999999999987,256.0749999999999,6328
1550154600,256.0749999999999,256.8749999999999,255.1749999999999,256.6249999999999,5852
1550241000,256.6249999999999,256.6749999999999,254.4999999999999,255.34999999999985,3562
1550586600,255.19999999999987,256.9499999999999,254.82499999999987,256.1249999999999,4565
1550673000,255.9999999999999,256.39999999999986,255.52499999999986,256.1999999999999,2379
1550759400,255.9999999999999,256.4249999999999,255.02499999999986,255.64999999999986,5173
1550845800,255.77499999999986,256.1249999999999,255.2499999999999,255.4249999999999,6919
1551105000,255.4249999999999,256.1999999999999,255.14999999999986,255.77499999999986,6331
1551191400,255.97499999999985,257.0499999999999,255.3749999999999,256.89999999999986,5497
1551277800,256.7499999999999,257.4499999999999,256.4999999999999,257.34999999999985,4871
1551364200,257.1249999999999,257.1249999999999,255.22499999999985,256.27499999999986,7844
1551450600,256.22499999999985,257.2499999999999,254.82499999999987,255.1749999999999,7947
1551709800,255.3749999999999,255.69999999999987,254.4249999999999,255.14999999999986,6524
1551796200,255.14999999999986,255.19999999999987,254.34999999999985,254.52499999999986,5068
1551882600,254.52499999999986,254.6249999999999,253.6249999999999,253.77499999999986,4931
1551969000,253.8749999999999,256.34999999999985,253.77499999999986,256.1249999999999,8791
1552055400,255.7249999999999,257.64999999999986,255.69999999999987,257.5749999999999,5680
1552311000,257.1249999999999,257.1249999999999,255.4249999999999,256.4499999999999,8392
1552397400,256.4499999999999,256.7499999999999,254.5999999999999,255.14999999999986,7430
1552483800,255.32499999999987,256.3499999999999,254.94999999999987,255.1249999999999,6449
1552570200,255.2249999999999,255.9749999999999,255.02499999999986,255.39999999999986,5544
1552656600,255.0499999999999,257.8499999999999,254.9249999999999,257.4999999999999,9331
1552915800,257.0999999999999,257.8499999999999,256.4499999999999,257.3749999999999,6693
1553002200,256.9499999999999,260.4499999999999,256.9499999999999,259.5749999999999,7445
1553088600,259.39999999999986,261.4249999999999,259.2499999999999,261.1749999999999,7537
1553175000,261.5499999999999,263.4999999999999,261.3499999999999,263.0499999999999,7576
1553261400,263.2499999999999,264.3499999999999,261.8499999999999,263.0999999999999,7132
1553520600,261.7999999999999,262.8499999999999,259.5749999999999,259.7499999999999,8772
1553607000,259.7499999999999,260.0999999999999,258.4499999999999,258.8499999999999,5817
1553693400,259.14999999999986,259.9249999999999,258.2249999999999,258.5749999999999,4126
1553779800,258.5999999999999,258.9249999999999,257.6999999999999,258.7249999999999,3988
1553866200,258.89999999999986,259.1999999999999,257.3749999999999,257.8249999999999,6258
1554125400,257.8249999999999,259.4999999999999,257.7499999999999,257.9249999999999,6192
1554211800,257.9999999999999,258.5999999999999,255.8499999999999,256.8499999999999,7717
1554298200,256.9499999999999,257.2999999999999,255.64999999999986,256.3249999999999,6656
1554384600,256.39999999999986,260.4749999999999,256.3749999999999,259.1249999999999,10306
1554471000,259.5499999999999,259.7999999999999,257.52499999999986,259.27499999999986,9318
1554730200,259.02499999999986,259.9999999999999,258.39999999999986,259.6249999999999,7040
1554816600,259.8499999999999,260.14999999999986,258.7249999999999,259.2249999999999,5800
1554903000,259.1749999999999,259.2999999999999,257.9249999999999,258.27499999999986,5679
1554989400,258.3749999999999,259.7999999999999,257.8749999999999,258.89999999999986,5975
1555075800,258.77499999999986,260.1249999999999,258.52499999999986,259.9499999999999,4916
1555335000,260.02499999999986,260.5749999999999,259.1249999999999,260.39999999999986,5150
1555421400,260.4999999999999,261.77499999999986,260.1999999999999,261.4499999999999,6353
1555507800,261.3249999999999,261.9499999999999,260.8749999999999,261.6999999999999,4777
1555594200,261.77499999999986,262.64999999999986,261.0749999999999,261.9249999999999,7303
1555939800,261.3749999999999,261.84999999999985,259.9499999999999,260.8749999999999,6002
1556026200,261.02499999999986,261.9249999999999,260.3749999999999,260.9499999999999,5830
1556112600,260.8749999999999,260.89999999999986,257.52499999999986,257.97499999999985,7904
1556199000,257.6999999999999,257.6999999999999,253.97499999999985,254.4999999999999,7991
1556285400,254.4999999999999,256.22499999999985,253.1749999999999,254.09999999999985,9931
1556544600,254.44999999999987,254.89999999999986,251.97499999999985,252.32499999999987,8901
1556631000,252.6749999999999,252.7499999999999,250.2499999999999,250.39999999999986,9000
1556717400,250.9999999999999,251.64999999999986,250.02499999999986,250.47499999999985,7111
1556803800,250.5499999999999,251.2999999999999,249.0499999999999,249.14999999999986,8012
1556890200,249.1249999999999,249.9249999999999,247.4999999999999,247.6249999999999,7632
1557149400,246.64999999999986,248.2499999999999,243.4999999999999,245.59999999999985,9268
1557235800,246.2499999999999,247.69999999999987,245.44999999999987,246.84999999999985,7194
1557322200,246.7499999999999,247.59999999999985,244.57499999999987,245.1249999999999,6205
1557408600,244.64999999999986,246.09999999999985,243.89999999999986,245.72499999999985,9408
1557495000,245.7999999999999,249.34999999999985,244.6249999999999,248.07499999999987,8062
1557754200,247.34999999999985,247.3749999999999,243.97499999999985,244.34999999999985,8642
1557840600,244.84999999999985,246.32499999999987,243.1749999999999,243.7499999999999,7546
1557927000,243.94999999999987,244.4249999999999,242.4249999999999,243.52499999999986,5766
1558013400,243.1249999999999,245.52499999999986,241.7499999999999,244.57499999999987,6613
1558099800,244.94999999999987,247.2999999999999,244.6749999999999,246.7499999999999,6414
1558359000,247.1249999999999,247.1249999999999,244.97499999999985,246.02499999999986,5975
1558445400,246.2499999999999,246.3749999999999,243.2999999999999,244.2499999999999,6072
1558531800,244.02499999999986,244.59999999999985,243.14999999999986,243.84999999999985,3676
1558618200,243.94999999999987,244.7999999999999,242.84999999999985,244.27499999999986,4579
1558704600,244.27499999999986,245.5499999999999,243.82499999999987,244.47499999999985,4873
1559050200,245.39999999999986,245.44999999999987,242.77499999999986,243.47499999999985,7316
1559136600,242.34999999999985,244.27499999999986,241.3749999999999,243.97499999999985,8865
1559223000,243.9999999999999,244.69999999999987,239.47499999999985,239.47499999999985,7394
1559309400,239.27499999999986,240.22499999999985,233.39999999999986,234.3749999999999,11222
1559568600,235.7499999999999,237.19999999999987,233.69999999999987,234.7499999999999,10196
1559655000,235.2499999999999,239.1249999999999,234.89999999999986,238.69999999999987,7507
1559741400,239.27499999999986,240.89999999999986,238.34999999999985,240.69999999999987,7364
1559827800,241.22499999999985,241.52499999999986,237.82499999999987,240.52499999999986,6142
1559914200,240.4249999999999,241.4249999999999,237.1749999999999,238.4999999999999,5274
1560173400,238.7999999999999,242.32499999999987,238.4249999999999,241.07499999999987,8827
1560259800,241.07499999999987,242.14999999999986,238.9249999999999,239.3749999999999,5386
1560346200,239.59999999999985,240.02499999999986,235.77499999999986,239.0499999999999,7857
1560432600,238.2999999999999,238.64999999999986,235.9249999999999,237.47499999999985,6183
1560519000,237.02499999999986,237.8749999999999,235.89999999999986,236.77499999999986,4440
1560778200,235.69999999999987,238.47499999999985,235.3749999999999,238.1749999999999,6817
1560864600,238.8749999999999,239.7499999999999,237.89999999999986,238.4999999999999,4062
1560951000,238.64999999999986,239.1249999999999,236.97499999999985,237.77499999999986,3888
1561037400,238.02499999999986,238.39999999999986,235.82499999999987,235.94999999999987,4525
1561123800,235.94999999999987,236.4249999999999,233.6749999999999,234.9249999999999,5408
1561383000,234.6249999999999,234.9249999999999,232.19999999999987,233.02499999999986,5791
1561469400,233.44999999999987,233.5499999999999,232.34999999999985,232.57499999999987,4183
1561555800,233.44999999999987,237.07499999999987,233.2999999999999,237.07499999999987,6270
1561642200,237.82499999999987,238.4999999999999,236.84999999999985,237.0499999999999,5535
1561728600,237.34999999999985,241.14999999999986,235.64999999999986,238.09999999999985,9522
1561987800,238.7499999999999,240.59999999999985,237.2999999999999,238.27499999999986,6750
1562074200,238.1749999999999,239.9999999999999,237.77499999999986,239.6249999999999,5420
1562160600,239.6749999999999,239.84999999999985,237.27499999999986,237.82499999999987,4250
1562333400,238.59999999999985,240.44999999999987,238.57499999999987,240.07499999999987,4333
1562592600,239.7499999999999,240.89999999999986,239.1249999999999,240.14999999999986,6533
1562679000,240.64999999999986,244.5499999999999,240.47499999999985,244.1249999999999,11168
1562765400,244.09999999999985,244.34999999999985,243.1749999999999,243.59999999999985,7863
1562851800,244.34999999999985,244.9999999999999,243.2999999999999,243.8749999999999,6386
1562938200,243.97499999999985,244.0499999999999,241.69999999999987,242.84999999999985,6962
1563197400,242.7499999999999,243.47499999999985,241.59999999999985,242.89999999999986,4098
1563283800,243.59999999999985,243.64999999999986,242.0499999999999,242.2999999999999,3633
1563370200,241.8749999999999,242.14999999999986,240.14999999999986,241.82499999999987,3901
1563456600,242.52499999999986,242.6249999999999,240.2999999999999,240.6749999999999,3300
1563543000,240.52499999999986,241.4999999999999,240.3749999999999,240.9999999999999,2605
1563802200,241.5499999999999,243.69999999999987,240.82499999999987,243.6249999999999,3427
1563888600,243.69999999999987,243.8749999999999,242.39999999999986,243.64999999999986,3411
1563975000,243.44999999999987,244.2249999999999,242.9249999999999,244.07499999999987,2077
1564061400,244.0999999999999,244.8749999999999,243.7499999999999,244.4249999999999,3213
1564147800,244.3749999999999,245.4249999999999,243.8499999999999,245.2999999999999,4707
1564407000,245.2999999999999,245.3749999999999,243.8499999999999,244.02499999999986,5227
1564493400,243.94999999999987,245.8749999999999,242.8749999999999,245.2499999999999,5474
1564579800,245.19999999999987,245.2499999999999,242.57499999999987,243.64999999999986,5271
1564666200,243.2249999999999,244.57499999999987,241.0999999999999,242.7249999999999,7812
1564752600,242.9749999999999,243.07499999999987,238.4999999999999,239.4249999999999,6521
1565011800,239.0999999999999,242.6749999999999,235.77499999999986,240.5999999999999,8372
1565098200,240.77499999999986,241.82499999999987,239.64999999999986,240.64999999999986,6166
1565184600,240.6749999999999,242.14999999999986,239.4999999999999,240.57499999999987,5766
1565271000,240.9249999999999,241.9749999999999,240.52499999999986,241.07499999999987,4385
1565357400,240.9999999999999,241.07499999999987,239.27499999999986,239.64999999999986,5084
1565616600,235.14999999999986,235.14999999999986,235.14999999999986,235.14999999999986,2381
1565703000,233.4249999999999,234.82499999999987,228.3999999999999,228.3999999999999,8481
1565789400,229.7249999999999,235.14999999999986,229.69999999999987,234.02499999999986,11107
1565875800,234.7999999999999,237.22499999999985,233.72499999999985,234.39999999999986,5506
1565962200,234.8749999999999,235.9249999999999,233.07499999999987,233.4999999999999,3374
1566221400,235.27499999999986,236.2999999999999,233.6749999999999,233.82499999999987,4285
1566307800,234.34999999999985,236.6249999999999,233.89999999999986,234.2999999999999,5223
1566394200,235.02499999999986,235.9999999999999,234.14999999999986,235.19999999999987,5388
1566480600,235.19999999999987,236.57499999999987,234.7999999999999,236.1249999999999,5156
1566567000,235.89999999999986,236.09999999999985,231.6249999999999,233.1749999999999,7761
1566826200,234.9999999999999,235.89999999999986,233.89999999999986,235.02499999999986,4910
1566912600,234.84999999999985,235.47499999999985,232.2999999999999,233.14999999999986,5332
1566999000,233.14999999999986,234.2499999999999,232.14999999999986,232.27499999999986,3532
1567085400,232.44999999999987,235.19999999999987,231.89999999999986,232.6249999999999,5298
1567171800,232.89999999999986,234.44999999999987,230.84999999999985,231.44999999999987,6381
1567517400,232.1749999999999,233.77499999999986,231.34999999999985,232.7499999999999,7064
1567603800,233.34999999999985,234.32499999999987,232.72499999999985,234.07499999999987,5440
1567690200,233.9999999999999,233.9999999999999,231.6249999999999,232.97499999999985,5386
1567776600,232.34999999999985,232.89999999999986,229.82499999999987,231.5499999999999,6204
1568035800,230.97499999999985,231.32499999999987,228.59999999999988,230.47499999999985,8317
1568122200,229.77499999999986,232.9249999999999,229.4249999999999,231.69999999999987,8199
1568208600,231.8749999999999,235.6749999999999,231.7499999999999,234.6749999999999,10058
1568295000,235.4249999999999,235.64999999999986,234.22499999999985,235.14999999999986,7634
1568381400,235.4999999999999,236.47499999999985,234.89999999999986,235.22499999999985,6084
1568640600,235.44999999999987,236.1249999999999,234.19999999999987,234.84999999999985,4159
1568727000,234.7499999999999,239.1749999999999,234.59999999999985,237.94999999999987,8549
1568813400,237.94999999999987,239.32499999999987,237.6249999999999,239.0499999999999,4272
1568899800,238.89999999999986,239.82499999999987,238.27499999999986,239.57499999999987,3705
1568986200,239.5999999999999,240.07499999999987,238.6749999999999,239.3499999999999,2890
1569245400,240.32499999999987,242.2999999999999,240.32499999999987,242.0499999999999,5180
1569331800,241.8749999999999,242.7499999999999,241.52499999999986,242.52499999999986,4218
1569418200,242.52499999999986,243.5999999999999,242.0499999999999,243.44999999999987,3086
1569504600,243.6249999999999,244.07499999999987,243.14999999999986,243.77499999999986,4386
1569591000,243.77499999999986,245.64999999999986,243.64999999999986,245.2999999999999,7527
1569850200,245.2999999999999,245.52499999999986,243.6249999999999,244.2499999999999,6342
1569936600,244.27499999999986,244.39999999999986,242.0999999999999,242.4999999999999,6266
1570023000,242.4249999999999,244.52499999999986,241.89999999999986,243.9999999999999,5403
1570109400,244.82499999999987,244.82499999999987,243.4999999999999,244.4249999999999,4109
1570195800,244.52499999999986,244.6749999999999,243.14999999999986,243.69999999999987,4207
1570455000,243.7499999999999,243.8749999999999,242.7999999999999,243.2499999999999,6253
1570541400,243.2249999999999,244.07499999999987,242.8499999999999,243.57499999999987,6245
1570627800,244.02499999999986,247.89999999999986,243.8749999999999,246.57499999999987,10615
1570714200,246.7999999999999,247.44999999999987,245.44999999999987,246.44999999999987,8258
1570800600,246.44999999999987,247.02499999999986,245.7499999999999,246.4999999999999,4836
1571059800,246.4999999999999,248.9999999999999,246.34999999999985,248.2499999999999,3313
1571146200,248.57499999999987,248.84999999999985,247.27499999999986,248.19999999999987,4138
1571232600,248.34999999999985,248.9249999999999,246.9999999999999,248.39999999999986,3666
1571319000,247.77499999999986,247.94999999999987,245.4999999999999,246.8749999999999,4429
1571405400,247.07499999999987,247.07499999999987,244.5499999999999,245.47499999999985,5570
1571664600,245.19999999999987,246.02499999999986,244.84999999999985,245.1249999999999,3450
1571751000,244.97499999999985,246.57499999999987,244.6749999999999,245.82499999999987,3814
1571837400,244.9999999999999,247.4999999999999,244.89999999999986,247.22499999999985,3257
1571923800,247.1749999999999,247.4249999999999,245.94999999999987,246.59999999999985,3829
1572010200,246.77499999999986,248.07499999999987,245.7499999999999,247.6249999999999,4367
1572269400,247.82499999999987,247.9999999999999,247.0499999999999,247.6249999999999,4047
1572355800,247.6249999999999,247.9249999999999,246.7499999999999,247.6249999999999,3808
1572442200,247.6249999999999,250.9999999999999,247.34999999999985,250.82499999999987,7007
1572528600,250.69999999999987,250.94999999999987,249.1749999999999,250.69999999999987,7532
1572615000,250.69999999999987,252.72499999999985,249.7499999999999,252.02499999999986,7046
1572877800,251.89999999999986,252.3749999999999,250.8749999999999,252.02499999999986,4369
1572964200,251.84999999999985,252.2999999999999,250.69999999999987,251.7999999999999,5213
1573050600,251.5499999999999,251.72499999999985,249.6249999999999,250.44999999999987,5302
1573137000,250.72499999999985,252.34999999999985,250.2499999999999,251.7999999999999,5279
1573223400,251.69999999999987,252.2999999999999,250.97499999999985,251.89999999999986,3997
1573482600,252.1249999999999,253.47499999999985,251.82499999999987,253.14999999999986,4736
1573569000,253.52499999999986,253.7999999999999,252.3749999999999,253.14999999999986,3989
1573655400,252.94999999999987,253.19999999999987,248.64999999999986,248.84999999999985,9892
1573741800,248.52499999999986,250.47499999999985,248.52499999999986,250.07499999999987,5037
1573828200,250.07499999999987,250.94999999999987,249.6249999999999,250.2999999999999,4659
1574087400,250.0499999999999,251.69999999999987,249.82499999999987,250.4999999999999,5839
1574173800,250.52499999999986,250.5499999999999,249.1749999999999,250.0499999999999,5634
1574260200,250.27499999999986,250.7999999999999,249.1249999999999,250.09999999999985,6212
1574346600,249.9999999999999,250.14999999999986,248.02499999999986,248.6249999999999,4801
1574433000,248.39999999999986,248.39999999999986,244.2999999999999,245.2999999999999,9231
1574692200,245.89999999999986,249.32499999999987,245.64999999999986,247.9999999999999,8935
1574778600,248.1249999999999,248.4249999999999,246.77499999999986,247.64999999999986,3768
1574865000,247.82499999999987,249.6749999999999,247.82499999999987,249.34999999999985,4635
1575037800,249.4999999999999,249.72499999999985,247.84999999999985,248.2999999999999,4011
1575297000,248.1249999999999,248.6249999999999,246.3749999999999,248.1749999999999,5517
1575383400,247.82499999999987,249.2999999999999,247.2999999999999,248.39999999999986,5957
1575469800,248.39999999999986,248.9249999999999,246.3749999999999,246.89999999999986,6328
1575556200,246.6249999999999,247.59999999999985,245.9249999999999,246.57499999999987,5813
1575642600,247.02499999999986,247.97499999999985,246.14999999999986,247.57499999999987,7883
1575901800,247.02499999999986,248.1749999999999,246.4999999999999,247.5499999999999,7356
1575988200,247.44999999999987,248.52499999999986,246.94999999999987,247.6749999999999,5993
1576074600,248.07499999999987,248.9999999999999,247.5499999999999,248.7999999999999,5012
1576161000,248.7999999999999,249.0499999999999,247.7999999999999,248.57499999999987,7450
1576247400,248.82499999999987,252.6749999999999,248.5499999999999,251.69999999999987,12226
1576506600,252.02499999999986,252.57499999999987,250.9249999999999,251.27499999999986,4946
1576593000,251.6749999999999,252.4249999999999,250.9999999999999,251.1749999999999,4625
1576679400,250.9999999999999,251.52499999999986,250.44999999999987,250.57499999999987,4163
1576765800,250.4999999999999,251.47499999999985,250.32499999999987,250.7499999999999,3736
1576852200,251.02499999999986,251.02499999999986,249.9999999999999,250.2999999999999,2776
1577111400,249.4999999999999,249.89999999999986,249.19999999999987,249.64999999999986,3076
1577197800,249.64999999999986,249.9749999999999,249.2999999999999,249.5999999999999,2372
1577370600,249.3499999999999,251.3499999999999,249.2999999999999,251.0999999999999,3290
1577457000,251.3749999999999,251.3749999999999,250.52499999999986,250.7249999999999,4336
1577716200,250.7249999999999,250.82499999999987,250.14999999999986,250.4249999999999,3924
1577802600,250.1749999999999,250.7249999999999,249.5999999999999,250.14999999999986,4678
1577975400,250.39999999999986,250.6749999999999,247.2499999999999,249.64999999999986,8790
1578061800,248.9249999999999,249.5499999999999,248.1749999999999,248.5999999999999,4299
1578321000,248.5999999999999,252.8499999999999,248.2999999999999,252.27499999999986,9129
1578407400,252.3749999999999,252.64999999999986,249.9749999999999,251.0499999999999,6572
1578493800,251.27499999999986,252.82499999999987,250.8499999999999,252.44999999999987,5530
1578580200,252.2249999999999,253.2999999999999,251.77499999999986,252.4749999999999,4783
1578666600,252.4249999999999,253.6749999999999,251.4749999999999,253.3749999999999,4942
1578925800,253.2499999999999,253.3499999999999,251.57499999999987,251.77499999999986,5507
1579012200,251.77499999999986,252.0499999999999,251.0499999999999,251.64999999999986,4277
1579098600,251.57499999999987,252.07499999999987,250.1249999999999,251.0999999999999,4871
1579185000,251.32499999999987,251.32499999999987,248.64999999999986,250.7499999999999,5038
1579271400,250.57499999999987,251.0499999999999,249.8749999999999,250.9249999999999,2783
1579617000,250.6749999999999,251.0999999999999,250.0999999999999,250.5999999999999,2728
1579703400,250.57499999999987,250.57499999999987,248.8749999999999,248.9749999999999,4579
1579789800,248.94999999999987,249.8749999999999,246.27499999999986,246.44999999999987,6258
1579876200,246.27499999999986,247.0499999999999,245.1249999999999,245.5999999999999,6713
1580135400,244.69999999999987,244.7249999999999,241.0999999999999,241.0999999999999,8202
1580221800,241.2499999999999,242.5499999999999,240.89999999999986,241.32499999999987,8638
1580308200,241.7249999999999,242.14999999999986,240.4999999999999,240.89999999999986,5916
1580394600,240.9249999999999,241.9249999999999,240.1249999999999,241.57499999999987,6003
1580481000,241.57499999999987,243.69999999999987,241.3749999999999,241.9999999999999,7062
1580740200,242.27499999999986,243.2249999999999,239.57499999999987,242.57499999999987,11246
1580826600,243.02499999999986,243.9999999999999,242.32499999999987,243.4249999999999,8183
1580913000,243.82499999999987,243.9999999999999,241.4249999999999,241.5999999999999,5649
1580999400,241.82499999999987,242.8749999999999,241.19999999999987,241.82499999999987,4421
1581085800,241.8499999999999,241.9999999999999,240.9249999999999,241.1249999999999,5847
1581345000,240.8499999999999,241.7499999999999,240.2999999999999,241.6249999999999,7610
1581431400,241.57499999999987,242.82499999999987,240.44999999999987,240.5999999999999,6962
1581517800,240.77499999999986,241.44999999999987,240.0999999999999,240.9749999999999,5881
1581604200,240.94999999999987,242.69999999999987,240.1249999999999,242.2499999999999,7808
1581690600,242.64999999999986,245.7249999999999,242.5999999999999,244.6749999999999,5151
1582036200,245.32499999999987,245.69999999999987,244.6249999999999,245.07499999999987,3026
1582122600,245.32499999999987,246.4749999999999,244.82499999999987,246.32499999999987,4024
1582209000,246.4249999999999,246.5499999999999,244.69999999999987,245.82499999999987,4249
1582295400,245.7499999999999,245.8749999999999,244.5499999999999,245.39999999999986,6092
1582554600,243.0999999999999,243.0999999999999,240.89999999999986,240.89999999999986,5894
1582641000,241.44999999999987,242.14999999999986,236.39999999999986,237.4249999999999,8218
1582727400,237.7999999999999,240.07499999999987,237.32499999999987,239.27499999999986,6108
1582813800,237.39999999999986,239.39999999999986,234.77499999999986,237.3749999999999,8008
1582900200,234.6249999999999,238.64999999999986,233.44999999999987,235.9999999999999,7620
1583159400,237.07499999999987,240.0499999999999,236.6749999999999,238.3499999999999,5588
1583245800,239.52499999999986,240.57499999999987,236.52499999999986,237.07499999999987,6793
1583332200,238.69999999999987,239.6249999999999,237.5499999999999,238.8499999999999,5535
1583418600,237.89999999999986,238.19999999999987,236.69999999999987,236.94999999999987,4405
1583505000,235.8749999999999,235.9749999999999,232.52499999999986,233.3499999999999,8276
1583760600,228.84999999999988,232.52499999999986,228.84999999999988,228.84999999999988,6176
1583847000,231.69999999999987,234.7999999999999,230.57499999999987,231.2499999999999,9807
1583933400,230.6249999999999,231.2499999999999,226.7499999999999,226.82499999999987,6355
1584019800,222.32499999999987,223.9249999999999,222.32499999999987,222.32499999999987,3918
1584106200,226.39999999999986,227.72499999999988,215.57499999999987,215.89999999999986,12444
1584365400,211.39999999999986,220.39999999999986,211.39999999999986,211.39999999999986,4800
1584451800,212.2999999999999,218.14999999999986,211.94999999999987,214.1749999999999,6450
1584538200,213.1749999999999,218.6749999999999,211.77499999999986,212.9249999999999,7518
1584624600,216.09999999999988,217.4249999999999,214.9249999999999,217.4249999999999,2197
1584711000,220.39999999999986,224.07499999999987,219.69999999999987,222.64999999999986,5709
1584970200,227.14999999999986,227.14999999999986,227.14999999999986,227.14999999999986,1469
1585056600,233.89999999999986,233.89999999999986,233.89999999999986,233.89999999999986,1509
1585143000,236.97499999999985,238.39999999999986,228.89999999999986,233.4999999999999,8375
1585229400,232.32499999999987,233.7499999999999,229.07499999999987,229.82499999999987,5248
1585315800,227.82499999999987,228.0499999999999,225.32499999999987,225.32499999999987,3454
1585575000,224.59999999999988,226.9249999999999,222.69999999999987,225.2999999999999,4894
1585661400,225.2999999999999,228.3749999999999,221.6249999999999,227.2999999999999,5368
1585747800,223.89999999999986,224.22499999999988,222.7999999999999,222.7999999999999,2883
1585834200,221.07499999999987,221.09999999999988,216.0499999999999,216.0499999999999,5063
1585920600,215.0499999999999,220.59999999999988,210.5499999999999,212.4999999999999,5986
1586179800,209.59999999999988,216.89999999999986,208.02499999999986,213.69999999999987,6325
1586266200,216.5499999999999,218.19999999999987,216.44999999999987,218.19999999999987,2111
1586352600,222.69999999999987,224.94999999999987,221.84999999999988,223.77499999999986,9087
1586439000,222.5499999999999,224.39999999999986,220.9249999999999,223.34999999999988,5858
1586784600,219.3749999999999,219.6749999999999,218.84999999999988,218.84999999999988,1683
1586871000,216.1249999999999,223.22499999999988,215.82499999999987,220.82499999999987,7190
1586957400,219.4249999999999,222.4999999999999,218.69999999999987,221.19999999999987,4511
1587043800,221.9249999999999,225.69999999999987,221.44999999999987,223.09999999999988,5564
1587130200,224.67499999999987,225.42499999999987,222.0499999999999,222.8749999999999,4529
1587389400,222.8999999999999,224.7749999999999,221.2499999999999,222.1249999999999,3590
1587475800,220.47499999999988,221.84999999999988,217.94999999999987,221.3749999999999,4029
1587562200,222.47499999999988,222.97499999999988,220.27499999999986,221.6749999999999,3667
1587648600,221.14999999999986,221.57499999999987,219.1249999999999,220.84999999999988,4031
1587735000,220.47499999999988,221.97499999999988,218.77499999999986,220.8749999999999,3261
1587994200,222.54999999999987,223.22499999999988,220.4999999999999,221.7499999999999,3297
1588080600,221.9249999999999,224.09999999999988,221.57499999999987,222.39999999999986,3958
1588167000,222.94999999999987,223.2499999999999,221.8749999999999,222.92499999999987,2229
1588253400,221.6749999999999,222.7749999999999,220.64999999999986,220.97499999999988,4133
1588339800,221.2999999999999,225.47499999999988,220.9999999999999,222.1249999999999,5658
1588599000,222.97499999999988,224.0249999999999,222.19999999999987,223.44999999999987,3366
1588685400,224.04999999999987,224.17499999999987,219.77499999999986,222.72499999999988,3711
1588771800,221.72499999999988,227.22499999999988,221.72499999999988,227.22499999999988,4415
1588858200,228.72499999999988,233.2749999999999,228.19999999999987,232.6249999999999,7149
1588944600,232.72499999999988,232.92499999999987,230.67499999999987,231.42499999999987,5327
1589203800,231.47499999999988,231.59999999999988,226.9999999999999,227.1499999999999,4946
1589290200,227.0249999999999,230.94999999999987,226.7499999999999,230.22499999999988,4521
1589376600,229.94999999999987,230.09999999999988,226.82499999999987,227.54999999999987,4391
1589463000,226.32499999999987,227.7749999999999,225.07499999999987,225.5249999999999,4285
1589549400,225.72499999999988,227.69999999999987,225.1499999999999,225.54999999999987,4962
1589808600,226.57499999999987,228.17499999999987,226.04999999999987,227.0249999999999,4130
1589895000,226.79999999999987,227.09999999999988,225.8749999999999,226.3999999999999,2342
1589981400,226.32499999999987,226.8749999999999,223.17499999999987,223.47499999999988,4244
1590067800,223.6499999999999,224.42499999999987,222.79999999999987,223.34999999999988,3278
1590154200,223.17499999999987,224.44999999999987,222.97499999999988,223.2749999999999,2500
1590499800,224.2499999999999,227.7749999999999,224.07499999999987,227.7749999999999,3973
1590586200,228.67499999999987,229.47499999999988,227.4999999999999,228.4999999999999,3141
1590672600,228.67499999999987,230.4999999999999,227.7749999999999,229.97499999999988,4049
1590759000,229.94999999999987,230.22499999999988,227.07499999999987,229.82499999999987,5958
1591018200,228.8749999999999,231.19999999999987,226.9999999999999,230.59999999999988,4875
1591104600,230.2499999999999,230.82499999999987,227.6499999999999,227.8999999999999,4484
1591191000,228.47499999999988,229.04999999999987,227.07499999999987,228.69999999999987,3580
1591277400,228.1499999999999,229.79999999999987,228.09999999999988,229.19999999999987,2923
1591363800,229.72499999999988,229.97499999999988,227.82499999999987,228.6499999999999,3357
1591623000,228.54999999999987,228.79999999999987,227.1499999999999,227.54999999999987,2622
1591709400,227.22499999999988,229.34999999999988,225.9999999999999,228.72499999999988,3131
1591795800,228.69999999999987,229.22499999999988,226.04999999999987,227.1499999999999,3532
1591882200,225.8749999999999,226.82499999999987,224.59999999999988,226.6499999999999,3914
1591968600,226.82499999999987,227.97499999999988,225.1249999999999,225.57499999999987,3356
1592227800,224.94999999999987,226.22499999999988,223.1499999999999,225.6499999999999,4898
1592314200,226.6499999999999,227.47499999999988,225.8999999999999,227.34999999999988,3193
1592400600,226.7749999999999,228.32499999999987,226.17499999999987,228.04999999999987,3057
1592487000,228.22499999999988,228.22499999999988,226.92499999999987,227.44999999999987,2130
1592573400,226.97499999999988,228.0249999999999,226.59999999999988,227.0249999999999,2318
1592832600,225.6249999999999,227.1499999999999,225.59999999999988,226.22499999999988,3489
1592919000,226.09999999999988,229.84999999999988,225.4999999999999,227.67499999999987,6963
1593005400,227.67499999999987,228.92499999999987,226.2749999999999,227.34999999999988,3898
1593091800,227.42499999999987,228.8749999999999,226.8999999999999,227.72499999999988,3071
1593178200,227.44999999999987,228.04999999999987,226.59999999999988,227.07499999999987,3523
1593437400,227.19999999999987,228.3749999999999,224.92499999999987,227.97499999999988,4727
1593523800,227.94999999999987,230.1499999999999,226.7499999999999,227.32499999999987,7247
1593610200,227.3749999999999,228.42499999999987,225.2499999999999,227.54999999999987,5060
1593696600,227.72499999999988,230.47499999999988,227.09999999999988,229.34999999999988,4730
1594042200,230.2749999999999,231.1499999999999,229.44999999999987,230.6249999999999,4166
1594128600,230.29999999999987,230.8749999999999,229.32499999999987,229.3999999999999,3779
1594215000,229.47499999999988,229.69999999999987,227.57499999999987,228.5249999999999,6910
1594301400,228.6499999999999,229.8999999999999,228.2749999999999,228.9999999999999,5534
1594387800,229.32499999999987,230.5249999999999,228.8999999999999,230.22499999999988,4604
1594647000,230.6249999999999,232.32499999999987,230.47499999999988,231.5249999999999,6320
1594733400,231.3749999999999,231.9999999999999,231.04999999999987,231.19999999999987,5191
1594819800,231.22499999999988,234.29999999999987,231.1249999999999,233.8999999999999,5101
1594906200,233.84999999999988,238.29999999999987,233.3999999999999,237.07499999999987,7822
1594992600,237.07499999999987,237.8749999999999,235.92499999999987,237.64999999999986,3277
1595251800,237.29999999999987,237.57499999999987,234.67499999999987,237.32499999999987,5718
1595338200,237.32499999999987,238.19999999999987,236.72499999999988,237.29999999999987,4033
1595424600,237.27499999999986,237.82499999999987,236.79999999999987,237.59999999999988,3634
1595511000,237.67499999999987,238.94999999999987,237.29999999999987,237.4999999999999,4187
1595597400,237.22499999999988,238.8749999999999,236.77499999999986,237.07499999999987,4498
1595856600,238.4999999999999,239.1249999999999,233.59999999999988,233.94999999999987,8356
1595943000,234.22499999999988,236.02499999999986,233.89999999999986,235.6249999999999,4898
1596029400,235.84999999999988,237.32499999999987,235.69999999999987,236.89999999999986,3000
1596115800,236.7499999999999,238.9999999999999,236.44999999999987,238.7499999999999,4846
1596202200,238.82499999999987,240.79999999999987,238.22499999999988,240.54999999999987,4892
1596461400,240.4999999999999,241.8749999999999,239.92499999999987,241.39999999999986,5605
1596547800,241.19999999999987,241.72499999999988,240.3749999999999,240.94999999999987,3732
1596634200,240.6249999999999,241.19999999999987,240.1249999999999,240.79999999999987,3317
1596720600,240.92499999999987,243.19999999999987,240.02499999999986,240.19999999999987,5520
1596807000,240.02499999999986,240.8749999999999,239.29999999999987,239.44999999999987,4984
1597066200,239.67499999999987,240.04999999999987,238.29999999999987,239.72499999999988,5316
1597152600,239.8749999999999,241.44999999999987,239.34999999999988,240.94999999999987,5032
1597239000,240.89999999999986,243.64999999999986,240.89999999999986,242.27499999999986,6913
1597325400,242.4999999999999,242.72499999999988,241.47499999999988,241.69999999999987,5534
1597411800,241.44999999999987,241.97499999999988,240.34999999999988,240.6499999999999,4300
1597671000,240.72499999999988,241.04999999999987,238.22499999999988,238.42499999999987,4401
1597757400,238.57499999999987,239.92499999999987,238.04999999999987,239.59999999999988,2913
1597843800,239.97499999999988,241.04999999999987,239.7499999999999,240.0249999999999,2626
1597930200,240.34999999999988,240.67499999999987,239.17499999999987,239.59999999999988,3684
1598016600,239.3999999999999,239.8749999999999,238.09999999999988,238.4999999999999,3190
1598275800,237.19999999999987,237.57499999999987,235.19999999999987,236.04999999999987,6832
1598362200,235.5249999999999,236.8999999999999,235.0249999999999,236.29999999999987,4437
1598448600,236.22499999999988,237.19999999999987,234.3749999999999,235.1499999999999,4292
1598535000,234.94999999999987,235.72499999999988,232.7749999999999,234.3749999999999,4783
1598621400,234.3749999999999,234.42499999999987,232.94999999999987,233.3999999999999,3239
1598880600,232.19999999999987,234.82499999999987,231.94999999999987,233.84999999999988,5204
1598967000,233.84999999999988,235.04999999999987,232.6499999999999,233.8749999999999,4740
1599053400,234.0249999999999,234.19999999999987,231.2499999999999,232.67499999999987,5577
1599139800,232.44999999999987,233.59999999999988,230.94999999999987,231.54999999999987,4952
1599226200,231.82499999999987,232.19999999999987,230.7749999999999,231.72499999999988,4983
1599571800,231.8749999999999,233.29999999999987,231.4999999999999,233.07499999999987,5596
1599658200,233.04999999999987,233.42499999999987,230.47499999999988,231.47499999999988,6766
1599744600,231.7749999999999,234.19999999999987,231.6249999999999,232.82499999999987,5912
1599831000,233.1249999999999,233.97499999999988,232.6249999999999,233.79999999999987,4779
1600090200,234.32499999999987,236.34999999999988,234.29999999999987,235.82499999999987,6970
1600176600,236.47499999999988,237.1249999999999,235.57499999999987,236.92499999999987,4272
1600263000,237.1249999999999,237.22499999999988,235.3749999999999,235.6499999999999,4155
1600349400,235.7499999999999,235.7499999999999,233.79999999999987,234.67499999999987,3928
1600435800,234.67499999999987,236.0249999999999,234.47499999999988,234.9999999999999,3942
1600695000,234.57499999999987,235.79999999999987,232.82499999999987,235.19999999999987,6175
1600781400,235.4999999999999,235.97499999999988,233.2749999999999,233.6499999999999,4217
1600867800,233.42499999999987,234.44999999999987,233.1249999999999,234.1249999999999,2607
1600954200,234.1249999999999,235.17499999999987,233.82499999999987,234.82499999999987,3578
1601040600,234.84999999999988,234.97499999999988,232.54999999999987,232.6249999999999,4679
1601299800,231.8749999999999,233.67499999999987,231.5249999999999,233.57499999999987,5983
1601386200,233.82499999999987,237.0249999999999,233.82499999999987,236.2499999999999,7066
1601472600,236.6249999999999,236.82499999999987,233.19999999999987,234.5249999999999,7363
1601559000,234.3749999999999,234.8749999999999,233.2749999999999,233.72499999999988,4745
1601645400,232.47499999999988,233.34999999999988,231.82499999999987,232.34999999999988,4271
1601904600,232.72499999999988,233.54999999999987,232.07499999999987,232.3999999999999,5899
1601991000,232.67499999999987,233.3999999999999,229.32499999999987,229.9999999999999,6812
1602077400,229.97499999999988,230.7749999999999,228.29999999999987,230.34999999999988,7585
1602163800,230.19999999999987,230.57499999999987,228.82499999999987,228.92499999999987,6125
1602250200,228.77499999999986,228.94999999999987,226.79999999999987,227.94999999999987,5226
1602509400,228.07499999999987,228.57499999999987,226.64999999999986,227.59999999999988,6009
1602595800,227.4999999999999,228.44999999999987,226.17499999999987,228.17499999999987,7158
1602682200,228.02499999999986,228.94999999999987,226.72499999999988,227.27499999999986,4776
1602768600,227.07499999999987,227.7499999999999,225.79999999999987,226.04999999999987,5922
1602855000,226.02499999999986,226.02499999999986,222.29999999999987,223.27499999999986,7044
1603114200,223.59999999999988,223.69999999999987,218.32499999999987,219.17499999999987,7525
1603200600,219.27499999999986,221.82499999999987,218.19999999999987,220.64999999999986,6774
1603287000,220.9999999999999,221.57499999999987,220.02499999999986,221.02499999999986,4743
1603373400,220.94999999999987,221.27499999999986,218.9999999999999,220.14999999999986,3558
1603459800,220.04999999999987,220.59999999999988,219.29999999999987,219.4999999999999,3485
1603719000,219.4999999999999,221.07499999999987,219.19999999999987,220.72499999999988,4219
1603805400,221.22499999999988,223.39999999999986,220.89999999999986,222.3749999999999,4293
1603891800,221.7499999999999,224.07499999999987,221.47499999999988,223.89999999999986,3765
1603978200,223.94999999999987,225.7499999999999,222.79999999999987,225.29999999999987,5211
1604064600,225.94999999999987,228.22499999999988,225.04999999999987,228.07499999999987,5546
1604327400,227.94999999999987,228.4999999999999,226.39999999999986,227.9999999999999,4986
1604413800,228.17499999999987,228.3749999999999,226.64999999999986,227.1249999999999,3207
1604500200,226.9999999999999,229.42499999999987,226.42499999999987,229.09999999999988,4021
1604586600,229.1249999999999,230.04999999999987,227.69999999999987,229.34999999999988,4587
1604673000,229.14999999999986,230.47499999999988,229.04999999999987,229.8749999999999,3662
1604932200,230.94999999999987,234.8749999999999,230.84999999999988,234.67499999999987,9378
1605018600,234.4999999999999,235.44999999999987,233.29999999999987,234.34999999999988,7867
1605105000,234.34999999999988,234.6249999999999,232.69999999999987,234.14999999999986,4946
1605191400,233.94999999999987,234.8749999999999,233.4999999999999,234.67499999999987,3514
1605277800,234.04999999999987,234.2499999999999,231.57499999999987,231.82499999999987,5159
1605537000,231.89999999999986,232.2499999999999,230.67499999999987,231.8749999999999,4098
1605623400,231.97499999999988,234.3749999999999,231.27499999999986,233.67499999999987,4823
1605709800,233.67499999999987,233.69999999999987,230.7499999999999,231.2499999999999,3948
1605796200,231.44999999999987,231.89999999999986,228.17499999999987,229.4999999999999,5686
1605882600,229.44999999999987,229.54999999999987,226.94999999999987,228.54999999999987,5310
1606141800,229.32499999999987,232.32499999999987,229.17499999999987,231.77499999999986,4547
1606228200,232.02499999999986,233.52499999999986,231.94999999999987,232.54999999999987,4901
1606314600,232.84999999999988,234.52499999999986,232.6249999999999,234.1249999999999,3966
1606487400,233.57499999999987,234.92499999999987,233.34999999999988,233.77499999999986,2718
1606746600,233.34999999999988,235.19999999999987,232.8749999999999,234.9999999999999,5839
1606833000,235.02499999999986,237.42499999999987,234.9999999999999,235.59999999999988,6849
1606919400,235.44999999999987,236.09999999999988,234.29999999999987,235.7499999999999,4659
1607005800,235.67499999999987,235.94999999999987,233.17499999999987,233.7499999999999,4664
1607092200,233.54999999999987,234.07499999999987,232.34999999999988,233.72499999999988,4655
1607351400,233.19999999999987,233.42499999999987,231.4999999999999,231.7499999999999,7301
1607437800,231.54999999999987,232.3749999999999,230.77499999999986,231.52499999999986,6088
1607524200,231.47499999999988,231.84999999999988,230.52499999999986,230.97499999999988,5731
1607610600,230.79999999999987,233.09999999999988,230.72499999999988,231.54999999999987,8018
1607697000,231.34999999999988,233.79999999999987,231.19999999999987,233.67499999999987,7026
1607956200,233.64999999999986,234.57499999999987,233.1249999999999,233.97499999999988,4278
1608042600,233.42499999999987,234.47499999999988,233.3749999999999,234.04999999999987,3651
1608129000,233.54999999999987,235.22499999999988,232.7499999999999,234.79999999999987,4385
1608215400,234.84999999999988,235.6249999999999,234.69999999999987,235.42499999999987,3859
1608301800,235.32499999999987,235.67499999999987,234.6249999999999,235.1249999999999,5288
1608561000,234.4999999999999,236.19999999999987,233.84999999999988,235.94999999999987,4143
1608647400,236.2499999999999,236.2499999999999,234.3749999999999,234.69999999999987,3958
1608733800,234.39999999999986,235.04999999999987,233.54999999999987,234.77499999999986,3198
1608820200,234.8749999999999,235.3749999999999,234.52499999999986,235.14999999999986,1362
1609165800,235.09999999999988,236.52499999999986,234.92499999999987,235.42499999999987,3665
1609252200,235.4999999999999,235.72499999999988,233.57499999999987,234.04999999999987,4649
1609338600,234.02499999999986,234.04999999999987,232.04999999999987,232.57499999999987,5279
1609425000,232.54999999999987,233.52499999999986,231.9999999999999,233.04999999999987,4801
1609768800,232.4999999999999,232.72499999999988,228.22499999999988,228.84999999999988,9768
1609857000,228.34999999999988,231.57499999999987,227.67499999999987,230.2499999999999,7934
1609943400,229.69999999999987,230.32499999999987,228.52499999999986,229.39999999999986,5162
1610029800,228.82499999999987,231.02499999999986,228.82499999999987,230.39999999999986,4115
1610116200,230.32499999999987,230.52499999999986,229.32499999999987,229.64999999999986,3995
1610375400,229.82499999999987,230.07499999999987,228.07499999999987,229.72499999999988,4777
1610461800,229.79999999999987,229.79999999999987,226.54999999999987,226.79999999999987,6179
1610548200,226.02499999999986,227.64999999999986,225.4999999999999,227.14999999999986,5801
1610634600,227.14999999999986,227.4999999999999,225.64999999999986,226.19999999999987,4239
1610721000,226.44999999999987,229.2499999999999,226.19999999999987,228.64999999999986,5069
1611066600,228.32499999999987,231.47499999999988,228.19999999999987,229.6249999999999,6981
1611153000,230.54999999999987,231.29999999999987,229.64999999999986,230.34999999999988,4991
1611239400,229.39999999999986,232.27499999999986,229.39999999999986,231.97499999999988,4127
1611325800,232.14999999999986,236.97499999999988,232.1249999999999,236.97499999999988,9026
1611585000,235.92499999999987,237.67499999999987,235.17499999999987,236.67499999999987,7403
1611671400,236.1249999999999,236.67499999999987,233.92499999999987,234.29999999999987,5614
1611757800,233.02499999999986,234.19999999999987,231.9999999999999,232.89999999999986,3814
1611844200,232.6249999999999,233.57499999999987,232.04999999999987,232.6249999999999,2508
1611930600,232.4999999999999,234.67499999999987,230.22499999999988,230.54999999999987,5454
1612189800,230.94999999999987,231.32499999999987,229.6249999999999,230.7499999999999,3445
1612276200,231.32499999999987,232.1249999999999,230.82499999999987,231.94999999999987,3006
1612362600,231.82499999999987,233.1249999999999,231.07499999999987,231.34999999999988,3037
1612449000,230.82499999999987,232.67499999999987,230.77499999999986,232.32499999999987,3045
1612535400,232.22499999999988,232.2499999999999,230.97499999999988,231.09999999999988,5042
1612794600,231.14999999999986,231.6249999999999,230.02499999999986,230.27499999999986,4809
1612881000,230.1249999999999,233.69999999999987,230.1249999999999,231.47499999999988,6757
1612967400,232.02499999999986,232.72499999999988,230.27499999999986,232.32499999999987,4705
1613053800,231.84999999999988,233.14999999999986,231.72499999999988,231.97499999999988,4685
1613140200,232.59999999999988,234.64999999999986,231.9999999999999,233.67499999999987,4393
1613485800,233.89999999999986,234.7499999999999,232.9999999999999,233.54999999999987,3039
1613572200,233.44999999999987,234.1249999999999,231.44999999999987,231.69999999999987,2949
1613658600,231.79999999999987,232.42499999999987,230.54999999999987,230.69999999999987,5421
1613745000,230.92499999999987,231.9999999999999,230.59999999999988,231.6249999999999,3969
1614004200,231.1249999999999,232.72499999999988,230.4999999999999,232.22499999999988,2733
1614090600,232.22499999999988,232.6249999999999,230.92499999999987,231.54999999999987,3129
1614177000,231.2499999999999,233.77499999999986,231.17499999999987,233.69999999999987,3982
1614263400,233.94999999999987,234.34999999999988,233.14999999999986,234.02499999999986,2981
1614349800,233.52499999999986,233.84999999999988,230.94999999999987,231.52499999999986,4670
1614609000,231.19999999999987,231.2499999999999,229.54999999999987,230.07499999999987,4283
1614695400,229.59999999999988,229.72499999999988,227.82499999999987,229.42499999999987,4401
1614781800,228.82499999999987,230.54999999999987,228.6249999999999,230.2499999999999,3756
1614868200,230.1249999999999,230.14999999999986,227.34999999999988,227.92499999999987,6006
1614954600,227.9999999999999,228.8749999999999,226.17499999999987,227.97499999999988,6733
1615213800,227.97499999999988,229.44999999999987,227.57499999999987,228.6249999999999,5724
1615300200,228.84999999999988,231.34999999999988,228.59999999999988,231.02499999999986,6169
1615386600,230.9999999999999,231.4999999999999,230.27499999999986,230.67499999999987,4715
1615473000,230.67499999999987,230.84999999999988,229.29999999999987,230.22499999999988,5016
1615559400,229.92499999999987,232.79999999999987,229.77499999999986,232.17499999999987,4698
1615815000,232.19999999999987,233.54999999999987,232.04999999999987,232.8749999999999,4695
1615901400,232.92499999999987,233.1249999999999,232.02499999999986,232.27499999999986,2320
1615987800,232.47499999999988,233.7499999999999,231.07499999999987,233.59999999999988,2628
1616074200,233.69999999999987,234.77499999999986,229.89999999999986,230.3749999999999,5063
1616160600,230.9999999999999,230.9999999999999,227.3999999999999,228.4249999999999,5967
1616419800,229.2499999999999,230.2999999999999,228.34999999999988,228.84999999999988,5354
1616506200,228.94999999999987,229.5499999999999,227.94999999999987,229.22499999999988,2787
1616592600,229.34999999999988,231.69999999999987,229.32499999999987,231.07499999999987,4404
1616679000,231.07499999999987,233.2999999999999,231.07499999999987,232.8749999999999,4805
1616765400,233.3749999999999,233.6749999999999,232.5249999999999,233.6249999999999,3633
1617024600,233.6249999999999,236.9249999999999,233.34999999999988,235.94999999999987,6084
1617111000,235.9249999999999,237.22499999999988,235.3999999999999,235.94999999999987,5392
1617197400,235.44999999999987,235.6249999999999,231.09999999999988,233.1499999999999,9055
1617283800,233.07499999999987,234.1499999999999,232.47499999999988,232.97499999999988,4259
1617629400,233.34999999999988,236.0499999999999,233.34999999999988,235.5249999999999,3710
1617715800,235.44999999999987,236.4999999999999,234.69999999999987,235.5249999999999,4813
1617802200,235.7499999999999,236.7999999999999,235.2749999999999,236.4249999999999,3928
1617888600,236.4249999999999,237.0249999999999,234.72499999999988,235.34999999999988,6128
1617975000,235.4249999999999,235.5499999999999,232.5249999999999,233.3749999999999,7103
1618234200,234.2999999999999,234.4999999999999,233.07499999999987,233.44999999999987,5594
1618320600,233.5249999999999,233.5499999999999,230.47499999999988,231.07499999999987,6619
1618407000,230.8749999999999,230.94999999999987,228.3749999999999,229.1749999999999,6748
1618493400,229.1749999999999,230.1499999999999,227.4249999999999,228.1749999999999,4832
1618579800,228.1749999999999,228.4249999999999,226.7749999999999,227.47499999999988,4361
1618839000,227.22499999999988,227.22499999999988,223.59999999999988,225.69999999999987,7078
1618925400,225.82499999999987,227.59999999999988,224.29999999999987,227.44999999999987,5788
1619011800,227.84999999999988,227.84999999999988,224.57499999999987,224.84999999999988,8077
1619098200,224.47499999999988,224.84999999999988,220.02499999999986,221.29999999999987,7378
1619184600,222.19999999999987,223.67499999999987,221.92499999999987,222.82499999999987,5332
1619443800,221.17499999999987,223.57499999999987,220.17499999999987,223.22499999999988,5294
1619530200,222.79999999999987,226.54999999999987,222.62499999999986,222.99999999999986,6571
1619616600,223.84999999999988,225.42499999999987,220.89999999999986,221.82499999999987,6179
1619703000,221.94999999999987,223.57499999999987,221.47499999999988,222.79999999999987,3930
1619789400,222.92499999999987,223.17499999999987,219.22499999999988,219.67499999999987,6929
1620048600,218.97499999999988,220.42499999999987,217.52499999999986,219.72499999999988,6702
1620135000,219.72499999999988,219.82499999999987,215.14999999999986,216.09999999999988,5894
1620221400,216.24999999999986,218.62499999999986,215.14999999999986,218.14999999999986,5245
1620307800,217.89999999999986,218.02499999999986,214.44999999999987,216.32499999999987,5926
1620394200,215.89999999999986,220.29999999999987,215.87499999999986,217.19999999999987,7300
1620653400,218.52499999999986,222.02499999999986,218.39999999999986,221.62499999999986,5736
1620739800,221.59999999999988,222.54999999999987,220.47499999999988,221.77499999999986,4195
1620826200,221.77499999999986,223.87499999999986,220.97499999999988,223.44999999999987,4837
1620912600,224.62499999999986,226.87499999999986,221.12499999999986,223.42499999999987,7223
1620999000,222.82499999999987,224.64999999999986,222.12499999999986,224.07499999999987,2675
1621258200,224.04999999999987,225.99999999999986,223.22499999999988,225.67499999999987,3789
1621344600,225.42499999999987,226.29999999999987,223.62499999999986,224.84999999999988,4277
1621431000,225.24999999999986,226.64999999999986,224.77499999999986,225.79999999999987,3815
1621517400,225.79999999999987,225.87499999999986,223.07499999999987,223.99999999999986,4568
1621603800,224.22499999999988,226.79999999999987,223.92499999999987,226.62499999999986,4343
1621863000,225.92499999999987,227.37499999999986,225.74999999999986,227.04999999999987,4469
1621949400,227.24999999999986,229.87499999999986,226.57499999999987,229.59999999999988,5498
1622035800,229.67499999999987,231.64999999999986,227.07499999999987,228.12499999999986,6148
1622122200,227.54999999999987,227.87499999999986,225.22499999999988,225.77499999999986,4698
1622208600,226.34999999999988,226.82499999999987,224.12499999999986,224.27499999999986,3457
1622554200,222.02499999999986,223.17499999999987,218.02499999999986,222.07499999999987,8950
1622640600,223.52499999999986,225.97499999999988,221.37499999999986,225.24999999999986,4977
1622727000,225.12499999999986,226.27499999999986,223.94999999999987,225.87499999999986,3216
1622813400,225.62499999999986,225.67499999999987,222.12499999999986,222.84999999999988,4037
1623072600,221.42499999999987,223.52499999999986,220.34999999999988,223.12499999999986,3636
1623159000,223.14999999999986,223.34999999999988,220.87499999999986,222.17499999999987,3599
1623245400,222.72499999999988,223.82499999999987,220.42499999999987,221.19999999999987,3939
1623331800,220.67499999999987,221.72499999999988,219.67499999999987,221.32499999999987,4157
1623418200,222.32499999999987,224.82499999999987,221.79999999999987,224.09999999999988,4805
1623677400,226.09999999999988,227.67499999999987,225.59999999999988,227.52499999999986,4174
1623763800,227.74999999999986,230.32499999999987,227.64999999999986,229.74999999999986,5770
1623850200,229.09999999999988,231.02499999999986,228.62499999999986,230.62499999999986,4596
1623936600,231.22499999999988,233.07499999999987,229.67499999999987,230.32499999999987,5766
1624023000,229.17499999999987,230.62499999999986,227.82499999999987,227.94999999999987,4081
1624282200,228.99999999999986,229.29999999999987,226.52499999999986,228.02499999999986,2816
1624368600,228.17499999999987,232.42499999999987,228.14999999999986,231.27499999999986,5054
1624455000,231.32499999999987,232.27499999999986,228.34999999999988,228.62499999999986,3775
1624541400,230.17499999999987,230.52499999999986,228.74999999999986,230.07499999999987,2732
1624627800,229.94999999999987,232.59999999999988,229.39999999999986,232.47499999999988,2942
1624887000,232.54999999999987,232.57499999999987,228.97499999999988,229.27499999999986,5227
1624973400,229.62499999999986,231.07499999999987,228.32499999999987,230.32499999999987,3875
1625059800,230.79999999999987,231.54999999999987,226.54999999999987,227.54999999999987,7567
1625146200,226.07499999999987,230.69999999999987,225.12499999999986,229.24999999999986,6085
1625232600,229.47499999999988,231.24999999999986,228.84999999999988,229.97499999999988,3726
1625578200,231.09999999999988,233.84999999999988,230.67499999999987,233.54999999999987,5191
1625664600,233.42499999999987,234.02499999999986,231.22499999999988,231.92499999999987,5175
1625751000,232.19999999999987,232.27499999999986,229.67499999999987,230.24999999999986,5441
1625837400,230.49999999999986,232.69999999999987,229.79999999999987,232.09999999999988,5798
1626096600,231.89999999999986,232.07499999999987,230.52499999999986,231.07499999999987,5555
1626183000,230.92499999999987,232.29999999999987,230.22499999999988,231.74999999999986,5889
1626269400,232.07499999999987,232.24999999999986,229.22499999999988,229.87499999999986,5977
1626355800,229.99999999999986,231.19999999999987,229.44999999999987,230.29999999999987,4033
1626442200,229.92499999999987,230.44999999999987,228.42499999999987,228.54999999999987,3999
1626701400,227.94999999999987,229.62499999999986,226.62499999999986,229.09999999999988,4859
1626787800,228.44999999999987,229.24999999999986,227.54999999999987,227.82499999999987,3105
1626874200,227.77499999999986,229.52499999999986,227.19999999999987,229.34999999999988,2737
1626960600,229.99999999999986,231.72499999999988,229.74999999999986,230.74999999999986,2438
1627047000,230.82499999999987,233.02499999999986,230.74999999999986,232.57499999999987,2868
1627306200,233.04999999999987,235.57499999999987,232.97499999999988,234.87499999999986,3456
1627392600,234.37499999999986,235.34999999999988,233.69999999999987,234.04999999999987,4613
1627479000,233.82499999999987,234.52499999999986,233.19999999999987,233.49999999999986,3400
1627565400,233.34999999999988,233.59999999999988,231.62499999999986,231.99999999999986,3653
1627651800,232.57499999999987,232.74999999999986,230.87499999999986,231.84999999999988,3378
1627911000,232.22499999999988,233.47499999999988,231.77499999999986,232.02499999999986,3543
1627997400,232.29999999999987,233.87499999999986,231.59999999999988,232.57499999999987,4968
1628083800,233.02499999999986,233.69999999999987,232.14999999999986,232.92499999999987,3764
1628170200,232.67499999999987,233.07499999999987,231.02499999999986,231.19999999999987,5012
1628256600,231.29999999999987,233.77499999999986,230.09999999999988,233.37499999999986,6388
1628515800,233.54999999999987,234.07499999999987,232.69999999999987,233.24999999999986,5056
1628602200,233.54999999999987,234.34999999999988,232.49999999999986,233.09999999999988,5932
1628688600,233.09999999999988,233.39999999999986,232.14999999999986,232.87499999999986,3866
1628775000,232.87499999999986,234.89999999999986,231.54999999999987,233.59999999999988,7996
1628861400,233.32499999999987,233.94999999999987,232.37499999999986,233.12499999999986,3294
1629120600,233.19999999999987,233.54999999999987,231.27499999999986,232.04999999999987,4061
1629207000,232.04999999999987,232.19999999999987,230.79999999999987,230.97499999999988,4446
1629293400,230.94999999999987,233.49999999999986,230.87499999999986,233.39999999999986,5243
1629379800,232.94999999999987,233.24999999999986,232.07499999999987,232.94999999999987,3862
1629466200,232.69999999999987,235.44999999999987,232.2749999999999,235.09999999999988,4594
1629725400,235.1499999999999,239.94999999999987,235.0249999999999,238.1499999999999,10744
1629811800,238.1499999999999,240.0249999999999,237.1499999999999,237.69999999999987,7136
1629898200,237.57499999999987,238.67499999999987,236.67499999999987,236.7499999999999,5470
1629984600,236.8999999999999,237.32499999999987,234.82499999999987,235.7499999999999,4629
1630071000,235.97499999999988,236.67499999999987,234.69999999999987,235.8999999999999,3730
1630330200,236.3749999999999,237.0249999999999,235.07499999999987,236.42499999999987,4111
1630416600,236.67499999999987,237.09999999999988,234.57499999999987,235.22499999999988,5241
1630503000,235.32499999999987,236.72499999999988,234.7499999999999,235.5249999999999,7274
1630589400,235.29999999999987,235.47499999999988,231.47499999999988,232.5249999999999,8684
1630675800,232.97499999999988,233.19999999999987,229.42499999999987,229.94999999999987,7590
1631021400,230.42499999999987,230.6499999999999,226.6249999999999,227.5249999999999,6418
1631107800,227.3999999999999,228.7749999999999,226.3999999999999,226.7499999999999,8225
1631194200,227.17499999999987,227.72499999999988,226.2499999999999,226.72499999999988,6171
1631280600,226.44999999999987,226.94999999999987,224.32499999999987,225.19999999999987,8003
1631539800,223.07499999999987,224.79999999999987,222.2499999999999,222.92499999999987,9334
1631626200,223.57499999999987,226.32499999999987,223.04999999999987,225.6249999999999,7624
1631712600,225.6249999999999,225.6249999999999,223.69999999999987,223.97499999999988,6139
1631799000,224.1249999999999,224.82499999999987,222.72499999999988,224.57499999999987,4828
1631885400,224.59999999999988,224.8749999999999,223.3999999999999,223.84999999999988,4352
1632144600,223.0249999999999,224.72499999999988,222.57499999999987,224.3749999999999,4811
1632231000,224.4999999999999,225.32499999999987,224.1249999999999,224.69999999999987,4287
1632317400,224.7749999999999,226.1249999999999,224.3749999999999,225.97499999999988,4144
1632403800,226.2749999999999,227.47499999999988,225.1249999999999,225.84999999999988,4668
1632490200,225.6499999999999,226.59999999999988,225.2499999999999,226.32499999999987,2513
1632749400,225.8999999999999,226.09999999999988,222.8749999999999,223.32499999999987,4765
1632835800,222.7749999999999,224.8999999999999,222.7499999999999,224.7999999999999,4288
1632922200,224.6749999999999,225.0249999999999,222.6499999999999,223.0249999999999,3915
1633008600,223.0249999999999,223.0249999999999,219.7499999999999,220.6499999999999,7498
1633095000,221.34999999999988,222.07499999999987,220.3999999999999,220.6499999999999,4276
1633354200,220.6499999999999,223.1499999999999,220.2999999999999,222.7749999999999,5379
1633440600,223.09999999999988,225.6749999999999,222.8999999999999,224.6249999999999,5899
1633527000,224.3999999999999,226.19999999999987,223.3999999999999,225.8749999999999,3830
1633613400,225.8749999999999,229.4999999999999,225.84999999999988,229.34999999999988,8291
1633699800,229.22499999999988,229.8749999999999,228.7499999999999,228.8999999999999,5838
1633959000,228.9999999999999,230.1249999999999,228.4499999999999,229.8749999999999,5026
1634045400,230.0749999999999,230.8999999999999,229.47499999999988,230.5499999999999,6429
1634131800,230.3999999999999,230.47499999999988,228.7999999999999,229.22499999999988,5526
1634218200,229.22499999999988,230.2749999999999,228.5749999999999,230.1249999999999,3930
1634304600,229.7999999999999,229.9499999999999,228.84999999999988,229.2999999999999,4087
1634563800,229.2499999999999,229.72499999999988,227.1249999999999,227.3249999999999,4691
1634650200,227.3249999999999,228.9999999999999,226.6999999999999,226.9999999999999,4280
1634736600,226.9999999999999,228.3999999999999,226.8249999999999,228.2499999999999,4320
1634823000,228.5499999999999,229.0249999999999,227.09999999999988,227.7749999999999,4036
1634909400,227.8249999999999,227.84999999999988,224.6499999999999,225.09999999999988,4648
1635168600,227.59999999999988,228.2749999999999,226.1999999999999,226.34999999999988,4543
1635255000,226.1749999999999,228.5249999999999,226.0499999999999,228.3749999999999,4146
1635341400,228.6249999999999,228.7749999999999,226.3249999999999,226.72499999999988,4824
1635427800,227.1249999999999,227.1499999999999,225.0749999999999,225.34999999999988,3986
1635514200,225.5749999999999,225.9499999999999,223.1749999999999,223.8999999999999,6466
1635773400,223.6749999999999,224.4999999999999,218.5499999999999,220.4999999999999,9086
1635859800,220.6749999999999,224.9249999999999,220.5499999999999,224.7999999999999,7478
1635946200,225.1999999999999,227.9249999999999,225.1999999999999,226.9999999999999,6857
1636032600,226.8249999999999,227.47499999999988,225.84999999999988,225.9499999999999,3955
1636119000,226.0749999999999,227.5749999999999,225.4999999999999,227.3749999999999,4437
1636381800,227.4499999999999,228.3749999999999,226.7999999999999,228.0749999999999,5907
1636468200,228.3749999999999,228.3749999999999,226.4249999999999,227.5749999999999,4473
1636554600,227.1249999999999,227.1499999999999,225.5499999999999,225.8249999999999,4322
1636641000,226.0249999999999,227.1749999999999,225.2749999999999,226.84999999999988,4011
1636727400,226.8749999999999,226.9499999999999,224.5749999999999,225.4999999999999,3954
1636986600,225.4249999999999,226.5249999999999,224.6499999999999,226.2499999999999,2595
1637073000,226.2749999999999,227.3749999999999,226.1249999999999,227.0499999999999,3814
1637159400,227.0249999999999,227.2749999999999,225.6499999999999,226.6999999999999,3710
1637245800,226.7749999999999,229.6249999999999,226.4249999999999,229.1499999999999,6035
1637332200,229.2499999999999,229.84999999999988,228.5249999999999,228.6999999999999,4132
1637591400,228.5499999999999,229.7499999999999,227.8749999999999,229.47499999999988,3024
1637677800,229.7499999999999,232.5249999999999,229.6249999999999,232.1499999999999,6067
1637764200,232.4499999999999,234.9999999999999,231.9999999999999,234.6999999999999,5632
1637937000,231.84999999999988,235.9499999999999,231.7749999999999,234.9249999999999,5536
1638196200,235.2749999999999,236.0749999999999,232.9499999999999,233.4999999999999,6511
1638282600,232.97499999999988,234.8749999999999,231.1499999999999,232.6249999999999,7207
1638369000,232.7749999999999,234.2749999999999,232.6999999999999,233.59999999999988,4498
1638455400,233.1749999999999,233.6999999999999,232.72499999999988,233.5499999999999,4289
1638541800,233.6749999999999,234.47499999999988,230.97499999999988,231.8999999999999,4573
1638801000,231.7749999999999,233.34999999999988,230.59999999999988,233.0249999999999,5259
1638887400,233.0499999999999,233.47499999999988,232.0249999999999,232.7999999999999,4263
1638973800,232.7499999999999,232.7499999999999,230.7999999999999,231.1749999999999,4473
1639060200,231.1749999999999,232.09999999999988,230.7749999999999,231.84999999999988,5872
1639146600,231.7749999999999,233.2749999999999,231.4999999999999,232.6499999999999,4443
1639405800,232.6749999999999,233.84999999999988,231.6749999999999,233.2999999999999,4654
1639492200,233.1499999999999,233.6249999999999,232.0749999999999,232.34999999999988,3026
1639578600,232.2749999999999,232.47499999999988,230.97499999999988,231.1999999999999,3482
1639665000,231.27499999999992,231.5749999999999,229.9249999999999,231.0499999999999,4620
1639751400,231.0499999999999,231.39999999999992,227.9749999999999,228.4249999999999,6690
1640010600,227.9249999999999,228.0749999999999,226.62499999999991,227.2249999999999,4059
1640097000,227.7249999999999,229.3499999999999,227.24999999999991,228.5499999999999,4415
1640183400,228.3499999999999,228.9749999999999,227.1749999999999,228.64999999999992,4028
1640269800,228.6749999999999,230.9499999999999,228.27499999999992,230.4749999999999,3369
1640613600,230.2249999999999,230.9249999999999,229.2249999999999,229.99999999999991,3052
1640701800,229.99999999999991,232.1999999999999,229.9499999999999,231.9499999999999,4733
1640788200,232.1749999999999,234.9749999999999,232.1749999999999,234.77499999999992,7856
1640874600,234.6749999999999,236.3499999999999,234.0999999999999,235.7249999999999,5511
1640961000,235.9749999999999,237.5499999999999,235.3249999999999,236.6749999999999,5175
1641220200,236.0749999999999,237.4249999999999,235.9499999999999,236.24999999999991,5042
1641306600,235.2249999999999,235.2249999999999,231.62499999999991,233.0749999999999,10747
1641393000,232.7999999999999,233.64999999999992,231.7999999999999,232.89999999999992,4658
1641479400,232.4499999999999,234.2249999999999,231.27499999999992,233.99999999999991,5129
1641565800,233.77499999999992,234.5499999999999,232.6749999999999,233.39999999999992,5545
1641825000,233.0499999999999,233.64999999999992,231.6999999999999,232.0749999999999,5226
1641911400,231.9499999999999,233.9499999999999,231.4499999999999,233.0749999999999,5038
1641997800,233.12499999999991,233.2999999999999,231.37499999999991,231.74999999999991,4976
1642084200,231.87499999999991,233.5749999999999,231.74999999999991,233.4499999999999,3670
1642170600,233.49999999999991,234.14999999999992,232.24999999999991,233.0999999999999,4348
1642516200,233.27499999999992,233.3249999999999,231.9749999999999,232.14999999999992,3646
1642602600,231.5749999999999,233.64999999999992,231.37499999999991,232.3499999999999,5335
1642689000,232.4499999999999,232.8499999999999,230.87499999999991,231.6749999999999,4115
1642775400,231.5999999999999,231.5999999999999,229.87499999999991,230.02499999999992,5823
1643034600,228.74999999999991,228.77499999999992,224.9499999999999,227.9749999999999,10353
1643121000,227.9499999999999,227.9749999999999,225.37499999999991,226.5749999999999,7179
1643207400,227.1749999999999,229.02499999999992,227.0999999999999,227.52499999999992,5971
1643293800,228.02499999999992,228.5749999999999,225.8499999999999,226.2249999999999,3855
1643380200,226.27499999999992,227.3499999999999,225.3499999999999,226.3499999999999,5268
1643639400,226.5999999999999,229.9749999999999,226.4749999999999,229.74999999999991,7188
1643725800,230.2249999999999,230.87499999999991,228.9499999999999,230.4249999999999,5422
1643812200,230.62499999999991,233.9499999999999,230.4499999999999,233.5999999999999,8092
1643898600,233.5999999999999,234.6749999999999,232.8249999999999,233.4499999999999,4344
1643985000,233.0749999999999,233.89999999999992,232.4499999999999,232.8249999999999,3723
1644244200,232.1749999999999,232.7999999999999,231.1749999999999,231.74999999999991,5670
1644330600,231.9749999999999,234.02499999999992,231.02499999999992,233.5999999999999,5048
1644417000,233.62499999999991,235.5749999999999,233.3499999999999,234.99999999999991,6558
1644503400,234.5999999999999,235.7249999999999,233.24999999999991,233.4499999999999,5987
1644589800,233.2249999999999,235.3249999999999,232.77499999999992,232.9499999999999,4537
1644849000,232.87499999999991,234.52499999999992,232.4249999999999,233.5999999999999,4310
1644935400,233.9249999999999,236.0999999999999,233.87499999999991,235.4499999999999,5502
1645021800,235.14999999999992,235.49999999999991,233.62499999999991,234.1749999999999,3740
1645108200,234.12499999999991,234.12499999999991,232.62499999999991,232.9249999999999,3202
1645194600,232.97499999999988,233.2749999999999,232.1249999999999,232.6249999999999,2989
1645540200,232.1249999999999,232.72499999999988,230.34999999999988,230.8999999999999,3944
1645626600,231.2499999999999,231.6249999999999,229.4999999999999,230.0499999999999,4850
1645713000,227.0499999999999,227.8249999999999,223.7999999999999,225.5749999999999,9351
1645799400,228.2999999999999,229.2749999999999,225.5499999999999,226.5249999999999,6314
1646058600,224.47499999999988,225.7499999999999,221.6749999999999,223.7749999999999,7920
1646145000,221.7749999999999,223.72499999999988,220.9249999999999,221.5749999999999,7213
1646231400,222.3249999999999,225.97499999999988,222.1249999999999,224.7749999999999,6458
1646317800,224.5249999999999,224.5499999999999,221.7999999999999,222.2999999999999,3822
1646404200,220.2749999999999,222.2499999999999,216.0499999999999,219.0249999999999,7365
1646663400,219.6749999999999,222.5749999999999,217.9249999999999,221.4499999999999,6245
1646749800,221.5749999999999,224.0249999999999,221.1749999999999,222.09999999999988,6724
1646836200,223.1249999999999,223.5749999999999,221.3249999999999,221.9249999999999,4996
1646922600,220.3749999999999,220.9999999999999,217.8249999999999,218.0249999999999,5138
1647009000,218.5249999999999,220.3749999999999,218.3999999999999,219.7499999999999,4518
1647264600,221.0249999999999,225.1999999999999,220.0749999999999,224.1749999999999,6244
1647351000,224.8749999999999,225.84999999999988,222.7749999999999,224.3749999999999,3863
1647437400,224.9249999999999,226.5499999999999,224.22499999999988,224.3999999999999,4590
1647523800,223.6999999999999,224.0499999999999,222.3249999999999,222.8749999999999,2758
1647610200,222.9999999999999,225.19999999999987,222.94999999999987,224.44999999999987,3484
1647869400,223.7999999999999,224.19999999999987,222.34999999999988,222.7499999999999,3650
1647955800,222.97499999999988,224.34999999999988,222.2499999999999,222.4249999999999,3034
1648042200,222.09999999999988,223.22499999999988,220.07499999999987,222.7999999999999,4517
1648128600,222.82499999999987,224.72499999999988,222.82499999999987,223.4999999999999,4313
1648215000,223.57499999999987,224.09999999999988,221.9999999999999,222.32499999999987,3217
1648474200,222.5499999999999,223.1499999999999,221.69999999999987,222.07499999999987,3068
1648560600,223.9249999999999,227.3999999999999,223.6749999999999,226.3999999999999,6214
1648647000,225.22499999999988,226.2499999999999,224.6749999999999,225.8999999999999,4739
1648733400,225.6499999999999,225.7999999999999,222.6249999999999,223.5499999999999,4439
1648819800,223.7749999999999,224.69999999999987,222.7499999999999,223.1249999999999,3811
1649079000,222.2999999999999,223.0499999999999,219.1499999999999,219.47499999999988,5526
1649165400,218.8999999999999,218.97499999999988,215.07499999999987,215.9999999999999,7731
1649251800,216.97499999999988,217.44999999999987,214.69999999999987,216.94999999999987,7095
1649338200,217.59999999999988,218.09999999999988,216.1749999999999,216.47499999999988,7129
1649424600,216.4999999999999,217.72499999999988,215.5499999999999,216.3749999999999,5814
1649683800,215.9999999999999,217.09999999999988,213.84999999999988,216.8999999999999,7373
1649770200,216.3749999999999,218.57499999999987,215.7499999999999,217.9249999999999,6485
1649856600,218.82499999999987,220.57499999999987,218.6249999999999,218.94999999999987,7050
1649943000,218.7999999999999,219.59999999999988,218.47499999999988,218.7749999999999,4243
1650288600,217.9249999999999,217.9249999999999,215.1749999999999,215.8999999999999,4785
1650375000,216.3499999999999,216.8999999999999,215.5249999999999,215.8749999999999,5134
1650461400,216.2499999999999,218.3999999999999,215.8749999999999,217.8999999999999,4343
1650547800,218.9249999999999,221.0749999999999,218.2999999999999,220.8749999999999,4805
1650634200,219.8749999999999,222.6499999999999,219.8499999999999,221.3249999999999,6808
1650893400,219.8749999999999,220.4499999999999,217.8749999999999,218.9249999999999,5741
1650979800,218.8249999999999,219.5249999999999,217.2499999999999,217.5749999999999,4570
1651066200,217.7249999999999,218.1249999999999,212.9499999999999,213.3749999999999,10761
1651152600,213.1749999999999,215.4749999999999,213.0249999999999,214.8249999999999,7186
1651239000,215.1749999999999,215.3249999999999,211.7499999999999,212.6999999999999,7165
1651498200,214.7749999999999,218.8749999999999,214.0499999999999,218.4999999999999,8928
1651584600,217.9749999999999,220.8749999999999,216.8499999999999,220.6999999999999,5832
1651671000,219.8999999999999,221.9249999999999,219.0749999999999,220.6249999999999,5732
1651757400,219.9749999999999,219.9749999999999,218.0749999999999,218.7999999999999,4935
1651843800,219.0499999999999,220.4499999999999,218.6499999999999,219.1249999999999,4345
1652103000,219.4499999999999,219.7249999999999,216.2749999999999,218.6499999999999,5642
1652189400,219.1749999999999,219.2749999999999,215.9749999999999,216.2749999999999,4770
1652275800,215.7749999999999,215.9249999999999,213.7249999999999,214.4249999999999,6830
1652362200,214.4249999999999,214.4499999999999,210.5749999999999,210.9499999999999,8697
1652448600,211.9249999999999,213.3249999999999,210.7249999999999,212.4499999999999,7002
1652707800,210.8249999999999,212.1749999999999,210.4249999999999,211.8499999999999,4753
1652794200,212.5249999999999,213.1249999999999,210.8249999999999,211.1999999999999,5267
1652880600,210.9499999999999,211.7499999999999,209.0249999999999,210.2249999999999,4737
1652967000,210.0499999999999,210.5499999999999,209.0249999999999,209.6249999999999,3470
1653053400,210.2249999999999,211.0499999999999,207.7249999999999,208.3499999999999,4755
1653312600,207.5999999999999,210.3749999999999,207.2249999999999,210.0499999999999,4991
1653399000,210.6999999999999,213.4249999999999,210.5749999999999,212.5749999999999,5555
1653485400,213.9249999999999,214.6749999999999,212.1249999999999,212.3749999999999,4358
1653571800,212.7749999999999,212.9999999999999,210.5249999999999,211.0999999999999,3605
1653658200,211.0499999999999,211.8749999999999,210.1249999999999,210.7499999999999,3348
1654003800,211.1999999999999,212.7999999999999,209.1749999999999,209.5499999999999,6216
1654090200,209.6999999999999,214.6499999999999,209.4499999999999,214.1499999999999,8198
1654176600,214.1499999999999,218.0249999999999,213.6999999999999,217.3749999999999,8807
1654263000,217.4249999999999,218.6999999999999,216.5749999999999,218.2999999999999,6283
1654522200,217.1749999999999,218.5999999999999,216.1249999999999,216.3999999999999,5394
1654608600,215.9249999999999,217.0999999999999,215.4249999999999,216.8749999999999,4356
1654695000,216.4249999999999,220.9999999999999,216.3499999999999,220.0749999999999,7482
1654781400,220.3249999999999,221.2999999999999,219.9749999999999,220.4499999999999,6607
1654867800,220.1749999999999,220.9249999999999,218.4499999999999,218.8999999999999,5328
1655127000,217.9249999999999,218.1749999999999,213.8249999999999,215.7499999999999,7674
1655213400,215.8749999999999,217.2249999999999,215.1499999999999,215.7249999999999,4509
1655299800,216.9499999999999,218.2749999999999,216.7249999999999,217.6999999999999,5324
1655386200,217.0999999999999,217.4749999999999,214.9749999999999,215.7249999999999,5027
1655472600,215.4499999999999,218.1249999999999,215.1249999999999,217.3749999999999,6219
1655818200,218.9249999999999,220.5249999999999,218.5749999999999,219.7249999999999,7764
1655904600,219.3749999999999,219.7749999999999,217.2999999999999,217.5749999999999,5848
1655991000,218.6999999999999,220.2999999999999,217.8749999999999,219.2749999999999,6972
1656077400,218.6249999999999,219.2749999999999,216.6249999999999,216.9249999999999,6895
1656336600,218.2999999999999,220.1749999999999,217.0999999999999,218.5499999999999,6754
1656423000,217.7749999999999,218.3749999999999,216.0749999999999,216.2499999999999,6844
1656509400,216.0749999999999,217.0999999999999,214.7499999999999,215.1499999999999,6846
1656595800,215.9249999999999,218.5499999999999,214.9999999999999,218.0249999999999,8744
1656682200,218.0249999999999,219.9999999999999,217.9749999999999,218.9249999999999,8173
1657027800,219.4249999999999,220.7499999999999,216.8749999999999,217.1249999999999,6647
1657114200,217.6499999999999,218.3249999999999,216.4999999999999,217.7249999999999,7525
1657200600,218.0249999999999,218.1999999999999,216.0249999999999,216.8999999999999,6594
1657287000,216.9499999999999,218.0249999999999,215.9499999999999,216.1499999999999,6947
1657546200,215.6249999999999,219.6999999999999,214.4249999999999,219.2999999999999,9553
1657632600,219.7249999999999,224.3249999999999,219.5999999999999,223.9999999999999,11489
1657719000,223.6749999999999,225.4249999999999,222.5999999999999,225.2249999999999,8960
1657805400,224.3249999999999,224.7749999999999,222.8749999999999,223.3249999999999,7190
1657891800,223.2749999999999,223.4499999999999,220.4999999999999,220.7749999999999,6679
1658151000,220.09999999999988,221.34999999999988,219.19999999999987,220.5249999999999,4474
1658237400,221.9999999999999,223.32499999999987,221.8749999999999,222.8999999999999,3308
1658323800,222.9999999999999,223.69999999999987,221.67499999999987,222.07499999999987,4138
1658410200,222.7749999999999,222.82499999999987,220.6249999999999,222.3999999999999,4207
1658496600,222.59999999999988,225.9999999999999,222.42499999999987,225.57499999999987,5587
1658755800,224.04999999999987,225.34999999999988,223.1499999999999,223.7749999999999,4494
1658842200,222.94999999999987,223.09999999999988,220.92499999999987,221.5249999999999,4353
1658928600,221.17499999999987,223.34999999999988,220.84999999999988,222.94999999999987,3644
1659015000,222.34999999999988,222.6499999999999,221.1249999999999,221.29999999999987,3958
1659101400,220.5249999999999,223.0249999999999,219.3749999999999,222.6499999999999,5515
1659360600,223.3999999999999,224.72499999999988,223.19999999999987,224.19999999999987,4085
1659447000,224.2749999999999,224.94999999999987,222.3749999999999,222.54999999999987,4934
1659533400,222.32499999999987,224.32499999999987,222.0249999999999,223.9999999999999,3991
1659619800,223.6249999999999,224.47499999999988,222.34999999999988,223.67499999999987,3649
1659706200,223.7499999999999,225.69999999999987,223.29999999999987,224.5249999999999,4945
1659965400,224.9999999999999,227.34999999999988,224.59999999999988,226.7499999999999,6727
1660051800,225.7499999999999,225.94999999999987,223.4999999999999,223.59999999999988,6936
1660138200,223.8749999999999,226.3749999999999,223.1499999999999,226.09999999999988,5800
1660224600,225.84999999999988,226.9999999999999,224.94999999999987,225.69999999999987,5520
1660311000,225.6249999999999,226.84999999999988,224.22499999999988,224.47499999999988,3934
1660570200,225.69999999999987,226.3999999999999,223.79999999999987,224.09999999999988,4473
1660656600,224.5249999999999,227.42499999999987,224.5249999999999,226.57499999999987,5194
1660743000,226.5249999999999,228.8749999999999,225.59999999999988,228.22499999999988,5760
1660829400,227.84999999999988,228.44999999999987,225.9999999999999,226.3749999999999,5263
1660915800,226.29999999999987,226.89999999999986,225.09999999999988,225.47499999999988,3975
1661175000,225.19999999999987,225.59999999999988,224.3749999999999,225.17499999999987,4428
1661261400,224.39999999999986,224.39999999999986,222.44999999999987,223.14999999999986,7314
1661347800,222.52499999999986,224.4999999999999,222.32499999999987,223.14999999999986,6494
1661434200,223.19999999999987,224.42499999999987,221.52499999999986,224.22499999999988,4912
1661520600,224.22499999999988,224.4999999999999,221.79999999999987,222.09999999999988,3980
1661779800,221.59999999999988,221.59999999999988,219.2499999999999,219.77499999999986,6840
1661866200,220.7499999999999,222.22499999999988,220.52499999999986,221.97499999999988,5656
1661952600,222.57499999999987,222.79999999999987,221.59999999999988,222.17499999999987,4639
1662039000,222.1249999999999,224.2499999999999,222.1249999999999,223.04999999999987,5568
1662125400,222.92499999999987,224.02499999999986,222.09999999999988,223.64999999999986,5725
1662471000,223.64999999999986,225.69999999999987,223.57499999999987,224.79999999999987,7167
1662557400,224.14999999999986,224.6249999999999,222.44999999999987,222.64999999999986,6711
1662643800,223.02499999999986,223.59999999999988,222.27499999999986,223.09999999999988,6173
1662730200,223.09999999999988,225.39999999999986,222.72499999999988,224.27499999999986,7782
1662989400,224.2499999999999,224.89999999999986,221.57499999999987,221.82499999999987,7448
1663075800,221.79999999999987,221.82499999999987,217.69999999999987,219.22499999999988,9260
1663162200,219.59999999999988,220.59999999999988,218.4999999999999,220.1249999999999,6578
1663248600,219.52499999999986,220.79999999999987,218.8749999999999,219.6249999999999,5390
1663335000,219.39999999999986,220.29999999999987,218.27499999999986,219.94999999999987,4448
1663594200,219.97499999999988,221.1249999999999,219.57499999999987,220.72499999999988,4940
1663680600,220.59999999999988,221.09999999999988,218.32499999999987,218.47499999999988,4960
1663767000,218.54999999999987,219.52499999999986,217.04999999999987,217.52499999999986,5797
1663853400,217.39999999999986,217.69999999999987,214.94999999999987,215.2499999999999,8057
1663939800,215.72499999999988,216.14999999999986,214.77499999999986,215.44999999999987,7453
1664199000,215.57499999999987,216.67499999999987,213.22499999999988,214.2499999999999,7424
1664285400,214.09999999999988,214.7499999999999,212.39999999999986,213.47499999999988,6073
1664371800,213.72499999999988,213.82499999999987,212.22499999999988,212.47499999999988,5888
1664458200,212.44999999999987,215.3749999999999,211.42499999999987,215.02499999999986,7485
1664544600,215.02499999999986,215.54999999999987,211.57499999999987,211.82499999999987,7467
1664803800,211.72499999999988,214.29999999999987,211.72499999999988,213.2499999999999,6191
1664890200,213.47499999999988,213.97499999999988,211.92499999999987,212.39999999999986,5636
1664976600,213.04999999999987,214.82499999999987,211.59999999999988,214.52499999999986,6121
1665063000,214.97499999999988,215.09999999999988,212.94999999999987,213.6249999999999,5182
1665149400,213.39999999999986,213.94999999999987,212.54999999999987,212.82499999999987,5799
1665408600,212.59999999999988,212.9999999999999,209.57499999999987,210.4999999999999,6612
1665495000,211.1249999999999,213.04999999999987,210.7749999999999,212.94999999999987,8237
1665581400,213.09999999999988,213.8749999999999,212.17499999999987,213.1249999999999,7364
1665667800,212.6249999999999,213.54999999999987,212.1499999999999,212.5249999999999,5312
1665754200,212.97499999999988,213.0249999999999,210.92499999999987,211.32499999999987,4711
1666013400,211.32499999999987,213.97499999999988,211.2499999999999,213.47499999999988,5923
1666099800,213.82499999999987,215.6499999999999,213.57499999999987,215.42499999999987,7189
1666186200,215.54999999999987,216.6499999999999,215.47499999999988,216.29999999999987,7254
1666272600,216.17499999999987,216.22499999999988,214.54999999999987,215.47499999999988,5251
1666359000,215.8749999999999,217.57499999999987,215.3749999999999,216.59999999999988,6337
1666618200,217.22499999999988,218.59999999999988,217.1499999999999,218.17499999999987,6564
1666704600,218.29999999999987,218.59999999999988,216.17499999999987,216.47499999999988,6936
1666791000,215.6249999999999,217.72499999999988,215.44999999999987,217.47499999999988,3750
1666877400,217.22499999999988,218.07499999999987,216.3999999999999,216.67499999999987,4634
1666963800,216.72499999999988,217.84999999999988,216.32499999999987,216.59999999999988,3588
1667223000,215.2499999999999,216.04999999999987,213.92499999999987,215.67499999999987,7790
1667309400,215.6249999999999,216.5249999999999,214.29999999999987,214.42499999999987,5753
1667395800,215.7749999999999,216.94999999999987,215.6249999999999,216.22499999999988,7822
1667482200,216.22499999999988,216.42499999999987,215.22499999999988,215.6499999999999,7048
1667568600,215.7749999999999,216.82499999999987,215.0249999999999,215.84999999999988,5304
1667831400,215.7499999999999,216.3999999999999,215.04999999999987,216.1499999999999,4896
1667917800,216.22499999999988,216.44999999999987,215.1499999999999,216.1249999999999,3898
1668004200,215.94999999999987,216.7749999999999,215.34999999999988,215.8749999999999,5309
1668090600,216.09999999999988,218.09999999999988,215.92499999999987,217.92499999999987,7367
1668177000,217.59999999999988,217.82499999999987,214.7499999999999,214.79999999999987,7780
1668436200,214.97499999999988,215.92499999999987,214.7749999999999,215.67499999999987,11815
1668522600,215.67499999999987,216.04999999999987,212.54999999999987,213.2499999999999,12381
1668609000,214.0249999999999,214.47499999999988,213.22499999999988,213.69999999999987,8081
1668695400,214.04999999999987,216.4999999999999,213.79999999999987,216.19999999999987,10831
1668781800,216.19999999999987,217.42499999999987,215.4999999999999,216.9999999999999,7579
1669041000,217.72499999999988,219.29999999999987,217.72499999999988,218.84999999999988,7541
1669127400,218.69999999999987,218.72499999999988,217.42499999999987,217.8999999999999,6347
1669213800,218.2749999999999,218.2749999999999,215.2749999999999,215.47499999999988,6910
1669386600,216.42499999999987,216.42499999999987,214.44999999999987,214.5249999999999,4045
1669645800,215.1499999999999,215.47499999999988,212.92499999999987,213.09999999999988,7452
1669732200,213.7499999999999,214.57499999999987,212.97499999999988,214.22499999999988,6208
1669818600,214.42499999999987,216.97499999999988,213.2749999999999,216.69999999999987,9193
1669905000,217.0249999999999,217.69999999999987,216.2749999999999,217.29999999999987,6292
1669991400,217.3749999999999,219.17499999999987,217.1499999999999,218.67499999999987,6921
1670250600,218.57499999999987,220.42499999999987,218.17499999999987,219.9999999999999,6707
1670337000,219.19999999999987,219.3749999999999,216.5249999999999,218.0249999999999,8528
1670423400,217.72499999999988,218.47499999999988,216.97499999999988,217.1249999999999,6923
1670509800,217.5249999999999,220.0249999999999,217.32499999999987,219.69999999999987,8257
1670596200,219.34999999999988,221.1249999999999,219.07499999999987,220.1499999999999,6974
1670855400,219.8749999999999,220.17499999999987,218.94999999999987,219.8749999999999,5406
1670941800,219.67499999999987,220.67499999999987,219.29999999999987,220.44999999999987,5435
1671028200,220.67499999999987,220.7499999999999,219.92499999999987,220.17499999999987,4127
1671114600,219.72499999999988,220.3999999999999,219.2749999999999,219.3999999999999,3293
1671201000,219.3749999999999,220.2499999999999,219.1499999999999,219.42499999999987,6066
1671460200,219.59999999999988,220.0249999999999,218.29999999999987,218.5249999999999,5616
1671546600,218.82499999999987,220.04999999999987,217.59999999999988,219.7499999999999,5311
1671633000,219.84999999999988,220.8749999999999,219.44999999999987,220.44999999999987,6155
1671719400,220.5249999999999,221.34999999999988,220.0249999999999,221.17499999999987,4350
1671805800,221.1249999999999,221.7749999999999,220.8999999999999,221.47499999999988,4228
1672151400,221.47499999999988,221.8999999999999,219.8749999999999,220.1249999999999,4594
1672237800,220.3999999999999,221.09999999999988,219.5249999999999,220.92499999999987,3994
1672324200,220.7749999999999,222.0249999999999,220.72499999999988,221.4999999999999,4076
1672410600,221.42499999999987,221.7499999999999,220.32499999999987,220.94999999999987,3565
1672756200,220.82499999999987,220.9999999999999,219.0249999999999,219.4999999999999,5497
1672842600,219.7499999999999,223.47499999999988,219.59999999999988,222.94999999999987,9321
1672929000,223.0249999999999,223.07499999999987,220.97499999999988,221.2749999999999,7231
1673015400,221.47499999999988,221.57499999999987,219.7749999999999,220.3749999999999,4546
1673274600,220.3749999999999,221.22499999999988,219.8749999999999,221.0249999999999,4965
1673361000,220.97499999999988,221.9999999999999,220.47499999999988,221.22499999999988,5001
1673447400,221.2749999999999,221.3749999999999,219.57499999999987,220.2749999999999,6344
1673533800,220.22499999999988,220.4999999999999,218.4999999999999,218.9999999999999,6607
1673620200,218.94999999999987,218.9999999999999,216.72499999999988,217.59999999999988,9544
1673965800,217.92499999999987,217.94999999999987,215.8749999999999,216.0249999999999,8057
1674052200,216.3999999999999,217.2499999999999,215.59999999999988,216.44999999999987,6849
1674138600,216.07499999999987,216.09999999999988,213.8999999999999,214.82499999999987,8591
1674225000,214.72499999999988,216.1499999999999,214.3749999999999,215.69999999999987,7570
1674484200,216.2499999999999,218.3749999999999,216.1249999999999,217.9999999999999,10098
1674570600,217.59999999999988,218.59999999999988,217.2749999999999,218.32499999999987,6135
1674657000,217.97499999999988,218.6249999999999,217.57499999999987,218.47499999999988,4978
1674743400,218.42499999999987,218.47499999999988,217.2499999999999,217.57499999999987,6296
1674829800,217.54999999999987,218.4999999999999,217.42499999999987,218.19999999999987,4891
1675089000,217.97499999999988,219.47499999999988,217.8749999999999,218.6499999999999,6865
1675175400,219.17499999999987,221.1249999999999,219.09999999999988,220.8749999999999,9193
1675261800,220.92499999999987,221.29999999999987,217.42499999999987,217.97499999999988,11222
1675348200,218.29999999999987,221.19999999999987,218.17499999999987,220.6499999999999,11062
1675434600,220.6499999999999,221.17499999999987,220.1499999999999,220.82499999999987,7196
1675693800,221.19999999999987,222.57499999999987,220.17499999999987,222.42499999999987,8669
1675780200,222.3749999999999,223.29999999999987,221.69999999999987,221.92499999999987,10770
1675866600,221.4999999999999,222.34999999999988,220.9999999999999,221.17499999999987,5521
1675953000,221.22499999999988,222.04999999999987,220.32499999999987,221.54999999999987,6485
1676039400,221.47499999999988,222.09999999999988,220.7499999999999,221.1249999999999,4989
1676298600,221.7499999999999,222.92499999999987,220.2749999999999,221.92499999999987,8223
1676385000,221.6249999999999,221.94999999999987,220.84999999999988,221.3749999999999,3719
1676471400,221.1499999999999,222.6499999999999,220.97499999999988,222.04999999999987,5712
1676557800,221.94999999999987,221.94999999999987,220.54999999999987,220.94999999999987,4403
1676644200,220.67499999999987,221.47499999999988,220.09999999999988,220.79999999999987,2911
1676989800,220.79999999999987,221.79999999999987,220.1499999999999,221.1499999999999,3636
1677076200,221.19999999999987,222.2749999999999,220.54999999999987,222.09999999999988,4813
1677162600,222.04999999999987,224.4999999999999,221.92499999999987,224.0249999999999,8284
1677249000,224.1499999999999,224.92499999999987,222.8749999999999,223.92499999999987,7718
1677508200,224.07499999999987,225.59999999999988,223.44999999999987,224.57499999999987,9140
1677594600,224.3999999999999,225.79999999999987,224.29999999999987,225.42499999999987,7182
1677681000,225.34999999999988,227.17499999999987,223.54999999999987,224.19999999999987,11769
1677767400,224.0249999999999,224.8999999999999,223.8749999999999,224.19999999999987,6498
1677853800,224.1499999999999,226.5249999999999,224.07499999999987,226.3749999999999,6420
1678113000,226.44999999999987,229.44999999999987,226.3749999999999,228.94999999999987,8227
1678199400,228.97499999999988,229.7499999999999,228.42499999999987,229.0249999999999,8786
1678285800,228.92499999999987,230.57499999999987,227.9999999999999,230.42499999999987,7347
1678372200,229.82499999999987,231.1249999999999,228.94999999999987,229.4999999999999,7637
1678458600,229.22499999999988,229.59999999999988,227.7499999999999,227.9999999999999,7081
1678714200,227.82499999999987,227.82499999999987,226.09999999999988,227.42499999999987,9545
1678800600,227.7499999999999,227.84999999999988,225.69999999999987,226.09999999999988,6073
1678887000,225.6249999999999,225.82499999999987,222.9999999999999,223.59999999999988,9325
1678973400,223.57499999999987,226.04999999999987,223.1499999999999,225.4999999999999,7434
1679059800,225.44999999999987,225.6499999999999,224.54999999999987,225.17499999999987,4309
1679319000,225.72499999999988,226.09999999999988,224.09999999999988,224.3749999999999,5923
1679405400,224.4999999999999,225.19999999999987,222.9999999999999,224.7749999999999,4544
1679491800,225.04999999999987,225.04999999999987,222.94999999999987,223.9999999999999,5574
1679578200,223.9999999999999,224.09999999999988,223.0249999999999,223.82499999999987,6666
1679664600,223.69999999999987,223.82499999999987,221.8749999999999,222.7749999999999,8312
1679923800,223.57499999999987,226.9999999999999,223.2749999999999,226.59999999999988,9418
1680010200,226.44999999999987,226.97499999999988,225.67499999999987,226.0249999999999,8122
1680096600,225.7499999999999,227.84999999999988,225.3999999999999,227.7499999999999,6645
1680183000,227.9999999999999,229.8999999999999,227.6499999999999,229.67499999999987,6273
1680269400,229.8999999999999,232.07499999999987,229.7499999999999,230.47499999999988,7972
1680528600,229.82499999999987,230.44999999999987,227.4999999999999,228.3749999999999,8746
1680615000,228.94999999999987,230.47499999999988,227.2749999999999,227.4999999999999,6956
1680701400,227.72499999999988,228.5249999999999,227.04999999999987,227.32499999999987,5180
1680787800,229.82499999999987,231.79999999999987,229.44999999999987,230.6249999999999,8969
1681133400,230.69999999999987,231.17499999999987,228.97499999999988,230.84999999999988,6597
1681219800,230.84999999999988,233.17499999999987,230.47499999999988,233.04999999999987,8900
1681306200,232.8999999999999,234.6249999999999,232.8999999999999,233.79999999999987,9390
1681392600,235.0249999999999,235.3749999999999,232.7749999999999,233.0249999999999,9760
1681479000,233.0249999999999,233.72499999999988,232.04999999999987,233.1249999999999,8512
1681738200,233.1249999999999,234.5999999999999,233.1249999999999,234.5249999999999,7753
1681824600,235.0249999999999,235.6749999999999,234.1249999999999,235.2499999999999,6029
1681911000,235.1999999999999,236.5999999999999,235.0749999999999,235.9499999999999,8286
1681997400,235.4249999999999,238.7999999999999,234.9749999999999,238.6999999999999,9626
1682083800,238.4999999999999,239.4499999999999,237.8749999999999,239.0499999999999,7029
1682343000,237.6749999999999,238.8999999999999,236.8999999999999,238.4999999999999,7598
1682429400,238.7249999999999,239.2249999999999,237.8499999999999,238.6749999999999,8248
1682515800,237.9249999999999,240.4249999999999,237.1749999999999,240.1249999999999,9141
1682602200,240.5249999999999,241.0499999999999,239.3749999999999,240.7499999999999,6730
1682688600,240.4749999999999,241.3999999999999,239.3999999999999,239.8999999999999,7120
1682947800,239.6999999999999,240.6249999999999,238.7999999999999,239.2749999999999,5648
1683034200,239.0249999999999,239.0499999999999,235.2249999999999,235.3499999999999,7758
1683120600,234.9749999999999,235.0999999999999,231.9249999999999,232.6999999999999,9047
1683207000,232.7999999999999,233.6499999999999,231.7999999999999,232.3249999999999,5104
1683293400,232.4499999999999,233.8249999999999,230.4749999999999,230.5999999999999,8011
1683552600,230.6749999999999,232.5499999999999,230.3249999999999,232.2749999999999,5752
1683639000,233.2249999999999,235.6749999999999,232.2999999999999,235.2999999999999,7005
1683725400,235.3749999999999,235.5499999999999,233.4749999999999,234.3249999999999,7056
1683811800,234.2499999999999,236.6249999999999,234.1499999999999,235.2499999999999,6173
1683898200,235.4999999999999,238.3749999999999,234.6249999999999,238.1499999999999,7885
1684157400,238.6749999999999,240.2999999999999,238.0749999999999,240.2249999999999,7306
1684243800,240.1999999999999,240.9749999999999,239.9749999999999,240.6499999999999,5030
1684330200,240.9749999999999,241.2249999999999,239.4999999999999,240.3249999999999,6213
1684416600,240.4749999999999,243.7249999999999,240.2249999999999,243.6749999999999,9669
1684503000,242.9999999999999,244.8999999999999,242.0249999999999,244.2749999999999,6240
1684762200,243.8499999999999,244.2749999999999,241.7249999999999,244.0749999999999,5872
1684848600,244.2749999999999,244.3749999999999,242.4999999999999,242.6499999999999,5202
1684935000,242.5749999999999,244.0249999999999,240.6749999999999,243.6999999999999,7375
1685021400,243.8499999999999,244.6749999999999,241.9249999999999,243.8749999999999,5627
1685107800,243.1749999999999,244.1749999999999,242.6499999999999,243.0999999999999,4383
1685453400,243.4999999999999,247.7249999999999,243.4999999999999,246.9499999999999,8321
1685539800,247.1499999999999,249.0249999999999,246.4749999999999,248.3499999999999,6950
1685626200,247.3499999999999,251.2249999999999,245.7499999999999,250.8249999999999,10419
1685712600,252.0749999999999,252.9749999999999,249.8749999999999,251.0749999999999,7175
1685971800,251.0749999999999,252.2499999999999,250.1999999999999,251.7749999999999,6652
1686058200,251.6749999999999,253.6499999999999,250.4499999999999,252.4249999999999,7002
1686144600,253.2749999999999,254.3499999999999,247.7249999999999,248.2749999999999,11504
1686231000,248.2999999999999,249.9999999999999,247.2749999999999,247.8249999999999,6907
1686317400,248.4249999999999,250.0749999999999,245.9999999999999,248.1749999999999,6910
1686576600,247.4249999999999,248.8249999999999,246.7249999999999,248.2249999999999,4936
1686663000,247.8499999999999,250.0999999999999,246.7249999999999,249.6249999999999,4951
1686749400,250.1499999999999,251.0749999999999,244.7249999999999,245.0749999999999,8058
1686835800,243.7999999999999,243.7999999999999,241.4499999999999,243.2999999999999,10233
1686922200,242.1749999999999,245.5749999999999,241.8749999999999,244.0999999999999,6733
1687267800,243.9249999999999,245.0249999999999,241.0499999999999,241.3249999999999,6149
1687354200,239.8249999999999,239.8249999999999,235.8749999999999,236.8999999999999,11545
1687440600,238.0749999999999,240.0999999999999,237.1249999999999,239.8499999999999,6507
1687527000,241.0749999999999,244.3249999999999,240.5749999999999,243.1249999999999,7526
1687786200,242.3499999999999,244.4249999999999,240.5749999999999,242.8499999999999,6189
1687872600,244.9999999999999,248.2499999999999,244.9249999999999,247.6749999999999,7750
1687959000,248.5999999999999,249.8749999999999,247.1749999999999,249.4249999999999,8789
1688045400,249.7249999999999,251.9249999999999,248.4999999999999,251.5499999999999,6096
1688131800,251.0249999999999,257.2499999999999,249.5749999999999,256.7499999999999,12167
1688391000,255.7749999999999,257.14999999999986,254.8249999999999,257.07499999999993,6919
1688563800,255.9499999999999,258.02499999999986,253.5249999999999,253.8749999999999,7561
1688650200,253.0999999999999,253.0999999999999,249.9749999999999,251.4499999999999,8560
1688736600,251.7749999999999,254.9499999999999,251.7749999999999,254.5999999999999,6013
1688995800,254.2749999999999,256.4749999999999,253.3249999999999,255.4249999999999,7002
1689082200,254.8999999999999,257.32499999999993,254.2249999999999,256.32499999999993,6614
1689168600,256.2249999999999,260.4749999999999,254.6999999999999,255.7499999999999,10744
1689255000,255.9499999999999,256.0999999999999,252.6749999999999,254.1749999999999,9363
1689341400,253.4749999999999,256.3499999999999,253.1749999999999,255.8249999999999,7569
1689600600,255.3499999999999,259.1249999999999,254.4749999999999,258.4249999999999,7926
1689687000,257.2499999999999,258.7999999999999,256.77499999999986,257.1749999999999,6226
1689773400,255.0499999999999,256.44999999999993,253.9249999999999,255.9749999999999,7870
1689859800,256.3499999999999,259.02499999999986,253.3249999999999,254.2749999999999,9604
1689946200,256.0999999999999,256.7499999999999,254.0249999999999,255.0999999999999,6648
1690205400,252.62499999999991,254.99999999999991,251.5999999999999,252.4499999999999,5702
1690291800,254.0249999999999,254.74999999999991,251.1749999999999,252.1749999999999,5093
1690378200,252.1749999999999,254.4749999999999,251.5749999999999,253.2749999999999,4614
1690464600,253.0499999999999,255.2249999999999,252.0749999999999,254.0999999999999,3654
1690551000,254.9249999999999,255.5749999999999,254.1999999999999,254.7999999999999,5028
1690810200,256.0499999999999,256.4749999999999,253.4499999999999,255.0249999999999,5842
1690896600,254.8499999999999,258.14999999999986,254.2749999999999,257.7249999999999,7340
1690983000,257.7249999999999,258.02499999999986,254.9249999999999,255.9249999999999,6447
1691069400,256.2499999999999,257.6249999999999,255.4749999999999,257.4749999999999,3782
1691155800,257.0999999999999,259.9749999999999,256.7249999999999,259.27499999999986,5468
1691415000,259.2249999999999,260.1249999999999,256.1749999999999,256.69999999999993,7452
1691501400,256.69999999999993,257.0999999999999,253.6749999999999,255.24999999999991,6145
1691587800,255.24999999999991,256.82499999999993,255.0249999999999,256.44999999999993,5352
1691674200,256.2499999999999,258.27499999999986,256.0499999999999,257.39999999999986,5775
1691760600,257.57499999999993,258.5999999999999,256.4999999999999,257.27499999999986,5073
1692019800,257.2499999999999,257.9999999999999,255.49999999999991,255.9499999999999,4509
1692106200,255.9499999999999,256.89999999999986,254.5499999999999,255.5999999999999,5048
1692192600,255.4499999999999,256.27499999999986,254.5999999999999,254.8249999999999,5583
1692279000,254.62499999999991,255.2999999999999,252.37499999999991,252.9499999999999,7246
1692365400,252.8249999999999,254.52499999999992,251.67499999999993,254.3249999999999,7405
1692624600,255.39999999999992,256.82499999999993,254.9749999999999,256.2749999999999,4763
1692711000,256.3749999999999,256.7499999999999,254.49999999999991,254.8499999999999,5032
1692797400,254.62499999999991,255.92499999999993,253.87499999999991,254.49999999999991,9001
1692883800,254.64999999999992,257.2749999999999,254.37499999999991,256.8749999999999,11874
1692970200,256.8749999999999,257.7749999999999,256.42499999999995,257.5999999999999,14272
1693229400,257.57499999999993,261.54999999999995,257.54999999999995,260.64999999999986,10782
1693315800,260.57499999999993,261.02499999999986,259.54999999999995,260.3749999999999,6331
1693402200,259.9749999999999,260.17499999999995,258.1249999999999,258.8499999999999,9126
1693488600,258.82499999999993,260.02499999999986,257.2749999999999,259.64999999999986,6975
1693575000,259.3999999999999,259.82499999999993,257.6249999999999,258.2749999999999,7907
1693920600,258.1249999999999,258.9999999999999,256.4749999999999,257.92499999999995,6089
1694007000,257.67499999999995,260.9749999999999,257.29999999999995,260.0999999999999,7116
1694093400,260.02499999999986,263.0999999999999,260.02499999999986,262.4999999999999,8011
1694179800,262.4999999999999,263.27499999999986,262.04999999999995,262.77499999999986,6541
1694439000,263.0999999999999,265.27499999999986,262.39999999999986,265.07499999999993,8963
1694525400,264.9999999999999,265.69999999999993,263.17499999999995,264.8749999999999,7420
1694611800,264.4749999999999,264.8499999999999,262.04999999999995,262.67499999999995,8987
1694698200,262.77499999999986,265.67499999999995,262.7499999999999,265.4999999999999,9546
1694784600,265.44999999999993,268.29999999999995,264.67499999999995,268.0999999999999,7497
1695043800,267.7499999999999,267.9999999999999,265.2249999999999,265.4,8730
1695130200,265.82499999999993,267.4,264.44999999999993,264.9999999999999,8828
1695216600,265.17499999999995,265.9999999999999,263.82499999999993,265.54999999999995,6985
1695303000,265.57499999999993,265.57499999999993,262.6249999999999,262.67499999999995,7083
1695389400,262.9749999999999,263.7499999999999,262.2499999999999,263.4999999999999,8227
1695648600,263.4999999999999,263.9,261.54999999999995,262.67499999999995,9791
1695735000,262.7249999999999,262.8749999999999,256.2249999999999,256.8499999999999,12362
1695821400,256.82499999999993,257.57499999999993,254.32499999999993,254.77499999999995,9474
1695907800,254.77499999999995,258.4,254.02499999999995,257.65,9318
1695994200,257.44999999999993,257.44999999999993,254.49999999999994,254.87499999999994,6665
1696253400,255.39999999999995,258.19999999999993,255.17499999999993,255.67499999999993,7001
1696339800,255.64999999999995,255.64999999999995,249.64999999999995,250.32499999999993,10483
1696426200,250.47499999999994,252.29999999999993,249.14999999999995,250.39999999999995,7817
1696512600,250.57499999999993,251.74999999999994,249.49999999999994,250.27499999999995,7242
1696599000,250.19999999999993,251.22499999999994,248.19999999999993,250.84999999999994,8530
1696858200,249.57499999999993,251.04999999999993,248.74999999999994,248.92499999999993,4806
1696944600,250.07499999999993,250.49999999999994,248.47499999999994,248.92499999999993,5850
1697031000,248.94999999999993,250.67499999999993,247.02499999999992,250.37499999999994,5384
1697117400,250.69999999999993,252.52499999999992,250.29999999999993,251.54999999999993,8040
1697203800,251.57499999999993,251.69999999999993,249.14999999999992,249.32499999999993,5838
1697463000,249.77499999999992,250.84999999999994,248.27499999999992,248.59999999999994,4679
1697549400,248.29999999999993,250.59999999999994,248.27499999999992,249.87499999999994,5423
1697635800,249.57499999999993,249.97499999999994,247.44999999999993,247.97499999999994,5654
1697722200,247.39999999999992,247.39999999999992,241.74999999999994,242.44999999999993,8390
1697808600,243.14999999999992,243.49999999999994,239.72499999999994,240.12499999999994,6996
1698067800,239.37499999999994,239.39999999999992,232.37499999999994,232.77499999999992,10772
1698154200,232.82499999999993,236.29999999999993,230.94999999999993,231.92499999999993,12747
1698240600,232.79999999999993,234.77499999999992,232.49999999999994,233.62499999999994,7442
1698327000,233.72499999999994,233.97499999999994,231.47499999999994,232.14999999999992,7686
1698413400,232.62499999999994,234.24999999999994,230.42499999999993,232.77499999999992,9025
1698672600,233.17499999999993,234.77499999999992,232.52499999999992,233.94999999999993,6200
1698759000,234.17499999999993,235.37499999999994,232.77499999999992,234.27499999999992,5870
1698845400,235.02499999999992,235.64999999999992,234.14999999999992,235.09999999999994,6372
1698931800,235.62499999999994,239.34999999999994,235.62499999999994,239.24999999999994,7654
1699018200,239.29999999999993,239.44999999999993,236.49999999999994,236.82499999999993,7323
1699281000,236.79999999999993,237.09999999999994,233.29999999999993,233.49999999999994,6091
1699367400,233.49999999999994,234.24999999999994,227.27499999999992,227.89999999999992,9980
1699453800,228.27499999999992,230.27499999999992,224.49999999999994,229.84999999999994,12619
1699540200,229.84999999999994,230.39999999999992,221.59999999999994,221.99999999999994,14370
1699626600,221.99999999999994,224.62499999999994,220.69999999999993,223.49999999999994,9264
1699885800,223.57499999999993,226.34999999999994,222.32499999999993,225.37499999999994,7040
1699972200,224.87499999999994,228.49999999999994,224.32499999999993,226.07499999999993,7984
1700058600,225.87499999999994,228.24999999999994,225.19999999999993,227.97499999999994,6344
1700145000,227.77499999999992,227.77499999999992,223.62499999999994,224.57499999999993,6693
1700231400,223.97499999999994,226.77499999999992,222.84999999999994,225.57499999999993,5239
1700490600,227.57499999999993,229.27499999999992,224.52499999999992,226.92499999999993,6006
1700577000,226.37499999999994,227.74999999999994,224.84999999999994,225.39999999999992,4215
1700663400,225.44999999999993,226.22499999999994,223.72499999999994,224.19999999999993,4141
1700836200,224.44999999999993,224.44999999999993,216.22499999999994,216.39999999999992,7514
1701095400,217.54999999999993,217.84999999999994,209.19999999999993,209.87499999999994,13542
1701181800,210.84999999999994,218.12499999999994,209.79999999999993,218.12499999999994,11044
1701268200,218.62499999999994,220.64999999999992,217.17499999999993,219.27499999999992,7574
1701354600,219.69999999999993,219.72499999999994,214.14999999999992,217.02499999999992,7968
1701441000,217.07499999999993,218.52499999999992,210.99999999999994,211.49999999999994,7110
1701700200,211.07499999999993,211.59999999999994,206.22499999999994,207.59999999999994,11508
1701786600,207.87499999999994,212.67499999999993,207.24999999999994,211.77499999999992,7394
1701873000,212.07499999999993,214.47499999999994,206.32499999999993,207.22499999999994,9432
1701959400,207.59999999999994,210.67499999999993,207.07499999999993,207.34999999999994,10239
1702045800,207.57499999999993,213.64999999999992,207.47499999999994,212.37499999999994,9214
1702305000,212.34999999999994,215.37499999999994,210.32499999999993,215.02499999999992,8391
1702391400,214.47499999999994,216.84999999999994,212.37499999999994,216.32499999999993,9896
1702477800,215.92499999999993,217.09999999999994,214.02499999999995,214.57499999999993,6164
1702564200,215.62499999999994,218.19999999999993,215.54999999999993,216.84999999999994,5053
1702650600,216.97499999999994,219.39999999999995,215.59999999999994,218.89999999999995,5526
1702909800,219.17499999999993,223.02499999999995,219.17499999999993,220.87499999999994,7287
1702996200,220.92499999999993,222.32499999999993,219.54999999999993,219.92499999999993,6461
1703082600,219.94999999999993,222.72499999999994,219.32499999999993,222.47499999999994,5175
1703169000,222.49999999999994,223.57499999999993,219.97499999999994,220.09999999999994,4785
1703255400,220.52499999999995,222.24999999999994,219.57499999999993,221.12499999999994,4208
1703601000,218.72499999999994,222.07499999999993,217.82499999999993,221.29999999999993,4626
1703687400,221.57499999999993,223.89999999999995,221.29999999999993,222.12499999999994,5152
1703773800,222.27499999999995,222.67499999999993,219.44999999999993,219.84999999999994,5073
1703860200,221.12499999999994,221.17499999999993,219.44999999999993,219.82499999999993,4511
1704205800,219.82499999999993,224.64999999999995,219.67499999999993,223.17499999999993,6391
1704292200,223.12499999999994,223.97499999999994,221.77499999999995,223.74999999999994,5538
1704378600,223.77499999999995,224.32499999999993,222.12499999999994,222.37499999999994,5084
1704465000,222.49999999999994,224.84999999999994,220.19999999999993,220.87499999999994,7608
1704724200,221.47499999999994,224.49999999999994,220.97499999999994,221.79999999999993,7739
1704810600,221.79999999999993,223.09999999999994,220.57499999999993,221.59999999999994,6677
1704897000,221.34999999999994,223.64999999999995,221.32499999999993,222.84999999999994,5852
1704983400,223.24999999999994,224.64999999999995,221.57499999999993,224.12499999999994,5933
1705069800,223.92499999999993,226.32499999999993,222.39999999999995,224.42499999999993,6822
1705415400,224.39999999999995,226.47499999999994,223.59999999999994,225.54999999999993,7527
1705501800,225.44999999999993,226.67499999999993,224.47499999999994,226.49999999999994,5315
1705588200,226.42499999999993,230.17499999999993,226.19999999999993,229.27499999999995,8920
1705674600,229.49999999999994,230.07499999999993,228.24999999999994,228.67499999999993,5530
1705933800,228.82499999999993,228.94999999999993,225.47499999999994,227.99999999999994,7538
1706020200,228.17499999999993,230.92499999999993,227.79999999999993,230.37499999999994,6528
1706106600,230.47499999999994,232.14999999999995,229.99999999999994,230.49999999999994,7345
1706193000,230.64999999999995,235.64999999999995,228.69999999999993,234.89999999999995,11368
1706279400,234.72499999999994,238.37499999999994,234.29999999999993,236.42499999999993,8847
1706538600,236.47499999999994,238.64999999999995,235.12499999999994,235.34999999999994,6694
1706625000,235.34999999999994,238.29999999999993,234.74999999999994,238.04999999999993,7068
1706711400,237.67499999999993,238.27499999999995,236.27499999999995,236.87499999999994,5696
1706797800,237.67499999999993,242.32499999999993,237.57499999999993,241.59999999999994,8914
1706884200,241.72499999999994,242.84999999999994,240.72499999999994,241.52499999999995,6823
1707143400,241.72499999999994,242.52499999999995,239.07499999999993,239.47499999999994,5952
1707229800,239.14999999999995,243.82499999999993,238.84999999999994,243.39999999999995,7323
1707316200,243.69999999999993,244.97499999999994,241.77499999999995,242.27499999999995,7773
1707402600,243.47499999999994,245.87499999999994,242.99999999999994,243.57499999999993,6458
1707489000,243.97499999999994,245.07499999999993,242.64999999999995,243.87499999999994,5660
1707748200,243.87499999999994,246.62499999999994,243.82499999999993,245.54999999999993,6806
1707834600,245.24999999999994,245.69999999999993,244.02499999999995,244.72499999999994,5605
1707921000,244.72499999999994,245.12499999999994,240.27499999999995,242.94999999999993,7549
1708007400,242.02499999999995,244.07499999999993,240.74999999999994,243.82499999999993,5440
1708093800,243.89999999999995,247.59999999999994,243.87499999999994,247.14999999999995,5900
1708439400,247.14999999999995,249.77499999999995,246.22499999999994,248.94999999999993,5113
1708525800,248.92499999999993,251.14999999999995,248.57499999999993,249.52499999999995,6219
1708612200,249.27499999999995,252.52499999999995,248.99999999999994,250.29999999999993,6832
1708698600,250.29999999999993,253.67499999999993,249.37499999999994,253.57499999999996,7543
1708957800,251.72499999999994,254.39999999999995,250.24999999999991,252.49999999999991,7841
1709044200,252.62499999999991,254.24999999999991,251.27499999999995,252.54999999999993,5094
1709130600,251.84999999999994,252.39999999999995,247.99999999999994,248.69999999999993,5781
1709217000,248.62499999999994,249.19999999999993,245.57499999999993,247.32499999999993,6391
1709303400,247.89999999999995,251.74999999999991,247.37499999999994,251.59999999999994,7518
1709562600,251.59999999999994,251.82499999999996,249.04999999999993,249.34999999999994,5308
1709649000,249.34999999999994,251.19999999999996,248.99999999999994,250.77499999999995,5461
1709735400,250.67499999999993,251.64999999999995,248.54999999999993,249.47499999999994,6060
1709821800,248.94999999999993,250.44999999999996,248.09999999999994,249.89999999999995,6849
1709908200,250.12499999999991,251.92499999999993,247.29999999999993,247.69999999999993,8981
1710163800,247.57499999999993,247.59999999999994,246.24999999999994,246.69999999999993,5462
1710250200,246.47499999999994,248.37499999999994,246.27499999999995,247.72499999999994,6196
1710336600,247.49999999999994,249.52499999999995,247.22499999999994,249.44999999999993,6500
1710423000,249.59999999999994,250.49999999999991,244.37499999999994,244.77499999999995,8378
1710509400,245.32499999999996,247.32499999999996,244.52499999999995,245.94999999999996,5787
1710768600,246.44999999999996,249.24999999999997,246.44999999999996,249.07499999999996,5425
1710855000,248.79999999999998,249.84999999999994,248.14999999999995,248.87499999999997,4008
1710941400,248.79999999999998,249.79999999999998,248.17499999999998,248.74999999999997,4396
1711027800,248.24999999999997,250.54999999999998,246.77499999999995,248.02499999999995,6744
1711114200,248.02499999999995,248.34999999999994,242.44999999999996,243.72499999999997,9875
1711373400,241.59999999999997,245.87499999999997,240.34999999999997,242.57499999999996,9325
1711459800,242.37499999999997,242.74999999999997,235.37499999999997,237.19999999999996,11615
1711546200,237.44999999999996,238.69999999999996,235.94999999999996,238.22499999999997,6537
1711632600,238.22499999999997,239.24999999999997,236.74999999999997,238.64999999999995,6905
1711978200,237.94999999999996,241.24999999999997,230.79999999999995,232.62499999999997,10995
1712064600,232.89999999999995,236.14999999999995,231.34999999999997,234.79999999999995,11917
1712151000,235.12499999999997,235.19999999999996,230.32499999999996,232.52499999999995,8059
1712237400,232.64999999999995,234.79999999999995,232.37499999999997,233.82499999999996,6087
1712323800,233.89999999999995,233.89999999999995,226.62499999999997,228.12499999999997,10693
1712583000,228.47499999999997,229.94999999999996,226.19999999999996,227.12499999999997,10794
1712669400,227.79999999999995,230.14999999999995,226.72499999999997,229.39999999999995,9086
1712755800,228.92499999999995,229.94999999999996,225.17499999999995,226.47499999999997,9385
1712842200,226.24999999999997,228.79999999999995,224.62499999999997,228.09999999999997,8974
1712928600,227.44999999999996,228.07499999999996,222.57499999999996,224.14999999999995,8094
1713187800,224.79999999999995,229.29999999999995,224.37499999999994,228.42499999999995,6412
1713274200,228.67499999999995,231.24999999999994,227.24999999999994,230.99999999999994,4661
1713360600,230.62499999999994,231.47499999999994,229.82499999999996,230.77499999999995,4543
1713447000,230.69999999999996,233.22499999999994,230.04999999999995,232.94999999999996,5611
1713533400,232.29999999999995,233.59999999999994,231.27499999999995,232.14999999999995,5980
1713792600,234.64999999999995,238.14999999999995,234.32499999999996,237.12499999999997,8431
1713879000,237.14999999999995,239.27499999999995,236.32499999999996,238.04999999999993,9109
1713965400,237.14999999999995,238.92499999999993,234.72499999999994,234.94999999999996,6739
1714051800,235.07499999999996,237.44999999999996,232.89999999999995,236.94999999999996,6920
1714138200,237.54999999999993,240.19999999999996,236.99999999999997,239.19999999999996,5874
1714397400,239.17499999999993,240.44999999999996,237.69999999999996,238.27499999999995,5481
1714483800,237.82499999999996,237.82499999999996,233.07499999999996,234.14999999999995,8758
1714570200,233.82499999999996,235.07499999999996,228.92499999999995,230.39999999999995,9916
1714656600,233.97499999999994,236.12499999999997,233.44999999999996,233.87499999999994,9547
1714743000,233.87499999999994,234.49999999999994,232.39999999999995,233.39999999999995,5460
1715002200,233.39999999999995,233.39999999999995,230.79999999999995,231.52499999999995,5523
1715088600,232.24999999999994,234.47499999999994,231.94999999999996,233.07499999999996,6677
1715175000,233.37499999999994,233.59999999999994,230.32499999999996,231.04999999999995,6156
1715261400,231.07499999999996,232.69999999999996,229.49999999999994,229.69999999999996,6924
1715347800,229.79999999999995,230.99999999999994,227.69999999999996,229.54999999999995,7160
1715607000,229.84999999999994,232.59999999999994,228.92499999999995,229.99999999999994,7421
1715693400,230.57499999999996,235.44999999999996,230.32499999999996,234.32499999999996,8493
1715779800,234.64999999999995,235.37499999999997,233.62499999999994,234.52499999999995,5432
1715866200,234.34999999999994,237.34999999999994,234.34999999999994,235.99999999999997,5034
1715952600,236.42499999999993,238.77499999999995,235.82499999999996,238.49999999999997,5445
1716211800,238.64999999999995,239.62499999999997,236.59999999999994,237.12499999999997,5964
1716298200,237.74999999999997,238.89999999999995,237.09999999999994,238.47499999999994,5697
1716384600,238.67499999999993,241.64999999999995,238.54999999999993,241.54999999999993,7090
1716471000,241.14999999999995,242.02499999999995,239.57499999999996,240.09999999999994,5176
1716557400,240.09999999999994,240.69999999999996,237.74999999999997,238.87499999999997,6315
1716903000,239.64999999999995,243.37499999999997,239.04999999999993,243.24999999999997,8123
1716989400,242.84999999999994,243.59999999999994,237.94999999999996,238.89999999999995,10204
1717075800,239.27499999999995,239.62499999999997,235.64999999999995,237.72499999999994,7546
1717162200,237.64999999999995,237.64999999999995,234.44999999999996,235.04999999999993,6885
1717421400,235.37499999999997,236.07499999999996,232.24999999999994,234.84999999999994,8259
1717507800,236.04999999999993,236.82499999999996,234.17499999999995,234.67499999999993,4995
1717594200,234.97499999999994,235.22499999999994,232.87499999999994,233.47499999999994,5218
1717680600,232.39999999999995,232.49999999999994,229.44999999999996,231.49999999999994,9719
1717767000,231.44999999999996,234.59999999999994,230.54999999999995,233.57499999999996,6987
1718026200,234.19999999999996,238.04999999999993,234.14999999999995,237.29999999999993,8146
1718112600,237.57499999999996,238.64999999999995,235.92499999999993,236.29999999999993,5070
1718199000,237.04999999999993,237.79999999999993,235.49999999999997,236.22499999999994,5122
1718285400,236.34999999999994,236.94999999999996,232.99999999999994,236.12499999999997,6881
1718371800,237.44999999999996,241.29999999999993,237.14999999999995,240.62499999999997,8753
1718631000,237.44999999999996,241.72499999999994,237.14999999999995,239.97499999999994,7253
1718717400,240.37499999999997,240.37499999999997,237.97499999999994,238.59999999999994,5162
1718890200,239.39999999999995,240.62499999999997,236.74999999999997,238.47499999999994,6542
1718976600,238.74999999999997,238.82499999999996,236.64999999999995,237.02499999999995,6704
1719235800,235.64999999999995,238.19999999999996,234.77499999999995,237.54999999999993,6038
1719322200,237.99999999999997,239.09999999999994,236.84999999999994,237.69999999999996,5372
1719408600,237.37499999999997,240.74999999999997,237.37499999999997,240.42499999999993,6998
1719495000,240.67499999999993,241.29999999999993,238.94999999999996,239.29999999999993,5552
1719581400,239.24999999999997,240.29999999999993,236.94999999999996,237.94999999999996,9303
1719840600,237.57499999999996,237.82499999999996,235.04999999999993,236.02499999999995,9120
1719927000,236.72499999999994,240.24999999999997,236.09999999999994,239.74999999999997,9551
1720013400,239.14999999999995,242.54999999999993,239.14999999999995,242.02499999999995,9999
1720186200,241.89999999999995,242.39999999999995,239.89999999999995,240.12499999999997,8130
1720445400,240.64999999999995,241.92499999999993,237.17499999999993,237.82499999999996,12291
1720531800,238.74999999999997,239.47499999999994,233.42499999999995,234.37499999999994,12082
1720618200,234.64999999999995,234.89999999999995,232.09999999999994,232.99999999999994,10773
1720704600,234.69999999999996,235.42499999999993,233.59999999999994,234.79999999999993,8963
1720791000,234.79999999999993,237.87499999999997,233.62499999999994,237.29999999999993,8943
1721050200,237.69999999999996,238.89999999999995,236.59999999999994,237.42499999999993,6471
1721136600,237.19999999999996,238.27499999999995,236.29999999999993,237.27499999999995,5915
1721223000,237.19999999999996,237.54999999999993,235.39999999999995,237.19999999999996,5650
1721309400,237.14999999999995,238.29999999999993,234.22499999999994,234.87499999999997,6778
1721395800,234.89999999999995,235.09999999999994,232.52499999999995,234.24999999999994,5222
1721655000,235.24999999999991,236.99999999999991,234.34999999999994,234.97499999999994,2903
1721741400,235.14999999999995,237.57499999999996,233.99999999999994,237.07499999999996,3900
1721827800,236.97499999999994,237.24999999999991,234.52499999999995,235.17499999999993,4265
1721914200,235.12499999999991,237.27499999999995,233.47499999999994,236.37499999999991,6143
1722000600,236.57499999999996,238.82499999999996,236.09999999999994,238.07499999999996,5853
1722259800,238.14999999999995,239.02499999999995,233.52499999999995,234.54999999999993,6129
1722346200,235.04999999999993,235.99999999999991,233.57499999999993,235.42499999999993,4429
1722432600,235.22499999999994,236.29999999999993,234.02499999999995,235.57499999999996,4498
1722519000,235.47499999999994,235.59999999999994,229.27499999999995,230.27499999999995,10754
1722605400,229.97499999999994,229.97499999999994,222.67499999999993,226.62499999999994,13133
1722864600,220.49999999999994,222.62499999999994,217.37499999999994,219.72499999999994,12417
1722951000,221.74999999999994,221.87499999999994,216.49999999999994,219.04999999999993,10568
1723037400,220.27499999999995,221.44999999999993,217.17499999999993,217.37499999999994,10602
1723123800,218.47499999999994,218.49999999999994,215.22499999999994,215.89999999999995,9211
1723210200,216.12499999999994,220.69999999999993,215.04999999999993,220.07499999999993,8759
1723469400,220.64999999999995,221.12499999999994,217.62499999999994,217.97499999999994,7079
1723555800,218.57499999999993,220.94999999999993,217.44999999999993,220.64999999999995,7915
1723642200,220.97499999999994,223.79999999999993,220.62499999999994,222.82499999999993,6860
1723728600,223.17499999999993,224.34999999999994,221.54999999999993,222.14999999999995,8040
1723815000,221.74999999999994,222.04999999999995,215.37499999999994,217.19999999999993,10812
1724074200,216.74999999999994,218.52499999999995,215.74999999999994,217.12499999999994,4753
1724160600,217.07499999999993,217.84999999999994,211.09999999999994,212.57499999999993,6722
1724247000,212.87499999999994,213.49999999999994,210.59999999999994,212.92499999999995,6753
1724333400,212.92499999999995,216.82499999999993,212.42499999999995,215.49999999999994,6415
1724419800,215.72499999999994,217.04999999999995,214.97499999999994,215.62499999999994,5852
1724679000,214.37499999999994,219.94999999999993,214.17499999999995,218.72499999999994,8799
1724765400,218.39999999999995,221.07499999999993,218.24999999999994,219.62499999999994,7162
1724851800,218.89999999999995,220.74999999999994,217.94999999999993,219.82499999999993,7000
1724938200,219.07499999999993,219.17499999999995,217.44999999999993,217.92499999999995,5629
1725024600,217.74999999999994,220.04999999999995,217.52499999999995,218.99999999999994,6795
1725370200,218.99999999999994,221.39999999999995,218.07499999999993,220.57499999999993,8187
1725456600,220.24999999999994,220.87499999999994,218.37499999999994,218.69999999999993,6239
1725543000,218.47499999999994,218.47499999999994,214.82499999999993,215.82499999999993,7322
1725629400,215.54999999999995,217.19999999999993,211.67499999999995,212.19999999999993,7756
1725888600,212.59999999999994,216.82499999999993,210.82499999999993,215.97499999999994,11596
1725975000,216.19999999999993,217.79999999999995,215.32499999999993,216.64999999999995,7732
1726061400,216.47499999999994,219.27499999999995,215.02499999999995,218.74999999999994,7657
1726147800,218.82499999999993,221.82499999999993,218.77499999999995,220.99999999999994,9596
1726234200,221.19999999999993,222.62499999999994,219.54999999999995,220.37499999999994,7590
1726493400,220.94999999999993,222.37499999999994,219.77499999999995,220.24999999999994,6289
1726579800,220.49999999999994,222.72499999999994,220.09999999999994,221.99999999999994,6258
1726666200,221.94999999999993,222.42499999999995,220.79999999999995,221.19999999999993,5594
1726752600,222.24999999999994,225.34999999999994,221.64999999999995,225.02499999999995,7409
1726839000,224.79999999999995,226.54999999999995,223.27499999999995,225.14999999999995,6108
1727098200,225.87499999999994,226.62499999999994,224.67499999999995,226.12499999999994,5746
1727184600,226.12499999999994,227.79999999999995,225.39999999999995,226.77499999999995,5510
1727271000,226.37499999999994,227.97499999999994,226.32499999999993,227.42499999999995,5118
1727357400,226.74999999999994,228.62499999999994,225.02499999999995,228.34999999999994,8496
1727443800,228.34999999999994,230.37499999999994,227.97499999999994,229.07499999999993,8878
1727703000,228.12499999999994,229.92499999999995,227.57499999999993,228.27499999999995,7030
1727789400,228.19999999999993,229.59999999999994,227.14999999999995,228.04999999999995,6895
1727875800,227.79999999999995,232.07499999999993,227.79999999999995,231.92499999999995,8332
1727962200,231.77499999999995,232.59999999999994,230.19999999999993,231.49999999999994,7700
1728048600,231.67499999999995,233.02499999999995,230.74999999999994,232.64999999999995,5448
1728307800,232.62499999999994,233.34999999999994,231.84999999999994,232.52499999999995,10434
1728394200,232.72499999999994,234.09999999999994,231.64999999999995,233.67499999999995,7160
1728480600,233.87499999999994,234.17499999999995,231.17499999999995,232.04999999999995,7782
1728567000,231.87499999999994,233.57499999999993,230.97499999999994,233.32499999999993,6192
1728653400,233.34999999999994,234.07499999999993,232.74999999999994,233.17499999999995,6070
1728912600,232.84999999999997,234.44999999999996,232.57499999999996,233.52499999999995,5125
1728999000,233.29999999999995,233.64999999999995,229.59999999999997,230.14999999999995,6616
1729085400,230.09999999999997,230.39999999999995,228.67499999999995,229.27499999999995,4790
1729171800,229.84999999999997,231.14999999999995,228.44999999999996,229.04999999999995,6080
1729258200,229.19999999999996,232.07499999999996,229.19999999999996,231.42499999999995,5763
1729517400,231.42499999999995,231.52499999999995,229.84999999999997,230.17499999999995,4167
1729603800,230.09999999999997,232.19999999999996,229.67499999999995,231.97499999999997,5462
1729690200,231.04999999999995,232.67499999999995,229.27499999999995,229.74999999999994,6718
1729776600,229.69999999999996,231.72499999999997,229.69999999999996,231.44999999999996,5335
1729863000,231.29999999999995,232.27499999999995,230.02499999999995,231.54999999999995,5258
1730122200,230.72499999999997,232.97499999999997,230.67499999999995,232.87499999999994,5225
1730208600,232.92499999999995,233.22499999999997,229.44999999999996,229.94999999999996,8957
1730295000,229.29999999999995,229.42499999999995,226.69999999999996,227.89999999999995,8999
1730381400,228.42499999999995,228.94999999999996,225.79999999999995,227.24999999999994,8278
1730467800,227.54999999999995,229.87499999999994,225.42499999999995,229.12499999999994,8889
1730730600,228.52499999999995,229.34999999999997,227.24999999999994,228.34999999999997,5956
1730817000,227.94999999999996,229.34999999999997,227.34999999999997,228.27499999999995,5410
1730903400,229.42499999999995,231.47499999999997,228.74999999999994,229.94999999999996,6676
1730989800,229.99999999999994,230.97499999999997,229.22499999999997,230.24999999999994,5605
1731076200,229.17499999999995,229.17499999999995,226.19999999999996,227.34999999999997,7192
1731335400,227.37499999999994,228.32499999999996,225.82499999999996,228.17499999999995,5534
1731421800,228.17499999999995,229.87499999999994,227.62499999999994,229.49999999999994,5394
1731508200,229.62499999999994,230.37499999999994,228.92499999999995,229.57499999999996,5302
1731594600,229.77499999999995,230.72499999999997,228.64999999999995,229.12499999999994,6108
1731681000,229.17499999999995,234.14999999999995,229.04999999999995,233.14999999999995,11749
1731940200,233.39999999999995,235.77499999999995,232.57499999999996,235.42499999999995,8658
1732026600,235.64999999999995,238.37499999999994,235.04999999999995,237.92499999999995,9211
1732113000,237.89999999999995,238.62499999999994,237.44999999999996,238.24999999999994,5652
1732199400,237.92499999999995,239.87499999999994,237.92499999999995,239.37499999999994,6974
1732285800,239.29999999999995,241.29999999999995,239.07499999999996,240.22499999999997,7003
1732545000,242.47499999999997,245.44999999999993,240.82499999999996,241.39999999999995,12127
1732631400,241.54999999999995,245.27499999999998,241.27499999999995,244.02499999999998,7587
1732717800,244.24999999999994,245.92499999999995,243.44999999999993,244.69999999999993,6398
1732890600,244.54999999999995,246.12499999999994,244.09999999999997,245.39999999999998,4823
1733149800,245.49999999999994,247.12499999999994,241.49999999999994,242.77499999999998,10435
1733236200,243.54999999999995,246.52499999999998,243.22499999999997,245.22499999999997,7934
1733322600,245.19999999999993,245.87499999999994,242.54999999999995,242.87499999999994,6309
1733409000,243.42499999999995,243.89999999999998,240.47499999999997,240.84999999999997,7693
1733495400,241.82499999999996,242.67499999999995,241.29999999999995,241.74999999999994,9645
1733754600,242.17499999999995,243.57499999999993,241.39999999999995,241.72499999999997,7840
1733841000,241.92499999999995,244.24999999999994,241.24999999999994,243.24999999999994,9156
1733927400,243.14999999999998,245.17499999999995,242.62499999999994,244.97499999999997,8160
1734013800,245.67499999999995,246.64999999999998,244.02499999999998,244.27499999999998,7895
1734100200,244.12499999999994,244.94999999999993,242.27499999999998,243.57499999999993,6166
1734359400,243.87499999999994,244.82499999999993,241.04999999999995,241.47499999999997,6996
1734445800,241.72499999999997,243.57499999999993,240.82499999999996,243.39999999999998,6475
1734532200,243.3,244.125,241.75,242.5,3721
1734618600,241.52499999999998,241.625,239.125,239.7,5706
1734705000,239.725,241.55,239.35,240.95,3220
1734964200,241.625,241.925,240.5,241.125,4214
1735050600,241.375,242.125,240.025,240.125,1914
1735223400,240.175,244.89999999999998,240.175,244.625,7237
1735309800,244.3,246.125,243.77499999999998,245.675,5799
1735569000,245.60000000000002,246.925,244.89999999999998,246.175,5647
1735655400,246.27499999999998,248.39999999999998,245.85000000000002,248.10000000000002,5614
1735828200,248.14999999999998,252.075,248.125,251.325,10248
1735914600,251.675,252.875,248.375,249.3,7909
1736173800,249.72500000000002,251.925,249.5,250.675,7450
1736260200,251.35000000000002,253.89999999999998,250.375,253.05,7899
1736346600,253.02499999999998,253.77499999999998,248.75,250.10000000000002,9860
1736433000,251.47500000000002,254.125,251.10000000000002,253.425,6502
1736519400,254.64999999999998,256.125,251.89999999999998,254.52499999999998,10035
1736778600,254.825,255.175,252.575,253.02499999999998,8605
1736865000,253.52499999999998,254.375,251.575,253.325,8514
1736951400,254.22500000000002,255.3,252.97500000000002,254.925,7731
1737037800,254.925,255.02499999999998,250.77499999999998,252.85000000000002,8907
1737124200,252.60000000000002,254.22500000000002,251.175,253.175,7563
1737469800,253.675,255.02499999999998,251.89999999999998,252.375,7843
1737556200,252.55,258.8,252.52499999999998,258.2,15808
1737642600,258.275,259.775,256.95,259.2,9823
1737729000,259.625,262.375,258.85,261.7,10655
1737988200,262.9,264.325,258.9,260.375,10125
1738074600,260.8,263.925,260.275,263.375,11382
1738161000,263.975,264.95,259.875,260.4,11059
1738247400,260.875,261.875,257.125,258.325,11147
1738333800,261.075,262.275,257.625,260.85,10970
1738593000,259.35,261.775,254.97500000000002,255.625,14196
1738679400,256.125,256.475,252.3,253.375,8779
1738765800,253.60000000000002,256.625,252.675,255.85000000000002,8293
1738852200,255.75,255.925,249.2,250.425,14469
1738938600,250.27499999999998,251.27499999999998,249.575,250.02499999999998,10407
1739197800,250.425,253.575,249.8,253.25,8548
1739284200,253.3,253.45,248.27499999999998,249.89999999999998,11102
1739370600,249.85000000000002,251.02499999999998,249.14999999999998,250.10000000000002,9636
1739457000,250.125,253.39999999999998,248.75,253.10000000000002,9878
1739543400,253.10000000000002,254.3,251.125,251.55,4686
1739889000,252.05,254.575,251.3,254.22500000000002,5365
1739975400,254.14999999999998,255.10000000000002,253.02499999999998,253.72500000000002,4238
1740061800,253.375,253.77499999999998,250.02499999999998,251.5,7206
1740148200,251.675,253.575,251.575,252.675,5588
1740407400,253.72500000000002,257.725,252.875,257.15,6260
1740493800,257.425,260,257.35,258.925,6169
1740580200,259,259.875,257.55,258.65,5453
1740666600,258.7,261.325,258.625,260.675,6001
1740753000,260.7,261.95,257.95,258.125,7815
1741012200,258.375,258.625,254.47500000000002,257.175,8944
1741098600,256,258.05,252.14999999999998,257.625,11136
1741185000,258.15,261.625,257.675,261.2,10460
1741271400,260.375,261.025,258.325,259.55,9423
1741357800,259.475,263.875,259.25,263.275,13791
1741613400,263.375,264.22499999999997,262.15,263.625,7408
1741699800,263.625,265.675,262.125,264.025,12909
1741786200,264.72499999999997,267.775,264.65,266.95,8722
1741872600,267,269.22499999999997,266.175,266.59999999999997,12688
1741959000,266.75,267.95,265,267.72499999999997,8104
1742218200,267.59999999999997,270.625,267.59999999999997,270.375,6293
1742304600,270.625,271.625,269.22499999999997,270.325,7452
1742391000,270.625,273.075,270.15,272.575,7346
1742477400,272.45,274.325,271.375,274.175,6360
1742563800,273.4,275.7,269.47499999999997,270.175,8688
1742823000,273.5,273.72499999999997,268.4,269.925,9260
1742909400,269.875,270.525,265.775,269.2,9583
1742995800,269.45,270.95,268.47499999999997,270.25,6737
1743082200,270.275,271.8,265.875,271.59999999999997,10613
1743168600,271.425,272.25,269.325,270.25,8849
1743427800,270.575,270.72499999999997,267.325,269.575,8370
1743514200,269.775,272.575,268.4,272.22499999999997,8716
1743600600,272.175,273.47499999999997,271.09999999999997,273,8151
1743687000,269.175,271.125,267.34999999999997,268.2,13797
1743773400,266.22499999999997,266.4,259.95,259.95,13227
1744032600,256.325,262.275,252.27499999999998,256.34999999999997,22560
1744119000,261.025,261.5,255.325,256.8,16414
1744205400,255.425,264.5,254.675,263.275,15960
1744291800,263.3,263.325,259.5,260.375,12454
1744378200,260.7,264.7,259.575,264.125,9652
1744637400,265.45,267.15,264.97499999999997,266.59999999999997,6418
1744723800,266.59999999999997,268.95,266.55,268.7,5466
1744810200,268.375,271.15,267.825,269.9,6724
1744896600,270.925,271.7,269.47499999999997,271.325,8091
1745242200,271.325,272.825,268.5,269.59999999999997,7671
1745328600,270.2,272.75,270.175,271.7,8309
1745415000,272.47499999999997,274.25,270.97499999999997,272.625,8169
1745501400,272.825,273.375,271.4,273.15,5857
1745587800,273.45,275,272.5,274.75,7896
1745847000,276.2,276.7,274.275,275.4,8443
1745933400,275.45,278.25,275.45,277.34999999999997,7663
1746019800,276.84999999999997,277.4,274.525,275.47499999999997,8958
1746106200,277.575,278,273.05,274.9,9165
1746192600,275.55,278.425,275.09999999999997,277.34999999999997,9394
1746451800,276.925,279.625,276.4,279.34999999999997,7380
1746538200,278.825,280.34999999999997,278.075,279.65,8125
1746624600,279.25,280.09999999999997,276.55,279.05,7162
1746711000,279.5,282.025,278.47499999999997,281.7,9816
1746797400,281.95,282.34999999999997,279.575,280.75,7613
1747056600,284.05,287.34999999999997,283.47499999999997,286.825,11920
1747143000,286.95,287.175,284.775,286.45,7423
1747229400,286.4,288.125,281.775,282.425,10106
1747315800,281.15,281.25,275.55,276.275,15450
1747402200,276.275,279.075,275.95,278.05,7419
1747661400,278.05,279.65,276.775,277.925,5896
1747747800,277.75,279,276.65,277.95,7388
1747834200,278.375,278.375,276.025,276.875,6277
1747920600,276.65,280.65,276.45,280.22499999999997,8895
1748007000,279.15,281.575,279.125,280.825,6148
1748352600,281.15,281.65,273.5,278.59999999999997,14140
1748439000,278.9,279.72499999999997,275.8,276.075,7207
1748525400,277.45,280.84999999999997,276.75,280.375,8911
1748611800,281.22499999999997,282.7,278.775,279.275,6585
1748871000,279.7,282.625,279.025,282.2,7102
1748957400,282.25,285,280.3,281.675,9867
1749043800,282.375,284.825,281.2,284.325,7018
1749130200,285.45,289.925,285.45,289.59999999999997,7638
1749216600,290.45,291,287.97499999999997,290.59999999999997,7638
1749475800,292.025,292.34999999999997,288.72499999999997,292.09999999999997,7141
1749562200,292.25,294.65,290.47499999999997,293.59999999999997,10763
1749648600,293.375,293.375,289.375,291.525,9550
1749735000,291.45,292.25,289.75,291.7,6937
1749821400,290.775,290.775,286.25,286.875,9386
1750080600,288.575,291.34999999999997,287.175,290.675,7550
1750167000,289.8,289.8,283.2,283.8,10241
1750253400,282.95,284.775,281.55,284.625,9823
1750426200,284.75,288.4,282.45,282.9,9352
1750685400,281.8,284.325,280.72499999999997,283.25,7148
1750771800,284.34999999999997,285.59999999999997,280.5,282.7,8393
1750858200,283.47499999999997,284.75,282.025,282.75,7059
1750944600,283.34999999999997,284.3,281.75,283.75,6824
1751031000,284.15,288.575,283.575,288.34999999999997,8793
1751290200,288.95,291.72499999999997,286.7,291.125,11452
1751376600,286.125,288.84999999999997,284.55,286.47499999999997,12994
1751463000,286.175,290.2,284.2,289.47499999999997,11853
1751549400,289.97499999999997,290.425,288.45,289.95,7558
1751895000,289.575,295.05,289.15,294.175,12089
1751981400,294.59999999999997,299.9,294.5,299.575,14806
1752067800,299.625,301.45,298.72499999999997,300.925,11508
1752154200,303.075,307.325,299.09999999999997,301.72499999999997,17255
1752240600,301.95,306.22499999999997,300.825,305.775,11563
1752499800,305.75,305.75,299.15,299.925,12562
1752586200,300.65,303.15,299.97499999999997,302.72499999999997,7721
1752672600,302.72499999999997,306.75,301.775,306.025,8612
1752759000,306.5,306.9,304.075,305.45,6907
1752845400,305.425,306.34999999999997,301.45,304.45,8795
1753104600,305.1,308.575,304,307.95,5497
1753191000,308.25,309.825,306.65,308.825,5587
1753277400,308.825,312.675,308.275,312.15,7145
1753363800,312.125,312.125,308.4,309.9,8021
1753450200,310.925,313,308.8,312.45,6119
1753709400,315.475,316.85,312.6,314.8,6118
1753795800,314.775,317.825,313.05,317.325,7428
1753882200,316.9,320.85,316.575,320,7489
1753968600,320.625,321.3,310.8,311.8,13638
1754055000,312.5,314.65,310,314.175,11048
1754314200,315.25,317.95,311.1,314.7,11542
1754400600,314.4,321.25,314.4,319.8,10007
1754487000,320.85,324.925,318.15,324.475,10326
1754573400,323.6,330.45,323.15,329.875,16187
1754659800,329.35,329.875,320.625,320.625,15643
1754919000,320.625,323.35,316.425,320.85,13153
1755005400,322.1,327.2,320.275,326.5,12802
1755091800,327.4,330.075,322.8,326.875,15570
1755178200,326.525,327.2,318.35,321.275,14460
1755264600,320.3,328.2,319.125,326.72499999999997,10432
1755523800,326.05,331.625,324.925,331.075,9519
1755610200,331.15,335.05,330.275,333.125,8287
1755696600,333.05,339.34999999999997,333.05,338.5,9221
1755783000,338.5,339.775,335.7,338.925,9398
1755869400,338.97499999999997,343.59999999999997,338.025,343.325,8483
1756128600,339.05,342.075,334.075,341.575,12707
1756215000,342.525,345.34999999999997,342.275,344.59999999999997,8783
1756301400,344.925,350.2,343.325,345.025,12076
1756387800,345.22499999999997,347.09999999999997,341.65,342.34999999999997,10235
1756474200,342.375,346.025,339.45,345.3,12949
1756819800,344.675,347.97499999999997,342.075,344.525,12698
1756906200,344.075,344.525,339.2,342.325,12278
1756992600,341.97499999999997,342.84999999999997,337.34999999999997,339.775,10593
1757079000,340.47499999999997,341.175,336.125,338.72499999999997,10637
1757338200,339.325,342.125,337.7,340,12597
1757424600,339.925,339.925,330.75,330.75,13118
1757511000,327.825,333.59999999999997,327.525,331.22499999999997,16723
1757597400,330.95,335.5,328.325,333.175,11593
1757683800,333.175,335.525,325.72499999999997,326.625,13744
1757943000,328.875,335.84999999999997,328.75,335.325,13697
1758029400,335.625,336.95,333.325,335.125,10838
1758115800,333.75,334.675,327.775,329.95,14047
1758202200,330.95,333.575,328.34999999999997,332.55,10100
1758288600,332.425,335.72499999999997,331.625,334.925,9134
1758547800,335.55,344.175,335.55,343.9,12367
1758634200,345.475,347.775,343,344.75,10008
1758720600,345.625,345.625,340.9,341.8,10244
1758807000,341.225,341.225,333.9,336.225,12641
1758893400,335.1,339,333.125,338.475,8976
1759152600,339.975,341.05,336.925,337.875,7625
1759239000,337.625,343.8,334.625,343.35,10722
1759325400,342.25,346.775,341.025,341.6,11753
1759411800,340.2,340.2,335.05,336.4,11348
1759498200,336.4,339.825,335.35,339.425,9370
1759757400,340.35,345.7,339.15,344.8,9944
1759843800,344.75,349.175,344.075,348.25,14507
1759930200,348.95,353.5,348.85,352.825,12927
1760016600,353.5,359.075,353.025,358.05,15100
1760103000,357.5,360.75,352.6,359.9,18284
1760362200,360.75,363.4,357.84999999999997,361.675,11897
1760448600,361,367.95,360.3,366,9437
1760535000,366.025,366.925,363.175,365.8,8365
1760621400,365.7,368.15,364.7,366.5,10233
1760707800,360.9,360.95,357.25,357.25,10820
1760967000,357.075,360.525,353.3,357.125,11261
1761053400,355.97499999999997,359.34999999999997,354.65,358.22499999999997,6778
1761139800,357.47499999999997,358.525,348.97499999999997,348.97499999999997,9407
1761226200,348.925,351.75,344.825,345.375,12968
1761312600,343.95,344.375,336.125,336.125,9632
1761571800,326.75,328.45,322.375,322.375,10174
1761658200,315.95,319.9,308.625,312.825,34482
1761744600,314.925,326.575,314.675,321.97499999999997,19998
1761831000,323.97499999999997,326.09999999999997,317.25,322.175,13433
1761917400,322.625,324.7,314.775,319.84999999999997,12994
1762180200,320.95,325.45,320.45,324.47499999999997,10874
1762266600,326.45,327.925,316.09999999999997,317.175,15213
1762353000,318.175,319.325,307.925,307.925,12099
1762439400,305.375,309.525,299.34999999999997,303.55,19205
1762525800,306.15,310.525,301.75,307.525,13962
1762785000,303.7,316.775,303.09999999999997,316.775,11333
1762871400,319.47499999999997,321.425,316.825,317.09999999999997,11455
1762957800,317.125,318.875,312.3,315.425,10662
1763044200,315.55,315.55,306.175,306.4,12150
1763130600,303.925,309.275,298,308.5,12996
1763389800,302.775,315.45,302.47499999999997,314.22499999999997,10154
1763476200,313.45,316.025,311.775,314,8579
1763562600,313.22499999999997,315.175,304.75,309.4,10952
1763649000,310.59999999999997,311.375,302.7,304.325,11601
1763735400,295.2,304.97499999999997,295.075,302.175,15295
1763994600,292.925,292.925,292.925,292.925,3346
1764081000,289.97499999999997,297.425,287.47499999999997,295.025,14732
1764167400,296.55,304.275,296.47499999999997,303.075,10842
1764340200,303.15,312.325,303.09999999999997,311.925,6451
1764599400,311.925,313.45,307.47499999999997,309.025,9600
1764685800,312.3,318.275,310.7,317.825,10679
1764772200,317.825,322.9,315.675,319.8,8445
1764858600,320.8,325.72499999999997,319.25,324.525,9735
1764945000,325.7,328.025,324.59999999999997,327,12260
1765204200,326.15,327.075,321.325,323.59999999999997,12901
1765290600,323,326.625,320.7,323.45,9673
1765377000,323.425,326.825,322.2,326.325,6999
1765463400,328.95,333.2,328.95,331.34999999999997,9294
1765549800,331.75,332.875,326.95,327.05,9299
1765809000,328.125,329.325,325.65,327.875,6283
1765895400,329.275,332.09999999999997,329.125,331.275,6753
1765981800,330.79999999999995,332.29999999999995,329.87499999999994,329.99999999999994,5801
1766068200,329.775,330.775,325.025,328.275,7252
1766154600,328.67499999999995,335.12499999999994,328.62499999999994,333.07499999999993,7773
1766413800,335.67499999999995,336.49999999999994,333.47499999999997,334.17499999999995,6103
1766500200,334.49999999999994,334.94999999999993,330.97499999999997,332.67499999999995,5294
1766586600,332.34999999999997,334.04999999999995,330.275,332.47499999999997,3613
1766759400,333.275,335.32499999999993,332.99999999999994,334.09999999999997,3571
1767018600,334.4,337.79999999999995,332.54999999999995,335.34999999999997,6486
1767105000,336.15,338.72499999999997,334.82499999999993,338.24999999999994,5856
1767191400,337.97499999999997,339.97499999999997,337.65,338.99999999999994,5514
1767364200,339.17499999999995,347.19999999999993,339.025,346.62499999999994,10141
1767623400,348.57499999999993,350.775,346.79999999999995,349.24999999999994,7610
1767709800,351.4,353.07499999999993,350.92499999999995,352.69999999999993,7634
1767796200,351.62499999999994,352.42499999999995,347.57499999999993,349.17499999999995,8390
1767882600,350.32499999999993,351.97499999999997,347.025,351.4,8095
1767969000,351.22499999999997,352.525,347.32499999999993,348.37499999999994,8002
1768228200,348.87499999999994,350.4,347.32499999999993,349.84999999999997,6752
1768314600,349.84999999999997,356.04999999999995,349.84999999999997,355.79999999999995,9959
1768401000,356.57499999999993,356.57499999999993,351.79999999999995,353.37499999999994,8839
1768487400,353.92499999999995,358.34999999999997,352.99999999999994,358.22499999999997,7562
1768573800,358.275,358.67499999999995,348.97499999999997,350.12499999999994,15294
1768919400,351.12499999999994,352.69999999999993,349.17499999999995,351.34999999999997,8028
1769005800,351.72499999999997,353.92499999999995,349.775,353.04999999999995,7218
1769092200,352.84999999999997,354.19999999999993,352.09999999999997,352.94999999999993,6508
1769178600,353.17499999999995,355.32499999999993,348.22499999999997,353.84999999999997,9057
1769437800,353.94999999999993,357.07499999999993,353.4,356.275,7165
1769524200,355.82499999999993,356.79999999999995,353.65,355.67499999999995,6103
1769610600,355.32499999999993,359.87499999999994,352.97499999999997,359.525,9035
1769697000,359.62499999999994,361.65,358.67499999999995,358.79999999999995,8732
1769783400,359.22499999999997,359.67499999999995,351.99999999999994,353.94999999999993,13523
1770042600,356.87499999999994,362.07499999999993,356.82499999999993,360.025,12376
1770129000,360.69999999999993,361.97499999999997,358.525,361.59999999999997,8668
1770215400,361.59999999999997,367.275,361.525,363.74999999999994,9609
1770301800,361.94999999999993,361.94999999999993,354.49999999999994,357.74999999999994,13584
1770388200,362.49999999999994,365.62499999999994,360.92499999999995,361.09999999999997,16068
1770647400,361.57499999999993,363.47499999999997,359.49999999999994,361.12499999999994,10544
1770733800,361.82499999999993,361.99999999999994,357.74999999999994,358.44999999999993,9985
1770820200,359.275,361.775,357.99999999999994,361.12499999999994,10290
1770906600,361.12499999999994,361.67499999999995,357.025,359.4,12793
1770993000,359.67499999999995,362.025,357.54999999999995,359.22499999999997,7216
1771338600,361.79999999999995,365.22499999999997,361.79999999999995,363.59999999999997,8314
1771425000,363.625,364.59999999999997,362.325,363.775,8695
1771511400,364.275,365.375,362.34999999999997,363.42499999999995,7391
1771597800,363.575,363.72499999999997,358.775,360.825,8956
1771857000,360.825,362.42499999999995,354.45,357.125,9524
1771943400,356.45,359.2,355.17499999999995,357.97499999999997,7215
1772029800,357.9,361.97499999999997,357.4,359.79999999999995,8814
1772116200,359.79999999999995,359.875,350.59999999999997,354.525,11429
1772202600,353.9,354.59999999999997,346.125,346.97499999999997,12462
1772461800,342.075,349.67499999999995,341.42499999999995,349.09999999999997,11202
1772548200,345.59999999999997,350.47499999999997,343.45,349.075,9318
1772634600,350.17499999999995,357,350.17499999999995,356.525,11466
1772721000,355.575,357.375,353.125,354.775,8144
1772807400,351.775,355.325,346.15,347.4,13813
1773063000,338.79999999999995,343.4,338.15,342.325,17528
1773149400,344.325,347.29999999999995,343.84999999999997,345.45,10458
1773235800,343.54999999999995,343.575,337.79999999999995,339.075,11955
1773322200,337.575,340.04999999999995,335.575,338.775,10792
1773408600,340.04999999999995,342.47499999999997,337.29999999999995,338.875,7575
1773667800,339.9,346.075,339.9,345.625,7420
1773754200,346.42499999999995,351.125,345.97499999999997,350.575,7825
1773840600,348.525,350.45,347.72499999999997,349.59999999999997,6324
1773927000,346.775,347.375,342.79999999999995,343.525,7099
1774013400,344.025,347.95,343.2,346.47499999999997,6444
1774272600,347.59999999999997,349.97499999999997,345.525,348.45,5913
1774359000,348.45,353.2,346.65,350.79999999999995,8693
1774445400,351.09999999999997,353.37499999999994,348.525,350.15,8444
1774531800,348.49999999999994,352.325,347.9,351.84999999999997,7676
1774618200,351.075,360.525,350.99999999999994,359.92499999999995,13382
1774877400,360.34999999999997,364.62499999999994,359.84999999999997,361.42499999999995,9692
1774963800,361.42499999999995,368.09999999999997,361.42499999999995,366.575,11164
1775050200,366.59999999999997,370.24999999999994,365.59999999999997,368.09999999999997,10382
1775136600,365.22499999999997,371.34999999999997,363.525,370.72499999999997,10682
1775482200,371.275,372.72499999999997,369.09999999999997,370.45,7138
1775568600,369.95,370.84999999999997,366.15,366.72499999999997,8695
1775655000,370.4,370.65,365.62499999999994,368.09999999999997,9845
1775741400,368.09999999999997,370.87499999999994,366.9,370.525,8690
1775827800,371.59999999999997,373.2,370.275,372.45,8879
1776087000,371.6,374.25,371.275,373.325,7904
1776173400,373.325,378.05,373.3,375.825,9250
1776259800,375.425,375.875,370.45,372.2,9154
1776346200,374.625,374.8,367.15,368.525,10093
1776432600,369.25,370.3,359.275,365.675,13072
1776691800,366,367.875,360.8,361.35,8525
1776778200,360.35,364.65,358,358.95,11909
1776864600,360,360.275,356.325,358.875,7916
1776951000,357,361,354.65,359.35,7825
1777037400,361,363.65,360.05,361.775,7633
1777296600,361.775,369,361.75,368.275,10795
1777383000,368.225,373.75,366.95,373.075,9406
1777469400,374.325,376.025,371.05,372.525,8461
1777555800,373.65,374.85,371.925,373.525,7282
1777642200,373.375,379.45,371.95,372.175,12284
1777901400,372,372.525,364,366.6,12220
1777987800,367.75,373.275,367.75,372.3,8496
1778074200,373.775,374.875,372.15,373.05,7545
1778160600,372.575,372.675,364.975,366.175,13026
1778247000,368.5,370.4,361.6,364.225,12233
1778506200,364.8,367.45,357.25,362.3,14379
1778592600,365,367.5,355.9,356.55,10750
1778679000,357.775,362.25,351.975,360.925,13473
1778765400,363.65,364.55,357.1,358,8625
1778851800,356.6,362.2,356,361.45,7536
1779111000,363.1,363.75,358.1,358.85,7922
1779197400,357.5,364.125,357.225,363.65,8790
1779283800,364,366.125,358.775,365.775,12644
1779370200,365.6,365.75,356.525,356.525,11433
1779456600,353.775,355.5,344.275,349.85,22093
1779802200,348.7,353.375,347.4,349.45,9953
1779888600,350.4,356.225,350.225,354.625,8475
1779975000,355,356.15,352.6,353.025,6339
1780061400,354.075,354.7,346.5,348.425,9097
1780320600,347.9,353.75,347.45,351.55,8526
1780407000,349.475,350.35,345,348.425,9521
1780493400,345.75,348.3,340.8,342.625,11087