time,open,high,low,close,Volume
649412100,266.20000000000005,269.80000000000007,266.20000000000005,269.80000000000007,0
649498500,269.20000000000005,270.45000000000005,268.5000000000001,269.1500000000001,0
649584900,268.1000000000001,268.80000000000007,267.5000000000001,268.05000000000007,0
649671300,268.0000000000001,268.0000000000001,266.70000000000005,266.80000000000007,0
649930500,266.5000000000001,268.45000000000005,266.1500000000001,268.20000000000005,0
650016900,268.8500000000001,269.3500000000001,267.9000000000001,268.3500000000001,0
650103300,267.95000000000005,268.8500000000001,267.70000000000005,267.7500000000001,0
650189700,267.6500000000001,269.6500000000001,267.55000000000007,269.1500000000001,0
650276100,269.75000000000006,269.95000000000005,269.1500000000001,269.8500000000001,0
650535300,269.55000000000007,271.45000000000005,268.95000000000005,271.45000000000005,0
650621700,271.3500000000001,272.55000000000007,270.25000000000006,270.30000000000007,0
650708100,270.05000000000007,271.70000000000005,269.70000000000005,271.70000000000005,0
650794500,271.45000000000005,272.55000000000007,270.45000000000005,270.55000000000007,0
650880900,270.6000000000001,271.1000000000001,269.95000000000005,270.9000000000001,0
651140100,271.45000000000005,271.8500000000001,269.20000000000005,269.25000000000006,0
651226500,269.25000000000006,270.45000000000005,268.9000000000001,269.9000000000001,0
651312900,270.70000000000005,272.1500000000001,270.25000000000006,272.00000000000006,0
651399300,272.6500000000001,274.70000000000005,272.55000000000007,274.6000000000001,0
651485700,274.3500000000001,275.80000000000007,274.1000000000001,275.80000000000007,0
651744900,276.20000000000005,276.30000000000007,273.55000000000007,273.70000000000005,0
651831300,273.45000000000005,274.6000000000001,272.95000000000005,273.95000000000005,0
651917700,273.6000000000001,274.20000000000005,272.8500000000001,273.30000000000007,0
652004100,272.8500000000001,275.95000000000005,272.8500000000001,275.70000000000005,0
652090500,275.6000000000001,275.75000000000006,274.20000000000005,274.70000000000005,0
652436100,274.00000000000006,274.25000000000006,273.20000000000005,273.45000000000005,0
652522500,273.6500000000001,275.80000000000007,272.25000000000006,275.80000000000007,0
652608900,276.20000000000005,276.55000000000007,273.95000000000005,274.00000000000006,0
652695300,273.70000000000005,274.45000000000005,270.25000000000006,270.45000000000005,0
652954500,270.00000000000006,270.4000000000001,268.6500000000001,270.3500000000001,0
653040900,270.8500000000001,271.30000000000007,270.1500000000001,270.6500000000001,0
653127300,270.20000000000005,270.3500000000001,268.55000000000007,269.00000000000006,0
653213700,268.45000000000005,268.70000000000005,267.20000000000005,267.20000000000005,0
653300100,267.25000000000006,269.1500000000001,267.25000000000006,267.80000000000007,0
653559300,268.1000000000001,269.05000000000007,267.8500000000001,268.70000000000005,0
653645700,268.80000000000007,269.1000000000001,267.6500000000001,267.6500000000001,0
653732100,267.70000000000005,269.6500000000001,267.6500000000001,268.95000000000005,0
653818500,269.45000000000005,269.75000000000006,267.95000000000005,268.6000000000001,0
653904900,268.50000000000006,269.6500000000001,268.50000000000006,269.45000000000005,0
654164100,267.75000000000006,267.8500000000001,265.8500000000001,266.1500000000001,0
654250500,266.3500000000001,267.3500000000001,265.9000000000001,266.6500000000001,0
654336900,266.8500000000001,267.20000000000005,266.1500000000001,266.25000000000006,0
654423300,266.3500000000001,267.3500000000001,266.20000000000005,266.6000000000001,0
654509700,266.6000000000001,266.70000000000005,264.95000000000005,265.1000000000001,0
654768900,264.95000000000005,265.6000000000001,264.20000000000005,264.6000000000001,0
654855300,265.00000000000006,265.95000000000005,264.70000000000005,265.70000000000005,0
654941700,265.8500000000001,266.6500000000001,265.8500000000001,266.3500000000001,0
655028100,266.95000000000005,267.1000000000001,264.95000000000005,265.3500000000001,0
655114500,265.8500000000001,266.20000000000005,264.70000000000005,265.30000000000007,0
655373700,265.45000000000005,266.20000000000005,265.1000000000001,266.05000000000007,0
655460100,266.45000000000005,266.75000000000006,265.75000000000006,265.75000000000006,0
655546500,265.4000000000001,265.55000000000007,263.8500000000001,263.95000000000005,0
655632900,263.95000000000005,264.3500000000001,263.00000000000006,264.30000000000007,0
655719300,264.6500000000001,265.55000000000007,264.6500000000001,265.00000000000006,0
655978500,265.20000000000005,265.50000000000006,264.9000000000001,265.25000000000006,0
656064900,265.4000000000001,265.75000000000006,263.95000000000005,264.30000000000007,0
656151300,264.05000000000007,266.05000000000007,264.05000000000007,265.45000000000005,0
656237700,265.6500000000001,265.80000000000007,264.50000000000006,265.1000000000001,0
656324100,265.20000000000005,265.20000000000005,263.50000000000006,264.00000000000006,0
656583300,263.55000000000007,265.70000000000005,263.55000000000007,265.30000000000007,0
656669700,265.55000000000007,265.9000000000001,263.95000000000005,264.3500000000001,0
656756100,264.75000000000006,265.00000000000006,264.25000000000006,264.55000000000007,0
656842500,264.80000000000007,264.9000000000001,263.75000000000006,263.80000000000007,0
656928900,263.05000000000007,264.6500000000001,263.00000000000006,263.95000000000005,0
657191700,264.20000000000005,264.95000000000005,263.3500000000001,264.8500000000001,0
657278100,264.75000000000006,265.1000000000001,264.3500000000001,264.75000000000006,0
657364500,264.75000000000006,264.75000000000006,263.05000000000007,263.05000000000007,0
657450900,262.25000000000006,262.6500000000001,261.45000000000005,261.45000000000005,0
657537300,261.75000000000006,262.25000000000006,261.25000000000006,261.3500000000001,0
657796500,261.6000000000001,261.70000000000005,258.7500000000001,258.95000000000005,0
657882900,259.0000000000001,259.55000000000007,258.3500000000001,258.8500000000001,0
657969300,259.4000000000001,259.80000000000007,258.30000000000007,259.05000000000007,0
658055700,258.5000000000001,259.9000000000001,258.4000000000001,259.7500000000001,0
658142100,259.4000000000001,260.1000000000001,257.1000000000001,257.6000000000001,0
658401300,257.3500000000001,257.6000000000001,256.6000000000001,257.45000000000005,0
658487700,257.55000000000007,257.70000000000005,256.1000000000001,256.80000000000007,0
658574100,256.8500000000001,257.30000000000007,256.3500000000001,256.7500000000001,0
658660500,256.6500000000001,256.70000000000005,254.75000000000009,254.85000000000008,0
658746900,254.75000000000009,255.10000000000008,253.60000000000008,254.60000000000008,0
659006100,254.6500000000001,257.2500000000001,254.6500000000001,257.1000000000001,0
659092500,256.9000000000001,257.1000000000001,254.9000000000001,255.45000000000007,0
659178900,254.95000000000007,256.1000000000001,254.50000000000009,254.70000000000007,0
659610900,254.85000000000008,257.20000000000005,254.30000000000007,257.0000000000001,0
659697300,257.30000000000007,257.6000000000001,255.4000000000001,256.80000000000007,0
659783700,256.30000000000007,256.8500000000001,255.9000000000001,256.55000000000007,0
659870100,256.6500000000001,258.5000000000001,256.6500000000001,257.4000000000001,0
659956500,257.9000000000001,258.20000000000005,255.70000000000007,255.9000000000001,0
660215700,255.9000000000001,257.4000000000001,255.70000000000007,256.2500000000001,0
660302100,257.1000000000001,260.0000000000001,256.3500000000001,259.45000000000005,0
660388500,259.8500000000001,260.8500000000001,259.30000000000007,260.05000000000007,0
660474900,259.6000000000001,262.1500000000001,259.5000000000001,262.05000000000007,0
660561300,261.7500000000001,262.1000000000001,260.1000000000001,261.1500000000001,0
660820500,260.70000000000005,260.80000000000007,259.8500000000001,260.45000000000005,0
660906900,260.70000000000005,262.70000000000005,260.70000000000005,262.6000000000001,0
660993300,262.1000000000001,263.0000000000001,261.4000000000001,262.9000000000001,0
661079700,262.4000000000001,264.6000000000001,262.4000000000001,264.30000000000007,0
661166100,263.5000000000001,264.3500000000001,263.0000000000001,263.30000000000007,0
661425300,262.6000000000001,263.0000000000001,262.1000000000001,262.1000000000001,0
661511700,261.9000000000001,262.1000000000001,261.05000000000007,261.30000000000007,0
661598100,260.95000000000005,262.6000000000001,260.4000000000001,260.5000000000001,0
661684500,259.9000000000001,260.9000000000001,259.20000000000005,259.70000000000005,0
661770900,259.5000000000001,260.1000000000001,257.6000000000001,257.95000000000005,0
662030100,257.95000000000005,257.95000000000005,257.95000000000005,257.95000000000005,0
662202900,258.3500000000001,258.70000000000005,256.1000000000001,256.2500000000001,0
662289300,256.6000000000001,257.7500000000001,256.4000000000001,256.8500000000001,0
662375700,256.6000000000001,257.8500000000001,256.6000000000001,257.7500000000001,0
662807700,258.05000000000007,258.20000000000005,256.1000000000001,257.1000000000001,0
662894100,256.8500000000001,258.9000000000001,256.80000000000007,258.30000000000007,0
662980500,257.80000000000007,258.30000000000007,257.4000000000001,257.95000000000005,0
663239700,257.70000000000005,260.0000000000001,257.6000000000001,259.2500000000001,0
663326100,259.5000000000001,259.70000000000005,258.45000000000005,259.3500000000001,0
663412500,259.8500000000001,260.20000000000005,258.8500000000001,259.1000000000001,0
663498900,259.1000000000001,259.6000000000001,258.1000000000001,258.95000000000005,0
663585300,258.1000000000001,258.30000000000007,256.80000000000007,257.30000000000007,0
663844500,256.20000000000005,256.2500000000001,255.60000000000008,255.70000000000007,0
663930900,255.35000000000008,255.80000000000007,254.45000000000007,255.4000000000001,0
664017300,255.1500000000001,256.20000000000005,254.45000000000007,256.0000000000001,0
664103700,256.1000000000001,257.20000000000005,255.85000000000008,257.20000000000005,0
664190100,257.20000000000005,257.4000000000001,256.70000000000005,256.8500000000001,0
664449300,255.9000000000001,256.45000000000005,255.70000000000007,256.30000000000007,0
664535700,256.5000000000001,257.30000000000007,255.75000000000009,255.80000000000007,0
664622100,255.45000000000007,255.9000000000001,255.10000000000008,255.6500000000001,0
664708500,255.45000000000007,256.5000000000001,255.45000000000007,255.9000000000001,0
664794900,255.50000000000009,255.95000000000007,254.50000000000009,255.10000000000008,0
665054100,254.10000000000008,254.50000000000009,251.80000000000007,252.05000000000007,0
665140500,251.9000000000001,252.60000000000008,251.70000000000007,252.35000000000008,0
665226900,252.60000000000008,252.9000000000001,251.45000000000007,252.20000000000007,0
665313300,252.30000000000007,252.60000000000008,251.60000000000008,252.20000000000007,0
665399700,252.85000000000008,253.25000000000009,251.4000000000001,251.45000000000007,0
665658900,250.95000000000007,253.10000000000008,250.95000000000007,252.6500000000001,0
665745300,253.20000000000007,253.55000000000007,252.60000000000008,253.55000000000007,0
665831700,253.50000000000009,254.30000000000007,252.45000000000007,252.50000000000009,0
665918100,252.65000000000006,252.95000000000007,252.30000000000007,252.95000000000007,0
666004500,252.85000000000008,256.25000000000006,252.85000000000008,255.90000000000006,0
666263700,256.05000000000007,257.55000000000007,256.05000000000007,256.45000000000005,0
666350100,256.1500000000001,256.30000000000007,255.30000000000007,256.05000000000007,0
666436500,258.80000000000007,259.95000000000005,258.1500000000001,259.9000000000001,0
666522900,260.25000000000006,260.55000000000007,259.05000000000007,260.20000000000005,0
666609300,259.95000000000005,260.70000000000005,258.95000000000005,259.00000000000006,0
666954900,260.05000000000007,260.3500000000001,259.05000000000007,259.50000000000006,0
667041300,259.20000000000005,261.30000000000007,259.20000000000005,260.80000000000007,0
667127700,261.30000000000007,261.4000000000001,260.1500000000001,260.25000000000006,0
667214100,259.55000000000007,259.70000000000005,258.1500000000001,258.1500000000001,0
667473300,258.05000000000007,259.05000000000007,257.95000000000005,259.00000000000006,0
667559700,258.45000000000005,258.8500000000001,258.25000000000006,258.8500000000001,0
667646100,258.6500000000001,259.1500000000001,256.8500000000001,256.8500000000001,0
667732500,256.8500000000001,259.30000000000007,256.55000000000007,259.05000000000007,0
667818900,259.05000000000007,259.6500000000001,258.45000000000005,258.8500000000001,0
668078100,259.1000000000001,259.55000000000007,257.05000000000007,258.1000000000001,0
668164500,258.05000000000007,259.80000000000007,258.05000000000007,259.75000000000006,0
668250900,260.3500000000001,262.25000000000006,260.25000000000006,261.75000000000006,0
668337300,261.3500000000001,262.00000000000006,260.6500000000001,261.6500000000001,0
668423700,260.80000000000007,261.55000000000007,258.95000000000005,259.1000000000001,0
668682900,259.75000000000006,260.00000000000006,258.6500000000001,258.70000000000005,0
668769300,257.95000000000005,258.05000000000007,256.75000000000006,257.00000000000006,0
668855700,257.75000000000006,259.25000000000006,257.75000000000006,259.25000000000006,0
668942100,258.25000000000006,258.8500000000001,257.20000000000005,258.80000000000007,0
669028500,258.95000000000005,259.6500000000001,258.1500000000001,258.6500000000001,0
669287700,258.45000000000005,260.55000000000007,258.45000000000005,260.3500000000001,0
669374100,260.8500000000001,261.1500000000001,257.55000000000007,257.9000000000001,0
669460500,258.00000000000006,260.55000000000007,255.80000000000007,260.45000000000005,0
669546900,260.25000000000006,261.55000000000007,258.6500000000001,260.95000000000005,0
669633300,261.55000000000007,265.05000000000007,257.05000000000007,259.05000000000007,0
669892500,260.55000000000007,261.45000000000005,259.05000000000007,259.70000000000005,0
669978900,258.8500000000001,261.3500000000001,258.3500000000001,261.25000000000006,0
670065300,259.6500000000001,261.75000000000006,259.6500000000001,261.70000000000005,0
670151700,261.30000000000007,261.55000000000007,260.1000000000001,260.70000000000005,0
670497300,260.3500000000001,261.45000000000005,260.3500000000001,261.30000000000007,0
670583700,260.6500000000001,261.25000000000006,259.6000000000001,259.75000000000006,0
670670100,259.6500000000001,260.80000000000007,259.6500000000001,260.25000000000006,0
670756500,259.45000000000005,259.9000000000001,258.8500000000001,258.9000000000001,0
670842900,258.70000000000005,259.55000000000007,258.55000000000007,259.25000000000006,0
671098500,258.9000000000001,260.1500000000001,258.9000000000001,259.50000000000006,0
671184900,259.05000000000007,259.6500000000001,257.6500000000001,257.6500000000001,0
671271300,257.45000000000005,258.95000000000005,257.25000000000006,258.20000000000005,0
671357700,258.2500000000001,258.6000000000001,257.8500000000001,258.4000000000001,0
671444100,258.0000000000001,258.2500000000001,257.2500000000001,257.8500000000001,0
671703300,257.70000000000005,258.6000000000001,257.70000000000005,258.0000000000001,0
671789700,258.3500000000001,258.7500000000001,257.8500000000001,258.3500000000001,0
671876100,258.05000000000007,258.20000000000005,257.1500000000001,257.7500000000001,0
671962500,257.3500000000001,257.7500000000001,257.05000000000007,257.3500000000001,0
672048900,257.3500000000001,257.3500000000001,255.25000000000009,255.25000000000009,0
672308100,255.55000000000007,256.3500000000001,255.50000000000009,255.75000000000009,0
672394500,256.1500000000001,256.3500000000001,254.95000000000007,255.00000000000009,0
672480900,254.60000000000008,254.75000000000009,253.45000000000007,254.70000000000007,0
672567300,254.35000000000008,255.10000000000008,254.30000000000007,254.35000000000008,0
672653700,253.35000000000008,253.85000000000008,252.85000000000008,253.00000000000009,0
672912900,252.95000000000007,253.9000000000001,252.9000000000001,253.60000000000008,0
672999300,253.85000000000008,254.30000000000007,253.1500000000001,253.55000000000007,0
673085700,253.6500000000001,254.50000000000009,253.45000000000007,254.4000000000001,0
673172100,254.4000000000001,254.85000000000008,252.85000000000008,252.85000000000008,0
673258500,252.85000000000008,253.35000000000008,252.20000000000007,252.70000000000007,0
673517700,252.55000000000007,253.10000000000008,251.55000000000007,252.25000000000009,0
673604100,252.50000000000009,252.95000000000007,252.30000000000007,252.45000000000007,0
673690500,252.4000000000001,252.85000000000008,252.35000000000008,252.60000000000008,0
673776900,252.75000000000009,252.85000000000008,251.80000000000007,252.00000000000009,0
673863300,251.60000000000008,253.85000000000008,251.1500000000001,253.4000000000001,0
674122500,252.85000000000008,253.1500000000001,252.20000000000007,252.70000000000007,0
674208900,252.6500000000001,253.35000000000008,252.10000000000008,253.05000000000007,0
674295300,253.30000000000007,253.70000000000007,253.10000000000008,253.35000000000008,0
674381700,253.6500000000001,253.80000000000007,252.50000000000009,252.6500000000001,0
674468100,253.25000000000009,253.80000000000007,253.25000000000009,253.75000000000009,0
674727300,253.85000000000008,254.20000000000007,253.60000000000008,253.75000000000009,0
674813700,253.10000000000008,253.20000000000007,251.6500000000001,251.70000000000007,0
674900100,251.4000000000001,251.60000000000008,250.35000000000008,250.9000000000001,0
674986500,251.05000000000007,251.35000000000008,250.1500000000001,250.6500000000001,0
675072900,250.75000000000009,251.4000000000001,250.75000000000009,251.10000000000008,0
675418500,251.20000000000007,252.25000000000009,250.55000000000007,250.60000000000008,0
675504900,250.60000000000008,250.70000000000007,250.05000000000007,250.50000000000009,0
675591300,250.75000000000009,251.25000000000009,250.50000000000009,251.1500000000001,0
675677700,251.10000000000008,251.25000000000009,250.30000000000007,250.6500000000001,0
675936900,250.35000000000008,251.4000000000001,250.35000000000008,250.60000000000008,0
676023300,250.85000000000008,251.25000000000009,250.80000000000007,251.00000000000009,0
676109700,251.00000000000009,252.00000000000009,251.00000000000009,251.9000000000001,0
676196100,251.9000000000001,252.6500000000001,251.85000000000008,251.9000000000001,0
676282500,251.45000000000007,251.75000000000009,249.35000000000008,249.55000000000007,0
676541700,249.5500000000001,249.9000000000001,249.4500000000001,249.60000000000008,0
676628100,249.8000000000001,250.0500000000001,249.4000000000001,249.4000000000001,0
676714500,249.1500000000001,249.2000000000001,247.7000000000001,247.7500000000001,0
676800900,248.1500000000001,248.7500000000001,247.9500000000001,248.7500000000001,0
676887300,248.6500000000001,248.7500000000001,247.9500000000001,248.4500000000001,0
677146500,248.1500000000001,248.5000000000001,248.0500000000001,248.5000000000001,0
677232900,248.5000000000001,249.0500000000001,248.4500000000001,248.7500000000001,0
677319300,248.6500000000001,249.0500000000001,247.7000000000001,247.85000000000008,0
677405700,248.35000000000008,248.5000000000001,247.85000000000008,248.4000000000001,0
677492100,248.5500000000001,248.85000000000008,248.1500000000001,248.8000000000001,0
677751300,248.9500000000001,249.0500000000001,248.4000000000001,249.0000000000001,0
677837700,248.9500000000001,250.5500000000001,248.6500000000001,250.3000000000001,0
677924100,250.35000000000008,250.5000000000001,249.6500000000001,250.2000000000001,0
678010500,250.35000000000008,250.4500000000001,247.60000000000008,247.6500000000001,0
678096900,247.8000000000001,247.9500000000001,247.35000000000008,247.8000000000001,0
678356100,247.85000000000008,248.7500000000001,247.85000000000008,248.7500000000001,0
678442500,248.5500000000001,248.9500000000001,248.4500000000001,248.6500000000001,0
678528900,249.0500000000001,249.1500000000001,247.7000000000001,248.35000000000008,0
678701700,248.35000000000008,248.35000000000008,248.35000000000008,248.35000000000008,0
678960900,248.5500000000001,248.5500000000001,247.0500000000001,247.1500000000001,0
679047300,247.5000000000001,247.5500000000001,246.5500000000001,246.5500000000001,0
679133700,246.60000000000008,246.9000000000001,245.9500000000001,246.2500000000001,0
679220100,246.3000000000001,247.1500000000001,245.9500000000001,246.0000000000001,0
679306500,246.6500000000001,248.35000000000008,246.5500000000001,247.2000000000001,0
679565700,246.35000000000008,246.6500000000001,245.10000000000008,245.2000000000001,0
679652100,245.4500000000001,245.7500000000001,244.9500000000001,245.2000000000001,0
679738500,245.4000000000001,246.3000000000001,245.0500000000001,246.2500000000001,0
679824900,246.5500000000001,246.6500000000001,244.8000000000001,245.60000000000008,0
679911300,245.4500000000001,245.5500000000001,244.7500000000001,245.10000000000008,0
680170500,244.9500000000001,245.10000000000008,244.7500000000001,244.9000000000001,0
680256900,245.0000000000001,245.4500000000001,244.2500000000001,244.3000000000001,0
680343300,244.2000000000001,244.9500000000001,244.0500000000001,244.3000000000001,0
680429700,244.0000000000001,244.1500000000001,242.7500000000001,242.9000000000001,0
680516100,242.9500000000001,243.60000000000008,241.60000000000008,243.5500000000001,0
680775300,243.5000000000001,244.3000000000001,243.3000000000001,244.0500000000001,0
680861700,244.4000000000001,244.7000000000001,243.4000000000001,244.3000000000001,0
680948100,244.10000000000008,244.3000000000001,242.85000000000008,243.35000000000008,0
681034500,243.10000000000008,245.5500000000001,243.0500000000001,244.9000000000001,0
681120900,244.9000000000001,244.9500000000001,243.5500000000001,244.60000000000008,0
681380100,244.3000000000001,245.35000000000008,244.2000000000001,244.9500000000001,0
681466500,244.9500000000001,245.35000000000008,244.5500000000001,244.5500000000001,0
681552900,244.2500000000001,244.4500000000001,243.4000000000001,243.7000000000001,0
681639300,243.5500000000001,243.6500000000001,242.0500000000001,242.9500000000001,0
681725700,243.2500000000001,243.2500000000001,242.6500000000001,243.2000000000001,0
681984900,242.7000000000001,242.7000000000001,242.0000000000001,242.0500000000001,0
682071300,241.7000000000001,241.8500000000001,241.0000000000001,241.2000000000001,0
682157700,241.4500000000001,243.0500000000001,241.4500000000001,242.9500000000001,0
682244100,242.7500000000001,242.8000000000001,242.1000000000001,242.1000000000001,0
682330500,241.4500000000001,241.5000000000001,240.6500000000001,241.2000000000001,0
682589700,240.5500000000001,241.7000000000001,240.5500000000001,241.6000000000001,0
682676100,240.9500000000001,240.9500000000001,239.9500000000001,240.0500000000001,0
682762500,240.2000000000001,241.4500000000001,240.2000000000001,241.0500000000001,0
682848900,240.8500000000001,242.0500000000001,240.7500000000001,241.9500000000001,0
682935300,242.4500000000001,244.7500000000001,242.4500000000001,244.2000000000001,0
683194500,243.4500000000001,246.5500000000001,243.0500000000001,245.3500000000001,0
683280900,245.1500000000001,246.7000000000001,245.1500000000001,245.8500000000001,0
683367300,245.6000000000001,246.3500000000001,244.9500000000001,245.8500000000001,0
683453700,246.9500000000001,247.2000000000001,245.9500000000001,246.6000000000001,0
683540100,246.6000000000001,247.8000000000001,246.5500000000001,247.0500000000001,0
683885700,246.9500000000001,248.3500000000001,246.7500000000001,247.4000000000001,0
683972100,246.4500000000001,247.5500000000001,246.4500000000001,246.8000000000001,0
684058500,246.4500000000001,248.7000000000001,246.2000000000001,248.5500000000001,0
684144900,249.0500000000001,249.7500000000001,248.7000000000001,249.2500000000001,0
684404100,250.0500000000001,251.9000000000001,250.0500000000001,251.8500000000001,0
684490500,251.4000000000001,252.5500000000001,250.3500000000001,250.6500000000001,0
684576900,250.6000000000001,250.6500000000001,249.1500000000001,249.7500000000001,0
684663300,249.2000000000001,251.3500000000001,249.1500000000001,251.0000000000001,0
684749700,251.3500000000001,252.3000000000001,249.2500000000001,249.4500000000001,0
685008900,249.9500000000001,250.4500000000001,247.4500000000001,247.9500000000001,0
685095300,247.6000000000001,247.7000000000001,245.2500000000001,246.0500000000001,0
685181700,245.6500000000001,246.7000000000001,245.4500000000001,246.2000000000001,0
685268100,246.3500000000001,248.9500000000001,246.3500000000001,248.3000000000001,0
685354500,247.6000000000001,249.3500000000001,247.6000000000001,248.8000000000001,0
685613700,247.5500000000001,247.8500000000001,246.2500000000001,247.5500000000001,0
685700100,248.7000000000001,250.1500000000001,248.7000000000001,249.6000000000001,0
685786500,248.5000000000001,250.1500000000001,248.4500000000001,249.4500000000001,0
685872900,247.4000000000001,247.8500000000001,246.7500000000001,247.7000000000001,0
685959300,246.7500000000001,246.9500000000001,243.8500000000001,244.3000000000001,0
686218500,242.4000000000001,242.7000000000001,240.1000000000001,241.3500000000001,0
686304900,240.5500000000001,240.9500000000001,238.6000000000001,239.7500000000001,0
686391300,239.3500000000001,240.4500000000001,239.0500000000001,239.3500000000001,0
686477700,238.6000000000001,238.7500000000001,238.0500000000001,238.4500000000001,0
686564100,238.6500000000001,238.9500000000001,237.8500000000001,238.2500000000001,0
686823300,237.9500000000001,238.9000000000001,237.9000000000001,238.7500000000001,0
686909700,239.0500000000001,239.8500000000001,238.8000000000001,239.1000000000001,0
686996100,239.2500000000001,239.9500000000001,239.2500000000001,239.7000000000001,0
687082500,239.4500000000001,240.2000000000001,238.7000000000001,240.1500000000001,0
687168900,240.3500000000001,240.6500000000001,239.9000000000001,240.5000000000001,0
687428100,240.2500000000001,240.8500000000001,240.1500000000001,240.5000000000001,0
687514500,240.0000000000001,240.2000000000001,238.5500000000001,238.7000000000001,0
687600900,238.8000000000001,241.4500000000001,238.2000000000001,241.4000000000001,0
687687300,241.1000000000001,242.5500000000001,241.1000000000001,241.6000000000001,0
687773700,242.4500000000001,243.0500000000001,241.6500000000001,242.0000000000001,0
688032900,241.7500000000001,243.1500000000001,240.6500000000001,243.1500000000001,0
688119300,242.9500000000001,243.2000000000001,242.2500000000001,242.8000000000001,0
688205700,241.8000000000001,241.9500000000001,241.0500000000001,241.3000000000001,0
688292100,241.0000000000001,241.8000000000001,240.7000000000001,241.5000000000001,0
688378500,241.8500000000001,242.5500000000001,240.2000000000001,240.3500000000001,0
688641300,240.7000000000001,240.8500000000001,240.1500000000001,240.7000000000001,0
688727700,240.7500000000001,242.0500000000001,240.7500000000001,241.5500000000001,0
688814100,242.2500000000001,242.3500000000001,240.7500000000001,241.1000000000001,0
688900500,241.0500000000001,241.5500000000001,239.4500000000001,239.5500000000001,0
688986900,238.4000000000001,238.7500000000001,237.0500000000001,238.3000000000001,0
689246100,238.0500000000001,238.3500000000001,237.3500000000001,237.6000000000001,0
689332500,238.0500000000001,238.5000000000001,237.3500000000001,237.5500000000001,0
689418900,237.8000000000001,237.9500000000001,235.5500000000001,235.5500000000001,0
689505300,235.8500000000001,236.3000000000001,235.2000000000001,236.2000000000001,0
689591700,235.9000000000001,237.75000000000009,235.1500000000001,237.6500000000001,0
689850900,237.4000000000001,237.4000000000001,236.5500000000001,236.5500000000001,0
689937300,236.25000000000009,237.6500000000001,236.2000000000001,237.4000000000001,0
690023700,237.5500000000001,237.9500000000001,237.4500000000001,237.9500000000001,0
690110100,238.6500000000001,239.1500000000001,238.25000000000009,238.25000000000009,0
690196500,238.4000000000001,238.4500000000001,237.25000000000009,237.50000000000009,0
690455700,238.00000000000009,238.4000000000001,237.6500000000001,237.9000000000001,0
690542100,238.1500000000001,240.10000000000008,238.1500000000001,240.0500000000001,0
690628500,240.35000000000008,240.4500000000001,239.1500000000001,239.6500000000001,0
690714900,239.8000000000001,239.8000000000001,238.75000000000009,239.7000000000001,0
690801300,238.85000000000008,239.3000000000001,238.5500000000001,238.6500000000001,0
691060500,238.0500000000001,238.2000000000001,236.75000000000009,237.0500000000001,0
691146900,236.5500000000001,237.9000000000001,236.5500000000001,237.9000000000001,0
691233300,238.25000000000009,239.2000000000001,238.0500000000001,238.25000000000009,0
691406100,238.25000000000009,238.25000000000009,238.25000000000009,238.25000000000009,0
691665300,238.4500000000001,240.6500000000001,238.4500000000001,240.00000000000009,0
691751700,240.50000000000009,240.75000000000009,239.75000000000009,239.85000000000008,0
691838100,239.75000000000009,240.50000000000009,237.4000000000001,237.4500000000001,0
691924500,236.75000000000009,237.85000000000008,236.4500000000001,236.5500000000001,0
692010900,236.4000000000001,236.60000000000008,235.50000000000009,235.5500000000001,0
692270100,235.25000000000009,235.35000000000008,234.7000000000001,234.9000000000001,0
692356500,234.9000000000001,235.0500000000001,234.5500000000001,234.5500000000001,0
692442900,234.0500000000001,234.2000000000001,233.3000000000001,233.5500000000001,0
692529300,233.85000000000008,234.25000000000009,233.5500000000001,233.8000000000001,0
692615700,234.3000000000001,234.9500000000001,233.9000000000001,233.9500000000001,0
692874900,233.5500000000001,234.4500000000001,233.5500000000001,233.6500000000001,0
692961300,234.3000000000001,234.9000000000001,233.75000000000009,233.9000000000001,0
693047700,233.35000000000008,233.4000000000001,232.50000000000009,233.1500000000001,0
693134100,232.9500000000001,233.1500000000001,232.5500000000001,232.60000000000008,0
693220500,233.10000000000008,233.1500000000001,232.60000000000008,232.8000000000001,0
693479700,232.6500000000001,233.60000000000008,232.6500000000001,233.4500000000001,0
693566100,233.25000000000009,233.4500000000001,232.1500000000001,232.4500000000001,0
693738900,232.2000000000001,233.1500000000001,231.9500000000001,233.10000000000008,0
693825300,233.10000000000008,234.0500000000001,233.10000000000008,233.6500000000001,0
694084500,233.5500000000001,233.5500000000001,231.85000000000008,232.0500000000001,0
694170900,232.0500000000001,232.7000000000001,231.9500000000001,232.60000000000008,0
694343700,231.6500000000001,234.35000000000008,231.6500000000001,233.85000000000008,0
694430100,233.6500000000001,234.50000000000009,232.4000000000001,234.10000000000008,0
694689300,234.4000000000001,234.85000000000008,233.1500000000001,233.35000000000008,0
694775700,233.0500000000001,234.4500000000001,233.0500000000001,234.4000000000001,0
694862100,235.00000000000009,235.1500000000001,233.4000000000001,234.00000000000009,0
694948500,234.1500000000001,234.7000000000001,234.0500000000001,234.25000000000009,0
695034900,234.4500000000001,234.8000000000001,233.1500000000001,234.4000000000001,0
695294100,234.3000000000001,234.35000000000008,233.2000000000001,233.4000000000001,0
695380500,233.3000000000001,233.4000000000001,232.6500000000001,232.9000000000001,0
695466900,232.6500000000001,233.10000000000008,232.35000000000008,232.9000000000001,0
695553300,232.85000000000008,234.00000000000009,232.75000000000009,233.9500000000001,0
695639700,233.50000000000009,234.35000000000008,232.6500000000001,232.85000000000008,0
695898900,232.9500000000001,233.8000000000001,232.6500000000001,233.6500000000001,0
695985300,233.5500000000001,233.9000000000001,233.10000000000008,233.2000000000001,0
696071700,233.2000000000001,233.7000000000001,233.1500000000001,233.1500000000001,0
696158100,232.85000000000008,232.9500000000001,231.0500000000001,231.1500000000001,0
696244500,231.25000000000009,231.35000000000008,230.4000000000001,230.7000000000001,0
696503700,230.9000000000001,231.10000000000008,230.1500000000001,230.1500000000001,0
696590100,230.1500000000001,230.50000000000009,228.9500000000001,229.00000000000009,0
696676500,229.35000000000008,229.85000000000008,228.60000000000008,228.85000000000008,0
696762900,229.00000000000009,229.7000000000001,228.9000000000001,229.5500000000001,0
696849300,229.6500000000001,229.75000000000009,227.35000000000008,227.50000000000009,0
697108500,227.2000000000001,227.35000000000008,225.0500000000001,225.6500000000001,0
697194900,225.8000000000001,226.6500000000001,225.60000000000008,226.0500000000001,0
697281300,226.1500000000001,226.50000000000009,223.9500000000001,224.0500000000001,0
697367700,224.5500000000001,225.9000000000001,223.9500000000001,224.85000000000008,0
697454100,223.9500000000001,225.00000000000009,223.9500000000001,224.60000000000008,0
697713300,224.80000000000007,225.25000000000009,224.60000000000008,224.6500000000001,0
697799700,224.50000000000009,226.2000000000001,224.50000000000009,226.1500000000001,0
697886100,225.80000000000007,226.50000000000009,225.30000000000007,226.00000000000009,0
697972500,226.4000000000001,226.50000000000009,223.75000000000009,224.2000000000001,0
698058900,224.50000000000009,224.9000000000001,224.00000000000009,224.6500000000001,0
698404500,224.10000000000008,224.2000000000001,221.80000000000007,222.2000000000001,0
698490900,222.2000000000001,223.05000000000007,221.9000000000001,222.80000000000007,0
698577300,223.25000000000009,224.50000000000009,223.00000000000009,224.35000000000008,0
698663700,224.05000000000007,224.10000000000008,221.50000000000009,221.9000000000001,0
698922900,221.80000000000007,221.85000000000008,218.25000000000009,219.10000000000008,0
699009300,219.50000000000009,220.50000000000009,218.30000000000007,220.50000000000009,0
699095700,219.9000000000001,221.4500000000001,218.50000000000009,221.4000000000001,0
699182100,221.30000000000007,221.60000000000008,220.50000000000009,221.50000000000009,0
699268500,221.00000000000009,222.9500000000001,220.7000000000001,222.9000000000001,0
699527700,222.9000000000001,223.85000000000008,222.9000000000001,223.50000000000009,0
699614100,222.60000000000008,225.10000000000008,222.10000000000008,224.9000000000001,0
699700500,224.55000000000007,225.4000000000001,222.00000000000009,222.30000000000007,0
699786900,220.30000000000007,221.30000000000007,220.10000000000008,220.6500000000001,0
699873300,220.10000000000008,223.00000000000009,219.30000000000007,222.9000000000001,0
700132500,222.00000000000009,223.9000000000001,221.75000000000009,222.50000000000009,0
700218900,222.00000000000009,223.1500000000001,221.75000000000009,222.60000000000008,0
700305300,224.9000000000001,225.25000000000009,223.75000000000009,224.10000000000008,0
700391700,224.50000000000009,225.9000000000001,224.50000000000009,224.55000000000007,0
700478100,223.00000000000009,225.4500000000001,223.00000000000009,225.4500000000001,0
700737300,225.4500000000001,226.00000000000009,224.00000000000009,224.6500000000001,0
700823700,225.10000000000008,225.1500000000001,224.2000000000001,224.25000000000009,0
700910100,224.35000000000008,225.50000000000009,223.30000000000007,225.1500000000001,0
700996500,225.55000000000007,226.50000000000009,225.4000000000001,225.6500000000001,0
701082900,226.00000000000009,226.50000000000009,224.75000000000009,225.50000000000009,0
701342100,224.80000000000007,226.2000000000001,224.60000000000008,225.80000000000007,0
701428500,225.30000000000007,225.9000000000001,225.00000000000009,225.35000000000008,0
701514900,224.75000000000009,225.25000000000009,222.10000000000008,222.1500000000001,0
701601300,222.80000000000007,222.9500000000001,221.9000000000001,222.4500000000001,0
701687700,222.00000000000009,223.10000000000008,221.80000000000007,221.9000000000001,0
701946900,221.30000000000007,221.4000000000001,219.50000000000009,219.80000000000007,0
702033300,219.9500000000001,220.55000000000007,219.75000000000009,220.4000000000001,0
702119700,220.60000000000008,221.4500000000001,220.2000000000001,221.4000000000001,0
702206100,221.60000000000008,222.00000000000009,221.00000000000009,221.9000000000001,0
702292500,221.7000000000001,224.60000000000008,221.30000000000007,223.4000000000001,0
702548100,223.25000000000009,224.00000000000009,222.85000000000008,223.9000000000001,0
702634500,224.00000000000009,224.50000000000009,221.50000000000009,222.10000000000008,0
702720900,222.4000000000001,223.7000000000001,222.10000000000008,223.25000000000009,0
702807300,222.75000000000009,223.0500000000001,220.6500000000001,221.9500000000001,0
702893700,221.9500000000001,222.00000000000009,220.0500000000001,220.85000000000008,0
703152900,218.6500000000001,218.85000000000008,217.50000000000009,217.5500000000001,0
703239300,217.35000000000008,218.1500000000001,217.00000000000009,217.6500000000001,0
703325700,218.1500000000001,218.35000000000008,215.4500000000001,216.00000000000009,0
703412100,216.1500000000001,216.25000000000009,214.8000000000001,215.1500000000001,0
703757700,215.25000000000009,216.0500000000001,215.25000000000009,215.5500000000001,0
703844100,215.5500000000001,216.4000000000001,215.50000000000009,215.85000000000008,0
703930500,216.1500000000001,216.3000000000001,214.75000000000009,215.10000000000008,0
704016900,214.75000000000009,216.9500000000001,214.75000000000009,216.5500000000001,0
704103300,216.25000000000009,216.75000000000009,215.75000000000009,215.8000000000001,0
704362500,215.1500000000001,215.3000000000001,214.0500000000001,214.7000000000001,0
704448900,214.9000000000001,215.85000000000008,213.8000000000001,214.0500000000001,0
704535300,214.25000000000009,214.7000000000001,212.9500000000001,213.50000000000009,0
704621700,213.9500000000001,213.9500000000001,211.75000000000009,212.1500000000001,0
704708100,212.4000000000001,212.6500000000001,211.10000000000008,211.1500000000001,0
704967300,211.1500000000001,211.25000000000009,210.4500000000001,210.9000000000001,0
705053700,210.8000000000001,211.35000000000008,209.4500000000001,209.60000000000008,0
705140100,209.0500000000001,209.25000000000009,208.1500000000001,208.6500000000001,0
705226500,209.25000000000009,210.6500000000001,209.1500000000001,210.4000000000001,0
705312900,210.4500000000001,211.1500000000001,209.25000000000009,210.1500000000001,0
705572100,211.0500000000001,211.50000000000009,210.6500000000001,211.25000000000009,0
705658500,211.25000000000009,212.50000000000009,211.25000000000009,212.35000000000008,0
705744900,212.4500000000001,213.25000000000009,212.0500000000001,212.85000000000008,0
705831300,213.1500000000001,213.4500000000001,211.4500000000001,212.3000000000001,0
705917700,213.75000000000009,214.1500000000001,213.25000000000009,214.0500000000001,0
706176900,214.0500000000001,214.1500000000001,213.0500000000001,213.60000000000008,0
706263300,213.3000000000001,214.85000000000008,212.9500000000001,214.75000000000009,0
706349700,214.85000000000008,214.9500000000001,213.4000000000001,213.4500000000001,0
706436100,212.9000000000001,214.60000000000008,212.60000000000008,213.4000000000001,0
706522500,211.7000000000001,212.9000000000001,211.7000000000001,212.6500000000001,0
706868100,212.75000000000009,213.60000000000008,212.7000000000001,213.10000000000008,0
706954500,212.85000000000008,213.5500000000001,212.75000000000009,213.25000000000009,0
707040900,213.2000000000001,213.35000000000008,211.5500000000001,211.7000000000001,0
707127300,210.9000000000001,212.50000000000009,210.85000000000008,212.4500000000001,0
707386500,212.25000000000009,213.0500000000001,212.0500000000001,212.5500000000001,0
707472900,212.1500000000001,212.4500000000001,210.2000000000001,210.4000000000001,0
707559300,210.6500000000001,211.25000000000009,209.9000000000001,211.1500000000001,0
707645700,210.9500000000001,211.3000000000001,210.1500000000001,210.9500000000001,0
707732100,210.9500000000001,211.5500000000001,210.6500000000001,210.9000000000001,0
707991300,210.50000000000009,211.0500000000001,210.50000000000009,210.75000000000009,0
708077700,210.85000000000008,211.00000000000009,210.60000000000008,210.75000000000009,0
708164100,210.5500000000001,210.6500000000001,209.3000000000001,209.50000000000009,0
708250500,209.3000000000001,209.4000000000001,208.8000000000001,209.10000000000008,0
708336900,209.3000000000001,210.3000000000001,209.3000000000001,209.9000000000001,0
708596100,210.3000000000001,211.10000000000008,210.2000000000001,211.0000000000001,0
708682500,211.35000000000008,212.0000000000001,211.0500000000001,211.7500000000001,0
708768900,211.7000000000001,211.7000000000001,210.7000000000001,210.7000000000001,0
708855300,210.5000000000001,210.6500000000001,209.5500000000001,209.8000000000001,0
708941700,209.7500000000001,209.9000000000001,207.3000000000001,208.10000000000008,0
709200900,208.5500000000001,208.7000000000001,206.85000000000008,206.9000000000001,0
709287300,207.1500000000001,207.3000000000001,205.3000000000001,205.8000000000001,0
709373700,205.5000000000001,205.9500000000001,204.9000000000001,205.9500000000001,0
709460100,206.2000000000001,206.9000000000001,204.8000000000001,205.10000000000008,0
709546500,204.9000000000001,206.5500000000001,204.0500000000001,206.2000000000001,0
709805700,206.10000000000008,206.60000000000008,205.5500000000001,205.60000000000008,0
709892100,205.5000000000001,205.8000000000001,204.60000000000008,205.2000000000001,0
709978500,205.4000000000001,206.4000000000001,205.4000000000001,206.4000000000001,0
710064900,206.60000000000008,207.35000000000008,206.3000000000001,207.0500000000001,0
710410500,206.0500000000001,206.60000000000008,205.6500000000001,206.35000000000008,0
710496900,206.3000000000001,208.0500000000001,206.3000000000001,207.60000000000008,0
710583300,207.9000000000001,208.3000000000001,206.9000000000001,208.2000000000001,0
710669700,207.7000000000001,208.60000000000008,207.4000000000001,207.9000000000001,0
710756100,208.3000000000001,209.7000000000001,208.10000000000008,209.6500000000001,0
711015300,209.1500000000001,209.5000000000001,207.5500000000001,207.7000000000001,0
711101700,207.3000000000001,208.5000000000001,206.5500000000001,208.1500000000001,0
711188100,207.6500000000001,209.2500000000001,207.6500000000001,208.0500000000001,0
711274500,208.4500000000001,209.10000000000008,207.9500000000001,209.10000000000008,0
711360900,209.0500000000001,209.35000000000008,207.7000000000001,208.1500000000001,0
711620100,207.7500000000001,208.2000000000001,205.7000000000001,206.35000000000008,0
711706500,206.0500000000001,208.4000000000001,205.9000000000001,207.9000000000001,0
711792900,207.5000000000001,208.10000000000008,207.2000000000001,207.8000000000001,0
711879300,207.4500000000001,208.5500000000001,207.1500000000001,207.4500000000001,0
711965700,206.9500000000001,207.2000000000001,206.4000000000001,206.7500000000001,0
712224900,205.8000000000001,206.0500000000001,203.2000000000001,203.3000000000001,0
712311300,203.4000000000001,204.0500000000001,203.0000000000001,203.6500000000001,0
712397700,203.5000000000001,203.9000000000001,201.9000000000001,202.6500000000001,0
712484100,202.9000000000001,204.4000000000001,202.8000000000001,204.4000000000001,0
712570500,203.5000000000001,204.0500000000001,202.0500000000001,203.0500000000001,0
712829700,203.5000000000001,203.6500000000001,202.4500000000001,203.0500000000001,0
712916100,202.9000000000001,203.5000000000001,202.2000000000001,203.5000000000001,0
713002500,203.3000000000001,203.8000000000001,203.0000000000001,203.4500000000001,0
713088900,203.3000000000001,203.60000000000008,202.5500000000001,203.0500000000001,0
713175300,203.0500000000001,203.3000000000001,202.35000000000008,202.85000000000008,0
713434500,202.1500000000001,202.25000000000009,200.2000000000001,200.60000000000008,0
713520900,200.50000000000009,200.85000000000008,199.75000000000009,199.9000000000001,0
713607300,199.35000000000008,199.50000000000009,197.55000000000007,197.9000000000001,0
713693700,197.9000000000001,198.9500000000001,197.55000000000007,198.1500000000001,0
713780100,197.75000000000009,198.25000000000009,197.05000000000007,197.80000000000007,0
714039300,197.80000000000007,198.1500000000001,195.4000000000001,195.4500000000001,0
714125700,196.10000000000008,197.85000000000008,195.75000000000009,197.75000000000009,0
714212100,198.05000000000007,198.1500000000001,196.00000000000009,197.4500000000001,0
714298500,197.6500000000001,197.9500000000001,196.9500000000001,197.1500000000001,0
714384900,197.55000000000007,198.4500000000001,197.1500000000001,197.1500000000001,0
714644100,196.9500000000001,198.05000000000007,196.6500000000001,197.9000000000001,0
714730500,198.50000000000009,198.60000000000008,196.35000000000008,197.00000000000009,0
714816900,197.25000000000009,197.4000000000001,196.6500000000001,197.25000000000009,0
714903300,197.50000000000009,198.00000000000009,197.25000000000009,197.9500000000001,0
714989700,198.1500000000001,199.1500000000001,197.9000000000001,199.1500000000001,0
715248900,199.00000000000009,199.05000000000007,197.1500000000001,198.2000000000001,0
715335300,198.1500000000001,198.55000000000007,197.60000000000008,198.30000000000007,0
715421700,198.35000000000008,199.85000000000008,198.25000000000009,198.80000000000007,0
715508100,198.50000000000009,199.4500000000001,198.25000000000009,198.6500000000001,0
715594500,198.05000000000007,198.6500000000001,197.9500000000001,198.00000000000009,0
715940100,197.55000000000007,197.80000000000007,196.85000000000008,197.00000000000009,0
716026500,196.50000000000009,196.75000000000009,194.10000000000008,194.55000000000007,0
716112900,194.2000000000001,194.9500000000001,193.4000000000001,194.85000000000008,0
716199300,194.60000000000008,195.2000000000001,193.9000000000001,194.55000000000007,0
716458500,194.25000000000009,194.9000000000001,193.6500000000001,194.85000000000008,0
716544900,194.6500000000001,195.9500000000001,194.4000000000001,195.35000000000008,0
716631300,195.25000000000009,196.9000000000001,195.25000000000009,196.4000000000001,0
716717700,196.4500000000001,196.85000000000008,195.50000000000009,196.4500000000001,0
716804100,197.05000000000007,198.4500000000001,197.05000000000007,198.30000000000007,0
717063300,199.00000000000009,200.35000000000008,198.9500000000001,199.85000000000008,0
717149700,200.35000000000008,200.50000000000009,197.85000000000008,199.75000000000009,0
717236100,200.35000000000008,201.25000000000009,199.55000000000007,199.80000000000007,0
717322500,198.85000000000008,199.4000000000001,198.55000000000007,199.00000000000009,0
717408900,198.35000000000008,199.6500000000001,198.00000000000009,199.60000000000008,0
717668100,198.1500000000001,199.1500000000001,198.00000000000009,198.10000000000008,0
717754500,197.4500000000001,197.75000000000009,196.50000000000009,197.10000000000008,0
717840900,197.50000000000009,199.75000000000009,195.75000000000009,198.85000000000008,0
717927300,199.1500000000001,200.85000000000008,199.1500000000001,199.7000000000001,0
718013700,200.00000000000009,200.7000000000001,199.1500000000001,200.10000000000008,0
718272900,199.9500000000001,201.75000000000009,199.50000000000009,201.50000000000009,0
718359300,201.55000000000007,203.50000000000009,201.55000000000007,202.55000000000007,0
718445700,202.10000000000008,203.4500000000001,202.00000000000009,203.35000000000008,0
718532100,203.55000000000007,204.00000000000009,201.85000000000008,203.85000000000008,0
718618500,204.25000000000009,205.6500000000001,203.9500000000001,205.60000000000008,0
718877700,205.05000000000007,205.75000000000009,204.55000000000007,205.1500000000001,0
718964100,204.35000000000008,206.75000000000009,204.10000000000008,206.6500000000001,0
719050500,206.9500000000001,207.4500000000001,206.00000000000009,206.30000000000007,0
719136900,206.00000000000009,207.25000000000009,205.55000000000007,206.05000000000007,0
719223300,205.60000000000008,206.25000000000009,205.05000000000007,206.2000000000001,0
719482500,205.4000000000001,205.85000000000008,204.9500000000001,205.4500000000001,0
719568900,205.1500000000001,208.25000000000009,205.1500000000001,208.00000000000009,0
719655300,208.7000000000001,209.60000000000008,208.35000000000008,208.4000000000001,0
719741700,208.55000000000007,209.55000000000007,208.35000000000008,209.4000000000001,0
719828100,209.55000000000007,210.30000000000007,208.60000000000008,208.85000000000008,0
720090900,209.10000000000008,209.7000000000001,207.55000000000007,209.55000000000007,0
720177300,209.9500000000001,211.05000000000007,209.75000000000009,210.00000000000009,0
720263700,209.9000000000001,210.55000000000007,209.50000000000009,210.00000000000009,0
720350100,209.25000000000009,211.00000000000009,208.80000000000007,210.9000000000001,0
720436500,211.50000000000009,212.35000000000008,211.35000000000008,212.25000000000009,0
720695700,212.00000000000009,212.25000000000009,211.30000000000007,211.60000000000008,0
720782100,210.00000000000009,212.00000000000009,209.55000000000007,211.6500000000001,0
720868500,211.60000000000008,211.85000000000008,210.9500000000001,211.00000000000009,0
720954900,209.60000000000008,210.25000000000009,208.6500000000001,208.6500000000001,0
721041300,207.35000000000008,209.10000000000008,207.35000000000008,208.35000000000008,0
721300500,208.4000000000001,208.85000000000008,206.45000000000007,206.45000000000007,0
721386900,206.60000000000008,208.05000000000007,205.95000000000007,208.00000000000009,0
721473300,208.1500000000001,209.4000000000001,208.1500000000001,209.35000000000008,0
721559700,209.85000000000008,211.75000000000009,209.45000000000007,211.10000000000008,0
721646100,212.35000000000008,213.05000000000007,211.6500000000001,212.85000000000008,0
721905300,214.50000000000009,215.35000000000008,213.95000000000007,215.30000000000007,0
721991700,213.85000000000008,214.85000000000008,213.35000000000008,213.75000000000009,0
722078100,214.00000000000009,215.35000000000008,211.1500000000001,213.1500000000001,0
722164500,213.1500000000001,213.85000000000008,212.35000000000008,212.75000000000009,0
722250900,211.95000000000007,213.75000000000009,211.85000000000008,213.50000000000009,0
722510100,213.75000000000009,213.85000000000008,212.20000000000007,212.4000000000001,0
722596500,211.55000000000007,212.20000000000007,210.35000000000008,211.35000000000008,0
722682900,210.6500000000001,212.10000000000008,210.4000000000001,211.85000000000008,0
723114900,211.85000000000008,214.85000000000008,211.35000000000008,214.75000000000009,0
723201300,215.85000000000008,217.85000000000008,215.85000000000008,217.35000000000008,0
723287700,218.6500000000001,219.45000000000007,217.20000000000007,217.55000000000007,0
723374100,217.25000000000009,218.80000000000007,217.25000000000009,218.55000000000007,0
723460500,219.05000000000007,219.10000000000008,217.80000000000007,218.20000000000007,0
723719700,218.35000000000008,219.00000000000009,218.10000000000008,218.80000000000007,0
723806100,218.25000000000009,220.50000000000009,215.25000000000009,220.45000000000007,0
723892500,220.6500000000001,221.35000000000008,220.35000000000008,220.4000000000001,0
723978900,220.10000000000008,221.35000000000008,219.60000000000008,221.30000000000007,0
724065300,221.55000000000007,221.80000000000007,221.00000000000009,221.60000000000008,0
724324500,221.20000000000007,221.85000000000008,220.6500000000001,221.30000000000007,0
724410900,220.85000000000008,221.60000000000008,220.35000000000008,221.10000000000008,0
724497300,220.75000000000009,221.25000000000009,220.50000000000009,220.9000000000001,0
724583700,220.95000000000007,221.25000000000009,220.45000000000007,220.75000000000009,0
724670100,221.45000000000007,222.25000000000009,221.1500000000001,222.20000000000007,0
724929300,222.60000000000008,224.50000000000009,222.60000000000008,224.30000000000007,0
725015700,224.10000000000008,226.25000000000009,223.85000000000008,224.35000000000008,0
725102100,222.50000000000009,223.10000000000008,221.1500000000001,221.35000000000008,0
725188500,219.6500000000001,221.35000000000008,219.55000000000007,221.20000000000007,0
725534100,221.35000000000008,223.75000000000009,221.35000000000008,223.20000000000007,0
725620500,223.85000000000008,225.05000000000007,220.10000000000008,220.30000000000007,0
725706900,219.45000000000007,221.05000000000007,218.35000000000008,219.10000000000008,0
725793300,218.9000000000001,220.60000000000008,218.85000000000008,220.55000000000007,0
726138900,220.95000000000007,221.05000000000007,217.45000000000007,218.00000000000009,0
726225300,216.55000000000007,217.25000000000009,214.6500000000001,215.00000000000009,0
726311700,214.85000000000008,215.55000000000007,213.00000000000009,213.05000000000007,0
726398100,214.60000000000008,216.35000000000008,214.35000000000008,216.25000000000009,0
726484500,216.85000000000008,217.05000000000007,213.25000000000009,214.20000000000007,0
726743700,214.25000000000009,214.35000000000008,212.4000000000001,213.20000000000007,0
726830100,213.35000000000008,216.05000000000007,212.95000000000007,215.45000000000007,0
726916500,215.75000000000009,217.60000000000008,214.1500000000001,217.20000000000007,0
727002900,216.85000000000008,217.35000000000008,215.55000000000007,216.20000000000007,0
727089300,215.4000000000001,215.55000000000007,213.45000000000007,213.55000000000007,0
727348500,212.00000000000009,213.10000000000008,211.05000000000007,213.05000000000007,0
727434900,212.95000000000007,213.55000000000007,209.6500000000001,209.80000000000007,0
727521300,209.35000000000008,210.25000000000009,208.1500000000001,208.20000000000007,0
727607700,207.85000000000008,209.55000000000007,207.35000000000008,207.85000000000008,0
727694100,208.10000000000008,209.25000000000009,206.45000000000007,206.55000000000007,0
727953300,206.00000000000009,206.25000000000009,199.05000000000007,200.25000000000009,0
728039700,198.9000000000001,202.45000000000007,198.1500000000001,202.20000000000007,0
728126100,202.4000000000001,204.45000000000007,201.6500000000001,202.1500000000001,0
728212500,202.35000000000008,203.10000000000008,200.6500000000001,202.95000000000007,0
728298900,203.25000000000009,203.95000000000007,202.60000000000008,203.10000000000008,0
728558100,203.6500000000001,205.45000000000007,203.55000000000007,205.4000000000001,0
728644500,205.9000000000001,209.50000000000009,205.9000000000001,208.00000000000009,0
728730900,206.95000000000007,208.60000000000008,205.95000000000007,206.75000000000009,0
728817300,205.25000000000009,206.25000000000009,204.1500000000001,205.30000000000007,0
728903700,204.20000000000007,206.60000000000008,204.20000000000007,205.75000000000009,0
729162900,205.1500000000001,205.9500000000001,200.9500000000001,200.9500000000001,0
729249300,199.75000000000009,202.9500000000001,198.25000000000009,202.9500000000001,0
729335700,202.6500000000001,205.1500000000001,201.85000000000008,205.10000000000008,0
729422100,206.75000000000009,207.6500000000001,205.85000000000008,206.85000000000008,0
729508500,206.4000000000001,207.75000000000009,205.1500000000001,205.1500000000001,0
729854100,205.35000000000008,206.0500000000001,204.2000000000001,205.85000000000008,0
729940500,206.85000000000008,207.1500000000001,205.35000000000008,205.4000000000001,0
730026900,206.1500000000001,206.6500000000001,206.1500000000001,206.25000000000009,0
730113300,206.5500000000001,207.4000000000001,205.85000000000008,206.8000000000001,0
730372500,207.85000000000008,208.5500000000001,207.4500000000001,207.9500000000001,0
730458900,208.0500000000001,208.1500000000001,204.6500000000001,204.75000000000009,0
730545300,205.0500000000001,207.1500000000001,204.25000000000009,206.85000000000008,0
730631700,206.9000000000001,207.0500000000001,204.4500000000001,205.1500000000001,0
730718100,203.9500000000001,204.6500000000001,203.1500000000001,203.60000000000008,0
730977300,202.0500000000001,202.75000000000009,202.00000000000009,202.0500000000001,0
731063700,202.85000000000008,204.85000000000008,202.60000000000008,204.50000000000009,0
731150100,203.9500000000001,204.6500000000001,203.75000000000009,204.25000000000009,0
731236500,204.25000000000009,205.0500000000001,203.85000000000008,204.85000000000008,0
731322900,203.6500000000001,203.9500000000001,203.1500000000001,203.3000000000001,0
731582100,201.9500000000001,202.7000000000001,201.6500000000001,202.4500000000001,0
731668500,202.4500000000001,202.9000000000001,201.8000000000001,202.8000000000001,0
731754900,202.7000000000001,202.8000000000001,201.00000000000009,201.4000000000001,0
731841300,200.75000000000009,201.5500000000001,200.6500000000001,201.00000000000009,0
731927700,200.35000000000008,201.25000000000009,200.35000000000008,200.4500000000001,0
732186900,200.75000000000009,203.1500000000001,200.4500000000001,202.2000000000001,0
732273300,201.85000000000008,202.3000000000001,199.35000000000008,199.50000000000009,0
732359700,199.0500000000001,200.50000000000009,198.85000000000008,199.6500000000001,0
732446100,199.6500000000001,199.9500000000001,199.00000000000009,199.50000000000009,0
732532500,199.6500000000001,200.3000000000001,199.25000000000009,200.1500000000001,0
732791700,200.6500000000001,201.35000000000008,200.1500000000001,200.25000000000009,0
732878100,199.4500000000001,200.35000000000008,198.9500000000001,200.35000000000008,0
732964500,200.5500000000001,202.1500000000001,200.5500000000001,201.35000000000008,0
733050900,201.50000000000009,201.5500000000001,200.4000000000001,200.7000000000001,0
733137300,199.9000000000001,200.0500000000001,197.75000000000009,197.85000000000008,0
733396500,197.75000000000009,197.85000000000008,195.4000000000001,195.7000000000001,0
733482900,195.60000000000008,196.6500000000001,195.4000000000001,195.5500000000001,0
733569300,195.6500000000001,198.1500000000001,194.85000000000008,197.4500000000001,0
733655700,196.6500000000001,197.9500000000001,196.35000000000008,196.5500000000001,0
733742100,196.2000000000001,196.5500000000001,195.4000000000001,195.4500000000001,0
733997700,194.4000000000001,195.1500000000001,193.9500000000001,194.00000000000009,0
734084100,194.1500000000001,195.1500000000001,194.1500000000001,194.6500000000001,0
734170500,194.9000000000001,195.25000000000009,193.1500000000001,193.35000000000008,0
734256900,193.3000000000001,194.10000000000008,192.3000000000001,192.4000000000001,0
734602500,192.4000000000001,192.60000000000008,191.8000000000001,192.4000000000001,0
734688900,193.10000000000008,193.60000000000008,192.5500000000001,193.4000000000001,0
734775300,193.7000000000001,193.9000000000001,192.60000000000008,193.4000000000001,0
734861700,193.8000000000001,194.5000000000001,193.3000000000001,193.5500000000001,0
734948100,193.10000000000008,193.35000000000008,192.60000000000008,192.60000000000008,0
735207300,192.10000000000008,192.3000000000001,191.5500000000001,191.60000000000008,0
735293700,192.1500000000001,193.2000000000001,191.7000000000001,192.3000000000001,0
735380100,192.2000000000001,192.3000000000001,191.4000000000001,191.4000000000001,0
735466500,191.4500000000001,192.7000000000001,191.35000000000008,192.1500000000001,0
735552900,192.3000000000001,193.1500000000001,192.2000000000001,193.0500000000001,0
735812100,193.2000000000001,196.5000000000001,193.2000000000001,196.2000000000001,0
735898500,197.3000000000001,199.3000000000001,196.4000000000001,199.2000000000001,0
735984900,198.7000000000001,198.9500000000001,197.35000000000008,198.3000000000001,0
736071300,197.0000000000001,200.10000000000008,195.60000000000008,199.7500000000001,0
736157700,200.3000000000001,201.10000000000008,198.85000000000008,201.0500000000001,0
736416900,201.1500000000001,201.9500000000001,200.5000000000001,201.1500000000001,0
736503300,199.5000000000001,199.9000000000001,195.8000000000001,195.85000000000008,0
736589700,195.10000000000008,196.2000000000001,193.3000000000001,194.85000000000008,0
736676100,195.2000000000001,196.4500000000001,195.2000000000001,195.9500000000001,0
736762500,195.8000000000001,196.9500000000001,194.0500000000001,196.5000000000001,0
737021700,196.7000000000001,198.2000000000001,195.5000000000001,197.2500000000001,0
737108100,197.4000000000001,198.1500000000001,196.7000000000001,197.3000000000001,0
737194500,197.0000000000001,197.10000000000008,195.8000000000001,195.9000000000001,0
737280900,197.1500000000001,197.8000000000001,195.10000000000008,195.3000000000001,0
737367300,195.4500000000001,196.60000000000008,195.0000000000001,196.3000000000001,0
737626500,196.1500000000001,197.2000000000001,195.9000000000001,196.9500000000001,0
737712900,198.5500000000001,200.4500000000001,198.0500000000001,200.4000000000001,0
737799300,199.7000000000001,201.60000000000008,198.7000000000001,200.8000000000001,0
737885700,200.7000000000001,201.60000000000008,200.2500000000001,200.8000000000001,0
737972100,201.5000000000001,203.10000000000008,201.3000000000001,202.5000000000001,0
738231300,202.8000000000001,203.3000000000001,198.3000000000001,198.5500000000001,0
738317700,199.3000000000001,201.0000000000001,198.8000000000001,200.60000000000008,0
738404100,201.3000000000001,202.4000000000001,200.7000000000001,202.10000000000008,0
738490500,203.0000000000001,203.10000000000008,199.5000000000001,199.9500000000001,0
738576900,199.9500000000001,201.0000000000001,199.3000000000001,200.6500000000001,0
738922500,199.9000000000001,200.10000000000008,198.2000000000001,198.4000000000001,0
739008900,198.3000000000001,199.3000000000001,197.6500000000001,198.7000000000001,0
739095300,199.0000000000001,199.2500000000001,197.8000000000001,198.0500000000001,0
739181700,197.5000000000001,197.8000000000001,195.9000000000001,196.0000000000001,0
739440900,195.9000000000001,196.10000000000008,194.8000000000001,195.35000000000008,0
739527300,195.3000000000001,196.5000000000001,195.2000000000001,195.60000000000008,0
739613700,195.9000000000001,196.2500000000001,195.0500000000001,195.60000000000008,0
739700100,195.9500000000001,196.3000000000001,195.7000000000001,196.2000000000001,0
739786500,196.3000000000001,196.3000000000001,194.5000000000001,194.6000000000001,0
740045700,194.4000000000001,196.2000000000001,194.4000000000001,196.1500000000001,0
740132100,195.4500000000001,198.7000000000001,195.4000000000001,198.7000000000001,0
740218500,197.7000000000001,198.3000000000001,195.9000000000001,196.8000000000001,0
740304900,196.8000000000001,199.6000000000001,196.8000000000001,199.3500000000001,0
740391300,200.0000000000001,200.4000000000001,198.9000000000001,198.9000000000001,0
740650500,198.5500000000001,199.6000000000001,197.4000000000001,197.7500000000001,0
740736900,198.8000000000001,198.9500000000001,198.0000000000001,198.8500000000001,0
740823300,198.2000000000001,199.3500000000001,198.0500000000001,199.0500000000001,0
740909700,199.1000000000001,199.2500000000001,197.8500000000001,198.3000000000001,0
740996100,198.7000000000001,198.8000000000001,196.5000000000001,197.2000000000001,0
741255300,197.0000000000001,198.0000000000001,197.0000000000001,197.7000000000001,0
741341700,197.2000000000001,197.3000000000001,195.6000000000001,195.8000000000001,0
741428100,195.8000000000001,196.6000000000001,195.5000000000001,196.4000000000001,0
741514500,196.7000000000001,197.4500000000001,196.2000000000001,197.3500000000001,0
741600900,197.9000000000001,200.3000000000001,197.9000000000001,199.8000000000001,0
741946500,202.4500000000001,205.8000000000001,202.4500000000001,205.8000000000001,0
742032900,206.7500000000001,206.9000000000001,204.1500000000001,204.6500000000001,0
742119300,203.7000000000001,206.2000000000001,203.7000000000001,205.2000000000001,0
742205700,206.6500000000001,206.8000000000001,204.9000000000001,205.0000000000001,0
742464900,203.6000000000001,204.7000000000001,203.6000000000001,204.5000000000001,0
742551300,207.9000000000001,208.9000000000001,205.6000000000001,208.7500000000001,0
742637700,207.3000000000001,209.3000000000001,206.0000000000001,206.2000000000001,0
742724100,205.1000000000001,208.2500000000001,205.1000000000001,207.4000000000001,0
742810500,206.6000000000001,207.7000000000001,205.7500000000001,206.2500000000001,0
743069700,206.8000000000001,208.5000000000001,206.3000000000001,207.9500000000001,0
743156100,208.9500000000001,210.2000000000001,206.9000000000001,207.4500000000001,0
743242500,207.3500000000001,208.2000000000001,206.7000000000001,206.8500000000001,0
743328900,206.4500000000001,208.7000000000001,206.4500000000001,208.0500000000001,0
743415300,207.3000000000001,207.8000000000001,206.7000000000001,207.7000000000001,0
743674500,207.9000000000001,208.1000000000001,206.3000000000001,206.7000000000001,0
743760900,206.2000000000001,208.4500000000001,206.2000000000001,208.0500000000001,0
743847300,207.8000000000001,209.1500000000001,207.8000000000001,208.7000000000001,0
743933700,209.2000000000001,209.6000000000001,208.7000000000001,209.4500000000001,0
744020100,210.9500000000001,213.0000000000001,209.6500000000001,211.7500000000001,0
744279300,213.3000000000001,213.8500000000001,212.3000000000001,212.6500000000001,0
744365700,212.2000000000001,214.5000000000001,212.2000000000001,214.4000000000001,0
744452100,215.2000000000001,215.4000000000001,213.0000000000001,213.5500000000001,0
744538500,213.0500000000001,215.2000000000001,213.0000000000001,214.1500000000001,0
744624900,213.0000000000001,213.7000000000001,209.9000000000001,211.4000000000001,0
744884100,211.2000000000001,212.7000000000001,211.2000000000001,212.1000000000001,0
744970500,212.5500000000001,212.6500000000001,210.3000000000001,210.5000000000001,0
745056900,210.5000000000001,210.5500000000001,204.5000000000001,205.7000000000001,0
745143300,206.3000000000001,207.60000000000008,205.3000000000001,205.4500000000001,0
745229700,203.7000000000001,205.6500000000001,202.4500000000001,205.0500000000001,0
745488900,206.4000000000001,207.4500000000001,206.3000000000001,207.4500000000001,0
745575300,208.2000000000001,208.35000000000008,206.5500000000001,207.1500000000001,0
745661700,206.8000000000001,209.10000000000008,206.5000000000001,208.4500000000001,0
745748100,208.0500000000001,208.8000000000001,207.3000000000001,208.10000000000008,0
745834500,207.8000000000001,208.60000000000008,207.7000000000001,208.10000000000008,0
746093700,208.3000000000001,211.3000000000001,208.3000000000001,211.1500000000001,0
746180100,211.7000000000001,212.0000000000001,210.10000000000008,210.5000000000001,0
746266500,210.9000000000001,212.3000000000001,209.5500000000001,212.10000000000008,0
746352900,212.4500000000001,212.5500000000001,210.8000000000001,211.2000000000001,0
746439300,211.7000000000001,212.60000000000008,211.3000000000001,212.10000000000008,0
746698500,212.0500000000001,212.7500000000001,211.60000000000008,212.3000000000001,0
746784900,211.8000000000001,211.8000000000001,210.60000000000008,210.7000000000001,0
746871300,210.60000000000008,212.4000000000001,210.5000000000001,211.9000000000001,0
746957700,211.35000000000008,212.3000000000001,210.9000000000001,211.10000000000008,0
747044100,210.0500000000001,210.5000000000001,208.5000000000001,209.2500000000001,0
747389700,208.35000000000008,211.5500000000001,207.3000000000001,211.3000000000001,0
747476100,211.9000000000001,212.5000000000001,211.60000000000008,211.9000000000001,0
747562500,211.8000000000001,215.3000000000001,211.8000000000001,215.2000000000001,0
747648900,215.10000000000008,216.2500000000001,213.9000000000001,216.10000000000008,0
747908100,215.8000000000001,216.10000000000008,214.0000000000001,214.1500000000001,0
747994500,214.7000000000001,216.5000000000001,214.10000000000008,215.5000000000001,0
748080900,214.7500000000001,216.0500000000001,214.3000000000001,215.1500000000001,0
748167300,215.2000000000001,215.3000000000001,214.3000000000001,214.5000000000001,0
748253700,213.9500000000001,215.9000000000001,213.9500000000001,215.8000000000001,0
748512900,215.60000000000008,215.7000000000001,213.5000000000001,214.5000000000001,0
748599300,214.5000000000001,214.9000000000001,210.0500000000001,210.35000000000008,0
748685700,211.8000000000001,212.2000000000001,211.10000000000008,211.6500000000001,0
748772100,211.4000000000001,214.8000000000001,211.4000000000001,214.6500000000001,0
748858500,214.4000000000001,214.7000000000001,212.7000000000001,214.10000000000008,0
749117700,213.9000000000001,213.9000000000001,210.10000000000008,210.9000000000001,0
749204100,210.7500000000001,212.1500000000001,210.10000000000008,210.4500000000001,0
749290500,209.9500000000001,210.0500000000001,207.8000000000001,208.8000000000001,0
749376900,208.3000000000001,210.10000000000008,207.8000000000001,207.85000000000008,0
749463300,206.9000000000001,208.2000000000001,206.1500000000001,206.85000000000008,0
749722500,207.10000000000008,207.8000000000001,206.3000000000001,206.8000000000001,0
749808900,207.0000000000001,208.2500000000001,204.8000000000001,205.3000000000001,0
749895300,204.9000000000001,205.5000000000001,204.4000000000001,205.3000000000001,0
749981700,205.9000000000001,206.1500000000001,204.9000000000001,205.35000000000008,0
750068100,206.10000000000008,207.5000000000001,205.9000000000001,207.4000000000001,0
750327300,207.7000000000001,208.5500000000001,207.10000000000008,208.3000000000001,0
750413700,207.35000000000008,207.8000000000001,205.0000000000001,205.8000000000001,0
750500100,205.7500000000001,206.60000000000008,205.7500000000001,206.4500000000001,0
750586500,206.35000000000008,208.6500000000001,206.2000000000001,208.0000000000001,0
750672900,208.0000000000001,208.5500000000001,207.4000000000001,208.4500000000001,0
750932100,210.3000000000001,211.4000000000001,209.8000000000001,211.2500000000001,0
751018500,211.3000000000001,211.5000000000001,209.4500000000001,209.6500000000001,0
751104900,209.5500000000001,211.2500000000001,208.8000000000001,209.0000000000001,0
751191300,210.0000000000001,211.1500000000001,209.4000000000001,210.7500000000001,0
751277700,210.7500000000001,210.9000000000001,209.9500000000001,210.4000000000001,0
751536900,210.7000000000001,211.0500000000001,207.3000000000001,207.6500000000001,0
751623300,207.9000000000001,209.3000000000001,206.5500000000001,208.10000000000008,0
751709700,207.60000000000008,210.0000000000001,207.3000000000001,209.7000000000001,0
751796100,210.1500000000001,211.5500000000001,209.7000000000001,211.35000000000008,0
751882500,211.6500000000001,212.8000000000001,211.35000000000008,212.7500000000001,0
752145300,212.60000000000008,212.7000000000001,210.5500000000001,210.9500000000001,0
752231700,211.4000000000001,212.3000000000001,211.2000000000001,212.2500000000001,0
752318100,211.9500000000001,212.8000000000001,211.60000000000008,211.7500000000001,0
752404500,209.7000000000001,210.7000000000001,208.5500000000001,208.6500000000001,0
752490900,209.3000000000001,210.7000000000001,208.1500000000001,210.4500000000001,0
752750100,210.4000000000001,210.5500000000001,208.5000000000001,208.9000000000001,0
752836500,208.9000000000001,209.9500000000001,208.6000000000001,209.1000000000001,0
752922900,208.2000000000001,209.6000000000001,207.7000000000001,209.4500000000001,0
753009300,209.3000000000001,209.3000000000001,207.7000000000001,208.6000000000001,0
753095700,206.8000000000001,207.1500000000001,206.1000000000001,206.5500000000001,0
753354900,207.7000000000001,207.9000000000001,207.2000000000001,207.6000000000001,0
753441300,208.9000000000001,209.6000000000001,208.8500000000001,209.4500000000001,0
753527700,209.7000000000001,209.8500000000001,208.7500000000001,208.8500000000001,0
753614100,209.7000000000001,211.7000000000001,209.7000000000001,211.5500000000001,0
753700500,210.6000000000001,211.2000000000001,208.9500000000001,208.9500000000001,0
753959700,209.1500000000001,209.9500000000001,207.4500000000001,208.1000000000001,0
754046100,208.7500000000001,209.7000000000001,208.7500000000001,209.4500000000001,0
754132500,209.0500000000001,209.4500000000001,208.6000000000001,209.2500000000001,0
754564500,208.7000000000001,210.2000000000001,208.4000000000001,210.2000000000001,0
754650900,209.5000000000001,210.0000000000001,208.4000000000001,208.4500000000001,0
754737300,208.9000000000001,209.7000000000001,208.9000000000001,209.3500000000001,0
754823700,208.9500000000001,209.4500000000001,206.9000000000001,207.0500000000001,0
754910100,208.0000000000001,208.3000000000001,208.0000000000001,208.1500000000001,0
755169300,208.0000000000001,208.4000000000001,206.0000000000001,206.6000000000001,0
755255700,207.1000000000001,207.6000000000001,206.2000000000001,207.4000000000001,0
755342100,207.2000000000001,208.1000000000001,206.6000000000001,207.7500000000001,0
755428500,208.0500000000001,208.3000000000001,207.7500000000001,207.8500000000001,0
755514900,209.5000000000001,209.8000000000001,208.9500000000001,209.6500000000001,0
755774100,209.2000000000001,209.4000000000001,208.8000000000001,209.2500000000001,0
755860500,209.2000000000001,210.7000000000001,208.9500000000001,210.4000000000001,0
755946900,210.2000000000001,210.7000000000001,209.6000000000001,210.1500000000001,0
756033300,210.5000000000001,210.6000000000001,209.2000000000001,209.4500000000001,0
756119700,210.0500000000001,210.2500000000001,209.3000000000001,209.4000000000001,0
756378900,208.5000000000001,208.9500000000001,206.7500000000001,206.9500000000001,0
756465300,207.5000000000001,207.6500000000001,206.7000000000001,206.9000000000001,0
756551700,206.9500000000001,207.2000000000001,206.4000000000001,206.9500000000001,0
756638100,207.0500000000001,207.3000000000001,206.5500000000001,207.1000000000001,0
756983700,206.7500000000001,208.2000000000001,206.7500000000001,207.7500000000001,0
757070100,207.5000000000001,207.7000000000001,207.0500000000001,207.2500000000001,0
757156500,207.7000000000001,207.7000000000001,205.4500000000001,205.6500000000001,0
757242900,204.5000000000001,204.7000000000001,202.2000000000001,202.3000000000001,0
757588500,202.7000000000001,204.1000000000001,202.7000000000001,203.2500000000001,0
757674900,203.3000000000001,203.5000000000001,202.1000000000001,202.8000000000001,0
757761300,203.3500000000001,203.8500000000001,202.3000000000001,202.4000000000001,0
757847700,201.9500000000001,203.1500000000001,201.7000000000001,203.1000000000001,0
757934100,202.8500000000001,203.5500000000001,201.6000000000001,203.4000000000001,0
758193300,203.6000000000001,204.2000000000001,203.6000000000001,203.9500000000001,0
758279700,204.0500000000001,204.2000000000001,202.5500000000001,202.6000000000001,0
758366100,202.8500000000001,203.9500000000001,202.4000000000001,203.9000000000001,0
758452500,203.5000000000001,204.6500000000001,203.5000000000001,204.3000000000001,0
758538900,203.7500000000001,205.2000000000001,203.5500000000001,204.7500000000001,0
758798100,205.1000000000001,205.3500000000001,204.1500000000001,204.6000000000001,0
758884500,204.6000000000001,205.6000000000001,204.6000000000001,205.4500000000001,0
758970900,204.7000000000001,204.9000000000001,203.0000000000001,203.3500000000001,0
759057300,203.8500000000001,206.2000000000001,203.8000000000001,205.4500000000001,0
759143700,206.1500000000001,206.6500000000001,204.7000000000001,205.1000000000001,0
759402900,206.3500000000001,206.6000000000001,205.0000000000001,205.4000000000001,0
759489300,205.2000000000001,205.4500000000001,204.6500000000001,205.2500000000001,0
759575700,204.8500000000001,205.8500000000001,204.4500000000001,205.7000000000001,0
759662100,206.0000000000001,206.2000000000001,205.1000000000001,205.2500000000001,0
759748500,204.9000000000001,205.5000000000001,204.7000000000001,205.4000000000001,0
760007700,205.0500000000001,205.3000000000001,202.4500000000001,203.2000000000001,0
760094100,203.7000000000001,203.9000000000001,202.8000000000001,203.2000000000001,0
760180500,203.2000000000001,203.9000000000001,203.1000000000001,203.7500000000001,0
760266900,203.9500000000001,206.9000000000001,203.9500000000001,206.7500000000001,0
760353300,206.4500000000001,207.9500000000001,206.4500000000001,207.4500000000001,0
760612500,207.8000000000001,207.8500000000001,206.8000000000001,207.5000000000001,0
760698900,207.6000000000001,207.7000000000001,206.3500000000001,206.4500000000001,0
760785300,206.7000000000001,207.2000000000001,206.3000000000001,206.7500000000001,0
760871700,206.75000000000009,207.05000000000007,206.50000000000009,206.70000000000007,0
760958100,206.55000000000007,206.6500000000001,205.6500000000001,205.70000000000007,0
761217300,206.20000000000007,206.35000000000008,205.25000000000009,205.85000000000008,0
761303700,206.20000000000007,207.6500000000001,206.20000000000007,207.25000000000009,0
761390100,206.45000000000007,207.10000000000008,206.35000000000008,206.55000000000007,0
761476500,207.25000000000009,208.50000000000009,207.25000000000009,207.70000000000007,0
761562900,208.25000000000009,208.30000000000007,207.55000000000007,208.00000000000009,0
761908500,208.25000000000009,208.35000000000008,206.1500000000001,207.35000000000008,0
761994900,207.6500000000001,207.80000000000007,207.1500000000001,207.30000000000007,0
762081300,206.55000000000007,207.00000000000009,206.55000000000007,206.85000000000008,0
762167700,206.85000000000008,207.85000000000008,206.70000000000007,206.95000000000007,0
762426900,206.45000000000007,206.70000000000007,205.35000000000008,205.6500000000001,0
762513300,206.05000000000007,206.35000000000008,205.85000000000008,205.9000000000001,0
762599700,206.35000000000008,206.45000000000007,204.75000000000009,205.4000000000001,0
762686100,205.6500000000001,206.6500000000001,205.35000000000008,206.30000000000007,0
762772500,206.25000000000009,207.20000000000007,206.10000000000008,207.10000000000008,0
763031700,206.9000000000001,208.35000000000008,206.85000000000008,208.05000000000007,0
763118100,208.05000000000007,208.25000000000009,207.50000000000009,207.75000000000009,0
763204500,207.60000000000008,208.45000000000007,207.1500000000001,208.35000000000008,0
763290900,208.95000000000007,209.35000000000008,208.85000000000008,209.30000000000007,0
763377300,208.85000000000008,209.05000000000007,207.9000000000001,208.00000000000009,0
763636500,209.10000000000008,210.6500000000001,209.10000000000008,210.50000000000009,0
763722900,210.20000000000007,210.70000000000007,209.75000000000009,210.60000000000008,0
763809300,210.55000000000007,211.70000000000007,209.50000000000009,211.45000000000007,0
763895700,211.55000000000007,211.80000000000007,210.80000000000007,211.30000000000007,0
763982100,210.75000000000009,211.85000000000008,210.35000000000008,211.70000000000007,0
764241300,210.85000000000008,211.25000000000009,210.45000000000007,210.95000000000007,0
764327700,211.45000000000007,212.35000000000008,211.30000000000007,212.10000000000008,0
764414100,211.80000000000007,212.75000000000009,211.55000000000007,212.50000000000009,0
764500500,212.30000000000007,213.05000000000007,212.05000000000007,212.9000000000001,0
764586900,212.05000000000007,212.6500000000001,211.95000000000007,212.25000000000009,0
764846100,211.45000000000007,211.70000000000007,210.9000000000001,211.05000000000007,0
764932500,211.25000000000009,211.35000000000008,209.9000000000001,210.60000000000008,0
765018900,210.45000000000007,211.00000000000009,209.95000000000007,210.55000000000007,0
765105300,210.45000000000007,211.95000000000007,210.25000000000009,211.60000000000008,0
765447300,210.95000000000007,211.20000000000007,209.4000000000001,210.00000000000009,0
765533700,210.05000000000007,210.60000000000008,209.75000000000009,209.9000000000001,0
765620100,210.10000000000008,212.80000000000007,209.1500000000001,212.55000000000007,0
765706500,212.85000000000008,214.1500000000001,212.85000000000008,213.50000000000009,0
765792900,213.50000000000009,213.80000000000007,212.55000000000007,212.85000000000008,0
766052100,212.50000000000009,214.05000000000007,212.45000000000007,213.75000000000009,0
766138500,214.55000000000007,214.85000000000008,213.00000000000009,213.50000000000009,0
766224900,212.95000000000007,213.6500000000001,212.35000000000008,212.6500000000001,0
766311300,212.50000000000009,213.35000000000008,212.05000000000007,213.10000000000008,0
766397700,211.35000000000008,212.10000000000008,209.1500000000001,210.00000000000009,0
766656900,210.6500000000001,211.10000000000008,209.85000000000008,210.95000000000007,0
766743300,210.55000000000007,211.1500000000001,209.6500000000001,210.30000000000007,0
766829700,210.95000000000007,212.1500000000001,210.85000000000008,211.6500000000001,0
766916100,212.4000000000001,212.55000000000007,211.50000000000009,211.70000000000007,0
767002500,211.10000000000008,212.85000000000008,210.85000000000008,212.45000000000007,0
767261700,212.50000000000009,212.85000000000008,212.20000000000007,212.25000000000009,0
767348100,211.9000000000001,212.45000000000007,211.6500000000001,212.10000000000008,0
767520900,212.45000000000007,215.55000000000007,212.30000000000007,215.45000000000007,0
767607300,215.1500000000001,216.45000000000007,215.05000000000007,216.30000000000007,0
767866500,216.55000000000007,217.05000000000007,215.85000000000008,216.70000000000007,0
767952900,218.85000000000008,220.95000000000007,218.75000000000009,220.70000000000007,0
768039300,222.20000000000007,223.4000000000001,221.05000000000007,221.35000000000008,0
768125700,220.55000000000007,226.60000000000008,220.05000000000007,226.05000000000007,0
768212100,229.85000000000008,232.05000000000007,226.45000000000007,230.10000000000008,0
768471300,229.85000000000008,234.85000000000008,228.1500000000001,234.75000000000009,0
768557700,237.85000000000008,238.60000000000008,232.05000000000007,235.45000000000007,0
768644100,232.4000000000001,236.10000000000008,232.35000000000008,233.1500000000001,0
768730500,232.05000000000007,235.35000000000008,230.85000000000008,235.1500000000001,0
768816900,238.85000000000008,239.35000000000008,237.35000000000008,238.50000000000009,0
769076100,243.50000000000009,244.50000000000009,240.25000000000009,244.50000000000009,0
769162500,248.10000000000008,250.50000000000009,244.35000000000008,244.85000000000008,0
769248900,243.60000000000008,250.85000000000008,242.85000000000008,248.35000000000008,0
769335300,255.35000000000008,256.8500000000001,251.85000000000008,255.80000000000007,0
769421700,253.60000000000008,255.35000000000008,251.85000000000008,255.10000000000008,0
769680900,252.85000000000008,263.1500000000001,252.60000000000008,263.0000000000001,0
769767300,267.8500000000001,268.1500000000001,254.35000000000008,257.30000000000007,0
769853700,253.45000000000007,255.85000000000008,248.85000000000008,251.85000000000008,0
769940100,246.45000000000007,248.10000000000008,241.45000000000007,241.75000000000009,0
770026500,244.10000000000008,247.75000000000009,240.35000000000008,244.95000000000007,0
770372100,250.35000000000008,251.60000000000008,249.10000000000008,250.20000000000007,0
770458500,249.00000000000009,249.35000000000008,244.75000000000009,246.95000000000007,0
770544900,248.85000000000008,250.35000000000008,245.85000000000008,250.10000000000008,0
770631300,249.35000000000008,249.85000000000008,247.85000000000008,248.6500000000001,0
770890500,246.6500000000001,247.35000000000008,242.85000000000008,243.95000000000007,0
770976900,244.25000000000009,248.10000000000008,242.85000000000008,247.30000000000007,0
771063300,246.85000000000008,253.35000000000008,246.35000000000008,252.45000000000007,0
771149700,252.80000000000007,253.80000000000007,248.55000000000007,249.40000000000006,0
771236100,248.35000000000008,251.55000000000007,247.50000000000006,251.05000000000007,0
771495300,257.05000000000007,257.05000000000007,255.85000000000008,257.05000000000007,0
771581700,263.05000000000007,263.05000000000007,262.05000000000007,263.05000000000007,0
771668100,262.05000000000007,265.55000000000007,261.05000000000007,264.70000000000005,0
771754500,267.80000000000007,268.55000000000007,259.95000000000005,260.30000000000007,0
771840900,259.55000000000007,263.05000000000007,259.55000000000007,261.45000000000005,0
772100100,258.55000000000007,260.05000000000007,256.55000000000007,258.1000000000001,0
772186500,259.8500000000001,263.80000000000007,259.6500000000001,261.50000000000006,0
772272900,261.75000000000006,262.30000000000007,256.25000000000006,258.00000000000006,0
772359300,256.55000000000007,257.95000000000005,255.40000000000006,257.4000000000001,0
772445700,259.05000000000007,259.75000000000006,256.20000000000005,257.75000000000006,0
772704900,263.75000000000006,263.75000000000006,263.75000000000006,263.75000000000006,0
772791300,269.75000000000006,269.75000000000006,269.75000000000006,269.75000000000006,0
772877700,278.75000000000006,278.75000000000006,278.75000000000006,278.75000000000006,0
772964100,287.75000000000006,287.75000000000006,287.75000000000006,287.75000000000006,0
773050500,296.75000000000006,296.75000000000006,296.75000000000006,296.75000000000006,0
773396100,305.75000000000006,305.75000000000006,305.75000000000006,305.75000000000006,0
773482500,314.75000000000006,314.75000000000006,314.75000000000006,314.75000000000006,0
773568900,323.75000000000006,323.75000000000006,314.55000000000007,323.75000000000006,0
773655300,323.80000000000007,325.55000000000007,317.05000000000007,318.80000000000007,0
773914500,327.80000000000007,327.80000000000007,327.80000000000007,327.80000000000007,0
774000900,336.80000000000007,336.80000000000007,336.80000000000007,336.80000000000007,0
774087300,345.80000000000007,345.80000000000007,345.80000000000007,345.80000000000007,0
774173700,354.80000000000007,354.80000000000007,354.80000000000007,354.80000000000007,0
774260100,363.80000000000007,363.80000000000007,363.80000000000007,363.80000000000007,0
774519300,368.55000000000007,372.80000000000007,367.05000000000007,372.80000000000007,0
774605700,366.80000000000007,371.05000000000007,362.55000000000007,365.55000000000007,0
774692100,356.9000000000001,359.05000000000007,349.80000000000007,352.1000000000001,0
774778500,351.05000000000007,364.80000000000007,347.55000000000007,360.4000000000001,0
774864900,362.05000000000007,363.05000000000007,349.55000000000007,351.50000000000006,0
775124100,342.30000000000007,344.80000000000007,337.55000000000007,341.05000000000007,0
775210500,342.55000000000007,349.55000000000007,334.55000000000007,339.70000000000005,0
775296900,349.05000000000007,349.80000000000007,337.55000000000007,343.00000000000006,0
775383300,337.6500000000001,340.30000000000007,332.05000000000007,334.80000000000007,0
775469700,334.55000000000007,335.55000000000007,328.55000000000007,334.55000000000007,0
775728900,336.05000000000007,345.05000000000007,336.05000000000007,343.6500000000001,0
775815300,347.30000000000007,352.55000000000007,345.05000000000007,345.95000000000005,0
775901700,344.3500000000001,346.55000000000007,341.55000000000007,342.6000000000001,0
775988100,343.75000000000006,344.30000000000007,339.05000000000007,340.80000000000007,0
776074500,338.80000000000007,340.55000000000007,331.05000000000007,335.05000000000007,0
776333700,330.55000000000007,333.3500000000001,311.55000000000007,312.1500000000001,0
776420100,307.55000000000007,318.05000000000007,307.05000000000007,315.1000000000001,0
776506500,316.05000000000007,320.05000000000007,309.55000000000007,310.25000000000006,0
776592900,307.85,315.35,305.35,315.1500000000001,0
776679300,316.35,316.85,311.35,312.00000000000006,0
776938500,318.00000000000006,318.00000000000006,318.00000000000006,318.00000000000006,0
777024900,322.85,324.00000000000006,321.35,323.85,0
777111300,322.1,322.6,317.85,317.85,0
777197700,311.85,318.35,311.85,315.1500000000001,0
777284100,314.1500000000001,315.35,309.35,310.50000000000006,0
777543300,310.35,316.50000000000006,308.85,315.80000000000007,0
777629700,321.1,321.80000000000007,319.6500000000001,321.80000000000007,0
777716100,322.85,325.20000000000005,321.1500000000001,322.1,0
777802500,323.1,325.30000000000007,322.05000000000007,325.1500000000001,0
777888900,326.1,331.1500000000001,323.6,331.1500000000001,0
778148100,336.35,337.1500000000001,336.35,337.1500000000001,0
778234500,339.85,343.35,338.75000000000006,340.35,0
778320900,344.6,347.35,337.85,338.1500000000001,0
778407300,338.85,341.85,337.6,339.85,0
778493700,340.75000000000006,341.35,337.1500000000001,337.50000000000006,0
778839300,343.50000000000006,343.50000000000006,342.85,343.50000000000006,0
778925700,349.50000000000006,349.50000000000006,341.45000000000005,344.1,0
779012100,342.35,345.35,340.85,342.95000000000005,0
779098500,343.6,345.45000000000005,343.1,344.30000000000007,0
779357700,344.35,350.30000000000007,344.35,350.30000000000007,0
779444100,352.1,353.6500000000001,348.85,349.75000000000006,0
779530500,344.35,346.85,343.75000000000006,343.75000000000006,0
779616900,339.95000000000005,341.45000000000005,337.75000000000006,340.35,0
779703300,341.85,346.35,341.85,346.35,0
779962500,352.35,352.35,352.35,352.35,0
780048900,358.35,359.35,353.85,355.55000000000007,0
780135300,354.6,358.85,353.1,358.80000000000007,0
780221700,357.35,358.25000000000006,353.1500000000001,355.25000000000006,0
780308100,355.45000000000005,359.75000000000006,354.35,357.30000000000007,0
780567300,355.6,358.85,354.1,354.30000000000007,0
780653700,349.85,350.85,347.35,347.85,0
780740100,346.35,349.80000000000007,340.75000000000006,342.6500000000001,0
780826500,342.1,344.85,339.35,344.30000000000007,0
780912900,338.6,339.35,335.95000000000005,336.95000000000005,0
781172100,340.6,341.25000000000006,336.85,337.95000000000005,0
781258500,339.25000000000006,343.85,339.25000000000006,342.9000000000001,0
781344900,342.75000000000006,344.45000000000005,339.35,343.80000000000007,0
781431300,340.85,341.85,333.6,334.6500000000001,0
781517700,325.55000000000007,327.85,318.35,321.35,0
781776900,322.35,322.85,308.1,308.4000000000001,0
781863300,308.85,316.6,308.85,313.05000000000007,0
781949700,313.85,320.35,313.35,319.75000000000006,0
782036100,319.85,324.6500000000001,316.85,323.6,0
782122500,317.85,319.1500000000001,315.1,317.1,0
782381700,309.85,336.35,309.25000000000006,332.4000000000001,0
782468100,327.85,331.35,322.95000000000005,324.05000000000007,0
782554500,318.85,335.35,318.85,330.55000000000007,0
782640900,329.85,334.1,328.85,331.70000000000005,0
782727300,328.6,329.1,323.35,324.80000000000007,0
782986500,319.35,327.35,317.55000000000007,326.00000000000006,0
783072900,326.1,329.35,324.35,324.85,0
783159300,320.70000000000005,323.6,319.35,320.1,0
783245700,321.35,322.1,315.45000000000005,318.85,0
783332100,317.25000000000006,319.50000000000006,316.6,318.6500000000001,0
783594900,315.25000000000006,317.1,314.45000000000005,316.70000000000005,0
783681300,317.85,319.1,315.1500000000001,315.70000000000005,0
783767700,313.95000000000005,314.45000000000005,305.35,307.45000000000005,0
783854100,308.85,311.35,306.35,309.9000000000001,0
783940500,310.6,313.05000000000007,308.6,312.70000000000005,0
784199700,313.1,313.55000000000007,310.95000000000005,313.25000000000006,0
784286100,312.35,324.35,312.35,318.35,0
784372500,320.85,321.85,314.6500000000001,316.1,0
784458900,314.4000000000001,315.9000000000001,313.1500000000001,313.35,0
784545300,313.6500000000001,314.6500000000001,311.1500000000001,313.6500000000001,0
784804500,313.55000000000007,313.6500000000001,307.6500000000001,307.6500000000001,0
784890900,304.1500000000001,305.1500000000001,301.6500000000001,301.6500000000001,0
784977300,300.75000000000006,306.1500000000001,299.1500000000001,306.1500000000001,0
785063700,305.1500000000001,307.55000000000007,300.6500000000001,300.6500000000001,0
785150100,301.1500000000001,302.4000000000001,295.95000000000005,296.45000000000005,0
785409300,293.1500000000001,293.6500000000001,290.45000000000005,290.45000000000005,0
785495700,291.75000000000006,294.1500000000001,288.55000000000007,291.1500000000001,0
785582100,286.6500000000001,290.1500000000001,285.1500000000001,288.70000000000005,0
786014100,289.1500000000001,290.9000000000001,286.4000000000001,289.75000000000006,0
786100500,291.55000000000007,291.6500000000001,286.35,286.6,0
786186900,283.4000000000001,285.6500000000001,281.4000000000001,285.30000000000007,0
786273300,285.55000000000007,287.00000000000006,284.1500000000001,286.1500000000001,0
786359700,284.45000000000005,285.50000000000006,282.25000000000006,285.1,0
786618900,284.4000000000001,288.6500000000001,284.4000000000001,287.6,0
786705300,287.50000000000006,290.6500000000001,286.6500000000001,289.85,0
786791700,290.75000000000006,293.1500000000001,288.55000000000007,289.1500000000001,0
786878100,288.1500000000001,289.95000000000005,287.4000000000001,288.70000000000005,0
786964500,288.9000000000001,289.1500000000001,286.85,287.00000000000006,0
787223700,285.9000000000001,291.1500000000001,285.55000000000007,290.05000000000007,0
787310100,288.30000000000007,288.4000000000001,284.05000000000007,284.05000000000007,0
787396500,278.05000000000007,278.05000000000007,278.05000000000007,278.05000000000007,0
787482900,273.1500000000001,274.6500000000001,271.4000000000001,274.45000000000005,0
787569300,277.00000000000006,283.45000000000005,276.45000000000005,282.05000000000007,0
787828500,282.25000000000006,283.6500000000001,280.25000000000006,282.45000000000005,0
787914900,281.05000000000007,284.85,280.6500000000001,284.6500000000001,0
788001300,291.1500000000001,297.6500000000001,291.1500000000001,296.4000000000001,0
788087700,294.05000000000007,295.1500000000001,291.4000000000001,294.9000000000001,0
788174100,296.1500000000001,297.1500000000001,295.1500000000001,295.50000000000006,0
788519700,296.1500000000001,296.6500000000001,295.1500000000001,295.45000000000005,0
788606100,296.6500000000001,298.1500000000001,295.95000000000005,297.6,0
788692500,298.6500000000001,300.9000000000001,296.6500000000001,297.4000000000001,0
788778900,293.9000000000001,294.9000000000001,291.35,292.45000000000005,0
789124500,290.35,291.85,288.9000000000001,291.30000000000007,0
789210900,292.1500000000001,293.1500000000001,289.6500000000001,291.4000000000001,0
789297300,290.6500000000001,296.55000000000007,290.1500000000001,296.05000000000007,0
789383700,295.4000000000001,298.50000000000006,294.1500000000001,298.1,0
789642900,297.6500000000001,298.6500000000001,292.1500000000001,292.55000000000007,0
789729300,290.50000000000006,293.9000000000001,290.1500000000001,292.45000000000005,0
789815700,294.6500000000001,295.05000000000007,286.70000000000005,288.4000000000001,0
789902100,287.9000000000001,291.1500000000001,287.6500000000001,291.1,0
789988500,292.6500000000001,293.6500000000001,291.6500000000001,293.1,0
790247700,294.4000000000001,294.55000000000007,290.1500000000001,291.6500000000001,0
790334100,294.1500000000001,294.9000000000001,292.55000000000007,293.70000000000005,0
790420500,292.6500000000001,297.6500000000001,292.25000000000006,297.55000000000007,0
790506900,297.6500000000001,298.1500000000001,295.1500000000001,295.45000000000005,0
790593300,295.1,299.1500000000001,291.85,293.20000000000005,0
790852500,293.35,294.35,292.25000000000006,292.6500000000001,0
790938900,291.9000000000001,293.4000000000001,287.9000000000001,289.9000000000001,0
791025300,289.4000000000001,291.30000000000007,288.4000000000001,289.05000000000007,0
791111700,287.00000000000006,291.45000000000005,286.6500000000001,290.9000000000001,0
791198100,290.6500000000001,291.4000000000001,284.6500000000001,285.35,0
791457300,282.55000000000007,283.1500000000001,278.75000000000006,281.30000000000007,0
791543700,281.9000000000001,282.1500000000001,278.1500000000001,279.85,0
791630100,279.55000000000007,281.25000000000006,278.80000000000007,279.80000000000007,0
791716500,279.6500000000001,283.1,279.6500000000001,282.30000000000007,0
791802900,282.9000000000001,283.4000000000001,277.6500000000001,278.45000000000005,0
792062100,278.25000000000006,278.75000000000006,274.95000000000005,277.85,0
792148500,278.95000000000005,279.6500000000001,277.55000000000007,278.1,0
792234900,276.85,283.1500000000001,276.50000000000006,281.1,0
792321300,282.9000000000001,284.20000000000005,282.50000000000006,283.4000000000001,0
792407700,282.4000000000001,287.95000000000005,282.05000000000007,286.85,0
792666900,287.4000000000001,287.6500000000001,286.1500000000001,287.05000000000007,0
792753300,286.95000000000005,291.05000000000007,286.95000000000005,288.95000000000005,0
792839700,289.55000000000007,290.05000000000007,288.1500000000001,289.20000000000005,0
792926100,288.1500000000001,290.05000000000007,284.4000000000001,285.35,0
793012500,286.85,292.1500000000001,285.6500000000001,291.75000000000006,0
793358100,293.1500000000001,295.1500000000001,290.9000000000001,291.75000000000006,0
793444500,291.4000000000001,292.25000000000006,290.4000000000001,291.1500000000001,0
793530900,291.75000000000006,294.4000000000001,290.75000000000006,291.55000000000007,0
793617300,293.1500000000001,296.6500000000001,293.1500000000001,296.45000000000005,0
793876500,298.35,306.35,298.35,306.1,0
793962900,304.95000000000005,305.55000000000007,302.6500000000001,303.20000000000005,0
794049300,301.4000000000001,309.4000000000001,301.4000000000001,308.70000000000005,0
794135700,307.6500000000001,309.75000000000006,302.55000000000007,304.4000000000001,0
794222100,302.6500000000001,307.1500000000001,300.6500000000001,301.9000000000001,0
794481300,301.75000000000006,303.6500000000001,300.05000000000007,301.80000000000007,0
794567700,302.55000000000007,304.50000000000006,300.6500000000001,302.00000000000006,0
794654100,302.4000000000001,304.9000000000001,301.1500000000001,303.55000000000007,0
794740500,305.35,306.1500000000001,303.95000000000005,305.25000000000006,0
794826900,307.4000000000001,311.05000000000007,306.1500000000001,309.70000000000005,0
795086100,308.80000000000007,309.6500000000001,303.05000000000007,304.30000000000007,0
795172500,297.45000000000005,307.4000000000001,297.45000000000005,305.05000000000007,0
795258900,303.1500000000001,303.6500000000001,300.6500000000001,301.1500000000001,0
795345300,303.1,304.6500000000001,293.1500000000001,293.6500000000001,0
795431700,293.1500000000001,295.4000000000001,289.75000000000006,292.00000000000006,0
795690900,292.00000000000006,292.75000000000006,289.6500000000001,291.1,0
795777300,292.6500000000001,295.1500000000001,288.4000000000001,294.20000000000005,0
795863700,294.4000000000001,294.95000000000005,290.75000000000006,292.50000000000006,0
795950100,289.4000000000001,291.85,288.55000000000007,288.80000000000007,0
796036500,286.6500000000001,290.9000000000001,284.9000000000001,290.25000000000006,0
796295700,290.6500000000001,292.9000000000001,289.85,290.70000000000005,0
796382100,289.55000000000007,293.1500000000001,288.9000000000001,290.1500000000001,0
796468500,288.75000000000006,290.9000000000001,288.35,289.95000000000005,0
796554900,291.1500000000001,292.4000000000001,286.35,287.00000000000006,0
796641300,286.4000000000001,289.6500000000001,285.4000000000001,289.20000000000005,0
796896900,288.95000000000005,289.6500000000001,287.35,288.1,0
796983300,287.75000000000006,288.6500000000001,287.1500000000001,287.80000000000007,0
797069700,288.6500000000001,291.1500000000001,288.6500000000001,290.20000000000005,0
797156100,290.6500000000001,292.1500000000001,289.4000000000001,289.70000000000005,0
797242500,288.75000000000006,291.6500000000001,288.45000000000005,290.00000000000006,0
797501700,289.85,290.6500000000001,289.45000000000005,290.45000000000005,0
797588100,290.25000000000006,290.25000000000006,289.1500000000001,289.30000000000007,0
797674500,288.75000000000006,289.25000000000006,288.35,288.85,0
797760900,288.75000000000006,289.00000000000006,285.30000000000007,286.05000000000007,0
798106500,285.05000000000007,288.75000000000006,284.85,288.05000000000007,0
798192900,287.05000000000007,292.25000000000006,286.85,290.25000000000006,0
798279300,291.95000000000005,294.95000000000005,291.00000000000006,294.75000000000006,0
798365700,294.85,297.50000000000006,294.85,295.20000000000005,0
798452100,294.75000000000006,299.20000000000005,294.75000000000006,298.4000000000001,0
798711300,298.50000000000006,301.4000000000001,297.05000000000007,300.80000000000007,0
798797700,300.6500000000001,301.25000000000006,298.45000000000005,300.70000000000005,0
798884100,299.25000000000006,300.50000000000006,298.25000000000006,299.75000000000006,0
798970500,298.05000000000007,299.00000000000006,297.6500000000001,297.80000000000007,0
799056900,296.55000000000007,296.75000000000006,295.1500000000001,296.35,0
799316100,295.55000000000007,296.50000000000006,295.05000000000007,295.4000000000001,0
799402500,293.95000000000005,294.50000000000006,293.05000000000007,294.05000000000007,0
799488900,295.25000000000006,298.95000000000005,295.25000000000006,298.55000000000007,0
799575300,298.50000000000006,300.25000000000006,297.35,297.75000000000006,0
799661700,297.05000000000007,298.75000000000006,296.75000000000006,297.30000000000007,0
799920900,297.25000000000006,297.25000000000006,296.35,296.6,0
800007300,296.05000000000007,299.9000000000001,296.05000000000007,297.30000000000007,0
800093700,297.00000000000006,298.75000000000006,296.45000000000005,297.35,0
800180100,296.75000000000006,298.30000000000007,290.75000000000006,292.70000000000005,0
800266500,292.55000000000007,292.9000000000001,290.35,290.6,0
800525700,290.75000000000006,293.50000000000006,290.75000000000006,292.6,0
800612100,293.05000000000007,293.05000000000007,289.45000000000005,289.85,0
800698500,288.50000000000006,293.1500000000001,288.50000000000006,292.75000000000006,0
800784900,291.25000000000006,291.95000000000005,288.75000000000006,288.9000000000001,0
800871300,289.50000000000006,290.50000000000006,288.85,290.1500000000001,0
801130500,289.00000000000006,289.75000000000006,285.25000000000006,285.35,0
801216900,283.75000000000006,284.25000000000006,276.00000000000006,278.25000000000006,0
801303300,277.45000000000005,280.85,273.55000000000007,274.20000000000005,0
801389700,273.75000000000006,278.75000000000006,272.25000000000006,278.1,0
801476100,280.25000000000006,280.50000000000006,272.75000000000006,275.4000000000001,0
801821700,276.6,278.45000000000005,275.25000000000006,277.4000000000001,0
801908100,278.4000000000001,279.50000000000006,275.05000000000007,277.05000000000007,0
801994500,278.05000000000007,282.25000000000006,278.05000000000007,281.75000000000006,0
802080900,283.75000000000006,284.1500000000001,279.85,282.50000000000006,0
802340100,281.50000000000006,282.05000000000007,280.75000000000006,281.30000000000007,0
802426500,279.75000000000006,280.25000000000006,277.75000000000006,279.35,0
802512900,278.25000000000006,279.6500000000001,271.45000000000005,272.9000000000001,0
802599300,273.50000000000006,274.75000000000006,271.50000000000006,274.1,0
802685700,276.1500000000001,276.6500000000001,273.6500000000001,274.80000000000007,0
802944900,274.45000000000005,276.6500000000001,274.45000000000005,276.1,0
803031300,275.4000000000001,275.6500000000001,270.1,270.1,0
803117700,270.45000000000005,270.75000000000006,268.4000000000001,268.6500000000001,0
803204100,269.6500000000001,274.6500000000001,269.1500000000001,274.6500000000001,0
803290500,273.6500000000001,273.9000000000001,270.1500000000001,271.30000000000007,0
803549700,268.6500000000001,268.9000000000001,266.85,268.4000000000001,0
803636100,268.95000000000005,271.6500000000001,268.95000000000005,270.1500000000001,0
803722500,272.4000000000001,274.6500000000001,269.05000000000007,269.75000000000006,0
803808900,272.1500000000001,273.1500000000001,269.4000000000001,269.4000000000001,0
803895300,268.4000000000001,269.25000000000006,262.1500000000001,264.35,0
804154500,265.95000000000005,266.1500000000001,257.6500000000001,258.05000000000007,0
804240900,259.35,259.6500000000001,253.80000000000007,257.4000000000001,0
804327300,258.25000000000006,259.6500000000001,256.75000000000006,258.80000000000007,0
804413700,260.1500000000001,261.1500000000001,256.25000000000006,256.80000000000007,0
804500100,254.25000000000006,255.40000000000006,249.65000000000006,250.10000000000005,0
804932100,250.45000000000007,253.55000000000007,245.15000000000006,245.45000000000005,0
805018500,240.65000000000006,244.15000000000006,239.45000000000005,239.95000000000005,0
805104900,242.15000000000006,249.65000000000006,241.65000000000006,248.75000000000006,0
805364100,250.40000000000006,257.1500000000001,246.85000000000005,256.45000000000005,0
805450500,257.6500000000001,259.1500000000001,253.65000000000006,255.15000000000006,0
805536900,254.15000000000006,258.1500000000001,253.65000000000006,257.05000000000007,0
805623300,257.25000000000006,258.1500000000001,255.65000000000006,257.35,0
805709700,257.75000000000006,263.9000000000001,257.75000000000006,262.70000000000005,0
805968900,260.9000000000001,261.25000000000006,255.90000000000006,257.00000000000006,0
806055300,253.40000000000006,257.1,250.90000000000006,255.90000000000006,0
806141700,256.9000000000001,258.85,255.65000000000006,256.80000000000007,0
806228100,257.1500000000001,258.9000000000001,255.90000000000006,258.75000000000006,0
806314500,260.1500000000001,265.6500000000001,260.1500000000001,263.85,0
806573700,263.6500000000001,263.95000000000005,261.9000000000001,262.6500000000001,0
806660100,260.9000000000001,265.1500000000001,260.35,263.80000000000007,0
806746500,267.4000000000001,268.6500000000001,267.05000000000007,268.6,0
806832900,267.1500000000001,267.6500000000001,263.9000000000001,264.20000000000005,0
806919300,261.25000000000006,263.45000000000005,259.9000000000001,260.20000000000005,0
807178500,257.9000000000001,262.85,255.65000000000006,262.25000000000006,0
807264900,263.4000000000001,263.6500000000001,257.9000000000001,259.6500000000001,0
807351300,258.35,263.75000000000006,258.35,261.55000000000007,0
807437700,262.05000000000007,262.85,260.9000000000001,262.1500000000001,0
807524100,259.9000000000001,262.1500000000001,258.4000000000001,261.55000000000007,0
807783300,258.9000000000001,263.1500000000001,258.6500000000001,260.80000000000007,0
807869700,260.00000000000006,262.55000000000007,259.4000000000001,262.30000000000007,0
807956100,263.1500000000001,263.55000000000007,261.6500000000001,261.75000000000006,0
808042500,262.85,264.6,262.85,264.1500000000001,0
808128900,264.4000000000001,264.85,263.25000000000006,264.1,0
808388100,264.35,264.35,263.6,263.6,0
808474500,262.1,264.1500000000001,262.1,264.1500000000001,0
808560900,265.6,265.95000000000005,264.1,264.85,0
808647300,264.50000000000006,265.50000000000006,264.20000000000005,264.50000000000006,0
808733700,265.1,265.35,263.6,264.1500000000001,0
808992900,264.1,267.6,264.1,267.55000000000007,0
809079300,267.6,272.6,267.1,271.75000000000006,0
809165700,271.35,273.1,270.85,273.1,0
809252100,272.85,272.85,270.50000000000006,271.6,0
809338500,271.6,276.85,271.6,276.1500000000001,0
809597700,276.35,277.6,276.00000000000006,276.20000000000005,0
809684100,276.70000000000005,276.85,273.85,275.30000000000007,0
809770500,274.85,275.20000000000005,268.70000000000005,268.9000000000001,0
809856900,269.6,270.85,267.50000000000006,268.00000000000006,0
809943300,267.1,271.85,267.1,271.85,0
810288900,270.85,271.1,268.35,269.55000000000007,0
810375300,269.6,269.85,265.70000000000005,266.05000000000007,0
810461700,264.20000000000005,264.85,259.6,260.4000000000001,0
810548100,259.70000000000005,261.1,255.10000000000005,257.30000000000007,0
810807300,257.1,257.6,253.60000000000005,253.90000000000006,0
810893700,251.35000000000005,251.50000000000006,246.10000000000005,247.10000000000005,0
810980100,247.10000000000005,250.70000000000005,245.60000000000005,247.15000000000003,0
811066500,247.60000000000005,250.40000000000003,246.60000000000005,249.65000000000003,0
811152900,250.75000000000006,252.00000000000006,250.10000000000005,251.05000000000004,0
811412100,253.10000000000005,254.35000000000005,245.35000000000005,245.70000000000005,0
811498500,241.10000000000005,242.10000000000005,239.35000000000005,240.75000000000006,0
811584900,242.80000000000007,244.85000000000005,238.85000000000005,243.70000000000005,0
811671300,246.35000000000005,249.35000000000005,245.20000000000005,248.85000000000005,0
811757700,248.35000000000005,249.00000000000006,246.35000000000005,247.00000000000006,0
812016900,243.40000000000003,244.10000000000005,237.35000000000005,237.60000000000005,0
812103300,235.35000000000005,242.35000000000005,234.60000000000005,240.75000000000006,0
812189700,240.35000000000005,240.85000000000005,234.60000000000005,236.55000000000007,0
812276100,235.10000000000005,238.15000000000003,235.10000000000005,235.90000000000003,0
812362500,239.10000000000005,239.20000000000005,236.35000000000005,237.10000000000005,0
812621700,240.60000000000005,242.60000000000005,239.70000000000005,241.85000000000005,0
812708100,239.80000000000007,241.85000000000005,238.85000000000005,241.20000000000005,0
812794500,242.35000000000005,243.90000000000003,241.40000000000003,242.75000000000006,0
812880900,240.85000000000005,243.85000000000005,239.40000000000003,243.25000000000006,0
812967300,244.00000000000006,244.15000000000003,237.35000000000005,237.95000000000005,0
813226500,237.60000000000005,238.10000000000005,233.70000000000005,234.05000000000007,0
813312900,232.60000000000005,238.85000000000005,232.10000000000005,238.10000000000005,0
813399300,237.30000000000007,240.85000000000005,236.80000000000007,239.80000000000007,0
813485700,238.60000000000005,240.10000000000005,238.60000000000005,238.80000000000007,0
813572100,241.10000000000005,243.35000000000005,240.85000000000005,242.10000000000005,0
813831300,244.10000000000005,246.50000000000006,244.10000000000005,245.75000000000006,0
813917700,248.85000000000005,249.10000000000005,242.50000000000006,242.80000000000007,0
814004100,242.60000000000005,246.50000000000006,241.40000000000003,244.75000000000006,0
814090500,244.90000000000003,246.60000000000005,244.60000000000005,246.05000000000007,0
814176900,245.35000000000005,245.60000000000005,242.65000000000003,245.45000000000005,0
814436100,245.60000000000005,247.40000000000003,245.10000000000005,246.60000000000005,0
814522500,247.85000000000005,248.60000000000005,243.40000000000003,245.05000000000007,0
814608900,246.10000000000005,246.60000000000005,242.00000000000006,242.15000000000003,0
814695300,242.70000000000005,244.25000000000006,241.40000000000003,244.00000000000006,0
814781700,243.85000000000005,244.55000000000007,240.70000000000005,243.10000000000005,0
815044500,241.85000000000005,242.10000000000005,240.00000000000006,241.00000000000006,0
815130900,239.90000000000003,242.40000000000003,239.60000000000005,241.60000000000005,0
815217300,241.85000000000005,243.20000000000005,240.70000000000005,242.40000000000003,0
815303700,243.00000000000006,244.10000000000005,242.70000000000005,243.85000000000005,0
815390100,244.10000000000005,245.50000000000006,243.85000000000005,245.25000000000006,0
815649300,244.60000000000005,246.00000000000006,244.60000000000005,245.05000000000007,0
815735700,244.35000000000005,245.50000000000006,244.25000000000006,244.40000000000003,0
815822100,244.60000000000005,247.60000000000005,244.60000000000005,246.70000000000005,0
815908500,247.40000000000003,247.80000000000004,245.95000000000005,245.95000000000005,0
815994900,246.45000000000005,246.70000000000005,245.45000000000005,245.85000000000005,0
816254100,247.20000000000005,247.95000000000005,246.95000000000005,247.20000000000005,0
816340500,245.95000000000005,245.95000000000005,241.95000000000005,242.20000000000005,0
816426900,242.95000000000005,244.45000000000005,242.70000000000005,244.35000000000005,0
816513300,244.45000000000005,244.65000000000003,240.70000000000005,241.55000000000004,0
816599700,241.45000000000005,243.30000000000004,241.45000000000005,242.35000000000005,0
816858900,241.95000000000005,242.20000000000005,237.70000000000005,237.90000000000003,0
816945300,237.00000000000006,238.30000000000004,235.70000000000005,236.50000000000006,0
817031700,236.20000000000005,236.30000000000004,231.20000000000005,233.15000000000003,0
817463700,235.30000000000004,235.95000000000005,234.70000000000005,234.80000000000004,0
817550100,235.10000000000005,235.20000000000005,231.70000000000005,232.15000000000003,0
817636500,233.00000000000006,233.20000000000005,230.70000000000005,231.30000000000004,0
817722900,230.50000000000006,231.00000000000006,226.50000000000006,227.55000000000004,0
817809300,227.70000000000005,228.95000000000005,226.30000000000004,227.00000000000006,0
818068500,225.60000000000005,227.90000000000003,225.60000000000005,227.10000000000005,0
818154900,228.00000000000006,228.90000000000003,227.60000000000005,228.70000000000005,0
818241300,228.70000000000005,228.75000000000006,224.70000000000005,225.60000000000005,0
818327700,225.45000000000005,227.40000000000003,225.45000000000005,226.70000000000005,0
818414100,227.70000000000005,227.95000000000005,224.40000000000003,224.65000000000003,0
818673300,226.45000000000005,226.45000000000005,224.65000000000003,225.70000000000005,0
818759700,225.20000000000005,227.50000000000006,224.90000000000003,226.00000000000006,0
818846100,225.80000000000004,228.60000000000005,225.70000000000005,228.00000000000006,0
818932500,227.80000000000004,230.40000000000003,227.30000000000004,229.70000000000005,0
819018900,229.80000000000004,230.90000000000003,229.60000000000005,230.80000000000004,0
819278100,229.95000000000005,230.20000000000005,225.10000000000005,225.75000000000006,0
819364500,222.95000000000005,224.70000000000005,222.30000000000004,223.25000000000006,0
819450900,223.20000000000005,223.95000000000005,218.95000000000005,219.10000000000005,0
819537300,218.95000000000005,220.80000000000004,217.70000000000005,220.40000000000003,0
819623700,221.40000000000003,222.10000000000005,219.70000000000005,220.30000000000004,0
820055700,219.70000000000005,219.95000000000005,218.70000000000005,218.95000000000005,0
820142100,219.00000000000006,219.70000000000005,217.20000000000005,217.80000000000004,0
820228500,218.40000000000003,218.85000000000005,217.70000000000005,218.45000000000005,0
820574100,216.95000000000005,218.50000000000006,215.10000000000005,215.25000000000006,0
820660500,214.95000000000005,217.95000000000005,214.80000000000004,217.65000000000003,0
820746900,217.45000000000005,222.45000000000005,217.45000000000005,221.95000000000005,0
820833300,222.20000000000005,223.70000000000005,220.20000000000005,220.50000000000006,0
821265300,219.70000000000005,222.40000000000003,219.45000000000005,222.10000000000005,0
821351700,222.20000000000005,227.70000000000005,221.70000000000005,227.25000000000006,0
821438100,227.35000000000005,227.95000000000005,225.30000000000004,227.15000000000003,0
821697300,226.95000000000005,227.30000000000004,223.10000000000005,223.35000000000005,0
821783700,223.20000000000005,228.95000000000005,223.20000000000005,227.90000000000003,0
821870100,227.70000000000005,229.20000000000005,227.20000000000005,228.10000000000005,0
821956500,227.70000000000005,230.70000000000005,225.95000000000005,229.15000000000003,0
822042900,228.80000000000004,230.70000000000005,227.95000000000005,228.60000000000005,0
822302100,228.95000000000005,231.70000000000005,228.40000000000003,231.50000000000006,0
822388500,231.30000000000004,232.95000000000005,230.00000000000006,230.55000000000004,0
822474900,230.15000000000003,232.70000000000005,229.50000000000006,232.40000000000003,0
822561300,234.20000000000005,235.20000000000005,233.25000000000006,235.15000000000003,0
822647700,233.15000000000003,240.80000000000004,233.15000000000003,240.35000000000005,0
822906900,240.80000000000004,246.45000000000005,240.70000000000005,246.15000000000003,0
822993300,245.00000000000006,245.70000000000005,242.20000000000005,243.00000000000006,0
823079700,243.70000000000005,254.20000000000005,243.70000000000005,251.50000000000006,0
823166100,250.10000000000005,252.10000000000005,248.80000000000004,249.20000000000005,0
823252500,250.45000000000005,253.20000000000005,242.95000000000005,245.80000000000004,0
823511700,244.95000000000005,246.70000000000005,242.45000000000005,242.95000000000005,0
823598100,243.45000000000005,249.20000000000005,241.00000000000006,241.70000000000005,0
823684500,240.20000000000005,242.45000000000005,239.30000000000004,241.25000000000006,0
823770900,244.15000000000003,246.15000000000003,243.15000000000003,245.80000000000007,0
823857300,246.45000000000005,248.35000000000005,246.45000000000005,247.60000000000005,0
824116500,248.65000000000003,250.90000000000003,243.85000000000005,244.05000000000007,0
824202900,244.40000000000003,246.90000000000003,242.90000000000003,244.70000000000005,0
824289300,244.20000000000005,246.65000000000003,244.20000000000005,245.25000000000006,0
824375700,245.05000000000007,248.65000000000003,245.05000000000007,247.25000000000006,0
824462100,246.55000000000007,247.40000000000003,246.15000000000003,246.95000000000005,0
824807700,245.65000000000003,247.75000000000006,245.15000000000003,246.25000000000006,0
824894100,245.65000000000003,248.25000000000006,244.40000000000003,247.75000000000006,0
824980500,248.15000000000003,248.65000000000003,246.55000000000007,246.75000000000006,0
825066900,246.65000000000003,247.15000000000003,239.95000000000005,240.05000000000007,0
825326100,240.15000000000003,241.65000000000003,237.90000000000003,238.55000000000007,0
825412500,238.35000000000005,240.00000000000006,237.40000000000003,239.65000000000003,0
825498900,240.40000000000003,241.05000000000007,237.75000000000006,238.00000000000006,0
825585300,237.15000000000003,241.15000000000003,237.15000000000003,240.65000000000003,0
825671700,239.25000000000006,239.65000000000003,235.40000000000003,235.60000000000005,0
825930900,236.15000000000003,238.15000000000003,236.15000000000003,236.55000000000007,0
826017300,235.90000000000003,239.45000000000005,235.90000000000003,239.15000000000003,0
826103700,238.40000000000003,238.85000000000005,237.15000000000003,237.65000000000003,0
826190100,238.40000000000003,240.15000000000003,237.15000000000003,237.60000000000005,0
826276500,236.95000000000005,238.15000000000003,235.75000000000006,236.85000000000005,0
826535700,237.65000000000003,239.50000000000006,237.40000000000003,237.65000000000003,0
826622100,237.55000000000007,241.65000000000003,237.15000000000003,241.00000000000006,0
826708500,239.90000000000003,242.95000000000005,239.25000000000006,239.60000000000005,0
826794900,242.05000000000007,243.40000000000003,241.40000000000003,242.60000000000005,0
826881300,244.15000000000003,244.40000000000003,241.55000000000007,243.40000000000003,0
827140500,244.65000000000003,245.65000000000003,244.25000000000006,245.50000000000006,0
827226900,244.25000000000006,244.75000000000006,242.95000000000005,243.75000000000006,0
827313300,242.65000000000003,244.35000000000005,242.55000000000007,242.65000000000003,0
827399700,242.95000000000005,245.15000000000003,242.45000000000005,245.00000000000006,0
827486100,245.55000000000007,246.45000000000005,244.15000000000003,244.40000000000003,0
827745300,244.65000000000003,245.55000000000007,243.65000000000003,244.30000000000007,0
827831700,244.95000000000005,249.15000000000003,241.95000000000005,248.45000000000005,0
827918100,248.15000000000003,250.05000000000007,246.90000000000003,247.10000000000005,0
828004500,248.15000000000003,248.15000000000003,245.80000000000007,246.80000000000007,0
828090900,247.00000000000006,249.15000000000003,240.90000000000003,241.35000000000005,0
828350100,241.45000000000005,242.85000000000005,239.85000000000005,240.40000000000003,0
828436500,241.30000000000007,241.85000000000005,240.45000000000005,241.40000000000003,0
828522900,241.05000000000007,241.85000000000005,240.40000000000003,241.20000000000005,0
828609300,241.45000000000005,242.65000000000003,239.60000000000005,241.25000000000006,0
828951300,241.05000000000007,241.35000000000005,237.95000000000005,240.25000000000006,0
829037700,240.90000000000003,241.75000000000006,240.25000000000006,241.30000000000007,0
829124100,240.65000000000003,246.15000000000003,239.65000000000003,244.75000000000006,0
829210500,243.70000000000005,244.40000000000003,242.80000000000007,243.05000000000007,0
829296900,243.05000000000007,244.60000000000005,241.40000000000003,241.70000000000005,0
829556100,240.00000000000006,241.40000000000003,239.40000000000003,240.80000000000007,0
829642500,241.40000000000003,241.50000000000006,239.90000000000003,240.95000000000005,0
829728900,242.15000000000003,243.90000000000003,241.50000000000006,242.45000000000005,0
829815300,242.70000000000005,244.30000000000007,242.30000000000007,243.90000000000003,0
829901700,244.40000000000003,244.50000000000006,242.40000000000003,243.50000000000006,0
830160900,243.65000000000003,256.40000000000003,243.40000000000003,255.50000000000006,0
830247300,254.65000000000003,255.40000000000003,251.90000000000003,252.10000000000005,0
830333700,252.90000000000003,254.10000000000005,251.40000000000003,252.00000000000006,0
830420100,254.20000000000005,257.90000000000003,248.40000000000003,250.70000000000005,0
830506500,251.70000000000005,252.40000000000003,249.90000000000003,252.20000000000005,0
830765700,251.25000000000006,254.40000000000003,247.40000000000003,248.00000000000006,0
830852100,249.30000000000007,250.40000000000003,247.40000000000003,249.95000000000005,0
830938500,250.90000000000003,252.90000000000003,250.70000000000005,252.45000000000005,0
831024900,253.40000000000003,253.65000000000003,250.40000000000003,252.90000000000003,0
831111300,252.90000000000003,253.90000000000003,252.40000000000003,253.30000000000007,0
831370500,252.60000000000005,252.60000000000005,250.40000000000003,250.85000000000005,0
831456900,251.70000000000005,252.55000000000007,250.90000000000003,251.90000000000003,0
831543300,252.70000000000005,254.90000000000003,252.20000000000005,253.90000000000003,0
831629700,253.50000000000006,254.90000000000003,249.40000000000003,251.95000000000005,0
831716100,253.70000000000005,253.90000000000003,251.70000000000005,252.55000000000007,0
831975300,250.90000000000003,252.00000000000006,250.40000000000003,251.50000000000006,0
832061700,250.80000000000007,254.90000000000003,250.80000000000007,251.75000000000006,0
832148100,251.90000000000003,252.40000000000003,251.30000000000007,251.70000000000005,0
832234500,252.40000000000003,254.10000000000005,252.10000000000005,253.70000000000005,0
832320900,253.40000000000003,254.00000000000006,252.50000000000006,253.75000000000006,0
832580100,253.15000000000003,253.40000000000003,248.90000000000003,251.30000000000007,0
832666500,251.30000000000007,251.70000000000005,249.40000000000003,249.70000000000005,0
832752900,248.50000000000006,250.00000000000006,245.30000000000007,246.00000000000006,0
832839300,245.65000000000003,246.20000000000005,243.20000000000005,243.45000000000005,0
832925700,242.90000000000003,244.10000000000005,242.50000000000006,243.25000000000006,0
833271300,243.00000000000006,243.70000000000005,242.05000000000007,242.40000000000003,0
833357700,243.15000000000003,244.40000000000003,242.30000000000007,242.90000000000003,0
833444100,243.70000000000005,244.00000000000006,241.50000000000006,241.60000000000005,0
833530500,241.90000000000003,242.80000000000007,241.50000000000006,241.75000000000006,0
833789700,240.90000000000003,241.20000000000005,237.50000000000006,238.05000000000007,0
833876100,238.65000000000003,239.90000000000003,237.90000000000003,238.85000000000005,0
833962500,239.65000000000003,240.30000000000007,239.15000000000003,239.50000000000006,0
834048900,238.50000000000006,239.60000000000005,238.20000000000005,238.65000000000003,0
834135300,239.80000000000007,241.25000000000006,239.80000000000007,240.75000000000006,0
834394500,240.75000000000006,243.45000000000005,240.70000000000005,242.15000000000003,0
834480900,242.35000000000005,242.95000000000005,241.45000000000005,241.95000000000005,0
834567300,242.45000000000005,243.35000000000005,242.45000000000005,243.05000000000004,0
834653700,244.20000000000005,244.70000000000005,240.20000000000005,240.50000000000006,0
834740100,240.70000000000005,241.55000000000004,240.20000000000005,240.95000000000005,0
834999300,241.35000000000005,242.95000000000005,240.65000000000003,242.55000000000004,0
835085700,242.70000000000005,243.95000000000005,242.45000000000005,243.05000000000004,0
835172100,244.85000000000005,245.05000000000004,241.45000000000005,243.20000000000005,0
835258500,243.15000000000003,243.75000000000006,242.55000000000004,242.80000000000004,0
835344900,241.20000000000005,241.95000000000005,239.95000000000005,240.10000000000005,0
835604100,239.45000000000005,243.95000000000005,239.45000000000005,242.75000000000006,0
835690500,241.45000000000005,243.20000000000005,241.45000000000005,242.40000000000003,0
835776900,242.35000000000005,243.70000000000005,242.25000000000006,243.35000000000005,0
835863300,243.35000000000005,244.05000000000004,242.95000000000005,243.95000000000005,0
835949700,244.95000000000005,247.70000000000005,244.45000000000005,246.35000000000005,0
836208900,241.95000000000005,245.65000000000003,241.95000000000005,245.35000000000005,0
836295300,244.25000000000006,244.35000000000005,241.55000000000004,242.25000000000006,0
836381700,242.05000000000004,242.35000000000005,240.20000000000005,240.50000000000006,0
836813700,240.70000000000005,243.45000000000005,240.70000000000005,241.95000000000005,0
836900100,242.45000000000005,243.15000000000003,237.95000000000005,238.25000000000006,0
836986500,239.20000000000005,240.45000000000005,238.95000000000005,239.80000000000004,0
837072900,239.70000000000005,240.20000000000005,238.95000000000005,239.55000000000004,0
837159300,238.65000000000003,238.95000000000005,234.70000000000005,235.10000000000005,0
837418500,235.85000000000005,236.35000000000005,229.45000000000005,229.65000000000003,0
837504900,229.60000000000005,231.05000000000004,226.10000000000005,226.50000000000006,0
837591300,228.20000000000005,230.65000000000003,226.95000000000005,230.10000000000005,0
837677700,231.05000000000004,233.55000000000004,230.55000000000004,232.95000000000005,0
837764100,237.45000000000005,237.95000000000005,228.55000000000004,231.20000000000005,0
838023300,227.70000000000005,227.95000000000005,224.70000000000005,227.00000000000006,0
838109700,227.45000000000005,228.95000000000005,226.45000000000005,227.15000000000003,0
838196100,226.65000000000003,228.20000000000005,226.55000000000004,226.75000000000006,0
838282500,227.45000000000005,227.55000000000004,224.70000000000005,225.70000000000005,0
838368900,225.55000000000004,227.15000000000003,225.05000000000004,226.75000000000006,0
838628100,226.65000000000003,229.45000000000005,226.65000000000003,228.00000000000006,0
838714500,227.25000000000006,228.45000000000005,226.95000000000005,228.15000000000003,0
838800900,229.45000000000005,230.35000000000005,228.45000000000005,229.10000000000005,0
838887300,228.95000000000005,229.95000000000005,228.25000000000006,229.45000000000005,0
838973700,229.25000000000006,231.95000000000005,229.20000000000005,230.05000000000004,0
839232900,229.30000000000004,231.20000000000005,229.05000000000004,230.80000000000004,0
839319300,231.55000000000004,232.15000000000003,231.35000000000005,231.70000000000005,0
839405700,231.70000000000005,232.45000000000005,230.65000000000003,231.30000000000004,0
839492100,231.45000000000005,236.45000000000005,231.45000000000005,235.95000000000005,0
839578500,235.85000000000005,236.35000000000005,233.85000000000005,234.10000000000005,0
839837700,234.85000000000005,235.85000000000005,234.25000000000006,235.60000000000005,0
839924100,236.10000000000005,239.35000000000005,235.85000000000005,239.25000000000006,0
840010500,239.25000000000006,241.35000000000005,237.85000000000005,238.10000000000005,0
840096900,238.35000000000005,239.85000000000005,237.10000000000005,238.85000000000005,0
840183300,238.35000000000005,240.35000000000005,238.10000000000005,239.20000000000005,0
840442500,239.25000000000006,241.10000000000005,238.65000000000003,241.05000000000007,0
840528900,240.85000000000005,242.60000000000005,240.25000000000006,242.15000000000003,0
840615300,242.75000000000006,244.75000000000006,242.15000000000003,243.85000000000005,0
840701700,243.75000000000006,246.75000000000006,243.75000000000006,246.55000000000007,0
840788100,246.35000000000005,248.10000000000005,244.10000000000005,247.90000000000003,0
841047300,247.35000000000005,252.85000000000005,245.35000000000005,249.55000000000007,0
841133700,248.35000000000005,249.35000000000005,244.85000000000005,245.05000000000007,0
841220100,243.85000000000005,244.95000000000005,241.75000000000006,242.75000000000006,0
841306500,242.75000000000006,243.75000000000006,241.35000000000005,243.40000000000003,0
841392900,243.25000000000006,244.60000000000005,242.45000000000005,244.30000000000007,0
841738500,241.95000000000005,242.85000000000005,239.10000000000005,240.60000000000005,0
841824900,239.35000000000005,240.85000000000005,239.10000000000005,239.85000000000005,0
841911300,239.35000000000005,240.85000000000005,238.85000000000005,239.30000000000007,0
841997700,238.35000000000005,240.85000000000005,236.35000000000005,240.25000000000006,0
842256900,238.85000000000005,240.10000000000005,238.60000000000005,238.95000000000005,0
842343300,238.85000000000005,240.35000000000005,238.35000000000005,238.85000000000005,0
842429700,238.35000000000005,239.35000000000005,234.85000000000005,235.25000000000006,0
842516100,235.45000000000005,235.60000000000005,232.85000000000005,233.20000000000005,0
842602500,233.20000000000005,234.05000000000007,232.05000000000007,232.15000000000003,0
842861700,231.65000000000003,234.75000000000006,231.35000000000005,233.20000000000005,0
842948100,233.10000000000005,234.85000000000005,232.85000000000005,233.75000000000006,0
843034500,234.60000000000005,234.85000000000005,232.65000000000003,232.80000000000007,0
843120900,232.60000000000005,233.55000000000007,232.35000000000005,232.45000000000005,0
843207300,232.45000000000005,233.90000000000003,232.30000000000007,232.40000000000003,0
843466500,232.40000000000003,233.45000000000005,231.70000000000005,233.30000000000007,0
843552900,234.60000000000005,235.05000000000007,233.85000000000005,234.55000000000007,0
843639300,234.95000000000005,235.55000000000007,234.85000000000005,235.05000000000007,0
843725700,234.65000000000003,235.00000000000006,233.75000000000006,234.35000000000005,0
843812100,234.15000000000003,234.35000000000005,232.85000000000005,233.25000000000006,0
844071300,232.55000000000007,233.05000000000007,230.85000000000005,231.35000000000005,0
844157700,231.75000000000006,233.35000000000005,231.75000000000006,232.45000000000005,0
844244100,232.15000000000003,234.85000000000005,232.05000000000007,232.65000000000003,0
844330500,232.20000000000005,234.35000000000005,232.20000000000005,234.15000000000003,0
844416900,234.85000000000005,236.35000000000005,234.70000000000005,236.00000000000006,0
844676100,237.00000000000006,238.25000000000006,236.65000000000003,238.10000000000005,0
844762500,237.85000000000005,238.25000000000006,236.35000000000005,237.50000000000006,0
844848900,237.60000000000005,239.35000000000005,237.35000000000005,237.70000000000005,0
844935300,237.05000000000007,239.25000000000006,236.65000000000003,238.65000000000003,0
845021700,238.65000000000003,239.95000000000005,238.35000000000005,239.50000000000006,0
845280900,239.65000000000003,239.95000000000005,235.85000000000005,238.00000000000006,0
845367300,237.15000000000003,237.75000000000006,236.15000000000003,237.05000000000007,0
845453700,237.35000000000005,238.35000000000005,234.45000000000005,235.40000000000003,0
845540100,234.35000000000005,235.25000000000006,233.95000000000005,234.35000000000005,0
845626500,233.40000000000003,234.00000000000006,233.10000000000005,233.40000000000003,0
845885700,233.35000000000005,236.35000000000005,233.35000000000005,235.90000000000003,0
845972100,238.35000000000005,239.05000000000007,236.60000000000005,238.45000000000005,0
846058500,239.10000000000005,240.25000000000006,234.35000000000005,236.95000000000005,0
846144900,236.85000000000005,237.35000000000005,235.10000000000005,235.50000000000006,0
846231300,234.45000000000005,236.25000000000006,234.35000000000005,235.95000000000005,0
846494100,236.10000000000005,238.25000000000006,236.10000000000005,237.70000000000005,0
846580500,238.05000000000007,239.55000000000007,236.60000000000005,236.85000000000005,0
846666900,236.35000000000005,238.35000000000005,236.10000000000005,238.15000000000003,0
846753300,237.60000000000005,239.10000000000005,237.45000000000005,237.95000000000005,0
846839700,238.30000000000007,239.35000000000005,238.05000000000007,238.30000000000007,0
847098900,238.30000000000007,239.85000000000005,238.15000000000003,238.90000000000003,0
847185300,238.90000000000003,239.85000000000005,238.25000000000006,239.75000000000006,0
847271700,239.75000000000006,243.60000000000005,239.75000000000006,243.25000000000006,0
847358100,244.25000000000006,244.75000000000006,242.05000000000007,243.75000000000006,0
847444500,243.75000000000006,244.50000000000006,242.75000000000006,243.70000000000005,0
847703700,243.60000000000005,243.75000000000006,239.75000000000006,241.70000000000005,0
847790100,241.25000000000006,243.25000000000006,241.25000000000006,243.25000000000006,0
847876500,243.00000000000006,245.15000000000006,243.00000000000006,243.75000000000006,0
847962900,243.85000000000005,244.75000000000006,243.45000000000005,244.30000000000007,0
848049300,245.75000000000006,246.25000000000006,245.25000000000006,245.95000000000005,0
848308500,246.75000000000006,247.25000000000006,244.75000000000006,245.20000000000005,0
848394900,245.50000000000006,246.45000000000005,245.15000000000006,246.25000000000006,0
848481300,246.50000000000006,247.25000000000006,245.65000000000006,245.70000000000005,0
848567700,245.00000000000006,245.00000000000006,241.75000000000006,242.15000000000006,0
848654100,242.25000000000006,243.10000000000005,241.75000000000006,242.90000000000006,0
848913300,242.25000000000006,244.25000000000006,240.00000000000006,241.05000000000007,0
848999700,241.75000000000006,242.25000000000006,241.15000000000006,241.55000000000007,0
849086100,241.25000000000006,241.85000000000005,241.00000000000006,241.05000000000007,0
849518100,240.25000000000006,240.75000000000006,238.25000000000006,239.45000000000005,0
849604500,239.75000000000006,239.85000000000005,238.50000000000006,238.70000000000005,0
849690900,238.15000000000006,239.25000000000006,237.65000000000006,237.70000000000005,0
849777300,238.00000000000006,238.75000000000006,236.85000000000005,237.05000000000007,0
849863700,236.30000000000007,238.35000000000005,236.25000000000006,236.90000000000006,0
850122900,237.55000000000007,240.25000000000006,237.25000000000006,239.10000000000005,0
850209300,239.75000000000006,241.85000000000005,239.75000000000006,241.60000000000005,0
850295700,242.15000000000006,242.65000000000006,240.50000000000006,241.25000000000006,0
850382100,241.55000000000007,243.20000000000005,240.95000000000005,243.10000000000005,0
850468500,243.60000000000005,244.75000000000006,242.85000000000005,244.05000000000007,0
850727700,243.55000000000007,245.45000000000005,241.95000000000005,243.15000000000006,0
850814100,243.35000000000005,244.15000000000006,242.55000000000007,242.90000000000006,0
850900500,243.00000000000006,244.95000000000005,243.00000000000006,244.75000000000006,0
850986900,245.05000000000007,245.75000000000006,242.75000000000006,243.20000000000005,0
851073300,242.75000000000006,246.95000000000005,242.25000000000006,245.35000000000005,0
851332500,245.15000000000006,246.55000000000007,245.00000000000006,246.35000000000005,0
851418900,246.05000000000007,248.25000000000006,246.00000000000006,248.05000000000007,0
851678100,248.25000000000006,250.55000000000007,246.75000000000006,249.30000000000007,0
851937300,249.25000000000006,250.35000000000005,248.75000000000006,249.40000000000006,0
852023700,249.40000000000006,250.80000000000007,249.35000000000005,250.50000000000006,0
852196500,250.25000000000006,252.50000000000006,250.00000000000006,250.70000000000005,0
852282900,250.25000000000006,250.45000000000005,249.35000000000005,250.10000000000005,0
852542100,249.75000000000006,249.85000000000005,247.75000000000006,248.20000000000005,0
852628500,248.45000000000005,253.25000000000006,248.15000000000006,252.80000000000007,0
852714900,253.25000000000006,254.75000000000006,251.85000000000005,252.35000000000005,0
852801300,252.35000000000005,253.15000000000006,251.25000000000006,252.90000000000006,0
852887700,253.65000000000006,254.25000000000006,252.15000000000006,253.15000000000006,0
853146900,252.50000000000006,252.85000000000005,251.00000000000006,252.15000000000006,0
853233300,253.75000000000006,255.45000000000005,253.00000000000006,254.60000000000005,0
853319700,255.25000000000006,255.70000000000005,254.50000000000006,254.75000000000006,0
853406100,254.50000000000006,256.35,254.35000000000005,255.30000000000007,0
853492500,256.50000000000006,257.00000000000006,255.75000000000006,256.20000000000005,0
853751700,256.9000000000001,262.25000000000006,255.75000000000006,261.70000000000005,0
853838100,261.95000000000005,262.75000000000006,259.50000000000006,261.75000000000006,0
853924500,261.70000000000005,268.25000000000006,260.00000000000006,266.6,0
854010900,269.50000000000006,272.25000000000006,268.35,270.80000000000007,0
854097300,272.00000000000006,272.20000000000005,266.75000000000006,267.05000000000007,0
854356500,264.1500000000001,269.55000000000007,263.50000000000006,267.50000000000006,0
854442900,268.00000000000006,271.00000000000006,268.00000000000006,270.35,0
854529300,274.75000000000006,277.45000000000005,273.75000000000006,274.6500000000001,0
854615700,274.50000000000006,275.75000000000006,270.00000000000006,270.25000000000006,0
854702100,269.25000000000006,272.25000000000006,267.75000000000006,270.70000000000005,0
854961300,271.75000000000006,276.75000000000006,271.00000000000006,276.35,0
855047700,277.00000000000006,281.1500000000001,276.85,278.30000000000007,0
855134100,278.00000000000006,278.50000000000006,274.75000000000006,274.95000000000005,0
855220500,274.30000000000007,280.30000000000007,273.05000000000007,279.85,0
855306900,282.80000000000007,283.80000000000007,278.80000000000007,280.90000000000003,0
855566100,280.30000000000007,288.30000000000007,280.30000000000007,288.30000000000007,0
855652500,289.80000000000007,294.05000000000007,288.80000000000007,291.85,0
855738900,290.05000000000007,297.85,289.05000000000007,297.40000000000003,0
855825300,299.30000000000007,301.80000000000007,297.80000000000007,301.65000000000003,0
855911700,299.80000000000007,302.65000000000003,298.80000000000007,299.70000000000005,0
856257300,295.05000000000007,297.80000000000007,290.30000000000007,290.30000000000007,0
856343700,289.80000000000007,298.1,286.80000000000007,298.1,0
856430100,302.80000000000007,304.80000000000007,294.80000000000007,298.40000000000003,0
856516500,298.30000000000007,298.80000000000007,293.55000000000007,294.70000000000005,0
856775700,293.30000000000007,295.80000000000007,292.80000000000007,293.95000000000005,0
856862100,293.30000000000007,296.80000000000007,293.05000000000007,295.15000000000003,0
856948500,297.80000000000007,307.80000000000007,297.20000000000005,303.05000000000007,0
857034900,303.80000000000007,304.30000000000007,300.30000000000007,301.6,0
857121300,300.90000000000003,305.80000000000007,300.80000000000007,305.40000000000003,0
857380500,307.80000000000007,312.80000000000007,306.80000000000007,312.5,0
857466900,315.30000000000007,323.80000000000007,312.80000000000007,321.85,0
857553300,325.1,334.80000000000007,321.80000000000007,326,0
857639700,329.80000000000007,330.30000000000007,319.80000000000007,319.95000000000005,0
857726100,314.80000000000007,319.05000000000007,313.80000000000007,315.65000000000003,0
857985300,315.80000000000007,323.80000000000007,311.30000000000007,322.35,0
858071700,324.80000000000007,327.20000000000005,321.80000000000007,325.15000000000003,0
858158100,326.80000000000007,326.80000000000007,318.80000000000007,320,0
858244500,315.80000000000007,317.55000000000007,303.80000000000007,305.5,0
858330900,306.80000000000007,313.80000000000007,304.05000000000007,310.95000000000005,0
858590100,309.80000000000007,310.30000000000007,295.05000000000007,295.75,0
858676500,291.30000000000007,299.80000000000007,291.30000000000007,294.40000000000003,0
858762900,293.30000000000007,297.30000000000007,292.30000000000007,293.70000000000005,0
858849300,292.05000000000007,299.80000000000007,291.55000000000007,296,0
858935700,296.30000000000007,297.55000000000007,294.05000000000007,294.35,0
859194900,292.80000000000007,294.05000000000007,289.80000000000007,292.6,0
859281300,291.30000000000007,309.30000000000007,291.30000000000007,307.45000000000005,0
859367700,309.30000000000007,313.80000000000007,308.05000000000007,310.80000000000007,0
859454100,312.80000000000007,315.80000000000007,306.80000000000007,311.35,0
859799700,312.30000000000007,314.80000000000007,310.80000000000007,312.95000000000005,0
859886100,311.80000000000007,315.30000000000007,307.05000000000007,314.95000000000005,0
859972500,317.80000000000007,319.30000000000007,312.80000000000007,314.05000000000007,0
860058900,307.80000000000007,311.80000000000007,301.80000000000007,302.15000000000003,0
860145300,301.30000000000007,306.80000000000007,298.30000000000007,303.55000000000007,0
860400900,301.30000000000007,306.05000000000007,299.30000000000007,303.85,0
860487300,303.80000000000007,305.05000000000007,301.30000000000007,303.30000000000007,0
860573700,302.05000000000007,312.80000000000007,301.55000000000007,311.95000000000005,0
860660100,313.20000000000005,314.95000000000005,311.20000000000005,314.05000000000007,0
860746500,313.95000000000005,315.45000000000005,311.20000000000005,311.95000000000005,0
861005700,312.20000000000005,316.20000000000005,311.20000000000005,315.95000000000005,0
861092100,317.45000000000005,319.70000000000005,313.45000000000005,314.15000000000003,0
861178500,320.15000000000003,322.40000000000003,320.15000000000003,322.40000000000003,0
861264900,324.20000000000005,325.00000000000006,322.20000000000005,324.15000000000003,0
861351300,325.70000000000005,330.15000000000003,325.70000000000005,329.95000000000005,0
861610500,332.20000000000005,332.20000000000005,325.20000000000005,328.70000000000005,0
861696900,327.70000000000005,327.70000000000005,323.6,323.85,0
861783300,322.20000000000005,329.95000000000005,321.70000000000005,328.85,0
861869700,329.70000000000005,334.70000000000005,325.20000000000005,334.20000000000005,0
861956100,333.45000000000005,337.20000000000005,329.70000000000005,329.90000000000003,0
862215300,329.20000000000005,332.70000000000005,328.70000000000005,331.55000000000007,0
862301700,331.70000000000005,335.45000000000005,331.20000000000005,332.70000000000005,0
862388100,334.20000000000005,341.70000000000005,333.70000000000005,341.25000000000006,0
862474500,342.20000000000005,351.45000000000005,341.20000000000005,351.1,0
862560900,353.20000000000005,353.20000000000005,343.20000000000005,345.25000000000006,0
862820100,345.70000000000005,353.20000000000005,345.70000000000005,348.05000000000007,0
862906500,347.20000000000005,350.20000000000005,342.70000000000005,343.35,0
862992900,345.20000000000005,347.70000000000005,341.70000000000005,344.55000000000007,0
863079300,343.95000000000005,349.45000000000005,342.70000000000005,347.70000000000005,0
863165700,347.70000000000005,348.95000000000005,346.20000000000005,348.75000000000006,0
863424900,349.20000000000005,358.20000000000005,348.70000000000005,357.65000000000003,0
863511300,361.20000000000005,369.20000000000005,360.70000000000005,368.40000000000003,0
863597700,375.20000000000005,375.20000000000005,364.20000000000005,368.70000000000005,0
863684100,369.20000000000005,386.20000000000005,366.20000000000005,380.35,0
863770500,381.20000000000005,383.20000000000005,371.70000000000005,379.55000000000007,0
864029700,381.70000000000005,382.20000000000005,372.20000000000005,373.20000000000005,0
864116100,371.20000000000005,371.50000000000006,365.70000000000005,367.90000000000003,0
864202500,368.70000000000005,379.20000000000005,368.00000000000006,378.25000000000006,0
864288900,381.70000000000005,386.70000000000005,379.45000000000005,383.15000000000003,0
864375300,381.70000000000005,384.45000000000005,378.70000000000005,379.25000000000006,0
864720900,378.20000000000005,392.20000000000005,377.95000000000005,388.90000000000003,0
864807300,392.20000000000005,411.20000000000005,391.20000000000005,409.90000000000003,0
864893700,423.20000000000005,430.20000000000005,418.20000000000005,427.00000000000006,0
864980100,418.20000000000005,423.20000000000005,388.20000000000005,391.50000000000006,0
865239300,388.20000000000005,389.20000000000005,365.20000000000005,377.75000000000006,0
865325700,376.20000000000005,389.20000000000005,375.20000000000005,386.25000000000006,0
865412100,378.20000000000005,387.20000000000005,377.70000000000005,378.30000000000007,0
865498500,377.70000000000005,377.70000000000005,361.95000000000005,362.6,0
865584900,360.20000000000005,368.20000000000005,358.70000000000005,367.35,0
865844100,367.20000000000005,378.70000000000005,367.20000000000005,376.80000000000007,0
865930500,377.20000000000005,382.20000000000005,349.20000000000005,349.95000000000005,0
866016900,348.20000000000005,352.70000000000005,340.70000000000005,343.30000000000007,0
866103300,346.85,347.85,340.35,342.1,0
866189700,344.35,344.35,333.35,333.35,0
866448900,327.85,332.85,327.35,332.05000000000007,0
866535300,338.05000000000007,340.55000000000007,332.85,340.55000000000007,0
866621700,341.1,341.85,328.4000000000001,328.4000000000001,0
866708100,327.85,334.1,323.85,332.6,0
866794500,332.85,335.1,330.85,331.35,0
867053700,329.85,332.85,321.35,326.00000000000006,0
867140100,324.1,328.85,322.85,326.20000000000005,0
867226500,326.35,329.85,324.9000000000001,329.25000000000006,0
867312900,329.85,330.1,317.85,318.1,0
867399300,319.85,323.35,319.35,320.85,0
867658500,319.85,325.35,319.35,322.75000000000006,0
867744900,324.85,333.85,324.35,326.20000000000005,0
867831300,324.85,327.35,322.85,324.35,0
867917700,323.6,326.85,322.85,323.35,0
868263300,321.85,323.85,320.85,323.70000000000005,0
868349700,323.85,328.85,323.6,327.20000000000005,0
868436100,328.35,331.85,328.1,331.4000000000001,0
868522500,331.85,331.85,319.35,320.35,0
868608900,320.35,323.6,319.85,322.85,0
868868100,320.35,324.1,319.35,321.35,0
868954500,318.35,319.25000000000006,317.35,317.75000000000006,0
869040900,317.35,322.35,317.35,320.1500000000001,0
869127300,321.85,322.35,319.1,319.45000000000005,0
869213700,320.1,324.35,320.1,321.95000000000005,0
869472900,321.45000000000005,321.6,315.85,317.80000000000007,0
869559300,317.35,323.85,317.35,323.6,0
869645700,323.35,332.85,322.35,330.00000000000006,0
869732100,331.85,332.85,327.35,332.1500000000001,0
869818500,332.85,333.35,328.85,329.1,0
870077700,331.85,337.35,331.85,336.25000000000006,0
870164100,338.85,340.85,335.85,337.9000000000001,0
870250500,339.85,342.85,332.85,333.20000000000005,0
870336900,334.35,337.85,332.95000000000005,334.4000000000001,0
870423300,334.35,335.35,333.85,334.1500000000001,0
870682500,333.85,341.35,332.35,340.55000000000007,0
870768900,341.85,347.35,339.85,346.55000000000007,0
870855300,347.85,349.30000000000007,338.35,342.1,0
870941700,341.85,348.85,339.85,348.1,0
871028100,344.85,349.85,344.35,349.70000000000005,0
871287300,349.95000000000005,351.45000000000005,348.20000000000005,348.70000000000005,0
871373700,348.95000000000005,350.45000000000005,342.95000000000005,343.90000000000003,0
871460100,342.95000000000005,344.45000000000005,339.95000000000005,343.25000000000006,0
871546500,341.95000000000005,345.95000000000005,341.95000000000005,343.15000000000003,0
871632900,341.95000000000005,342.45000000000005,339.45000000000005,340.05000000000007,0
871892100,337.95000000000005,340.95000000000005,337.95000000000005,340.95000000000005,0
871978500,343.45000000000005,344.70000000000005,341.95000000000005,343.95000000000005,0
872064900,344.70000000000005,345.45000000000005,334.95000000000005,334.95000000000005,0
872151300,335.95000000000005,346.95000000000005,335.70000000000005,341.45000000000005,0
872237700,341.45000000000005,343.95000000000005,338.45000000000005,340.20000000000005,0
872496900,340.95000000000005,342.45000000000005,340.45000000000005,342.1,0
872583300,341.95000000000005,346.95000000000005,341.95000000000005,346.45000000000005,0
872669700,346.95000000000005,351.70000000000005,345.45000000000005,351.45000000000005,0
872756100,352.95000000000005,353.95000000000005,348.95000000000005,353.80000000000007,0
872842500,353.95000000000005,356.95000000000005,352.95000000000005,356.65000000000003,0
873188100,357.95000000000005,360.95000000000005,357.20000000000005,360.85,0
873274500,361.45000000000005,367.20000000000005,361.45000000000005,364.45000000000005,0
873360900,362.95000000000005,369.45000000000005,359.45000000000005,369.15000000000003,0
873447300,368.95000000000005,369.45000000000005,364.45000000000005,364.90000000000003,0
873706500,364.95000000000005,367.95000000000005,363.95000000000005,364.05000000000007,0
873792900,362.45000000000005,363.45000000000005,359.95000000000005,360.30000000000007,0
873879300,360.45000000000005,361.45000000000005,357.95000000000005,359.45000000000005,0
873965700,358.45000000000005,364.95000000000005,357.95000000000005,364.6,0
874052100,363.95000000000005,364.95000000000005,351.20000000000005,351.35,0
874311300,351.95000000000005,353.20000000000005,350.95000000000005,352.20000000000005,0
874397700,352.45000000000005,352.95000000000005,348.45000000000005,348.95000000000005,0
874484100,350.20000000000005,355.45000000000005,350.20000000000005,354.45000000000005,0
874570500,353.95000000000005,354.45000000000005,348.45000000000005,350.25000000000006,0
874656900,352.45000000000005,357.45000000000005,348.95000000000005,355.45000000000005,0
874916100,354.95000000000005,356.45000000000005,349.95000000000005,351.75000000000006,0
875002500,351.45000000000005,353.45000000000005,347.95000000000005,350.85,0
875088900,351.25000000000006,352.95000000000005,349.95000000000005,350.05000000000007,0
875175300,350.95000000000005,351.95000000000005,347.45000000000005,347.95000000000005,0
875261700,346.95000000000005,349.45000000000005,346.95000000000005,347.95000000000005,0
875520900,347.95000000000005,352.95000000000005,343.45000000000005,343.75000000000006,0
875607300,343.95000000000005,345.95000000000005,342.95000000000005,345.35,0
875693700,345.70000000000005,347.20000000000005,344.45000000000005,345.85,0
875780100,346.95000000000005,347.45000000000005,342.95000000000005,344.00000000000006,0
875866500,345.20000000000005,346.95000000000005,344.20000000000005,344.45000000000005,0
876125700,344.95000000000005,349.95000000000005,344.95000000000005,349.90000000000003,0
876212100,349.95000000000005,349.95000000000005,341.95000000000005,342.45000000000005,0
876298500,342.45000000000005,348.95000000000005,341.70000000000005,345.85,0
876384900,347.95000000000005,348.20000000000005,341.95000000000005,343.20000000000005,0
876471300,344.20000000000005,345.45000000000005,342.95000000000005,344.95000000000005,0
876730500,343.45000000000005,346.95000000000005,343.45000000000005,346.00000000000006,0
876816900,346.20000000000005,346.95000000000005,342.70000000000005,344.15000000000003,0
876903300,345.45000000000005,346.45000000000005,343.45000000000005,344.20000000000005,0
876989700,346.45000000000005,346.90000000000003,337.95000000000005,338.1,0
877076100,338.95000000000005,340.45000000000005,332.95000000000005,333.95000000000005,0
877335300,333.95000000000005,335.45000000000005,332.20000000000005,333.55000000000007,0
877421700,334.45000000000005,335.45000000000005,333.55000000000007,334.45000000000005,0
877508100,334.95000000000005,335.20000000000005,333.45000000000005,333.95000000000005,0
877594500,332.95000000000005,336.45000000000005,331.25000000000006,336.05000000000007,0
877680900,336.95000000000005,337.65000000000003,333.45000000000005,336.6,0
877943700,336.45000000000005,338.20000000000005,335.20000000000005,336.90000000000003,0
878030100,335.65000000000003,336.45000000000005,331.45000000000005,334.50000000000006,0
878116500,334.95000000000005,336.95000000000005,333.45000000000005,334.45000000000005,0
878202900,333.95000000000005,334.95000000000005,332.45000000000005,332.70000000000005,0
878289300,332.45000000000005,335.95000000000005,332.45000000000005,333.90000000000003,0
878548500,333.70000000000005,334.95000000000005,330.45000000000005,330.90000000000003,0
878634900,330.70000000000005,332.20000000000005,330.25000000000006,331.80000000000007,0
878721300,332.45000000000005,338.45000000000005,332.20000000000005,337.75000000000006,0
878807700,335.95000000000005,336.95000000000005,332.45000000000005,333.1,0
878894100,332.9000000000001,335.1,332.9000000000001,334.6,0
879153300,335.35,338.25000000000006,335.35,338.25000000000006,0
879239700,338.6,340.1,335.6,339.75000000000006,0
879326100,341.35,341.85,339.85,340.1,0
879412500,339.1,344.1,339.1,343.35,0
879498900,343.1,347.85,342.1,343.1,0
879758100,343.6,346.6,343.6,345.1,0
879844500,344.1,348.35,342.1,348.35,0
879930900,347.1,350.1,347.1,349.1,0
880017300,348.35,348.50000000000006,344.6,344.85,0
880103700,345.00000000000006,345.4000000000001,343.35,344.35,0
880362900,344.1,346.20000000000005,341.6,346.20000000000005,0
880449300,346.1,346.1,343.85,344.00000000000006,0
880535700,344.35,347.6,342.6,346.35,0
880967700,348.1,354.1,348.1,353.55000000000007,0
881054100,353.6,359.6,352.6,359.25000000000006,0
881140500,357.6,358.6,356.1,357.35,0
881226900,356.50000000000006,359.1,354.1,358.55000000000007,0
881313300,358.1,362.1,357.1,362.05000000000007,0
881572500,361.55000000000007,363.6,359.85,363.35,0
881658900,362.6,373.6,360.1,373.30000000000007,0
881745300,374.6,378.1,372.6,373.6,0
881831700,371.1,375.80000000000007,369.1,370.20000000000005,0
881918100,370.6,373.6,368.6,370.95000000000005,0
882177300,377.1,377.85,374.1,376.4000000000001,0
882263700,377.1,377.1,358.1,358.80000000000007,0
882350100,355.6,359.1,352.6,352.80000000000007,0
882436500,356.1,358.35,355.35,357.9000000000001,0
882522900,358.1,358.35,350.6,351.1,0
882782100,348.6,350.35,347.35,350.35,0
882868500,351.6,355.1,351.1,354.85,0
882954900,354.35,354.85,351.85,352.70000000000005,0
883386900,352.20000000000005,357.85,352.20000000000005,355.25000000000006,0
883473300,356.1,357.6,355.6,356.6,0
883559700,358.1,358.6,352.6,354.85,0
883991700,355.1,362.1,354.6,362.05000000000007,0
884078100,361.6,362.6,352.1,353.6,0
884164500,352.6,357.1,351.6,355.70000000000005,0
884250900,357.6,361.1,355.6,360.85,0
884337300,360.6,360.6,352.1,354.6500000000001,0
884596500,354.6500000000001,354.6500000000001,348.1,352.6,0
884682900,353.1,359.1,352.1,356.85,0
884769300,357.1,359.1,354.6,357.55000000000007,0
884855700,357.1,360.6,356.6,359.80000000000007,0
884942100,360.6,360.6,357.1,358.30000000000007,0
885287700,361.1,366.6,360.6,366.05000000000007,0
885374100,367.6,367.6,362.70000000000005,364.45000000000005,0
885460500,365.1,365.6,362.6,365.1,0
885546900,366.1,367.85,365.35,367.30000000000007,0
885806100,367.1,367.9000000000001,362.1,364.1,0
885892500,361.6,363.35,360.85,362.80000000000007,0
885978900,363.6,367.1,363.1,366.9000000000001,0
886065300,367.35,369.1,365.6,368.4000000000001,0
886151700,370.1,374.1,364.1,366.75000000000006,0
886410900,367.30000000000007,370.6,364.6,370.00000000000006,0
886497300,369.1,370.1,366.1,367.85,0
886583700,367.85,370.85,366.4000000000001,370.30000000000007,0
886670100,369.85,372.1,369.6,371.9000000000001,0
886756500,371.35,373.1,368.1,369.4000000000001,0
887015700,368.1,368.6,366.6,367.05000000000007,0
887102100,362.1,364.1,361.6,363.55000000000007,0
887188500,362.6,363.85,362.1,362.6500000000001,0
887274900,362.35,364.6,361.85,364.1,0
887361300,363.6,364.1,362.6,363.1500000000001,0
887706900,362.6,364.35,361.6,363.85,0
887793300,365.35,370.1,365.1,368.55000000000007,0
887879700,368.1,373.1,367.85,371.50000000000006,0
887966100,371.1,372.35,369.6,371.95000000000005,0
888225300,372.1,375.6,371.6,375.25000000000006,0
888311700,375.6,375.6,365.1,368.80000000000007,0
888398100,369.1,370.50000000000006,368.6,370.05000000000007,0
888484500,368.1,371.85,365.6,366.00000000000006,0
888570900,366.00000000000006,366.6,361.70000000000005,362.75000000000006,0
888830100,361.6,362.6,359.1,359.50000000000006,0
888916500,358.6,360.50000000000006,352.6,353.50000000000006,0
889002900,355.6,356.30000000000007,353.1,353.75000000000006,0
889089300,355.6,356.6,350.1,350.4000000000001,0
889175700,351.00000000000006,351.1,347.50000000000006,348.85,0
889434900,350.85,353.1,350.35,351.50000000000006,0
889521300,350.6,352.6,350.6,351.4000000000001,0
889607700,352.6,354.1,351.6,353.9000000000001,0
889694100,354.1,355.1,349.85,350.1,0
889780500,349.6,350.35,347.1,349.20000000000005,0
890039700,350.6,353.6,350.6,351.6500000000001,0
890126100,350.6,351.1,349.1,350.70000000000005,0
890212500,352.1,352.1,347.1,347.55000000000007,0
890298900,347.6,347.85,344.85,345.05000000000007,0
890385300,344.6,350.6,342.6,347.75000000000006,0
890644500,348.6,349.85,346.85,349.00000000000006,0
890730900,349.30000000000007,350.1,346.85,347.80000000000007,0
890817300,348.6,350.35,344.1500000000001,344.85,0
890903700,346.1,347.6,345.1,346.9000000000001,0
890990100,348.1,348.80000000000007,345.85,347.1,0
891249300,348.1,350.6,346.70000000000005,347.05000000000007,0
891335700,347.6,349.85,346.4000000000001,346.6,0
891422100,346.6,347.85,344.1,344.30000000000007,0
891508500,345.1,345.85,343.4000000000001,345.1500000000001,0
891594900,344.6,346.6,341.85,342.30000000000007,0
891850500,342.85,343.85,342.35,343.00000000000006,0
891936900,343.85,344.00000000000006,341.1,342.9000000000001,0
892023300,344.6,345.70000000000005,344.35,345.50000000000006,0
892109700,346.75000000000006,347.75000000000006,345.50000000000006,346.45000000000005,0
892455300,349.25000000000006,352.75000000000006,347.75000000000006,352.75000000000006,0
892541700,352.75000000000006,353.00000000000006,350.75000000000006,352.80000000000007,0
892628100,354.50000000000006,354.75000000000006,351.75000000000006,351.9000000000001,0
892714500,351.75000000000006,351.75000000000006,350.25000000000006,350.80000000000007,0
892800900,351.75000000000006,352.25000000000006,349.25000000000006,351.55000000000007,0
893060100,351.6500000000001,352.25000000000006,350.75000000000006,351.30000000000007,0
893146500,352.00000000000006,352.00000000000006,349.25000000000006,349.25000000000006,0
893232900,350.75000000000006,351.50000000000006,347.75000000000006,349.25000000000006,0
893319300,348.45000000000005,348.50000000000006,340.75000000000006,341.35,0
893405700,340.25000000000006,343.75000000000006,339.9000000000001,339.95000000000005,0
893664900,339.75000000000006,341.00000000000006,338.75000000000006,339.35,0
893751300,341.25000000000006,341.75000000000006,340.25000000000006,340.4000000000001,0
893837700,341.95000000000005,342.25000000000006,338.00000000000006,339.6,0
893924100,339.75000000000006,340.75000000000006,339.50000000000006,339.50000000000006,0
894010500,339.00000000000006,339.75000000000006,336.25000000000006,336.25000000000006,0
894269700,335.75000000000006,337.75000000000006,334.75000000000006,337.30000000000007,0
894356100,337.75000000000006,342.75000000000006,337.75000000000006,341.95000000000005,0
894442500,341.25000000000006,341.50000000000006,335.25000000000006,336.95000000000005,0
894528900,336.75000000000006,338.25000000000006,335.00000000000006,336.75000000000006,0
894615300,337.50000000000006,338.00000000000006,335.75000000000006,336.95000000000005,0
894874500,336.50000000000006,337.75000000000006,336.25000000000006,337.25000000000006,0
894960900,337.55000000000007,339.75000000000006,334.75000000000006,335.45000000000005,0
895047300,335.75000000000006,337.1500000000001,334.75000000000006,334.80000000000007,0
895133700,336.30000000000007,338.25000000000006,333.75000000000006,337.85,0
895220100,338.75000000000006,338.75000000000006,334.50000000000006,335.30000000000007,0
895479300,336.75000000000006,337.85,336.50000000000006,337.25000000000006,0
895565700,338.25000000000006,345.25000000000006,338.00000000000006,344.6,0
895652100,343.50000000000006,346.00000000000006,342.50000000000006,345.20000000000005,0
895738500,345.50000000000006,345.50000000000006,342.75000000000006,343.6,0
895824900,343.75000000000006,347.00000000000006,343.35,345.75000000000006,0
896170500,344.25000000000006,344.75000000000006,340.25000000000006,341.50000000000006,0
896256900,342.25000000000006,342.25000000000006,340.50000000000006,340.9000000000001,0
896343300,340.25000000000006,343.00000000000006,340.00000000000006,342.25000000000006,0
896429700,342.75000000000006,343.50000000000006,341.25000000000006,341.35,0
896688900,340.25000000000006,340.50000000000006,333.75000000000006,335.20000000000005,0
896775300,334.75000000000006,336.35,333.75000000000006,335.80000000000007,0
896861700,335.50000000000006,336.75000000000006,334.75000000000006,336.05000000000007,0
896948100,335.25000000000006,336.85,334.25000000000006,336.45000000000005,0
897034500,336.45000000000005,336.75000000000006,335.6500000000001,336.4000000000001,0
897293700,335.75000000000006,335.75000000000006,331.75000000000006,332.25000000000006,0
897380100,333.05000000000007,335.50000000000006,333.00000000000006,334.30000000000007,0
897466500,334.25000000000006,336.1500000000001,333.85,335.6500000000001,0
897552900,334.95000000000005,337.45000000000005,334.95000000000005,336.80000000000007,0
897639300,337.15000000000003,337.15000000000003,332.95000000000005,333.70000000000005,0
897898500,332.95000000000005,333.20000000000005,332.05000000000007,332.1,0
897984900,331.95000000000005,332.45000000000005,329.70000000000005,330.25000000000006,0
898071300,330.45000000000005,331.95000000000005,330.20000000000005,330.70000000000005,0
898157700,330.45000000000005,330.95000000000005,328.95000000000005,329.80000000000007,0
898244100,329.95000000000005,331.45000000000005,328.20000000000005,328.30000000000007,0
898503300,328.20000000000005,328.20000000000005,326.95000000000005,327.45000000000005,0
898589700,328.45000000000005,329.20000000000005,326.55000000000007,326.95000000000005,0
898676100,326.95000000000005,326.95000000000005,325.65000000000003,325.70000000000005,0
898762500,325.20000000000005,329.95000000000005,325.20000000000005,328.1,0
898848900,327.70000000000005,328.15000000000003,322.95000000000005,326.30000000000007,0
899108100,325.95000000000005,325.95000000000005,322.95000000000005,325.30000000000007,0
899194500,324.95000000000005,325.20000000000005,323.45000000000005,323.50000000000006,0
899280900,322.95000000000005,324.95000000000005,322.70000000000005,324.55000000000007,0
899367300,323.95000000000005,323.95000000000005,321.70000000000005,322.45000000000005,0
899712900,323.20000000000005,325.95000000000005,323.20000000000005,323.6,0
899799300,323.95000000000005,324.55000000000007,323.25000000000006,323.35,0
899885700,323.70000000000005,326.20000000000005,323.45000000000005,325.45000000000005,0
899972100,325.45000000000005,326.45000000000005,322.75000000000006,323.6,0
900058500,322.95000000000005,323.95000000000005,321.45000000000005,322.65000000000003,0
900317700,321.45000000000005,321.45000000000005,318.95000000000005,319.35,933
900404100,319.35,320.20000000000005,319.05000000000007,319.95000000000005,862
900490500,320.45000000000005,320.55000000000007,317.95000000000005,319.65000000000003,777
900576900,319.95000000000005,320.95000000000005,318.95000000000005,319.55000000000007,821
900663300,319.45000000000005,319.45000000000005,318.20000000000005,319.30000000000007,1251
900922500,318.95000000000005,321.45000000000005,318.85,320.05000000000007,1047
901008900,319.95000000000005,321.65000000000003,319.75000000000006,320.20000000000005,2373
901095300,319.70000000000005,326.65000000000003,319.45000000000005,325.55000000000007,2487
901181700,324.45000000000005,324.95000000000005,323.45000000000005,324.45000000000005,1931
901268100,325.45000000000005,326.95000000000005,322.20000000000005,322.85,978
901527300,323.45000000000005,323.95000000000005,322.55000000000007,323.20000000000005,2273
901613700,323.45000000000005,326.35,323.20000000000005,325.75000000000006,2496
901700100,325.95000000000005,327.70000000000005,324.05000000000007,327.55000000000007,3490
901786500,327.70000000000005,331.45000000000005,327.35,331.05000000000007,4471
901872900,329.45000000000005,334.95000000000005,329.20000000000005,334.6,3623
902132100,332.95000000000005,336.20000000000005,332.70000000000005,335.6,2140
902218500,333.95000000000005,334.95000000000005,332.95000000000005,334.6,2458
902304900,333.45000000000005,336.95000000000005,333.05000000000007,335.55000000000007,2303
902391300,333.95000000000005,336.15000000000003,333.45000000000005,335.95000000000005,4620
902477700,335.95000000000005,337.15000000000003,333.45000000000005,336.75000000000006,3518
902736900,336.35,337.25000000000006,335.25000000000006,335.75000000000006,636
902823300,335.25000000000006,335.25000000000006,330.75000000000006,332.00000000000006,509
902909700,331.75000000000006,332.25000000000006,330.50000000000006,331.00000000000006,886
902996100,331.25000000000006,331.75000000000006,330.75000000000006,331.00000000000006,618
903082500,331.00000000000006,331.75000000000006,326.00000000000006,326.75000000000006,656
903341700,326.75000000000006,328.25000000000006,326.25000000000006,327.05000000000007,417
903428100,327.00000000000006,329.00000000000006,327.00000000000006,328.45000000000005,430
903514500,328.75000000000006,329.25000000000006,328.05000000000007,328.85,1372
903600900,328.6500000000001,328.6500000000001,325.6,325.70000000000005,902
903687300,326.75000000000006,327.50000000000006,323.75000000000006,325.45000000000005,0
903946500,326.00000000000006,327.75000000000006,326.00000000000006,327.25000000000006,1062
904032900,328.00000000000006,331.85,327.75000000000006,331.4000000000001,420
904119300,331.25000000000006,331.25000000000006,328.00000000000006,328.9000000000001,1077
904205700,330.50000000000006,331.25000000000006,328.75000000000006,329.95000000000005,523
904292100,330.50000000000006,331.75000000000006,330.45000000000005,331.70000000000005,551
904551300,331.75000000000006,333.25000000000006,327.75000000000006,328.70000000000005,1148
904637700,329.25000000000006,329.50000000000006,324.75000000000006,326.4000000000001,649
904724100,326.25000000000006,327.25000000000006,325.35,326.50000000000006,649
904810500,328.25000000000006,328.25000000000006,324.75000000000006,326.50000000000006,543
904896900,326.75000000000006,328.00000000000006,326.75000000000006,327.1500000000001,693
905242500,327.6500000000001,330.25000000000006,327.6500000000001,329.75000000000006,706
905328900,330.00000000000006,330.25000000000006,326.75000000000006,327.25000000000006,1529
905415300,327.25000000000006,327.25000000000006,323.75000000000006,323.80000000000007,2467
905501700,323.25000000000006,323.25000000000006,320.00000000000006,320.1500000000001,1417
905760900,320.35,321.00000000000006,317.75000000000006,318.25000000000006,1239
905847300,319.25000000000006,320.45000000000005,318.85,320.20000000000005,1479
905933700,319.75000000000006,321.50000000000006,317.75000000000006,320.70000000000005,860
906020100,320.50000000000006,321.1500000000001,318.00000000000006,318.20000000000005,1146
906106500,318.55000000000007,318.85,317.25000000000006,317.25000000000006,1364
906365700,316.50000000000006,319.50000000000006,315.25000000000006,317.50000000000006,646
906452100,317.50000000000006,319.75000000000006,317.50000000000006,318.6,1122
906538500,319.75000000000006,320.25000000000006,316.50000000000006,318.9000000000001,501
906624900,319.25000000000006,320.05000000000007,318.55000000000007,319.6,501
906711300,320.75000000000006,321.25000000000006,318.75000000000006,320.1500000000001,1377
906970500,324.00000000000006,324.25000000000006,322.50000000000006,323.1500000000001,1391
907056900,323.00000000000006,323.00000000000006,320.25000000000006,320.45000000000005,1011
907143300,319.75000000000006,320.50000000000006,319.1500000000001,319.6,1578
907229700,319.25000000000006,320.6500000000001,317.25000000000006,317.45000000000005,2140
907316100,317.00000000000006,319.00000000000006,315.75000000000006,318.4000000000001,752
907575300,318.00000000000006,320.00000000000006,317.75000000000006,318.6500000000001,987
907661700,319.50000000000006,320.45000000000005,318.75000000000006,320.25000000000006,1072
907748100,320.50000000000006,322.75000000000006,320.25000000000006,322.00000000000006,2610
907834500,325.75000000000006,326.25000000000006,323.85,325.35,1202
907920900,325.50000000000006,325.50000000000006,322.85,323.45000000000005,0
908180100,324.00000000000006,324.00000000000006,318.25000000000006,318.70000000000005,1034
908266500,318.25000000000006,319.35,318.25000000000006,319.30000000000007,752
908352900,319.50000000000006,320.00000000000006,318.45000000000005,319.75000000000006,1594
908439300,319.75000000000006,321.85,319.75000000000006,321.50000000000006,1467
908525700,321.00000000000006,321.1500000000001,318.25000000000006,319.70000000000005,967
908784900,319.25000000000006,321.75000000000006,319.00000000000006,321.4000000000001,1665
908871300,321.75000000000006,322.00000000000006,318.50000000000006,318.75000000000006,1645
908957700,319.25000000000006,320.25000000000006,318.75000000000006,320.05000000000007,1864
909044100,320.25000000000006,321.75000000000006,319.00000000000006,321.25000000000006,1011
909130500,320.75000000000006,321.80000000000007,320.35,321.1500000000001,2435
909393300,321.05000000000007,324.25000000000006,320.75000000000006,323.9000000000001,3425
909479700,324.00000000000006,325.50000000000006,318.25000000000006,319.85,1682
909566100,320.55000000000007,321.55000000000007,319.85,320.4000000000001,1462
909652500,320.75000000000006,321.45000000000005,320.25000000000006,321.1,3477
909738900,321.55000000000007,324.75000000000006,320.25000000000006,322.70000000000005,6007
909998100,326.75000000000006,329.75000000000006,325.25000000000006,329.1500000000001,7690
910084500,330.75000000000006,333.75000000000006,328.75000000000006,333.35,6445
910170900,331.75000000000006,332.25000000000006,329.75000000000006,331.20000000000005,4154
910257300,331.25000000000006,332.55000000000007,329.75000000000006,332.05000000000007,4145
910343700,331.25000000000006,333.75000000000006,330.25000000000006,332.80000000000007,2988
910602900,332.55000000000007,332.55000000000007,329.80000000000007,330.70000000000005,546
910689300,330.05000000000007,330.05000000000007,328.80000000000007,330.05000000000007,319
910775700,330.05000000000007,330.30000000000007,329.55000000000007,329.55000000000007,666
910862100,329.00000000000006,329.00000000000006,327.80000000000007,328.20000000000005,273
910948500,327.55000000000007,327.55000000000007,326.55000000000007,327.55000000000007,193
911207700,327.05000000000007,328.90000000000003,326.90000000000003,328.90000000000003,510
911294100,329.80000000000007,330.05000000000007,328.40000000000003,329.80000000000007,378
911380500,329.30000000000007,329.30000000000007,326.30000000000007,327.80000000000007,543
911466900,328.05000000000007,328.30000000000007,326.1,327.35,187
911553300,327.30000000000007,328.30000000000007,326.90000000000003,327.30000000000007,429
911812500,326.55000000000007,326.55000000000007,324.80000000000007,324.80000000000007,363
911898900,325.80000000000007,326.70000000000005,325.30000000000007,326.50000000000006,0
911985300,327.30000000000007,328.55000000000007,327.30000000000007,328.05000000000007,228
912417300,328.55000000000007,329.30000000000007,326.55000000000007,327.70000000000005,731
912503700,327.45000000000005,328.80000000000007,326.55000000000007,326.55000000000007,486
912590100,325.55000000000007,328.30000000000007,325.20000000000005,328.20000000000005,988
912676500,328.80000000000007,330.80000000000007,328.80000000000007,330.1,184
912762900,330.55000000000007,330.55000000000007,328.30000000000007,328.55000000000007,202
913022100,329.05000000000007,329.80000000000007,328.70000000000005,329.75000000000006,284
913108500,329.80000000000007,330.30000000000007,329.1,329.55000000000007,223
913194900,329.05000000000007,330.80000000000007,329.05000000000007,329.80000000000007,1157
913281300,329.55000000000007,334.80000000000007,329.30000000000007,333.65000000000003,553
913367700,333.80000000000007,333.80000000000007,332.05000000000007,332.95000000000005,889
913626900,332.55000000000007,335.55000000000007,332.45000000000005,335.20000000000005,1008
913713300,336.55000000000007,338.30000000000007,336.55000000000007,338.05000000000007,867
913799700,337.20000000000005,337.55000000000007,336.55000000000007,337.30000000000007,1077
913886100,336.05000000000007,339.80000000000007,335.80000000000007,336.25000000000006,531
913972500,334.80000000000007,336.20000000000005,334.55000000000007,336.15000000000003,954
914231700,331.30000000000007,333.90000000000003,331.30000000000007,333.30000000000007,853
914318100,332.30000000000007,335.30000000000007,332.30000000000007,334.30000000000007,387
914404500,334.30000000000007,335.40000000000003,333.90000000000003,335.40000000000003,291
914490900,335.30000000000007,335.70000000000005,332.30000000000007,332.30000000000007,261
914836500,332.55000000000007,333.50000000000006,332.30000000000007,333.45000000000005,377
914922900,333.55000000000007,336.00000000000006,333.55000000000007,334.85,413
915009300,334.90000000000003,336.05000000000007,334.05000000000007,335.40000000000003,275
915095700,335.05000000000007,336.1,334.70000000000005,336.00000000000006,1622
915441300,335.30000000000007,340.70000000000005,335.05000000000007,339.90000000000003,1681
915527700,340.05000000000007,342.05000000000007,334.30000000000007,336.30000000000007,823
915614100,336.80000000000007,336.80000000000007,334.55000000000007,335.05000000000007,1030
915700500,335.30000000000007,336.55000000000007,334.55000000000007,336.50000000000006,750
915786900,335.80000000000007,337.80000000000007,335.55000000000007,337.75000000000006,1477
916046100,337.05000000000007,338.30000000000007,335.30000000000007,338.20000000000005,1736
916132500,337.55000000000007,340.05000000000007,335.30000000000007,335.45000000000005,2577
916218900,331.80000000000007,339.40000000000003,331.55000000000007,338.55000000000007,1551
916305300,337.30000000000007,338.80000000000007,336.80000000000007,337.20000000000005,1551
916391700,333.80000000000007,336.05000000000007,333.55000000000007,334.30000000000007,4576
916737300,333.30000000000007,333.55000000000007,325.80000000000007,326.1,5585
916823700,326.80000000000007,327.80000000000007,325.30000000000007,325.80000000000007,3822
916910100,327.80000000000007,327.80000000000007,325.40000000000003,325.6,3869
916996500,325.30000000000007,326.20000000000005,323.40000000000003,324.90000000000003,1490
917255700,326.30000000000007,327.05000000000007,325.05000000000007,325.1,2305
917342100,327.00000000000006,327.00000000000006,325.30000000000007,326.20000000000005,3058
917428500,326.00000000000006,326.00000000000006,322.80000000000007,323.1,3031
917514900,322.80000000000007,324.05000000000007,322.30000000000007,322.45000000000005,2172
917601300,321.55000000000007,322.80000000000007,321.50000000000006,322.65000000000003,2093
917860500,325.30000000000007,325.80000000000007,323.20000000000005,324.20000000000005,1753
917946900,324.30000000000007,325.55000000000007,323.85,325.55000000000007,2066
918033300,326.30000000000007,326.30000000000007,323.55000000000007,324.35,2986
918119700,324.05000000000007,324.05000000000007,321.80000000000007,323.00000000000006,2223
918206100,323.55000000000007,323.80000000000007,322.80000000000007,323.50000000000006,2207
918465300,323.45000000000005,324.70000000000005,322.70000000000005,323.25000000000006,766
918551700,322.45000000000005,323.15000000000003,321.6,321.95000000000005,878
918638100,321.95000000000005,323.20000000000005,321.95000000000005,322.55000000000007,375
918724500,322.85,326.45000000000005,322.85,325.30000000000007,1485
918810900,325.30000000000007,325.30000000000007,323.75000000000006,323.85,1813
919156500,324.70000000000005,324.95000000000005,318.95000000000005,319.1,1623
919242900,319.70000000000005,321.15000000000003,319.45000000000005,321.05000000000007,1056
919329300,320.45000000000005,322.20000000000005,319.75000000000006,321.50000000000006,515
919415700,321.45000000000005,321.95000000000005,321.20000000000005,321.30000000000007,488
919674900,321.45000000000005,321.70000000000005,319.70000000000005,320.6,849
919761300,319.75000000000006,325.95000000000005,319.75000000000006,323.30000000000007,563
919847700,323.45000000000005,323.85,322.70000000000005,323.1,746
919934100,323.45000000000005,323.45000000000005,320.45000000000005,320.50000000000006,1125
920020500,320.85,321.50000000000006,318.70000000000005,319.50000000000006,688
920279700,320.20000000000005,320.95000000000005,319.65000000000003,319.85,652
920366100,319.95000000000005,320.65000000000003,319.65000000000003,320.65000000000003,3307
920452500,320.45000000000005,320.70000000000005,317.45000000000005,317.75000000000006,1647
920538900,318.45000000000005,321.95000000000005,317.55000000000007,320.30000000000007,1112
920625300,321.45000000000005,323.70000000000005,320.95000000000005,323.6,1091
920884500,324.45000000000005,325.45000000000005,320.70000000000005,320.75000000000006,944
920970900,321.45000000000005,323.95000000000005,321.05000000000007,322.80000000000007,950
921057300,324.20000000000005,324.70000000000005,321.55000000000007,322.95000000000005,574
921143700,323.20000000000005,323.45000000000005,322.45000000000005,323.25000000000006,955
921230100,323.25000000000006,323.45000000000005,320.95000000000005,321.85,1118
921489300,321.25000000000006,321.45000000000005,319.45000000000005,320.05000000000007,642
921575700,321.45000000000005,322.70000000000005,321.25000000000006,321.90000000000003,1042
921662100,321.45000000000005,324.45000000000005,320.95000000000005,323.70000000000005,1646
921748500,323.70000000000005,323.70000000000005,319.55000000000007,319.65000000000003,1686
921834900,318.95000000000005,320.70000000000005,318.70000000000005,319.15000000000003,1345
922094100,318.95000000000005,320.45000000000005,317.95000000000005,317.95000000000005,1774
922180500,317.95000000000005,319.70000000000005,317.70000000000005,318.20000000000005,1042
922266900,318.45000000000005,319.85,318.35,319.00000000000006,1595
922353300,319.05000000000007,321.70000000000005,318.70000000000005,321.15000000000003,4078
922439700,321.45000000000005,326.95000000000005,320.65000000000003,325.85,6197
922698900,324.95000000000005,329.70000000000005,324.20000000000005,329.50000000000006,4234
922785300,327.95000000000005,329.95000000000005,327.25000000000006,329.15000000000003,2489
922871700,328.65000000000003,328.65000000000003,325.45000000000005,326.55000000000007,887
922958100,326.45000000000005,327.20000000000005,326.05000000000007,326.85,1259
923300100,326.70000000000005,326.70000000000005,323.45000000000005,324.20000000000005,2097
923386500,324.45000000000005,324.45000000000005,322.95000000000005,323.45000000000005,4664
923472900,323.95000000000005,324.20000000000005,319.85,319.90000000000003,8238
923559300,319.70000000000005,319.80000000000007,315.6500000000001,315.6500000000001,3404
923645700,316.55000000000007,316.55000000000007,313.55000000000007,316.3500000000001,1281
923904900,316.80000000000007,316.80000000000007,314.80000000000007,314.8500000000001,2069
923991300,315.30000000000007,316.55000000000007,314.3500000000001,314.80000000000007,713
924077700,315.3500000000001,316.55000000000007,314.8500000000001,315.8500000000001,909
924164100,315.80000000000007,316.05000000000007,315.3500000000001,315.4000000000001,572
924250500,315.55000000000007,317.80000000000007,315.55000000000007,316.3500000000001,843
924509700,317.25000000000006,319.80000000000007,317.25000000000006,318.6500000000001,1220
924596100,318.80000000000007,318.80000000000007,316.55000000000007,316.75000000000006,834
924682500,316.55000000000007,317.3500000000001,316.3500000000001,316.75000000000006,1859
924768900,316.80000000000007,317.05000000000007,313.55000000000007,313.80000000000007,1307
924855300,313.80000000000007,314.95000000000005,313.55000000000007,313.80000000000007,690
925114500,314.05000000000007,316.55000000000007,314.05000000000007,315.1500000000001,674
925200900,314.95000000000005,316.4000000000001,314.75000000000006,316.00000000000006,1622
925287300,317.05000000000007,317.45000000000005,314.45000000000005,316.05000000000007,1705
925373700,316.05000000000007,319.80000000000007,315.45000000000005,319.30000000000007,1550
925460100,318.95000000000005,320.55000000000007,317.80000000000007,319.1500000000001,109
925719300,319.1500000000001,319.1500000000001,317.05000000000007,317.80000000000007,1522
925805700,317.8500000000001,317.8500000000001,316.30000000000007,317.1000000000001,490
925892100,317.1000000000001,318.80000000000007,317.1000000000001,318.55000000000007,991
925978500,319.30000000000007,319.30000000000007,316.30000000000007,318.25000000000006,295
926064900,318.70000000000005,318.70000000000005,317.55000000000007,317.95000000000005,814
926324100,318.30000000000007,320.80000000000007,318.30000000000007,320.4000000000001,2897
926410500,321.05000000000007,323.30000000000007,320.45000000000005,322.6500000000001,1136
926496900,321.75000000000006,322.05000000000007,320.6500000000001,321.1500000000001,731
926583300,321.30000000000007,321.55000000000007,317.75000000000006,318.9000000000001,1330
926669700,319.4000000000001,322.55000000000007,318.80000000000007,322.45000000000005,2485
926928900,321.80000000000007,325.05000000000007,321.80000000000007,324.80000000000007,3362
927015300,324.55000000000007,332.55000000000007,323.45000000000005,331.95000000000005,6718
927101700,330.55000000000007,338.05000000000007,330.05000000000007,337.6500000000001,4627
927188100,335.55000000000007,337.80000000000007,333.55000000000007,334.6500000000001,2587
927274500,332.05000000000007,334.80000000000007,330.80000000000007,333.80000000000007,1412
927533700,331.55000000000007,334.05000000000007,331.05000000000007,334.05000000000007,1309
927620100,333.55000000000007,334.55000000000007,332.05000000000007,333.95000000000005,2844
927706500,333.55000000000007,339.80000000000007,332.70000000000005,339.30000000000007,3439
927792900,338.30000000000007,341.55000000000007,337.05000000000007,337.9000000000001,3439
927879300,336.55000000000007,337.05000000000007,331.80000000000007,336.75000000000006,1943
928224900,333.55000000000007,336.05000000000007,332.80000000000007,335.8500000000001,4194
928311300,337.55000000000007,338.95000000000005,335.55000000000007,336.6000000000001,2219
928397700,335.80000000000007,338.95000000000005,335.45000000000005,338.1000000000001,2369
928484100,336.55000000000007,337.30000000000007,334.05000000000007,334.9000000000001,4370
928743300,330.55000000000007,331.05000000000007,327.1500000000001,327.4000000000001,8976
928829700,325.80000000000007,326.30000000000007,319.55000000000007,320.95000000000005,5888
928916100,320.80000000000007,322.55000000000007,319.05000000000007,321.3500000000001,2249
929002500,322.00000000000006,322.00000000000006,320.75000000000006,320.85,239
929088900,321.45000000000005,321.75000000000006,320.75000000000006,321.00000000000006,727
929348100,319.50000000000006,319.6,318.6500000000001,319.25000000000006,496
929434500,319.35,320.35,319.25000000000006,319.25000000000006,279
929520900,320.25000000000006,322.25000000000006,319.75000000000006,320.6,243
929607300,320.75000000000006,321.25000000000006,320.25000000000006,320.75000000000006,187
929693700,320.75000000000006,322.00000000000006,320.6500000000001,321.30000000000007,466
929952900,318.85,319.95000000000005,318.50000000000006,319.1,268
930039300,318.75000000000006,321.25000000000006,318.75000000000006,321.1500000000001,537
930125700,321.75000000000006,321.75000000000006,320.25000000000006,320.75000000000006,596
930212100,320.50000000000006,320.50000000000006,317.85,317.95000000000005,1171
930298500,317.95000000000005,318.75000000000006,314.85,315.25000000000006,1973
930557700,314.85,315.25000000000006,313.75000000000006,313.9000000000001,1512
930644100,314.50000000000006,315.75000000000006,312.75000000000006,315.25000000000006,547
930730500,315.75000000000006,317.75000000000006,314.75000000000006,315.05000000000007,1394
930816900,315.25000000000006,315.50000000000006,313.75000000000006,313.80000000000007,1229
930903300,314.00000000000006,314.1500000000001,311.50000000000006,311.75000000000006,4154
931248900,311.00000000000006,311.25000000000006,305.75000000000006,305.95000000000005,2028
931335300,307.25000000000006,308.75000000000006,306.25000000000006,308.1500000000001,1979
931421700,309.75000000000006,311.95000000000005,309.75000000000006,310.1500000000001,1146
931508100,310.75000000000006,312.00000000000006,310.35,310.85,1178
931767300,309.25000000000006,309.25000000000006,306.1500000000001,306.25000000000006,1302
931853700,307.25000000000006,307.85,306.4000000000001,307.35,2414
931940100,308.00000000000006,310.75000000000006,307.25000000000006,309.1500000000001,1497
932026500,309.25000000000006,309.75000000000006,307.05000000000007,307.70000000000005,1722
932112900,308.25000000000006,308.50000000000006,306.1500000000001,306.4000000000001,1208
932372100,304.75000000000006,309.75000000000006,304.75000000000006,307.95000000000005,853
932458500,308.1500000000001,309.00000000000006,307.00000000000006,308.75000000000006,1802
932544900,309.00000000000006,309.75000000000006,306.55000000000007,308.45000000000005,1741
932631300,308.70000000000005,312.50000000000006,308.1500000000001,311.55000000000007,1046
932717700,311.85,311.85,308.00000000000006,308.30000000000007,1257
932976900,308.50000000000006,309.75000000000006,308.25000000000006,309.45000000000005,1247
933063300,309.50000000000006,311.05000000000007,309.35,310.95000000000005,3195
933149700,311.50000000000006,311.50000000000006,307.75000000000006,309.6500000000001,2148
933236100,308.85,309.50000000000006,308.00000000000006,308.75000000000006,3406
933322500,306.55000000000007,307.30000000000007,304.75000000000006,304.95000000000005,2512
933581700,304.50000000000006,308.50000000000006,304.50000000000006,307.6500000000001,2942
933668100,308.25000000000006,308.25000000000006,306.75000000000006,307.30000000000007,2970
933754500,307.85,309.50000000000006,306.6500000000001,307.4000000000001,1599
933840900,307.35,308.75000000000006,307.00000000000006,307.6500000000001,2265
933927300,307.85,308.25000000000006,306.00000000000006,306.6500000000001,2268
934186500,307.00000000000006,308.35,306.6500000000001,308.00000000000006,2579
934272900,308.50000000000006,308.55000000000007,307.00000000000006,307.35,4098
934359300,308.35,310.50000000000006,308.1500000000001,310.30000000000007,4186
934445700,310.80000000000007,311.00000000000006,307.30000000000007,307.4000000000001,1233
934532100,311.20000000000005,314.80000000000007,310.30000000000007,312.1500000000001,1206
934791300,309.30000000000007,309.50000000000006,303.80000000000007,303.8500000000001,1371
934877700,304.80000000000007,306.4000000000001,303.70000000000005,304.45000000000005,485
934964100,305.05000000000007,305.70000000000005,304.30000000000007,304.80000000000007,659
935050500,305.55000000000007,306.1000000000001,304.05000000000007,304.05000000000007,1231
935136900,304.30000000000007,304.55000000000007,302.80000000000007,304.30000000000007,566
935396100,304.30000000000007,305.70000000000005,304.30000000000007,304.80000000000007,578
935482500,305.05000000000007,305.55000000000007,304.20000000000005,304.45000000000005,707
935568900,304.6000000000001,305.30000000000007,303.80000000000007,305.00000000000006,623
935655300,304.55000000000007,305.45000000000005,304.05000000000007,304.05000000000007,419
935741700,304.30000000000007,304.70000000000005,303.45000000000005,304.00000000000006,1238
936000900,304.20000000000005,304.50000000000006,300.80000000000007,300.95000000000005,557
936087300,302.00000000000006,302.9000000000001,301.00000000000006,302.6000000000001,807
936173700,303.4000000000001,306.55000000000007,303.4000000000001,306.3500000000001,1081
936260100,306.30000000000007,308.50000000000006,305.05000000000007,306.4000000000001,690
936346500,306.05000000000007,306.3500000000001,304.70000000000005,304.70000000000005,570
936692100,303.55000000000007,304.30000000000007,302.80000000000007,302.80000000000007,1076
936778500,302.70000000000005,303.6000000000001,301.80000000000007,303.20000000000005,1364
936864900,301.80000000000007,302.05000000000007,299.80000000000007,300.05000000000007,1219
936951300,299.9000000000001,300.3500000000001,297.00000000000006,297.95000000000005,788
937210500,297.9000000000001,298.55000000000007,296.70000000000005,298.55000000000007,612
937296900,298.9000000000001,299.80000000000007,297.55000000000007,298.9000000000001,611
937383300,298.30000000000007,298.80000000000007,297.05000000000007,297.1500000000001,1090
937469700,297.80000000000007,298.05000000000007,296.30000000000007,296.9000000000001,796
937556100,297.55000000000007,297.70000000000005,296.70000000000005,296.9000000000001,645
937815300,295.9000000000001,297.1500000000001,295.9000000000001,296.1000000000001,1250
937901700,295.80000000000007,295.9000000000001,294.80000000000007,295.45000000000005,1081
937988100,295.55000000000007,295.70000000000005,294.6000000000001,294.80000000000007,736
938074500,294.80000000000007,296.20000000000005,294.30000000000007,295.9000000000001,1694
938160900,296.05000000000007,296.80000000000007,293.70000000000005,296.6000000000001,1117
938420100,296.30000000000007,298.05000000000007,296.05000000000007,297.00000000000006,580
938506500,296.80000000000007,297.80000000000007,296.50000000000006,297.4000000000001,914
938592900,298.30000000000007,299.4000000000001,298.05000000000007,299.1000000000001,830
938679300,299.30000000000007,299.55000000000007,295.00000000000006,295.25000000000006,1408
938765700,293.30000000000007,295.05000000000007,293.30000000000007,293.9000000000001,1130
939024900,294.80000000000007,296.00000000000006,294.50000000000006,295.50000000000006,1460
939111300,295.05000000000007,298.30000000000007,295.05000000000007,297.70000000000005,1883
939197700,297.55000000000007,300.05000000000007,296.80000000000007,298.30000000000007,688
939284100,298.70000000000005,299.4000000000001,297.70000000000005,298.1000000000001,1147
939370500,297.30000000000007,298.4000000000001,296.9000000000001,297.75000000000006,3126
939629700,303.80000000000007,305.55000000000007,302.30000000000007,303.6000000000001,3628
939716100,304.55000000000007,309.30000000000007,304.55000000000007,309.1000000000001,11150
939802500,318.80000000000007,331.80000000000007,318.80000000000007,331.1500000000001,7152
939888900,328.55000000000007,328.55000000000007,315.80000000000007,319.05000000000007,3643
939975300,319.80000000000007,322.80000000000007,317.05000000000007,320.55000000000007,3084
940234500,306.30000000000007,311.80000000000007,305.80000000000007,308.50000000000006,2861
940320900,310.80000000000007,311.50000000000006,306.05000000000007,310.3500000000001,3403
940407300,307.05000000000007,309.80000000000007,306.55000000000007,308.25000000000006,2606
940493700,306.55000000000007,307.20000000000005,302.80000000000007,303.70000000000005,1676
940580100,301.30000000000007,305.80000000000007,301.05000000000007,305.70000000000005,2328
940839300,305.05000000000007,313.30000000000007,305.05000000000007,312.6500000000001,2262
940925700,309.30000000000007,311.30000000000007,305.30000000000007,308.05000000000007,1763
941012100,308.45000000000005,309.55000000000007,305.30000000000007,308.45000000000005,1849
941098500,311.05000000000007,312.80000000000007,309.30000000000007,309.6000000000001,2549
941184900,312.30000000000007,315.30000000000007,311.55000000000007,313.05000000000007,0
941447700,319.80000000000007,325.80000000000007,318.80000000000007,323.1500000000001,3431
941534100,319.30000000000007,320.55000000000007,316.4000000000001,316.6500000000001,2117
941620500,317.80000000000007,319.80000000000007,314.30000000000007,317.80000000000007,2046
941706900,316.80000000000007,320.30000000000007,316.80000000000007,318.8500000000001,2875
941793300,315.55000000000007,319.05000000000007,315.30000000000007,318.30000000000007,5081
942052500,326.1,326.1,321.45000000000005,324.00000000000006,607
942138900,325.1,328.6,325.1,326.75000000000006,445
942225300,327.6,328.1,325.05000000000007,325.30000000000007,417
942311700,327.1,329.85,326.1,329.50000000000006,2325
942398100,331.1,338.1,330.85,336.05000000000007,2240
942657300,340.1,343.6,337.1,342.50000000000006,1625
942743700,339.1,344.1,338.35,339.6,886
942830100,341.1,341.1,338.1,339.9000000000001,1175
942916500,337.1,337.20000000000005,323.1,326.95000000000005,857
943002900,327.35,328.80000000000007,324.1,324.70000000000005,451
943262100,327.1,327.50000000000006,324.6,324.80000000000007,769
943348500,320.6,322.35,320.6,322.20000000000005,0
943434900,323.6,323.6,320.1,321.40000000000003,437
943866900,325.1,328.80000000000007,325.1,328.70000000000005,1249
943953300,331.1,345.1,330.6,344.85,1576
944039700,343.1,346.6,339.1,341.1,2042
944126100,345.1,358.1,345.1,346.05000000000007,1450
944212500,353.1,354.6,348.6,353.70000000000005,1331
944471700,345.1,346.1,341.1,344.75000000000006,597
944558100,346.35,346.35,339.1,343.95000000000005,684
944644500,342.30000000000007,343.50000000000006,338.85,339.50000000000006,1315
944730900,333.85,334.1,331.1,332.75000000000006,818
944817300,332.1,337.1,332.1,337.1,414
945076500,333.1,335.35,332.85,334.80000000000007,935
945162900,333.1,334.35,329.85,333.00000000000006,1673
945249300,331.6,339.85,331.6,338.85,1229
945335700,341.1,344.6,339.6,341.6500000000001,1114
945422100,341.1,345.6,339.85,343.20000000000005,958
945681300,346.1,350.35,344.85,346.1500000000001,1436
945767700,337.6,338.1,328.20000000000005,331.50000000000006,1521
945854100,328.6,331.85,326.1,328.70000000000005,641
945940500,329.85,332.85,329.1,332.05000000000007,106
946286100,332.90000000000003,333.35,332.35,332.90000000000003,657
946372500,333.6,333.6,329.85,329.90000000000003,0
946458900,329.90000000000003,330.85,329.1,330.75000000000006,893
946545300,331.1,336.6,330.90000000000003,336.50000000000006,934
946890900,327.6,333.6,327.1,327.6,1140
946977300,327.6,330.85,326.80000000000007,327.25000000000006,1032
947063700,327.1,331.6,327.1,329.45000000000005,606
947150100,330.20000000000005,331.80000000000007,327.6,327.65000000000003,731
947236500,328.30000000000007,328.30000000000007,324.70000000000005,324.95000000000005,1267
947495700,333.1,333.1,327.1,328.35,577
947582100,327.35,328.80000000000007,327.00000000000006,328.65000000000003,631
947668500,329.1,331.40000000000003,327.90000000000003,329.80000000000007,812
947754900,329.6,329.85,328.70000000000005,329.40000000000003,1477
947841300,329.1,330.90000000000003,323.35,323.45000000000005,1290
948186900,323.1,328.1,321.85,326.75000000000006,2150
948273300,328.6,329.1,325.85,327.70000000000005,2174
948359700,329.6,329.70000000000005,322.85,323.00000000000006,1788
948446100,323.35,324.40000000000003,321.80000000000007,322.30000000000007,2104
948705300,322.50000000000006,325.35,322.35,322.90000000000003,1824
948791700,322.85,324.45000000000005,322.70000000000005,323.85,1568
948878100,323.6,326.35,323.1,326.1,1868
948964500,326.40000000000003,327.1,323.85,325.40000000000003,1065
949050900,325.70000000000005,326.1,324.6,325.50000000000006,1728
949310100,324.6,324.6,321.1,322.00000000000006,2158
949396500,321.6,323.6,320.95000000000005,322.6,1635
949482900,323.6,324.95000000000005,322.85,323.05000000000007,1901
949569300,322.35,324.15000000000003,322.20000000000005,323.70000000000005,2292
949655700,323.35,325.1,323.35,323.80000000000007,2880
949914900,324.6,324.6,322.1,322.65000000000003,4699
950001300,322.85,323.05000000000007,319.30000000000007,319.35,3722
950087700,319.1,320.35,317.85,318.6,3109
950174100,319.70000000000005,319.70000000000005,318.45000000000005,319.6,253
950260500,320.05000000000007,321.45000000000005,319.45000000000005,319.55000000000007,745
950519700,317.95000000000005,318.20000000000005,315.45000000000005,315.80000000000007,1172
950606100,316.45000000000005,317.45000000000005,316.35,316.75000000000006,2826
950692500,316.35,317.75000000000006,315.45000000000005,315.70000000000005,1185
950778900,316.05000000000007,316.45000000000005,315.25000000000006,316.05000000000007,1185
950865300,316.95000000000005,317.20000000000005,313.75000000000006,313.95000000000005,2169
951210900,312.95000000000005,313.95000000000005,312.45000000000005,312.55000000000007,1938
951297300,312.45000000000005,313.35,311.70000000000005,312.75000000000006,1013
951383700,312.20000000000005,312.65000000000003,310.95000000000005,311.05000000000007,1723
951470100,310.70000000000005,311.20000000000005,306.45000000000005,307.15000000000003,1206
951729300,306.95000000000005,310.1,306.95000000000005,310.1,3087
951815700,308.1,311.85,307.35,308.1,1460
951902100,308.95000000000005,310.20000000000005,308.70000000000005,309.75000000000006,1258
951988500,311.45000000000005,313.70000000000005,311.15000000000003,313.6,1190
952074900,313.45000000000005,314.20000000000005,312.35,313.25000000000006,1557
952334100,313.05000000000007,314.95000000000005,312.95000000000005,314.75000000000006,1077
952420500,315.95000000000005,317.20000000000005,315.35,316.70000000000005,1619
952506900,315.70000000000005,316.05000000000007,314.80000000000007,315.95000000000005,1061
952593300,316.75000000000006,317.95000000000005,315.45000000000005,315.75000000000006,971
952679700,315.70000000000005,316.05000000000007,313.45000000000005,314.65000000000003,655
952938900,314.55000000000007,314.95000000000005,313.45000000000005,314.45000000000005,1347
953025300,315.20000000000005,315.20000000000005,310.55000000000007,311.20000000000005,1328
953111700,311.45000000000005,311.45000000000005,309.45000000000005,311.30000000000007,1111
953198100,312.15000000000003,314.85,312.05000000000007,314.80000000000007,1116
953284500,314.20000000000005,314.55000000000007,313.20000000000005,314.30000000000007,1149
953543700,312.95000000000005,313.15000000000003,310.95000000000005,311.45000000000005,1413
953630100,311.95000000000005,312.35,311.45000000000005,312.35,932
953716500,312.65000000000003,313.95000000000005,312.65000000000003,313.90000000000003,2484
953802900,313.95000000000005,314.70000000000005,309.70000000000005,310.30000000000007,1507
953889300,310.70000000000005,311.35,309.25000000000006,311.25000000000006,1751
954148500,310.70000000000005,311.35,309.65000000000003,311.25000000000006,1409
954234900,312.95000000000005,313.35,311.95000000000005,312.6,1490
954321300,312.95000000000005,313.25000000000006,311.75000000000006,312.05000000000007,1174
954407700,311.95000000000005,312.40000000000003,311.35,311.50000000000006,1397
954494100,311.45000000000005,312.55000000000007,310.20000000000005,311.75000000000006,1495
954749700,311.45000000000005,311.55000000000007,309.55000000000007,310.20000000000005,2458
954836100,310.45000000000005,310.70000000000005,308.15000000000003,308.20000000000005,4540
954922500,307.45000000000005,312.55000000000007,305.45000000000005,309.90000000000003,3586
955008900,309.45000000000005,309.45000000000005,306.95000000000005,309.1,2854
955095300,308.95000000000005,309.45000000000005,307.70000000000005,307.85,4519
955354500,307.50000000000006,307.50000000000006,304.9000000000001,304.95000000000005,1114
955440900,305.30000000000007,305.55000000000007,304.6000000000001,305.1000000000001,1993
955527300,304.9000000000001,305.30000000000007,302.9000000000001,303.00000000000006,2211
955613700,303.4000000000001,303.80000000000007,302.30000000000007,303.70000000000005,1803
955700100,303.80000000000007,304.05000000000007,301.30000000000007,301.75000000000006,1043
955959300,302.05000000000007,302.6000000000001,301.55000000000007,301.95000000000005,1525
956045700,302.05000000000007,305.4000000000001,301.9000000000001,303.6000000000001,1055
956132100,304.30000000000007,305.30000000000007,303.80000000000007,305.1500000000001,814
956218500,305.55000000000007,307.55000000000007,305.50000000000006,307.45000000000005,1034
956564100,307.4000000000001,307.4000000000001,303.30000000000007,303.75000000000006,830
956650500,304.55000000000007,305.20000000000005,303.80000000000007,304.25000000000006,605
956736900,304.30000000000007,304.30000000000007,302.80000000000007,303.30000000000007,482
956823300,303.80000000000007,303.9000000000001,303.05000000000007,303.25000000000006,587
956909700,303.55000000000007,304.4000000000001,302.4000000000001,303.75000000000006,931
957168900,306.20000000000005,309.6000000000001,306.05000000000007,309.3500000000001,690
957255300,308.55000000000007,308.80000000000007,306.30000000000007,308.1500000000001,1166
957341700,307.30000000000007,307.30000000000007,302.80000000000007,303.05000000000007,636
957428100,303.80000000000007,305.95000000000005,303.4000000000001,305.70000000000005,251
957514500,305.80000000000007,306.6000000000001,304.30000000000007,305.50000000000006,440
957773700,305.80000000000007,306.05000000000007,304.30000000000007,305.8500000000001,1072
957860100,306.05000000000007,308.30000000000007,305.30000000000007,306.20000000000005,270
957946500,306.20000000000005,306.80000000000007,305.30000000000007,305.80000000000007,745
958032900,306.1000000000001,306.20000000000005,303.70000000000005,304.4000000000001,1559
958119300,304.70000000000005,305.05000000000007,300.05000000000007,300.20000000000005,1351
958378500,300.80000000000007,300.80000000000007,299.6500000000001,299.6500000000001,982
958464900,299.30000000000007,301.6000000000001,299.30000000000007,300.55000000000007,1648
958551300,300.30000000000007,300.6000000000001,298.30000000000007,299.80000000000007,863
958637700,300.55000000000007,301.80000000000007,298.50000000000006,300.20000000000005,1678
958724100,301.55000000000007,304.55000000000007,301.00000000000006,303.70000000000005,2989
958983300,304.00000000000006,310.20000000000005,304.00000000000006,308.6000000000001,1642
959069700,308.80000000000007,309.75000000000006,307.00000000000006,309.25000000000006,1204
959156100,309.05000000000007,309.1000000000001,306.55000000000007,307.50000000000006,1279
959242500,304.9000000000001,307.05000000000007,304.4000000000001,305.05000000000007,684
959328900,303.80000000000007,305.4000000000001,303.55000000000007,304.95000000000005,750
959674500,305.1500000000001,306.70000000000005,305.1000000000001,306.1000000000001,3797
959760900,307.1000000000001,307.30000000000007,298.80000000000007,299.00000000000006,2652
959847300,300.05000000000007,303.20000000000005,299.55000000000007,300.55000000000007,1445
959933700,300.55000000000007,302.50000000000006,300.55000000000007,301.55000000000007,1865
960192900,300.20000000000005,300.70000000000005,299.30000000000007,299.50000000000006,5514
960279300,298.80000000000007,299.05000000000007,295.05000000000007,295.30000000000007,2871
960365700,297.30000000000007,298.9000000000001,296.80000000000007,298.1000000000001,3391
960452100,297.30000000000007,300.55000000000007,296.80000000000007,298.6500000000001,2631
960538500,297.80000000000007,298.80000000000007,297.55000000000007,298.05000000000007,434
960797700,298.30000000000007,298.30000000000007,296.30000000000007,297.6500000000001,429
960884100,297.4000000000001,297.4000000000001,296.30000000000007,297.3500000000001,407
960970500,296.30000000000007,297.70000000000005,295.80000000000007,296.25000000000006,1065
961056900,296.05000000000007,296.05000000000007,293.30000000000007,294.45000000000005,438
961143300,294.80000000000007,295.30000000000007,293.30000000000007,293.55000000000007,481
961402500,293.30000000000007,293.80000000000007,292.80000000000007,293.30000000000007,584
961488900,293.80000000000007,294.25000000000006,293.4000000000001,293.55000000000007,982
961575300,293.80000000000007,294.05000000000007,291.30000000000007,291.45000000000005,516
961661700,292.55000000000007,293.4000000000001,292.30000000000007,292.6000000000001,624
961748100,293.4000000000001,296.30000000000007,292.80000000000007,292.8500000000001,386
962007300,292.05000000000007,293.20000000000005,291.55000000000007,293.05000000000007,764
962093700,292.30000000000007,294.05000000000007,292.05000000000007,293.80000000000007,617
962180100,294.55000000000007,294.70000000000005,292.55000000000007,293.1000000000001,600
962266500,293.1000000000001,293.50000000000006,291.80000000000007,291.80000000000007,600
962352900,292.55000000000007,292.6000000000001,289.6000000000001,290.45000000000005,581
962784900,290.55000000000007,291.50000000000006,290.55000000000007,291.1500000000001,1159
962871300,290.80000000000007,290.80000000000007,288.55000000000007,288.6500000000001,1381
962957700,289.30000000000007,289.30000000000007,285.80000000000007,286.6000000000001,1174
963216900,291.80000000000007,291.80000000000007,289.30000000000007,289.55000000000007,2252
963303300,290.80000000000007,297.6000000000001,290.05000000000007,295.9000000000001,1366
963389700,295.80000000000007,297.05000000000007,293.55000000000007,295.4000000000001,2126
963476100,299.80000000000007,305.70000000000005,299.80000000000007,304.9000000000001,2126
963562500,294.80000000000007,297.55000000000007,293.80000000000007,294.4000000000001,2220
963821700,306.80000000000007,307.30000000000007,300.55000000000007,303.6500000000001,4168
963908100,316.80000000000007,323.6500000000001,316.80000000000007,320.8500000000001,2016
963994500,316.80000000000007,317.55000000000007,311.80000000000007,314.00000000000006,1821
964080900,306.30000000000007,306.80000000000007,298.30000000000007,300.55000000000007,2020
964167300,302.55000000000007,305.80000000000007,298.80000000000007,299.45000000000005,2811
964426500,289.80000000000007,290.80000000000007,287.6000000000001,289.50000000000006,1466
964512900,289.80000000000007,290.30000000000007,288.1000000000001,288.4000000000001,1153
964599300,289.05000000000007,290.55000000000007,288.55000000000007,290.00000000000006,743
964685700,289.80000000000007,291.9000000000001,289.30000000000007,289.3500000000001,553
964772100,290.05000000000007,291.20000000000005,290.05000000000007,290.55000000000007,2104
965031300,289.20000000000005,289.6000000000001,287.80000000000007,289.55000000000007,1093
965117700,289.55000000000007,290.70000000000005,289.4000000000001,289.6000000000001,1022
965204100,290.4000000000001,290.55000000000007,289.30000000000007,289.70000000000005,1226
965290500,290.30000000000007,290.80000000000007,288.55000000000007,289.25000000000006,1444
965376900,289.4000000000001,289.50000000000006,288.4000000000001,289.1000000000001,1288
965636100,289.1000000000001,289.4000000000001,288.30000000000007,288.95000000000005,2419
965722500,289.05000000000007,289.30000000000007,287.30000000000007,287.50000000000006,4492
965808900,287.30000000000007,287.55000000000007,283.05000000000007,283.25000000000006,3595
965895300,283.8500000000001,285.05000000000007,283.2500000000001,283.4000000000001,212
965981700,283.8500000000001,285.1000000000001,283.8500000000001,284.55000000000007,0
966240900,284.55000000000007,284.55000000000007,281.1000000000001,282.8500000000001,139
966327300,282.8500000000001,283.0000000000001,282.1000000000001,282.6500000000001,732
966413700,281.3500000000001,282.3500000000001,280.3500000000001,281.9000000000001,0
966500100,282.8500000000001,283.3500000000001,281.3500000000001,282.1500000000001,174
966586500,282.3500000000001,282.6000000000001,281.3500000000001,282.1000000000001,239
966845700,282.6000000000001,282.6000000000001,281.3500000000001,281.55000000000007,228
966932100,281.8500000000001,281.8500000000001,281.1000000000001,281.1000000000001,664
967018500,281.6000000000001,281.8500000000001,279.3500000000001,279.3500000000001,342
967104900,280.1000000000001,282.8500000000001,279.8500000000001,281.9000000000001,255
967191300,281.6000000000001,282.3500000000001,281.6000000000001,281.8500000000001,992
967450500,281.55000000000007,281.55000000000007,278.8500000000001,279.45000000000005,791
967536900,280.1000000000001,280.2500000000001,278.95000000000005,278.95000000000005,529
967623300,278.8500000000001,279.1500000000001,278.20000000000005,278.6500000000001,447
967709700,278.8500000000001,279.8500000000001,278.6500000000001,278.95000000000005,330
967796100,279.20000000000005,281.6000000000001,279.20000000000005,279.6000000000001,1005
968141700,279.55000000000007,279.55000000000007,277.1500000000001,277.6500000000001,492
968228100,278.7500000000001,280.1000000000001,278.6000000000001,279.45000000000005,870
968314500,279.95000000000005,281.8500000000001,279.80000000000007,281.6500000000001,189
968400900,281.1500000000001,281.6500000000001,280.6500000000001,281.3500000000001,632
968660100,282.55000000000007,282.8500000000001,279.8500000000001,282.1500000000001,410
968746500,282.05000000000007,282.8500000000001,281.1500000000001,282.8500000000001,706
968832900,282.3500000000001,284.1000000000001,282.3500000000001,283.8500000000001,586
968919300,283.1000000000001,283.3500000000001,280.3500000000001,281.20000000000005,243
969005700,281.3500000000001,281.4000000000001,280.1000000000001,280.2500000000001,200
969264900,280.55000000000007,281.8500000000001,280.3500000000001,281.4000000000001,316
969351300,281.3500000000001,281.45000000000005,280.8500000000001,281.1500000000001,1511
969437700,279.6000000000001,279.6000000000001,277.1000000000001,278.2500000000001,965
969524100,277.6000000000001,278.05000000000007,276.8500000000001,276.8500000000001,733
969610500,277.45000000000005,278.05000000000007,276.55000000000007,277.05000000000007,299
969869700,277.6000000000001,278.1500000000001,277.2500000000001,278.1500000000001,554
969956100,278.8500000000001,281.05000000000007,278.6500000000001,280.70000000000005,1133
970042500,280.3500000000001,280.6500000000001,277.3500000000001,278.0000000000001,971
970128900,278.1500000000001,278.95000000000005,278.05000000000007,278.8500000000001,1431
970215300,278.05000000000007,282.8500000000001,276.95000000000005,282.1000000000001,1130
970474500,280.3500000000001,281.1000000000001,277.95000000000005,278.3500000000001,668
970560900,278.3500000000001,278.8500000000001,276.95000000000005,278.55000000000007,448
970647300,278.1000000000001,278.6000000000001,277.6000000000001,278.55000000000007,577
970733700,278.6000000000001,278.7500000000001,277.55000000000007,277.95000000000005,374
970820100,278.3500000000001,279.1000000000001,277.6000000000001,278.6500000000001,367
971079300,278.6500000000001,279.1000000000001,278.3500000000001,279.1000000000001,503
971165700,279.1500000000001,279.8500000000001,277.8500000000001,279.80000000000007,1427
971252100,280.8500000000001,282.2500000000001,280.7500000000001,282.1000000000001,1188
971338500,282.1000000000001,282.8500000000001,279.05000000000007,280.3500000000001,1087
971424900,279.3500000000001,280.3500000000001,278.6500000000001,280.1000000000001,1803
971684100,282.2500000000001,285.8500000000001,282.2500000000001,284.5000000000001,3822
971770500,283.3500000000001,289.8500000000001,283.3500000000001,287.8500000000001,1952
971856900,289.1000000000001,289.8500000000001,286.8500000000001,287.2500000000001,1023
971943300,286.1000000000001,286.8500000000001,284.95000000000005,285.7500000000001,1206
972029700,285.8500000000001,286.1000000000001,282.7500000000001,283.2500000000001,2533
972288900,282.8500000000001,284.05000000000007,277.3500000000001,277.55000000000007,1105
972375300,278.55000000000007,278.95000000000005,278.1000000000001,278.3500000000001,1354
972461700,277.3500000000001,277.95000000000005,277.05000000000007,277.1500000000001,3837
972548100,277.6000000000001,278.6000000000001,274.3500000000001,274.45000000000005,600
972634500,274.3500000000001,275.1500000000001,274.3500000000001,274.80000000000007,2445
972897300,273.8500000000001,274.1000000000001,272.6500000000001,272.80000000000007,2689
972983700,273.1000000000001,274.2500000000001,272.8500000000001,273.6000000000001,1611
973070100,274.45000000000005,275.20000000000005,272.8500000000001,273.20000000000005,1408
973156500,273.3500000000001,274.1500000000001,273.2500000000001,273.5000000000001,2706
973242900,272.8500000000001,273.2500000000001,272.05000000000007,273.1500000000001,1898
973502100,273.8500000000001,274.55000000000007,273.45000000000005,274.2500000000001,1683
973588500,273.8500000000001,274.2500000000001,273.80000000000007,274.1000000000001,3484
973674900,273.1000000000001,275.45000000000005,272.8500000000001,274.8500000000001,3757
973761300,273.9000000000001,274.6000000000001,273.6000000000001,273.6000000000001,257
973847700,273.80000000000007,274.1000000000001,273.30000000000007,273.45000000000005,610
974106900,273.1000000000001,273.3500000000001,270.8500000000001,270.8500000000001,404
974193300,271.80000000000007,271.8500000000001,270.6000000000001,270.6000000000001,168
974279700,270.70000000000005,270.70000000000005,269.6000000000001,269.6500000000001,937
974366100,269.8500000000001,269.8500000000001,268.3500000000001,268.45000000000005,1190
974452500,268.45000000000005,268.9000000000001,268.20000000000005,268.20000000000005,168
974711700,268.6000000000001,270.0000000000001,268.3500000000001,269.45000000000005,717
974798100,269.6000000000001,269.70000000000005,266.5000000000001,267.5000000000001,0
974884500,267.5000000000001,267.80000000000007,266.80000000000007,266.9000000000001,352
975316500,266.1000000000001,268.30000000000007,266.1000000000001,267.0000000000001,279
975402900,267.1000000000001,268.5000000000001,267.0000000000001,268.4000000000001,297
975489300,267.8500000000001,269.20000000000005,267.5000000000001,268.70000000000005,948
975575700,267.6000000000001,269.1000000000001,265.8500000000001,265.95000000000005,446
975662100,266.1000000000001,266.1000000000001,265.1000000000001,265.7500000000001,468
975921300,265.20000000000005,266.80000000000007,264.6000000000001,265.95000000000005,636
976007700,265.3500000000001,265.7500000000001,264.1000000000001,265.1000000000001,749
976094100,264.8500000000001,266.3500000000001,264.2500000000001,264.80000000000007,677
976180500,265.6000000000001,266.1500000000001,264.9000000000001,264.9000000000001,1087
976266900,264.0000000000001,264.6000000000001,262.1000000000001,262.1500000000001,695
976526100,263.0000000000001,263.70000000000005,262.30000000000007,262.5000000000001,377
976612500,262.1000000000001,263.30000000000007,261.9000000000001,262.4000000000001,329
976698900,262.5000000000001,262.9000000000001,262.1000000000001,262.1500000000001,998
976785300,262.0000000000001,262.0000000000001,259.6000000000001,259.70000000000005,1109
976871700,260.6000000000001,260.80000000000007,260.20000000000005,260.70000000000005,1254
977130900,260.6000000000001,260.9000000000001,259.9000000000001,260.1000000000001,732
977217300,260.0000000000001,260.3500000000001,259.1500000000001,259.20000000000005,504
977303700,259.6000000000001,259.70000000000005,259.1000000000001,259.55000000000007,991
977390100,260.30000000000007,261.6500000000001,260.0000000000001,260.6000000000001,491
977476500,260.1000000000001,260.3500000000001,259.30000000000007,259.45000000000005,874
977822100,260.3500000000001,263.1000000000001,260.3500000000001,261.3500000000001,776
977908500,261.6000000000001,261.8500000000001,259.9000000000001,260.5000000000001,1140
977994900,260.6000000000001,261.70000000000005,260.6000000000001,261.45000000000005,1177
978081300,261.5000000000001,261.5000000000001,259.5000000000001,259.6000000000001,1634
978426900,259.5000000000001,259.55000000000007,257.1000000000001,257.4000000000001,1263
978513300,257.6000000000001,257.80000000000007,256.7500000000001,257.55000000000007,944
978599700,257.6000000000001,257.9000000000001,257.1000000000001,257.4000000000001,1343
978686100,257.20000000000005,258.6000000000001,256.6000000000001,258.3500000000001,1580
978945300,259.9000000000001,261.6000000000001,257.05000000000007,257.7500000000001,1257
979031700,257.1000000000001,257.9000000000001,256.1000000000001,257.7500000000001,686
979118100,257.6000000000001,258.0000000000001,256.9000000000001,257.4000000000001,852
979204500,257.6000000000001,258.6000000000001,257.5000000000001,257.6000000000001,1666
979290900,258.3500000000001,259.5000000000001,257.3500000000001,258.9000000000001,1854
979636500,260.6000000000001,261.5000000000001,258.7500000000001,261.30000000000007,3565
979722900,261.3500000000001,264.80000000000007,260.6000000000001,263.95000000000005,3114
979809300,263.3500000000001,263.9000000000001,259.95000000000005,260.70000000000005,1366
979895700,261.1000000000001,262.5000000000001,260.9000000000001,262.05000000000007,2464
980154900,262.5000000000001,265.6000000000001,262.5000000000001,265.05000000000007,2439
980241300,265.1000000000001,265.6000000000001,262.6000000000001,263.80000000000007,1524
980327700,264.6000000000001,265.1000000000001,263.20000000000005,263.80000000000007,2026
980414100,262.1000000000001,262.9000000000001,260.0000000000001,261.6500000000001,874
980500500,262.0000000000001,262.0000000000001,260.80000000000007,260.8500000000001,1776
980759700,260.3500000000001,260.3500000000001,259.2500000000001,259.2500000000001,2574
980846100,257.6000000000001,258.6000000000001,257.45000000000005,258.05000000000007,2184
980932500,258.1000000000001,258.55000000000007,257.20000000000005,257.55000000000007,2013
981018900,258.0000000000001,258.80000000000007,257.3500000000001,258.5000000000001,2787
981105300,258.6000000000001,258.80000000000007,256.8500000000001,257.0000000000001,2131
981364500,256.70000000000005,257.20000000000005,256.20000000000005,256.55000000000007,2823
981450900,256.4000000000001,256.95000000000005,256.1000000000001,256.1000000000001,5562
981537300,255.85000000000008,256.80000000000007,255.35000000000008,255.6500000000001,2666
981623700,255.6500000000001,256.4500000000001,255.5500000000001,256.1500000000001,717
981710100,256.6500000000001,257.1500000000001,256.55000000000007,256.6500000000001,0
981969300,256.3500000000001,256.80000000000007,256.3500000000001,256.6000000000001,0
982055700,256.80000000000007,257.7500000000001,256.80000000000007,257.05000000000007,2212
982142100,257.30000000000007,257.55000000000007,256.55000000000007,257.05000000000007,583
982228500,257.05000000000007,257.05000000000007,255.9000000000001,255.9000000000001,1175
982314900,255.5500000000001,255.9500000000001,254.0500000000001,254.2500000000001,1963
982660500,254.6500000000001,257.2000000000001,254.5500000000001,257.0000000000001,1520
982746900,256.8500000000001,257.3500000000001,256.55000000000007,256.55000000000007,1982
982833300,256.55000000000007,258.30000000000007,256.30000000000007,256.3500000000001,1505
982919700,256.55000000000007,258.05000000000007,256.2500000000001,258.05000000000007,1182
983178900,258.05000000000007,258.55000000000007,255.5500000000001,256.8500000000001,978
983265300,257.55000000000007,257.8500000000001,257.1500000000001,257.6000000000001,980
983351700,257.6000000000001,257.8500000000001,256.6500000000001,257.1500000000001,1095
983438100,256.80000000000007,257.1500000000001,255.7500000000001,256.2000000000001,772
983524500,256.4000000000001,257.55000000000007,256.4000000000001,257.1500000000001,860
983783700,257.1500000000001,257.55000000000007,256.8500000000001,257.2500000000001,1141
983870100,257.80000000000007,259.80000000000007,257.80000000000007,258.5000000000001,1806
983956500,259.05000000000007,260.2500000000001,258.80000000000007,259.05000000000007,1314
984042900,258.3500000000001,258.7500000000001,256.8500000000001,257.9500000000001,1667
984129300,257.3500000000001,257.3500000000001,255.0500000000001,255.3000000000001,1459
984388500,255.2000000000001,255.9000000000001,254.85000000000008,255.7000000000001,1996
984474900,256.05000000000007,256.05000000000007,254.4500000000001,254.60000000000008,1733
984561300,254.35000000000008,254.9000000000001,254.0500000000001,254.35000000000008,2202
984647700,253.5500000000001,253.7500000000001,252.4500000000001,252.5000000000001,2315
984734100,252.4000000000001,252.9500000000001,251.4500000000001,252.3000000000001,978
984993300,252.9500000000001,253.3000000000001,252.1500000000001,252.9500000000001,794
985079700,253.5500000000001,253.5500000000001,252.9500000000001,253.10000000000008,1038
985166100,253.1500000000001,253.2500000000001,252.35000000000008,252.60000000000008,2670
985252500,252.4500000000001,252.5500000000001,250.9500000000001,251.60000000000008,2042
985338900,251.9500000000001,252.0500000000001,251.3000000000001,251.5500000000001,2263
985598100,251.8000000000001,254.0500000000001,251.6500000000001,253.0500000000001,1839
985684500,252.9500000000001,253.1500000000001,252.0500000000001,252.4000000000001,1437
985770900,252.8000000000001,253.7500000000001,252.2500000000001,252.4000000000001,2213
985857300,252.3000000000001,253.3000000000001,252.0500000000001,252.85000000000008,1983
985943700,253.0500000000001,253.7500000000001,251.5500000000001,251.5500000000001,2759
986199300,251.4500000000001,251.5500000000001,250.5500000000001,250.85000000000008,3492
986285700,250.85000000000008,251.0500000000001,250.0500000000001,250.1500000000001,3636
986372100,250.5500000000001,251.1500000000001,250.10000000000008,250.6500000000001,3450
986458500,250.5500000000001,250.85000000000008,250.2500000000001,250.4000000000001,4447
986544900,250.4000000000001,250.4500000000001,249.1500000000001,249.4000000000001,3929
986804100,249.4000000000001,249.9000000000001,249.0000000000001,249.0500000000001,721
986890500,249.10000000000008,249.5500000000001,248.7500000000001,248.8000000000001,529
986976900,248.9000000000001,249.4000000000001,248.8000000000001,248.9000000000001,1457
987063300,249.35000000000008,249.5000000000001,249.0000000000001,249.1500000000001,1234
987408900,248.9500000000001,248.9500000000001,248.0500000000001,248.2000000000001,1251
987495300,247.9000000000001,248.0500000000001,247.60000000000008,247.60000000000008,852
987581700,247.7500000000001,250.5500000000001,247.60000000000008,250.3000000000001,1297
987668100,249.8000000000001,249.8000000000001,248.4000000000001,249.3000000000001,632
987754500,249.2000000000001,249.2000000000001,248.7000000000001,248.8000000000001,1683
988013700,248.8000000000001,253.2000000000001,248.5000000000001,253.1500000000001,1503
988100100,252.6500000000001,253.2000000000001,249.60000000000008,250.1500000000001,1367
988186500,250.3000000000001,250.60000000000008,248.3000000000001,249.4500000000001,705
988272900,248.7000000000001,250.0500000000001,248.4000000000001,249.9000000000001,970
988359300,251.3000000000001,253.5500000000001,251.3000000000001,252.60000000000008,1012
988618500,253.8000000000001,254.10000000000008,250.9000000000001,253.2000000000001,983
988704900,253.8000000000001,255.8000000000001,253.8000000000001,255.7500000000001,1049
988791300,255.7500000000001,256.7000000000001,254.10000000000008,254.3000000000001,579
988877700,254.3000000000001,256.2000000000001,253.8000000000001,256.0000000000001,731
988964100,256.2000000000001,256.4000000000001,254.8000000000001,254.9000000000001,1472
989223300,255.60000000000008,257.55000000000007,255.0000000000001,257.4000000000001,1091
989309700,257.05000000000007,258.30000000000007,256.4000000000001,257.55000000000007,837
989396100,256.6000000000001,258.30000000000007,256.6000000000001,256.6000000000001,1096
989482500,255.8000000000001,257.30000000000007,255.0000000000001,257.1500000000001,936
989568900,257.30000000000007,257.30000000000007,256.2500000000001,256.30000000000007,1767
989828100,255.7000000000001,255.7000000000001,252.4000000000001,252.9500000000001,972
989914500,253.7000000000001,253.9000000000001,252.8000000000001,253.3000000000001,730
990000900,254.3000000000001,254.4000000000001,253.10000000000008,253.7500000000001,687
990087300,253.5500000000001,254.0000000000001,253.3000000000001,253.7000000000001,1386
990173700,253.3000000000001,255.3000000000001,252.9000000000001,255.0500000000001,611
990432900,254.2000000000001,254.2000000000001,253.5000000000001,253.60000000000008,813
990519300,254.4000000000001,254.4000000000001,253.5000000000001,253.7000000000001,1498
990605700,253.4000000000001,253.6500000000001,252.0000000000001,252.2500000000001,1679
990692100,252.2000000000001,252.9000000000001,251.2000000000001,251.5500000000001,3726
990778500,251.2000000000001,251.9500000000001,248.3000000000001,248.7000000000001,2872
991124100,248.60000000000008,249.2500000000001,248.3000000000001,248.60000000000008,3058
991210500,248.5500000000001,249.4000000000001,247.8000000000001,248.0000000000001,5989
991296900,247.8000000000001,247.9000000000001,245.9000000000001,246.0000000000001,3283
991383300,247.3000000000001,248.2000000000001,246.3000000000001,246.6500000000001,2566
991642500,246.3000000000001,248.7000000000001,246.3000000000001,248.0500000000001,1830
991728900,248.60000000000008,248.8000000000001,247.60000000000008,248.35000000000008,1823
991815300,248.0000000000001,248.3000000000001,247.10000000000008,247.1500000000001,0
991901700,246.9000000000001,247.8000000000001,246.4000000000001,246.5000000000001,2279
991988100,246.3000000000001,247.9000000000001,246.10000000000008,246.9500000000001,5162
992247300,246.9500000000001,247.1500000000001,245.8500000000001,245.8500000000001,515
992333700,246.3500000000001,246.7500000000001,245.8500000000001,246.4500000000001,432
992420100,246.7000000000001,247.1500000000001,246.2500000000001,246.5500000000001,550
992506500,247.0500000000001,247.4500000000001,246.7500000000001,247.4000000000001,945
992592900,247.2000000000001,248.4500000000001,246.9500000000001,247.4500000000001,509
992852100,248.4500000000001,249.7000000000001,248.4500000000001,249.4500000000001,1028
992938500,249.4500000000001,249.4500000000001,246.3000000000001,246.3500000000001,1540
993024900,246.4500000000001,246.9500000000001,244.3500000000001,244.3500000000001,837
993111300,245.2000000000001,246.9500000000001,244.9500000000001,246.5000000000001,451
993197700,246.1500000000001,246.3500000000001,244.5000000000001,245.1000000000001,899
993456900,244.9500000000001,245.1000000000001,244.2500000000001,244.3000000000001,622
993543300,244.5500000000001,245.5000000000001,244.2500000000001,244.4500000000001,786
993629700,244.8500000000001,245.2500000000001,243.4500000000001,243.8500000000001,439
993716100,244.1500000000001,244.7000000000001,243.8500000000001,244.0000000000001,689
993802500,243.9500000000001,244.3500000000001,243.0500000000001,244.2000000000001,501
994061700,243.6000000000001,244.1500000000001,242.7000000000001,242.8500000000001,501
994148100,243.0500000000001,243.2500000000001,242.6000000000001,243.1000000000001,1173
994320900,242.2500000000001,242.4500000000001,241.5500000000001,241.8500000000001,689
994407300,241.4500000000001,241.7000000000001,240.8500000000001,241.5000000000001,717
994666500,241.8500000000001,241.8500000000001,240.3500000000001,240.7000000000001,0
994752900,240.8500000000001,240.8500000000001,240.2000000000001,240.4000000000001,1315
994839300,240.1000000000001,241.1000000000001,240.0000000000001,240.5500000000001,1409
994925700,240.8500000000001,240.9500000000001,239.9000000000001,239.9500000000001,752
995012100,240.3500000000001,240.6000000000001,239.8500000000001,239.9000000000001,1076
995271300,239.7000000000001,240.4500000000001,239.3500000000001,240.2000000000001,1151
995357700,240.1500000000001,240.9000000000001,239.7500000000001,239.9500000000001,1092
995444100,239.9500000000001,240.8000000000001,239.8000000000001,240.6000000000001,2008
995530500,240.7000000000001,241.0500000000001,239.4500000000001,239.9000000000001,1292
995616900,239.8000000000001,240.0000000000001,239.5500000000001,239.5500000000001,840
995876100,239.7000000000001,239.9500000000001,239.4500000000001,239.7500000000001,2098
995962500,240.2000000000001,241.4500000000001,240.2000000000001,240.9500000000001,2316
996048900,240.6500000000001,240.7000000000001,238.3500000000001,238.4500000000001,2899
996135300,238.4500000000001,238.6500000000001,237.0500000000001,237.1500000000001,1239
996221700,237.3500000000001,237.4000000000001,236.7000000000001,236.9500000000001,2600
996480900,236.6500000000001,237.8500000000001,236.3500000000001,237.4500000000001,4900
996567300,237.4500000000001,238.4500000000001,237.0500000000001,237.2000000000001,1896
996653700,236.8500000000001,237.1500000000001,236.6000000000001,236.8000000000001,2458
996740100,236.3500000000001,236.4500000000001,235.7500000000001,236.0500000000001,2018
996826500,235.4500000000001,236.1500000000001,235.4500000000001,236.0000000000001,1597
997085700,235.5000000000001,235.7000000000001,235.4500000000001,235.5000000000001,3072
997172100,235.7500000000001,236.6500000000001,235.3500000000001,235.4500000000001,2315
997258500,235.4500000000001,236.0500000000001,235.3000000000001,235.4000000000001,2335
997344900,235.7500000000001,235.7500000000001,235.4000000000001,235.7500000000001,6965
997431300,235.7500000000001,235.9500000000001,233.8500000000001,234.1000000000001,6399
997690500,234.3000000000001,235.1500000000001,233.9000000000001,234.85000000000008,460
997776900,234.85000000000008,235.1500000000001,234.5500000000001,234.9000000000001,305
997863300,235.00000000000009,235.10000000000008,234.5500000000001,234.75000000000009,273
997949700,235.3000000000001,235.3000000000001,234.6500000000001,234.6500000000001,599
998036100,234.4500000000001,239.4000000000001,234.4500000000001,239.4000000000001,704
998295300,238.00000000000009,238.10000000000008,235.4500000000001,235.50000000000009,744
998381700,236.3000000000001,236.4000000000001,235.50000000000009,235.9500000000001,798
998468100,236.3000000000001,237.8000000000001,236.2000000000001,236.6500000000001,1258
998554500,237.1500000000001,238.1500000000001,237.1500000000001,237.60000000000008,1069
998640900,238.00000000000009,238.00000000000009,235.8000000000001,236.1500000000001,1990
998900100,235.9000000000001,236.60000000000008,235.85000000000008,236.3000000000001,416
998986500,236.7000000000001,236.8000000000001,235.9000000000001,236.10000000000008,633
999072900,236.2000000000001,236.8000000000001,235.9000000000001,236.7000000000001,958
999159300,236.7000000000001,236.9000000000001,235.4000000000001,235.50000000000009,1020
999245700,235.7000000000001,236.6500000000001,235.60000000000008,235.75000000000009,2101
999591300,235.00000000000009,235.2000000000001,232.4000000000001,232.50000000000009,1656
999677700,233.10000000000008,233.60000000000008,232.5500000000001,233.4000000000001,1026
999764100,233.6500000000001,233.7000000000001,232.4000000000001,233.4500000000001,822
999850500,233.4000000000001,234.0500000000001,232.60000000000008,233.10000000000008,0
1000109700,232.9000000000001,233.25000000000009,232.50000000000009,232.50000000000009,1079
1000714500,233.4000000000001,233.4000000000001,231.4000000000001,232.00000000000009,1162
1000800900,232.00000000000009,232.1500000000001,231.60000000000008,231.9000000000001,804
1000887300,231.9000000000001,231.9000000000001,231.1500000000001,231.4000000000001,1401
1000973700,231.3000000000001,231.3000000000001,229.8000000000001,229.9000000000001,1812
1001060100,229.1500000000001,229.9000000000001,229.10000000000008,229.8000000000001,1396
1001319300,230.4000000000001,230.8000000000001,229.8000000000001,229.9000000000001,1193
1001405700,229.9000000000001,230.1500000000001,229.50000000000009,229.9000000000001,1184
1001492100,229.6500000000001,230.6500000000001,229.6500000000001,230.25000000000009,1197
1001578500,230.60000000000008,230.8000000000001,230.00000000000009,230.3000000000001,1005
1001664900,230.25000000000009,230.3000000000001,229.4000000000001,229.50000000000009,1582
1001924100,229.10000000000008,229.2000000000001,228.4000000000001,228.6500000000001,1575
1002010500,228.4000000000001,228.50000000000009,227.7000000000001,227.9500000000001,2043
1002096900,227.2000000000001,227.4000000000001,226.9000000000001,227.2000000000001,2475
1002183300,227.10000000000008,228.4000000000001,226.9500000000001,227.6500000000001,1083
1002269700,227.6500000000001,227.9000000000001,227.4500000000001,227.7000000000001,1499
1002528900,227.4000000000001,227.8000000000001,226.9500000000001,227.00000000000009,1926
1002615300,226.6500000000001,227.2000000000001,226.4000000000001,226.4500000000001,1132
1002701700,226.2000000000001,226.60000000000008,226.2000000000001,226.4000000000001,1340
1002788100,227.3000000000001,227.3000000000001,225.6500000000001,225.75000000000009,1176
1002874500,226.35000000000008,226.35000000000008,225.6500000000001,225.75000000000009,1403
1003133700,225.9000000000001,225.9000000000001,224.9000000000001,224.9500000000001,966
1003220100,224.8000000000001,225.10000000000008,224.7000000000001,224.9500000000001,1475
1003306500,225.50000000000009,226.4000000000001,225.4500000000001,225.8000000000001,2407
1003392900,227.1500000000001,228.3000000000001,226.4000000000001,226.5500000000001,2115
1003479300,226.2000000000001,226.3000000000001,224.9000000000001,224.9000000000001,2178
1003738500,224.50000000000009,224.60000000000008,223.3000000000001,223.5500000000001,1361
1003824900,223.8000000000001,224.60000000000008,223.7000000000001,224.4500000000001,2923
1003911300,224.6500000000001,224.7000000000001,224.0500000000001,224.2000000000001,1739
1003997700,224.8000000000001,225.4000000000001,224.6500000000001,225.1500000000001,2451
1004084100,225.8000000000001,225.9500000000001,224.00000000000009,224.25000000000009,1396
1004346900,224.1500000000001,224.50000000000009,223.8000000000001,224.4500000000001,1496
1004433300,224.4000000000001,224.4500000000001,224.00000000000009,224.2000000000001,5053
1004519700,224.5500000000001,226.4000000000001,224.3000000000001,224.75000000000009,2789
1004606100,225.00000000000009,226.6500000000001,224.4000000000001,226.00000000000009,2753
1004692500,226.6500000000001,226.7000000000001,225.4000000000001,226.4000000000001,2887
1004951700,226.75000000000009,228.35000000000008,226.25000000000009,227.9000000000001,285
1005038100,228.60000000000008,229.10000000000008,227.75000000000009,229.10000000000008,509
1005124500,229.05000000000007,229.85000000000008,228.55000000000007,228.55000000000007,927
1005210900,228.35000000000008,228.60000000000008,226.6500000000001,227.10000000000008,317
1005297300,227.05000000000007,227.05000000000007,226.10000000000008,226.25000000000009,435
1005642900,225.95000000000007,227.05000000000007,225.95000000000007,226.55000000000007,589
1005729300,226.80000000000007,231.35000000000008,226.75000000000009,231.05000000000007,988
1005815700,230.50000000000009,230.85000000000008,228.35000000000008,229.95000000000007,931
1005902100,230.25000000000009,231.10000000000008,228.85000000000008,230.30000000000007,1221
1006161300,230.20000000000007,230.35000000000008,228.25000000000009,228.30000000000007,704
1006247700,227.95000000000007,229.00000000000009,227.55000000000007,228.75000000000009,0
1006334100,229.1500000000001,229.75000000000009,228.55000000000007,229.10000000000008,1505
1006766100,229.85000000000008,230.45000000000007,228.55000000000007,228.55000000000007,2307
1006852500,227.45000000000007,227.6500000000001,225.25000000000009,225.35000000000008,2009
1006938900,225.00000000000009,225.6500000000001,224.75000000000009,225.05000000000007,1100
1007025300,225.10000000000008,225.35000000000008,224.35000000000008,224.50000000000009,537
1007111700,224.35000000000008,225.45000000000007,224.25000000000009,225.05000000000007,786
1007370900,225.75000000000009,225.85000000000008,224.60000000000008,224.95000000000007,437
1007457300,224.10000000000008,224.75000000000009,224.10000000000008,224.25000000000009,731
1007543700,224.35000000000008,225.20000000000007,224.25000000000009,224.9000000000001,469
1007630100,225.60000000000008,226.05000000000007,224.50000000000009,224.70000000000007,160
1007716500,224.75000000000009,225.75000000000009,224.6500000000001,225.55000000000007,876
1007975700,226.55000000000007,226.85000000000008,225.1500000000001,225.60000000000008,688
1008062100,225.85000000000008,226.6500000000001,225.00000000000009,226.45000000000007,860
1008148500,226.75000000000009,227.10000000000008,226.1500000000001,226.50000000000009,606
1008234900,226.10000000000008,226.6500000000001,225.95000000000007,226.50000000000009,1509
1008321300,227.10000000000008,227.45000000000007,226.05000000000007,226.1500000000001,1131
1008580500,225.1500000000001,225.35000000000008,224.45000000000007,225.00000000000009,688
1008666900,224.6500000000001,224.95000000000007,224.25000000000009,224.85000000000008,419
1008753300,224.85000000000008,226.25000000000009,224.45000000000007,225.6500000000001,1378
1008839700,226.10000000000008,228.45000000000007,225.85000000000008,228.35000000000008,1378
1008926100,228.35000000000008,228.85000000000008,225.10000000000008,225.50000000000009,908
1009444500,225.55000000000007,226.05000000000007,225.1500000000001,225.35000000000008,908
1009530900,225.60000000000008,225.85000000000008,224.95000000000007,225.00000000000009,1398
1009962900,224.6500000000001,226.35000000000008,224.35000000000008,226.10000000000008,664
1010049300,226.75000000000009,226.85000000000008,225.6500000000001,226.1500000000001,892
1010135700,226.55000000000007,227.75000000000009,226.25000000000009,227.35000000000008,2325
1010394900,227.45000000000007,228.25000000000009,226.95000000000007,227.20000000000007,825
1010481300,226.85000000000008,227.6500000000001,226.25000000000009,227.45000000000007,2298
1010567700,229.35000000000008,230.10000000000008,228.45000000000007,229.9000000000001,1579
1010654100,229.85000000000008,230.35000000000008,229.1500000000001,230.30000000000007,1407
1010740500,229.6500000000001,229.75000000000009,227.85000000000008,228.60000000000008,1664
1010999700,228.10000000000008,229.60000000000008,227.35000000000008,229.4000000000001,2129
1011086100,229.85000000000008,230.35000000000008,228.35000000000008,229.25000000000009,1423
1011172500,228.35000000000008,228.75000000000009,227.85000000000008,228.30000000000007,2403
1011258900,227.85000000000008,228.25000000000009,227.25000000000009,227.95000000000007,2236
1011345300,227.6500000000001,228.60000000000008,226.6500000000001,226.6500000000001,3125
1011690900,226.35000000000008,226.45000000000007,225.75000000000009,226.1500000000001,3159
1011777300,226.1500000000001,226.85000000000008,226.05000000000007,226.20000000000007,1790
1011863700,226.1500000000001,226.70000000000007,225.75000000000009,225.85000000000008,1974
1011950100,226.10000000000008,226.25000000000009,225.25000000000009,225.35000000000008,2839
1012209300,225.10000000000008,225.25000000000009,224.45000000000007,224.60000000000008,3568
1012295700,224.35000000000008,224.75000000000009,224.05000000000007,224.25000000000009,2722
1012382100,224.6500000000001,225.25000000000009,224.35000000000008,224.55000000000007,3741
1012468500,224.85000000000008,225.25000000000009,224.35000000000008,224.50000000000009,2685
1012554900,223.60000000000008,224.95000000000007,223.60000000000008,224.9000000000001,1588
1012814100,225.35000000000008,225.45000000000007,224.6500000000001,224.9000000000001,2798
1012900500,224.85000000000008,224.85000000000008,224.10000000000008,224.25000000000009,2301
1012986900,224.05000000000007,224.75000000000009,223.95000000000007,224.60000000000008,2506
1013073300,224.60000000000008,224.95000000000007,224.25000000000009,224.35000000000008,1245
1013159700,224.60000000000008,224.6500000000001,224.10000000000008,224.1500000000001,2169
1013418900,224.60000000000008,224.60000000000008,222.95000000000007,222.95000000000007,1299
1013505300,222.85000000000008,223.20000000000007,222.75000000000009,222.85000000000008,1470
1013591700,223.25000000000009,223.6500000000001,222.50000000000009,223.10000000000008,2793
1013678100,223.25000000000009,223.70000000000007,223.20000000000007,223.30000000000007,2560
1013764500,224.20000000000007,224.25000000000009,223.35000000000008,223.50000000000009,2373
1014110100,223.85000000000008,224.10000000000008,223.00000000000009,223.35000000000008,3350
1014196500,223.95000000000007,225.35000000000008,223.4000000000001,225.05000000000007,2750
1014282900,226.35000000000008,226.85000000000008,225.4000000000001,226.6500000000001,2128
1014369300,226.85000000000008,227.05000000000007,225.70000000000007,225.75000000000009,2199
1014628500,225.60000000000008,225.60000000000008,224.50000000000009,224.6500000000001,1497
1014714900,224.55000000000007,224.60000000000008,223.25000000000009,223.6500000000001,2172
1014801300,223.95000000000007,223.95000000000007,222.6500000000001,222.85000000000008,1177
1014887700,223.1500000000001,223.25000000000009,222.6500000000001,222.75000000000009,702
1014974100,223.10000000000008,223.95000000000007,222.9000000000001,223.80000000000007,652
1015233300,224.10000000000008,224.35000000000008,223.35000000000008,223.75000000000009,1594
1015319700,224.25000000000009,225.85000000000008,224.25000000000009,224.80000000000007,1342
1015406100,224.50000000000009,226.05000000000007,224.25000000000009,225.95000000000007,1328
1015492500,226.35000000000008,226.6500000000001,224.85000000000008,224.95000000000007,1647
1015578900,225.45000000000007,226.35000000000008,225.1500000000001,226.10000000000008,4661
1015838100,227.1500000000001,230.95000000000007,226.75000000000009,230.35000000000008,5111
1015924500,230.25000000000009,233.95000000000007,229.35000000000008,233.00000000000009,3169
1016010900,231.95000000000007,233.60000000000008,230.60000000000008,232.05000000000007,2666
1016097300,231.55000000000007,232.4000000000001,230.85000000000008,232.05000000000007,2096
1016183700,232.05000000000007,232.25000000000009,230.75000000000009,232.05000000000007,2775
1016442900,229.85000000000008,229.85000000000008,227.85000000000008,228.10000000000008,2111
1016529300,227.60000000000008,230.10000000000008,227.4000000000001,229.80000000000007,2662
1016615700,231.55000000000007,232.55000000000007,230.95000000000007,232.45000000000007,1508
1016702100,232.55000000000007,232.6500000000001,230.10000000000008,230.45000000000007,1251
1016788500,230.85000000000008,231.6500000000001,230.05000000000007,230.75000000000009,942
1017047700,230.1500000000001,230.9000000000001,229.1500000000001,230.9000000000001,2222
1017134100,231.45000000000007,231.75000000000009,229.95000000000007,231.20000000000007,3163
1017220500,231.60000000000008,233.1500000000001,230.85000000000008,232.1500000000001,2632
1017306900,231.45000000000007,233.6500000000001,231.35000000000008,233.55000000000007,2538
1017652500,233.35000000000008,235.05000000000007,233.10000000000008,234.95000000000007,3419
1017738900,235.35000000000008,235.85000000000008,234.05000000000007,235.80000000000007,2017
1017825300,234.35000000000008,235.85000000000008,234.30000000000007,235.75000000000009,3855
1017911700,235.10000000000008,235.55000000000007,232.1500000000001,233.25000000000009,3120
1017998100,233.30000000000007,233.35000000000008,231.10000000000008,231.55000000000007,2526
1018253700,231.85000000000008,232.05000000000007,230.55000000000007,230.60000000000008,3503
1018340100,231.00000000000009,232.70000000000007,230.25000000000009,232.6500000000001,4203
1018426500,233.05000000000007,233.35000000000008,231.85000000000008,232.55000000000007,4011
1018512900,232.25000000000006,232.80000000000007,231.30000000000007,231.55000000000007,1376
1018599300,230.95000000000007,230.95000000000007,229.80000000000007,229.95000000000007,1636
1018858500,229.80000000000007,230.55000000000007,229.35000000000008,229.95000000000007,1217
1018944900,229.80000000000007,230.05000000000007,229.05000000000007,229.95000000000007,2552
1019031300,230.05000000000007,230.80000000000007,229.95000000000007,230.70000000000007,1552
1019117700,231.45000000000007,233.15000000000006,231.20000000000007,232.95000000000007,1228
1019204100,232.95000000000007,233.00000000000006,230.30000000000007,230.35000000000008,1398
1019463300,229.75000000000006,231.95000000000007,229.55000000000007,231.55000000000007,822
1019549700,231.80000000000007,232.00000000000006,231.05000000000007,231.95000000000007,1049
1019636100,231.95000000000007,231.95000000000007,230.05000000000007,230.20000000000007,4489
1019722500,229.30000000000007,229.80000000000007,227.30000000000007,227.60000000000008,2642
1019808900,227.60000000000008,228.05000000000007,226.80000000000007,227.15000000000006,3335
1020068100,226.95000000000007,226.95000000000007,225.30000000000007,226.60000000000008,1085
1020154500,227.35000000000008,228.20000000000007,227.35000000000008,227.90000000000006,1181
1020240900,227.65000000000006,228.40000000000006,225.80000000000007,225.95000000000007,1416
1020327300,225.95000000000007,226.55000000000007,225.85000000000008,226.10000000000008,1893
1020413700,225.55000000000007,226.75000000000006,225.25000000000006,226.15000000000006,1470
1020672900,225.75000000000006,227.05000000000007,225.60000000000008,226.00000000000006,644
1020759300,225.80000000000007,226.55000000000007,225.55000000000007,226.25000000000006,729
1020845700,226.20000000000007,226.35000000000008,225.50000000000006,225.55000000000007,1736
1020932100,225.05000000000007,225.30000000000007,224.65000000000006,224.70000000000007,2582
1021018500,224.95000000000007,225.15000000000006,224.30000000000007,224.95000000000007,1804
1021277700,225.55000000000007,225.80000000000007,224.10000000000008,224.40000000000006,2310
1021364100,224.30000000000007,225.15000000000006,223.80000000000007,224.55000000000007,2263
1021450500,224.85000000000008,225.35000000000008,224.30000000000007,224.55000000000007,1126
1021536900,224.45000000000007,226.00000000000006,224.35000000000008,225.90000000000006,777
1021623300,225.95000000000007,226.15000000000006,225.30000000000007,225.80000000000007,778
1021882500,225.95000000000007,226.65000000000006,225.75000000000006,226.45000000000007,1683
1021968900,227.05000000000007,228.05000000000007,226.80000000000007,227.75000000000006,2825
1022055300,226.95000000000007,227.25000000000006,225.55000000000007,225.95000000000007,979
1022141700,225.70000000000007,226.25000000000006,225.65000000000006,225.95000000000007,1051
1022228100,226.15000000000006,226.65000000000006,226.05000000000007,226.55000000000007,1628
1022573700,226.05000000000007,226.25000000000006,225.65000000000006,225.75000000000006,2416
1022660100,225.75000000000006,227.05000000000007,225.75000000000006,226.65000000000006,1819
1022746500,226.80000000000007,226.85000000000008,226.45000000000007,226.70000000000007,3571
1022832900,226.80000000000007,227.55000000000007,226.75000000000006,226.90000000000006,2396
1023092100,226.85000000000008,227.00000000000006,225.55000000000007,226.35000000000008,2943
1023178500,226.15000000000006,226.35000000000008,225.65000000000006,226.10000000000008,2139
1023264900,225.55000000000007,225.55000000000007,225.15000000000006,225.40000000000006,2556
1023351300,225.35000000000008,225.85000000000008,225.15000000000006,225.45000000000007,5064
1023437700,225.15000000000006,225.45000000000007,224.15000000000006,224.45000000000007,2942
1023696900,224.30000000000007,225.00000000000006,224.20000000000005,224.85000000000005,1777
1023783300,224.50000000000006,224.95000000000005,224.40000000000003,224.45000000000005,656
1023869700,224.10000000000005,224.40000000000003,224.00000000000006,224.30000000000007,1907
1023956100,223.90000000000003,223.95000000000005,222.60000000000005,222.75000000000006,2454
1024042500,222.60000000000005,222.80000000000007,221.70000000000005,221.75000000000006,1207
1024301700,221.75000000000006,222.75000000000006,221.70000000000005,222.50000000000006,1338
1024388100,222.50000000000006,222.85000000000005,222.10000000000005,222.15000000000003,969
1024474500,221.90000000000003,222.35000000000005,221.90000000000003,222.05000000000007,1513
1024560900,222.10000000000005,223.50000000000006,221.55000000000007,223.10000000000005,980
1024647300,222.95000000000005,223.50000000000006,221.90000000000003,222.30000000000007,1060
1024906500,222.00000000000006,223.10000000000005,221.80000000000007,222.80000000000007,1511
1024992900,222.80000000000007,222.85000000000005,221.80000000000007,222.50000000000006,1054
1025079300,222.40000000000003,223.00000000000006,221.70000000000005,221.80000000000007,1891
1025165700,221.50000000000006,222.50000000000006,221.40000000000003,221.65000000000003,1299
1025252100,221.50000000000006,222.10000000000005,221.30000000000007,221.55000000000007,2176
1025511300,221.85000000000005,222.75000000000006,221.70000000000005,222.55000000000007,2470
1025597700,222.75000000000006,224.60000000000005,222.55000000000007,224.60000000000005,0
1025684100,224.85000000000005,225.00000000000006,222.70000000000005,222.90000000000003,1225
1026116100,222.85000000000005,223.30000000000007,222.60000000000005,222.90000000000003,1264
1026202500,223.10000000000005,224.10000000000005,222.90000000000003,223.75000000000006,2163
1026288900,224.00000000000006,224.45000000000005,223.55000000000007,224.35000000000005,2584
1026375300,224.80000000000007,226.60000000000005,224.60000000000005,226.30000000000007,3092
1026461700,224.70000000000005,224.90000000000003,223.70000000000005,224.15000000000003,1818
1026720900,223.50000000000006,223.80000000000007,223.40000000000003,223.40000000000003,1234
1026807300,223.70000000000005,224.00000000000006,223.30000000000007,223.35000000000005,992
1026893700,223.40000000000003,223.80000000000007,223.35000000000005,223.45000000000005,3904
1026980100,223.70000000000005,223.90000000000003,221.20000000000005,221.65000000000003,1723
1027066500,221.65000000000003,222.00000000000006,221.10000000000005,221.50000000000006,1216
1027325700,221.15000000000003,221.60000000000005,221.10000000000005,221.40000000000003,1735
1027412100,221.50000000000006,222.00000000000006,221.30000000000007,221.65000000000003,2070
1027498500,221.55000000000007,221.55000000000007,220.60000000000005,220.65000000000003,1345
1027584900,220.65000000000003,221.25000000000006,220.50000000000006,221.15000000000003,908
1027671300,221.10000000000005,221.50000000000006,220.70000000000005,221.20000000000005,2279
1027930500,220.70000000000005,220.70000000000005,220.10000000000005,220.20000000000005,2179
1028016900,220.00000000000006,220.35000000000005,219.85000000000005,220.00000000000006,4565
1028103300,219.75000000000006,219.90000000000003,219.45000000000005,219.70000000000005,2763
1028189700,219.70000000000005,220.60000000000005,219.70000000000005,220.50000000000006,2037
1028276100,221.20000000000005,221.60000000000005,220.80000000000007,221.20000000000005,2095
1028535300,221.20000000000005,221.20000000000005,219.90000000000003,220.25000000000006,2451
1028621700,220.35000000000005,220.55000000000007,220.15000000000003,220.40000000000003,1667
1028708100,220.35000000000005,220.55000000000007,220.00000000000006,220.50000000000006,3812
1028794500,222.10000000000005,222.35000000000005,220.60000000000005,221.10000000000005,2237
1028880900,221.10000000000005,221.25000000000006,220.60000000000005,220.85000000000005,1148
1029140100,220.75000000000006,221.50000000000006,220.50000000000006,221.40000000000006,1340
1029226500,221.20000000000005,221.25000000000006,220.60000000000005,220.60000000000005,909
1029312900,220.60000000000005,221.10000000000005,220.60000000000005,220.80000000000007,1467
1029399300,220.65000000000006,221.00000000000006,219.50000000000006,219.50000000000006,1883
1029485700,219.70000000000005,220.00000000000006,219.50000000000006,219.75000000000006,1643
1029744900,219.75000000000006,219.75000000000006,219.30000000000007,219.55000000000007,1170
1029831300,219.50000000000006,220.30000000000007,219.50000000000006,220.05000000000007,1966
1029917700,220.40000000000006,220.40000000000006,219.40000000000006,219.75000000000006,670
1030004100,220.00000000000006,221.10000000000005,219.85000000000005,220.60000000000005,971
1030090500,221.10000000000005,221.55000000000007,221.00000000000006,221.10000000000005,1990
1030349700,220.90000000000006,220.90000000000006,219.45000000000005,219.95000000000005,391
1030436100,219.95000000000005,220.10000000000005,219.60000000000005,220.10000000000005,1178
1030522500,222.00000000000006,222.25000000000006,221.20000000000005,221.90000000000006,1141
1030608900,221.55000000000007,222.20000000000005,221.25000000000006,222.05000000000007,1344
1030695300,222.30000000000007,222.60000000000005,221.60000000000005,222.55000000000007,1298
1031040900,222.10000000000005,225.20000000000005,221.35000000000005,225.15000000000006,3716
1031127300,225.25000000000006,227.50000000000006,224.50000000000006,227.05000000000007,1958
1031213700,226.00000000000006,227.40000000000006,225.70000000000005,226.00000000000006,2387
1031300100,226.10000000000005,227.15000000000006,225.30000000000007,226.95000000000005,4819
1031559300,228.00000000000006,231.10000000000005,228.00000000000006,230.65000000000006,4067
1031645700,230.60000000000005,233.00000000000006,229.00000000000006,229.45000000000005,976
1031732100,229.00000000000006,229.00000000000006,227.50000000000006,228.75000000000006,1839
1031818500,229.60000000000005,231.00000000000006,229.00000000000006,230.50000000000006,1174
1031904900,230.00000000000006,231.10000000000005,229.75000000000006,231.00000000000006,1601
1032164100,231.60000000000005,233.70000000000005,231.60000000000005,232.40000000000006,2224
1032250500,231.80000000000007,233.30000000000007,230.60000000000005,231.20000000000005,1448
1032336900,230.10000000000005,230.80000000000007,229.50000000000006,229.70000000000005,1297
1032423300,228.75000000000006,229.00000000000006,227.60000000000005,227.95000000000005,2514
1032509700,228.30000000000007,228.30000000000007,225.30000000000007,225.55000000000007,1708
1032768900,226.00000000000006,226.40000000000006,223.80000000000007,224.20000000000005,2064
1032855300,224.80000000000007,224.80000000000007,223.95000000000005,224.25000000000006,1698
1032941700,224.40000000000006,225.50000000000006,223.90000000000006,225.45000000000005,1807
1033028100,225.45000000000005,225.60000000000005,224.35000000000005,224.60000000000005,929
1033114500,223.90000000000006,225.20000000000005,223.75000000000006,225.05000000000007,1108
1033373700,224.40000000000006,224.70000000000005,223.85000000000005,224.00000000000006,1240
1033460100,224.00000000000006,226.50000000000006,224.00000000000006,226.00000000000006,1440
1033546500,226.10000000000005,227.40000000000006,226.10000000000005,226.35000000000005,1706
1033632900,226.10000000000005,226.30000000000007,225.25000000000006,225.85000000000005,545
1033719300,225.40000000000006,225.70000000000005,225.20000000000005,225.45000000000005,1749
1033978500,225.00000000000006,227.90000000000006,224.90000000000006,227.10000000000005,775
1034064900,227.60000000000005,227.80000000000007,226.90000000000006,227.55000000000007,1340
1034151300,227.50000000000006,228.50000000000006,227.30000000000007,228.15000000000006,1252
1034237700,228.10000000000005,228.30000000000007,226.00000000000006,226.80000000000007,492
1034324100,227.10000000000005,227.10000000000005,226.60000000000005,226.70000000000005,2740
1034583300,227.40000000000006,232.10000000000005,227.40000000000006,232.05000000000007,5333
1034669700,234.50000000000006,240.00000000000006,234.50000000000006,238.90000000000006,2936
1034756100,236.50000000000006,237.95000000000005,234.25000000000006,236.30000000000007,2815
1034842500,234.40000000000006,237.00000000000006,233.75000000000006,235.50000000000006,2682
1034928900,233.50000000000006,234.30000000000007,230.70000000000005,232.00000000000006,1259
1035188100,233.40000000000006,235.00000000000006,232.80000000000007,234.60000000000005,1744
1035274500,235.00000000000006,235.25000000000006,232.60000000000005,233.50000000000006,2051
1035360900,234.00000000000006,234.70000000000005,233.20000000000005,233.70000000000005,3139
1035447300,234.00000000000006,237.50000000000006,234.00000000000006,236.95000000000005,3082
1035533700,240.00000000000006,242.50000000000006,237.00000000000006,237.95000000000005,3076
1035796500,237.50000000000006,237.60000000000005,234.00000000000006,234.10000000000005,4163
1035882900,232.00000000000006,232.70000000000005,230.30000000000007,232.35000000000005,2169
1035969300,231.50000000000006,232.65000000000006,230.85000000000005,232.40000000000006,3576
1036055700,233.00000000000006,235.75000000000006,231.30000000000007,235.50000000000006,2426
1036142100,234.50000000000006,234.65000000000006,233.25000000000006,233.45000000000005,2091
1036401300,232.50000000000006,235.10000000000005,232.45000000000005,234.75000000000006,2793
1036487700,235.50000000000006,236.00000000000006,234.25000000000006,235.45000000000005,2964
1036574100,235.00000000000006,235.90000000000006,234.00000000000006,235.75000000000006,3694
1036660500,236.75000000000006,236.95000000000005,234.75000000000006,236.15000000000006,273
1036746900,235.75000000000006,238.25000000000006,235.25000000000006,237.35000000000005,978
1037006100,236.95000000000005,236.95000000000005,235.70000000000005,235.75000000000006,890
1037092500,233.75000000000006,234.25000000000006,233.15000000000006,233.55000000000007,935
1037178900,234.00000000000006,234.95000000000005,233.95000000000005,234.00000000000006,596
1037265300,234.25000000000006,234.85000000000005,233.55000000000007,234.35000000000005,873
1037351700,235.25000000000006,237.00000000000006,234.75000000000006,237.00000000000006,1245
1037610900,238.65000000000006,238.75000000000006,235.75000000000006,236.25000000000006,917
1037697300,235.00000000000006,239.25000000000006,234.50000000000006,237.55000000000007,846
1037783700,238.50000000000006,239.75000000000006,237.75000000000006,239.00000000000006,502
1037870100,238.30000000000007,239.25000000000006,238.00000000000006,238.45000000000005,585
1037956500,238.15000000000006,239.25000000000006,237.65000000000006,238.00000000000006,1146
1038215700,237.85000000000005,238.15000000000006,236.70000000000005,236.70000000000005,1209
1038302100,236.75000000000006,237.50000000000006,235.75000000000006,237.45000000000005,0
1038388500,237.85000000000005,238.25000000000006,237.15000000000006,237.60000000000005,674
1038820500,237.35000000000005,240.30000000000007,237.10000000000005,239.70000000000005,519
1038906900,239.25000000000006,239.45000000000005,237.75000000000006,237.95000000000005,873
1038993300,236.95000000000005,237.75000000000006,236.10000000000005,237.10000000000005,555
1039079700,237.95000000000005,238.75000000000006,237.50000000000006,238.10000000000005,1075
1039166100,238.15000000000006,238.15000000000006,234.00000000000006,234.20000000000005,1285
1039425300,233.00000000000006,233.75000000000006,232.25000000000006,233.30000000000007,830
1039511700,233.25000000000006,233.50000000000006,232.70000000000005,232.80000000000007,2273
1039598100,232.00000000000006,232.15000000000006,228.75000000000006,228.95000000000005,1192
1039684500,227.75000000000006,229.55000000000007,227.55000000000007,227.70000000000005,2034
1039770900,228.75000000000006,229.05000000000007,227.05000000000007,227.25000000000006,508
1040030100,228.45000000000005,228.75000000000006,227.65000000000006,228.30000000000007,663
1040116500,229.05000000000007,229.85000000000005,228.75000000000006,229.25000000000006,646
1040202900,230.25000000000006,230.25000000000006,228.95000000000005,229.70000000000005,538
1040289300,229.65000000000006,229.85000000000005,228.25000000000006,228.70000000000005,673
1040375700,228.35000000000005,229.55000000000007,228.25000000000006,229.25000000000006,475
1040634900,229.25000000000006,229.35000000000005,227.75000000000006,228.60000000000005,0
1040721300,228.55000000000007,228.70000000000005,227.95000000000005,228.25000000000006,357
1040980500,228.55000000000007,229.00000000000006,227.80000000000007,228.65000000000006,464
1041239700,228.65000000000006,229.55000000000007,228.50000000000006,228.60000000000005,1091
1041326100,228.25000000000006,228.25000000000006,226.25000000000006,227.35000000000005,1694
1041498900,227.75000000000006,229.10000000000005,227.55000000000007,228.80000000000007,605
1041585300,228.25000000000006,228.75000000000006,227.85000000000005,228.40000000000006,1485
1041844500,228.25000000000006,231.05000000000007,228.20000000000005,230.45000000000005,693
1041930900,230.25000000000006,231.50000000000006,230.10000000000005,230.75000000000006,2344
1042017300,230.45000000000005,231.00000000000006,229.80000000000007,230.15000000000006,1365
1042103700,230.55000000000007,230.65000000000006,229.55000000000007,230.10000000000005,1662
1042190100,230.35000000000005,232.65000000000006,230.25000000000006,232.45000000000005,709
1042449300,232.05000000000007,233.00000000000006,231.45000000000005,232.30000000000007,874
1042535700,232.00000000000006,232.35000000000005,231.25000000000006,232.30000000000007,1122
1042622100,232.75000000000006,233.25000000000006,232.00000000000006,233.25000000000006,1863
1042708500,233.00000000000006,233.65000000000006,232.40000000000006,233.25000000000006,1491
1042794900,233.50000000000006,234.00000000000006,232.55000000000007,233.65000000000006,2497
1043140500,233.40000000000006,234.25000000000006,233.30000000000007,233.75000000000006,3403
1043226900,233.05000000000007,235.65000000000006,232.95000000000005,235.50000000000006,1872
1043313300,235.25000000000006,236.75000000000006,235.00000000000006,235.55000000000007,1567
1043399700,235.25000000000006,235.50000000000006,234.55000000000007,235.00000000000006,2008
1043658900,234.65000000000006,235.35000000000005,232.25000000000006,233.10000000000005,1664
1043745300,232.75000000000006,233.15000000000006,232.25000000000006,232.55000000000007,2747
1043831700,232.90000000000006,232.90000000000006,230.75000000000006,231.20000000000005,2698
1043918100,231.05000000000007,231.50000000000006,230.55000000000007,231.45000000000005,3289
1044004500,232.15000000000006,233.35000000000005,231.65000000000006,232.75000000000006,1822
1044263700,232.85000000000005,234.45000000000005,232.65000000000006,233.70000000000005,1939
1044350100,234.05000000000007,234.25000000000006,232.50000000000006,232.60000000000005,3636
1044436500,232.25000000000006,232.50000000000006,231.45000000000005,231.85000000000005,3527
1044522900,232.15000000000006,233.40000000000006,231.50000000000006,233.30000000000007,4692
1044609300,233.95000000000007,234.4000000000001,233.45000000000007,233.6500000000001,1003
1044868500,232.70000000000007,234.70000000000007,232.55000000000007,234.6500000000001,1021
1044954900,234.30000000000007,235.00000000000006,233.20000000000007,234.00000000000006,661
1045041300,233.70000000000007,233.9000000000001,232.75000000000006,232.75000000000006,2415
1045127700,233.35000000000008,233.35000000000008,229.45000000000007,229.6500000000001,2327
1045214100,229.9000000000001,230.70000000000007,228.70000000000007,230.45000000000007,2679
1045646100,229.60000000000008,229.60000000000008,228.30000000000007,229.00000000000006,848
1045732500,229.95000000000007,230.10000000000008,229.4000000000001,229.45000000000007,508
1045818900,229.4000000000001,229.4000000000001,228.70000000000007,228.80000000000007,1809
1046078100,228.10000000000008,228.10000000000008,227.20000000000007,227.45000000000007,1484
1046164500,228.10000000000008,228.25000000000006,225.95000000000007,225.95000000000007,2050
1046250900,225.70000000000007,226.10000000000008,224.80000000000007,225.35000000000008,2669
1046337300,225.60000000000008,226.30000000000007,225.10000000000008,225.75000000000006,5695
1046423700,225.60000000000008,225.9000000000001,223.80000000000007,224.00000000000006,2872
1046682900,223.95000000000007,224.80000000000007,223.60000000000008,224.80000000000007,1306
1046769300,224.9000000000001,225.20000000000007,224.10000000000008,224.20000000000007,1432
1046855700,223.70000000000007,225.6500000000001,223.6500000000001,225.45000000000007,1154
1046942100,225.20000000000007,225.95000000000007,224.80000000000007,225.6500000000001,694
1047028500,225.95000000000007,226.30000000000007,225.45000000000007,225.85000000000008,1016
1047287700,225.70000000000007,226.9000000000001,225.70000000000007,226.25000000000006,1524
1047374100,225.50000000000006,225.60000000000008,223.95000000000007,224.45000000000007,2313
1047460500,224.20000000000007,224.50000000000006,223.25000000000006,224.00000000000006,605
1047546900,224.20000000000007,224.80000000000007,224.00000000000006,224.25000000000006,1067
1047633300,223.70000000000007,225.30000000000007,223.60000000000008,224.50000000000006,3148
1047892500,224.00000000000006,224.70000000000007,222.45000000000007,222.45000000000007,2424
1047978900,223.00000000000006,223.60000000000008,222.20000000000007,223.4000000000001,1003
1048065300,223.50000000000006,224.4000000000001,223.4000000000001,223.95000000000007,1709
1048151700,224.70000000000007,226.20000000000007,224.70000000000007,225.50000000000006,1036
1048238100,225.20000000000007,226.10000000000008,224.75000000000006,226.10000000000008,852
1048497300,225.20000000000007,225.60000000000008,224.60000000000008,224.70000000000007,2524
1048583700,224.30000000000007,224.35000000000008,222.70000000000007,222.9000000000001,1260
1048670100,222.9000000000001,223.80000000000007,222.45000000000007,222.85000000000008,1894
1048756500,223.20000000000007,223.9000000000001,222.10000000000008,222.10000000000008,2554
1048842900,223.50000000000006,223.70000000000007,222.4000000000001,223.10000000000008,1321
1049102100,222.80000000000007,223.70000000000007,222.80000000000007,223.50000000000006,1546
1049188500,223.70000000000007,224.1500000000001,223.00000000000006,223.20000000000007,2477
1049274900,223.20000000000007,225.20000000000007,223.20000000000007,225.00000000000006,4257
1049361300,225.20000000000007,227.00000000000006,225.1500000000001,226.25000000000006,2082
1049447700,225.70000000000007,225.70000000000007,225.00000000000006,225.60000000000008,3178
1049703300,226.20000000000007,227.1500000000001,225.95000000000007,227.00000000000006,4474
1049789700,226.9000000000001,227.00000000000006,225.30000000000007,226.10000000000008,4820
1049876100,226.00000000000006,226.45000000000007,225.30000000000007,225.6500000000001,5323
1049962500,226.05000000000007,226.05000000000007,224.75000000000006,225.30000000000007,1036
1050048900,225.45000000000007,225.75000000000006,225.05000000000007,225.35000000000008,2016
1050308100,224.95000000000007,224.95000000000007,222.75000000000006,222.95000000000007,1253
1050394500,223.6500000000001,224.30000000000007,223.55000000000007,224.20000000000007,777
1050480900,224.45000000000007,224.70000000000007,223.55000000000007,224.55000000000007,1425
1050567300,224.45000000000007,227.35000000000008,223.6500000000001,227.20000000000007,1932
1050912900,226.95000000000007,227.95000000000007,226.6500000000001,227.6500000000001,1436
1050999300,227.6500000000001,228.85000000000008,226.6500000000001,228.55000000000007,2571
1051085700,228.95000000000007,229.6500000000001,228.05000000000007,228.1500000000001,1279
1051172100,227.55000000000007,229.45000000000007,227.1500000000001,227.25000000000006,1640
1051258500,226.75000000000006,227.6500000000001,226.1500000000001,226.80000000000007,1013
1051517700,226.95000000000007,227.05000000000007,225.75000000000006,226.00000000000006,1111
1051604100,225.80000000000007,227.95000000000007,225.80000000000007,227.95000000000007,2835
1051690500,228.45000000000007,230.70000000000007,227.75000000000006,230.70000000000007,3225
1051776900,230.35000000000008,231.35000000000008,229.95000000000007,230.4000000000001,1789
1051863300,230.45000000000007,230.70000000000007,228.95000000000007,229.30000000000007,1382
1052122500,229.20000000000007,230.20000000000007,228.70000000000007,229.6500000000001,2150
1052208900,229.25000000000006,231.25000000000006,228.85000000000008,230.9000000000001,2029
1052295300,231.75000000000006,232.25000000000006,229.95000000000007,230.05000000000007,1530
1052381700,230.35000000000008,230.70000000000007,229.35000000000008,230.20000000000007,848
1052468100,230.4000000000001,230.45000000000007,229.25000000000006,229.85000000000008,1032
1052727300,229.35000000000008,230.80000000000007,228.35000000000008,229.9000000000001,1350
1052813700,229.95000000000007,230.1500000000001,228.75000000000006,228.85000000000008,1702
1052900100,228.55000000000007,229.35000000000008,226.85000000000008,227.00000000000006,1245
1052986500,227.25000000000006,227.75000000000006,226.45000000000007,226.45000000000007,1487
1053072900,226.75000000000006,227.70000000000007,226.45000000000007,227.1500000000001,1109
1053332100,226.70000000000007,227.60000000000008,226.35000000000008,226.55000000000007,2006
1053418500,226.75000000000006,229.35000000000008,226.45000000000007,228.75000000000006,1140
1053504900,228.6500000000001,228.85000000000008,227.45000000000007,227.75000000000006,1455
1053591300,227.55000000000007,229.05000000000007,227.45000000000007,227.95000000000007,1338
1053677700,227.95000000000007,228.25000000000006,227.20000000000007,227.4000000000001,7515
1054023300,223.95000000000007,225.05000000000007,222.95000000000007,223.05000000000007,5764
1054109700,222.85000000000008,223.70000000000007,222.45000000000007,222.60000000000008,5532
1054196100,222.6500000000001,223.35000000000008,221.20000000000007,221.4000000000001,8513
1054282500,221.20000000000007,221.6500000000001,220.25000000000006,220.45000000000007,3355
1054541700,220.95000000000007,222.4000000000001,220.75000000000006,222.00000000000006,4213
1054628100,222.20000000000007,222.35000000000008,221.20000000000007,221.60000000000008,3544
1054714500,220.95000000000007,222.55000000000007,220.85000000000008,221.25000000000006,2553
1054800900,220.95000000000007,221.6500000000001,220.75000000000006,221.05000000000007,2743
1054887300,221.10000000000008,222.20000000000007,220.85000000000008,221.45000000000007,4222
1055146500,222.25000000000006,222.75000000000006,220.95000000000007,220.95000000000007,5329
1055232900,220.75000000000006,222.35000000000008,220.55000000000007,222.25000000000006,5436
1055319300,222.95000000000007,223.35000000000008,221.75000000000006,223.20000000000007,4880
1055405700,222.30000000000007,223.45000000000007,222.30000000000007,223.15000000000006,1480
1055492100,223.00000000000006,223.05000000000007,221.85000000000008,222.05000000000007,457
1055751300,222.35000000000008,222.35000000000008,221.55000000000007,221.60000000000008,1276
1055837700,221.35000000000008,221.75000000000006,220.95000000000007,221.35000000000008,1303
1055924100,221.05000000000007,222.15000000000006,220.55000000000007,220.55000000000007,2965
1056010500,220.15000000000006,220.25000000000006,218.60000000000008,218.80000000000007,2094
1056096900,218.75000000000006,218.95000000000007,218.05000000000007,218.25000000000006,607
1056356100,218.95000000000007,219.05000000000007,218.25000000000006,218.40000000000006,915
1056442500,218.75000000000006,219.65000000000006,218.65000000000006,219.50000000000006,2089
1056528900,219.45000000000007,219.55000000000007,218.15000000000006,218.45000000000007,1494
1056615300,218.65000000000006,220.25000000000006,218.65000000000006,220.25000000000006,949
1056701700,220.55000000000007,221.05000000000007,220.05000000000007,220.50000000000006,803
1056960900,220.80000000000007,221.85000000000008,220.75000000000006,220.90000000000006,538
1057047300,220.65000000000006,220.85000000000008,220.05000000000007,220.80000000000007,2150
1057133700,220.90000000000006,223.55000000000007,220.90000000000006,223.45000000000007,1887
1057220100,222.75000000000006,223.95000000000007,222.05000000000007,222.30000000000007,1451
1057565700,221.05000000000007,222.45000000000007,221.05000000000007,221.80000000000007,1143
1057652100,222.45000000000007,223.00000000000006,222.05000000000007,222.20000000000007,987
1057738500,222.30000000000007,223.20000000000007,222.15000000000006,222.95000000000007,2007
1057824900,223.55000000000007,223.55000000000007,221.15000000000006,221.30000000000007,1103
1057911300,221.20000000000007,222.20000000000007,221.05000000000007,221.60000000000008,1802
1058170500,221.35000000000008,222.85000000000008,220.90000000000006,222.70000000000007,0
1058256900,222.80000000000007,223.30000000000007,221.85000000000008,222.30000000000007,842
1058343300,222.75000000000006,222.85000000000008,222.35000000000008,222.50000000000006,1448
1058429700,222.45000000000007,223.55000000000007,222.30000000000007,223.05000000000007,1035
1058516100,223.15000000000006,223.45000000000007,222.45000000000007,222.65000000000006,1953
1058775300,222.45000000000007,222.45000000000007,219.05000000000007,219.90000000000006,3782
1058861700,219.90000000000006,220.35000000000008,219.05000000000007,219.15000000000006,2298
1058948100,219.20000000000007,219.65000000000006,218.65000000000006,219.05000000000007,1593
1059034500,219.15000000000006,219.35000000000008,218.65000000000006,218.65000000000006,2747
1059120900,218.65000000000006,220.55000000000007,218.65000000000006,220.40000000000006,2834
1059380100,220.65000000000006,220.90000000000006,220.05000000000007,220.85000000000008,4789
1059466500,221.05000000000007,223.05000000000007,221.00000000000006,222.40000000000006,3104
1059552900,222.15000000000006,223.05000000000007,222.05000000000007,222.15000000000006,5488
1059639300,221.55000000000007,223.35000000000008,221.30000000000007,222.85000000000008,5102
1059725700,223.55000000000007,225.05000000000007,223.55000000000007,224.35000000000008,4201
1059984900,225.45000000000007,225.55000000000007,223.75000000000006,224.20000000000007,2845
1060071300,224.05000000000007,224.05000000000007,222.35000000000008,222.50000000000006,3183
1060157700,222.65000000000006,223.30000000000007,222.35000000000008,223.20000000000007,4560
1060244100,223.45000000000007,224.05000000000007,222.25000000000006,223.95000000000007,4634
1060330500,224.20000000000007,224.30000000000007,223.15000000000006,223.45000000000007,10379
1060589700,223.05000000000007,223.05000000000007,220.65000000000006,221.20000000000005,845
1060676100,221.15000000000006,221.75000000000006,220.65000000000006,220.65000000000006,772
1060762500,220.45000000000005,221.80000000000007,220.15000000000006,221.80000000000007,0
1060848900,221.35000000000008,221.65000000000006,220.40000000000006,220.40000000000006,93
1060935300,220.55000000000007,220.95000000000005,220.15000000000006,220.15000000000006,661
1061194500,219.95000000000005,220.15000000000006,219.55000000000007,219.55000000000007,604
1061280900,219.40000000000006,220.25000000000006,219.35000000000008,219.45000000000005,582
1061367300,219.45000000000005,220.15000000000006,219.35000000000008,219.40000000000006,969
1061453700,220.25000000000006,221.55000000000007,220.05000000000007,221.10000000000008,269
1061540100,221.30000000000007,221.40000000000006,220.30000000000007,220.30000000000007,246
1061799300,220.65000000000006,221.05000000000007,220.55000000000007,220.60000000000008,266
1061885700,220.75000000000006,220.80000000000007,220.15000000000006,220.15000000000006,586
1061972100,220.30000000000007,220.40000000000006,219.75000000000006,219.75000000000006,462
1062058500,219.90000000000006,220.75000000000006,219.85000000000008,220.25000000000006,1091
1062144900,220.40000000000006,220.85000000000008,219.65000000000006,220.60000000000008,1628
1062490500,220.75000000000006,221.25000000000006,220.00000000000006,220.90000000000006,607
1062576900,221.00000000000006,221.15000000000006,220.55000000000007,220.60000000000008,1527
1062663300,221.05000000000007,222.25000000000006,220.75000000000006,222.15000000000006,1064
1062749700,222.55000000000007,223.65000000000006,222.45000000000005,223.60000000000008,4248
1063008900,224.25000000000006,227.40000000000006,224.05000000000007,227.30000000000007,4894
1063095300,226.75000000000006,229.15000000000006,225.65000000000006,227.95000000000005,2835
1063181700,227.15000000000006,228.65000000000006,226.15000000000006,227.90000000000006,3514
1063268100,227.65000000000006,229.65000000000006,227.40000000000006,229.05000000000007,2818
1063354500,229.40000000000006,229.55000000000007,226.40000000000006,227.15000000000006,1895
1063613700,226.15000000000006,226.15000000000006,222.65000000000006,222.80000000000007,2614
1063700100,222.45000000000005,223.35000000000008,219.45000000000005,219.65000000000006,2147
1063786500,219.85000000000008,220.70000000000005,219.45000000000005,220.70000000000005,1670
1063872900,220.55000000000007,221.25000000000006,219.40000000000006,219.60000000000008,741
1063959300,219.75000000000006,220.25000000000006,219.55000000000007,220.00000000000006,1779
1064218500,220.15000000000006,221.95000000000005,220.10000000000008,221.70000000000005,1146
1064304900,221.65000000000006,222.75000000000006,221.15000000000006,221.15000000000006,1871
1064391300,220.95000000000005,222.85000000000008,220.90000000000006,222.45000000000005,1065
1064477700,222.25000000000006,223.25000000000006,222.15000000000006,222.15000000000006,1011
1064564100,220.65000000000006,221.05000000000007,220.40000000000006,220.55000000000007,739
1064823300,220.65000000000006,221.45000000000005,220.50000000000006,220.60000000000008,1654
1064909700,220.75000000000006,221.15000000000006,219.95000000000005,220.05000000000007,2095
1064996100,221.25000000000006,222.95000000000005,221.15000000000006,222.20000000000005,1658
1065082500,223.55000000000007,224.05000000000007,220.65000000000006,221.60000000000008,1240
1065168900,222.25000000000006,223.00000000000006,221.75000000000006,222.20000000000005,1469
1065428100,220.35000000000008,220.90000000000006,220.15000000000006,220.45000000000005,892
1065514500,220.45000000000005,220.90000000000006,220.35000000000008,220.55000000000007,2053
1065600900,220.65000000000006,220.75000000000006,219.65000000000006,220.00000000000006,3358
1065687300,219.55000000000007,219.90000000000006,218.65000000000006,219.55000000000007,3008
1065773700,219.55000000000007,219.65000000000006,218.65000000000006,218.65000000000006,2827
1066032900,218.25000000000006,218.40000000000006,217.90000000000006,218.00000000000006,2133
1066119300,218.15000000000006,219.15000000000006,217.90000000000006,218.85000000000008,2875
1066205700,219.05000000000007,219.60000000000008,218.30000000000007,218.50000000000006,2016
1066292100,218.15000000000006,219.05000000000007,218.05000000000007,218.85000000000008,2511
1066378500,218.55000000000007,218.85000000000008,217.90000000000006,218.00000000000006,1961
1066637700,218.45000000000005,219.40000000000006,218.15000000000006,219.05000000000007,2104
1066724100,218.95000000000005,220.30000000000007,218.70000000000005,219.90000000000006,3230
1066810500,219.90000000000006,220.60000000000008,219.30000000000007,219.35000000000008,2830
1066896900,219.45000000000005,220.40000000000006,219.15000000000006,220.00000000000006,3094
1066983300,220.55000000000007,220.95000000000005,220.05000000000007,220.65000000000006,3370
1067246100,221.15000000000006,222.05000000000007,220.55000000000007,221.85000000000008,3634
1067332500,222.25000000000006,222.75000000000006,221.85000000000008,221.90000000000006,4459
1067418900,221.40000000000006,221.40000000000006,218.05000000000007,218.85000000000008,4990
1067505300,218.65000000000006,219.30000000000007,217.35000000000008,217.35000000000008,8321
1067591700,217.65000000000006,217.85000000000008,216.30000000000007,216.30000000000007,4939
1067850900,216.85000000000008,216.95000000000005,216.45000000000005,216.45000000000005,4403
1067937300,216.55000000000007,217.95000000000005,216.55000000000007,217.60000000000008,3713
1068023700,217.80000000000007,217.90000000000006,217.10000000000008,217.30000000000007,4292
1068110100,217.30000000000007,218.15000000000006,216.90000000000006,217.45000000000005,7357
1068196500,217.25000000000006,217.85000000000005,217.25000000000006,217.85000000000005,523
1068455700,218.25000000000006,218.25000000000006,216.55000000000007,216.90000000000006,344
1068542100,216.95000000000005,217.55000000000007,216.75000000000006,217.05000000000007,1632
1068628500,217.65000000000006,217.65000000000006,216.85000000000005,216.85000000000005,1237
1068714900,217.05000000000007,218.05000000000007,216.50000000000006,217.85000000000005,930
1068801300,219.05000000000007,219.05000000000007,217.05000000000007,217.05000000000007,965
1069060500,217.65000000000006,217.65000000000006,216.65000000000006,216.85000000000005,697
1069146900,216.75000000000006,217.35000000000005,216.65000000000006,217.15000000000006,351
1069233300,217.45000000000005,217.75000000000006,216.85000000000005,217.10000000000005,1176
1069319700,217.15000000000006,217.25000000000006,215.25000000000006,215.30000000000007,2674
1069406100,215.65000000000006,215.75000000000006,214.50000000000006,214.50000000000006,635
1069665300,214.85000000000005,215.00000000000006,214.70000000000005,214.85000000000005,652
1069751700,215.45000000000005,215.50000000000006,214.85000000000005,214.90000000000006,0
1069838100,214.90000000000006,215.65000000000006,214.90000000000006,215.25000000000006,1141
1070270100,215.25000000000006,217.05000000000007,214.75000000000006,217.00000000000006,836
1070356500,218.50000000000006,219.80000000000007,218.05000000000007,219.45000000000005,1432
1070442900,219.25000000000006,220.20000000000005,219.15000000000006,219.85000000000005,1550
1070529300,219.35000000000005,219.55000000000007,217.25000000000006,218.35000000000005,289
1070615700,218.55000000000007,219.35000000000005,218.35000000000005,219.30000000000007,1836
1070874900,220.25000000000006,222.00000000000006,220.25000000000006,221.05000000000007,1274
1070961300,221.00000000000006,221.05000000000007,219.95000000000005,220.75000000000006,487
1071047700,221.15000000000006,221.15000000000006,219.90000000000006,220.10000000000005,428
1071134100,220.45000000000005,220.50000000000006,218.60000000000005,219.20000000000005,732
1071220500,218.45000000000005,220.35000000000005,218.45000000000005,220.10000000000005,1882
1071479700,219.25000000000006,219.25000000000006,216.65000000000006,216.85000000000005,889
1071566100,217.35000000000005,217.85000000000005,216.85000000000005,217.15000000000006,793
1071652500,217.55000000000007,219.20000000000005,217.45000000000005,218.35000000000005,803
1071738900,218.35000000000005,218.75000000000006,217.35000000000005,217.85000000000005,1333
1071825300,217.55000000000007,219.00000000000006,217.35000000000005,219.00000000000006,516
1072084500,219.15000000000006,219.30000000000007,218.55000000000007,218.80000000000007,284
1072170900,218.15000000000006,219.25000000000006,218.15000000000006,218.55000000000007,0
1072257300,218.55000000000007,218.75000000000006,217.90000000000006,217.90000000000006,358
1072689300,217.75000000000006,218.65000000000006,217.75000000000006,218.60000000000005,274
1072775700,218.65000000000006,219.25000000000006,218.25000000000006,218.30000000000007,0
1072862100,218.35000000000005,219.75000000000006,217.75000000000006,219.60000000000005,3167
1073294100,219.45000000000005,223.15000000000006,218.75000000000006,223.15000000000006,4768
1073380500,222.95000000000005,225.00000000000006,222.95000000000005,224.55000000000007,2829
1073466900,223.75000000000006,224.75000000000006,223.15000000000006,223.35000000000005,3576
1073553300,223.15000000000006,224.25000000000006,222.05000000000007,222.85000000000005,1491
1073639700,223.75000000000006,224.35000000000005,222.55000000000007,223.30000000000007,3267
1073898900,225.75000000000006,226.15000000000006,224.75000000000006,225.25000000000006,2704
1073985300,224.95000000000005,225.75000000000006,223.55000000000007,224.40000000000006,1664
1074071700,224.25000000000006,224.35000000000005,222.85000000000005,223.80000000000007,1171
1074158100,224.15000000000006,224.20000000000005,222.55000000000007,223.95000000000005,2608
1074244500,224.25000000000006,225.75000000000006,223.95000000000005,225.55000000000007,7251
1074590100,225.65000000000006,229.15000000000006,225.45000000000005,229.00000000000006,5367
1074676500,228.35000000000005,230.25000000000006,227.55000000000007,228.25000000000006,3507
1074762900,227.75000000000006,229.95000000000005,227.15000000000006,229.65000000000006,2621
1074849300,228.95000000000005,229.75000000000006,228.05000000000007,228.90000000000006,6281
1075108500,230.50000000000006,232.65000000000006,230.05000000000007,231.60000000000005,4656
1075194900,231.15000000000006,233.35000000000005,230.50000000000006,233.05000000000007,6199
1075281300,232.15000000000006,232.95000000000005,230.95000000000005,231.30000000000007,3851
1075367700,230.00000000000006,230.35000000000005,229.25000000000006,229.85000000000005,6488
1075454100,230.00000000000006,230.75000000000006,226.85000000000005,230.15000000000006,5183
1075713300,228.95000000000005,229.95000000000005,227.75000000000006,229.70000000000005,4776
1075799700,230.85000000000005,231.65000000000006,229.25000000000006,229.35000000000005,12044
1075886100,228.55000000000007,228.55000000000007,226.45000000000005,227.40000000000006,5621
1075972500,227.25000000000006,227.75000000000006,225.65000000000006,227.50000000000006,6951
1076058900,227.25000000000006,228.35000000000005,226.60000000000005,226.75000000000006,8349
1076318100,226.55000000000004,227.20000000000005,225.95000000000005,226.50000000000006,1343
1076404500,227.35000000000005,229.20000000000005,227.35000000000005,229.20000000000005,616
1076490900,229.45000000000005,229.45000000000005,228.15000000000003,229.45000000000005,1601
1076577300,228.80000000000004,230.95000000000005,228.55000000000004,230.30000000000004,1254
1076663700,230.95000000000005,230.95000000000005,229.15000000000003,229.15000000000003,1492
1077009300,228.85000000000005,229.90000000000003,228.50000000000006,229.50000000000006,2202
1077095700,227.85000000000005,228.85000000000005,224.95000000000005,225.40000000000003,2007
1077182100,225.25000000000006,225.95000000000005,224.45000000000005,225.35000000000005,1430
1077268500,225.85000000000005,225.85000000000005,224.35000000000005,224.80000000000004,3543
1077527700,224.25000000000006,224.65000000000003,223.55000000000004,224.35000000000005,1656
1077614100,224.55000000000004,227.90000000000003,224.45000000000005,227.60000000000005,681
1077700500,227.55000000000004,227.70000000000005,226.85000000000005,227.00000000000006,2099
1077786900,226.35000000000005,230.70000000000005,226.25000000000006,229.20000000000005,905
1077873300,229.40000000000003,229.85000000000005,228.75000000000006,229.65000000000003,1020
1078132500,229.45000000000005,229.95000000000005,228.35000000000005,228.90000000000003,937
1078218900,228.45000000000005,229.75000000000006,228.20000000000005,228.25000000000006,1951
1078305300,227.20000000000005,227.20000000000005,225.65000000000003,226.40000000000003,1367
1078391700,225.95000000000005,227.50000000000006,225.75000000000006,227.50000000000006,1595
1078478100,227.55000000000004,227.95000000000005,226.55000000000004,227.85000000000005,1461
1078737300,227.55000000000004,228.55000000000004,227.45000000000005,228.15000000000003,1780
1078823700,228.35000000000005,228.45000000000005,225.75000000000006,226.65000000000003,1139
1078910100,226.70000000000005,227.65000000000003,226.05000000000004,227.60000000000005,1403
1078996500,227.55000000000004,229.70000000000005,226.95000000000005,229.40000000000003,1789
1079082900,229.70000000000005,230.15000000000003,228.45000000000005,228.95000000000005,2092
1079342100,228.45000000000005,230.75000000000006,228.20000000000005,230.30000000000004,4294
1079428500,229.70000000000005,232.35000000000005,229.25000000000006,230.75000000000006,2755
1079514900,230.85000000000005,231.35000000000005,229.60000000000005,229.70000000000005,2050
1079601300,229.45000000000005,229.50000000000006,227.45000000000005,229.15000000000003,1753
1079687700,228.95000000000005,230.75000000000006,228.35000000000005,229.80000000000004,2259
1079946900,230.20000000000005,230.95000000000005,229.35000000000005,230.35000000000005,2072
1080033300,230.45000000000005,230.60000000000005,228.75000000000006,229.45000000000005,1864
1080119700,229.15000000000003,229.25000000000006,227.95000000000005,228.10000000000005,5420
1080206100,226.45000000000005,226.45000000000005,224.25000000000006,224.40000000000003,4965
1080292500,224.45000000000005,225.25000000000006,224.05000000000004,225.10000000000005,1850
1080551700,225.20000000000005,226.20000000000005,225.05000000000004,225.55000000000004,2159
1080638100,225.70000000000005,226.55000000000004,225.15000000000003,226.45000000000005,3784
1080724500,226.65000000000003,227.20000000000005,226.45000000000005,226.95000000000005,6264
1080810900,227.25000000000006,227.55000000000004,226.45000000000005,227.30000000000004,2283
1080897300,227.20000000000005,227.40000000000003,225.85000000000005,226.65000000000003,8718
1081152900,226.15000000000003,226.45000000000005,225.20000000000005,225.20000000000005,3551
1081239300,225.05000000000004,226.25000000000006,225.00000000000006,226.10000000000005,6132
1081325700,226.10000000000005,227.10000000000005,225.70000000000005,226.55000000000004,5481
1081412100,226.55000000000004,227.05000000000004,225.95000000000005,226.00000000000006,1283
1081757700,226.05000000000004,226.25000000000006,225.25000000000006,225.55000000000004,2706
1081844100,225.25000000000006,225.25000000000006,222.65000000000003,222.80000000000004,1922
1081930500,222.95000000000005,223.75000000000006,222.80000000000004,223.70000000000005,1170
1082016900,223.70000000000005,224.05000000000004,223.55000000000004,223.70000000000005,1216
1082103300,223.65000000000003,223.70000000000005,222.75000000000006,223.25000000000006,1226
1082362500,223.45000000000005,223.45000000000005,222.85000000000005,223.45000000000005,2024
1082448900,223.45000000000005,224.65000000000003,222.85000000000005,222.85000000000005,1902
1082535300,222.65000000000003,222.75000000000006,220.70000000000005,220.75000000000006,2254
1082621700,221.20000000000005,221.85000000000005,220.55000000000004,221.45000000000005,851
1082708100,221.70000000000005,221.95000000000005,221.35000000000005,221.55000000000004,501
1082967300,221.25000000000006,222.05000000000004,221.25000000000006,221.70000000000005,3202
1083053700,221.55000000000004,222.85000000000005,220.65000000000003,222.70000000000005,743
1083140100,222.70000000000005,223.05000000000004,221.45000000000005,222.20000000000005,1827
1083226500,222.10000000000005,222.85000000000005,221.30000000000004,221.30000000000004,2801
1083312900,221.00000000000006,221.65000000000003,220.30000000000004,220.35000000000005,1055
1083572100,220.55000000000004,221.20000000000005,220.45000000000005,220.95000000000005,2111
1083658500,221.25000000000006,223.45000000000005,221.25000000000006,223.35000000000005,883
1083744900,223.35000000000005,223.75000000000006,222.80000000000004,223.35000000000005,1349
1083831300,223.15000000000003,223.65000000000003,221.95000000000005,222.25000000000006,2247
1083917700,221.75000000000006,221.95000000000005,220.60000000000005,221.20000000000005,1275
1084176900,220.85000000000005,223.15000000000003,220.35000000000005,223.00000000000006,1459
1084263300,222.75000000000006,224.15000000000003,222.75000000000006,223.45000000000005,1125
1084349700,223.70000000000005,224.20000000000005,221.95000000000005,222.55000000000004,917
1084436100,222.60000000000005,223.25000000000006,222.20000000000005,223.05000000000004,619
1084522500,223.10000000000005,223.45000000000005,222.65000000000003,223.20000000000005,2166
1084781700,223.20000000000005,223.20000000000005,220.55000000000004,220.80000000000004,2404
1084868100,221.15000000000003,223.20000000000005,220.95000000000005,223.10000000000005,3242
1084954500,222.90000000000003,224.75000000000006,222.35000000000005,224.05000000000004,1455
1085040900,223.85000000000005,224.30000000000004,222.35000000000005,222.70000000000005,1190
1085127300,222.65000000000003,223.90000000000003,222.35000000000005,223.50000000000006,4038
1085386500,223.65000000000003,227.85000000000005,223.35000000000005,227.70000000000005,5106
1085472900,227.55000000000004,228.95000000000005,227.35000000000005,228.90000000000003,8469
1085559300,230.25000000000006,232.95000000000005,229.35000000000005,231.20000000000005,5611
1085645700,230.35000000000005,231.15000000000003,229.70000000000005,231.10000000000005,12418
1085732100,234.95000000000005,237.70000000000005,233.70000000000005,236.55000000000004,10188
1086077700,236.45000000000005,236.45000000000005,232.95000000000005,234.00000000000006,8883
1086164100,234.20000000000005,236.85000000000005,233.45000000000005,235.05000000000004,6647
1086250500,235.55000000000004,235.65000000000003,233.25000000000006,234.25000000000006,5955
1086336900,234.45000000000005,235.20000000000005,233.85000000000005,234.15000000000003,6546
1086596100,233.45000000000005,233.55000000000004,232.05000000000004,232.30000000000004,8631
1086682500,232.35000000000005,233.35000000000005,232.20000000000005,232.90000000000003,10463
1086768900,232.95000000000005,234.35000000000005,232.05000000000004,234.25000000000006,0
1086855300,234.60000000000002,236.25000000000003,234.00000000000003,234.35000000000002,1009
1087200900,233.75000000000003,233.8,231.20000000000005,231.25000000000003,1750
1087287300,230.50000000000003,230.8,229.00000000000003,229.50000000000003,586
1087373700,229.10000000000002,230.25000000000003,229.00000000000003,229.55,537
1087460100,229.3,229.70000000000005,227.10000000000002,227.45000000000005,1802
1087546500,227.85000000000002,228.10000000000002,227.20000000000005,227.3,1740
1087805700,227.00000000000003,227.25000000000003,224.45000000000005,225.10000000000002,1751
1087892100,225.8,226.00000000000003,225.00000000000003,225.25000000000003,1078
1087978500,226.40000000000003,226.70000000000005,225.05,225.65000000000003,1066
1088064900,225.50000000000003,225.65000000000003,224.75000000000003,225.40000000000003,1919
1088151300,225.40000000000003,225.8,222.8,222.90000000000003,2545
1088410500,222.70000000000005,223.8,221.90000000000003,223.75000000000003,1325
1088496900,223.90000000000003,223.90000000000003,222.90000000000003,223.00000000000003,1883
1088583300,222.90000000000003,224.50000000000003,222.20000000000005,224.40000000000003,648
1088669700,224.20000000000005,224.20000000000005,223.25000000000003,224.00000000000003,3607
1088756100,223.45000000000005,223.8,221.10000000000002,221.45000000000005,2855
1089101700,220.50000000000003,220.65000000000003,219.70000000000005,220.05,1232
1089188100,220.60000000000002,220.90000000000003,220.3,220.8,3732
1089274500,220.90000000000003,221.3,219.25000000000003,219.25000000000003,1239
1089360900,219.40000000000003,220.3,219.40000000000003,220.15000000000003,528
1089620100,220.15000000000003,220.3,219.50000000000003,219.90000000000003,1689
1089706500,219.50000000000003,221.3,219.40000000000003,219.8,979
1089792900,219.8,221.10000000000002,219.8,220.8,1617
1089879300,220.70000000000005,221.50000000000003,220.3,221.25000000000003,927
1089965700,220.60000000000002,221.00000000000003,219.85000000000002,220.8,2432
1090224900,220.50000000000003,221.3,220.40000000000003,221.10000000000002,2802
1090311300,221.25000000000003,222.95000000000005,221.25000000000003,222.65000000000003,4100
1090397700,222.90000000000003,223.3,219.8,220.60000000000002,2462
1090484100,220.60000000000002,221.10000000000002,220.3,221.00000000000003,2371
1090570500,221.00000000000003,221.20000000000005,218.8,219.15000000000003,3683
1090829700,218.90000000000003,219.00000000000003,217.60000000000002,218.00000000000003,2394
1090916100,217.60000000000002,217.70000000000005,217.20000000000005,217.25000000000003,4644
1091002500,217.60000000000002,218.25000000000003,217.25000000000003,217.35000000000002,2841
1091088900,217.50000000000003,217.60000000000002,216.90000000000003,217.05,7187
1091175300,217.00000000000003,217.20000000000005,215.60000000000002,215.85000000000002,4709
1091434500,215.60000000000002,216.00000000000003,215.20000000000005,215.8,3859
1091520900,216.25000000000003,216.8,216.00000000000003,216.25000000000003,3362
1091607300,216.00000000000003,216.3,215.60000000000002,215.75000000000003,4126
1091693700,214.75000000000003,215.60000000000002,214.60000000000002,215.40000000000003,7604
1091780100,215.8,217.00000000000003,215.8,216.55,8798
1092039300,216.8,217.15000000000003,216.05,216.85000000000002,5811
1092125700,216.70000000000005,216.70000000000005,215.90000000000003,216.55,12119
1092212100,216.60000000000002,217.20000000000005,216.20000000000005,216.3,14671
1092298500,216.25000000000003,216.25000000000003,214.45000000000002,214.8,1473
1092384900,214.85000000000002,214.95000000000002,214.40000000000003,214.75000000000003,1214
1092644100,214.65000000000003,218.60000000000002,214.15000000000003,218.10000000000002,641
1092730500,218.35000000000002,219.05,217.85000000000002,218.50000000000003,820
1092816900,217.8,218.40000000000003,215.95000000000002,215.95000000000002,891
1092903300,215.85000000000002,216.8,215.85000000000002,216.55,424
1092989700,216.50000000000003,216.8,215.90000000000003,216.25000000000003,1121
1093248900,217.55,219.75000000000003,217.55,219.35000000000002,593
1093335300,219.55,219.55,217.55,219.05,819
1093421700,219.25000000000003,219.60000000000002,219.05,219.40000000000003,799
1093508100,219.15000000000003,220.45000000000002,219.15000000000003,220.35000000000002,486
1093594500,220.35000000000002,220.60000000000002,219.45000000000002,219.55,468
1093853700,219.35000000000002,219.45000000000002,217.25000000000003,218.05,388
1093940100,218.25000000000003,218.70000000000002,218.00000000000003,218.55,777
1094026500,218.60000000000002,220.3,218.25000000000003,219.85000000000002,707
1094112900,219.85000000000002,220.95000000000002,219.35000000000002,220.15000000000003,519
1094199300,220.55,220.65000000000003,217.85000000000002,218.10000000000002,847
1094544900,218.15000000000003,218.60000000000002,216.45000000000002,216.8,263
1094631300,216.95000000000002,217.50000000000003,216.50000000000003,217.20000000000002,1121
1094717700,217.65000000000003,220.05,217.45000000000002,219.85000000000002,1172
1094804100,219.85000000000002,220.35000000000002,219.35000000000002,220.05,1234
1095063300,219.85000000000002,223.40000000000003,219.85000000000002,223.20000000000002,1795
1095149700,223.20000000000002,224.10000000000002,222.55,223.60000000000002,1914
1095236100,223.10000000000002,223.35000000000002,222.45000000000002,222.85000000000002,3427
1095322500,222.35000000000002,225.15000000000003,221.60000000000002,224.20000000000002,1451
1095408900,225.45000000000002,225.85000000000002,224.15000000000003,224.50000000000003,1694
1095668100,224.50000000000003,225.55,222.75000000000003,225.40000000000003,2837
1095754500,227.10000000000002,227.95000000000002,226.45000000000002,227.3,3011
1095840900,227.35000000000002,229.45000000000002,226.75000000000003,229.25000000000003,2168
1095927300,229.60000000000002,230.45000000000002,226.35000000000002,226.8,1998
1096013700,227.35000000000002,229.55,227.35000000000002,228.85000000000002,2328
1096272900,230.25000000000003,232.05,229.35000000000002,231.8,2137
1096359300,229.85000000000002,230.05,226.85000000000002,226.90000000000003,1547
1096445700,227.45000000000002,228.35000000000002,226.35000000000002,228.25000000000003,2319
1096532100,227.10000000000002,228.95000000000002,225.95000000000002,228.20000000000002,1608
1096618500,227.10000000000002,227.10000000000002,225.25000000000003,226.05,2309
1096877700,224.75000000000003,224.85000000000002,221.75000000000003,222.15000000000003,2041
1096964100,222.85000000000002,224.15000000000003,222.10000000000002,224.10000000000002,533
1097050500,224.15000000000003,224.55,222.95000000000002,223.55,1013
1097136900,222.85000000000002,224.15000000000003,221.95000000000002,224.05,1005
1097223300,224.05,224.35000000000002,223.05,223.15000000000003,1745
1097482500,221.85000000000002,222.15000000000003,220.65000000000003,221.85000000000002,5242
1097568900,221.85000000000002,222.45000000000002,220.55,220.60000000000002,1779
1097655300,219.75000000000003,220.10000000000002,218.85000000000002,219.8,1365
1097741700,220.25000000000003,220.35000000000002,219.05,219.3,754
1097828100,219.45000000000002,220.90000000000003,219.05,220.65000000000003,1439
1098087300,220.35000000000002,220.45000000000002,219.45000000000002,219.95000000000002,1385
1098173700,219.60000000000002,219.60000000000002,219.00000000000003,219.00000000000003,5177
1098260100,218.60000000000002,221.05,217.95000000000002,220.50000000000003,6719
1098346500,220.55,221.75000000000003,220.45000000000002,221.3,5657
1098432900,220.85000000000002,222.25000000000003,220.45000000000002,220.8,3201
1098692100,221.05,222.05,220.75000000000003,221.45000000000002,1972
1098778500,221.15000000000003,221.85000000000002,221.05,221.70000000000002,4614
1098864900,222.45000000000002,224.65000000000003,222.15000000000003,223.75000000000003,3534
1098951300,224.10000000000002,224.65000000000003,223.15000000000003,223.60000000000002,5401
1099037700,223.05,224.45000000000002,219.65000000000003,220.20000000000002,4032
1099300500,220.55,221.40000000000003,219.65000000000003,220.10000000000002,2464
1099386900,220.55,221.65000000000003,219.90000000000003,221.60000000000002,3660
1099473300,221.55,223.35000000000002,221.35000000000002,223.05,3620
1099559700,223.10000000000002,224.55,222.65000000000003,223.75000000000003,4750
1099646100,224.05,224.85000000000002,223.85000000000002,224.15000000000003,6641
1099905300,224.05,226.35000000000002,223.95000000000002,225.75000000000003,6918
1099991700,225.85000000000002,226.05,224.85000000000002,226.05,10394
1100078100,227.45000000000002,228.05,227.10000000000002,227.40000000000003,12951
1100164500,226.60000000000002,227.60000000000002,226.10000000000002,227.50000000000003,1088
1100250900,227.10000000000002,227.20000000000002,226.50000000000003,226.50000000000003,2272
1100510100,226.90000000000003,237.05,226.70000000000002,237.05,1029
1100596500,234.35000000000002,234.40000000000003,231.90000000000003,232.3,3391
1100682900,231.10000000000002,236.10000000000002,230.60000000000002,234.35000000000002,1636
1100769300,234.40000000000003,235.85000000000002,233.60000000000002,235.15000000000003,1734
1100855700,233.85000000000002,235.60000000000002,233.10000000000002,233.55,496
1101114900,235.20000000000002,236.90000000000003,235.20000000000002,235.70000000000002,973
1101201300,237.10000000000002,237.35000000000002,234.8,235.8,572
1101287700,235.20000000000002,235.20000000000002,233.60000000000002,234.8,2088
1101719700,235.8,241.10000000000002,235.8,240.65000000000003,2513
1101806100,241.90000000000003,242.60000000000002,238.35000000000002,240.40000000000003,1665
1101892500,240.20000000000002,242.05,239.40000000000003,241.60000000000002,2350
1101978900,243.8,245.85000000000002,240.10000000000002,240.85000000000002,2007
1102065300,240.8,241.60000000000002,238.60000000000002,241.10000000000002,1217
1102324500,240.20000000000002,241.3,240.10000000000002,240.85000000000002,1145
1102410900,240.35000000000002,240.65000000000003,239.35000000000002,240.60000000000002,1526
1102497300,239.60000000000002,243.40000000000003,239.35000000000002,241.20000000000002,1807
1102583700,241.70000000000002,243.60000000000002,240.60000000000002,241.15000000000003,722
1102670100,242.00000000000003,242.10000000000002,239.8,240.50000000000003,1832
1102929300,238.10000000000002,238.10000000000002,236.60000000000002,237.10000000000002,1322
1103015700,236.60000000000002,238.10000000000002,236.40000000000003,237.25000000000003,1229
1103102100,237.70000000000002,244.60000000000002,237.60000000000002,243.70000000000002,1580
1103188500,244.60000000000002,245.10000000000002,242.70000000000002,242.95000000000002,3303
1103274900,242.40000000000003,248.50000000000003,242.3,247.55,2175
1103534100,249.10000000000002,250.85000000000002,248.00000000000003,250.05,2290
1103620500,250.10000000000002,251.85000000000002,248.20000000000002,248.35000000000002,1725
1103706900,247.3,247.3,242.60000000000002,244.50000000000003,1693
1103793300,245.60000000000002,250.00000000000003,245.10000000000002,248.45000000000002,632
1104138900,250.35000000000002,250.35000000000002,247.10000000000002,248.05,745
1104225300,247.10000000000002,249.3,247.10000000000002,248.50000000000003,1868
1104311700,248.90000000000003,251.60000000000002,248.60000000000002,251.25000000000003,1126
1104398100,250.60000000000002,251.25000000000003,247.10000000000002,247.10000000000002,793
1104743700,246.50000000000003,248.3,245.90000000000003,246.35000000000002,1085
1104830100,245.10000000000002,245.75000000000003,243.10000000000002,244.8,2124
1104916500,244.10000000000002,247.85000000000002,241.10000000000002,241.8,3447
1105002900,241.10000000000002,242.10000000000002,239.00000000000003,240.20000000000002,1565
1105089300,240.70000000000002,241.85000000000002,239.45000000000002,239.65000000000003,1659
1105348500,239.10000000000002,240.3,238.50000000000003,239.00000000000003,2446
1105434900,239.35000000000002,240.60000000000002,238.90000000000003,239.05,2505
1105521300,240.10000000000002,243.10000000000002,240.10000000000002,242.25000000000003,2417
1105607700,243.35000000000002,245.50000000000003,243.10000000000002,244.45000000000002,1671
1105694100,243.85000000000002,243.85000000000002,242.85000000000002,243.45000000000002,5076
1106039700,243.10000000000002,247.70000000000002,241.90000000000003,247.70000000000002,2480
1106126100,247.50000000000003,248.20000000000002,246.60000000000002,247.40000000000003,4707
1106212500,247.90000000000003,248.90000000000003,244.35000000000002,245.35000000000002,2691
1106298900,245.70000000000002,246.60000000000002,244.60000000000002,246.60000000000002,2300
1106558100,246.85000000000002,248.10000000000002,246.50000000000003,248.00000000000003,4369
1106644500,247.50000000000003,249.20000000000002,245.85000000000002,249.20000000000002,2756
1106730900,249.20000000000002,249.60000000000002,247.35000000000002,248.55,3376
1106817300,248.00000000000003,248.3,246.60000000000002,246.65000000000003,6004
1106903700,245.90000000000003,248.90000000000003,245.00000000000003,248.75000000000003,3658
1107162900,248.35000000000002,249.40000000000003,247.90000000000003,248.8,5914
1107249300,248.10000000000002,249.35000000000002,246.85000000000002,249.3,4591
1107335700,249.70000000000002,250.10000000000002,248.20000000000002,248.40000000000003,4915
1107422100,248.70000000000002,249.35000000000002,247.90000000000003,248.8,12890
1107508500,249.10000000000002,254.85000000000002,247.85000000000002,254.00000000000003,10905
1107767700,255.60000000000002,256.3,254.35000000000002,256.3,799
1107854100,254.85000000000002,257.3,254.3,255.3,1145
1107940500,255.10000000000002,257.1,254.70000000000002,256.15000000000003,1301
1108026900,256,258.25,255.70000000000002,257.6,1810
1108113300,257.70000000000005,259,256.90000000000003,257.35,1014
1108372500,256.70000000000005,257.70000000000005,256.1,256.55,2391
1108458900,256.1,262.1,255.90000000000003,261.75,2111
1108545300,260.85,262.6,260.25,260.65000000000003,1812
1108631700,260.35,263.1,259.5,260.75,812
1108718100,260.1,262.1,259.6,261.55,1535
1109063700,258.3,259.35,257.90000000000003,258.6,2565
1109150100,258.90000000000003,265.1,258.6,264.85,3209
1109236500,264.40000000000003,267.70000000000005,260.8,262.8,1820
1109322900,262.3,264.1,258.3,258.8,2927
1109582100,260.35,264.3,259.6,263.05,1585
1109668500,263.3,263.90000000000003,262.35,262.95000000000005,2067
1109754900,263.90000000000003,266.35,262.85,263.05,2819
1109841300,264.3,266.3,264.3,264.55,2675
1109927700,264.20000000000005,266.55,263.35,265.55,2640
1110186900,267.1,272.35,267,271.70000000000005,3235
1110273300,273.6,276.90000000000003,272.6,274.3,1703
1110359700,272.6,275.1,270.35,273.20000000000005,3386
1110446100,275.1,279.85,274.35,279.55,3220
1110532500,280.1,280.85,277.6,278.15000000000003,3061
1110791700,279.1,280.3,274.1,276.20000000000005,2927
1110878100,273.6,278.6,272.1,278.45000000000005,3857
1110964500,278.1,279.35,276.1,277.90000000000003,1496
1111050900,277.90000000000003,278.20000000000005,276.85,277.70000000000005,1780
1111137300,278.1,278.35,272.85,274.8,2331
1111396500,272.6,274.3,270.6,272.3,3142
1111482900,271.8,273.35,271.20000000000005,273.05,3231
1111569300,269.6,270,266.70000000000005,266.95000000000005,4567
1111655700,266.6,266.6,261.6,262.70000000000005,3052
1112001300,262,264.35,261.6,264.15000000000003,2912
1112087700,264.6,265,263.20000000000005,263.90000000000003,4101
1112174100,263.90000000000003,268.70000000000005,263.70000000000005,266.90000000000003,3589
1112260500,268.1,269.40000000000003,267.1,268.35,3789
1112346900,269.35,270.5,264.6,265.90000000000003,3772
1112602500,264.1,265.70000000000005,262.6,265.05,4292
1112688900,265.35,268.5,265.20000000000005,268.1,9572
1112775300,269,270.85,266.3,266.75,7899
1112861700,267.1,267.90000000000003,263.90000000000003,264.05,12953
1112948100,264.05,264.25,256.9,259,966
1113207300,257.15,258.6,255.60000000000002,255.60000000000002,2212
1113293700,256.65,258.15,255.15,256.95,787
1113380100,256.65,257.55,255.9,256.75,2077
1113466500,255.15,255.15,252.65,253.15,1851
1113552900,253.65,254.7,251.75,254.7,2236
1113812100,255.35000000000002,255.85000000000002,252.65,254.3,1101
1113898500,255.3,261.15,255.25,260.55,1084
1113984900,260.4,264.15,259.15,264.05,1134
1114071300,263.15,264.9,261.75,262.05,2282
1114157700,262.05,268.35,260.4,267,1657
1114416900,266.15,267.75,264.15,266.5,1111
1114503300,265.85,271.65,265.65,271.6,2102
1114589700,271.9,274.15,270.15,272.55,1288
1114676100,271.15,272.75,269.75,270.1,810
1114762500,270.6,271.15,266.95000000000005,267.25,1541
1115021700,267.15,268.15,261.65,262.95,1460
1115108100,262.65,264.45,261.3,261.3,3261
1115194500,262.15,268.15,260.95,265,1206
1115280900,264.9,266.15,259.9,262.5,1500
1115367300,262.65,264.15,260.4,264,1156
1115626500,263.65,265.55,263.15,263.5,882
1115712900,262.15,262.95,261.15,261.15,1047
1115799300,261.65,264.65,259.65,264.3,1096
1115885700,263.45,264.85,260.65,262.05,547
1115972100,262.25,262.45,260.9,261.05,2616
1116231300,259.65,259.65,255.7,255.8,1393
1116317700,256.05,257.85,255.85000000000002,257.7,832
1116404100,257.65,258.85,257.15,257.9,1410
1116490500,258.4,258.65,256.15,256.35,1189
1116576900,256.35,257.55,255.95,256.65,1851
1116836100,256.45,259.65,256.15,257.8,3568
1116922500,258.75,261.4,258.45,259.35,3103
1117008900,261.4,262.75,260.45,262.15,2550
1117095300,261.65,263.65,261.55,263.45,1847
1117181700,263.15,263.15,261.15,261.7,3859
1117527300,259.4,259.4,257.15,258.2,4526
1117613700,258.4,259.65,257.15,257.9,7575
1117700100,259.65,262.4,259.65,261.95,5460
1117786500,262.35,265.9,262.35,265.5,6346
1118045700,264.35,266.65,262.9,264,8152
1118132100,265.65,265.65,263.65,265.65,9697
1118218500,264.9,265.15,260.75,261.4,7135
1118304900,261.20000000000005,261.9,256.4,256.4,4011
1118391300,255.05,255.05,252.85000000000002,253,2334
1118650500,254.05,254.55,249.8,249.8,1838
1118736900,250.05,251.15,248.8,250.9,919
1118823300,252.05,252.4,249.15,251.20000000000002,1458
1118909700,250.85000000000002,250.95000000000002,249.3,249.55,2117
1118996100,249.3,249.3,246.55,247.5,1372
1119255300,247.55,249.55,247.55,249.25,2171
1119341700,249.65,249.85000000000002,247.85000000000002,248.15,1948
1119428100,250.05,251.55,250.05,251.15,875
1119514500,250.85000000000002,251.85000000000002,247.05,248.35000000000002,1239
1119600900,247.8,249.05,244.3,245.5,2269
1119860100,243.05,243.75,242.05,242.60000000000002,1784
1119946500,242.75,244.8,241.55,244.4,983
1120032900,244.15,245.05,243.05,243.35000000000002,1580
1120119300,244.05,245.3,243.85000000000002,244.95000000000002,2525
1120205700,246.75,246.95000000000002,241.25,242.10000000000002,1222
1120551300,240.55,242.85000000000002,240.55,242.15,1181
1120637700,242.85000000000002,244.55,242.45000000000002,244.3,2044
1120724100,243.3,244.35000000000002,242.55,244.10000000000002,2136
1120810500,243.3,244.95000000000002,243.3,244,2271
1121069700,243.05,244.05,241.70000000000002,241.8,2351
1121156100,242.3,243.20000000000002,241.75,242.20000000000002,1823
1121242500,242.3,242.8,241.65,242.20000000000002,1918
1121328900,242.55,246.35000000000002,242.55,245.85000000000002,2061
1121415300,245.65,246.3,242.8,242.9,4399
1121674500,242.65,242.75,237.45000000000002,237.60000000000002,4169
1121760900,235.05,235.65,233.75,234.05,0
1121847300,234.85000000000002,236.05,234.55,235.95000000000002,4118
1121933700,236.15,236.55,234.55,236.35000000000002,1101
1122020100,237.05,237.55,236.05,236.9,2870
1122279300,235.05,239.85000000000002,234.35000000000002,239.45000000000002,2236
1122365700,239.05,240.3,238.05,239.3,3069
1122452100,237.8,238.3,235.75,236.75,3186
1122538500,235.75,240.05,234.85000000000002,239.10000000000002,5065
1122624900,239.3,241.15,238.95000000000002,240.70000000000002,3457
1122884100,240.05,241.3,239.05,239.70000000000002,5588
1122970500,239.05,244.35000000000002,239,244.15,3025
1123056900,244.05,244.65,243.25,243.35000000000002,3905
1123143300,244.05,245.45000000000002,243.05,243.85000000000002,6029
1123229700,244.05,244.35000000000002,242.45000000000002,243,6756
1123488900,242.55,243.55,239.55,240,9130
1123575300,239.55,241.15,239.05,240.4,8607
1123661700,241.05,244.55,240.55,243.55,8104
1123748100,244.05,245.05,243.65,244.55,8367
1123834500,243.55,246.05,241.55,242.60000000000002,16600
1124093700,240.3,240.75,232.55,233.95000000000002,13014
1124180100,234.55,235.55,233.8,234.5,11106
1124266500,234.65,235.70000000000002,233.55,235.4,9243
1124352900,233.55,233.85000000000002,232.8,232.85000000000002,10276
1124439300,233.45,234.64999999999998,232.95,233.45,1238
1124698500,234.7,234.7,232.25,233.5,1320
1124784900,234.54999999999998,236.04999999999998,233.95,235.39999999999998,1265
1124871300,236.14999999999998,236.14999999999998,232.14999999999998,232.75,1340
1124957700,232.54999999999998,232.75,229.75,229.85,2375
1125044100,229.85,229.95,228.25,228.64999999999998,2568
1125303300,231.95,231.95,227.7,228.45,1645
1125389700,229.45,231.14999999999998,227.95,230.39999999999998,2996
1125476100,234.45,234.45,231.35,233.29999999999998,2529
1125562500,234.45,237.7,233.45,237,1145
1125648900,235.64999999999998,236.64999999999998,235.14999999999998,235.14999999999998,812
1125994500,234.85,235.54999999999998,232.54999999999998,232.89999999999998,1620
1126080900,231.7,231.75,227.2,227.29999999999998,1523
1126167300,227.95,228.75,226.85,228.39999999999998,1008
1126253700,228.54999999999998,229.25,227.7,227.85,2847
1126512900,227.85,228.54999999999998,224.45,224.75,2161
1126599300,224.75,225.85,224.25,224.5,1458
1126685700,224.95,227.45,224.85,227.25,1402
1126772100,226.54999999999998,226.95,224.25,224.85,2227
1126858500,225.2,225.75,222.54999999999998,222.75,2194
1127117700,222.29999999999998,223.04999999999998,218.95,219.04999999999998,1873
1127204100,221.04999999999998,225.2,221.04999999999998,225,1746
1127290500,223.7,224.25,219.95,223.64999999999998,1520
1127376900,223.35,225.45,223.35,224.64999999999998,1401
1127463300,223.85,225.45,223.2,223.79999999999998,1831
1127722500,220.7,221.54999999999998,219.54999999999998,220.2,1533
1127808900,221.04999999999998,222.64999999999998,220.2,220.64999999999998,1739
1127895300,220.85,225.39999999999998,220.85,225.25,3130
1127981700,224.64999999999998,227.2,224.2,225.2,1465
1128068100,224.95,225.95,222.75,225.75,1346
1128327300,226.45,227.95,224.95,225.14999999999998,823
1128413700,225.45,226.29999999999998,223.95,224.85,1270
1128500100,224.95,226.6,224.64999999999998,225.89999999999998,1771
1128586500,227.2,227.54999999999998,225.54999999999998,225.75,1547
1128672900,225.95,227.14999999999998,224.95,227.04999999999998,2215
1128932100,227.95,231.45,227.25,231.04999999999998,3453
1129018500,231.85,233.7,231.54999999999998,232.85,2788
1129104900,233.35,233.95,232.04999999999998,233.35,1649
1129191300,232.2,233.14999999999998,231.45,232.39999999999998,3661
1129277700,231.75,232,230.35,231.6,4113
1129536900,233.95,235.89999999999998,233.75,235.64999999999998,3863
1129623300,236.35,238.35,235.45,236.35,2746
1129709700,237.04999999999998,238.14999999999998,234.45,235.89999999999998,2384
1129796100,235.64999999999998,237.7,235.04999999999998,237.54999999999998,3942
1129882500,237.04999999999998,238.54999999999998,234.75,235.5,2320
1130141700,234.64999999999998,236.04999999999998,234.54999999999998,235.2,2152
1130228100,236.2,237.04999999999998,234.64999999999998,235.7,3813
1130314500,236.45,236.89999999999998,233.2,233.89999999999998,3484
1130400900,233.2,233.85,232.14999999999998,232.35,4036
1130487300,231.45,231.75,230.2,230.64999999999998,5702
1130750100,229.95,229.95,228.85,229.14999999999998,3915
1130836500,229.45,230.14999999999998,228.45,229.6,5038
1130922900,230.45,233.64999999999998,230.2,233.6,6135
1131009300,233.95,236.54999999999998,233.45,236.2,5958
1131095700,237.45,237.54999999999998,235.14999999999998,236.45,8794
1131354900,234.7,236.45,234.45,235.7,11410
1131441300,236.75,240.75,236.64999999999998,240.6,8432
1131527700,240.45,241.35,238.75,239.7,8098
1131614100,239.5,240.5,238.7,239.64999999999998,395
1131700500,238.7,240.09999999999997,238.64999999999998,239.95,666
1131959700,239.39999999999998,239.45,232.79999999999998,232.79999999999998,1127
1132046100,233.54999999999998,233.79999999999998,228.79999999999998,229.29999999999998,1052
1132132500,231.54999999999998,232.04999999999998,229.54999999999998,229.7,1302
1132218900,229.29999999999998,231.29999999999998,229,231.29999999999998,850
1132305300,232.14999999999998,232.54999999999998,229.7,229.7,1154
1132564500,228.5,232.79999999999998,228.39999999999998,232.39999999999998,856
1132650900,232.29999999999998,233.5,231.29999999999998,231.89999999999998,935
1132737300,231.29999999999998,231.29999999999998,230,230.7,734
1133169300,232.29999999999998,232.54999999999998,229.59999999999997,229.59999999999997,1400
1133255700,229.54999999999998,229.59999999999997,228.2,229.34999999999997,1888
1133342100,229.29999999999998,230.39999999999998,226.29999999999998,226.5,2657
1133428500,226.29999999999998,226.89999999999998,225.75,225.95,1374
1133514900,226.2,227.09999999999997,224.2,224.25,897
1133774100,224.7,225.54999999999998,223.59999999999997,225.29999999999998,675
1133860500,225.54999999999998,226.09999999999997,224.79999999999998,226,728
1133946900,225.7,225.79999999999998,224.34999999999997,225.09999999999997,2858
1134033300,224.29999999999998,226.59999999999997,224.09999999999997,225.75,543
1134119700,227.04999999999998,227.04999999999998,225.29999999999998,225.5,2199
1134378900,228.79999999999998,229.89999999999998,227.89999999999998,229.14999999999998,1036
1134465300,229.79999999999998,230.54999999999998,227.39999999999998,227.79999999999998,1968
1134551700,226.04999999999998,226.54999999999998,223.09999999999997,226.29999999999998,1052
1134638100,225.7,227.79999999999998,225.54999999999998,227.45,998
1134724500,227.59999999999997,228.75,227,227.45,1349
1134983700,228.09999999999997,231.2,227.7,230.95,1518
1135070100,230.29999999999998,233,230.29999999999998,231.89999999999998,1447
1135156500,230.59999999999997,231.09999999999997,230.04999999999998,230.59999999999997,1237
1135242900,229.79999999999998,232.45,229.29999999999998,232.25,455
1135329300,232.25,233,231.7,232.04999999999998,2047
1135674900,231.39999999999998,236.34999999999997,231.2,235.59999999999997,1906
1135761300,236.79999999999998,237.09999999999997,234.89999999999998,236.39999999999998,1095
1135847700,235.79999999999998,237.79999999999998,235.7,236.39999999999998,1135
1135934100,236.39999999999998,236.79999999999998,234.59999999999997,236.59999999999997,1636
1136279700,237.39999999999998,238.25,235.79999999999998,238.09999999999997,1565
1136366100,237.29999999999998,240.2,236.59999999999997,240.14999999999998,4209
1136452500,239.79999999999998,247.29999999999998,239.59999999999997,246.84999999999997,2953
1136538900,245.79999999999998,249.5,245.04999999999998,249,2902
1136798100,248.04999999999998,250.89999999999998,246.79999999999998,249.75,2963
1136884500,248.59999999999997,250.79999999999998,247.14999999999998,248.7,3404
1136970900,247,248.29999999999998,245.89999999999998,246.89999999999998,2258
1137057300,246.29999999999998,248.09999999999997,245.84999999999997,247.25,0
1137143700,249.29999999999998,249.79999999999998,246.79999999999998,249.59999999999997,4225
1137489300,250.29999999999998,253.59999999999997,250.09999999999997,253.39999999999998,5437
1137575700,252.79999999999998,253.29999999999998,250.79999999999998,251.34999999999997,5070
1137662100,249.54999999999998,251.29999999999998,247.04999999999998,249.25,3474
1137748500,250.79999999999998,253.04999999999998,247.79999999999998,248.25,2712
1138007700,248.29999999999998,251.54999999999998,246.2,250.29999999999998,4200
1138094100,251.09999999999997,252.29999999999998,250.29999999999998,252.29999999999998,5480
1138180500,254.04999999999998,255.49999999999997,252.59999999999997,253,4491
1138266900,253.2,253.59999999999997,250.79999999999998,252.79999999999998,2433
1138353300,252.79999999999998,254.29999999999998,251.64999999999998,254.25,4603
1138612500,254.79999999999998,255.79999999999998,251.29999999999998,251.95,8830
1138698900,251.54999999999998,251.79999999999998,246.29999999999998,248.29999999999998,5923
1138785300,248.7,250.09999999999997,246.79999999999998,247.39999999999998,6196
1138871700,246.79999999999998,249.39999999999998,245.04999999999998,248.14999999999998,4023
1138958100,248.54999999999998,249.89999999999998,247.39999999999998,247.79999999999998,7810
1139217300,244.29999999999998,245.79999999999998,243.29999999999998,243.45,7825
1139303700,243.79999999999998,245.29999999999998,242.45,245.14999999999998,14953
1139390100,245.29999999999998,247.29999999999998,242.89999999999998,243.75,10858
1139476500,243.45,244.79999999999998,243.04999999999998,243.95,749
1139562900,243.95,245.84999999999997,243.54999999999998,245.5,1317
1139822100,244.04999999999998,244.34999999999997,239.54999999999998,239.89999999999998,2165
1139908500,240,240.54999999999998,237.04999999999998,238.04999999999998,2427
1139994900,238.29999999999998,239.79999999999998,237.54999999999998,238.14999999999998,4978
1140081300,236.54999999999998,237.54999999999998,234.04999999999998,235.95,2250
1140167700,237.45,239.14999999999998,237.29999999999998,238.84999999999997,1139
1140513300,239.04999999999998,240.34999999999997,237.84999999999997,240.04999999999998,974
1140599700,239.75,239.79999999999998,238.34999999999997,238.59999999999997,3890
1140686100,238.04999999999998,242.04999999999998,237.84999999999997,240.29999999999998,2042
1140772500,240.79999999999998,242.29999999999998,240.04999999999998,240.25,2396
1141031700,240.79999999999998,241.04999999999998,237.29999999999998,237.79999999999998,2535
1141118100,237.95,241.45,237.54999999999998,241.25,2524
1141204500,240.75,242.75,240.39999999999998,241.7,2212
1141290900,241.04999999999998,241.84999999999997,239.25,239.59999999999997,3737
1141377300,240.04999999999998,241.95,239.59999999999997,241.7,2572
1141636500,241.45,242.54999999999998,238.5,238.5,5546
1141722900,238.54999999999998,238.54999999999998,235.54999999999998,236.14999999999998,3416
1141809300,236.04999999999998,237.04999999999998,235.95,236.2,1478
1141895700,237.14999999999998,237.54999999999998,235.25,236.39999999999998,2036
1141982100,235.95,236.45,234.75,235.25,3769
1142241300,234.64999999999998,234.7,232.14999999999998,233.59999999999997,1652
1142327700,234.04999999999998,234.54999999999998,233.45,233.89999999999998,2741
1142414100,233.54999999999998,237.04999999999998,233.29999999999998,236.29999999999998,3487
1142500500,235.84999999999997,236.95,234.45,234.7,2314
1142586900,234.7,236.14999999999998,232.84999999999997,233,1326
1142846100,233.34999999999997,233.89999999999998,232.45,233.45,1733
1142932500,234.64999999999998,235.64999999999998,233.95,234.7,3351
1143018900,235.14999999999998,235.54999999999998,231.29999999999998,231.89999999999998,2304
1143105300,232.29999999999998,233.54999999999998,231.34999999999997,232.7,2213
1143191700,232.54999999999998,234.14999999999998,232.14999999999998,233.04999999999998,3197
1143450900,232.54999999999998,233.95,231.79999999999998,233.75,3348
1143537300,234.04999999999998,234.54999999999998,232.54999999999998,233.39999999999998,1985
1143623700,232.95,233.79999999999998,232.04999999999998,232.2,5699
1143710100,232.84999999999997,237.04999999999998,232.45,236.45,6288
1143796500,236.04999999999998,236.45,234.09999999999997,234.89999999999998,5217
1144052100,234.89999999999998,238.54999999999998,234.54999999999998,237.39999999999998,5615
1144138500,237.79999999999998,238.34999999999997,234.84999999999997,235,4687
1144224900,235.25,238.45,235.04999999999998,236,5620
1144311300,237.54999999999998,238.54999999999998,235.84999999999997,236.79999999999998,6192
1144397700,237.04999999999998,237.54999999999998,235.95,236.25,11135
1144656900,238.25,239.5,234.59999999999997,236.04999999999998,1361
1144743300,235.5,236,232.64999999999998,232.7,1647
1144829700,233.5,233.89999999999998,232.25,232.75,1966
1144916100,232.89999999999998,233.29999999999998,231.95,233.25,3916
1145261700,234.7,235.2,234.39999999999998,234.64999999999998,454
1145348100,234.2,237.5,233.79999999999998,237.04999999999998,2050
1145434500,237.09999999999997,238.5,236.5,238.14999999999998,1672
1145520900,237.89999999999998,241,237.45,240.5,2028
1145607300,240.45,241.29999999999998,239.09999999999997,239.54999999999998,1348
1145866500,240.09999999999997,240.2,238.5,239.04999999999998,1258
1145952900,239.79999999999998,241.39999999999998,234.45,234.45,1779
1146039300,235.39999999999998,237.89999999999998,234.7,236.75,2001
1146125700,236.09999999999997,236.25,232.7,233.25,2961
1146212100,233.25,235.14999999999998,233.25,234.95,1455
1146471300,235,235.5,234.25,234.89999999999998,771
1146557700,235.29999999999998,238.59999999999997,235.29999999999998,238,1456
1146644100,238.5,238.75,235.59999999999997,236.59999999999997,1686
1146730500,236.39999999999998,236.79999999999998,234.79999999999998,234.79999999999998,1638
1146816900,234.75,234.79999999999998,232.89999999999998,233.5,1049
1147076100,233.29999999999998,233.59999999999997,232.29999999999998,232.84999999999997,1865
1147162500,233,234.5,232.09999999999997,234.09999999999997,1897
1147248900,233.79999999999998,234.59999999999997,233,234.25,1766
1147335300,234.89999999999998,235.25,229.7,229.75,3401
1147421700,230.09999999999997,230.5,227.75,228.89999999999998,3668
1147680900,228.5,228.89999999999998,226.79999999999998,226.95,3645
1147767300,228,228.54999999999998,227.45,227.95,2245
1147853700,227.29999999999998,228,226.39999999999998,226.79999999999998,2245
1147940100,226.79999999999998,227.75,225.29999999999998,227.54999999999998,4015
1148026500,227.29999999999998,227.5,225.59999999999997,226.04999999999998,3399
1148285700,226.09999999999997,226.79999999999998,224.39999999999998,225,2949
1148372100,225,227.09999999999997,225,226.79999999999998,3251
1148458500,225.54999999999998,226,224.75,225.2,5569
1148544900,224.5,225.75,223.7,224.04999999999998,3350
1148631300,224.5,224.75,223.5,223.5,3046
1148976900,224,224.29999999999998,222.59999999999997,224.14999999999998,4703
1149063300,223.59999999999997,224.5,222.79999999999998,224.39999999999998,8980
1149149700,224.5,225.75,223.75,225.34999999999997,5090
1149236100,225.84999999999997,228.39999999999998,225.29999999999998,226.54999999999998,5781
1149495300,225.89999999999998,226.5,223.5,223.75,3557
1149581700,223.75,223.95,220.84999999999997,221.39999999999998,14130
1149668100,220.75,222.2,220.75,221.34999999999997,7621
1149754500,220.95,222.29999999999998,220.75,221.75,11316
1149840900,222.2,222.95,220.95,221.25,653
1150100100,221.2,221.7,220.89999999999998,221,760
1150186500,220.79999999999998,221.14999999999998,220.5,220.5,3355
1150272900,220.29999999999998,222.1,220.29999999999998,221,2787
1150359300,221.2,222.29999999999998,221.2,221.6,2195
1150445700,222,222.2,219.7,220.29999999999998,2729
1150704900,220,220.5,219.7,219.85,1269
1150791300,220.95,221.45,219.95,220,1931
1150877700,220.2,220.29999999999998,219.14999999999998,219.14999999999998,1754
1150964100,219.7,219.79999999999998,218.95,219.5,2424
1151050500,219.5,219.79999999999998,218.7,219,1636
1151309700,219,219.79999999999998,218.45,218.45,1700
1151396100,218.79999999999998,219.7,218.79999999999998,219.2,1504
1151482500,219.79999999999998,222.29999999999998,219.79999999999998,221.54999999999998,3305
1151568900,222.2,222.7,220.79999999999998,221.25,3712
1151655300,221.5,224.29999999999998,221.5,223.45,3366
1151914500,225.2,227.2,225.2,225.64999999999998,4244
1152087300,225.7,225.95,224.39999999999998,225.64999999999998,2542
1152173700,224.7,225.7,224.29999999999998,225.35,1508
1152260100,226.45,226.79999999999998,221.54999999999998,222.5,4081
1152519300,222.2,223.29999999999998,221.95,223.14999999999998,2460
1152605700,223.7,223.89999999999998,221.2,222.29999999999998,2186
1152692100,222.1,222.7,220.45,222.45,1737
1152778500,221.39999999999998,223.5,221.2,223.29999999999998,2655
1152864900,222.2,222.6,220.2,220.89999999999998,3111
1153124100,220.5,220.7,219.2,219.85,3742
1153210500,219.7,220.7,219.6,219.79999999999998,1430
1153296900,219.89999999999998,220.6,219.6,219.79999999999998,2043
1153383300,219.89999999999998,220,218.45,218.5,3775
1153469700,218,218.5,217.5,218.29999999999998,3095
1153728900,218.64999999999998,219,216.7,216.79999999999998,5030
1153815300,216.95,218.2,216.95,217.85,2329
1153901700,217.79999999999998,218.5,217.25,218.25,3645
1153988100,217.89999999999998,219.7,217.79999999999998,219.6,2736
1154074500,220.14999999999998,222.29999999999998,220.1,222.2,4125
1154333700,222.6,222.95,221.6,222.14999999999998,7158
1154420100,221.6,222.1,220.39999999999998,221.14999999999998,2980
1154506500,221.7,226.6,221.7,226.45,8590
1154592900,226,231.2,225.45,228.64999999999998,7998
1154679300,228.2,229.45,227.2,228.14999999999998,5985
1154938500,229.95,230.39999999999998,229.1,229.79999999999998,10973
1155024900,229,229.95,227.95,229.75,8530
1155111300,230.7,231.7,229.95,230.25,11652
1155197700,229.79999999999998,230.09999999999997,228,228.29999999999998,720
1155284100,227.2,227.7,226.39999999999998,227.2,1167
1155543300,224.09999999999997,225.39999999999998,223.79999999999998,223.79999999999998,1565
1155629700,224.59999999999997,225.84999999999997,224.09999999999997,225.84999999999997,1028
1155716100,227.34999999999997,229.89999999999998,227.34999999999997,227.45,2377
1155802500,228.2,228.34999999999997,226.34999999999997,226.34999999999997,1071
1155888900,226.7,226.75,224.09999999999997,226.04999999999998,1041
1156148100,228.59999999999997,229.89999999999998,227.79999999999998,229.84999999999997,776
1156234500,230.09999999999997,231.59999999999997,228.84999999999997,231.5,1831
1156320900,231.09999999999997,232.39999999999998,229.79999999999998,230.14999999999998,801
1156407300,229.59999999999997,230.59999999999997,229.59999999999997,230,842
1156493700,229.39999999999998,230.09999999999997,228.29999999999998,229.04999999999998,634
1156752900,227.79999999999998,227.89999999999998,225.39999999999998,226.09999999999997,458
1156839300,227.09999999999997,227.29999999999998,224.5,226.14999999999998,525
1156925700,225.84999999999997,226.59999999999997,225.79999999999998,226.29999999999998,430
1157012100,226.7,227.59999999999997,226.09999999999997,226.95,492
1157098500,226.09999999999997,227.09999999999997,225.7,226.5,635
1157444100,228.5,229.59999999999997,228.29999999999998,229.2,1017
1157530500,228.7,230,228.2,229.25,707
1157616900,227.79999999999998,229.2,226.5,226.54999999999998,623
1157703300,225.25,225.7,223.89999999999998,225.14999999999998,1855
1157962500,224.09999999999997,224.34999999999997,222.59999999999997,222.75,2596
1158048900,222.09999999999997,223.2,222.09999999999997,222.64999999999998,1219
1158135300,223.34999999999997,224.89999999999998,222.89999999999998,223.39999999999998,1042
1158221700,222.7,223.79999999999998,222.04999999999998,222.39999999999998,871
1158308100,222,222.5,221,221,1331
1158567300,220.25,221.2,220.09999999999997,220.79999999999998,1298
1158653700,221.39999999999998,222.34999999999997,221.39999999999998,221.95,748
1158740100,222,222.59999999999997,220.5,220.84999999999997,1200
1158826500,220.84999999999997,222.89999999999998,220.2,222.5,1417
1158912900,222.59999999999997,223.89999999999998,221.89999999999998,223.39999999999998,964
1159172100,223.09999999999997,226.34999999999997,220.89999999999998,225.59999999999997,1468
1159258500,226.79999999999998,227.09999999999997,225.29999999999998,225.84999999999997,1961
1159344900,225.39999999999998,226.39999999999998,224.89999999999998,225.84999999999997,718
1159431300,226.09999999999997,226.59999999999997,225.25,226.45,678
1159517700,226.39999999999998,227.59999999999997,225.59999999999997,226.59999999999997,2091
1159776900,225.79999999999998,226.59999999999997,222.29999999999998,222.5,2935
1159863300,222.04999999999998,223.29999999999998,221.7,223.2,3227
1159949700,223.09999999999997,224,222.79999999999998,223.45,1631
1160036100,224.09999999999997,225.29999999999998,223.2,223.54999999999998,2119
1160122500,222.7,223.5,222.39999999999998,222.95,1106
1160381700,223.2,223.34999999999997,221.95,222.09999999999997,2193
1160468100,221.7,222.29999999999998,221.5,221.89999999999998,1754
1160554500,221.39999999999998,223.29999999999998,221.29999999999998,222.09999999999997,2487
1160640900,221.7,222.7,220.89999999999998,222.34999999999997,1542
1160727300,223.59999999999997,224.34999999999997,223.09999999999997,223.09999999999997,1709
1160986500,222.34999999999997,223,220.25,221,3107
1161072900,221.29999999999998,221.7,220.5,221.5,2021
1161159300,221.29999999999998,222.79999999999998,221.2,221.34999999999997,1437
1161245700,220.34999999999997,221.79999999999998,220.34999999999997,220.95,2454
1161332100,221.09999999999997,221.95,220.34999999999997,221.09999999999997,1700
1161591300,221,226.09999999999997,221,225.79999999999998,4281
1161677700,226.59999999999997,227.34999999999997,225.5,226.2,4644
1161764100,226.09999999999997,226.5,225.39999999999998,225.95,2663
1161850500,226.5,227.09999999999997,226.25,226.64999999999998,2793
1161936900,226.2,227.09999999999997,225.59999999999997,227.09999999999997,3508
1162199700,226.29999999999998,229,225.89999999999998,227.14999999999998,6073
1162286100,226.59999999999997,228.45,226.5,227.45,7648
1162372500,227.09999999999997,230,226.7,227.89999999999998,7383
1162458900,228.34999999999997,230,228.34999999999997,229.75,5135
1162545300,230.5,231.89999999999998,230.5,231.64999999999998,5987
1162804500,231.84999999999997,232.54999999999998,231,232.34999999999997,6985
1162890900,232.5,233.09999999999997,231.2,232.14999999999998,9815
1162977300,231.29999999999998,235.04999999999998,231.04999999999998,234.95,13041
1163063700,235.74999999999997,238.39999999999998,234.99999999999997,238.39999999999998,1725
1163150100,237.49999999999997,237.89999999999998,235.2,235.2,1550
1163409300,235.34999999999997,236.09999999999997,233.89999999999998,234.59999999999997,672
1163495700,234.49999999999997,235.99999999999997,234.49999999999997,235.29999999999995,681
1163582100,235.39999999999998,237.7,235.39999999999998,237.59999999999997,860
1163668500,238.99999999999997,239.24999999999997,236.09999999999997,236.09999999999997,1237
1163754900,234.29999999999995,234.95,231.24999999999997,233.14999999999998,2131
1164014100,233.2,235.49999999999997,233.2,234.95,888
1164100500,235.59999999999997,236.39999999999998,234.59999999999997,235.39999999999998,712
1164186900,235.39999999999998,235.49999999999997,234.7,235.45,491
1164618900,236.99999999999997,238.04999999999995,235.59999999999997,237.89999999999998,599
1164705300,238.74999999999997,240.49999999999997,238.49999999999997,240.24999999999997,3055
1164791700,239.14999999999998,241.89999999999998,238.39999999999998,238.64999999999998,2273
1164878100,238.49999999999997,240.59999999999997,238.49999999999997,239.64999999999998,1249
1164964500,239.84999999999997,243.09999999999997,238.39999999999998,242.94999999999996,1338
1165223700,243.24999999999997,243.74999999999997,238.99999999999997,239.54999999999995,1785
1165310100,240.49999999999997,244.29999999999998,237.99999999999997,242.59999999999997,1593
1165396500,242.19999999999996,242.74999999999997,239.7,241.19999999999996,1448
1165482900,239.99999999999997,241.49999999999997,239.89999999999998,241.29999999999998,1580
1165569300,240.74999999999997,241.99999999999997,240.74999999999997,241.24999999999997,622
1165828500,240.49999999999997,244.49999999999997,240.09999999999997,244.09999999999997,1761
1165914900,244.19999999999996,245.34999999999997,242.79999999999998,243.24999999999997,1481
1166001300,242.49999999999997,244.69999999999996,242.39999999999998,244.34999999999997,900
1166087700,244.64999999999998,244.89999999999998,243.74999999999997,244.39999999999998,857
1166174100,245.24999999999997,245.49999999999997,239.49999999999997,240.84999999999997,1418
1166433300,241.29999999999998,241.99999999999997,239.89999999999998,239.95,1397
1166519700,239.29999999999995,239.49999999999997,237.29999999999995,238.49999999999997,1653
1166606100,238.49999999999997,242.39999999999998,238.29999999999995,242.19999999999996,4111
1166692500,241.99999999999997,242.49999999999997,239.24999999999997,241.84999999999997,1547
1166778900,240.74999999999997,240.99999999999997,240.2,240.89999999999998,580
1167124500,241.24999999999997,243.49999999999997,240.59999999999997,243.19999999999996,514
1167210900,242.74999999999997,244.49999999999997,242.49999999999997,244.34999999999997,1185
1167297300,244.34999999999997,245.19999999999996,239.99999999999997,240.45,1936
1167383700,240.29999999999995,241.89999999999998,239.89999999999998,241.69999999999996,1465
1167815700,239.99999999999997,240.99999999999997,237.99999999999997,239.14999999999998,2462
1167902100,239.2,240.74999999999997,238.09999999999997,240.54999999999998,1846
1167988500,238.59999999999997,238.89999999999998,235.09999999999997,235.99999999999997,2726
1168247700,235.74999999999997,236.29999999999995,234.49999999999997,235.59999999999997,2065
1168334100,234.49999999999997,235.29999999999995,233.29999999999995,233.99999999999997,3295
1168420500,233.99999999999997,236.49999999999997,233.99999999999997,236.34999999999997,1758
1168506900,236.09999999999997,237.29999999999995,235.45,236.24999999999997,2076
1168593300,235.09999999999997,236.09999999999997,235.09999999999997,235.95,3198
1168938900,236.2,237.74999999999997,235.64999999999998,237.34999999999997,4088
1169025300,236.09999999999997,237.34999999999997,234.99999999999997,237.29999999999995,1975
1169111700,236.7,237.2,235.29999999999995,235.45,1940
1169198100,234.99999999999997,236.2,234.79999999999995,235.39999999999998,1454
1169457300,234.79999999999995,235.2,232.49999999999997,233.04999999999995,4228
1169543700,232.49999999999997,232.79999999999995,230.99999999999997,231.34999999999997,4317
1169630100,230.99999999999997,232.99999999999997,230.99999999999997,232.64999999999998,5567
1169716500,231.99999999999997,232.49999999999997,231.59999999999997,231.7,4122
1169802900,231.29999999999995,232.2,231.09999999999997,231.99999999999997,2901
1170062100,231.7,233.29999999999995,231.49999999999997,232.29999999999995,2432
1170148500,231.89999999999998,232.74999999999997,231.59999999999997,232.24999999999997,3727
1170234900,232.74999999999997,233.89999999999998,232.49999999999997,233.39999999999998,10301
1170321300,233.99999999999997,234.79999999999995,233.49999999999997,234.24999999999997,8870
1170407700,234.49999999999997,234.7,233.29999999999995,233.89999999999998,5977
1170666900,233.79999999999995,233.79999999999995,231.74999999999997,232.24999999999997,4779
1170753300,232.79999999999995,232.89999999999998,231.89999999999998,232.14999999999998,6909
1170839700,231.99999999999997,233.49999999999997,231.99999999999997,232.34999999999997,12197
1170926100,232.44999999999996,232.59999999999997,230.89999999999998,231.04999999999995,789
1171012500,230.79999999999995,230.79999999999995,229.89999999999998,230.29999999999995,2353
1171271700,230.24999999999994,230.54999999999995,228.99999999999994,229.44999999999996,1342
1171358100,228.69999999999996,229.64999999999998,228.29999999999995,229.04999999999995,2027
1171444500,229.04999999999995,230.39999999999998,228.89999999999998,229.24999999999994,2040
1171530900,229.69999999999996,230.69999999999996,229.24999999999994,230.39999999999998,1032
1171617300,229.79999999999995,229.94999999999996,228.29999999999995,228.54999999999995,1405
1171962900,228.69999999999996,228.99999999999994,227.64999999999998,227.74999999999994,1240
1172049300,227.79999999999995,230.09999999999997,226.89999999999998,228.99999999999994,3426
1172135700,229.59999999999997,233.19999999999996,229.19999999999996,232.59999999999997,2072
1172222100,232.59999999999997,233.69999999999996,231.89999999999998,232.59999999999997,2835
1172481300,232.24999999999994,232.49999999999994,230.69999999999996,231.34999999999997,1765
1172567700,230.99999999999994,231.39999999999998,229.94999999999996,230.79999999999995,2164
1172654100,229.94999999999996,231.29999999999995,229.94999999999996,230.94999999999996,1666
1172740500,230.49999999999994,231.19999999999996,227.49999999999994,229.09999999999997,4346
1172826900,229.19999999999996,229.19999999999996,227.64999999999998,227.69999999999996,2574
1173086100,227.59999999999997,227.69999999999996,223.99999999999994,224.14999999999998,4680
1173172500,224.74999999999994,226.29999999999995,224.59999999999997,225.64999999999998,3089
1173258900,225.64999999999998,225.64999999999998,223.84999999999997,224.79999999999995,2654
1173345300,224.89999999999998,225.74999999999994,224.19999999999996,224.99999999999994,4284
1173431700,224.94999999999996,225.34999999999997,224.24999999999994,225.04999999999995,2214
1173690900,225.04999999999995,225.39999999999998,223.74999999999994,224.39999999999998,2219
1173777300,224.64999999999998,225.94999999999996,223.09999999999997,223.64999999999998,2889
1173863700,223.64999999999998,223.64999999999998,222.19999999999996,222.44999999999996,3410
1173950100,222.69999999999996,223.59999999999997,222.54999999999995,223.09999999999997,4067
1174036500,223.09999999999997,223.19999999999996,222.19999999999996,222.89999999999998,3045
1174295700,223.44999999999996,223.69999999999996,221.84999999999997,222.84999999999997,2266
1174382100,222.84999999999997,223.19999999999996,221.44999999999996,221.84999999999997,2442
1174468500,221.84999999999997,225.44999999999996,221.49999999999994,225.04999999999995,3691
1174554900,224.69999999999996,224.89999999999998,223.69999999999996,224.29999999999995,1822
1174641300,224.69999999999996,226.64999999999998,224.69999999999996,225.84999999999997,2740
1174896900,226.04999999999995,227.29999999999995,225.44999999999996,226.84999999999997,2732
1174983300,226.84999999999997,226.94999999999996,224.64999999999998,224.94999999999996,3541
1175069700,224.99999999999994,225.44999999999996,224.54999999999995,225.19999999999996,2039
1175156100,224.94999999999996,225.29999999999995,222.49999999999994,223.19999999999996,3108
1175242500,222.74999999999994,222.99999999999994,221.09999999999997,221.89999999999998,7518
1175501700,222.09999999999997,223.99999999999994,220.94999999999996,221.24999999999994,6946
1175588100,221.64999999999998,223.99999999999994,221.54999999999995,223.39999999999998,5331
1175674500,223.44999999999996,224.29999999999995,222.69999999999996,223.14999999999998,2966
1175760900,223.44999999999996,224.29999999999995,222.74999999999994,223.44999999999996,2531
1176106500,223.29999999999995,223.69999999999996,221.89999999999998,222.24999999999994,778
1176192900,222.29999999999995,222.59999999999997,221.79999999999995,221.84999999999997,598
1176279300,221.64999999999998,222.54999999999995,221.64999999999998,222.09999999999997,915
1176365700,222.69999999999996,225.49999999999994,222.69999999999996,225.39999999999998,2153
1176452100,225.79999999999995,226.74999999999994,224.29999999999995,224.34999999999997,1784
1176711300,224.09999999999997,224.59999999999997,220.89999999999998,220.89999999999998,3181
1176797700,221.09999999999997,222.19999999999996,220.69999999999996,221.94999999999996,1923
1176884100,221.99999999999994,223.09999999999997,221.39999999999998,221.79999999999995,1344
1176970500,221.49999999999994,222.09999999999997,221.09999999999997,221.19999999999996,2185
1177056900,221.39999999999998,221.89999999999998,220.24999999999994,220.34999999999997,1761
1177316100,221.04999999999995,221.19999999999996,218.89999999999998,219.09999999999997,1653
1177402500,219.24999999999994,219.69999999999996,216.84999999999997,217.39999999999998,4205
1177488900,217.04999999999995,217.74999999999994,216.59999999999997,216.99999999999994,1670
1177575300,216.84999999999997,216.89999999999998,216.19999999999996,216.49999999999994,2815
1177661700,216.64999999999998,217.54999999999995,215.64999999999998,216.74999999999994,3621
1177920900,216.89999999999998,217.19999999999996,215.54999999999995,215.89999999999998,1694
1178007300,216.09999999999997,216.34999999999997,213.09999999999997,214.64999999999998,6888
1178093700,214.69999999999996,215.54999999999995,214.14999999999998,214.44999999999996,1639
1178180100,214.29999999999995,215.14999999999998,213.94999999999996,214.09999999999997,1311
1178266500,214.54999999999995,216.49999999999994,214.54999999999995,215.74999999999994,3532
1178525700,216.54999999999995,216.79999999999995,214.29999999999995,214.54999999999995,2231
1178612100,214.89999999999998,216.79999999999995,214.69999999999996,214.99999999999994,1768
1178698500,215.34999999999997,216.64999999999998,214.89999999999998,215.99999999999994,1812
1178784900,216.19999999999996,216.59999999999997,215.39999999999998,216.29999999999995,2981
1178871300,216.34999999999997,216.49999999999994,214.84999999999997,215.39999999999998,1653
1179130500,215.79999999999995,218.59999999999997,215.79999999999995,216.59999999999997,2121
1179216900,216.59999999999997,217.94999999999996,216.49999999999994,216.99999999999994,2215
1179303300,216.89999999999998,219.79999999999995,216.89999999999998,219.39999999999998,3898
1179389700,219.74999999999994,223.09999999999997,219.49999999999994,222.79999999999995,3687
1179476100,222.89999999999998,223.64999999999998,220.79999999999995,221.49999999999994,2802
1179735300,221.29999999999995,222.79999999999995,221.09999999999997,221.69999999999996,2530
1179821700,221.99999999999994,222.69999999999996,220.84999999999997,221.19999999999996,3450
1179908100,221.19999999999996,221.99999999999994,220.39999999999998,221.69999999999996,3643
1179994500,221.84999999999997,223.69999999999996,221.84999999999997,222.99999999999994,2346
1180080900,223.39999999999998,223.59999999999997,221.99999999999994,222.54999999999995,4444
1180426500,222.54999999999995,222.54999999999995,219.79999999999995,220.39999999999998,4030
1180512900,220.89999999999998,221.14999999999998,219.89999999999998,221.09999999999997,5301
1180599300,220.94999999999996,221.94999999999996,219.94999999999996,221.64999999999998,5362
1180685700,222.39999999999998,227.39999999999998,221.64999999999998,227.09999999999997,8647
1180944900,226.64999999999998,228.04999999999995,224.49999999999994,224.99999999999994,5570
1181031300,224.99999999999994,226.79999999999995,224.89999999999998,226.24999999999994,4120
1181117700,226.39999999999998,227.84999999999997,224.89999999999998,226.19999999999996,9943
1181204100,225.79999999999995,227.29999999999995,225.29999999999995,226.74999999999994,10366
1181290500,226.64999999999998,227.24999999999994,224.19999999999996,224.64999999999998,12128
1181549700,224.24999999999997,225.89999999999998,223.7,225.14999999999998,2756
1181636100,225.04999999999995,225.14999999999998,222.34999999999997,223.29999999999995,2171
1181722500,223.04999999999995,224.49999999999997,222.64999999999998,224.34999999999997,2461
1181808900,224.34999999999997,225.49999999999997,223.45,224.09999999999997,3071
1181895300,224.14999999999998,224.95,223.89999999999998,224.09999999999997,3756
1182154500,223.95,225.45,223.54999999999995,223.95,1634
1182240900,223.95,224.04999999999995,221.74999999999997,222.7,1955
1182327300,222.7,224.64999999999998,222.7,224.29999999999995,1220
1182413700,224.34999999999997,224.64999999999998,223.34999999999997,223.59999999999997,2451
1182500100,224.04999999999995,224.2,221.54999999999995,222.34999999999997,1600
1182759300,222.79999999999995,222.79999999999995,217.99999999999997,218.09999999999997,3355
1182845700,218.24999999999997,219.14999999999998,217.95,218.84999999999997,2731
1182932100,218.59999999999997,219.45,218.04999999999995,219.14999999999998,1515
1183018500,219.04999999999995,220.45,217.84999999999997,219.54999999999995,2231
1183104900,219.39999999999998,220.09999999999997,218.95,219.74999999999997,1936
1183364100,219.74999999999997,220.14999999999998,217.39999999999998,219.04999999999995,2960
1183450500,218.59999999999997,218.95,217.29999999999995,218.2,4193
1183623300,218.34999999999997,218.74999999999997,216.84999999999997,217.45,2592
1183709700,217.09999999999997,217.49999999999997,216.04999999999995,216.84999999999997,2909
1183968900,217.04999999999995,217.49999999999997,216.24999999999997,216.49999999999997,1303
1184055300,216.7,218.74999999999997,216.54999999999995,218.09999999999997,3488
1184141700,218.54999999999995,219.2,218.14999999999998,218.84999999999997,2759
1184228100,218.84999999999997,219.54999999999995,217.24999999999997,218.39999999999998,4860
1184314500,218.2,218.39999999999998,216.59999999999997,216.84999999999997,1379
1184573700,216.74999999999997,218.84999999999997,216.54999999999995,218.79999999999995,2283
1184660100,218.64999999999998,220.04999999999995,218.24999999999997,219.49999999999997,1698
1184746500,219.54999999999995,221.54999999999995,219.54999999999995,221.04999999999995,1842
1184832900,220.74999999999997,222.29999999999995,220.74999999999997,221.24999999999997,3852
1184919300,221.14999999999998,221.64999999999998,220.29999999999995,220.99999999999997,1271
1185178500,220.79999999999995,221.95,218.84999999999997,219.34999999999997,4273
1185264900,219.24999999999997,223.04999999999995,218.24999999999997,222.74999999999997,5476
1185351300,222.34999999999997,222.49999999999997,221.04999999999995,221.2,2267
1185437700,221.45,222.04999999999995,218.04999999999995,218.45,3778
1185524100,218.45,220.29999999999995,218.24999999999997,219.74999999999997,3894
1185783300,219.59999999999997,220.49999999999997,218.84999999999997,220.09999999999997,4838
1185869700,220.45,221.49999999999997,219.99999999999997,221.34999999999997,4084
1185956100,221.04999999999995,221.34999999999997,219.79999999999995,220.09999999999997,5945
1186042500,220.54999999999995,223.54999999999995,220.14999999999998,223.2,10766
1186128900,223.14999999999998,225.34999999999997,223.14999999999998,224.59999999999997,4992
1186388100,224.34999999999997,226.64999999999998,223.24999999999997,225.45,7067
1186474500,225.04999999999995,225.95,223.54999999999995,224.54999999999995,10267
1186560900,224.24999999999997,226.04999999999995,223.54999999999995,225.59999999999997,7600
1186647300,225.94999999999996,226.84999999999997,224.99999999999994,226.54999999999995,1253
1186733700,225.99999999999994,227.94999999999996,224.39999999999998,227.64999999999995,1380
1186992900,227.09999999999997,228.84999999999997,225.99999999999994,227.74999999999997,2133
1187079300,227.64999999999995,228.74999999999997,225.54999999999995,226.19999999999996,795
1187165700,225.79999999999995,226.44999999999996,224.84999999999997,226.24999999999994,892
1187252100,225.39999999999998,225.39999999999998,218.24999999999994,218.29999999999995,4032
1187338500,219.44999999999996,222.94999999999996,219.44999999999996,222.64999999999998,1646
1187597700,221.94999999999996,223.34999999999997,221.64999999999998,221.99999999999994,1401
1187684100,222.09999999999997,222.24999999999994,221.34999999999997,221.54999999999995,997
1187770500,221.54999999999995,222.74999999999994,221.34999999999997,222.04999999999995,2325
1187856900,222.04999999999995,223.54999999999995,222.04999999999995,222.89999999999998,870
1187943300,222.89999999999998,223.89999999999998,221.54999999999995,222.29999999999995,3888
1188202500,221.44999999999996,222.14999999999998,220.19999999999996,220.39999999999998,714
1188288900,220.44999999999996,221.54999999999995,219.64999999999998,220.79999999999995,1746
1188375300,219.44999999999996,221.19999999999996,218.99999999999994,219.34999999999997,909
1188461700,219.59999999999997,219.79999999999995,218.69999999999996,219.39999999999998,701
1188548100,219.84999999999997,220.04999999999995,218.54999999999995,219.09999999999997,774
1188893700,219.89999999999998,222.24999999999994,219.89999999999998,221.09999999999997,2663
1188980100,221.09999999999997,221.09999999999997,218.44999999999996,219.24999999999994,1434
1189066500,219.44999999999996,220.34999999999997,218.84999999999997,219.94999999999996,432
1189152900,219.94999999999996,221.04999999999995,219.59999999999997,220.19999999999996,1523
1189412100,222.04999999999995,224.44999999999996,219.89999999999998,223.24999999999994,3217
1189498500,223.29999999999995,223.44999999999996,221.64999999999998,222.69999999999996,1053
1189584900,223.14999999999998,223.99999999999994,222.84999999999997,223.24999999999994,1094
1189671300,222.74999999999994,222.74999999999994,220.84999999999997,222.54999999999995,1404
1189757700,222.54999999999995,224.44999999999996,222.29999999999995,224.09999999999997,1263
1190016900,224.44999999999996,230.94999999999996,224.44999999999996,230.64999999999995,6967
1190103300,230.34999999999997,233.44999999999996,229.64999999999995,233.19999999999996,5072
1190189700,231.34999999999997,234.34999999999997,231.14999999999995,234.29999999999995,3324
1190276100,233.14999999999995,237.29999999999995,231.89999999999995,235.99999999999997,3411
1190362500,233.84999999999997,235.44999999999996,231.69999999999996,232.94999999999996,1805
1190621700,231.34999999999997,236.24999999999997,231.34999999999997,235.49999999999997,2071
1190708100,234.59999999999997,237.84999999999997,233.89999999999995,236.14999999999995,2752
1190794500,235.04999999999995,235.04999999999995,230.44999999999996,231.74999999999997,2895
1190880900,231.24999999999997,233.69999999999996,229.64999999999995,231.99999999999997,1946
1190967300,233.04999999999995,233.49999999999997,230.74999999999997,231.74999999999997,3067
1191226500,231.44999999999996,239.44999999999996,231.44999999999996,237.84999999999997,7145
1191312900,238.04999999999995,238.34999999999997,236.54999999999995,237.29999999999995,2016
1191399300,236.74999999999997,239.24999999999997,236.34999999999997,238.94999999999996,2644
1191485700,238.44999999999996,240.34999999999997,237.24999999999997,238.24999999999997,2393
1191572100,237.74999999999997,240.79999999999995,237.34999999999997,240.09999999999997,3127
1191831300,240.09999999999997,242.69999999999996,239.99999999999997,241.89999999999995,3257
1191917700,241.44999999999996,241.44999999999996,235.74999999999997,236.99999999999997,2816
1192004100,236.69999999999996,239.39999999999995,236.44999999999996,236.59999999999997,2524
1192090500,237.49999999999997,242.84999999999997,237.44999999999996,241.44999999999996,3655
1192176900,239.59999999999997,244.04999999999995,239.44999999999996,242.49999999999997,1956
1192436100,240.44999999999996,240.69999999999996,232.64999999999995,233.39999999999995,5650
1192522500,233.44999999999996,234.04999999999995,230.94999999999996,231.49999999999997,5403
1192608900,231.79999999999995,233.44999999999996,231.74999999999997,232.94999999999996,4241
1192695300,232.24999999999997,232.44999999999996,225.79999999999995,228.84999999999997,7898
1192781700,229.14999999999995,230.24999999999997,227.69999999999996,228.39999999999995,3015
1193040900,227.44999999999996,229.14999999999995,225.44999999999996,227.09999999999997,6756
1193127300,226.49999999999994,228.14999999999995,225.84999999999997,227.34999999999997,4468
1193213700,228.14999999999995,228.64999999999995,226.24999999999994,226.94999999999996,3369
1193300100,226.79999999999995,227.44999999999996,223.84999999999997,224.14999999999998,5975
1193386500,224.14999999999998,225.54999999999995,223.34999999999997,224.99999999999994,4551
1193649300,224.84999999999997,225.94999999999996,223.79999999999995,225.89999999999998,3845
1193735700,225.64999999999998,226.69999999999996,224.04999999999995,225.44999999999996,5950
1193822100,226.14999999999998,226.54999999999995,224.29999999999995,224.89999999999998,5295
1193908500,224.84999999999997,227.29999999999995,224.84999999999997,226.09999999999997,8205
1193994900,226.44999999999996,226.44999999999996,221.69999999999996,222.49999999999994,8015
1194254100,222.44999999999996,223.94999999999996,221.94999999999996,223.54999999999995,4243
1194340500,223.54999999999995,224.94999999999996,223.19999999999996,224.29999999999995,3876
1194426900,224.44999999999996,225.84999999999997,223.89999999999998,224.09999999999997,12440
1194513300,224.19999999999996,226.04999999999995,224.19999999999996,225.44999999999996,3888
1194599700,225.59999999999997,226.44999999999996,224.84999999999997,225.19999999999996,948
1194858900,224.89999999999998,225.84999999999997,222.04999999999995,225.34999999999997,1499
1194945300,225.79999999999995,228.24999999999997,225.79999999999995,226.14999999999998,987
1195031700,227.74999999999997,228.54999999999995,226.34999999999997,227.74999999999997,275
1195118100,228.19999999999996,229.34999999999997,226.69999999999996,228.29999999999995,1304
1195204500,228.49999999999997,229.34999999999997,227.99999999999997,228.44999999999996,622
1195463700,227.54999999999995,227.54999999999995,224.59999999999997,225.29999999999995,1320
1195550100,225.14999999999998,227.79999999999995,225.14999999999998,227.14999999999998,749
1195636500,226.49999999999997,227.24999999999997,225.64999999999998,225.94999999999996,1921
1196068500,226.49999999999997,226.49999999999997,224.94999999999996,224.94999999999996,560
1196154900,225.04999999999995,225.39999999999998,223.04999999999995,224.99999999999997,909
1196241300,225.64999999999998,230.19999999999996,225.29999999999995,228.34999999999997,1002
1196327700,226.84999999999997,229.04999999999995,226.84999999999997,227.94999999999996,339
1196414100,227.94999999999996,230.59999999999997,227.09999999999997,228.54999999999995,1272
1196673300,227.59999999999997,230.14999999999998,227.09999999999997,229.29999999999995,954
1196759700,229.54999999999995,230.29999999999995,229.29999999999995,229.94999999999996,1447
1196846100,229.64999999999998,230.74999999999997,229.54999999999995,230.49999999999997,649
1196932500,230.09999999999997,230.09999999999997,227.89999999999998,228.44999999999996,1238
1197018900,229.09999999999997,230.64999999999998,228.34999999999997,230.54999999999995,525
1197278100,230.44999999999996,233.19999999999996,230.34999999999997,232.94999999999996,1060
1197364500,233.69999999999996,234.19999999999996,232.04999999999995,232.89999999999998,1936
1197450900,232.04999999999995,233.89999999999998,231.69999999999996,233.59999999999997,2171
1197537300,233.44999999999996,234.14999999999998,231.69999999999996,232.84999999999997,532
1197623700,232.84999999999997,233.74999999999997,232.49999999999997,233.39999999999998,275
1197882900,232.84999999999997,234.74999999999997,232.49999999999997,232.89999999999998,1082
1197969300,232.64999999999998,234.74999999999997,232.64999999999998,233.94999999999996,846
1198055700,233.59999999999997,235.29999999999995,232.89999999999998,233.94999999999996,1397
1198142100,233.59999999999997,234.49999999999997,232.44999999999996,233.14999999999998,1018
1198228500,233.34999999999997,233.89999999999998,233.19999999999996,233.64999999999998,428
1198660500,233.34999999999997,234.29999999999995,229.44999999999996,233.09999999999997,1095
1198746900,232.89999999999998,233.04999999999995,230.84999999999997,231.24999999999997,1948
1198833300,231.34999999999997,232.84999999999997,231.34999999999997,232.49999999999997,1125
1199092500,232.69999999999996,236.19999999999996,232.69999999999996,235.59999999999997,2059
1199265300,235.64999999999998,236.24999999999997,232.39999999999998,233.49999999999997,1987
1199351700,233.74999999999997,235.84999999999997,233.64999999999998,234.64999999999998,1741
1199438100,234.74999999999997,235.34999999999997,229.59999999999997,232.14999999999998,1641
1199697300,232.24999999999997,232.54999999999995,230.34999999999997,230.89999999999998,2946
1199783700,231.39999999999998,235.44999999999996,231.39999999999998,234.99999999999997,3261
1199870100,234.99999999999997,235.34999999999997,233.69999999999996,235.14999999999998,6527
1199956500,234.99999999999997,236.44999999999996,234.54999999999995,236.14999999999998,2368
1200042900,236.14999999999998,236.84999999999997,234.64999999999998,235.84999999999997,2758
1200302100,234.84999999999997,237.34999999999997,233.64999999999998,237.09999999999997,4585
1200388500,236.84999999999997,238.84999999999997,235.24999999999997,236.39999999999998,5578
1200474900,235.89999999999998,236.04999999999995,232.99999999999997,234.44999999999996,2655
1200561300,234.09999999999997,235.44999999999996,232.84999999999997,233.89999999999998,2706
1200647700,233.84999999999997,234.04999999999995,232.14999999999998,232.64999999999998,3330
1200993300,231.84999999999997,234.64999999999998,229.34999999999997,234.54999999999995,5098
1201079700,233.89999999999998,234.64999999999998,230.34999999999997,230.79999999999995,4399
1201166100,230.89999999999998,232.69999999999996,230.04999999999995,231.84999999999997,3796
1201252500,232.04999999999995,232.24999999999997,230.49999999999997,230.89999999999998,4056
1201511700,230.49999999999997,233.94999999999996,230.04999999999995,233.64999999999998,4369
1201598100,233.14999999999998,234.34999999999997,232.44999999999996,233.14999999999998,4973
1201684500,233.24999999999997,236.49999999999997,233.24999999999997,235.99999999999997,7328
1201770900,236.14999999999998,237.74999999999997,235.74999999999997,237.54999999999995,7504
1201857300,237.54999999999995,238.94999999999996,236.59999999999997,238.49999999999997,7440
1202116500,238.59999999999997,243.84999999999997,238.49999999999997,242.09999999999997,6597
1202202900,242.09999999999997,243.09999999999997,240.34999999999997,242.04999999999995,6876
1202289300,241.49999999999997,242.84999999999997,240.14999999999998,242.59999999999997,11107
1202375700,242.19999999999996,242.99999999999994,240.94999999999996,242.74999999999994,2704
1202462100,242.14999999999995,246.94999999999996,241.54999999999995,246.59999999999997,3311
1202721300,245.69999999999996,247.79999999999995,244.89999999999995,247.24999999999994,2797
1202807700,247.24999999999994,248.04999999999995,245.89999999999995,247.29999999999995,3765
1202894100,246.39999999999995,249.54999999999995,245.94999999999996,248.99999999999994,3641
1202980500,248.24999999999994,252.19999999999996,248.24999999999994,251.89999999999995,4652
1203066900,251.79999999999995,256.69999999999993,248.44999999999996,248.99999999999994,4299
1203412500,246.24999999999994,254.99999999999994,246.24999999999994,254.39999999999995,3012
1203498900,253.54999999999995,255.29999999999995,251.14999999999995,254.29999999999995,4071
1203585300,254.34999999999997,257.44999999999993,253.94999999999996,255.99999999999994,2321
1203671700,255.84999999999997,260.04999999999995,255.84999999999997,259.34999999999997,2896
1203930900,259.44999999999993,263.19999999999993,258.59999999999997,260.9,1509
1204017300,260.04999999999995,260.54999999999995,256.54999999999995,257.24999999999994,2232
1204103700,258.74999999999994,263.09999999999997,258.74999999999994,260.99999999999994,2496
1204190100,261.24999999999994,264.84999999999997,258.34999999999997,264.34999999999997,2006
1204276500,263.79999999999995,268.65,262.29999999999995,263.59999999999997,2912
1204535700,260.9,265.34999999999997,260.9,264.4,2547
1204622100,263.65,265.54999999999995,259.94999999999993,261.94999999999993,2997
1204708500,260.54999999999995,262.34999999999997,258.74999999999994,260.84999999999997,2220
1204794900,259.15,262.69999999999993,249.89999999999995,251.69999999999996,4198
1204881300,252.54999999999995,253.54999999999995,243.84999999999997,248.34999999999997,5026
1205140500,247.99999999999994,248.39999999999995,244.64999999999995,247.34999999999997,1368
1205226900,247.49999999999994,250.84999999999997,246.44999999999996,248.99999999999994,1719
1205313300,250.14999999999995,252.04999999999995,249.54999999999995,250.89999999999995,3290
1205399700,251.79999999999995,255.79999999999995,251.79999999999995,254.79999999999995,1903
1205486100,255.94999999999996,256.84999999999997,245.24999999999994,249.14999999999995,4875
1205745300,246.49999999999994,247.54999999999995,231.59999999999997,233.04999999999995,11268
1205831700,234.79999999999995,236.64999999999995,231.44999999999996,234.59999999999997,6073
1205918100,235.29999999999995,236.14999999999995,227.64999999999995,229.99999999999994,8612
1206004500,230.04999999999995,230.59999999999997,222.94999999999996,227.94999999999996,9084
1206350100,229.04999999999995,229.84999999999997,225.29999999999995,225.79999999999995,2534
1206436500,226.79999999999995,230.84999999999997,226.79999999999995,229.69999999999996,3882
1206522900,231.34999999999997,232.44999999999996,227.69999999999996,229.39999999999995,3914
1206609300,229.74999999999994,230.54999999999995,226.74999999999994,229.64999999999995,2354
1206695700,230.54999999999995,230.54999999999995,226.59999999999997,227.49999999999994,3868
1206951300,227.04999999999995,228.54999999999995,223.94999999999996,224.49999999999994,12099
1207037700,224.44999999999996,227.24999999999994,223.29999999999995,226.19999999999996,6216
1207124100,226.04999999999995,228.49999999999994,225.44999999999996,225.74999999999994,5394
1207210500,226.54999999999995,229.79999999999995,225.54999999999995,228.39999999999995,4556
1207296900,228.54999999999995,229.54999999999995,227.59999999999997,228.99999999999994,3243
1207556100,228.94999999999996,230.99999999999994,228.94999999999996,230.69999999999996,10542
1207642500,230.54999999999995,231.54999999999995,229.89999999999995,230.29999999999995,9364
1207728900,230.04999999999995,234.54999999999995,228.54999999999995,233.54999999999995,17250
1207815300,233.14999999999995,234.74999999999994,227.04999999999995,228.79999999999995,1761
1207901700,228.99999999999994,230.14999999999995,227.24999999999994,227.69999999999996,3581
1208160900,227.64999999999995,228.99999999999994,227.29999999999995,227.89999999999995,1518
1208247300,228.04999999999995,232.64999999999995,227.74999999999994,230.94999999999996,1689
1208333700,231.04999999999995,233.54999999999995,230.89999999999995,231.54999999999995,2078
1208420100,232.24999999999994,237.34999999999997,231.74999999999994,236.34999999999997,1827
1208506500,235.74999999999994,235.74999999999994,229.34999999999997,231.89999999999995,2829
1208765700,231.34999999999997,233.69999999999996,227.44999999999996,228.04999999999995,1181
1208852100,228.39999999999995,232.04999999999995,228.14999999999995,231.09999999999997,2956
1208938500,231.24999999999994,231.39999999999995,229.19999999999996,230.69999999999996,796
1209024900,230.69999999999996,231.04999999999995,225.79999999999995,225.89999999999995,1455
1209111300,226.04999999999995,226.84999999999997,223.74999999999994,225.59999999999997,2300
1209370500,226.24999999999994,230.44999999999996,226.24999999999994,228.84999999999997,3143
1209456900,228.94999999999996,230.04999999999995,227.14999999999995,229.64999999999995,1016
1209543300,229.84999999999997,230.54999999999995,228.74999999999994,229.79999999999995,1277
1209629700,229.84999999999997,229.84999999999997,223.44999999999996,223.69999999999996,4652
1209716100,225.04999999999995,225.94999999999996,223.34999999999997,223.89999999999995,2324
1209975300,224.54999999999995,228.14999999999995,223.34999999999997,227.04999999999995,1435
1210061700,227.04999999999995,228.64999999999995,226.09999999999997,228.04999999999995,1705
1210148100,228.09999999999997,228.24999999999994,224.19999999999996,225.59999999999997,1663
1210234500,225.34999999999997,229.59999999999997,225.24999999999994,228.94999999999996,2791
1210320900,228.54999999999995,234.09999999999997,228.54999999999995,230.94999999999996,2791
1210580100,230.79999999999995,233.79999999999995,229.84999999999997,232.94999999999996,2764
1210666500,233.29999999999995,233.34999999999997,230.04999999999995,231.59999999999997,1895
1210752900,231.09999999999997,232.94999999999996,230.69999999999996,231.99999999999994,2674
1210839300,232.04999999999995,233.94999999999996,230.79999999999995,231.09999999999997,2109
1210925700,231.49999999999994,233.04999999999995,230.89999999999995,232.34999999999997,1675
1211184900,232.34999999999997,234.34999999999997,229.24999999999994,229.54999999999995,3826
1211271300,229.54999999999995,232.04999999999995,229.49999999999994,231.19999999999996,2991
1211357700,231.59999999999997,235.99999999999994,231.34999999999997,234.89999999999995,5068
1211444100,235.59999999999997,236.34999999999997,227.74999999999994,228.64999999999995,3145
1211530500,228.64999999999995,229.79999999999995,227.79999999999995,228.34999999999997,4123
1211876100,229.04999999999995,229.64999999999995,225.89999999999995,226.39999999999995,2980
1211962500,226.34999999999997,230.54999999999995,225.79999999999995,229.99999999999994,4373
1212048900,230.54999999999995,231.29999999999995,226.59999999999997,226.89999999999995,4146
1212135300,228.04999999999995,229.04999999999995,226.99999999999994,228.29999999999995,3357
1212394500,228.09999999999997,232.89999999999995,227.19999999999996,231.79999999999995,7960
1212480900,231.79999999999995,231.79999999999995,225.94999999999996,226.94999999999996,8460
1212567300,227.24999999999994,228.14999999999995,226.09999999999997,227.19999999999996,8453
1212653700,228.14999999999995,231.69999999999996,227.24999999999994,230.24999999999994,8403
1212740100,230.04999999999995,231.94999999999996,228.84999999999997,230.29999999999995,10269
1212999300,230.54999999999995,230.54999999999995,224.94999999999996,225.49999999999994,14265
1213085700,225.54999999999995,230.29999999999995,225.29999999999995,229.49999999999994,14002
1213172100,229.14999999999995,230.09999999999997,226.39999999999995,228.04999999999995,14885
1213258500,228.29999999999995,229.24999999999994,227.94999999999993,229.04999999999995,3907
1213344900,229.34999999999994,229.34999999999994,227.99999999999994,228.84999999999994,877
1213604100,228.84999999999994,233.94999999999993,228.84999999999994,230.84999999999994,9290
1213690500,231.74999999999994,234.09999999999994,230.49999999999994,233.94999999999993,2373
1213776900,233.49999999999994,234.74999999999994,229.89999999999995,231.49999999999994,1818
1213863300,232.19999999999993,234.14999999999995,230.89999999999995,231.84999999999994,2436
1213949700,231.99999999999994,240.69999999999993,231.74999999999994,238.89999999999995,3475
1214208900,239.69999999999993,240.49999999999994,236.49999999999994,238.59999999999994,1224
1214295300,238.69999999999993,242.79999999999995,238.44999999999993,240.49999999999994,1424
1214381700,240.74999999999994,243.49999999999994,239.69999999999993,242.39999999999995,1418
1214468100,242.89999999999995,247.14999999999995,242.49999999999994,245.74999999999994,2884
1214554500,246.64999999999995,246.89999999999995,243.29999999999995,244.59999999999994,1109
1214813700,243.59999999999994,248.09999999999994,242.39999999999995,245.24999999999994,2273
1214900100,245.44999999999993,247.79999999999995,244.54999999999995,247.44999999999993,1577
1214986500,247.24999999999994,248.24999999999994,245.44999999999993,247.99999999999994,1444
1215072900,247.49999999999994,248.14999999999995,243.34999999999994,243.94999999999993,0
1215418500,244.34999999999994,244.34999999999994,233.39999999999995,235.39999999999995,2192
1215504900,235.99999999999994,235.99999999999994,230.49999999999994,234.59999999999994,3656
1215591300,234.39999999999995,234.69999999999993,231.99999999999994,232.79999999999995,1022
1215677700,232.99999999999994,234.09999999999994,231.49999999999994,233.69999999999993,3221
1215764100,234.49999999999994,235.69999999999993,233.49999999999994,234.39999999999995,985
1216023300,233.84999999999994,235.99999999999994,232.49999999999994,235.04999999999995,941
1216109700,235.59999999999994,236.49999999999994,231.69999999999993,232.89999999999995,2849
1216196100,233.49999999999994,233.99999999999994,231.09999999999994,233.14999999999995,1611
1216282500,233.19999999999993,235.49999999999994,229.04999999999995,229.79999999999995,5600
1216368900,229.99999999999994,230.89999999999995,228.74999999999994,229.94999999999993,3414
1216628100,230.09999999999994,230.14999999999995,228.84999999999994,229.49999999999994,1087
1216714500,229.99999999999994,230.69999999999993,228.89999999999995,229.59999999999994,1262
1216800900,229.59999999999994,229.59999999999994,227.09999999999994,228.09999999999994,3169
1216887300,228.09999999999994,228.09999999999994,226.14999999999995,227.39999999999995,2500
1216973700,227.49999999999994,230.24999999999994,226.74999999999994,229.54999999999995,2143
1217232900,229.49999999999994,229.74999999999994,227.09999999999994,227.54999999999995,1894
1217319300,227.89999999999995,229.59999999999994,227.29999999999995,228.64999999999995,2810
1217405700,229.44999999999993,230.59999999999994,228.74999999999994,229.79999999999995,2964
1217492100,230.24999999999994,231.89999999999995,229.24999999999994,231.64999999999995,7106
1217578500,231.49999999999994,232.99999999999994,229.89999999999995,232.44999999999993,4514
1217837700,231.84999999999994,232.34999999999994,227.14999999999995,229.14999999999995,8321
1217924100,228.69999999999993,234.49999999999994,227.44999999999993,232.44999999999993,6362
1218010500,232.49999999999994,233.19999999999993,229.49999999999994,230.19999999999993,8590
1218096900,230.39999999999995,233.99999999999994,230.09999999999994,232.79999999999995,8752
1218183300,232.79999999999995,232.79999999999995,227.99999999999994,228.19999999999993,18631
1218442500,228.79999999999993,230.19999999999993,228.34999999999994,228.34999999999994,816
1218528900,228.84999999999994,232.29999999999993,226.94999999999993,229.79999999999993,925
1218615300,229.19999999999993,229.19999999999993,225.79999999999993,227.94999999999993,1390
1218701700,227.39999999999992,229.29999999999993,227.04999999999993,227.59999999999994,310
1218788100,226.79999999999993,227.14999999999992,223.69999999999993,225.29999999999993,857
1219047300,225.64999999999992,227.04999999999993,225.54999999999993,226.44999999999993,867
1219133700,225.79999999999993,230.14999999999992,225.59999999999994,228.64999999999992,1126
1219220100,228.74999999999991,230.54999999999993,228.59999999999994,229.69999999999993,510
1219306500,230.29999999999993,233.74999999999991,230.29999999999993,232.14999999999992,1911
1219392900,232.34999999999994,233.24999999999991,230.64999999999992,232.69999999999993,745
1219652100,231.79999999999993,232.54999999999993,231.24999999999991,231.74999999999991,297
1219738500,231.74999999999991,237.04999999999993,230.79999999999993,236.39999999999992,611
1219824900,236.39999999999992,240.49999999999991,236.29999999999993,236.54999999999993,1113
1219911300,236.29999999999993,239.54999999999993,235.44999999999993,236.24999999999991,625
1219997700,237.19999999999993,238.29999999999993,233.69999999999993,234.19999999999993,625
1220343300,234.09999999999994,234.09999999999994,230.39999999999992,232.99999999999991,2389
1220429700,233.29999999999993,233.69999999999993,231.09999999999994,231.89999999999992,5716
1220516100,232.39999999999992,235.54999999999993,231.79999999999993,235.24999999999991,1372
1220602500,235.14999999999992,235.84999999999994,229.69999999999993,231.19999999999993,3416
1220861700,231.44999999999993,232.29999999999993,230.39999999999992,231.59999999999994,6390
1220948100,230.29999999999993,231.59999999999994,228.59999999999994,228.79999999999993,1745
1221034500,228.54999999999993,230.04999999999993,227.29999999999993,229.49999999999991,1511
1221120900,228.54999999999993,228.54999999999993,225.89999999999992,227.14999999999992,2273
1221207300,227.14999999999992,228.49999999999991,226.99999999999991,227.89999999999992,2188
1221466500,227.89999999999992,228.69999999999993,224.94999999999993,227.69999999999993,2722
1221552900,227.79999999999993,227.79999999999993,221.74999999999991,222.09999999999994,3367
1221639300,222.69999999999993,223.79999999999993,220.59999999999994,221.59999999999994,2717
1221725700,222.59999999999994,224.39999999999992,219.04999999999993,219.14999999999992,2201
1221812100,219.34999999999994,222.99999999999991,219.04999999999993,221.74999999999991,1382
1222071300,222.79999999999993,225.79999999999993,222.59999999999994,225.34999999999994,2687
1222157700,224.79999999999993,226.14999999999992,223.39999999999992,223.64999999999992,1890
1222244100,224.19999999999993,225.59999999999994,223.39999999999992,224.39999999999992,1486
1222330500,224.19999999999993,226.99999999999991,222.69999999999993,226.34999999999994,2040
1222416900,226.94999999999993,226.94999999999993,221.79999999999993,223.09999999999994,2040
1222676100,222.79999999999993,222.89999999999992,218.54999999999993,219.39999999999992,4034
1222762500,219.04999999999993,220.49999999999991,218.04999999999993,219.59999999999994,2016
1222848900,220.04999999999993,220.79999999999993,217.64999999999992,218.19999999999993,2517
1222935300,218.14999999999992,218.64999999999992,214.19999999999993,214.69999999999993,3576
1223021700,214.74999999999991,215.14999999999992,211.0999999999999,211.54999999999993,3576
1223280900,211.54999999999993,211.54999999999993,202.5999999999999,204.0999999999999,8616
1223367300,203.94999999999993,205.89999999999992,203.69999999999993,203.89999999999992,3314
1223453700,203.39999999999992,205.54999999999993,199.19999999999993,204.29999999999993,5055
1223540100,204.94999999999993,206.19999999999993,204.14999999999992,204.29999999999993,3423
1223626500,204.04999999999993,205.99999999999994,200.0999999999999,204.99999999999994,3423
1223885700,204.69999999999993,209.79999999999993,204.69999999999993,207.29999999999993,1991
1223972100,207.89999999999992,210.64999999999992,207.89999999999992,208.5999999999999,1713
1224058500,208.5999999999999,208.5999999999999,201.89999999999992,202.94999999999993,2033
1224144900,202.79999999999993,205.24999999999994,201.19999999999993,202.64999999999992,2130
1224231300,204.3499999999999,205.89999999999992,203.29999999999993,205.24999999999994,2130
1224490500,205.24999999999994,206.89999999999992,203.8499999999999,203.94999999999993,1725
1224576900,205.04999999999993,205.79999999999993,203.0999999999999,203.8499999999999,1275
1224663300,204.29999999999993,204.29999999999993,201.79999999999993,202.19999999999993,2072
1224749700,201.74999999999994,202.54999999999993,199.44999999999993,199.79999999999993,2981
1224836100,199.54999999999993,201.19999999999993,196.0999999999999,198.3499999999999,2981
1225098900,197.69999999999993,198.0999999999999,194.89999999999992,197.39999999999992,3008
1225185300,197.79999999999993,200.49999999999994,196.74999999999994,197.44999999999993,2253
1225271700,199.79999999999993,203.69999999999993,199.69999999999993,201.89999999999992,2522
1225358100,203.29999999999993,204.29999999999993,200.19999999999993,200.69999999999993,3842
1225444500,200.5999999999999,203.5999999999999,198.94999999999993,202.54999999999993,3842
1225703700,202.69999999999993,204.0999999999999,201.0999999999999,202.04999999999993,2361
1225790100,202.0999999999999,207.54999999999993,201.99999999999994,206.3499999999999,3200
1225876500,204.79999999999993,208.14999999999992,204.64999999999992,206.04999999999993,5233
1225962900,204.99999999999994,205.79999999999993,199.0999999999999,200.64999999999992,5964
1226049300,200.29999999999993,202.19999999999993,200.29999999999993,201.79999999999993,5964
1226308500,202.79999999999993,205.39999999999992,201.94999999999993,202.24999999999994,1581
1226394900,201.79999999999993,202.54999999999993,201.19999999999993,201.5999999999999,3206
1226481300,202.5999999999999,202.64999999999992,200.24999999999994,201.0999999999999,1810
1226567700,200.54999999999993,203.69999999999993,199.54999999999993,199.5999999999999,898
1226654100,201.0999999999999,201.5999999999999,199.74999999999994,200.0999999999999,898
1226913300,200.04999999999993,201.0999999999999,195.3499999999999,199.3499999999999,2098
1226999700,199.29999999999993,200.19999999999993,198.79999999999993,199.14999999999992,1275
1227086100,199.14999999999992,202.0999999999999,197.49999999999994,198.5999999999999,525
1227172500,198.79999999999993,198.79999999999993,195.69999999999993,195.94999999999993,770
1227258900,195.49999999999994,197.0999999999999,195.24999999999994,195.3499999999999,770
1227518100,195.64999999999992,199.64999999999992,195.64999999999992,198.64999999999992,943
1227604500,198.79999999999993,200.29999999999993,198.04999999999993,198.94999999999993,604
1227690900,198.94999999999993,201.19999999999993,198.69999999999993,200.79999999999993,604
1227863700,200.79999999999993,201.8499999999999,199.0999999999999,200.39999999999992,604
1228122900,200.24999999999994,200.29999999999993,197.29999999999993,197.89999999999992,1128
1228209300,198.0999999999999,198.44999999999993,195.39999999999992,196.29999999999993,1227
1228295700,196.74999999999994,197.14999999999992,194.79999999999993,195.5999999999999,2660
1228382100,194.79999999999993,195.29999999999993,190.3499999999999,190.54999999999993,2376
1228468500,191.19999999999993,192.19999999999993,186.79999999999993,187.5999999999999,2376
1228727700,189.74999999999994,194.04999999999993,189.74999999999994,193.89999999999992,1841
1228814100,192.5999999999999,195.79999999999993,191.44999999999993,194.24999999999994,1357
1228900500,195.29999999999993,195.99999999999994,193.64999999999992,195.44999999999993,1194
1228986900,195.79999999999993,197.79999999999993,195.79999999999993,196.94999999999993,4753
1229073300,196.54999999999993,197.49999999999994,194.99999999999994,196.39999999999992,4753
1229332500,197.79999999999993,198.0999999999999,194.19999999999993,194.69999999999993,2135
1229418900,194.94999999999993,195.79999999999993,194.54999999999993,195.19999999999993,697
1229505300,196.44999999999993,197.79999999999993,195.54999999999993,196.39999999999992,858
1229591700,196.69999999999993,197.69999999999993,196.19999999999993,196.5999999999999,742
1229678100,196.5999999999999,196.5999999999999,194.3499999999999,195.0999999999999,742
1229937300,195.79999999999993,195.79999999999993,191.19999999999993,192.49999999999994,1261
1230023700,191.5999999999999,192.64999999999992,191.29999999999993,191.5999999999999,457
1230110100,191.5999999999999,192.69999999999993,191.5999999999999,192.0999999999999,457
1230282900,192.5999999999999,193.3499999999999,192.0999999999999,192.44999999999993,457
1230542100,192.5999999999999,193.44999999999993,190.39999999999992,190.74999999999994,676
1230628500,191.04999999999993,191.79999999999993,190.89999999999992,191.64999999999992,611
1230714900,191.5999999999999,197.0999999999999,191.39999999999992,196.0999999999999,611
1230887700,194.79999999999993,196.0999999999999,193.39999999999992,194.94999999999993,611
1231146900,195.24999999999994,195.54999999999993,190.14999999999992,191.74999999999994,1547
1231233300,192.49999999999994,200.64999999999992,192.39999999999992,200.19999999999993,2431
1231319700,199.79999999999993,201.24999999999994,197.64999999999992,198.14999999999992,4290
1231406100,197.8499999999999,199.99999999999994,196.99999999999994,197.3499999999999,1302
1231492500,197.79999999999993,203.39999999999992,197.79999999999993,200.74999999999994,1302
1231751700,199.69999999999993,202.3499999999999,198.14999999999992,198.39999999999992,1451
1231838100,198.79999999999993,200.69999999999993,197.5999999999999,198.5999999999999,1828
1231924500,199.49999999999994,200.49999999999994,198.29999999999993,198.49999999999994,1713
1232010900,198.79999999999993,199.3499999999999,197.0999999999999,197.74999999999994,1419
1232097300,198.49999999999994,201.04999999999993,198.49999999999994,199.64999999999992,1419
1232442900,198.99999999999994,199.94999999999993,197.79999999999993,198.79999999999993,1336
1232529300,198.64999999999992,201.79999999999993,196.5999999999999,201.39999999999992,4333
1232615700,201.29999999999993,204.29999999999993,201.29999999999993,203.3499999999999,8130
1232702100,202.79999999999993,204.44999999999993,202.04999999999993,203.5999999999999,8130
1232961300,203.0999999999999,206.3499999999999,202.79999999999993,206.14999999999992,2059
1233047700,206.0999999999999,207.29999999999993,204.29999999999993,205.89999999999992,3431
1233134100,205.79999999999993,206.64999999999992,205.04999999999993,206.49999999999994,1465
1233220500,205.8499999999999,206.39999999999992,204.64999999999992,205.49999999999994,2768
1233306900,205.39999999999992,205.79999999999993,201.89999999999992,202.89999999999992,2768
1233566100,201.79999999999993,204.44999999999993,201.14999999999992,203.74999999999994,4967
1233652500,203.69999999999993,203.99999999999994,201.79999999999993,203.24999999999994,5383
1233738900,203.24999999999994,203.24999999999994,199.19999999999993,199.8499999999999,6444
1233825300,199.54999999999993,203.79999999999993,198.04999999999993,203.14999999999992,5638
1233911700,202.64999999999992,204.69999999999993,201.69999999999993,203.54999999999993,5638
1234170900,202.5999999999999,205.99999999999994,202.5999999999999,205.3499999999999,829
1234257300,204.5999999999999,205.0999999999999,200.39999999999992,200.79999999999993,1432
1234343700,200.79999999999993,201.89999999999992,199.3499999999999,199.5999999999999,1602
1234430100,199.5999999999999,199.8499999999999,195.39999999999992,196.29999999999993,4411
1234516500,197.04999999999993,197.69999999999993,195.69999999999993,196.89999999999992,4411
1234862100,196.49999999999994,196.54999999999993,194.5999999999999,194.94999999999993,755
1234948500,194.8499999999999,195.0999999999999,192.99999999999994,193.49999999999994,1791
1235034900,193.39999999999992,195.29999999999993,193.19999999999993,194.44999999999993,2006
1235121300,193.8499999999999,194.3499999999999,192.5999999999999,193.14999999999992,2006
1235380500,193.89999999999992,195.94999999999993,193.89999999999992,195.0999999999999,981
1235466900,194.69999999999993,195.94999999999993,193.8499999999999,195.14999999999992,539
1235553300,195.54999999999993,195.74999999999994,193.5999999999999,194.69999999999993,1493
1235639700,194.64999999999992,196.5999999999999,194.19999999999993,194.94999999999993,1301
1235726100,194.64999999999992,194.69999999999993,191.94999999999993,193.79999999999993,1301
1235985300,193.49999999999994,193.49999999999994,187.3499999999999,187.49999999999994,6361
1236071700,188.79999999999993,189.54999999999993,187.79999999999993,188.29999999999993,1935
1236158100,188.64999999999992,191.3499999999999,188.5999999999999,190.49999999999994,1458
1236244500,190.74999999999994,190.74999999999994,188.69999999999993,190.54999999999993,3233
1236330900,189.74999999999994,190.8499999999999,188.94999999999993,188.99999999999994,3233
1236590100,189.49999999999994,189.49999999999994,186.19999999999993,188.14999999999992,2652
1236676500,188.44999999999993,188.8499999999999,187.49999999999994,187.74999999999994,1645
1236762900,187.49999999999994,189.54999999999993,187.19999999999993,188.79999999999993,1754
1236849300,188.94999999999993,194.39999999999992,186.29999999999993,192.29999999999993,3154
1236935700,192.29999999999993,193.94999999999993,191.39999999999992,191.8499999999999,3154
1237194900,191.5999999999999,193.44999999999993,190.69999999999993,192.44999999999993,1700
1237281300,192.44999999999993,193.5999999999999,191.5999999999999,192.8499999999999,5237
1237367700,192.8499999999999,195.69999999999993,192.8499999999999,194.64999999999992,2919
1237454100,195.5999999999999,198.74999999999994,195.5999999999999,197.64999999999992,5137
1237540500,198.0999999999999,199.5999999999999,196.79999999999993,197.79999999999993,0
1237799700,197.89999999999992,199.0999999999999,197.5999999999999,199.0999999999999,1817
1237886100,198.94999999999993,199.49999999999994,197.79999999999993,198.29999999999993,2078
1237972500,197.74999999999994,198.5999999999999,196.8499999999999,198.29999999999993,2694
1238058900,198.29999999999993,200.5999999999999,198.29999999999993,198.89999999999992,2966
1238145300,198.89999999999992,199.19999999999993,196.0999999999999,197.39999999999992,2966
1238400900,196.5999999999999,196.94999999999993,194.39999999999992,194.54999999999993,3729
1238487300,194.5999999999999,197.5999999999999,194.5999999999999,197.29999999999993,2528
1238573700,196.79999999999993,197.44999999999993,195.69999999999993,196.04999999999993,3628
1238660100,196.54999999999993,199.5999999999999,196.44999999999993,198.3499999999999,4030
1238746500,198.69999999999993,200.94999999999993,197.54999999999993,199.99999999999994,4030
1239005700,199.99999999999994,200.79999999999993,198.04999999999993,199.04999999999993,2884
1239092100,199.0999999999999,199.8499999999999,197.64999999999992,199.0999999999999,7224
1239178500,198.5999999999999,200.39999999999992,198.3499999999999,199.79999999999993,8303
1239264900,199.79999999999993,201.39999999999992,199.79999999999993,200.94999999999993,1651
1239610500,200.69999999999993,201.94999999999993,194.94999999999993,196.94999999999993,1680
1239696900,196.94999999999993,197.69999999999993,195.39999999999992,197.19999999999993,2567
1239783300,196.89999999999992,197.94999999999993,196.14999999999992,197.24999999999991,3825
1239869700,196.54999999999993,197.79999999999993,194.89999999999992,195.19999999999993,941
1239956100,195.39999999999992,195.94999999999993,192.54999999999993,193.39999999999992,941
1240215300,193.29999999999993,194.04999999999993,192.39999999999992,193.24999999999991,1196
1240301700,193.39999999999992,193.94999999999993,192.39999999999992,193.94999999999993,1686
1240388100,194.0999999999999,198.54999999999993,192.39999999999992,197.29999999999993,5407
1240474500,197.14999999999992,197.89999999999992,196.89999999999992,197.74999999999991,1684
1240560900,197.64999999999992,198.94999999999993,196.14999999999992,198.94999999999993,1684
1240820100,198.14999999999992,198.14999999999992,193.94999999999993,194.99999999999991,1123
1240906500,194.79999999999993,196.0999999999999,193.79999999999993,195.8499999999999,1502
1240992900,196.14999999999992,196.54999999999993,195.39999999999992,196.0999999999999,525
1241079300,195.79999999999993,196.3499999999999,193.64999999999992,195.49999999999991,1163
1241165700,195.49999999999991,200.24999999999991,195.29999999999993,199.94999999999993,1163
1241424900,199.8499999999999,201.29999999999993,198.89999999999992,200.24999999999991,2784
1241511300,200.39999999999992,204.0999999999999,199.19999999999993,204.0999999999999,1638
1241597700,203.8499999999999,204.5999999999999,203.04999999999993,204.29999999999993,1246
1241684100,204.0999999999999,205.0999999999999,202.99999999999991,203.94999999999993,1230
1241770500,203.8499999999999,207.14999999999992,202.99999999999991,206.04999999999993,1230
1242029700,205.79999999999993,209.49999999999991,205.04999999999993,207.74999999999991,3199
1242116100,206.74999999999991,209.89999999999992,206.74999999999991,208.19999999999993,6200
1242202500,207.89999999999992,208.19999999999993,205.74999999999991,206.54999999999993,2185
1242288900,205.39999999999992,207.54999999999993,204.24999999999991,207.24999999999991,2547
1242375300,207.14999999999992,208.89999999999992,206.0999999999999,207.04999999999993,2547
1242634500,206.0999999999999,209.14999999999992,206.0999999999999,208.64999999999992,1654
1242720900,208.64999999999992,211.5999999999999,208.39999999999992,211.54999999999993,3868
1242807300,211.54999999999993,213.74999999999991,209.99999999999991,212.49999999999991,4707
1242893700,212.39999999999992,215.0999999999999,211.04999999999993,214.99999999999991,2680
1242980100,214.39999999999992,216.5999999999999,212.99999999999991,214.29999999999993,2680
1243325700,213.94999999999993,216.3499999999999,210.89999999999992,215.69999999999993,2350
1243412100,215.89999999999992,216.94999999999993,213.39999999999992,214.79999999999993,2892
1243498500,213.8499999999999,216.64999999999992,212.39999999999992,216.14999999999992,2498
1243584900,215.44999999999993,218.19999999999993,215.24999999999991,216.79999999999993,2498
1243844100,215.94999999999993,221.89999999999992,215.94999999999993,221.5999999999999,5126
1243930500,221.39999999999992,222.19999999999993,219.39999999999992,221.3499999999999,4713
1244016900,221.39999999999992,221.5999999999999,214.29999999999993,217.74999999999991,5279
1244103300,216.94999999999993,218.79999999999993,215.49999999999991,218.54999999999993,3323
1244189700,218.19999999999993,218.89999999999992,212.94999999999993,213.24999999999991,3323
1244448900,213.04999999999993,213.19999999999993,207.94999999999993,209.49999999999991,9861
1244535300,209.94999999999993,211.64999999999992,209.94999999999993,210.64999999999992,8461
1244621700,210.54999999999993,211.39999999999992,207.49999999999991,209.8499999999999,9977
1244708100,209.8999999999999,211.3499999999999,208.6999999999999,211.0999999999999,3014
1244794500,210.1499999999999,210.2999999999999,207.7999999999999,209.0999999999999,3014
1245053700,207.9999999999999,207.9999999999999,200.9499999999999,200.9999999999999,4319
1245140100,201.2999999999999,203.0499999999999,201.2499999999999,202.1499999999999,2049
1245226500,202.2999999999999,202.8499999999999,198.1999999999999,198.4499999999999,2518
1245312900,199.2999999999999,201.0499999999999,197.7499999999999,200.4499999999999,2092
1245399300,200.7999999999999,200.7999999999999,196.5499999999999,197.3499999999999,2092
1245658500,197.1999999999999,198.3499999999999,196.7999999999999,197.9999999999999,966
1245744900,197.4999999999999,198.0499999999999,195.5999999999999,196.5499999999999,3633
1245831300,195.9999999999999,199.2999999999999,195.9999999999999,196.7999999999999,924
1245917700,196.8999999999999,198.2999999999999,195.2999999999999,197.8499999999999,915
1246004100,198.3999999999999,198.4999999999999,196.5499999999999,196.7999999999999,915
1246263300,196.5499999999999,198.9999999999999,196.3999999999999,197.8999999999999,630
1246349700,198.0499999999999,199.1999999999999,196.4999999999999,197.5999999999999,1072
1246436100,197.0999999999999,198.6999999999999,196.2999999999999,196.7499999999999,898
1246522500,196.3499999999999,196.8999999999999,194.8499999999999,195.5499999999999,1010
1246868100,195.0499999999999,197.7499999999999,194.3999999999999,195.7499999999999,868
1246954500,196.0999999999999,196.8999999999999,194.2999999999999,194.4999999999999,1170
1247040900,194.3999999999999,194.9999999999999,192.5999999999999,192.9999999999999,2414
1247127300,193.3999999999999,196.2499999999999,192.2999999999999,193.4499999999999,1670
1247213700,193.6499999999999,194.7999999999999,191.1999999999999,192.2499999999999,2260
1247472900,192.4999999999999,192.8499999999999,191.2499999999999,192.7499999999999,1449
1247559300,192.7499999999999,195.3499999999999,192.6499999999999,193.2999999999999,859
1247645700,193.7999999999999,197.2499999999999,193.5999999999999,195.7499999999999,969
1247732100,195.9499999999999,196.7999999999999,192.5999999999999,193.4999999999999,1604
1247818500,193.6999999999999,196.6499999999999,193.6999999999999,196.4999999999999,1754
1248077700,195.8499999999999,200.5499999999999,195.8499999999999,200.0499999999999,1755
1248164100,200.0499999999999,201.1999999999999,198.8499999999999,200.2999999999999,1422
1248250500,200.2999999999999,200.9999999999999,194.1999999999999,197.9499999999999,2491
1248336900,197.8499999999999,203.2999999999999,197.5999999999999,202.4499999999999,3029
1248423300,202.4499999999999,203.2499999999999,201.3499999999999,201.8499999999999,2491
1248682500,201.8499999999999,202.7999999999999,200.9999999999999,202.3499999999999,815
1248768900,202.6999999999999,204.0499999999999,198.1499999999999,200.6499999999999,2491
1248855300,200.1499999999999,202.1999999999999,199.1999999999999,200.7499999999999,1291
1248941700,200.7499999999999,203.6999999999999,200.7499999999999,202.8999999999999,3237
1249028100,203.2499999999999,205.8499999999999,201.7999999999999,205.7999999999999,2413
1249287300,205.2499999999999,211.1999999999999,205.2499999999999,210.9499999999999,4896
1249373700,210.2999999999999,211.9499999999999,209.2999999999999,210.8499999999999,4241
1249460100,210.2499999999999,211.7499999999999,208.4499999999999,209.2999999999999,2616
1249546500,209.1999999999999,212.5999999999999,209.1999999999999,212.5999999999999,3936
1249632900,211.9499999999999,215.9999999999999,210.9499999999999,215.7999999999999,10123
1249892100,215.1499999999999,216.3999999999999,213.0499999999999,213.8999999999999,1016
1249978500,213.34999999999988,215.1999999999999,212.2999999999999,215.09999999999988,2412
1250064900,214.2999999999999,215.34999999999988,213.1999999999999,213.7499999999999,750
1250151300,214.0499999999999,214.2499999999999,210.3999999999999,211.09999999999988,1865
1250237700,210.5499999999999,211.9499999999999,206.7999999999999,207.4499999999999,2306
1250496900,205.9499999999999,206.09999999999988,202.7999999999999,204.0499999999999,935
1250583300,204.4499999999999,204.59999999999988,201.4499999999999,203.34999999999988,490
1250669700,203.2499999999999,203.9499999999999,201.84999999999988,203.7999999999999,490
1250756100,203.09999999999988,203.2499999999999,200.7499999999999,200.84999999999988,761
1250842500,200.6499999999999,203.1499999999999,200.0999999999999,200.1499999999999,967
1251101700,199.7499999999999,201.2499999999999,197.3499999999999,197.5499999999999,1357
1251188100,197.6499999999999,198.69999999999987,196.3499999999999,196.4999999999999,798
1251274500,196.8999999999999,199.69999999999987,195.8499999999999,199.5999999999999,766
1251360900,199.5999999999999,199.9999999999999,196.2499999999999,196.44999999999987,826
1251447300,197.3999999999999,198.4999999999999,197.1499999999999,197.3499999999999,462
1251706500,196.94999999999987,197.5499999999999,195.3999999999999,197.3499999999999,564
1251792900,198.1499999999999,198.3999999999999,195.1499999999999,195.19999999999987,1396
1251879300,195.1499999999999,196.8999999999999,194.94999999999987,196.19999999999987,888
1251965700,196.7499999999999,197.2999999999999,195.2499999999999,195.8499999999999,680
1252052100,195.8499999999999,199.7499999999999,195.8499999999999,199.19999999999987,0
1252397700,200.9499999999999,201.59999999999988,199.0499999999999,199.69999999999987,1206
1252484100,199.5499999999999,200.9999999999999,199.5499999999999,200.2999999999999,812
1252570500,200.2999999999999,201.1499999999999,198.44999999999987,199.7499999999999,650
1252656900,199.6499999999999,202.7499999999999,199.6499999999999,201.59999999999988,1323
1252916100,200.6499999999999,208.9499999999999,200.4499999999999,208.1999999999999,2184
1253002500,208.1499999999999,210.2999999999999,206.7499999999999,209.6999999999999,1672
1253088900,210.09999999999988,211.34999999999988,208.7499999999999,209.2999999999999,1511
1253175300,208.9999999999999,212.0499999999999,208.9999999999999,211.09999999999988,2131
1253261700,210.2999999999999,212.1499999999999,208.9999999999999,211.09999999999988,1502
1253520900,210.5499999999999,213.2499999999999,210.1499999999999,210.5499999999999,2033
1253607300,210.7499999999999,213.09999999999988,210.09999999999988,212.9499999999999,2656
1253693700,212.1499999999999,213.09999999999988,210.09999999999988,211.2999999999999,911
1253780100,210.8999999999999,210.8999999999999,203.6499999999999,204.3999999999999,2959
1253866500,204.6499999999999,204.7499999999999,202.2499999999999,202.7499999999999,1072
1254125700,202.2499999999999,203.5499999999999,202.1499999999999,202.2499999999999,880
1254212100,202.34999999999988,202.34999999999988,200.4499999999999,200.59999999999988,1726
1254298500,200.59999999999988,202.9999999999999,200.59999999999988,202.84999999999988,892
1254384900,202.3999999999999,204.6499999999999,201.0499999999999,201.7499999999999,964
1254471300,201.6999999999999,204.9999999999999,201.34999999999988,204.7999999999999,1582
1254730500,204.7999999999999,206.6499999999999,204.1499999999999,204.59999999999988,2376
1254816900,205.1499999999999,210.34999999999988,204.7999999999999,208.6499999999999,2462
1254903300,208.9999999999999,210.34999999999988,208.09999999999988,209.2499999999999,1585
1254989700,209.59999999999988,213.8999999999999,209.59999999999988,212.7999999999999,3314
1255076100,211.9999999999999,213.7499999999999,210.1499999999999,210.4999999999999,1869
1255335300,211.3999999999999,213.84999999999988,208.5499999999999,213.0499999999999,2387
1255421700,212.9499999999999,214.6499999999999,210.84999999999988,213.4499999999999,1713
1255508100,213.4999999999999,214.3999999999999,212.9999999999999,214.1999999999999,1815
1255594500,214.0499999999999,214.3999999999999,211.34999999999988,212.6999999999999,2402
1255680900,212.6999999999999,217.6499999999999,211.7499999999999,217.6499999999999,6488
1255940100,217.7499999999999,220.09999999999988,216.1999999999999,219.0499999999999,3059
1256026500,218.2499999999999,218.5499999999999,214.7999999999999,216.59999999999988,1333
1256112900,216.1499999999999,219.1499999999999,214.8999999999999,219.0499999999999,2754
1256199300,218.9499999999999,218.9499999999999,215.2499999999999,218.5499999999999,3816
1256285700,217.6999999999999,218.0499999999999,210.9999999999999,212.1999999999999,3478
1256548500,211.4999999999999,214.2999999999999,209.34999999999988,211.59999999999988,3865
1256634900,211.1999999999999,212.7499999999999,210.5499999999999,211.4499999999999,1524
1256721300,211.34999999999988,211.59999999999988,208.09999999999988,209.6999999999999,2379
1256807700,209.7499999999999,212.6499999999999,208.7499999999999,211.8999999999999,3240
1256894100,212.2999999999999,213.5499999999999,209.1499999999999,210.6999999999999,3627
1257153300,210.6999999999999,218.1499999999999,210.1499999999999,217.5499999999999,7647
1257239700,217.09999999999988,217.09999999999988,214.2499999999999,216.34999999999988,5573
1257326100,216.3999999999999,218.1499999999999,215.0499999999999,215.9999999999999,5375
1257412500,215.6499999999999,218.9999999999999,214.9499999999999,217.2999999999999,10841
1257498900,217.34999999999988,218.1999999999999,213.34999999999988,214.09999999999988,7343
1257758100,214.59999999999988,217.34999999999988,214.59999999999988,215.2499999999999,1357
1257844500,214.7999999999999,214.7999999999999,208.7499999999999,209.2499999999999,723
1257930900,209.2499999999999,211.19999999999987,207.19999999999987,207.7999999999999,2740
1258017300,207.7499999999999,207.8999999999999,205.2499999999999,205.7499999999999,2789
1258103700,205.7499999999999,207.6499999999999,205.2499999999999,206.2499999999999,1766
1258362900,207.6499999999999,212.2499999999999,207.2999999999999,211.4999999999999,1818
1258449300,211.2999999999999,211.2999999999999,209.4999999999999,210.84999999999988,1008
1258535700,211.6499999999999,214.59999999999988,211.6499999999999,212.4999999999999,2679
1258622100,212.2499999999999,212.2499999999999,207.7499999999999,208.9999999999999,525
1258708500,208.3999999999999,209.7499999999999,206.8999999999999,207.69999999999987,944
1258967700,208.2499999999999,211.2499999999999,208.2499999999999,209.3999999999999,1029
1259054100,208.94999999999987,209.9999999999999,207.7999999999999,208.09999999999988,1642
1259140500,209.09999999999988,211.44999999999987,209.09999999999988,210.8999999999999,0
1259313300,209.2499999999999,210.4999999999999,206.1499999999999,210.09999999999988,4095
1259572500,210.09999999999988,215.34999999999988,210.09999999999988,213.94999999999987,3087
1259658900,213.94999999999987,216.2999999999999,213.4999999999999,214.6499999999999,2917
1259745300,214.6499999999999,216.1499999999999,214.2999999999999,215.6499999999999,1617
1259831700,215.6499999999999,217.2499999999999,215.59999999999988,216.5499999999999,1187
1259918100,216.2499999999999,216.2499999999999,212.09999999999988,213.2999999999999,1909
1260177300,213.5499999999999,219.6499999999999,212.59999999999988,218.4999999999999,2861
1260263700,217.94999999999987,218.2499999999999,215.6499999999999,215.84999999999988,2013
1260350100,216.1499999999999,218.4999999999999,213.19999999999987,213.59999999999988,2303
1260436500,214.2499999999999,215.7499999999999,213.7499999999999,214.6499999999999,997
1260522900,215.19999999999987,216.4999999999999,212.44999999999987,214.6499999999999,1454
1260782100,214.6499999999999,218.2499999999999,214.6499999999999,217.84999999999988,3794
1260868500,217.84999999999988,221.19999999999987,216.7499999999999,219.1499999999999,4039
1260954900,219.4999999999999,221.2499999999999,219.4999999999999,220.1499999999999,1315
1261041300,220.2499999999999,220.2499999999999,217.09999999999988,218.09999999999988,2154
1261127700,217.94999999999987,219.2499999999999,215.2499999999999,217.19999999999987,1620
1261386900,217.59999999999988,219.0499999999999,217.0499999999999,217.4999999999999,1124
1261473300,217.19999999999987,217.44999999999987,212.69999999999987,214.44999999999987,1119
1261559700,214.2499999999999,215.3999999999999,213.09999999999988,214.6499999999999,683
1261646100,214.2499999999999,215.34999999999988,211.0499999999999,211.2499999999999,0
1261991700,211.2499999999999,212.59999999999988,208.84999999999988,208.94999999999987,1072
1262078100,208.94999999999987,210.94999999999987,208.34999999999988,208.3999999999999,917
1262164500,208.2999999999999,210.19999999999987,208.1499999999999,208.69999999999987,1295
1262250900,209.5499999999999,210.1499999999999,207.7999999999999,207.84999999999988,0
1262596500,207.7499999999999,214.34999999999988,207.7499999999999,213.8999999999999,3030
1262682900,213.6499999999999,214.69999999999987,212.44999999999987,213.09999999999988,931
1262769300,213.2499999999999,214.5499999999999,212.19999999999987,213.6499999999999,2816
1262855700,213.6499999999999,214.44999999999987,212.0499999999999,213.9999999999999,1656
1262942100,213.9999999999999,217.9999999999999,213.9999999999999,217.44999999999987,2839
1263201300,217.44999999999987,218.94999999999987,214.7999999999999,215.7999999999999,4017
1263287700,215.6499999999999,216.7499999999999,214.7499999999999,215.19999999999987,2392
1263374100,214.9999999999999,217.94999999999987,214.9999999999999,217.1499999999999,4609
1263460500,217.1499999999999,217.7499999999999,215.7999999999999,216.2999999999999,2159
1263546900,216.2499999999999,216.4999999999999,212.44999999999987,212.7999999999999,1805
1263892500,213.7499999999999,214.2499999999999,212.2499999999999,212.8999999999999,1810
1263978900,212.6499999999999,212.6499999999999,210.44999999999987,211.2499999999999,2688
1264065300,211.34999999999988,212.0499999999999,209.7499999999999,210.69999999999987,1593
1264151700,211.2499999999999,213.2499999999999,209.34999999999988,211.6499999999999,2436
1264410900,211.44999999999987,212.44999999999987,210.6499999999999,211.44999999999987,1904
1264497300,211.2499999999999,211.2499999999999,209.0499999999999,210.34999999999988,3014
1264583700,210.2499999999999,211.1499999999999,205.4999999999999,205.69999999999987,5941
1264670100,206.4999999999999,206.9999999999999,204.19999999999987,205.09999999999988,4207
1264756500,205.2499999999999,205.9999999999999,203.7499999999999,203.84999999999988,4274
1265015700,204.09999999999988,205.34999999999988,203.2999999999999,204.69999999999987,4394
1265102100,205.09999999999988,207.7499999999999,204.2999999999999,207.19999999999987,7765
1265188500,207.2999999999999,208.09999999999988,204.4999999999999,205.09999999999988,7912
1265274900,205.09999999999988,205.19999999999987,202.1499999999999,203.6499999999999,8732
1265361300,203.44999999999987,203.8999999999999,200.7499999999999,200.94999999999987,13383
1265620500,201.79999999999987,203.49999999999986,200.74999999999986,202.84999999999988,1380
1265706900,202.84999999999988,204.29999999999987,201.69999999999987,202.64999999999986,1376
1265793300,203.29999999999987,204.19999999999987,201.74999999999986,204.09999999999988,4021
1265879700,204.59999999999988,205.49999999999986,203.69999999999987,203.94999999999987,1186
1265966100,202.99999999999986,204.99999999999986,202.19999999999987,204.59999999999988,830
1266311700,204.69999999999987,206.54999999999987,203.99999999999986,205.34999999999988,1696
1266398100,206.09999999999988,206.09999999999988,203.94999999999987,204.94999999999987,3013
1266484500,204.39999999999986,207.59999999999988,204.39999999999986,206.69999999999987,2977
1266570900,205.39999999999986,207.49999999999986,205.29999999999987,207.49999999999986,997
1266830100,206.94999999999987,206.94999999999987,201.79999999999987,202.39999999999986,2088
1266916500,202.69999999999987,203.29999999999987,201.84999999999988,202.69999999999987,1581
1267002900,203.44999999999987,203.59999999999988,202.29999999999987,203.34999999999988,865
1267089300,202.44999999999987,202.49999999999986,198.79999999999987,200.29999999999987,2637
1267175700,200.79999999999987,202.59999999999988,200.44999999999987,201.69999999999987,2226
1267434900,201.49999999999986,203.44999999999987,200.79999999999987,202.24999999999986,3449
1267521300,201.79999999999987,203.24999999999986,201.34999999999988,202.84999999999988,2380
1267607700,202.84999999999988,203.04999999999987,200.79999999999987,202.59999999999988,661
1267694100,202.49999999999986,202.54999999999987,199.29999999999987,200.64999999999986,2174
1267780500,201.19999999999987,201.74999999999986,200.49999999999986,200.89999999999986,1519
1268039700,201.19999999999987,202.29999999999987,200.44999999999987,201.59999999999988,1666
1268126100,201.79999999999987,204.54999999999987,200.74999999999986,203.24999999999986,2090
1268212500,203.19999999999987,204.14999999999986,202.29999999999987,203.24999999999986,2846
1268298900,203.09999999999988,204.29999999999987,203.09999999999988,204.19999999999987,3497
1268385300,203.69999999999987,205.44999999999987,202.04999999999987,202.84999999999988,3785
1268644500,202.69999999999987,203.19999999999987,200.14999999999986,201.49999999999986,2000
1268730900,201.79999999999987,203.79999999999987,201.49999999999986,203.19999999999987,2975
1268817300,203.29999999999987,204.19999999999987,203.14999999999986,204.09999999999988,1995
1268903700,203.64999999999986,207.24999999999986,203.09999999999988,205.99999999999986,2681
1268990100,205.24999999999986,206.14999999999986,201.24999999999986,202.99999999999986,2089
1269249300,202.49999999999986,204.04999999999987,201.34999999999988,203.49999999999986,1480
1269335700,203.59999999999988,205.24999999999986,202.89999999999986,205.14999999999986,3851
1269422100,204.49999999999986,205.59999999999988,203.74999999999986,204.74999999999986,2752
1269508500,204.64999999999986,207.79999999999987,204.54999999999987,207.39999999999986,6211
1269594900,206.89999999999986,208.24999999999986,205.79999999999987,206.19999999999987,2955
1269850500,206.29999999999987,208.79999999999987,206.29999999999987,208.39999999999986,6053
1269936900,208.39999999999986,209.44999999999987,207.64999999999986,209.34999999999988,7602
1270023300,209.34999999999988,209.39999999999986,205.09999999999988,206.64999999999986,7246
1270109700,206.79999999999987,208.34999999999988,206.79999999999987,207.84999999999988,0
1270455300,207.84999999999988,210.24999999999986,207.84999999999988,210.09999999999988,5801
1270541700,209.29999999999987,210.09999999999988,208.44999999999987,209.64999999999986,5240
1270628100,208.89999999999986,209.59999999999988,207.04999999999987,208.04999999999987,5365
1270714500,207.7499999999999,207.7499999999999,204.34999999999988,205.34999999999988,2791
1270800900,204.7499999999999,205.94999999999987,203.29999999999987,203.3999999999999,0
1271060100,204.2499999999999,204.7499999999999,203.7499999999999,204.19999999999987,3638
1271146500,204.59999999999988,204.59999999999988,202.4999999999999,202.7499999999999,2148
1271232900,202.8999999999999,203.3999999999999,202.34999999999988,202.44999999999987,3131
1271319300,202.34999999999988,202.69999999999987,200.6499999999999,202.34999999999988,2577
1271405700,202.54999999999987,202.54999999999987,199.6499999999999,199.7499999999999,1762
1271664900,200.34999999999988,200.4999999999999,199.44999999999987,199.69999999999987,1613
1271751300,200.1499999999999,200.7499999999999,199.7499999999999,199.79999999999987,3778
1271837700,199.84999999999988,200.69999999999987,199.29999999999987,200.1499999999999,2403
1271924100,200.3999999999999,200.59999999999988,199.1499999999999,200.29999999999987,1479
1272010500,200.54999999999987,201.8999999999999,199.8999999999999,200.79999999999987,2511
1272269700,200.9999999999999,202.1499999999999,200.6499999999999,201.4999999999999,2425
1272356100,201.4999999999999,201.4999999999999,199.09999999999988,199.69999999999987,3094
1272442500,199.6499999999999,203.34999999999988,199.6499999999999,202.6499999999999,5775
1272528900,202.8999999999999,203.69999999999987,202.04999999999987,203.29999999999987,2141
1272615300,203.1499999999999,204.34999999999988,202.94999999999987,203.94999999999987,1203
1272874500,204.2499999999999,207.34999999999988,203.4999999999999,207.2499999999999,2490
1272960900,206.94999999999987,207.2499999999999,205.1499999999999,206.19999999999987,2875
1273047300,206.34999999999988,206.44999999999987,205.2499999999999,206.04999999999987,1331
1273133700,205.59999999999988,205.7499999999999,201.79999999999987,201.94999999999987,2653
1273220100,202.34999999999988,203.34999999999988,200.09999999999988,202.69999999999987,2561
1273479300,203.2499999999999,203.59999999999988,202.19999999999987,202.9999999999999,3332
1273565700,202.79999999999987,205.59999999999988,202.54999999999987,204.94999999999987,2251
1273652100,204.94999999999987,207.34999999999988,204.7499999999999,205.6499999999999,1953
1273738500,205.4999999999999,206.6499999999999,205.34999999999988,205.8999999999999,2482
1273824900,205.6499999999999,206.44999999999987,202.04999999999987,203.1499999999999,4617
1274084100,202.54999999999987,202.6499999999999,200.84999999999988,201.34999999999988,2832
1274170500,201.7499999999999,203.44999999999987,201.7499999999999,202.94999999999987,4165
1274256900,202.54999999999987,202.69999999999987,200.84999999999988,201.1499999999999,5878
1274343300,201.54999999999987,201.79999999999987,198.94999999999987,200.29999999999987,5226
1274429700,200.6499999999999,201.6499999999999,199.69999999999987,201.04999999999987,2509
1274688900,200.7499999999999,201.59999999999988,200.34999999999988,200.9999999999999,2113
1274775300,200.7499999999999,201.9999999999999,199.3999999999999,201.59999999999988,6561
1274861700,201.6499999999999,204.34999999999988,201.54999999999987,202.59999999999988,3612
1274948100,202.4999999999999,203.94999999999987,202.34999999999988,203.6499999999999,5010
1275034500,203.6499999999999,204.29999999999987,202.7499999999999,203.1499999999999,3848
1275380100,202.8999999999999,206.34999999999988,202.04999999999987,205.3999999999999,9804
1275466500,205.04999999999987,206.8999999999999,204.09999999999988,204.2499999999999,6485
1275552900,204.54999999999987,205.04999999999987,203.84999999999988,204.3999999999999,5497
1275639300,204.9999999999999,204.9999999999999,202.29999999999987,202.6499999999999,8840
1275898500,202.54999999999987,202.54999999999987,201.34999999999988,201.94999999999987,10218
1275984900,202.04999999999987,202.84999999999988,201.6499999999999,202.44999999999987,10905
1276071300,202.44999999999987,203.54999999999987,202.09999999999988,203.3999999999999,13795
1276157700,203.3999999999999,206.4999999999999,202.84999999999988,205.79999999999987,3044
1276244100,206.09999999999988,214.34999999999988,205.94999999999987,213.04999999999987,17169
1276503300,212.04999999999987,217.84999999999988,211.29999999999987,217.29999999999987,6278
1276589700,215.29999999999987,225.54999999999987,213.59999999999988,225.04999999999987,12804
1276676100,224.9999999999999,227.84999999999988,222.8999999999999,224.79999999999987,5900
1276762500,223.84999999999988,225.94999999999987,222.44999999999987,223.54999999999987,5683
1276848900,222.84999999999988,228.84999999999988,221.34999999999988,227.8999999999999,5351
1277108100,226.94999999999987,230.7499999999999,224.44999999999987,226.59999999999988,3877
1277194500,225.3999999999999,228.1499999999999,223.29999999999987,226.69999999999987,3546
1277280900,226.2499999999999,227.2499999999999,225.04999999999987,226.3999999999999,6057
1277367300,225.84999999999988,241.69999999999987,225.84999999999988,234.69999999999987,6134
1277453700,234.69999999999987,236.69999999999987,232.04999999999987,234.7499999999999,2358
1277712900,234.2499999999999,236.34999999999988,233.44999999999987,234.04999999999987,1492
1277799300,233.54999999999987,233.84999999999988,226.19999999999987,229.2499999999999,3170
1277885700,229.2499999999999,232.6499999999999,226.79999999999987,231.8999999999999,3365
1277972100,230.9999999999999,235.1499999999999,230.34999999999988,234.4999999999999,5547
1278058500,233.84999999999988,234.34999999999988,230.44999999999987,230.84999999999988,0
1278404100,229.4999999999999,230.09999999999988,223.4999999999999,224.29999999999987,4007
1278490500,224.54999999999987,229.94999999999987,223.84999999999988,229.29999999999987,3145
1278576900,229.59999999999988,229.94999999999987,227.19999999999987,228.4999999999999,2240
1278663300,228.7499999999999,233.34999999999988,228.54999999999987,230.19999999999987,4217
1278922500,228.79999999999987,230.59999999999988,225.84999999999988,229.7499999999999,2615
1279008900,228.29999999999987,232.79999999999987,228.29999999999987,231.79999999999987,4693
1279095300,231.3999999999999,232.59999999999988,230.29999999999987,231.09999999999988,2885
1279181700,230.84999999999988,235.34999999999988,230.54999999999987,233.29999999999987,5264
1279268100,233.29999999999987,235.79999999999987,231.54999999999987,233.29999999999987,2352
1279527300,233.1499999999999,233.29999999999987,228.04999999999987,230.34999999999988,4722
1279613700,229.6499999999999,230.6499999999999,224.84999999999988,225.1499999999999,4301
1279700100,225.54999999999987,227.34999999999988,222.44999999999987,223.8999999999999,2344
1279786500,224.19999999999987,228.44999999999987,224.19999999999987,228.1499999999999,4264
1279872900,227.94999999999987,233.8999999999999,226.9999999999999,232.54999999999987,5853
1280132100,232.54999999999987,233.84999999999988,230.84999999999988,232.3999999999999,8379
1280218500,232.2499999999999,233.1499999999999,229.94999999999987,230.59999999999988,4010
1280304900,230.19999999999987,234.84999999999988,230.19999999999987,234.19999999999987,4266
1280391300,233.84999999999988,241.2499999999999,233.2499999999999,239.59999999999988,8810
1280477700,239.04999999999987,245.19999999999987,239.04999999999987,242.6499999999999,8618
1280736900,241.4999999999999,247.3999999999999,238.6499999999999,239.1499999999999,9277
1280823300,239.1499999999999,241.04999999999987,231.94999999999987,233.4999999999999,7007
1280909700,234.34999999999988,238.54999999999987,234.34999999999988,236.69999999999987,6613
1280996100,236.4999999999999,239.54999999999987,235.9999999999999,236.8999999999999,6515
1281082500,236.9999999999999,238.29999999999987,232.69999999999987,234.54999999999987,0
1281341700,235.29999999999987,237.84999999999988,233.44999999999987,236.94999999999987,11680
1281428100,236.84999999999988,239.34999999999988,234.84999999999988,237.1499999999999,10930
1281514500,237.1499999999999,239.34999999999988,236.59999999999988,238.19999999999987,12877
1281600900,238.04999999999987,245.09999999999988,238.04999999999987,242.74999999999986,5978
1281687300,242.04999999999987,245.34999999999988,241.44999999999987,243.14999999999986,2156
1281946500,241.89999999999986,248.74999999999986,241.89999999999986,247.09999999999988,3377
1282032900,246.99999999999986,248.79999999999987,244.49999999999986,244.79999999999987,2808
1282119300,244.24999999999986,246.29999999999987,243.84999999999988,244.29999999999987,2365
1282205700,244.79999999999987,247.34999999999988,244.04999999999987,245.94999999999987,1213
1282292100,246.04999999999987,252.29999999999987,246.04999999999987,251.04999999999987,3547
1282551300,251.04999999999987,254.24999999999986,248.39999999999986,249.24999999999986,1036
1282637700,248.39999999999986,249.19999999999987,234.24999999999986,234.89999999999986,2125
1282724100,234.94999999999987,235.94999999999987,231.64999999999986,232.99999999999986,1516
1282810500,236.04999999999987,239.54999999999987,233.74999999999986,238.69999999999987,1375
1282896900,239.34999999999988,247.54999999999987,238.09999999999988,244.94999999999987,2068
1283156100,245.29999999999987,250.24999999999986,243.04999999999987,247.44999999999987,942
1283242500,246.24999999999986,249.14999999999986,243.49999999999986,244.54999999999987,830
1283328900,246.04999999999987,250.04999999999987,245.74999999999986,248.44999999999987,1625
1283415300,248.39999999999986,252.54999999999987,248.04999999999987,250.84999999999988,2172
1283501700,250.54999999999987,254.14999999999986,249.94999999999987,252.89999999999986,2923
1283847300,252.04999999999987,259.9499999999999,248.84999999999988,258.7499999999999,3370
1283933700,258.8499999999999,264.9999999999999,256.1999999999999,261.2499999999999,5021
1284020100,259.9999999999999,260.89999999999986,256.1999999999999,257.79999999999984,3979
1284106500,257.04999999999984,261.04999999999984,253.94999999999987,256.89999999999986,3279
1284365700,256.9999999999999,259.54999999999984,255.54999999999987,256.39999999999986,1980
1284452100,257.0999999999999,263.8499999999999,257.0999999999999,262.29999999999984,3300
1284538500,261.54999999999984,263.04999999999984,256.14999999999986,261.0999999999999,3793
1284624900,261.04999999999984,264.4999999999999,257.64999999999986,258.79999999999984,2080
1284711300,258.79999999999984,261.04999999999984,255.19999999999987,256.7499999999999,5743
1284970500,256.3499999999999,258.0999999999999,248.54999999999987,249.59999999999988,5178
1285056900,249.84999999999988,253.24999999999986,248.74999999999986,250.39999999999986,1847
1285143300,250.39999999999986,254.49999999999986,246.89999999999986,247.59999999999988,2027
1285229700,248.04999999999987,250.54999999999987,247.09999999999988,249.14999999999986,1546
1285316100,249.49999999999986,251.04999999999987,245.94999999999987,248.24999999999986,2533
1285575300,248.79999999999987,252.29999999999987,247.34999999999988,249.89999999999986,2431
1285661700,249.69999999999987,257.89999999999986,249.44999999999987,256.3499999999999,2888
1285748100,256.04999999999984,256.79999999999984,250.84999999999988,253.29999999999987,2241
1285834500,253.29999999999987,254.74999999999986,247.79999999999987,250.59999999999988,1674
1285920900,250.34999999999988,253.84999999999988,248.34999999999988,248.84999999999988,2471
1286180100,248.54999999999987,248.54999999999987,239.69999999999987,240.34999999999988,4479
1286266500,240.69999999999987,245.04999999999987,239.49999999999986,244.79999999999987,2758
1286352900,244.79999999999987,245.29999999999987,242.79999999999987,243.34999999999988,1429
1286439300,244.09999999999988,246.04999999999987,241.24999999999986,241.34999999999988,2844
1286525700,241.74999999999986,250.54999999999987,239.94999999999987,249.89999999999986,3478
1286784900,249.44999999999987,249.79999999999987,244.14999999999986,246.39999999999986,2104
1286871300,247.39999999999986,255.49999999999986,246.29999999999987,253.24999999999986,2423
1286957700,254.04999999999987,257.8499999999999,252.59999999999988,253.79999999999987,2681
1287044100,253.99999999999986,256.6999999999999,253.04999999999987,255.44999999999987,2829
1287130500,255.99999999999986,257.1999999999999,251.04999999999987,254.29999999999987,2373
1287389700,252.04999999999987,256.04999999999984,251.64999999999986,253.54999999999987,2958
1287476100,253.04999999999987,259.79999999999984,252.54999999999987,258.79999999999984,3842
1287562500,257.29999999999984,265.54999999999984,257.29999999999984,264.39999999999986,5219
1287648900,263.79999999999984,270.8499999999999,263.2499999999999,268.39999999999986,8431
1287735300,268.04999999999984,268.9499999999999,263.54999999999984,266.29999999999984,2857
1287994500,267.04999999999984,270.29999999999984,266.4999999999999,268.2499999999999,3957
1288080900,267.8499999999999,272.1999999999999,266.9999999999999,269.5999999999999,5017
1288167300,268.6999999999999,271.3499999999999,267.3499999999999,268.1999999999999,3268
1288253700,267.7499999999999,269.89999999999986,264.2499999999999,264.64999999999986,6014
1288340100,264.3499999999999,271.79999999999984,264.3499999999999,271.39999999999986,4805
1288602900,271.04999999999984,271.04999999999984,265.79999999999984,265.8499999999999,3819
1288689300,265.4999999999999,268.54999999999984,265.4999999999999,267.5999999999999,4132
1288775700,268.3499999999999,269.04999999999984,261.1999999999999,264.4999999999999,9899
1288862100,265.04999999999984,277.4999999999999,265.04999999999984,274.29999999999984,11989
1288948500,273.4999999999999,275.29999999999984,271.79999999999984,273.6999999999999,6933
1289207700,273.04999999999984,278.0999999999999,272.4499999999999,276.7499999999999,10361
1289294100,275.79999999999984,286.5999999999999,275.79999999999984,285.79999999999984,14224
1289380500,285.79999999999984,287.4999999999999,280.0999999999999,280.9999999999999,12844
1289466900,280.9499999999998,282.84999999999985,274.84999999999985,275.64999999999986,1916
1289553300,273.9999999999999,274.59999999999985,268.4999999999999,269.4499999999998,1220
1289812500,271.64999999999986,274.6999999999998,270.64999999999986,273.1999999999998,827
1289898900,273.9499999999998,273.9499999999998,265.54999999999984,266.2499999999999,4608
1289985300,265.84999999999985,269.09999999999985,264.04999999999984,268.64999999999986,1147
1290071700,269.79999999999984,277.2499999999999,269.79999999999984,276.89999999999986,1685
1290158100,276.9499999999998,277.1999999999998,272.9999999999999,276.79999999999984,1225
1290417300,278.04999999999984,278.84999999999985,271.6999999999998,272.89999999999986,781
1290503700,272.89999999999986,277.1999999999998,268.1999999999998,276.14999999999986,4362
1290590100,276.79999999999984,277.9499999999998,272.29999999999984,273.14999999999986,0
1290762900,272.54999999999984,272.7499999999999,267.89999999999986,268.39999999999986,805
1291022100,268.14999999999986,269.4999999999999,264.79999999999984,268.39999999999986,787
1291108500,269.1999999999998,269.7499999999999,265.9999999999999,267.09999999999985,945
1291194900,267.1999999999998,271.4999999999999,265.89999999999986,269.4999999999999,1426
1291281300,269.1999999999998,270.64999999999986,267.59999999999985,269.64999999999986,820
1291367700,269.1999999999998,273.1999999999998,269.1999999999998,270.64999999999986,890
1291626900,270.1999999999998,275.84999999999985,270.1999999999998,274.84999999999985,1326
1291713300,274.34999999999985,277.6999999999998,273.6999999999998,274.2499999999999,2907
1291799700,272.79999999999984,274.79999999999984,267.9999999999999,271.04999999999984,1893
1291886100,272.04999999999984,273.14999999999986,270.64999999999986,271.14999999999986,4285
1291972500,270.9499999999998,276.89999999999986,270.09999999999985,276.14999999999986,2127
1292231700,275.29999999999984,284.1999999999998,275.29999999999984,284.09999999999985,2422
1292318100,284.1999999999998,286.39999999999986,281.6999999999998,283.09999999999985,1751
1292404500,282.09999999999985,286.89999999999986,281.79999999999984,283.9999999999999,2164
1292490900,284.1999999999998,284.9499999999998,280.79999999999984,283.1999999999998,2328
1292577300,283.4499999999998,293.1999999999998,283.4499999999998,291.84999999999985,2254
1292836500,291.79999999999984,293.1999999999998,290.04999999999984,291.29999999999984,2018
1292922900,291.09999999999985,301.6999999999998,290.4499999999998,300.4499999999998,3856
1293009300,300.4499999999998,308.6999999999998,295.39999999999986,296.79999999999984,2685
1293095700,299.1999999999998,304.04999999999984,296.1999999999998,302.4499999999998,1430
1293441300,302.84999999999985,304.64999999999986,299.09999999999985,303.9999999999999,420
1293527700,304.54999999999984,306.4499999999998,302.6999999999998,305.84999999999985,991
1293614100,305.84999999999985,306.9999999999999,301.84999999999985,306.1999999999998,790
1293700500,304.39999999999986,308.1999999999998,301.79999999999984,302.89999999999986,994
1293786900,302.79999999999984,307.79999999999984,302.79999999999984,306.9999999999999,994
1294132500,306.4499999999998,307.14999999999986,298.9499999999998,301.7499999999999,4861
1294218900,300.9499999999998,304.09999999999985,297.4499999999998,299.7499999999999,2137
1294305300,299.59999999999985,303.39999999999986,298.89999999999986,299.84999999999985,2188
1294391700,299.1999999999998,302.1999999999998,296.9999999999999,297.4499999999998,3022
1294650900,297.1999999999998,301.6999999999998,297.1999999999998,297.9499999999998,3051
1294737300,297.9999999999999,303.1999999999998,297.64999999999986,301.29999999999984,2687
1294823700,302.2499999999999,311.09999999999985,302.2499999999999,307.2499999999999,7784
1294910100,307.1999999999998,307.6999999999998,303.6999999999998,304.34999999999985,5347
1294996500,304.34999999999985,305.89999999999986,298.4999999999999,301.4999999999999,0
1295342100,301.84999999999985,304.1999999999998,301.34999999999985,302.29999999999984,2752
1295428500,303.1999999999998,303.59999999999985,298.1999999999998,299.4499999999998,3201
1295514900,299.04999999999984,301.1999999999998,293.6999999999998,298.84999999999985,4821
1295601300,299.2499999999999,308.59999999999985,299.2499999999999,307.39999999999986,4739
1295860500,307.09999999999985,307.89999999999986,303.39999999999986,304.29999999999984,2255
1295946900,304.1999999999998,305.1999999999998,297.4499999999998,298.29999999999984,4199
1296033300,299.7499999999999,307.14999999999986,299.1999999999998,304.4999999999999,6795
1296119700,304.6999999999998,308.29999999999984,301.79999999999984,303.84999999999985,3088
1296206100,303.79999999999984,313.1999999999998,303.14999999999986,311.9999999999999,6317
1296465300,311.9999999999999,317.4499999999998,310.1999999999998,311.7499999999999,7095
1296551700,311.89999999999986,316.6999999999998,311.89999999999986,316.4499999999998,5789
1296638100,316.4999999999999,318.4999999999999,314.09999999999985,317.4499999999998,4323
1296724500,318.04999999999984,320.59999999999985,317.39999999999986,318.4499999999998,5004
1296810900,317.79999999999984,317.9999999999999,314.4999999999999,316.4499999999998,7826
1297070100,316.84999999999985,319.04999999999984,316.2499999999999,316.89999999999986,10258
1297156500,316.9499999999998,318.1999999999998,313.89999999999986,314.79999999999984,11561
1297242900,315.6999999999998,321.1999999999998,314.89999999999986,320.84999999999985,13709
1297329300,321.09999999999985,323.14999999999986,318.8499999999999,322.9999999999999,1478
1297415700,322.2999999999999,322.4499999999999,319.6999999999999,320.2499999999999,2058
1297674900,320.6999999999999,327.59999999999985,319.7999999999999,326.9999999999999,1581
1297761300,327.1999999999999,331.9499999999999,323.84999999999985,326.39999999999986,2642
1297847700,327.39999999999986,329.9499999999999,323.14999999999986,327.0499999999999,1616
1297934100,328.0499999999999,334.7999999999999,327.4499999999999,334.14999999999986,1737
1298020500,334.34999999999985,341.09999999999985,333.0499999999999,338.4499999999999,1737
1298366100,339.4499999999999,343.84999999999985,336.14999999999986,339.89999999999986,2758
1298452500,340.89999999999986,340.9999999999999,334.39999999999986,335.09999999999985,1750
1298538900,336.0499999999999,336.0499999999999,327.9999999999999,330.2999999999999,1882
1298625300,330.89999999999986,334.1999999999999,330.1999999999999,333.2499999999999,1119
1298884500,333.4999999999999,341.09999999999985,333.1999999999999,337.2999999999999,1575
1298970900,338.6999999999999,340.64999999999986,331.59999999999985,334.7999999999999,1588
1299057300,334.4499999999999,337.6999999999999,331.7499999999999,335.0499999999999,1410
1299143700,335.0499999999999,341.9499999999999,334.4499999999999,340.2499999999999,3812
1299230100,340.89999999999986,344.5499999999999,336.7999999999999,338.2999999999999,1768
1299489300,339.14999999999986,347.2499999999999,339.14999999999986,346.6999999999999,3063
1299575700,347.2999999999999,353.4499999999999,347.2499999999999,352.9999999999999,3409
1299662100,353.4499999999999,361.84999999999985,353.4499999999999,360.34999999999985,4580
1299748500,359.34999999999985,360.64999999999986,344.6999999999999,346.1999999999999,4036
1299834900,347.6999999999999,347.6999999999999,338.34999999999985,340.14999999999986,2179
1300094100,339.89999999999986,341.7999999999999,334.59999999999985,339.0499999999999,1840
1300180500,338.0499999999999,338.9999999999999,326.7999999999999,328.7999999999999,4669
1300266900,330.1999999999999,338.59999999999985,329.59999999999985,331.1999999999999,2972
1300353300,331.6999999999999,339.7999999999999,331.6999999999999,336.7999999999999,3128
1300439700,339.1999999999999,343.9999999999999,338.5499999999999,342.09999999999985,2164
1300698900,342.9999999999999,346.84999999999985,341.6999999999999,342.84999999999985,2514
1300785300,342.84999999999985,343.4999999999999,334.1999999999999,339.39999999999986,2311
1300871700,341.6999999999999,341.6999999999999,334.4499999999999,334.64999999999986,2723
1300958100,334.6999999999999,334.89999999999986,326.6999999999999,331.9499999999999,2723
1301044500,333.6999999999999,335.7999999999999,332.39999999999986,334.7499999999999,2426
1301300100,335.34999999999985,335.6999999999999,329.14999999999986,330.14999999999986,4051
1301386500,330.14999999999986,330.14999999999986,323.9999999999999,327.7499999999999,6360
1301472900,328.84999999999985,331.89999999999986,325.2999999999999,331.09999999999985,5450
1301559300,331.09999999999985,333.59999999999985,328.4499999999999,330.4499999999999,4353
1301645700,330.4499999999999,332.4999999999999,325.14999999999986,326.34999999999985,6073
1301904900,326.4999999999999,327.1999999999999,321.9999999999999,322.39999999999986,6122
1301991300,321.89999999999986,336.1999999999999,320.4499999999999,334.64999999999986,7894
1302077700,334.64999999999986,335.64999999999986,330.59999999999985,331.59999999999985,5024
1302164100,331.4499999999999,342.39999999999986,331.4499999999999,339.34999999999985,10829
1302250500,338.99999999999983,344.74999999999983,338.99999999999983,341.54999999999984,2564
1302509700,341.74999999999983,343.04999999999984,338.09999999999985,341.3999999999998,2907
1302596100,339.1499999999998,342.1999999999998,337.29999999999984,340.6999999999998,3696
1302682500,339.6999999999998,348.4499999999998,339.6999999999998,347.24999999999983,3215
1302768900,346.6499999999998,351.24999999999983,345.49999999999983,348.8999999999998,1615
1302855300,348.34999999999985,355.29999999999984,348.34999999999985,354.79999999999984,1238
1303114500,354.74999999999983,356.74999999999983,349.54999999999984,351.09999999999985,1989
1303200900,349.74999999999983,358.24999999999983,349.74999999999983,357.9499999999998,1058
1303287300,358.1999999999998,365.8999999999998,358.1999999999998,363.29999999999984,5443
1303373700,362.24999999999983,363.79999999999984,357.74999999999983,358.49999999999983,0
1303719300,359.6499999999998,360.6499999999998,353.74999999999983,354.8999999999998,1469
1303805700,354.4499999999998,363.3999999999998,351.24999999999983,360.3999999999998,1439
1303892100,360.1499999999998,362.74999999999983,357.6499999999998,360.3999999999998,1271
1303978500,360.74999999999983,367.1499999999998,360.04999999999984,363.09999999999985,2022
1304064900,362.1499999999998,365.1999999999998,358.54999999999984,363.74999999999983,1396
1304324100,363.99999999999983,370.99999999999983,361.1499999999998,369.04999999999984,2524
1304410500,369.59999999999985,372.6499999999998,368.09999999999985,370.1499999999998,3123
1304496900,369.04999999999984,370.74999999999983,355.34999999999985,358.54999999999984,4479
1304583300,357.74999999999983,359.24999999999983,348.54999999999984,352.29999999999984,3804
1304669700,351.74999999999983,358.84999999999985,347.6499999999998,351.6499999999998,2168
1304928900,353.24999999999983,357.99999999999983,351.1499999999998,351.54999999999984,2485
1305015300,352.3999999999998,354.59999999999985,345.84999999999985,346.6999999999998,3390
1305101700,346.6999999999998,347.24999999999983,336.74999999999983,337.1999999999998,3945
1305188100,337.74999999999983,340.6999999999998,334.9499999999998,338.99999999999983,3455
1305274500,340.24999999999983,341.99999999999983,332.79999999999984,333.54999999999984,2149
1305533700,333.4499999999998,336.24999999999983,327.24999999999983,328.29999999999984,3619
1305620100,328.34999999999985,332.1999999999998,327.8999999999998,330.24999999999983,3138
1305706500,331.34999999999985,338.8999999999998,331.34999999999985,334.1999999999998,3277
1305792900,335.1499999999998,335.4499999999998,326.6999999999998,327.8999999999998,4614
1305879300,329.24999999999983,331.8999999999998,322.74999999999983,323.34999999999985,3208
1306138500,324.54999999999984,328.74999999999983,323.1999999999998,326.74999999999983,2720
1306224900,326.74999999999983,329.59999999999985,325.24999999999983,325.4499999999998,4015
1306311300,325.49999999999983,333.6499999999998,323.24999999999983,329.1499999999998,4200
1306397700,331.24999999999983,331.6499999999998,326.49999999999983,329.9499999999998,5028
1306484100,331.1499999999998,334.4499999999998,327.4499999999998,328.04999999999984,0
1306829700,328.29999999999984,332.4499999999998,327.9499999999998,328.99999999999983,3598
1306916100,328.74999999999983,329.24999999999983,319.84999999999985,320.54999999999984,10806
1307002500,320.4499999999998,327.24999999999983,318.1999999999998,326.04999999999984,8427
1307088900,326.6499999999998,337.99999999999983,321.74999999999983,335.3999999999998,8097
1307348100,335.04999999999984,335.04999999999984,323.9499999999998,325.04999999999984,5837
1307434500,324.24999999999983,330.1499999999998,324.24999999999983,327.6499999999998,9216
1307520900,327.54999999999984,328.54999999999984,322.6999999999998,327.74999999999983,9152
1307607300,328.4499999999998,332.7999999999998,328.4499999999998,331.0499999999998,2600
1307693700,331.0499999999998,332.9499999999998,325.99999999999983,329.3999999999998,2476
1307952900,326.8999999999998,334.3999999999998,325.8999999999998,331.3999999999998,1954
1308039300,331.3999999999998,333.49999999999983,329.8999999999998,333.1499999999998,1062
1308125700,331.6999999999998,333.5999999999998,324.99999999999983,327.0999999999998,2458
1308212100,326.99999999999983,328.5999999999998,321.74999999999983,322.1499999999998,2569
1308298500,322.3999999999998,324.8999999999998,313.3999999999998,313.5999999999998,4630
1308557700,313.5999999999998,313.99999999999983,307.2499999999998,307.3999999999998,3829
1308644100,307.5999999999998,311.04999999999984,306.79999999999984,308.1499999999998,2871
1308730500,308.8999999999998,309.8999999999998,305.79999999999984,307.4499999999998,2088
1308816900,308.04999999999984,312.4499999999998,302.6999999999998,309.8499999999998,2922
1308903300,310.1999999999998,313.1499999999998,306.6999999999998,311.29999999999984,2812
1309162500,311.3999999999998,313.49999999999983,308.3999999999998,311.7499999999998,3067
1309248900,311.7499999999998,319.3999999999998,311.1999999999998,319.2999999999998,2905
1309335300,319.3499999999998,323.1499999999998,312.8999999999998,320.9499999999998,2433
1309421700,322.1999999999998,327.0499999999998,321.5999999999998,325.8999999999998,3510
1309508100,324.3999999999998,325.8999999999998,318.8999999999998,324.0499999999998,0
1309853700,322.3999999999998,330.0999999999998,319.5999999999998,329.7999999999998,2716
1309940100,328.4499999999998,329.6499999999998,325.99999999999983,327.7999999999998,2365
1310026500,326.2999999999998,331.6499999999998,325.9499999999998,328.74999999999983,1968
1310112900,328.9499999999998,330.3999999999998,323.3999999999998,323.8499999999998,2825
1310372100,323.0999999999998,323.5999999999998,316.99999999999983,319.74999999999983,4585
1310458500,319.74999999999983,319.74999999999983,315.6999999999998,318.6999999999998,2313
1310544900,318.7999999999998,326.5499999999998,318.7999999999998,324.49999999999983,1895
1310631300,324.49999999999983,326.1999999999998,317.2999999999998,318.99999999999983,2038
1310717700,318.8999999999998,320.6499999999998,313.0999999999998,314.1999999999998,2937
1310976900,313.74999999999983,313.74999999999983,307.8999999999998,308.9999999999998,3867
1311063300,310.0999999999998,313.3999999999998,303.8999999999998,304.5999999999998,3199
1311149700,305.3999999999998,307.1999999999998,300.8499999999998,304.29999999999984,3089
1311236100,305.4999999999998,308.7499999999998,300.4999999999998,301.79999999999984,4772
1311322500,302.04999999999984,307.04999999999984,299.0999999999998,302.6499999999998,5127
1311581700,302.6499999999998,305.4999999999998,302.0999999999998,304.04999999999984,4108
1311668100,304.04999999999984,308.3499999999998,303.8999999999998,306.1499999999998,7369
1311754500,306.3999999999998,306.3999999999998,299.8999999999998,302.4499999999998,5289
1311840900,302.79999999999984,305.8499999999998,298.3999999999998,299.8999999999998,5263
1311927300,299.79999999999984,303.3999999999998,299.4499999999998,300.4999999999998,3979
1312186500,300.8499999999998,304.3999999999998,300.1499999999998,302.1999999999998,9861
1312272900,302.04999999999984,308.9999999999998,301.3999999999998,303.9999999999998,6433
1312359300,303.1999999999998,306.29999999999984,300.9999999999998,302.3999999999998,8245
1312445700,302.8999999999998,303.3999999999998,295.54999999999984,296.6499999999998,8955
1312532100,295.4999999999998,308.0999999999998,294.2499999999998,298.79999999999984,14876
1312791300,297.79999999999984,297.79999999999984,292.1999999999998,294.8499999999998,8280
1312877700,293.3999999999998,298.6999999999998,293.0999999999998,295.3999999999998,8732
1312964100,295.3999999999998,299.29999999999984,294.0999999999998,295.2499999999998,8881
1313050500,295.29999999999984,301.2499999999998,294.54999999999984,300.6499999999998,3284
1313136900,300.9499999999998,301.3499999999998,299.2499999999998,300.6499999999998,1658
1313396100,300.6999999999998,307.5999999999998,300.6999999999998,305.79999999999984,1419
1313482500,305.2499999999998,311.7499999999998,302.8499999999998,311.4499999999998,1685
1313568900,311.54999999999984,323.54999999999984,311.54999999999984,323.2499999999998,3161
1313655300,322.4499999999998,325.14999999999975,316.9999999999998,324.9499999999998,1603
1313741700,323.2499999999998,326.6999999999998,321.9499999999998,326.5999999999998,1372
1314000900,325.5999999999998,329.79999999999984,323.8499999999998,325.39999999999975,2525
1314087300,325.0999999999998,330.3499999999998,324.9999999999998,328.64999999999975,3076
1314173700,329.4499999999998,334.5999999999998,329.2499999999998,330.6999999999998,2860
1314260100,332.1999999999998,334.5999999999998,330.5999999999998,332.39999999999975,3212
1314346500,332.7499999999998,336.8499999999998,332.1999999999998,335.9499999999998,2387
1314605700,336.2499999999998,341.2499999999998,336.2499999999998,341.1999999999998,1827
1314692100,341.39999999999975,343.6999999999998,336.5999999999998,343.4999999999998,2368
1314778500,343.2499999999998,345.0999999999998,341.5999999999998,344.8499999999998,1874
1314864900,343.2499999999998,347.3499999999998,339.5999999999998,346.29999999999984,2699
1314951300,344.6999999999998,346.7499999999998,341.4499999999998,344.8499999999998,0
1315296900,339.2499999999998,339.9999999999998,333.4499999999998,337.9999999999998,2948
1315383300,338.5999999999998,342.1999999999998,337.29999999999984,341.5999999999998,2305
1315469700,341.5999999999998,341.6999999999998,338.64999999999975,341.29999999999984,2211
1315556100,339.6999999999998,340.2499999999998,323.14999999999975,327.29999999999984,3230
1315815300,326.3499999999998,331.8499999999998,325.4499999999998,328.14999999999975,2155
1315901700,328.1999999999998,330.9499999999998,325.1999999999998,327.29999999999984,2500
1315988100,324.7499999999998,327.7499999999998,321.4999999999998,322.5999999999998,1995
1316074500,322.3499999999998,326.29999999999984,317.14999999999975,317.4999999999998,1813
1316160900,318.3499999999998,321.5999999999998,312.2499999999998,317.4999999999998,2311
1316420100,317.2499999999998,321.0999999999998,312.6999999999998,319.29999999999984,3277
1316506500,321.2499999999998,322.89999999999975,316.8499999999998,317.39999999999975,1703
1316592900,317.3499999999998,317.3499999999998,308.6999999999998,309.29999999999984,3623
1316679300,308.4499999999998,308.4499999999998,293.0999999999998,296.54999999999984,5618
1316765700,297.2499999999998,299.2499999999998,288.29999999999984,288.8499999999998,3193
1317024900,291.54999999999984,297.4999999999998,289.8999999999998,293.3499999999998,3200
1317111300,294.9499999999998,303.7499999999998,294.79999999999984,298.1999999999998,2398
1317197700,297.79999999999984,301.04999999999984,290.3999999999998,291.04999999999984,4311
1317284100,290.54999999999984,292.8999999999998,287.7499999999998,288.6499999999998,3852
1317370500,288.1999999999998,291.0999999999998,286.04999999999984,286.29999999999984,4269
1317629700,286.1999999999998,286.29999999999984,277.3999999999998,280.9499999999998,4523
1317716100,281.2499999999998,287.2499999999998,279.1499999999998,283.79999999999984,3037
1317802500,284.5999999999998,289.2499999999998,283.8999999999998,285.04999999999984,2198
1317888900,285.6999999999998,293.4999999999998,285.6999999999998,291.8499999999998,3449
1317975300,293.1999999999998,293.3999999999998,281.4999999999998,281.9499999999998,3282
1318234500,282.5999999999998,289.0999999999998,282.5999999999998,283.8499999999998,2186
1318320900,284.2499999999998,285.4499999999998,279.3499999999998,280.9999999999998,4147
1318407300,282.1999999999998,289.1499999999998,281.4499999999998,286.9999999999998,2392
1318493700,288.2499999999998,297.7499999999998,285.9499999999998,295.0999999999998,4303
1318580100,294.54999999999984,298.9999999999998,291.9999999999998,296.9999999999998,3218
1318839300,297.1499999999998,300.6999999999998,285.79999999999984,291.4499999999998,4329
1318925700,290.04999999999984,293.3499999999998,286.9999999999998,288.8999999999998,3762
1319012100,288.8999999999998,296.2499999999998,288.2499999999998,293.3499999999998,4449
1319098500,290.9999999999998,294.04999999999984,287.2499999999998,288.8999999999998,4092
1319184900,289.79999999999984,303.4999999999998,289.79999999999984,301.79999999999984,6653
1319444100,301.7499999999998,308.5999999999998,300.1999999999998,307.8499999999998,4889
1319530500,308.54999999999984,309.2499999999998,293.2499999999998,294.1499999999998,10057
1319616900,294.2499999999998,297.7499999999998,289.3499999999998,291.1499999999998,5566
1319703300,293.1499999999998,298.1499999999998,291.6499999999998,291.9999999999998,5804
1319789700,292.1499999999998,294.1999999999998,289.7499999999998,292.79999999999984,5565
1320052500,289.54999999999984,290.7499999999998,283.0999999999998,284.6499999999998,5943
1320138900,283.6499999999998,284.04999999999984,278.2499999999998,281.54999999999984,8784
1320225300,285.54999999999984,285.54999999999984,280.9999999999998,281.9999999999998,7487
1320311700,281.2499999999998,288.0999999999998,281.2499999999998,284.8499999999998,7721
1320398100,284.8499999999998,289.2499999999998,282.3999999999998,288.04999999999984,7168
1320657300,287.79999999999984,294.4499999999998,286.6499999999998,290.6499999999998,8239
1320743700,291.7499999999998,294.8499999999998,286.0999999999998,287.0999999999998,8444
1320830100,287.1499999999998,289.04999999999984,284.4499999999998,287.6999999999998,7973
1320916500,287.14999999999975,290.0499999999998,286.4499999999998,287.6999999999998,1556
1321002900,288.3499999999998,292.6999999999998,287.4499999999998,291.7999999999998,1691
1321262100,294.4499999999998,295.6999999999998,285.9499999999998,288.7499999999998,1813
1321348500,288.9499999999998,297.7499999999998,288.39999999999975,297.2999999999998,2133
1321434900,294.5499999999998,296.3499999999998,292.9999999999998,293.64999999999975,2574
1321521300,293.4499999999998,294.2999999999998,290.4499999999998,290.8499999999998,1898
1321607700,290.4999999999998,294.8499999999998,290.4499999999998,293.4999999999998,2598
1321866900,292.5499999999998,292.8499999999998,290.9499999999998,291.7999999999998,1614
1321953300,292.2999999999998,292.4999999999998,289.4499999999998,291.5499999999998,1548
1322039700,289.64999999999975,295.0499999999998,289.5499999999998,290.0999999999998,0
1322212500,290.4499999999998,290.4499999999998,286.8499999999998,287.14999999999975,1015
1322471700,287.5999999999998,292.64999999999975,282.14999999999975,282.5499999999998,2232
1322558100,283.9499999999998,286.39999999999975,282.0499999999998,282.2999999999998,2145
1322644500,282.0499999999998,292.1999999999998,281.4499999999998,291.5999999999998,1722
1322730900,290.4499999999998,293.2499999999998,288.4499999999998,290.4499999999998,1933
1322817300,289.4499999999998,293.1999999999998,280.4499999999998,284.4499999999998,1946
1323076500,285.5999999999998,292.4499999999998,285.2999999999998,291.39999999999975,2123
1323162900,289.9999999999998,291.9499999999998,287.3499999999998,290.7999999999998,1994
1323249300,291.39999999999975,291.39999999999975,284.3499999999998,285.0499999999998,2711
1323335700,284.89999999999975,287.3499999999998,282.3499999999998,283.8499999999998,1183
1323422100,284.14999999999975,286.9499999999998,281.0499999999998,282.9499999999998,1695
1323681300,281.9999999999998,282.39999999999975,275.4999999999998,276.2999999999998,3138
1323767700,276.9499999999998,279.5999999999998,275.9499999999998,278.14999999999975,2216
1323854100,278.14999999999975,278.14999999999975,272.5499999999998,273.2499999999998,1969
1323940500,274.4999999999998,275.4499999999998,271.8499999999998,272.9999999999998,1366
1324026900,273.0499999999998,273.7499999999998,269.5499999999998,270.2999999999998,1576
1324286100,271.3499999999998,274.7499999999998,267.6999999999998,274.5499999999998,1296
1324372500,274.9999999999998,278.9999999999998,274.2499999999998,277.9499999999998,1158
1324458900,276.9999999999998,277.6999999999998,273.8499999999998,275.14999999999975,1249
1324545300,274.4499999999998,278.4499999999998,273.9499999999998,276.5999999999998,943
1324631700,276.4499999999998,277.64999999999975,272.7499999999998,274.8499999999998,0
1324977300,273.9499999999998,278.0999999999998,273.9499999999998,278.0499999999998,589
1325063700,277.0499999999998,284.2499999999998,276.4499999999998,281.9499999999998,843
1325150100,281.14999999999975,282.3499999999998,279.4499999999998,279.4999999999998,692
1325236500,280.0499999999998,282.64999999999975,279.39999999999975,282.0999999999998,0
1325582100,282.14999999999975,282.9499999999998,277.7999999999998,282.4499999999998,3347
1325668500,281.4499999999998,284.0999999999998,279.8499999999998,281.89999999999975,5314
1325754900,280.14999999999975,280.64999999999975,272.9499999999998,274.7499999999998,3432
1325841300,274.14999999999975,277.5499999999998,271.89999999999975,276.9999999999998,2063
1326100500,275.64999999999975,279.7499999999998,273.2499999999998,277.0999999999998,1763
1326186900,277.0499999999998,281.3499999999998,276.5499999999998,281.2499999999998,2455
1326273300,280.39999999999975,290.3499999999998,279.4999999999998,289.9999999999998,4733
1326359700,288.9499999999998,293.5499999999998,287.0499999999998,289.0999999999998,3640
1326446100,289.0999999999998,291.4499999999998,279.89999999999975,280.5499999999998,0
1326791700,283.5499999999998,284.14999999999975,276.4999999999998,280.5499999999998,5507
1326878100,280.64999999999975,282.2999999999998,277.6999999999998,280.2999999999998,2484
1326964500,280.14999999999975,283.2499999999998,278.89999999999975,282.14999999999975,6084
1327050900,281.2499999999998,283.9999999999998,279.64999999999975,280.9499999999998,4203
1327310100,279.4499999999998,280.4499999999998,273.3499999999998,274.9999999999998,5092
1327396500,275.0999999999998,276.6999999999998,273.0999999999998,275.9499999999998,3609
1327482900,275.4499999999998,277.2999999999998,272.1999999999998,272.5999999999998,5285
1327569300,273.4499999999998,276.5499999999998,272.5999999999998,274.9999999999998,4515
1327655700,275.1999999999998,275.1999999999998,272.1999999999998,272.64999999999975,3949
1327914900,272.4499999999998,272.5999999999998,270.3499999999998,271.89999999999975,3862
1328001300,272.14999999999975,274.5499999999998,268.4499999999998,270.4499999999998,8308
1328087700,270.4499999999998,271.2499999999998,268.5999999999998,269.5499999999998,4801
1328174100,269.4499999999998,271.4499999999998,266.2999999999998,270.9999999999998,7842
1328260500,271.5499999999998,274.1999999999998,269.89999999999975,271.3499999999998,6141
1328519700,270.89999999999975,275.0499999999998,268.5499999999998,274.14999999999975,7711
1328606100,274.9499999999998,277.4499999999998,271.14999999999975,276.0999999999998,11688
1328692500,275.4499999999998,277.4499999999998,274.14999999999975,275.0499999999998,11443
1328778900,275.7999999999998,276.8999999999998,269.4999999999998,270.7499999999998,2503
1328865300,270.7999999999998,272.5999999999998,269.0999999999998,269.9499999999998,3230
1329124500,270.4999999999998,271.9999999999998,265.2999999999998,267.1499999999998,6112
1329210900,266.4999999999998,268.0999999999998,257.8499999999998,258.6999999999998,4577
1329297300,259.0499999999998,260.2999999999998,252.9999999999998,255.0999999999998,5579
1329383700,255.0999999999998,256.5999999999998,250.54999999999978,253.79999999999978,2524
1329470100,254.54999999999978,255.4999999999998,252.6999999999998,254.8999999999998,3122
1329815700,254.79999999999978,259.0999999999998,252.9499999999998,258.4999999999998,2241
1329902100,258.0999999999998,258.5999999999998,253.9999999999998,254.29999999999978,1639
1329988500,254.0999999999998,257.8499999999998,253.8499999999998,254.3999999999998,2521
1330074900,254.5999999999998,256.6499999999998,254.3999999999998,256.0499999999998,4278
1330334100,256.1999999999998,257.5999999999998,253.8499999999998,256.9499999999998,2425
1330420500,256.9499999999998,259.5999999999998,254.5999999999998,258.6499999999998,3123
1330506900,258.3999999999998,258.5499999999998,253.9999999999998,255.5999999999998,2757
1330593300,255.6999999999998,257.1999999999998,254.1999999999998,256.3499999999998,3609
1330679700,257.1999999999998,257.1999999999998,253.0999999999998,254.04999999999978,3170
1330938900,253.7499999999998,254.6499999999998,251.3999999999998,253.8999999999998,3188
1331025300,253.4499999999998,253.5999999999998,244.9499999999998,245.3999999999998,6476
1331111700,245.79999999999978,246.6499999999998,238.4999999999998,240.8499999999998,6424
1331198100,239.79999999999978,244.1499999999998,237.4499999999998,241.6999999999998,4615
1331284500,241.5999999999998,241.6999999999998,237.8999999999998,238.4999999999998,2714
1331543700,237.79999999999978,237.79999999999978,233.4499999999998,237.04999999999978,4753
1331630100,236.2499999999998,238.8499999999998,235.54999999999978,238.3999999999998,3932
1331716500,238.2499999999998,238.3999999999998,234.9499999999998,235.8999999999998,3166
1331802900,234.79999999999978,237.9499999999998,234.79999999999978,237.5999999999998,2740
1331889300,237.79999999999978,238.7499999999998,234.04999999999978,234.79999999999978,5991
1332148500,234.4999999999998,237.5999999999998,234.4999999999998,235.8999999999998,5896
1332234900,235.29999999999978,237.8499999999998,234.7499999999998,235.9499999999998,4080
1332321300,235.29999999999978,240.6499999999998,234.8499999999998,236.9499999999998,4233
1332407700,236.1499999999998,237.3999999999998,226.8999999999998,229.3499999999998,8693
1332494100,228.79999999999978,231.5999999999998,227.6999999999998,231.1499999999998,5234
1332749700,230.5999999999998,232.6499999999998,230.0999999999998,230.9999999999998,7432
1332836100,230.6499999999998,239.6499999999998,230.6499999999998,239.4499999999998,11307
1332922500,238.54999999999978,239.8499999999998,233.5999999999998,234.29999999999978,6548
1333008900,233.4999999999998,235.4999999999998,228.1999999999998,228.7499999999998,7612
1333095300,228.79999999999978,236.0999999999998,228.79999999999978,234.5999999999998,8662
1333354500,234.0999999999998,238.9499999999998,232.4999999999998,238.4499999999998,8197
1333440900,237.9999999999998,238.1999999999998,234.5999999999998,237.6499999999998,7099
1333527300,236.3499999999998,242.5999999999998,231.1999999999998,236.9499999999998,12656
1333613700,236.2499999999998,237.1999999999998,233.04999999999978,235.0999999999998,0
1333959300,233.7999999999998,235.3499999999998,229.6999999999998,229.9999999999998,3414
1334045700,230.6999999999998,233.9499999999998,229.4499999999998,229.8499999999998,3764
1334132100,229.7999999999998,234.1499999999998,229.5499999999998,232.0499999999998,4401
1334218500,232.3499999999998,233.8999999999998,230.0499999999998,233.5999999999998,3966
1334304900,232.7499999999998,236.3999999999998,228.7499999999998,229.5999999999998,4229
1334564100,230.7499999999998,230.7499999999998,223.3999999999998,225.2499999999998,7302
1334650500,226.7499999999998,227.6499999999998,223.4999999999998,224.0499999999998,3974
1334736900,224.2499999999998,225.0499999999998,223.5499999999998,224.3499999999998,2030
1334823300,224.4999999999998,226.5499999999998,223.7499999999998,224.9999999999998,1694
1334909700,224.9999999999998,228.6499999999998,224.9999999999998,228.1999999999998,4008
1335168900,228.4999999999998,229.7499999999998,225.9499999999998,228.1499999999998,1598
1335255300,228.1999999999998,233.4999999999998,228.1999999999998,232.5499999999998,3040
1335341700,233.0499999999998,234.5499999999998,224.6499999999998,225.9999999999998,5869
1335428100,226.4499999999998,227.1499999999998,224.7499999999998,225.0499999999998,4757
1335514500,225.0499999999998,226.9999999999998,224.5499999999998,225.4499999999998,3438
1335773700,225.2499999999998,228.8999999999998,224.7499999999998,228.5499999999998,3304
1335860100,227.7999999999998,233.6499999999998,226.1499999999998,233.1999999999998,3987
1335946500,232.1499999999998,234.2499999999998,230.3499999999998,231.8999999999998,2469
1336032900,230.8499999999998,233.2499999999998,224.5999999999998,225.0499999999998,2833
1336119300,225.8499999999998,226.7499999999998,223.6499999999998,223.9499999999998,2636
1336378500,225.0499999999998,225.2499999999998,222.8999999999998,224.4499999999998,2632
1336464900,223.8499999999998,226.5499999999998,223.1999999999998,224.0499999999998,2956
1336551300,224.4499999999998,225.4499999999998,221.3999999999998,224.1999999999998,3516
1336637700,224.3499999999998,228.6499999999998,224.1999999999998,227.6999999999998,3386
1336724100,225.5999999999998,228.0999999999998,224.7499999999998,226.1499999999998,2685
1336983300,225.6499999999998,227.2499999999998,223.0499999999998,226.9999999999998,2513
1337069700,226.7999999999998,230.5499999999998,226.1499999999998,227.4499999999998,4480
1337156100,224.9999999999998,231.1499999999998,224.9499999999998,226.9499999999998,5010
1337242500,226.7499999999998,229.6999999999998,225.4499999999998,229.0499999999998,2684
1337328900,227.7499999999998,230.7499999999998,226.7999999999998,228.0499999999998,4204
1337588100,227.6499999999998,230.2499999999998,223.2499999999998,224.0999999999998,3562
1337674500,224.6499999999998,225.8499999999998,221.8499999999998,223.2499999999998,7831
1337760900,222.6499999999998,222.6499999999998,214.1499999999998,215.8999999999998,14902
1337847300,216.1999999999998,218.4999999999998,214.3499999999998,215.9499999999998,6431
1337933700,215.8499999999998,217.5499999999998,214.6999999999998,216.9999999999998,0
1338279300,216.8499999999998,218.4999999999998,213.8499999999998,214.6499999999998,6255
1338365700,214.4999999999998,215.4499999999998,211.4999999999998,213.5499999999998,13495
1338452100,213.6499999999998,214.3499999999998,209.2499999999998,209.6999999999998,9772
1338538500,208.7999999999998,210.2499999999998,205.5499999999998,206.5999999999998,9665
1338797700,206.7499999999998,207.9499999999998,203.7499999999998,207.5499999999998,7554
1338884100,206.8499999999998,208.2499999999998,204.8499999999998,205.1999999999998,7963
1338970500,205.1999999999998,207.6499999999998,204.3499999999998,204.7499999999998,9882
1339056900,205.1499999999998,206.7499999999998,202.8499999999998,205.1499999999998,11535
1339143300,205.3499999999998,206.1499999999998,203.1499999999998,204.1499999999998,10244
1339402500,204.3999999999998,206.09999999999982,201.99999999999983,203.34999999999982,4677
1339488900,203.24999999999983,203.2999999999998,201.44999999999982,201.8999999999998,5216
1339575300,202.19999999999982,202.7999999999998,200.2999999999998,200.7999999999998,3234
1339661700,200.94999999999982,200.94999999999982,197.24999999999983,197.59999999999982,5810
1339748100,197.19999999999982,199.44999999999982,197.19999999999982,198.49999999999983,2184
1340007300,198.69999999999982,199.19999999999982,196.8999999999998,197.94999999999982,3364
1340093700,198.19999999999982,205.49999999999983,197.19999999999982,205.34999999999982,7232
1340180100,204.94999999999982,207.99999999999983,197.74999999999983,199.0499999999998,8142
1340266500,197.8999999999998,205.69999999999982,197.8999999999998,205.19999999999982,4521
1340352900,205.19999999999982,206.0499999999998,199.59999999999982,202.2999999999998,2350
1340612100,201.34999999999982,205.3999999999998,200.44999999999982,205.1499999999998,2356
1340698500,205.34999999999982,212.6499999999998,203.34999999999982,212.1499999999998,3908
1340784900,212.19999999999982,214.84999999999982,209.19999999999982,211.2999999999998,2983
1340871300,211.19999999999982,211.49999999999983,207.24999999999983,209.3999999999998,2824
1340957700,209.99999999999983,217.7999999999998,209.99999999999983,216.94999999999982,3423
1341216900,216.94999999999982,221.0499999999998,216.1499999999998,220.84999999999982,5135
1341303300,220.84999999999982,227.3999999999998,220.84999999999982,226.5499999999998,0
1341476100,226.5499999999998,232.94999999999982,222.19999999999982,226.44999999999982,8401
1341562500,225.19999999999982,227.2999999999998,221.8999999999998,222.59999999999982,3710
1341821700,221.99999999999983,228.6499999999998,221.44999999999982,228.44999999999982,2795
1341908100,227.8999999999998,232.5499999999998,226.2999999999998,230.5499999999998,4400
1341994500,229.2999999999998,238.0499999999998,228.74999999999983,230.74999999999983,5128
1342080900,230.3999999999998,230.3999999999998,224.69999999999982,228.24999999999983,4650
1342167300,228.2999999999998,234.0499999999998,228.2999999999998,232.3999999999998,6473
1342426500,232.6499999999998,234.19999999999982,229.49999999999983,230.34999999999982,4942
1342512900,229.8999999999998,230.69999999999982,225.5499999999998,228.24999999999983,4401
1342599300,228.3999999999998,229.59999999999982,223.7999999999998,228.2999999999998,4858
1342685700,228.24999999999983,235.1499999999998,228.24999999999983,234.74999999999983,6701
1342772100,234.69999999999982,236.74999999999983,232.0499999999998,232.7999999999998,5933
1343031300,231.94999999999982,232.19999999999982,229.0499999999998,230.84999999999982,3497
1343117700,229.84999999999982,231.1499999999998,219.8999999999998,221.49999999999983,7242
1343204100,221.2999999999998,224.34999999999982,220.19999999999982,222.34999999999982,3772
1343290500,222.34999999999982,225.2999999999998,219.2999999999998,220.09999999999982,4867
1343376900,220.19999999999982,222.7999999999998,219.19999999999982,219.84999999999982,3991
1343636100,220.19999999999982,224.69999999999982,219.19999999999982,224.34999999999982,6709
1343722500,224.09999999999982,224.5499999999998,218.74999999999983,220.44999999999982,6249
1343808900,220.44999999999982,221.3999999999998,216.59999999999982,220.5499999999998,10384
1343895300,220.5499999999998,221.1499999999998,217.19999999999982,217.49999999999983,9908
1343981700,217.49999999999983,220.09999999999982,217.1499999999998,219.74999999999983,5035
1344240900,218.74999999999983,223.69999999999982,218.74999999999983,221.3999999999998,7318
1344327300,221.2999999999998,221.94999999999982,218.24999999999983,218.49999999999983,13732
1344413700,218.6499999999998,218.94999999999982,215.7999999999998,216.3999999999998,12900
1344500100,216.19999999999982,216.2999999999998,212.59999999999982,212.7499999999998,4978
1344586500,213.5499999999998,213.5499999999998,210.5499999999998,212.6499999999998,2648
1344845700,212.7499999999998,213.2999999999998,209.3999999999998,210.44999999999982,5557
1344932100,210.69999999999982,211.59999999999982,208.7499999999998,209.3999999999998,2972
1345018500,209.5499999999998,209.5499999999998,205.2999999999998,208.34999999999982,3596
1345104900,207.1499999999998,207.1499999999998,204.2499999999998,205.1499999999998,2204
1345191300,205.5499999999998,206.94999999999982,203.84999999999982,206.6499999999998,3090
1345450500,207.0499999999998,209.84999999999982,206.69999999999982,207.84999999999982,2594
1345536900,208.0499999999998,209.2999999999998,207.34999999999982,207.4999999999998,2705
1345623300,206.7999999999998,206.9999999999998,204.34999999999982,205.3999999999998,2281
1345709700,205.3999999999998,206.44999999999982,204.44999999999982,205.0499999999998,2859
1345796100,204.7499999999998,207.6499999999998,204.5499999999998,206.09999999999982,1481
1346055300,206.34999999999982,210.69999999999982,206.34999999999982,210.44999999999982,2299
1346141700,209.94999999999982,211.44999999999982,208.59999999999982,210.9999999999998,2404
1346228100,210.9999999999998,212.09999999999982,209.0499999999998,209.69999999999982,2055
1346314500,209.34999999999982,211.3999999999998,205.7499999999998,206.6499999999998,4295
1346400900,207.44999999999982,210.6499999999998,205.7999999999998,207.9999999999998,0
1346746500,208.19999999999982,211.0499999999998,207.7999999999998,208.6499999999998,3410
1346832900,208.0499999999998,209.4999999999998,203.69999999999982,203.84999999999982,6387
1346919300,203.8999999999998,205.5499999999998,199.94999999999982,201.3999999999998,5379
1347005700,201.6499999999998,206.69999999999982,201.6499999999998,206.09999999999982,3670
1347264900,206.1499999999998,217.0499999999998,206.1499999999998,216.5499999999998,4605
1347351300,216.2999999999998,223.09999999999982,216.09999999999982,220.69999999999982,9017
1347437700,219.84999999999982,222.09999999999982,219.84999999999982,220.7499999999998,5426
1347524100,220.2999999999998,224.44999999999982,219.2499999999998,222.09999999999982,4058
1347610500,223.3999999999998,226.7999999999998,222.9999999999998,224.3999999999998,3953
1347869700,224.69999999999982,226.7999999999998,217.6499999999998,219.1499999999998,5883
1347956100,219.0499999999998,221.7499999999998,215.1499999999998,220.94999999999982,4258
1348042500,222.6499999999998,222.6499999999998,215.84999999999982,217.84999999999982,3372
1348128900,217.6499999999998,217.84999999999982,211.7499999999998,212.09999999999982,8988
1348215300,212.2999999999998,217.2999999999998,212.2999999999998,216.94999999999982,4415
1348474500,216.2999999999998,216.34999999999982,211.44999999999982,215.8999999999998,4173
1348560900,215.2499999999998,218.4999999999998,215.19999999999982,217.2499999999998,1605
1348647300,216.19999999999982,216.7499999999998,212.6499999999998,212.9999999999998,2693
1348733700,213.5499999999998,218.0499999999998,213.0499999999998,217.7999999999998,3335
1348820100,218.0499999999998,218.5499999999998,213.7499999999998,217.0499999999998,2825
1349079300,215.84999999999982,222.34999999999982,215.84999999999982,221.4999999999998,3621
1349165700,221.5499999999998,227.8999999999998,221.4999999999998,227.0499999999998,5699
1349252100,223.7499999999998,228.84999999999982,223.7499999999998,224.44999999999982,8154
1349338500,224.09999999999982,227.1499999999998,216.8999999999998,218.59999999999982,4780
1349424900,218.7999999999998,219.94999999999982,211.34999999999982,211.6499999999998,4085
1349684100,211.19999999999982,212.8999999999998,209.9999999999998,212.6499999999998,3019
1349770500,212.2999999999998,213.44999999999982,207.7999999999998,209.0499999999998,8325
1349856900,209.7999999999998,210.5499999999998,207.2499999999998,207.3999999999998,7829
1349943300,207.5499999999998,207.5499999999998,204.2499999999998,204.6499999999998,6668
1350029700,204.9999999999998,206.7499999999998,203.7499999999998,205.69999999999982,4603
1350288900,205.6499999999998,206.5499999999998,203.59999999999982,204.8999999999998,4702
1350375300,204.8999999999998,207.44999999999982,204.44999999999982,206.84999999999982,3423
1350461700,207.0499999999998,207.34999999999982,203.59999999999982,205.5499999999998,3718
1350548100,205.0499999999998,205.5499999999998,201.2999999999998,202.7999999999998,4621
1350634500,202.59999999999982,206.7499999999998,202.2499999999998,205.69999999999982,3587
1350893700,205.84999999999982,209.5499999999998,205.4999999999998,208.2999999999998,5144
1350980100,207.9999999999998,207.9999999999998,204.1499999999998,204.7499999999998,3587
1351066500,204.7499999999998,206.09999999999982,202.6499999999998,203.7499999999998,3940
1351152900,204.5499999999998,205.7999999999998,203.19999999999982,204.9999999999998,3589
1351239300,204.5499999999998,205.3999999999998,200.8999999999998,201.69999999999982,6174
1351502100,201.2999999999998,205.5499999999998,200.2499999999998,205.44999999999982,7610
1351588500,205.44999999999982,206.4999999999998,200.69999999999982,201.2499999999998,4508
1351674900,201.2499999999998,202.94999999999982,198.6499999999998,198.8999999999998,13148
1351761300,199.2999999999998,200.44999999999982,197.0499999999998,197.7499999999998,7722
1351847700,199.0499999999998,199.6499999999998,197.34999999999982,199.2999999999998,10202
1352106900,198.84999999999982,199.2999999999998,195.2499999999998,195.34999999999982,9202
1352193300,195.7499999999998,196.69999999999982,194.7499999999998,194.94999999999982,8335
1352279700,195.5499999999998,198.19999999999982,194.94999999999982,195.3999999999998,14813
1352366100,195.9499999999998,197.4499999999998,194.6499999999998,196.4499999999998,1720
1352452500,196.7499999999998,197.1999999999998,194.6999999999998,195.1499999999998,1744
1352711700,195.1499999999998,199.2499999999998,195.1499999999998,197.8499999999998,2518
1352798100,197.3499999999998,197.3499999999998,190.7499999999998,190.8499999999998,2711
1352884500,191.7499999999998,193.2999999999998,191.3999999999998,192.3499999999998,1959
1352970900,192.4999999999998,193.8999999999998,189.1999999999998,193.5499999999998,1843
1353057300,193.0499999999998,193.3999999999998,191.2499999999998,192.0999999999998,773
1353316500,192.6999999999998,197.1499999999998,192.6999999999998,196.8999999999998,1432
1353402900,196.8999999999998,196.8999999999998,191.5499999999998,191.9999999999998,2257
1353489300,192.2999999999998,193.7499999999998,190.5999999999998,193.0999999999998,0
1353662100,193.7499999999998,193.7499999999998,189.2999999999998,190.4499999999998,673
1353921300,190.2999999999998,190.9999999999998,187.2499999999998,188.5499999999998,1448
1354007700,189.0499999999998,190.8499999999998,188.0499999999998,188.7999999999998,2002
1354094100,188.5499999999998,194.4999999999998,186.7999999999998,194.4499999999998,3979
1354180500,194.1999999999998,196.6999999999998,193.1499999999998,195.9999999999998,1884
1354266900,194.7499999999998,195.6499999999998,189.1499999999998,190.2499999999998,2101
1354526100,190.4999999999998,192.5999999999998,188.5499999999998,190.3499999999998,2553
1354612500,189.8499999999998,191.4999999999998,186.7499999999998,187.9499999999998,2945
1354698900,187.9499999999998,189.1499999999998,185.9999999999998,188.6999999999998,3513
1354785300,189.1499999999998,191.0499999999998,188.6499999999998,190.5499999999998,1139
1354871700,190.5499999999998,194.6999999999998,188.8999999999998,193.4499999999998,1554
1355130900,192.7499999999998,193.1499999999998,186.2999999999998,186.6499999999998,2637
1355217300,187.7499999999998,189.8499999999998,186.3499999999998,189.1499999999998,1706
1355303700,188.2999999999998,189.6499999999998,185.7499999999998,186.1999999999998,2872
1355390100,186.6999999999998,186.6999999999998,182.9499999999998,183.2999999999998,3306
1355476500,183.5999999999998,185.1499999999998,181.9499999999998,182.8499999999998,2276
1355735700,183.1499999999998,185.7499999999998,183.0499999999998,185.6499999999998,1508
1355822100,185.1499999999998,187.5499999999998,183.0499999999998,183.5999999999998,2741
1355908500,183.2999999999998,185.2499999999998,182.2999999999998,184.4499999999998,1457
1355994900,184.2999999999998,185.6499999999998,181.3499999999998,182.5499999999998,2594
1356081300,183.1999999999998,186.2499999999998,181.4999999999998,186.0999999999998,1315
1356340500,185.9499999999998,187.3999999999998,184.6499999999998,186.4499999999998,0
1356513300,186.3499999999998,188.2499999999998,185.4499999999998,187.6999999999998,484
1356599700,186.9499999999998,187.9999999999998,186.4499999999998,187.4499999999998,1260
1356686100,187.4499999999998,188.7499999999998,185.0999999999998,186.3999999999998,979
1356945300,184.9499999999998,185.6499999999998,180.9499999999998,183.4499999999998,1916
1357118100,184.6499999999998,189.4999999999998,184.5999999999998,188.8999999999998,3283
1357204500,188.1499999999998,191.3999999999998,185.0499999999998,185.9999999999998,4147
1357290900,185.2499999999998,187.1499999999998,182.1999999999998,186.8999999999998,2902
1357550100,187.3999999999998,190.3499999999998,186.1999999999998,189.8999999999998,2984
1357636500,189.2999999999998,189.8499999999998,185.1999999999998,187.6999999999998,5245
1357722900,186.3499999999998,188.6499999999998,185.6499999999998,187.4999999999998,4000
1357809300,187.5499999999998,189.3499999999998,187.1999999999998,189.1499999999998,3378
1357895700,188.8499999999998,192.9999999999998,188.3999999999998,192.8499999999998,7343
1358154900,192.3999999999998,195.2999999999998,192.1999999999998,192.8999999999998,7628
1358241300,192.7999999999998,195.8999999999998,190.8499999999998,192.0499999999998,5203
1358327700,191.6499999999998,194.1499999999998,190.2999999999998,192.5499999999998,4069
1358414100,192.1999999999998,195.8999999999998,192.0999999999998,195.0499999999998,4727
1358500500,194.8999999999998,197.3499999999998,194.2499999999998,195.8499999999998,0
1358846100,194.7499999999998,195.9499999999998,187.8999999999998,188.2499999999998,8363
1358932500,188.6999999999998,191.4999999999998,188.0499999999998,190.0999999999998,3924
1359018900,190.4999999999998,190.9499999999998,185.8499999999998,186.2499999999998,5491
1359105300,187.4999999999998,188.0499999999998,186.1499999999998,187.9999999999998,3190
1359364500,187.7499999999998,189.2999999999998,186.5999999999998,188.5999999999998,6512
1359450900,188.6499999999998,189.9499999999998,187.8999999999998,189.3999999999998,7524
1359537300,189.2499999999998,190.3499999999998,186.8999999999998,187.4499999999998,10990
1359623700,187.5499999999998,188.2999999999998,186.3499999999998,186.7499999999998,8791
1359710100,186.7499999999998,189.4499999999998,186.5999999999998,187.6999999999998,8028
1359969300,186.7499999999998,187.7999999999998,183.7499999999998,184.0999999999998,11568
1360055700,184.7499999999998,185.4999999999998,183.5499999999998,183.8499999999998,15435
1360142100,183.8499999999998,184.1999999999998,181.6999999999998,181.9999999999998,13249
1360228500,182.6499999999998,182.9999999999998,179.4999999999998,180.1999999999998,3850
1360314900,180.1999999999998,181.6499999999998,179.3499999999998,180.8999999999998,3788
1360574100,181.4999999999998,181.4999999999998,179.2499999999998,179.6499999999998,4227
1360660500,179.7499999999998,181.2499999999998,177.9499999999998,179.8499999999998,5511
1360746900,179.9999999999998,180.9999999999998,177.7499999999998,178.2499999999998,2976
1360833300,177.7999999999998,178.5999999999998,176.8999999999998,177.4499999999998,3516
1360919700,178.2499999999998,178.2499999999998,176.2999999999998,176.8499999999998,0
1361265300,176.7999999999998,179.2499999999998,174.2499999999998,175.0499999999998,4932
1361351700,175.0499999999998,178.6999999999998,174.7499999999998,178.0499999999998,12695
1361438100,178.2499999999998,178.2499999999998,175.7499999999998,178.1499999999998,4136
1361524500,178.1999999999998,180.6999999999998,178.1999999999998,180.2499999999998,3700
1361783700,179.7499999999998,180.7499999999998,177.0499999999998,179.5999999999998,3071
1361870100,178.5499999999998,181.2499999999998,177.6499999999998,179.9499999999998,4157
1361956500,178.8999999999998,181.2499999999998,178.8999999999998,179.8999999999998,3798
1362042900,180.4999999999998,180.7499999999998,178.1499999999998,179.6499999999998,2875
1362129300,179.4999999999998,180.6999999999998,178.6999999999998,179.7499999999998,2511
1362388500,179.2499999999998,183.2499999999998,178.9999999999998,182.9499999999998,4290
1362474900,182.9499999999998,183.6999999999998,176.8999999999998,177.4999999999998,7138
1362561300,177.1999999999998,178.7499999999998,176.5499999999998,177.6999999999998,2618
1362647700,177.5499999999998,179.8499999999998,177.1499999999998,179.5499999999998,2809
1362734100,179.5499999999998,180.9999999999998,178.6999999999998,180.4999999999998,3417
1362993300,180.3499999999998,181.1999999999998,179.6999999999998,180.1999999999998,2592
1363079700,178.7499999999998,179.8499999999998,178.3999999999998,178.7499999999998,2733
1363166100,178.5499999999998,180.5999999999998,176.4999999999998,176.9999999999998,4029
1363252500,176.9999999999998,177.6499999999998,175.7999999999998,176.0999999999998,2326
1363338900,175.9999999999998,176.1499999999998,173.6499999999998,173.9999999999998,7059
1363598100,173.7499999999998,173.8499999999998,170.5999999999998,170.8499999999998,6295
1363684500,171.4999999999998,171.7499999999998,169.0999999999998,169.6499999999998,4452
1363770900,169.7499999999998,170.6499999999998,168.5499999999998,170.0999999999998,7431
1363857300,170.0499999999998,170.8499999999998,168.8499999999998,170.1999999999998,5707
1363943700,170.1999999999998,172.5999999999998,169.5499999999998,171.6999999999998,6002
1364202900,172.1999999999998,172.8999999999998,171.0999999999998,171.9499999999998,4691
1364289300,171.9499999999998,175.0499999999998,171.6999999999998,173.7999999999998,8640
1364375700,173.7499999999998,174.2999999999998,171.1999999999998,172.9499999999998,7214
1364462100,172.7999999999998,173.9999999999998,172.2499999999998,173.3999999999998,0
1364804100,173.3999999999998,177.4499999999998,171.8999999999998,174.6499999999998,5720
1364890500,173.4499999999998,174.2499999999998,172.0499999999998,172.5499999999998,16302
1364976900,172.1999999999998,175.9499999999998,171.8499999999998,175.7999999999998,14398
1365063300,175.7499999999998,175.9999999999998,173.6999999999998,175.6999999999998,11955
1365149700,175.3999999999998,176.7499999999998,174.0999999999998,176.3499999999998,18109
1365408900,175.7499999999998,177.0999999999998,171.3499999999998,172.3499999999998,25864
1365495300,172.3499999999998,172.9999999999998,170.8499999999998,171.5999999999998,33704
1365581700,171.6499999999998,173.8499999999998,171.4499999999998,172.0999999999998,19023
1365668100,172.1999999999998,173.1499999999998,171.8999999999998,172.8499999999998,5017
1365754500,172.4499999999998,173.3999999999998,170.3999999999998,170.79999999999978,4713
1366013700,170.4999999999998,170.4999999999998,167.29999999999978,169.7499999999998,6796
1366100100,170.3499999999998,170.9499999999998,169.2499999999998,170.7499999999998,5445
1366186500,170.6499999999998,172.7499999999998,169.6999999999998,170.29999999999978,3881
1366272900,170.2499999999998,174.6499999999998,170.2499999999998,174.29999999999978,6655
1366359300,174.1499999999998,177.29999999999978,174.1499999999998,176.6999999999998,4953
1366618500,175.6999999999998,177.8999999999998,175.2499999999998,176.54999999999978,2361
1366704900,175.6499999999998,176.8999999999998,170.0999999999998,170.9999999999998,3256
1366791300,171.2499999999998,172.9499999999998,170.8999999999998,171.6999999999998,4177
1366877700,172.4999999999998,173.04999999999978,169.3499999999998,170.6999999999998,3577
1366964100,171.04999999999978,171.29999999999978,166.54999999999978,167.29999999999978,3244
1367223300,167.4999999999998,168.1999999999998,166.0999999999998,167.1499999999998,3587
1367309700,166.3999999999998,168.9499999999998,166.3999999999998,168.4499999999998,2973
1367396100,168.6999999999998,168.6999999999998,166.1999999999998,167.9499999999998,2514
1367482500,167.9999999999998,173.4499999999998,167.9999999999998,172.5999999999998,4011
1367568900,171.8999999999998,174.8999999999998,171.3499999999998,174.1499999999998,3402
1367828100,174.04999999999978,175.3999999999998,172.29999999999978,175.04999999999978,2243
1367914500,174.6999999999998,176.0999999999998,173.8499999999998,175.8999999999998,3905
1368000900,175.29999999999978,177.3999999999998,174.9499999999998,177.29999999999978,5697
1368087300,176.79999999999978,181.8499999999998,176.4499999999998,181.0999999999998,8264
1368173700,180.5999999999998,182.04999999999978,177.4999999999998,177.79999999999978,8356
1368432900,177.3499999999998,179.6999999999998,176.7499999999998,179.0999999999998,4271
1368519300,179.29999999999978,180.0999999999998,177.0999999999998,177.2499999999998,4556
1368605700,176.8999999999998,178.8499999999998,173.3999999999998,173.8499999999998,5621
1368692100,173.9999999999998,174.8499999999998,171.54999999999978,173.1499999999998,3812
1368778500,173.2499999999998,174.4999999999998,170.0999999999998,170.1999999999998,2846
1369037700,170.1999999999998,170.1999999999998,167.3499999999998,168.4499999999998,3446
1369124100,168.9999999999998,169.0999999999998,165.54999999999978,166.04999999999978,5184
1369210500,166.9999999999998,166.9999999999998,161.6999999999998,161.8499999999998,9562
1369296900,161.9999999999998,165.1499999999998,161.4499999999998,163.3999999999998,9595
1369383300,163.79999999999978,163.9499999999998,160.29999999999978,160.5999999999998,0
1369728900,161.0999999999998,161.5999999999998,159.1499999999998,159.5999999999998,13787
1369815300,159.8999999999998,160.9499999999998,158.9499999999998,160.5999999999998,13275
1369901700,160.9499999999998,161.3999999999998,158.3999999999998,158.9999999999998,9983
1369988100,159.3999999999998,160.9999999999998,158.2499999999998,160.2499999999998,7011
1370247300,160.0999999999998,162.4499999999998,158.6999999999998,162.04999999999978,7650
1370333700,162.04999999999978,162.0999999999998,160.1499999999998,160.7499999999998,9996
1370420100,160.8499999999998,162.54999999999978,158.9999999999998,160.5999999999998,9268
1370506500,160.5999999999998,162.8999999999998,160.1999999999998,162.3999999999998,19466
1370592900,162.1499999999998,162.5999999999998,159.4999999999998,160.0999999999998,19799
1370852100,159.4999999999998,162.0499999999998,159.0499999999998,161.94999999999982,2794
1370938500,161.6499999999998,161.7999999999998,159.0499999999998,160.5999999999998,6356
1371024900,160.1499999999998,160.94999999999982,153.8999999999998,155.44999999999982,6843
1371111300,155.2499999999998,156.69999999999982,154.19999999999982,156.3999999999998,6294
1371197700,156.5999999999998,157.3499999999998,154.5499999999998,154.8999999999998,4358
1371456900,155.0499999999998,156.5499999999998,153.6499999999998,154.0999999999998,5185
1371543300,154.0999999999998,155.44999999999982,153.1499999999998,154.3499999999998,5190
1371629700,154.6499999999998,155.9999999999998,154.3499999999998,155.2499999999998,2576
1371716100,154.8999999999998,154.8999999999998,148.1499999999998,149.1499999999998,6076
1371802500,150.8499999999998,152.8499999999998,149.8999999999998,149.9999999999998,3137
1372061700,149.7499999999998,151.7999999999998,149.5999999999998,150.8499999999998,2817
1372148100,150.8499999999998,152.0499999999998,149.44999999999982,151.1499999999998,3660
1372234500,150.5999999999998,151.8999999999998,148.7999999999998,149.19999999999982,6272
1372320900,149.6499999999998,153.3999999999998,149.3999999999998,152.5499999999998,3963
1372407300,152.7999999999998,153.2499999999998,149.0499999999998,150.9999999999998,2492
1372666500,150.3999999999998,153.0999999999998,150.2999999999998,152.2999999999998,4426
1372752900,152.44999999999982,155.3499999999998,152.3999999999998,154.94999999999982,3887
1372839300,154.69999999999982,154.69999999999982,150.69999999999982,152.0499999999998,6062
1373012100,152.0499999999998,153.19999999999982,150.8499999999998,151.8999999999998,2631
1373271300,150.8499999999998,154.5999999999998,150.7499999999998,153.94999999999982,5212
1373357700,153.44999999999982,155.3499999999998,150.7999999999998,152.7499999999998,8038
1373444100,152.5499999999998,154.1499999999998,151.7499999999998,152.1499999999998,5482
1373530500,152.7499999999998,154.7499999999998,152.6499999999998,153.7999999999998,5255
1373616900,153.8499999999998,154.7499999999998,149.1499999999998,149.8499999999998,6132
1373876100,149.7499999999998,154.2999999999998,149.0999999999998,153.4999999999998,4108
1373962500,153.69999999999982,156.5999999999998,153.3999999999998,155.8999999999998,7774
1374048900,155.19999999999982,158.94999999999982,155.0999999999998,157.69999999999982,7565
1374135300,157.1499999999998,163.44999999999982,156.4999999999998,157.44999999999982,10437
1374221700,157.7999999999998,160.0499999999998,151.8999999999998,152.7999999999998,8029
1374480900,153.2999999999998,155.69999999999982,152.8999999999998,155.4999999999998,6794
1374567300,155.8999999999998,156.6499999999998,153.5999999999998,156.3999999999998,8057
1374653700,156.0499999999998,156.5999999999998,151.2499999999998,151.5999999999998,7491
1374740100,151.9999999999998,155.19999999999982,151.2499999999998,154.94999999999982,4981
1374826500,154.6499999999998,155.7999999999998,151.7999999999998,151.8999999999998,10947
1375085700,151.6499999999998,152.9999999999998,149.7499999999998,151.0999999999998,5661
1375172100,151.1499999999998,152.6499999999998,150.2499999999998,150.5999999999998,8039
1375258500,150.8999999999998,151.0499999999998,147.94999999999982,148.94999999999982,8266
1375344900,149.0999999999998,149.7499999999998,145.7999999999998,145.9999999999998,7399
1375431300,146.2999999999998,148.8499999999998,146.2999999999998,148.69999999999982,10149
1375690500,148.19999999999982,151.44999999999982,148.19999999999982,150.1499999999998,9208
1375776900,149.5499999999998,149.6499999999998,147.5999999999998,148.3499999999998,14741
1375863300,148.4999999999998,151.8499999999998,148.2499999999998,151.44999999999982,16915
1375949700,151.3999999999998,153.8499999999998,150.7499999999998,152.44999999999982,16548
1376036100,152.1499999999998,154.29999999999978,151.9999999999998,153.24999999999977,3936
1376295300,153.3999999999998,154.49999999999977,152.5999999999998,153.69999999999982,2587
1376381700,153.69999999999982,154.29999999999978,149.1499999999998,150.5999999999998,4379
1376468100,150.69999999999982,154.24999999999977,150.69999999999982,152.8999999999998,3362
1376554500,152.4999999999998,152.8999999999998,149.8999999999998,152.29999999999978,1916
1376640900,152.04999999999978,152.29999999999978,150.79999999999978,151.29999999999978,1642
1376900100,150.1499999999998,151.8499999999998,149.69999999999982,150.44999999999982,2030
1376986500,149.94999999999982,150.0999999999998,146.3499999999998,146.4999999999998,4939
1377072900,146.54999999999978,147.19999999999982,144.79999999999978,144.8999999999998,3933
1377159300,145.1499999999998,145.6499999999998,144.1499999999998,144.79999999999978,3008
1377245700,144.9999999999998,145.5999999999998,144.1499999999998,144.79999999999978,1050
1377504900,145.54999999999978,146.4999999999998,144.8999999999998,145.44999999999982,1647
1377591300,144.8999999999998,145.29999999999978,144.3499999999998,144.44999999999982,1380
1377677700,144.9999999999998,146.54999999999978,144.3999999999998,146.0999999999998,1837
1377764100,145.79999999999978,146.3999999999998,144.4999999999998,145.3999999999998,1921
1377850500,145.3999999999998,145.8499999999998,143.8999999999998,144.04999999999978,0
1378196100,143.9999999999998,146.9999999999998,143.9999999999998,144.94999999999982,2545
1378282500,144.9999999999998,146.2499999999998,144.54999999999978,144.6499999999998,2559
1378368900,144.54999999999978,145.04999999999978,142.94999999999982,144.6499999999998,4566
1378455300,144.9999999999998,146.5999999999998,144.79999999999978,145.6499999999998,1716
1378714500,145.5999999999998,146.6499999999998,144.7499999999998,145.8999999999998,3438
1378800900,145.94999999999982,146.6499999999998,143.54999999999978,144.4999999999998,3582
1378887300,144.79999999999978,148.79999999999978,144.5999999999998,148.5999999999998,6685
1378973700,148.79999999999978,148.79999999999978,145.6499999999998,148.3499999999998,4477
1379060100,148.69999999999982,148.69999999999982,147.19999999999982,147.79999999999978,2168
1379319300,147.79999999999978,148.3999999999998,146.44999999999982,147.04999999999978,1406
1379405700,146.94999999999982,146.94999999999982,142.1499999999998,142.79999999999978,4245
1379492100,142.6499999999998,143.7499999999998,141.8499999999998,142.7499999999998,3141
1379578500,143.79999999999978,144.4999999999998,143.29999999999978,143.6499999999998,4476
1379664900,143.5999999999998,143.6499999999998,142.19999999999982,142.54999999999978,1381
1379924100,142.79999999999978,145.3499999999998,142.79999999999978,144.94999999999982,2546
1380010500,144.79999999999978,146.2499999999998,144.79999999999978,145.7499999999998,1523
1380096900,145.4999999999998,147.0999999999998,144.9999999999998,145.1499999999998,4514
1380183300,145.19999999999982,145.2499999999998,142.69999999999982,143.5999999999998,2869
1380269700,143.79999999999978,143.79999999999978,141.44999999999982,141.6499999999998,2942
1380528900,141.6499999999998,142.69999999999982,141.44999999999982,141.6499999999998,4531
1380615300,141.8999999999998,142.5999999999998,141.1499999999998,142.04999999999978,2005
1380701700,143.04999999999978,143.3999999999998,142.0999999999998,142.44999999999982,1857
1380788100,142.4999999999998,144.0999999999998,142.19999999999982,143.29999999999978,3199
1380874500,143.1499999999998,143.79999999999978,141.8999999999998,142.3499999999998,1067
1381133700,141.9999999999998,142.69999999999982,141.54999999999978,142.44999999999982,892
1381220100,142.44999999999982,143.19999999999982,141.79999999999978,142.9999999999998,1315
1381306500,142.94999999999982,143.6499999999998,142.4999999999998,143.2499999999998,2504
1381392900,143.29999999999978,145.8499999999998,142.1499999999998,142.3499999999998,4679
1381479300,142.5999999999998,144.8499999999998,142.29999999999978,144.6499999999998,2297
1381738500,144.5999999999998,145.3499999999998,144.0999999999998,144.8999999999998,1329
1381824900,145.1499999999998,145.54999999999978,142.9999999999998,144.3999999999998,3079
1381911300,144.54999999999978,145.29999999999978,143.6499999999998,143.7499999999998,4278
1381997700,143.7499999999998,144.1499999999998,142.0999999999998,142.5999999999998,2174
1382084100,142.29999999999978,142.8499999999998,141.8999999999998,142.4999999999998,4035
1382343300,142.44999999999982,142.54999999999978,140.29999999999978,140.5999999999998,6279
1382429700,141.1499999999998,141.1499999999998,139.79999999999978,139.8999999999998,3124
1382516100,139.79999999999978,140.44999999999982,138.4999999999998,138.54999999999978,4537
1382602500,138.3999999999998,139.7499999999998,137.54999999999978,138.3499999999998,7852
1382688900,138.19999999999982,139.3999999999998,136.79999999999978,137.0999999999998,8192
1382951700,137.19999999999982,137.19999999999982,134.8499999999998,135.44999999999982,7750
1383038100,134.79999999999978,135.5999999999998,134.4999999999998,134.69999999999982,7052
1383124500,134.7499999999998,135.54999999999978,134.44999999999982,134.7499999999998,9279
1383210900,134.79999999999978,135.19999999999982,133.19999999999982,133.3499999999998,11260
1383297300,133.3499999999998,133.8499999999998,132.0999999999998,133.3999999999998,6499
1383556500,133.44999999999982,134.04999999999978,131.3499999999998,131.5999999999998,13096
1383642900,131.79999999999978,132.0999999999998,130.8999999999998,131.29999999999978,13825
1383729300,131.29999999999978,131.5999999999998,128.94999999999982,129.3999999999998,13132
1383815700,129.04999999999978,132.8999999999998,128.94999999999982,131.69999999999982,22232
1383902100,131.6499999999998,132.24999999999983,130.7999999999998,131.94999999999982,2718
1384161300,132.7999999999998,134.5999999999998,130.99999999999983,131.1499999999998,2805
1384247700,131.49999999999983,133.74999999999983,131.49999999999983,133.6499999999998,3517
1384334100,133.8499999999998,133.99999999999983,130.2999999999998,130.7999999999998,2106
1384420500,130.6499999999998,131.99999999999983,130.1499999999998,130.49999999999983,2799
1384506900,131.19999999999982,134.24999999999983,131.0499999999998,133.8999999999998,2233
1384766100,133.5999999999998,134.99999999999983,133.3499999999998,134.24999999999983,1161
1384852500,134.3499999999998,134.8999999999998,132.8999999999998,133.3999999999998,1498
1384938900,133.3999999999998,135.99999999999983,133.2999999999998,135.0499999999998,1640
1385025300,134.94999999999982,136.5999999999998,134.3999999999998,136.24999999999983,1561
1385111700,136.5499999999998,136.8499999999998,131.94999999999982,132.3999999999998,2123
1385370900,132.6499999999998,133.69999999999982,131.0999999999998,133.3499999999998,1001
1385457300,133.3499999999998,134.6499999999998,132.74999999999983,133.5499999999998,937
1385543700,133.5999999999998,134.44999999999982,131.99999999999983,132.94999999999982,0
1385716500,133.49999999999983,136.24999999999983,132.7999999999998,135.69999999999982,1088
1385975700,135.19999999999982,136.6499999999998,133.7999999999998,134.69999999999982,2248
1386062100,134.49999999999983,135.94999999999982,133.8999999999998,135.0499999999998,1586
1386148500,135.24999999999983,137.69999999999982,133.0499999999998,133.2999999999998,3543
1386234900,133.2999999999998,133.74999999999983,130.5999999999998,130.8499999999998,2668
1386321300,130.8999999999998,132.3499999999998,130.8999999999998,131.24999999999983,2243
1386580500,131.0999999999998,132.49999999999983,130.6499999999998,130.99999999999983,3218
1386666900,130.8499999999998,135.5499999999998,130.69999999999982,135.0999999999998,5445
1386753300,134.6499999999998,136.2999999999998,134.19999999999982,134.5999999999998,3213
1386839700,135.1499999999998,136.7999999999998,134.69999999999982,136.19999999999982,3420
1386926100,136.3499999999998,140.2999999999998,136.3499999999998,140.0499999999998,3437
1387185300,140.2999999999998,141.8499999999998,139.19999999999982,139.94999999999982,5878
1387271700,140.24999999999983,140.49999999999983,138.6499999999998,138.94999999999982,1991
1387358100,138.94999999999982,141.24999999999983,138.94999999999982,140.74999999999983,2303
1387444500,140.3499999999998,140.99999999999983,137.8999999999998,138.5999999999998,2450
1387530900,138.49999999999983,141.3999999999998,138.3499999999998,140.0999999999998,2007
1387790100,139.8999999999998,142.2999999999998,139.8499999999998,140.6499999999998,1446
1387876500,140.8999999999998,141.5999999999998,138.8999999999998,139.5999999999998,250
1388049300,140.1499999999998,141.3499999999998,139.8999999999998,140.2999999999998,459
1388135700,140.24999999999983,143.19999999999982,140.24999999999983,141.19999999999982,1799
1388394900,141.3499999999998,142.19999999999982,139.19999999999982,139.5499999999998,1217
1388481300,139.0999999999998,139.49999999999983,135.44999999999982,135.5499999999998,2679
1388654100,136.5499999999998,137.0999999999998,135.0999999999998,136.2999999999998,2679
1388740500,136.3499999999998,141.2999999999998,136.2999999999998,141.1499999999998,3197
1388999700,141.0499999999998,146.0999999999998,140.49999999999983,145.74999999999983,5290
1389086100,145.99999999999983,147.24999999999983,141.3999999999998,141.94999999999982,7605
1389172500,142.44999999999982,146.1499999999998,142.3499999999998,145.5999999999998,6428
1389258900,145.5999999999998,146.1499999999998,143.1499999999998,144.0999999999998,4299
1389345300,143.49999999999983,145.69999999999982,142.5999999999998,145.49999999999983,5569
1389604500,145.3499999999998,145.7999999999998,143.74999999999983,144.74999999999983,7440
1389690900,144.74999999999983,145.3499999999998,143.0499999999998,144.0499999999998,7249
1389777300,143.8999999999998,143.99999999999983,140.69999999999982,142.0499999999998,2968
1389863700,142.5499999999998,144.5999999999998,142.19999999999982,143.19999999999982,2830
1389950100,143.0499999999998,143.0499999999998,141.1499999999998,141.94999999999982,2510
1390295700,141.5999999999998,143.3999999999998,139.5499999999998,141.0499999999998,4841
1390382100,140.8999999999998,140.8999999999998,139.0999999999998,139.74999999999983,5815
1390468500,139.8499999999998,141.3499999999998,139.49999999999983,140.0999999999998,5029
1390554900,140.0999999999998,140.0999999999998,138.5499999999998,139.2999999999998,5680
1390814100,139.2999999999998,142.5499999999998,138.0999999999998,138.6499999999998,8489
1390900500,138.3499999999998,139.5999999999998,138.1499999999998,139.3999999999998,10193
1390986900,139.5499999999998,142.3499999999998,138.44999999999982,141.74999999999983,6564
1391073300,141.74999999999983,145.0999999999998,141.74999999999983,144.6499999999998,7471
1391159700,144.49999999999983,150.5999999999998,144.49999999999983,149.7999999999998,16524
1391418900,149.5999999999998,160.8999999999998,149.5499999999998,160.44999999999982,22236
1391505300,160.5999999999998,162.49999999999983,157.69999999999982,160.99999999999983,31103
1391591700,160.6499999999998,168.29999999999978,158.8999999999998,167.69999999999982,21212
1391678100,167.5999999999998,168.69999999999982,159.49999999999983,160.44999999999982,22809
1391764500,158.99999999999983,167.0999999999998,156.94999999999982,160.54999999999978,5994
1392023700,159.54999999999978,162.94999999999982,157.79999999999978,161.1499999999998,4032
1392110100,161.49999999999983,163.19999999999982,160.54999999999978,162.19999999999982,3671
1392196500,162.0999999999998,166.1499999999998,160.49999999999983,165.79999999999978,7369
1392282900,165.69999999999982,167.19999999999982,161.44999999999982,164.69999999999982,5661
1392369300,163.1499999999998,165.54999999999978,162.24999999999983,165.04999999999978,0
1392714900,164.04999999999978,178.8499999999998,164.04999999999978,177.29999999999978,9546
1392801300,176.69999999999982,196.24999999999983,175.6499999999998,195.1499999999998,15003
1392887700,194.79999999999978,199.8999999999998,184.79999999999978,192.0999999999998,14013
1392974100,192.0999999999998,197.1499999999998,190.99999999999983,192.04999999999978,6792
1393233300,192.19999999999982,201.8999999999998,192.19999999999982,198.99999999999983,6722
1393319700,198.19999999999982,203.8499999999998,195.49999999999983,198.99999999999983,4976
1393406100,197.69999999999982,200.69999999999982,193.79999999999978,200.3499999999998,4936
1393492500,201.0999999999998,203.1499999999998,199.0999999999998,201.8999999999998,5049
1393578900,201.44999999999982,203.69999999999982,199.29999999999978,202.94999999999982,6906
1393838100,203.1499999999998,220.44999999999982,199.5999999999998,216.0999999999998,5418
1393924500,216.24999999999983,219.8999999999998,207.54999999999978,208.1499999999998,6023
1394010900,207.8499999999998,226.69999999999982,204.3999999999998,225.04999999999978,6148
1394097300,224.69999999999982,225.3999999999998,215.69999999999982,218.19999999999982,6363
1394183700,217.6499999999998,223.69999999999982,216.8499999999998,219.3999999999998,3442
1394442900,220.8999999999998,229.0999999999998,220.8999999999998,225.8999999999998,3835
1394529300,226.69999999999982,231.3499999999998,225.0999999999998,228.19999999999982,8528
1394615700,228.04999999999978,232.19999999999982,222.99999999999983,227.8499999999998,5995
1394702100,227.54999999999978,229.99999999999983,225.8999999999998,228.49999999999983,3590
1394788500,227.29999999999978,227.3999999999998,219.74999999999983,220.8999999999998,3520
1395047700,220.04999999999978,220.44999999999982,211.24999999999983,213.94999999999982,5748
1395134100,212.69999999999982,219.04999999999978,211.99999999999983,214.0999999999998,2899
1395220500,214.94999999999982,216.29999999999978,206.54999999999978,208.04999999999978,4142
1395306900,206.44999999999982,206.8499999999998,195.0999999999998,196.6499999999998,10265
1395393300,195.1499999999998,198.04999999999978,191.19999999999982,193.74999999999983,6804
1395652500,193.69999999999982,200.0999999999998,188.6499999999998,198.99999999999983,8033
1395738900,199.3499999999998,199.74999999999983,196.44999999999982,197.94999999999982,5323
1395825300,197.49999999999983,202.04999999999978,194.79999999999978,198.69999999999982,10875
1395911700,198.94999999999982,199.3999999999998,196.44999999999982,198.99999999999983,4225
1395998100,199.19999999999982,203.74999999999983,199.19999999999982,203.29999999999978,6701
1396253700,203.19999999999982,203.3499999999998,196.8999999999998,200.69999999999982,7523
1396340100,199.69999999999982,201.6499999999998,197.0999999999998,198.04999999999978,5930
1396426500,196.04999999999978,201.04999999999978,190.69999999999982,195.49999999999983,11440
1396512900,195.49999999999983,197.69999999999982,193.69999999999982,197.3999999999998,7588
1396599300,198.44999999999982,208.24999999999983,197.94999999999982,207.79999999999978,11190
1396858500,208.3999999999998,219.6499999999998,208.3499999999998,216.24999999999983,22392
1396944900,217.69999999999982,225.69999999999982,217.5999999999998,219.3999999999998,17824
1397031300,219.3999999999998,223.1499999999998,213.0999999999998,222.79999999999978,18638
1397117700,222.79999999999978,230.69999999999976,222.79999999999978,229.1499999999998,5813
1397204100,229.0999999999998,231.54999999999978,222.99999999999977,224.3499999999998,4593
1397463300,221.19999999999976,228.69999999999976,218.24999999999977,228.24999999999977,4802
1397549700,228.74999999999977,230.54999999999978,215.3999999999998,215.8499999999998,3416
1397636100,215.3499999999998,222.94999999999976,209.29999999999978,209.69999999999976,6950
1397722500,211.8999999999998,225.24999999999977,210.3999999999998,224.94999999999976,3464
1398068100,225.74999999999977,226.5999999999998,219.1499999999998,219.99999999999977,974
1398154500,220.8499999999998,236.3999999999998,220.8499999999998,234.1499999999998,4687
1398240900,233.6499999999998,239.3499999999998,232.94999999999976,234.69999999999976,2030
1398327300,233.49999999999977,237.0999999999998,227.94999999999976,235.5999999999998,2575
1398413700,234.5999999999998,234.5999999999998,225.24999999999977,227.79999999999978,2452
1398672900,226.5999999999998,227.3499999999998,221.3999999999998,221.8999999999998,2591
1398759300,222.1499999999998,233.24999999999977,215.24999999999977,232.5999999999998,3579
1398845700,230.94999999999976,231.5999999999998,223.0999999999998,226.49999999999977,2127
1398932100,225.99999999999977,228.74999999999977,223.74999999999977,224.99999999999977,3778
1399018500,226.74999999999977,227.8499999999998,221.8499999999998,224.04999999999978,2598
1399277700,221.74999999999977,229.54999999999978,219.0999999999998,226.0999999999998,2083
1399364100,225.54999999999978,227.74999999999977,222.24999999999977,223.19999999999976,4163
1399450500,222.99999999999977,228.19999999999976,220.8999999999998,221.8999999999998,3405
1399536900,220.8499999999998,221.74999999999977,216.24999999999977,216.44999999999976,4905
1399623300,216.24999999999977,217.1499999999998,204.3999999999998,204.8999999999998,9201
1399882500,205.29999999999978,210.74999999999977,203.74999999999977,210.24999999999977,2294
1399968900,209.8499999999998,211.8999999999998,206.94999999999976,207.94999999999976,5092
1400055300,208.19999999999976,208.74999999999977,203.94999999999976,205.19999999999976,2994
1400141700,206.49999999999977,218.49999999999977,206.49999999999977,217.79999999999978,5511
1400228100,216.74999999999977,216.74999999999977,205.24999999999977,206.04999999999978,3793
1400487300,206.24999999999977,208.69999999999976,204.04999999999978,204.49999999999977,3112
1400573700,204.79999999999978,207.3499999999998,201.24999999999977,206.69999999999976,11821
1400660100,205.74999999999977,207.19999999999976,201.94999999999976,202.44999999999976,6734
1400746500,200.74999999999977,204.04999999999978,197.79999999999978,202.44999999999976,4483
1400832900,202.74999999999977,205.24999999999977,201.79999999999978,202.99999999999977,0
1401178500,202.8499999999998,203.6499999999998,198.74999999999977,200.44999999999976,5419
1401264900,199.0999999999998,200.24999999999977,191.99999999999977,197.29999999999978,8490
1401351300,197.8999999999998,203.99999999999977,197.8999999999998,203.0999999999998,6827
1401437700,202.24999999999977,202.24999999999977,195.8499999999998,198.6499999999998,7500
1401696900,198.3499999999998,200.44999999999976,193.24999999999977,193.49999999999977,5514
1401783300,193.0999999999998,195.44999999999976,188.54999999999978,192.3499999999998,11086
1401869700,191.49999999999977,192.8499999999998,188.6499999999998,191.3499999999998,6426
1401956100,190.24999999999977,192.04999999999978,189.24999999999977,190.3999999999998,8304
1402042500,189.94999999999976,195.04999999999978,189.44999999999976,193.3999999999998,12258
1402301700,193.29999999999978,193.29999999999978,186.44999999999976,186.69999999999976,13294
1402388100,187.04999999999978,189.1499999999998,186.54999999999978,187.04999999999978,16030
1402474500,187.74999999999977,194.8999999999998,187.49999999999977,193.04999999999978,19195
1402560900,193.0999999999998,194.24999999999983,189.44999999999982,193.44999999999982,5247
1402647300,192.3999999999998,201.19999999999982,192.3999999999998,195.29999999999978,2900
1402906500,194.8999999999998,198.1499999999998,193.79999999999978,194.5999999999998,2340
1402992900,194.29999999999978,194.44999999999982,188.5999999999998,190.8499999999998,5699
1403079300,189.8999999999998,192.3499999999998,187.8499999999998,188.74999999999983,1707
1403165700,188.69999999999982,189.44999999999982,185.49999999999983,187.94999999999982,2860
1403252100,188.99999999999983,197.54999999999978,188.94999999999982,194.3499999999998,2288
1403511300,193.8499999999998,196.5999999999998,193.8499999999998,196.3499999999998,4008
1403597700,196.5999999999998,197.0999999999998,191.3999999999998,195.1499999999998,1686
1403684100,195.1499999999998,201.94999999999982,193.74999999999983,200.94999999999982,2282
1403770500,199.5999999999998,200.5999999999998,197.8499999999998,199.69999999999982,1318
1403856900,200.54999999999978,203.74999999999983,190.5999999999998,191.3999999999998,3258
1404116100,192.44999999999982,194.24999999999983,188.94999999999982,194.04999999999978,2663
1404202500,194.0999999999998,194.0999999999998,188.8999999999998,189.8999999999998,2638
1404288900,189.99999999999983,192.94999999999982,189.8499999999998,192.29999999999978,2839
1404375300,192.8499999999998,194.0999999999998,190.69999999999982,190.79999999999978,2108
1404720900,191.3499999999998,191.8499999999998,185.1499999999998,190.0999999999998,4263
1404807300,189.6499999999998,193.3499999999998,188.99999999999983,191.8499999999998,3635
1404893700,193.24999999999983,193.79999999999978,190.44999999999982,191.79999999999978,1791
1404980100,191.94999999999982,192.1499999999998,181.8499999999998,181.99999999999983,5706
1405066500,183.24999999999983,183.79999999999978,178.6499999999998,180.49999999999983,6505
1405325700,180.24999999999983,183.69999999999982,180.1499999999998,183.44999999999982,3239
1405412100,183.6499999999998,183.6499999999998,178.44999999999982,181.04999999999978,3184
1405498500,181.1499999999998,182.54999999999978,180.5999999999998,181.6499999999998,1792
1405584900,181.8499999999998,184.5999999999998,180.3499999999998,183.04999999999978,2717
1405671300,182.8999999999998,191.74999999999983,182.5999999999998,191.5999999999998,2955
1405930500,190.8499999999998,192.8499999999998,187.94999999999982,191.99999999999983,2930
1406016900,191.69999999999982,192.54999999999978,185.6499999999998,187.44999999999982,4173
1406103300,187.74999999999983,197.49999999999983,186.19999999999982,195.69999999999982,4267
1406189700,195.3499999999998,199.3499999999998,195.04999999999978,197.29999999999978,5554
1406276100,197.24999999999983,200.1499999999998,195.54999999999978,198.1499999999998,4574
1406535300,197.5999999999998,202.44999999999982,197.1499999999998,200.29999999999978,9710
1406621700,200.29999999999978,201.3499999999998,197.5999999999998,199.94999999999982,7553
1406708100,199.8499999999998,202.3499999999998,198.94999999999982,201.69999999999982,4179
1406794500,202.3999999999998,215.3499999999998,202.3999999999998,214.0999999999998,12634
1406880900,214.04999999999978,226.44999999999982,210.69999999999982,211.44999999999982,14849
1407140100,210.8499999999998,214.49999999999983,202.54999999999978,209.74999999999983,8683
1407226500,209.69999999999982,214.3499999999998,206.99999999999983,208.74999999999983,9710
1407312900,208.6499999999998,211.8999999999998,205.29999999999978,210.19999999999982,11801
1407399300,210.19999999999982,210.54999999999978,203.1499999999998,203.49999999999983,17897
1407485700,203.24999999999983,205.79999999999978,198.94999999999982,200.3999999999998,15568
1407744900,201.49999999999983,209.04999999999984,201.49999999999983,208.74999999999983,2881
1407831300,208.24999999999983,208.24999999999983,202.74999999999983,204.34999999999985,3138
1407917700,204.3999999999998,207.8999999999998,204.3999999999998,205.1499999999998,2677
1408004100,205.09999999999985,207.04999999999984,200.84999999999985,203.94999999999982,2204
1408090500,203.09999999999985,208.84999999999985,202.34999999999985,208.59999999999985,1620
1408349700,207.04999999999984,210.24999999999983,206.04999999999984,208.59999999999985,1408
1408436100,207.1499999999998,209.09999999999985,201.44999999999982,201.6499999999998,1921
1408522500,202.79999999999984,204.79999999999984,198.59999999999985,204.44999999999982,1823
1408608900,204.79999999999984,207.3999999999998,201.6499999999998,205.1499999999998,1533
1408695300,204.19999999999982,206.49999999999983,202.49999999999983,202.94999999999982,1416
1408954500,202.79999999999984,205.44999999999982,200.99999999999983,203.19999999999982,2299
1409040900,203.74999999999983,213.29999999999984,203.69999999999982,212.99999999999983,3063
1409127300,213.79999999999984,218.24999999999983,211.84999999999985,213.84999999999985,5831
1409213700,213.84999999999985,217.79999999999984,212.29999999999984,215.69999999999982,5141
1409300100,216.29999999999984,217.49999999999983,213.34999999999985,216.8999999999998,2646
1409645700,217.44999999999982,225.54999999999984,217.44999999999982,225.19999999999982,4161
1409732100,223.79999999999984,224.04999999999984,216.79999999999984,218.04999999999984,3772
1409818500,217.1499999999998,220.79999999999984,211.1499999999998,218.24999999999983,2499
1409904900,218.59999999999985,218.59999999999985,213.24999999999983,213.8999999999998,2207
1410164100,213.04999999999984,213.79999999999984,208.29999999999984,210.29999999999984,5064
1410250500,209.99999999999983,211.84999999999985,207.49999999999983,208.3999999999998,4254
1410336900,207.24999999999983,209.69999999999982,196.29999999999984,197.09999999999985,5785
1410423300,198.29999999999984,201.69999999999982,197.79999999999984,201.29999999999984,7679
1410509700,201.59999999999985,201.69999999999982,196.44999999999982,200.3999999999998,4833
1410768900,199.54999999999984,200.04999999999984,197.19999999999982,198.09999999999985,3254
1410855300,198.09999999999985,203.79999999999984,196.79999999999984,201.1499999999998,5530
1410941700,201.1499999999998,202.3999999999998,199.04999999999984,200.79999999999984,1584
1411028100,202.04999999999984,202.69999999999982,196.79999999999984,197.1499999999998,2472
1411114500,196.79999999999984,198.6499999999998,192.3999999999998,193.99999999999983,4785
1411373700,194.19999999999982,195.74999999999983,192.3999999999998,195.34999999999985,3104
1411460100,195.79999999999984,200.6499999999998,195.3999999999998,196.84999999999985,3787
1411546500,197.1499999999998,205.59999999999985,196.94999999999982,205.04999999999984,3513
1411632900,202.19999999999982,203.24999999999983,195.34999999999985,198.29999999999984,3142
1411719300,197.24999999999983,204.09999999999985,196.49999999999983,202.04999999999984,2094
1411978500,201.49999999999983,207.84999999999985,201.24999999999983,207.19999999999982,2436
1412064900,207.29999999999984,213.24999999999983,204.69999999999982,209.24999999999983,3583
1412151300,209.24999999999983,217.69999999999982,209.24999999999983,216.29999999999984,6495
1412237700,216.29999999999984,229.29999999999984,216.19999999999982,224.29999999999984,10052
1412324100,224.29999999999984,227.09999999999985,221.19999999999982,222.09999999999985,5603
1412583300,223.79999999999984,240.79999999999984,223.79999999999984,236.24999999999983,8078
1412669700,237.19999999999982,239.8999999999998,230.74999999999983,231.99999999999983,5304
1412756100,231.29999999999984,236.8999999999998,226.59999999999985,230.09999999999985,6063
1412842500,229.3999999999998,237.8999999999998,229.3999999999998,237.24999999999983,3066
1412928900,236.8999999999998,239.29999999999984,234.34999999999985,235.99999999999983,2833
1413188100,236.8999999999998,240.8999999999998,233.44999999999982,233.79999999999984,4089
1413274500,233.19999999999982,238.19999999999982,231.99999999999983,237.54999999999984,3480
1413360900,238.04999999999984,240.19999999999982,230.29999999999984,231.69999999999982,5681
1413447300,232.99999999999983,236.29999999999984,232.04999999999984,232.84999999999985,3578
1413533700,230.94999999999982,232.24999999999983,224.29999999999984,226.3999999999998,4497
1413792900,221.79999999999984,221.79999999999984,213.09999999999985,215.29999999999984,6810
1413879300,212.79999999999984,217.19999999999982,207.79999999999984,215.54999999999984,7599
1413965700,215.54999999999984,216.84999999999985,206.79999999999984,207.09999999999985,4671
1414052100,208.09999999999985,210.79999999999984,205.29999999999984,209.29999999999984,7003
1414138500,209.6499999999998,209.6499999999998,204.49999999999983,207.54999999999984,8632
1414401300,204.79999999999984,208.19999999999982,204.29999999999984,206.94999999999982,6812
1414487700,207.29999999999984,208.79999999999984,204.8999999999998,208.44999999999982,7067
1414574100,207.3999999999998,209.79999999999984,205.59999999999985,205.74999999999983,6444
1414660500,205.59999999999985,207.04999999999984,202.44999999999982,203.79999999999984,13671
1414746900,204.59999999999985,205.99999999999983,201.8999999999998,204.09999999999985,10044
1415006100,204.59999999999985,208.79999999999984,201.79999999999984,201.94999999999982,9239
1415092500,201.79999999999984,205.49999999999983,198.19999999999982,204.29999999999984,12773
1415178900,204.54999999999984,204.54999999999984,200.04999999999984,202.34999999999985,10819
1415265300,202.34999999999985,203.19999999999982,199.34999999999985,199.79999999999984,10535
1415351700,199.79999999999984,201.19999999999982,198.34999999999985,198.54999999999984,14899
1415610900,199.29999999999984,202.3999999999998,197.24999999999983,197.54999999999984,3529
1415697300,198.8999999999998,200.6499999999998,197.6499999999998,200.49999999999983,3670
1415783700,200.44999999999982,202.44999999999982,199.24999999999983,200.44999999999982,2811
1415870100,200.59999999999985,206.04999999999984,200.59999999999985,204.84999999999985,2278
1415956500,205.04999999999984,209.34999999999985,205.04999999999984,208.09999999999985,3342
1416215700,209.04999999999984,209.54999999999984,202.29999999999984,203.54999999999984,1698
1416302100,203.8999999999998,205.94999999999982,202.1499999999998,204.59999999999985,3202
1416388500,204.79999999999984,212.69999999999982,204.79999999999984,210.74999999999983,3562
1416474900,210.1499999999998,210.1499999999998,200.29999999999984,200.49999999999983,3198
1416561300,200.79999999999984,203.29999999999984,199.19999999999982,202.3999999999998,2743
1416820500,202.8999999999998,209.34999999999985,201.49999999999983,202.19999999999982,1625
1416906900,202.3999999999998,207.94999999999982,200.29999999999984,206.6499999999998,4918
1416993300,206.59999999999985,207.34999999999985,203.94999999999982,205.8999999999998,1298
1417166100,204.54999999999984,205.69999999999982,198.29999999999984,199.19999999999982,2405
1417425300,198.6499999999998,202.49999999999983,195.69999999999982,202.19999999999982,4575
1417511700,200.79999999999984,201.8999999999998,194.99999999999983,195.19999999999982,2181
1417598100,196.29999999999984,197.54999999999984,194.79999999999984,195.44999999999982,2677
1417684500,195.69999999999982,197.04999999999984,193.04999999999984,194.29999999999984,1960
1417770900,195.1499999999998,195.1499999999998,190.79999999999984,191.94999999999982,4871
1418030100,192.49999999999983,192.94999999999982,188.84999999999985,189.8999999999998,2543
1418116500,190.19999999999982,193.34999999999985,188.79999999999984,192.24999999999983,2772
1418202900,192.34999999999985,193.59999999999985,188.84999999999985,190.29999999999984,3685
1418289300,188.99999999999983,190.44999999999982,186.79999999999984,188.24999999999983,5281
1418375700,188.94999999999982,188.94999999999982,185.49999999999983,185.84999999999985,3004
1418634900,185.6499999999998,190.8999999999998,185.3999999999998,190.49999999999983,1302
1418721300,189.49999999999983,191.24999999999983,186.6499999999998,189.49999999999983,1837
1418807700,189.29999999999984,190.49999999999983,183.04999999999984,183.74999999999983,3035
1418894100,184.3999999999998,186.3999999999998,183.69999999999982,186.24999999999983,1538
1418980500,186.49999999999983,189.3999999999998,186.19999999999982,186.54999999999984,1855
1419239700,186.79999999999984,188.1499999999998,182.99999999999983,184.04999999999984,2115
1419326100,184.29999999999984,185.44999999999982,182.49999999999983,182.8999999999998,2638
1419412500,183.99999999999983,183.99999999999983,181.74999999999983,182.09999999999985,1306
1419585300,183.29999999999984,184.54999999999984,179.69999999999982,180.54999999999984,1252
1419844500,180.19999999999982,180.54999999999984,176.6499999999998,177.09999999999985,2413
1419930900,177.3999999999998,178.29999999999984,176.59999999999985,176.79999999999984,2263
1420017300,176.74999999999983,183.19999999999982,175.99999999999983,178.59999999999985,2110
1420190100,177.74999999999983,178.79999999999984,172.19999999999982,173.04999999999984,2580
1420449300,173.59999999999985,180.59999999999985,172.04999999999984,180.04999999999984,3444
1420535700,180.04999999999984,187.29999999999984,180.04999999999984,186.84999999999985,4384
1420622100,187.44999999999982,194.69999999999982,185.09999999999985,187.04999999999984,9238
1420708500,187.19999999999982,194.29999999999984,186.44999999999982,188.84999999999985,4449
1420794900,189.3999999999998,195.69999999999982,189.3999999999998,191.99999999999983,7065
1421054100,193.29999999999984,196.69999999999982,187.29999999999984,188.69999999999982,9580
1421140500,188.74999999999983,190.8999999999998,185.99999999999983,188.94999999999982,6953
1421226900,189.94999999999982,196.69999999999982,189.94999999999982,191.84999999999985,5154
1421313300,192.1499999999998,194.69999999999982,187.19999999999982,188.59999999999985,6628
1421399700,189.29999999999984,189.34999999999985,182.34999999999985,182.94999999999982,0
1421745300,182.79999999999984,184.29999999999984,175.8999999999998,176.29999999999984,8221
1421831700,178.29999999999984,178.6499999999998,173.09999999999985,173.24999999999983,6466
1421918100,174.19999999999982,175.54999999999984,171.74999999999983,171.94999999999982,6760
1422004500,173.29999999999984,174.8999999999998,171.44999999999982,174.44999999999982,5526
1422263700,174.29999999999984,177.19999999999982,172.94999999999982,173.84999999999985,8551
1422350100,174.3999999999998,180.49999999999983,173.74999999999983,180.19999999999982,5285
1422436500,179.49999999999983,181.84999999999985,177.69999999999982,179.69999999999982,7290
1422522900,179.34999999999985,179.99999999999983,170.79999999999984,172.04999999999984,10316
1422609300,172.04999999999984,174.29999999999984,171.29999999999984,173.94999999999982,5164
1422868500,174.04999999999984,175.59999999999985,171.79999999999984,174.54999999999984,9216
1422954900,174.6499999999998,175.44999999999982,170.49999999999983,172.8999999999998,11184
1423041300,173.49999999999983,179.04999999999984,172.29999999999984,176.99999999999983,7550
1423127700,176.74999999999983,178.34999999999985,175.44999999999982,176.84999999999985,9554
1423214100,177.29999999999984,181.79999999999984,177.1499999999998,178.8999999999998,19932
1423473300,179.1499999999998,179.8499999999998,175.8999999999998,179.69999999999982,2228
1423559700,178.94999999999982,181.1499999999998,171.0999999999998,171.54999999999984,6296
1423646100,172.6499999999998,173.3999999999998,171.19999999999982,171.49999999999983,4132
1423732500,171.49999999999983,176.94999999999982,171.3999999999998,176.69999999999982,5025
1423818900,176.94999999999982,177.69999999999982,174.29999999999984,175.79999999999984,5631
1424164500,176.79999999999984,178.24999999999983,167.04999999999984,168.19999999999982,10378
1424250900,170.6499999999998,170.6499999999998,165.6499999999998,166.3499999999998,3908
1424337300,166.5999999999998,166.94999999999982,161.94999999999982,162.0999999999998,7017
1424423700,163.0999999999998,164.0999999999998,160.3499999999998,162.3999999999998,4838
1424682900,161.94999999999982,163.1499999999998,157.44999999999982,157.74999999999983,7285
1424769300,158.3999999999998,159.19999999999982,157.29999999999984,158.44999999999982,2598
1424855700,158.8999999999998,161.19999999999982,151.8999999999998,152.99999999999983,7055
1424942100,153.6499999999998,154.3499999999998,149.8499999999998,150.0999999999998,3484
1425028500,151.0999999999998,153.3999999999998,149.79999999999984,150.1499999999998,12253
1425287700,151.0999999999998,152.04999999999984,147.5999999999998,147.99999999999983,6090
1425374100,148.44999999999982,148.8499999999998,138.6499999999998,139.49999999999983,9804
1425460500,140.04999999999984,148.24999999999983,139.94999999999982,147.29999999999984,9068
1425546900,147.6499999999998,147.6499999999998,143.0999999999998,144.79999999999984,4444
1425633300,144.94999999999982,149.74999999999983,142.8999999999998,149.6499999999998,4621
1425892500,149.74999999999983,151.8999999999998,143.8999999999998,146.74999999999983,5225
1425978900,145.79999999999984,146.6499999999998,143.6499999999998,144.8999999999998,7508
1426065300,144.79999999999984,146.8999999999998,141.1499999999998,141.69999999999982,6631
1426151700,141.54999999999984,144.49999999999983,139.94999999999982,142.0999999999998,6877
1426238100,142.5999999999998,143.8999999999998,138.69999999999982,139.79999999999984,4059
1426497300,140.44999999999982,149.69999999999982,140.44999999999982,147.99999999999983,4561
1426583700,148.0999999999998,149.0999999999998,144.19999999999982,148.04999999999984,3022
1426670100,146.69999999999982,151.3999999999998,143.1499999999998,149.99999999999983,5205
1426756500,150.54999999999984,156.6499999999998,150.0999999999998,153.99999999999983,7611
1426842900,153.1499999999998,153.79999999999984,150.49999999999983,153.29999999999984,3219
1427102100,151.6499999999998,154.1499999999998,149.44999999999982,151.79999999999984,2845
1427188500,152.0999999999998,155.24999999999983,146.19999999999982,147.19999999999982,8781
1427274900,147.19999999999982,152.19999999999982,145.99999999999983,149.8499999999998,12105
1427361300,149.6499999999998,152.5999999999998,148.19999999999982,150.1499999999998,5886
1427447700,149.94999999999982,150.6499999999998,146.44999999999982,148.1499999999998,7265
1427703300,148.3999999999998,148.69999999999982,141.74999999999983,142.29999999999984,7106
1427789700,143.1499999999998,145.79999999999984,141.79999999999984,142.74999999999983,8097
1427876100,143.54999999999984,149.6499999999998,143.1499999999998,144.69999999999982,6806
1427962500,144.0999999999998,150.94999999999982,144.04999999999984,150.3999999999998,19826
1428308100,150.0999999999998,156.49999999999983,149.74999999999983,155.49999999999983,16100
1428394500,154.6499999999998,155.1499999999998,150.74999999999983,151.49999999999983,11584
1428480900,150.94999999999982,153.74999999999983,144.8499999999998,145.3999999999998,17072
1428567300,146.29999999999984,147.29999999999984,143.3499999999998,146.74999999999983,4195
1428653700,146.6499999999998,147.3999999999998,143.3999999999998,144.49999999999983,7384
1428912900,144.8999999999998,146.99999999999983,142.24999999999983,142.79999999999984,5583
1428999300,142.79999999999984,144.69999999999982,140.99999999999983,143.19999999999982,5287
1429085700,143.1499999999998,145.5999999999998,141.94999999999982,143.74999999999983,3428
1429172100,144.29999999999984,148.94999999999982,143.94999999999982,147.79999999999984,2549
1429258500,147.29999999999984,149.54999999999984,145.99999999999983,147.74999999999983,2220
1429517700,147.29999999999984,148.99999999999983,143.1499999999998,147.69999999999982,2396
1429604100,148.24999999999983,151.79999999999984,147.0999999999998,149.19999999999982,2167
1429690500,148.49999999999983,153.54999999999984,148.49999999999983,150.04999999999984,3871
1429776900,149.0999999999998,151.69999999999982,147.49999999999983,147.8499999999998,3390
1429863300,148.54999999999984,150.29999999999984,147.8499999999998,148.54999999999984,4292
1430122500,148.19999999999982,148.49999999999983,141.1499999999998,143.54999999999984,5480
1430208900,144.04999999999984,145.24999999999983,142.1499999999998,145.0999999999998,5493
1430295300,144.94999999999982,145.8499999999998,142.19999999999982,145.54999999999984,2770
1430381700,145.49999999999983,149.99999999999983,142.49999999999983,143.8999999999998,3674
1430468100,143.8999999999998,144.54999999999984,139.1499999999998,140.6499999999998,4628
1430727300,140.49999999999983,141.3499999999998,138.0999999999998,139.3999999999998,4122
1430813700,139.8999999999998,140.94999999999982,138.54999999999984,140.0999999999998,2327
1430900100,139.69999999999982,140.54999999999984,135.74999999999983,136.49999999999983,6298
1430986500,137.74999999999983,138.8499999999998,136.24999999999983,138.24999999999983,4732
1431072900,138.3999999999998,142.8499999999998,138.24999999999983,141.0999999999998,4324
1431332100,140.3499999999998,141.5999999999998,139.0999999999998,140.6499999999998,4987
1431418500,140.74999999999983,142.3499999999998,139.54999999999984,141.54999999999984,11784
1431504900,142.04999999999984,142.19999999999982,139.04999999999984,141.5999999999998,7684
1431591300,141.5999999999998,144.3999999999998,140.19999999999982,143.69999999999982,2612
1431677700,143.54999999999984,145.3999999999998,142.04999999999984,144.3999999999998,2946
1431936900,144.54999999999984,149.6499999999998,143.74999999999983,149.3999999999998,6373
1432023300,149.24999999999983,149.99999999999983,144.44999999999982,146.0999999999998,5933
1432109700,145.99999999999983,147.69999999999982,141.99999999999983,142.44999999999982,6346
1432196100,142.54999999999984,143.04999999999984,134.49999999999983,134.99999999999983,11476
1432282500,135.74999999999983,136.19999999999982,132.3999999999998,133.54999999999984,12104
1432628100,134.54999999999984,135.1499999999998,130.1499999999998,130.5999999999998,15789
1432714500,131.1499999999998,133.19999999999982,130.0499999999998,130.94999999999982,10717
1432800900,131.6499999999998,133.49999999999983,130.24999999999983,131.5499999999998,6408
1432887300,131.99999999999983,133.1499999999998,130.74999999999983,132.3499999999998,6679
1433146500,133.79999999999984,138.19999999999982,133.79999999999984,135.79999999999984,9729
1433232900,135.54999999999984,139.8999999999998,135.04999999999984,138.79999999999984,12062
1433319300,138.3999999999998,141.0999999999998,136.8499999999998,140.54999999999984,14641
1433405700,140.29999999999984,143.04999999999984,139.49999999999983,141.79999999999984,9859
1433492100,141.24999999999983,142.3999999999998,138.99999999999983,141.1499999999998,14981
1433751300,140.44999999999982,143.29999999999984,140.19999999999982,142.49999999999983,18031
1433837700,142.29999999999984,143.5999999999998,139.44999999999982,143.29999999999984,21193
1433924100,143.3499999999998,144.74999999999983,141.3999999999998,142.29999999999984,24310
1434010500,141.24999999999983,141.54999999999984,137.39999999999986,138.39999999999986,4329
1434096900,138.39999999999986,141.49999999999983,137.14999999999986,138.34999999999985,3298
1434356100,137.64999999999986,137.64999999999986,133.64999999999986,134.29999999999984,4354
1434442500,135.14999999999986,136.94999999999982,134.49999999999983,135.99999999999983,2122
1434528900,135.79999999999984,136.39999999999986,133.34999999999985,133.44999999999982,4544
1434615300,134.44999999999982,137.34999999999985,133.79999999999984,136.04999999999984,3285
1434701700,136.04999999999984,136.99999999999983,132.04999999999984,134.24999999999983,4184
1434960900,133.99999999999983,136.84999999999985,133.44999999999982,136.64999999999986,2175
1435047300,136.19999999999982,138.94999999999982,132.89999999999986,133.84999999999985,3268
1435133700,134.04999999999984,139.84999999999985,134.04999999999984,138.99999999999983,5008
1435220100,138.19999999999982,140.14999999999986,135.04999999999984,139.04999999999984,7563
1435306500,138.59999999999985,141.74999999999983,135.84999999999985,137.34999999999985,4020
1435565700,136.59999999999985,137.74999999999983,133.19999999999982,136.34999999999985,2717
1435652100,136.89999999999986,137.54999999999984,133.79999999999984,136.34999999999985,4631
1435738500,134.39999999999986,136.89999999999986,130.84999999999985,131.09999999999985,9990
1435824900,131.69999999999982,132.49999999999983,130.49999999999983,131.49999999999983,3965
1436170500,131.39999999999986,132.24999999999983,129.14999999999986,129.29999999999984,4696
1436256900,129.84999999999985,130.34999999999985,127.74999999999984,128.69999999999982,7630
1436343300,128.64999999999986,129.49999999999983,127.74999999999984,128.74999999999983,4547
1436429700,129.54999999999984,131.19999999999982,128.14999999999984,129.09999999999985,3912
1436516100,129.54999999999984,130.84999999999985,128.99999999999983,130.04999999999984,3521
1436775300,131.34999999999985,133.49999999999983,131.29999999999984,132.54999999999984,4983
1436861700,132.54999999999984,136.24999999999983,132.04999999999984,135.69999999999982,4540
1436948100,134.94999999999982,135.84999999999985,131.49999999999983,133.49999999999983,2894
1437034500,132.99999999999983,133.94999999999982,131.29999999999984,132.69999999999982,2136
1437120900,132.34999999999985,133.34999999999985,131.29999999999984,132.24999999999983,2783
1437380100,131.34999999999985,133.89999999999986,130.54999999999984,131.34999999999985,3796
1437466500,131.24999999999983,131.84999999999985,129.74999999999983,129.89999999999986,3154
1437552900,130.29999999999984,131.74999999999983,128.39999999999986,128.89999999999986,3975
1437639300,129.44999999999982,130.14999999999986,125.09999999999984,125.39999999999984,9094
1437725700,125.89999999999984,128.29999999999984,124.44999999999983,125.99999999999984,6918
1437984900,125.89999999999984,125.94999999999983,123.34999999999984,123.99999999999984,10561
1438071300,123.74999999999984,125.99999999999984,123.34999999999984,123.59999999999984,9745
1438157700,124.09999999999984,126.34999999999984,123.54999999999984,125.59999999999984,7017
1438244100,125.84999999999984,128.74999999999983,125.44999999999983,128.44999999999982,7039
1438330500,128.74999999999983,131.14999999999986,127.84999999999984,128.84999999999985,9629
1438589700,128.44999999999982,128.74999999999983,125.34999999999984,127.49999999999984,10828
1438676100,127.34999999999984,129.64999999999986,126.59999999999984,128.39999999999986,12068
1438762500,127.84999999999984,129.84999999999985,126.74999999999984,129.34999999999985,15032
1438848900,128.84999999999985,131.74999999999983,127.34999999999984,127.69999999999983,13463
1438935300,127.64999999999984,132.14999999999986,127.04999999999984,131.19999999999982,20644
1439194500,130.84999999999985,137.19999999999982,130.54999999999984,136.84999999999985,3038
1439280900,136.94999999999982,140.74999999999983,136.94999999999982,140.59999999999985,6266
1439367300,140.84999999999985,141.1499999999998,135.1499999999998,135.49999999999983,4453
1439453700,135.59999999999985,141.74999999999983,135.49999999999983,140.84999999999985,4916
1439540100,141.74999999999983,142.74999999999983,140.04999999999984,141.44999999999982,3863
1439799300,139.69999999999982,141.44999999999982,138.44999999999982,138.8999999999998,3267
1439885700,138.79999999999984,140.44999999999982,137.34999999999985,139.44999999999982,2827
1439972100,140.84999999999985,140.99999999999983,134.8999999999998,135.19999999999982,4654
1440058500,135.24999999999983,135.74999999999983,132.44999999999982,132.8999999999998,3602
1440144900,133.1499999999998,133.29999999999984,126.09999999999984,126.94999999999983,6827
1440404100,126.84999999999984,126.84999999999984,121.54999999999983,122.19999999999983,6398
1440490500,123.44999999999983,124.79999999999983,120.79999999999983,120.99999999999983,6774
1440576900,121.34999999999984,123.64999999999984,120.69999999999983,122.54999999999983,5554
1440663300,122.99999999999983,126.34999999999984,122.89999999999984,124.94999999999983,3198
1440749700,125.59999999999984,125.89999999999982,123.29999999999983,124.44999999999983,2920
1441008900,125.89999999999982,127.14999999999982,122.19999999999983,124.69999999999983,2724
1441095300,124.64999999999984,125.14999999999982,120.99999999999983,121.24999999999983,3745
1441181700,121.34999999999984,122.09999999999984,118.59999999999984,118.79999999999983,9877
1441268100,119.34999999999984,120.74999999999983,118.29999999999983,119.99999999999983,4659
1441354500,120.19999999999983,121.74999999999983,119.04999999999983,119.54999999999983,1556
1441700100,119.89999999999984,122.04999999999983,119.14999999999984,121.39999999999984,2107
1441786500,121.04999999999983,122.69999999999983,119.54999999999983,121.49999999999983,3585
1441872900,120.34999999999984,120.54999999999983,116.64999999999984,116.84999999999984,8619
1441959300,117.34999999999984,118.44999999999983,116.44999999999983,116.94999999999983,4929
1442218500,117.44999999999983,121.49999999999983,117.44999999999983,120.59999999999984,6477
1442304900,120.44999999999983,121.64999999999984,118.14999999999984,118.99999999999983,3716
1442391300,118.84999999999984,120.04999999999983,117.84999999999984,118.44999999999983,1785
1442477700,118.44999999999983,119.39999999999984,117.04999999999983,118.89999999999984,4039
1442564100,119.24999999999983,120.59999999999984,117.24999999999983,118.74999999999983,3765
1442823300,118.49999999999983,119.94999999999983,116.79999999999983,117.54999999999983,4397
1442909700,117.24999999999983,117.44999999999983,115.44999999999983,115.69999999999983,4470
1442996100,115.94999999999983,117.29999999999983,114.99999999999983,116.39999999999984,5535
1443082500,115.94999999999983,119.59999999999984,114.74999999999983,118.44999999999983,5160
1443168900,120.34999999999984,123.54999999999983,120.14999999999984,122.84999999999984,5513
1443428100,122.69999999999983,122.74999999999983,118.74999999999983,119.39999999999984,2665
1443514500,119.39999999999984,122.89999999999984,118.19999999999983,120.89999999999984,5141
1443600900,121.19999999999983,122.59999999999984,118.94999999999983,121.34999999999984,3459
1443687300,121.24999999999983,122.44999999999983,119.14999999999984,120.79999999999983,2591
1443773700,121.14999999999984,125.19999999999983,119.49999999999983,124.29999999999983,4964
1444032900,124.69999999999983,129.6499999999998,124.29999999999983,127.64999999999982,4880
1444119300,127.29999999999983,129.04999999999984,126.19999999999983,128.1499999999998,8092
1444205700,127.79999999999983,130.3999999999998,124.69999999999983,126.19999999999983,5964
1444292100,126.09999999999984,128.94999999999982,125.39999999999982,128.6499999999998,5964
1444378500,129.04999999999984,134.34999999999985,129.04999999999984,131.84999999999985,8124
1444637700,132.09999999999985,137.79999999999984,132.09999999999985,134.79999999999984,7504
1444724100,134.8999999999998,137.3999999999998,133.44999999999982,134.69999999999982,7180
1444810500,134.69999999999982,137.84999999999985,134.19999999999982,134.99999999999983,7596
1444896900,134.6499999999998,136.29999999999984,132.69999999999982,134.04999999999984,7596
1444983300,132.94999999999982,132.94999999999982,125.39999999999982,126.14999999999982,6348
1445242500,126.14999999999982,126.44999999999983,123.79999999999983,124.24999999999983,4495
1445328900,124.24999999999983,125.69999999999983,123.59999999999984,125.04999999999983,5313
1445415300,125.19999999999983,125.19999999999983,120.84999999999984,121.29999999999983,5817
1445501700,121.79999999999983,122.39999999999984,119.99999999999983,120.09999999999984,5817
1445588100,120.09999999999984,120.94999999999983,117.94999999999983,118.74999999999983,5424
1445850900,118.69999999999983,119.24999999999983,116.64999999999984,117.64999999999984,11493
1445937300,118.64999999999984,118.69999999999983,116.94999999999983,117.54999999999983,7461
1446023700,117.94999999999983,120.14999999999984,117.24999999999983,119.39999999999984,5293
1446110100,119.94999999999983,120.79999999999983,118.49999999999983,120.59999999999984,5293
1446196500,121.34999999999984,122.19999999999983,119.44999999999983,121.19999999999983,8531
1446455700,121.49999999999983,121.69999999999983,118.29999999999983,119.09999999999984,10014
1446542100,118.74999999999983,121.94999999999983,118.09999999999984,120.54999999999983,8753
1446628500,120.24999999999983,122.59999999999984,120.14999999999984,120.84999999999984,18819
1446714900,120.64999999999984,122.29999999999983,119.04999999999983,121.19999999999983,18819
1446801300,120.94999999999983,121.44999999999983,117.19999999999983,118.09999999999984,26018
1447060500,118.84999999999984,119.99999999999984,117.59999999999984,118.34999999999984,6097
1447146900,118.74999999999984,118.99999999999984,116.34999999999984,116.74999999999984,4997
1447233300,117.19999999999985,117.69999999999985,116.74999999999984,117.14999999999985,6559
1447319700,117.39999999999985,117.49999999999984,115.49999999999984,115.69999999999985,6559
1447406100,116.24999999999984,116.54999999999984,112.29999999999984,112.74999999999984,4960
1447665300,113.69999999999985,115.84999999999984,112.99999999999984,115.14999999999985,4316
1447751700,115.64999999999985,116.69999999999985,114.59999999999984,115.19999999999985,5206
1447838100,114.79999999999984,115.49999999999984,112.59999999999984,112.69999999999985,3667
1447924500,113.24999999999984,119.49999999999984,113.19999999999985,119.09999999999984,3667
1448010900,119.24999999999984,123.34999999999984,119.24999999999984,121.29999999999984,1491
1448270100,121.29999999999984,121.34999999999984,117.94999999999985,119.39999999999985,2172
1448356500,119.69999999999985,122.39999999999985,118.89999999999985,121.44999999999985,2172
1448442900,121.64999999999985,122.59999999999984,119.84999999999984,122.34999999999984,4684
1448615700,121.29999999999984,122.59999999999984,119.94999999999985,120.49999999999984,4040
1448874900,120.34999999999984,120.59999999999984,115.04999999999984,116.54999999999984,2130
1448961300,116.74999999999984,116.99999999999984,114.69999999999985,116.79999999999984,1249
1449047700,117.14999999999985,117.99999999999984,115.84999999999984,117.39999999999985,2365
1449134100,116.94999999999985,122.24999999999984,116.14999999999985,121.79999999999984,2365
1449220500,121.79999999999984,124.09999999999984,120.39999999999985,123.84999999999984,2770
1449479700,122.19999999999985,125.19999999999983,122.09999999999984,122.89999999999985,2413
1449566100,121.79999999999984,123.69999999999983,118.14999999999985,122.09999999999984,1657
1449652500,121.99999999999984,124.49999999999984,121.99999999999984,123.64999999999985,1636
1449738900,123.24999999999984,124.44999999999983,121.84999999999984,123.14999999999985,1636
1449825300,123.14999999999985,123.14999999999985,117.74999999999984,118.04999999999984,4806
1450084500,118.14999999999985,118.14999999999985,114.84999999999984,116.84999999999984,2467
1450170900,117.54999999999984,118.59999999999984,115.89999999999985,116.84999999999984,3038
1450257300,116.89999999999985,118.09999999999984,115.74999999999984,116.24999999999984,2218
1450343700,116.39999999999985,116.74999999999984,114.39999999999985,115.29999999999984,2218
1450430100,115.89999999999985,117.29999999999984,115.34999999999984,116.04999999999984,2496
1450689300,115.59999999999984,116.09999999999984,113.79999999999984,114.49999999999984,3100
1450775700,114.89999999999985,116.34999999999984,114.69999999999985,116.09999999999984,1869
1450862100,116.34999999999984,118.24999999999984,115.19999999999985,117.84999999999984,1869
1450948500,117.84999999999984,118.24999999999984,115.94999999999985,116.69999999999985,574
1451294100,116.44999999999985,116.59999999999984,115.29999999999984,116.14999999999985,1317
1451380500,115.54999999999984,119.34999999999984,115.39999999999985,118.34999999999984,2556
1451466900,118.79999999999984,120.59999999999984,118.09999999999984,120.49999999999984,2556
1451553300,120.74999999999984,123.64999999999985,120.44999999999985,123.54999999999986,6331
1451898900,122.94999999999983,122.99999999999984,118.94999999999985,120.74999999999984,3781
1451985300,120.74999999999984,121.94999999999985,118.69999999999985,119.84999999999984,4719
1452071700,119.84999999999984,120.09999999999984,116.39999999999985,116.84999999999984,4584
1452158100,116.19999999999985,116.19999999999985,114.84999999999984,115.34999999999984,4584
1452244500,116.04999999999984,116.79999999999984,115.24999999999984,115.94999999999985,13279
1452503700,114.84999999999984,114.94999999999985,110.64999999999985,111.54999999999984,9458
1452590100,111.74999999999984,112.34999999999984,110.69999999999985,111.44999999999985,6479
1452676500,111.74999999999984,112.94999999999985,111.39999999999985,111.84999999999984,7808
1452762900,112.04999999999984,113.09999999999984,110.54999999999984,112.89999999999985,7808
1452849300,112.89999999999985,112.89999999999985,110.69999999999985,111.89999999999985,5228
1453194900,111.54999999999984,113.54999999999984,110.74999999999984,112.64999999999985,9257
1453281300,111.94999999999985,111.94999999999985,108.09999999999984,108.64999999999985,7192
1453367700,108.99999999999984,111.54999999999984,108.64999999999985,111.34999999999984,7192
1453454100,111.69999999999985,114.39999999999985,111.69999999999985,112.99999999999984,5621
1453713300,111.94999999999985,114.09999999999984,111.09999999999984,113.44999999999985,9836
1453799700,113.24999999999984,114.14999999999985,111.69999999999985,113.59999999999984,11653
1453886100,113.64999999999985,117.09999999999984,113.09999999999984,115.09999999999984,9055
1453972500,114.94999999999985,116.84999999999984,114.64999999999985,116.04999999999984,9055
1454058900,115.94999999999985,116.64999999999985,112.74999999999984,113.24999999999984,9363
1454318100,112.64999999999985,114.74999999999984,111.84999999999984,114.59999999999984,13357
1454404500,114.29999999999984,117.19999999999985,113.69999999999985,116.64999999999985,15025
1454490900,116.49999999999984,118.34999999999984,114.94999999999985,118.24999999999984,14834
1454577300,117.84999999999984,120.44999999999985,117.84999999999984,119.89999999999985,14834
1454663700,120.39999999999985,120.69999999999985,116.84999999999984,117.14999999999985,26918
1454922900,116.59999999999985,116.64999999999985,112.74999999999984,112.84999999999985,7386
1455009300,112.94999999999985,113.69999999999985,111.64999999999985,111.74999999999984,6436
1455095700,111.94999999999985,112.94999999999985,111.49999999999984,111.69999999999985,8933
1455182100,112.09999999999985,112.09999999999985,109.44999999999985,109.84999999999985,8933
1455268500,110.84999999999985,113.54999999999986,110.54999999999986,112.24999999999984,8454
1455614100,112.89999999999985,114.14999999999985,110.84999999999985,111.69999999999985,8329
1455700500,111.74999999999984,112.54999999999986,110.54999999999986,111.39999999999985,4087
1455786900,111.44999999999985,111.74999999999984,110.24999999999984,110.89999999999985,4087
1455873300,110.69999999999985,112.19999999999985,109.84999999999985,111.29999999999986,6513
1456132500,111.74999999999984,115.64999999999985,111.69999999999985,115.19999999999985,3902
1456218900,115.14999999999985,115.19999999999985,113.69999999999985,113.89999999999985,6261
1456305300,113.49999999999984,113.49999999999984,110.29999999999986,111.74999999999984,6261
1456391700,111.29999999999986,113.54999999999986,110.74999999999984,110.94999999999985,5101
1456478100,111.29999999999986,111.94999999999985,110.04999999999986,110.04999999999986,5173
1456737300,110.29999999999986,110.89999999999985,109.04999999999986,109.89999999999985,6975
1456823700,110.39999999999985,111.29999999999986,108.24999999999984,109.59999999999985,8053
1456910100,109.94999999999985,111.04999999999986,108.49999999999984,110.29999999999986,5291
1456996500,110.59999999999985,113.49999999999984,110.29999999999986,112.49999999999984,6345
1457082900,112.59999999999985,115.94999999999985,112.44999999999985,115.69999999999985,6132
1457342100,115.64999999999985,116.34999999999985,112.89999999999985,115.59999999999985,7859
1457428500,114.29999999999986,116.69999999999985,113.74999999999984,116.49999999999984,8652
1457514900,115.69999999999985,117.69999999999985,115.59999999999985,117.14999999999985,6229
1457601300,116.99999999999984,117.64999999999985,114.54999999999986,116.94999999999985,8651
1457687700,116.94999999999985,120.89999999999985,116.94999999999985,120.44999999999985,8648
1457946900,120.29999999999986,122.24999999999984,118.89999999999985,121.84999999999984,9135
1458033300,121.49999999999984,122.49999999999984,119.99999999999984,120.39999999999985,7629
1458119700,119.59999999999985,124.54999999999986,118.74999999999984,123.64999999999985,8499
1458206100,124.34999999999984,129.49999999999983,124.14999999999985,127.14999999999985,17232
1458292500,127.44999999999986,129.69999999999987,126.99999999999984,129.04999999999984,11152
1458551700,127.99999999999984,128.34999999999985,125.39999999999985,126.24999999999984,10079
1458638100,126.39999999999985,129.59999999999985,126.39999999999985,129.39999999999986,6603
1458724500,129.54999999999984,131.09999999999985,124.09999999999984,125.89999999999985,6703
1458810900,125.74999999999984,125.74999999999984,122.19999999999986,122.39999999999985,8071
1459152900,122.29999999999986,124.29999999999986,121.24999999999984,123.44999999999986,9761
1459239300,123.24999999999984,123.34999999999984,121.04999999999986,122.34999999999984,5150
1459325700,123.09999999999984,124.84999999999984,121.14999999999985,121.94999999999986,15754
1459412100,122.44999999999986,123.09999999999984,120.19999999999985,122.44999999999986,10159
1459498500,122.59999999999984,122.79999999999986,119.44999999999985,122.24999999999984,12534
1459757700,120.59999999999985,121.49999999999984,117.34999999999985,117.84999999999985,17851
1459844100,118.09999999999985,118.09999999999985,115.59999999999985,115.94999999999985,20687
1459930500,116.44999999999985,117.09999999999985,115.04999999999986,116.54999999999986,12590
1460016900,117.29999999999986,117.59999999999985,114.59999999999985,114.84999999999985,27421
1460103300,114.94999999999985,116.24999999999986,114.04999999999986,115.39999999999985,7584
1460362500,116.09999999999985,118.24999999999986,114.69999999999985,117.99999999999986,9774
1460448900,118.14999999999985,119.54999999999984,117.24999999999986,119.04999999999986,6022
1460535300,118.79999999999986,119.84999999999985,116.19999999999985,116.44999999999985,8349
1460621700,117.09999999999985,119.24999999999986,115.54999999999986,117.94999999999985,7175
1460708100,118.54999999999986,118.94999999999985,116.34999999999985,117.69999999999985,3561
1460967300,117.39999999999985,120.54999999999984,117.19999999999985,118.74999999999986,4757
1461053700,118.89999999999985,121.99999999999986,118.54999999999986,120.69999999999985,9001
1461140100,121.04999999999984,122.19999999999985,120.59999999999985,121.54999999999984,4088
1461226500,122.09999999999985,123.99999999999986,116.79999999999986,116.94999999999985,6768
1461312900,116.64999999999985,117.09999999999985,115.19999999999985,116.14999999999985,7026
1461572100,116.74999999999986,116.74999999999986,115.64999999999985,116.39999999999985,5076
1461658500,116.74999999999986,119.54999999999984,116.59999999999985,118.49999999999986,3210
1461744900,118.69999999999985,119.94999999999985,114.24999999999986,114.39999999999985,6076
1461831300,114.89999999999985,115.39999999999985,113.29999999999986,113.84999999999985,6376
1461917700,114.79999999999986,115.79999999999986,113.79999999999986,114.44999999999985,3871
1462176900,114.39999999999985,115.64999999999985,112.44999999999985,112.59999999999985,5929
1462263300,113.44999999999985,114.49999999999986,112.09999999999985,112.24999999999986,7256
1462349700,112.74999999999986,113.19999999999985,111.89999999999985,112.64999999999985,4780
1462436100,112.94999999999985,114.99999999999986,112.54999999999986,114.34999999999985,6210
1462522500,114.69999999999985,117.59999999999985,114.69999999999985,117.34999999999985,9110
1462781700,118.39999999999985,119.34999999999985,116.14999999999985,119.19999999999985,8283
1462868100,119.49999999999986,122.14999999999986,119.49999999999986,121.54999999999984,9386
1462954500,121.24999999999986,122.64999999999986,119.69999999999985,122.59999999999985,10128
1463040900,122.89999999999986,123.49999999999986,120.69999999999985,122.99999999999986,10003
1463127300,121.74999999999986,123.29999999999984,121.04999999999984,123.04999999999984,6267
1463386500,121.79999999999984,126.64999999999986,121.79999999999984,126.49999999999986,9834
1463472900,126.34999999999985,128.24999999999986,125.14999999999986,125.69999999999985,12097
1463559300,124.89999999999986,125.09999999999985,122.19999999999985,123.14999999999986,10537
1463645700,121.99999999999986,121.99999999999986,116.84999999999985,116.99999999999986,12848
1463732100,117.59999999999985,118.89999999999985,117.29999999999986,117.74999999999986,6360
1463991300,117.69999999999985,117.79999999999986,115.09999999999985,115.19999999999985,5008
1464077700,115.59999999999985,116.29999999999986,114.59999999999985,114.89999999999985,7001
1464164100,115.74999999999986,115.99999999999986,114.24999999999986,114.44999999999985,9206
1464250500,114.89999999999985,115.09999999999985,114.19999999999985,114.49999999999986,11978
1464336900,115.34999999999985,115.39999999999985,113.89999999999985,114.34999999999985,0
1464682500,114.84999999999985,116.84999999999985,114.29999999999986,114.54999999999986,14197
1464768900,114.59999999999985,115.99999999999986,113.89999999999985,114.94999999999985,11391
1464855300,115.64999999999985,117.44999999999985,115.29999999999986,116.09999999999985,13765
1464941700,115.64999999999985,120.39999999999986,115.64999999999985,120.14999999999986,15846
1465200900,120.19999999999985,125.04999999999984,120.19999999999985,124.69999999999985,18008
1465287300,124.59999999999985,126.24999999999986,122.54999999999984,125.24999999999986,21519
1465373700,124.89999999999986,132.89999999999986,123.34999999999985,132.74999999999986,38435
1465460100,131.64999999999986,137.84999999999988,126.59999999999988,126.94999999999987,13213
1465546500,126.19999999999987,130.79999999999987,125.04999999999987,129.79999999999987,11511
1465805700,131.84999999999988,132.44999999999987,125.04999999999987,130.34999999999988,8370
1465892100,129.19999999999987,129.94999999999987,126.74999999999986,128.29999999999987,9088
1465978500,127.39999999999986,131.59999999999988,127.39999999999986,131.24999999999986,7158
1466064900,131.14999999999986,134.84999999999988,128.99999999999986,132.59999999999988,7925
1466151300,133.19999999999987,135.34999999999988,131.84999999999988,133.89999999999986,5491
1466410500,133.09999999999988,133.49999999999986,130.69999999999987,132.34999999999988,3215
1466496900,131.29999999999987,132.99999999999986,129.49999999999986,132.09999999999988,4507
1466583300,132.29999999999987,133.29999999999987,129.99999999999986,130.89999999999986,4064
1466669700,130.69999999999987,134.44999999999987,130.44999999999987,134.09999999999988,3218
1466756100,130.54999999999987,131.04999999999987,127.49999999999986,128.44999999999987,4852
1467015300,127.89999999999986,129.64999999999986,126.14999999999986,127.49999999999986,14156
1467101700,128.49999999999986,132.74999999999986,128.49999999999986,131.79999999999987,7577
1467188100,132.54999999999987,136.14999999999986,132.14999999999986,135.74999999999986,5261
1467274500,135.74999999999986,139.14999999999986,133.29999999999987,136.84999999999988,8244
1467360900,137.04999999999987,139.04999999999987,135.99999999999986,137.69999999999987,0
1467706500,137.49999999999986,138.49999999999986,135.54999999999987,136.94999999999987,6557
1467792900,136.09999999999988,136.34999999999988,131.64999999999986,134.84999999999988,8349
1467879300,134.84999999999988,136.74999999999986,132.64999999999986,133.34999999999988,4888
1467965700,133.44999999999987,135.79999999999987,133.14999999999986,135.59999999999988,3684
1468224900,136.59999999999988,141.34999999999988,136.59999999999988,140.69999999999987,7140
1468311300,140.79999999999987,142.69999999999987,138.24999999999986,138.79999999999987,6327
1468397700,138.34999999999988,140.84999999999988,137.89999999999986,139.09999999999988,6473
1468484100,139.94999999999987,144.29999999999987,139.94999999999987,143.64999999999986,6205
1468570500,143.54999999999987,146.19999999999987,138.44999999999987,139.04999999999987,9233
1468829700,138.54999999999987,141.29999999999987,136.34999999999988,140.94999999999987,4548
1468916100,141.84999999999988,142.74999999999986,137.79999999999987,138.04999999999987,3723
1469002500,137.14999999999986,140.14999999999986,136.69999999999987,138.49999999999986,5326
1469088900,139.09999999999988,141.19999999999987,137.89999999999986,138.44999999999987,6265
1469175300,138.34999999999988,138.44999999999987,131.99999999999986,133.54999999999987,10134
1469434500,133.89999999999986,134.24999999999986,130.69999999999987,132.74999999999986,5976
1469520900,133.24999999999986,134.64999999999986,132.09999999999988,133.29999999999987,4818
1469607300,134.04999999999987,134.29999999999987,131.34999999999988,132.89999999999986,5081
1469693700,133.74999999999986,134.19999999999987,131.14999999999986,133.89999999999986,5039
1469780100,134.24999999999986,138.19999999999987,132.09999999999988,138.04999999999987,10248
1470039300,136.54999999999987,137.54999999999987,135.04999999999987,135.29999999999987,6242
1470125700,135.54999999999987,137.54999999999987,132.44999999999987,133.14999999999986,8668
1470212100,133.54999999999987,134.04999999999987,131.79999999999987,132.39999999999986,12521
1470298500,132.49999999999986,135.34999999999988,128.99999999999986,134.24999999999986,18352
1470384900,135.24999999999986,135.94999999999987,133.44999999999987,134.69999999999987,17866
1470644100,134.94999999999987,136.44999999999987,132.54999999999987,133.34999999999988,19521
1470730500,133.79999999999987,134.44999999999987,130.79999999999987,133.29999999999987,22887
1470816900,133.89999999999986,133.94999999999987,130.79999999999987,130.89999999999986,21504
1470903300,130.64999999999986,130.64999999999986,128.99999999999986,129.74999999999986,9622
1470989700,129.79999999999984,130.34999999999985,128.64999999999986,128.89999999999986,3891
1471248900,129.09999999999985,132.59999999999985,128.44999999999985,129.09999999999985,5470
1471335300,128.69999999999985,129.89999999999986,128.34999999999985,129.24999999999986,5652
1471421700,129.14999999999986,129.14999999999986,126.44999999999985,126.64999999999986,5173
1471508100,127.34999999999985,130.54999999999984,126.64999999999986,129.89999999999986,5715
1471594500,130.19999999999985,131.39999999999986,128.99999999999986,130.14999999999986,7993
1471853700,130.24999999999986,135.09999999999985,129.54999999999984,134.94999999999985,2595
1471940100,134.24999999999986,136.19999999999985,133.54999999999984,135.79999999999984,3759
1472026500,135.34999999999985,136.24999999999986,130.79999999999984,131.64999999999986,4106
1472112900,131.14999999999986,133.44999999999985,130.94999999999985,132.94999999999985,1965
1472199300,132.94999999999985,136.09999999999985,131.79999999999984,133.34999999999985,3044
1472458500,133.24999999999986,135.64999999999986,132.59999999999985,133.59999999999985,1467
1472544900,133.44999999999985,134.84999999999985,131.44999999999985,134.59999999999985,4378
1472631300,134.59999999999985,135.89999999999986,133.39999999999986,135.54999999999984,4632
1472717700,135.04999999999984,141.34999999999985,135.04999999999984,139.84999999999985,7126
1472804100,139.54999999999984,141.04999999999984,138.14999999999986,139.84999999999985,0
1473149700,139.99999999999986,142.34999999999985,139.99999999999986,142.19999999999985,4035
1473236100,142.19999999999985,144.04999999999984,141.24999999999986,143.64999999999986,5622
1473322500,143.94999999999985,144.24999999999986,141.84999999999985,143.49999999999986,6839
1473408900,143.34999999999985,143.44999999999985,139.19999999999985,139.69999999999985,3454
1473668100,137.84999999999985,140.09999999999985,136.99999999999986,139.44999999999985,3427
1473754500,140.44999999999985,141.59999999999985,136.79999999999984,136.94999999999985,4906
1473840900,137.09999999999985,138.29999999999984,136.29999999999984,137.44999999999985,3560
1473927300,137.29999999999984,139.44999999999985,136.64999999999986,137.44999999999985,3467
1474013700,137.24999999999986,137.94999999999985,136.04999999999984,136.99999999999986,2514
1474272900,137.39999999999986,142.44999999999985,137.39999999999986,141.34999999999985,3357
1474359300,141.59999999999985,146.24999999999986,141.29999999999984,145.24999999999986,5776
1474445700,144.34999999999985,147.29999999999984,144.34999999999985,145.09999999999985,7768
1474532100,145.09999999999985,149.44999999999985,143.34999999999985,143.84999999999985,6267
1474618500,143.04999999999984,143.24999999999986,139.84999999999985,139.94999999999985,6816
1474877700,140.59999999999985,142.44999999999985,137.64999999999986,142.19999999999985,4547
1474964100,142.09999999999985,142.99999999999986,140.14999999999986,142.34999999999985,4945
1475050500,142.39999999999986,143.14999999999986,139.74999999999986,141.74999999999986,6931
1475136900,142.04999999999984,143.59999999999985,138.54999999999984,138.84999999999985,6244
1475223300,138.49999999999986,141.24999999999986,137.54999999999984,140.24999999999986,6111
1475482500,139.49999999999986,140.29999999999984,135.89999999999986,136.24999999999986,4515
1475568900,136.09999999999985,137.24999999999986,135.49999999999986,136.14999999999986,5061
1475655300,136.54999999999984,139.84999999999985,136.44999999999985,136.89999999999986,3376
1475741700,137.29999999999984,137.54999999999984,134.84999999999985,135.09999999999985,4859
1475828100,135.14999999999986,138.04999999999984,133.94999999999985,136.69999999999985,6537
1476087300,136.44999999999985,142.04999999999984,136.44999999999985,141.59999999999985,8166
1476173700,141.79999999999984,141.79999999999984,139.24999999999986,139.54999999999984,8815
1476260100,139.89999999999986,141.59999999999985,139.24999999999986,140.89999999999986,5871
1476346500,140.89999999999986,142.44999999999985,140.49999999999986,141.49999999999986,7870
1476432900,141.89999999999986,144.69999999999985,141.89999999999986,144.14999999999986,4786
1476692100,143.64999999999986,146.04999999999984,143.34999999999985,145.89999999999986,3986
1476778500,146.34999999999985,148.39999999999986,145.89999999999986,147.54999999999984,6615
1476864900,147.04999999999984,147.34999999999985,145.04999999999984,146.69999999999985,6309
1476951300,146.34999999999985,147.04999999999984,144.14999999999986,144.74999999999986,6937
1477037700,144.24999999999986,146.24999999999986,143.89999999999986,144.94999999999985,8085
1477296900,144.44999999999985,148.04999999999984,144.44999999999985,146.74999999999986,6248
1477383300,147.34999999999985,153.39999999999986,147.19999999999985,153.24999999999986,17735
1477469700,151.84999999999985,154.44999999999985,151.84999999999985,152.54999999999984,15940
1477556100,152.29999999999984,155.19999999999985,151.14999999999986,153.64999999999986,11674
1477642500,153.84999999999985,155.59999999999985,152.39999999999986,154.29999999999984,8226
1477905300,152.84999999999985,154.49999999999986,151.74999999999986,152.89999999999986,11201
1477991700,151.94999999999985,154.14999999999986,150.09999999999985,150.34999999999985,14525
1478078100,149.84999999999985,153.19999999999985,149.19999999999985,151.79999999999984,8729
1478164500,151.99999999999986,155.44999999999985,151.94999999999985,154.54999999999984,12774
1478250900,154.34999999999985,160.84999999999985,153.99999999999986,160.24999999999986,20037
1478510100,158.89999999999986,164.49999999999986,158.89999999999986,163.29999999999984,26132
1478596500,163.79999999999984,164.89999999999986,156.29999999999984,156.54999999999984,39382
1478682900,154.59999999999985,159.79999999999984,152.29999999999984,159.14999999999986,26720
1478769300,159.19999999999987,161.64999999999986,150.74999999999986,150.99999999999986,11551
1478855700,151.09999999999988,152.89999999999986,147.09999999999988,148.44999999999987,13030
1479114900,148.29999999999987,151.69999999999987,146.34999999999988,150.89999999999986,11574
1479201300,151.54999999999987,154.34999999999988,149.34999999999988,150.74999999999986,4176
1479287700,150.84999999999988,151.64999999999986,148.79999999999987,149.79999999999987,5899
1479374100,150.44999999999987,150.44999999999987,147.69999999999987,148.34999999999988,3623
1479460500,147.79999999999987,149.94999999999987,146.84999999999988,147.39999999999986,4390
1479719700,147.14999999999986,149.34999999999988,144.94999999999987,148.64999999999986,4520
1479806100,148.89999999999986,149.84999999999988,146.89999999999986,147.24999999999986,3642
1479892500,146.74999999999986,146.74999999999986,142.99999999999986,143.14999999999986,0
1480065300,143.54999999999987,143.94999999999987,139.64999999999986,140.74999999999986,2873
1480324500,141.89999999999986,142.39999999999986,139.84999999999988,141.94999999999987,5447
1480410900,142.39999999999986,142.59999999999988,137.84999999999988,138.39999999999986,5694
1480497300,138.14999999999986,138.79999999999987,135.84999999999988,135.94999999999987,4234
1480583700,136.29999999999987,136.54999999999987,130.09999999999988,130.24999999999986,8055
1480670100,130.24999999999986,134.09999999999988,129.49999999999986,131.24999999999986,5610
1480929300,131.94999999999987,132.79999999999987,129.69999999999987,129.89999999999986,4862
1481015700,129.94999999999987,130.94999999999987,127.19999999999987,127.34999999999988,4501
1481102100,128.24999999999986,129.94999999999987,126.19999999999987,127.09999999999988,4533
1481188500,127.94999999999987,128.59999999999988,126.04999999999987,126.79999999999987,4728
1481274900,127.59999999999988,127.84999999999988,124.34999999999988,124.69999999999987,4959
1481534100,125.24999999999986,128.34999999999988,124.09999999999988,127.29999999999987,5196
1481620500,128.19999999999987,129.29999999999987,126.64999999999986,128.14999999999986,3724
1481706900,128.04999999999987,130.14999999999986,126.34999999999988,129.44999999999987,5805
1481793300,128.54999999999987,128.74999999999986,124.64999999999986,127.49999999999986,4779
1481879700,127.89999999999986,128.54999999999987,126.14999999999986,127.84999999999988,4179
1482138900,127.64999999999986,130.29999999999987,127.29999999999987,129.59999999999988,3291
1482225300,129.99999999999986,130.44999999999987,127.74999999999986,129.14999999999986,3050
1482311700,128.64999999999986,130.04999999999987,127.79999999999987,129.79999999999987,4061
1482398100,129.54999999999987,129.54999999999987,123.99999999999986,124.39999999999986,3606
1482484500,124.19999999999987,124.99999999999986,121.24999999999986,121.44999999999987,3782
1482830100,121.99999999999986,122.04999999999987,118.74999999999986,119.54999999999987,3769
1482916500,120.94999999999987,121.29999999999987,118.24999999999986,118.89999999999986,3535
1483002900,118.64999999999986,123.69999999999987,118.54999999999987,120.79999999999987,3264
1483089300,121.19999999999987,124.09999999999988,121.04999999999987,122.44999999999987,3317
1483434900,123.04999999999987,124.39999999999986,119.74999999999986,122.74999999999986,5123
1483521300,122.99999999999986,128.24999999999986,122.84999999999988,127.14999999999986,5582
1483607700,127.24999999999986,130.69999999999987,127.19999999999987,129.09999999999988,7279
1483694100,129.04999999999987,129.84999999999988,127.44999999999987,128.19999999999987,3550
1483953300,127.64999999999986,131.74999999999986,126.19999999999987,129.59999999999988,6706
1484039700,129.54999999999987,133.24999999999986,129.54999999999987,133.09999999999988,5258
1484126100,133.24999999999986,136.29999999999987,132.99999999999986,134.44999999999987,10523
1484212500,134.74999999999986,136.94999999999987,133.99999999999986,135.04999999999987,6323
1484298900,134.49999999999986,135.29999999999987,132.79999999999987,134.74999999999986,0
1484644500,134.59999999999988,136.14999999999986,133.54999999999987,135.34999999999988,6270
1484730900,135.09999999999988,135.39999999999986,132.24999999999986,134.59999999999988,5612
1484817300,134.54999999999987,136.79999999999987,134.04999999999987,136.19999999999987,3072
1484903700,136.04999999999987,138.74999999999986,136.04999999999987,138.64999999999986,3773
1485162900,138.34999999999988,142.14999999999986,138.34999999999988,140.84999999999988,7434
1485249300,139.34999999999988,142.34999999999988,137.29999999999987,137.84999999999988,6527
1485335700,137.04999999999987,140.99999999999986,136.74999999999986,138.39999999999986,7404
1485422100,139.24999999999986,139.64999999999986,135.94999999999987,136.99999999999986,11389
1485508500,136.59999999999988,138.89999999999986,135.84999999999988,137.94999999999987,5597
1485767700,137.34999999999988,137.54999999999987,135.19999999999987,136.74999999999986,8187
1485854100,136.64999999999986,138.04999999999987,132.24999999999986,135.04999999999987,14140
1485940500,134.94999999999987,137.04999999999987,133.04999999999987,135.59999999999988,18170
1486026900,135.44999999999987,136.64999999999986,131.34999999999988,131.54999999999987,13990
1486113300,131.04999999999987,133.09999999999988,130.24999999999986,131.74999999999986,13938
1486372500,131.29999999999987,132.29999999999987,129.34999999999988,129.59999999999988,16450
1486458900,129.94999999999987,129.94999999999987,128.04999999999987,128.09999999999988,22095
1486545300,128.49999999999986,129.74999999999986,127.24999999999986,128.34999999999988,24920
1486631700,128.7999999999999,131.0499999999999,128.2999999999999,130.5499999999999,8960
1486718100,130.44999999999987,132.19999999999987,130.19999999999987,131.19999999999987,8787
1486977300,130.6499999999999,131.2999999999999,128.94999999999987,129.59999999999988,6109
1487063700,130.19999999999987,131.0499999999999,127.84999999999988,128.9999999999999,5222
1487150100,128.3999999999999,130.44999999999987,127.44999999999987,129.94999999999987,4356
1487236500,130.59999999999988,132.0499999999999,130.4999999999999,131.3999999999999,2696
1487322900,131.44999999999987,133.2999999999999,130.1499999999999,132.5499999999999,0
1487668500,132.2499999999999,135.4999999999999,132.2499999999999,134.84999999999988,3536
1487754900,134.1499999999999,136.2499999999999,133.3999999999999,133.94999999999987,4675
1487841300,133.7499999999999,135.3999999999999,132.94999999999987,132.94999999999987,3059
1487927700,133.09999999999988,133.84999999999988,128.5499999999999,129.2499999999999,3848
1488186900,128.9999999999999,128.9999999999999,123.69999999999987,124.19999999999987,5021
1488273300,124.74999999999989,126.09999999999988,123.49999999999989,125.64999999999989,5169
1488359700,126.19999999999987,128.34999999999988,122.74999999999989,127.89999999999989,6692
1488446100,128.2999999999999,129.4999999999999,125.5499999999999,127.44999999999987,4385
1488532500,127.24999999999989,128.1499999999999,125.74999999999989,126.34999999999988,3506
1488791700,125.74999999999989,127.39999999999989,124.44999999999987,124.49999999999989,3256
1488878100,124.74999999999989,125.2999999999999,123.14999999999989,123.74999999999989,5776
1488964500,124.24999999999989,125.5499999999999,122.74999999999989,124.7999999999999,7036
1489050900,124.69999999999987,125.84999999999988,123.19999999999987,123.5499999999999,5435
1489137300,123.5499999999999,124.94999999999987,123.24999999999989,124.44999999999987,4966
1489396500,124.5499999999999,126.74999999999989,121.74999999999989,125.44999999999987,8423
1489482900,125.5499999999999,126.39999999999989,123.89999999999989,124.34999999999988,3180
1489569300,124.49999999999989,125.19999999999987,123.44999999999987,123.94999999999987,2065
1489655700,125.0499999999999,126.89999999999989,124.0499999999999,124.49999999999989,4836
1489742100,125.24999999999989,125.34999999999988,123.44999999999987,125.09999999999988,2987
1490001300,125.19999999999987,128.44999999999987,124.99999999999989,128.34999999999988,5608
1490087700,127.84999999999988,129.44999999999987,127.2999999999999,127.84999999999988,5070
1490174100,127.59999999999988,127.59999999999988,124.2999999999999,124.7999999999999,4265
1490260500,124.7999999999999,124.94999999999987,122.69999999999987,123.64999999999989,4813
1490346900,123.64999999999989,123.64999999999989,120.24999999999989,120.74999999999989,10296
1490602500,120.64999999999989,122.44999999999987,119.2999999999999,122.2999999999999,14265
1490688900,122.59999999999988,122.74999999999989,120.84999999999988,121.94999999999987,6268
1490775300,121.99999999999989,123.39999999999989,120.69999999999987,122.44999999999987,6492
1490861700,122.44999999999987,123.14999999999989,121.74999999999989,122.44999999999987,5193
1490948100,122.59999999999988,123.0499999999999,121.0499999999999,122.39999999999989,9223
1491207300,121.99999999999989,125.89999999999989,120.69999999999987,120.99999999999989,12351
1491293700,120.5499999999999,121.5499999999999,119.34999999999988,120.7999999999999,17294
1491380100,121.44999999999987,122.19999999999987,120.09999999999988,120.34999999999988,14688
1491466500,120.64999999999989,122.0499999999999,120.24999999999989,120.84999999999988,16513
1491552900,121.19999999999987,123.34999999999988,119.69999999999987,123.14999999999989,22054
1491812100,123.09999999999988,124.1999999999999,122.14999999999989,122.89999999999989,3584
1491898500,123.14999999999989,123.64999999999989,122.34999999999988,123.09999999999988,10066
1491984900,123.09999999999988,124.7999999999999,120.59999999999988,121.24999999999989,6935
1492071300,121.89999999999989,123.0499999999999,121.4499999999999,121.9499999999999,5097
1492416900,121.84999999999988,124.59999999999988,121.5499999999999,124.14999999999989,3459
1492503300,123.84999999999988,126.59999999999988,122.89999999999989,126.24999999999989,7595
1492589700,125.74999999999989,127.14999999999989,120.9499999999999,121.39999999999989,7390
1492676100,123.39999999999989,123.39999999999989,114.6999999999999,115.09999999999988,9450
1492762500,114.9499999999999,116.0499999999999,112.39999999999989,113.64999999999989,15031
1493021700,113.9499999999999,115.09999999999988,112.4499999999999,112.64999999999989,8770
1493108100,112.5499999999999,113.59999999999988,111.34999999999988,113.1999999999999,6126
1493194500,113.64999999999989,114.39999999999989,111.0499999999999,111.49999999999989,7839
1493280900,111.7999999999999,112.14999999999989,109.49999999999989,110.2999999999999,6387
1493367300,110.5499999999999,115.2999999999999,109.59999999999988,114.14999999999989,6827
1493626500,114.6999999999999,118.09999999999988,114.5499999999999,116.5499999999999,2211
1493712900,117.0499999999999,117.2999999999999,113.99999999999989,116.9499999999999,3890
1493799300,116.64999999999989,118.39999999999989,115.6999999999999,118.09999999999988,3400
1493885700,117.39999999999989,117.6999999999999,113.14999999999989,115.6999999999999,4614
1493972100,115.74999999999989,116.89999999999989,114.9499999999999,116.39999999999989,6293
1494231300,116.39999999999989,117.74999999999989,115.84999999999988,117.59999999999988,6512
1494317700,117.34999999999988,117.6999999999999,115.49999999999989,115.89999999999989,6439
1494404100,116.1999999999999,117.49999999999989,115.49999999999989,117.39999999999989,6517
1494490500,117.0499999999999,118.0499999999999,114.1999999999999,115.0499999999999,8474
1494576900,115.1999999999999,116.39999999999989,114.39999999999989,115.6999999999999,2614
1494836100,115.59999999999988,116.1999999999999,113.89999999999989,114.1999999999999,2569
1494922500,113.7999999999999,114.7999999999999,111.99999999999989,112.24999999999989,4411
1495008900,112.9499999999999,116.0499999999999,110.89999999999989,115.14999999999989,10870
1495095300,113.7999999999999,113.84999999999988,110.09999999999988,110.4499999999999,7860
1495181700,110.09999999999988,114.14999999999989,109.99999999999989,112.89999999999989,6423
1495440900,113.09999999999988,113.74999999999989,110.39999999999989,111.34999999999988,4785
1495527300,111.34999999999988,112.4499999999999,110.6999999999999,111.0499999999999,2977
1495613700,111.2999999999999,111.4499999999999,108.74999999999989,109.34999999999988,4912
1495700100,109.74999999999989,110.74999999999989,107.99999999999989,110.0499999999999,12904
1495786500,110.4499999999999,112.9499999999999,109.39999999999989,111.9499999999999,0
1496132100,111.2999999999999,113.39999999999989,111.2999999999999,112.7999999999999,6521
1496218500,112.7999999999999,114.09999999999988,109.09999999999988,110.09999999999988,15007
1496304900,110.2999999999999,110.6999999999999,108.1999999999999,108.4499999999999,10618
1496391300,108.6999999999999,108.74999999999989,106.0499999999999,106.2999999999999,13196
1496650500,106.4499999999999,110.14999999999989,106.39999999999989,109.1999999999999,10602
1496736900,109.74999999999989,110.2999999999999,106.14999999999989,106.2999999999999,13685
1496823300,106.7999999999999,107.39999999999989,106.14999999999989,106.4499999999999,18437
1496909700,106.9499999999999,107.39999999999989,106.0499999999999,107.0499999999999,19471
1496996100,107.1999999999999,109.24999999999989,107.14999999999989,107.24999999999989,7151
1497255300,108.24999999999989,109.7999999999999,107.39999999999989,108.1999999999999,5034
1497341700,108.4499999999999,108.6999999999999,106.39999999999989,106.99999999999989,8684
1497428100,106.9499999999999,108.1999999999999,105.89999999999989,106.0499999999999,9819
1497514500,106.4499999999999,108.0499999999999,106.09999999999988,106.34999999999988,7313
1497600900,106.64999999999989,107.64999999999989,103.6999999999999,104.24999999999989,6145
1497860100,104.6999999999999,105.24999999999989,103.99999999999989,104.9499999999999,7026
1497946500,104.6999999999999,104.74999999999989,101.74999999999989,102.99999999999989,7338
1498032900,103.34999999999988,103.34999999999988,100.3499999999999,100.49999999999989,5510
1498119300,101.0499999999999,101.0499999999999,93.99999999999989,94.94999999999989,11756
1498205700,96.5499999999999,101.99999999999989,96.0499999999999,101.44999999999989,11033
1498464900,102.24999999999989,104.99999999999989,101.99999999999989,102.9499999999999,6588
1498551300,103.09999999999988,104.74999999999989,102.39999999999989,103.6999999999999,3013
1498637700,104.09999999999988,104.34999999999988,101.69999999999989,102.74999999999989,2636
1498724100,103.34999999999988,106.24999999999989,103.1999999999999,104.74999999999989,4571
1498810500,105.1999999999999,106.74999999999989,103.84999999999988,104.09999999999988,4810
1499069700,105.09999999999988,107.9499999999999,104.74999999999989,105.99999999999989,257
1499242500,106.6999999999999,109.4499999999999,106.24999999999989,108.2999999999999,4714
1499328900,107.99999999999989,109.5499999999999,105.9499999999999,107.49999999999989,6192
1499415300,107.6999999999999,107.84999999999988,105.2999999999999,107.2999999999999,3814
1499674500,106.9499999999999,107.7999999999999,105.5499999999999,107.0499999999999,5869
1499760900,107.49999999999989,107.89999999999989,104.2999999999999,105.34999999999988,7438
1499847300,105.6999999999999,106.7999999999999,104.64999999999989,106.0499999999999,4499
1499933700,106.64999999999989,110.24999999999989,106.2999999999999,109.6999999999999,8836
1500020100,109.59999999999988,112.5499999999999,109.5499999999999,112.1999999999999,10383
1500279300,112.1999999999999,113.39999999999989,110.2999999999999,112.0499999999999,5549
1500365700,111.5499999999999,113.6999999999999,111.2999999999999,113.34999999999988,7159
1500452100,113.09999999999988,114.39999999999989,112.49999999999989,114.24999999999989,7003
1500538500,113.64999999999989,114.24999999999989,112.5499999999999,113.4499999999999,6334
1500624900,113.64999999999989,115.24999999999989,113.24999999999989,114.99999999999989,7113
1500884100,114.09999999999988,114.1999999999999,110.84999999999988,111.0499999999999,8788
1500970500,111.39999999999989,111.64999999999989,107.84999999999988,109.09999999999988,7096
1501056900,109.09999999999988,113.59999999999988,108.34999999999988,113.24999999999989,10328
1501143300,113.4499999999999,115.0499999999999,112.59999999999988,114.39999999999989,7687
1501229700,114.1999999999999,117.2999999999999,113.39999999999989,116.2999999999999,8414
1501488900,115.7999999999999,117.7999999999999,115.49999999999989,117.64999999999989,5611
1501575300,117.64999999999989,117.9499999999999,114.2999999999999,116.2999999999999,9238
1501661700,116.39999999999989,119.59999999999988,116.0499999999999,118.84999999999988,7069
1501748100,119.09999999999988,119.9499999999999,117.39999999999989,118.6999999999999,9305
1501834500,118.0499999999999,119.89999999999989,117.5499999999999,118.59999999999988,12168
1502093700,118.1999999999999,121.1999999999999,117.9499999999999,120.4499999999999,18115
1502180100,120.39999999999989,122.14999999999989,120.39999999999989,121.1999999999999,19473
1502266500,120.2999999999999,121.7999999999999,118.64999999999989,121.0499999999999,22135
1502352900,120.6999999999999,121.74999999999991,116.2999999999999,116.89999999999992,4861
1502439300,117.0499999999999,118.99999999999991,115.39999999999992,118.74999999999991,4735
1502698500,117.89999999999992,118.1999999999999,114.7999999999999,115.34999999999991,6781
1502784900,115.34999999999991,115.39999999999992,110.0499999999999,110.4499999999999,6940
1502871300,111.24999999999991,111.9499999999999,108.59999999999991,109.4499999999999,6133
1502957700,109.89999999999992,110.0499999999999,106.09999999999991,106.9499999999999,6865
1503044100,107.39999999999992,107.74999999999991,105.2999999999999,106.64999999999992,8865
1503303300,107.34999999999991,107.49999999999991,104.6999999999999,105.0499999999999,7024
1503389700,105.09999999999991,105.34999999999991,103.99999999999991,104.0499999999999,3930
1503476100,104.0499999999999,105.24999999999991,103.39999999999992,103.64999999999992,5205
1503562500,103.7999999999999,104.6999999999999,102.0499999999999,102.7999999999999,4437
1503648900,103.34999999999991,106.7999999999999,102.84999999999991,106.24999999999991,4661
1503908100,106.4499999999999,107.1999999999999,104.49999999999991,106.14999999999992,2930
1503994500,106.5499999999999,106.6999999999999,103.09999999999991,103.4499999999999,4418
1504080900,103.5499999999999,103.99999999999991,101.74999999999991,103.0499999999999,3378
1504167300,103.64999999999992,104.6999999999999,101.99999999999991,104.1999999999999,4587
1504253700,103.84999999999991,105.59999999999991,103.39999999999992,103.99999999999991,3605
1504599300,103.6999999999999,106.0499999999999,102.09999999999991,102.6999999999999,6536
1504685700,103.0499999999999,103.6999999999999,101.64999999999992,102.7999999999999,2840
1504772100,102.84999999999991,104.74999999999991,101.9499999999999,103.99999999999991,2887
1504858500,103.74999999999991,105.84999999999991,103.74999999999991,105.49999999999991,8030
1505117700,105.49999999999991,106.84999999999991,104.59999999999991,106.6999999999999,5376
1505204100,106.14999999999992,109.9499999999999,105.64999999999992,109.84999999999991,7292
1505290500,109.89999999999992,113.09999999999991,109.84999999999991,112.64999999999992,6600
1505376900,112.64999999999992,114.0499999999999,111.84999999999991,112.4499999999999,4566
1505463300,112.59999999999991,116.4499999999999,111.99999999999991,116.1999999999999,3996
1505722500,116.1999999999999,117.99999999999991,114.14999999999992,115.1999999999999,7405
1505808900,114.6999999999999,115.24999999999991,109.39999999999992,110.24999999999991,7625
1505895300,110.2999999999999,112.34999999999991,107.84999999999991,111.4499999999999,8159
1505981700,111.1999999999999,111.1999999999999,108.59999999999991,109.89999999999992,3847
1506068100,110.49999999999991,111.09999999999991,109.0499999999999,109.4499999999999,9796
1506327300,108.7999999999999,108.7999999999999,106.34999999999991,106.49999999999991,4707
1506413700,106.5499999999999,108.5499999999999,105.7999999999999,107.1999999999999,4628
1506500100,106.99999999999991,107.0499999999999,103.99999999999991,104.2999999999999,6826
1506586500,104.49999999999991,104.49999999999991,102.4499999999999,103.4499999999999,3812
1506672900,103.89999999999992,104.0499999999999,102.1999999999999,102.99999999999991,4122
1506932100,102.59999999999991,102.9499999999999,100.24999999999991,102.09999999999991,7617
1507018500,102.1999999999999,102.6999999999999,100.24999999999991,100.34999999999991,5300
1507104900,100.89999999999992,101.1999999999999,99.24999999999991,100.0499999999999,6729
1507191300,100.59999999999991,102.5499999999999,99.24999999999991,102.09999999999991,3457
1507277700,102.99999999999991,105.5499999999999,102.34999999999991,104.9499999999999,5766
1507536900,105.84999999999991,106.74999999999991,104.74999999999991,105.9499999999999,8332
1507623300,105.99999999999991,107.59999999999991,105.09999999999991,106.0499999999999,8561
1507709700,104.84999999999991,104.89999999999992,101.64999999999992,101.89999999999992,10956
1507796100,102.09999999999991,102.84999999999991,100.49999999999991,101.4499999999999,6551
1507882500,101.7999999999999,102.14999999999992,100.64999999999992,101.5499999999999,4596
1508141700,101.39999999999992,101.39999999999992,98.8999999999999,98.9499999999999,9580
1508228100,98.99999999999991,100.14999999999992,98.1999999999999,99.34999999999991,6485
1508314500,99.34999999999991,99.89999999999992,98.1999999999999,99.4499999999999,4769
1508400900,100.0499999999999,103.09999999999991,99.64999999999992,101.9499999999999,8675
1508487300,102.14999999999992,102.9499999999999,99.1499999999999,100.34999999999991,7566
1508746500,100.34999999999991,101.5499999999999,98.9499999999999,99.4499999999999,3606
1508832900,99.39999999999992,99.7999999999999,97.9499999999999,98.29999999999991,5615
1508919300,98.34999999999991,100.2999999999999,98.24999999999991,99.1499999999999,5249
1509005700,99.5499999999999,99.99999999999991,98.1499999999999,99.49999999999991,9923
1509092100,99.04999999999991,102.2999999999999,98.6999999999999,101.49999999999991,9972
1509354900,101.64999999999992,102.5499999999999,99.99999999999991,100.7999999999999,3843
1509441300,100.34999999999991,100.64999999999992,99.09999999999991,99.9499999999999,16759
1509527700,99.64999999999992,100.99999999999991,96.1499999999999,97.79999999999991,22969
1509614100,98.1499999999999,102.2999999999999,97.4499999999999,101.1999999999999,20712
1509700500,101.7999999999999,102.1999999999999,98.04999999999991,98.84999999999991,13259
1509959700,98.84999999999991,101.14999999999992,97.1999999999999,100.39999999999992,10376
1510046100,100.39999999999992,100.64999999999992,97.9499999999999,99.5499999999999,27580
1510132500,99.84999999999991,100.74999999999991,98.99999999999991,100.5499999999999,27837
1510218900,100.4499999999999,102.0499999999999,99.74999999999989,101.0499999999999,7112
1510305300,100.7999999999999,102.89999999999989,100.1999999999999,102.1999999999999,6014
1510564500,102.09999999999991,102.64999999999989,101.39999999999989,102.09999999999991,6125
1510650900,102.09999999999991,103.64999999999989,98.9499999999999,101.74999999999989,9510
1510737300,101.6999999999999,102.64999999999989,100.2999999999999,101.39999999999989,6408
1510823700,101.4499999999999,102.09999999999991,100.59999999999991,101.39999999999989,3052
1510910100,101.09999999999991,101.2999999999999,98.39999999999989,98.59999999999991,4944
1511169300,98.24999999999989,98.49999999999989,96.14999999999989,97.0499999999999,4158
1511255700,97.5499999999999,99.64999999999989,96.6999999999999,97.9499999999999,4949
1511342100,97.7999999999999,99.0499999999999,97.74999999999989,98.2999999999999,2828
1511514900,98.2999999999999,101.6999999999999,98.2999999999999,98.89999999999989,2535
1511774100,99.0499999999999,100.64999999999989,98.89999999999989,99.49999999999989,1832
1511860500,99.1999999999999,101.39999999999989,97.99999999999989,101.09999999999991,5243
1511946900,101.1999999999999,103.99999999999989,100.5499999999999,103.4499999999999,3204
1512033300,103.9499999999999,104.24999999999989,98.99999999999989,99.6999999999999,4089
1512119700,100.34999999999991,101.49999999999989,99.0499999999999,100.74999999999989,3381
1512378900,100.39999999999989,101.39999999999989,99.34999999999991,99.74999999999989,2489
1512465300,99.49999999999989,99.9499999999999,98.1999999999999,98.59999999999991,3333
1512551700,98.34999999999991,98.5499999999999,97.09999999999991,97.2999999999999,2575
1512638100,97.59999999999991,97.59999999999991,93.4999999999999,94.1999999999999,10853
1512724500,94.2999999999999,95.2499999999999,93.1999999999999,93.8499999999999,6356
1512983700,93.4999999999999,94.0499999999999,90.89999999999989,91.2499999999999,10402
1513070100,91.89999999999989,92.5499999999999,89.5999999999999,89.6999999999999,5930
1513156500,90.7499999999999,91.8499999999999,90.2499999999999,91.2999999999999,5567
1513242900,91.8499999999999,92.4499999999999,91.0999999999999,91.4999999999999,4276
1513329300,91.7999999999999,93.4499999999999,91.5499999999999,91.9999999999999,2751
1513588500,92.9999999999999,94.9999999999999,92.7499999999999,93.1999999999999,4112
1513674900,93.2499999999999,93.6999999999999,92.2999999999999,93.0499999999999,4576
1513761300,93.5999999999999,95.2499999999999,93.39999999999989,94.4999999999999,2925
1513847700,94.14999999999989,94.8499999999999,92.64999999999989,93.5999999999999,7158
1513934100,94.4499999999999,94.4499999999999,90.89999999999989,91.7499999999999,6875
1514279700,91.8499999999999,93.6999999999999,91.8499999999999,93.64999999999989,2060
1514366100,93.8499999999999,96.0499999999999,93.0999999999999,95.89999999999989,3466
1514452500,95.39999999999989,96.2499999999999,94.5999999999999,96.1999999999999,2535
1514538900,95.9499999999999,97.89999999999989,95.7499999999999,97.59999999999991,4093
1514884500,97.39999999999989,101.9499999999999,97.39999999999989,101.4499999999999,8154
1514970900,101.24999999999989,102.5499999999999,97.49999999999989,99.99999999999989,11654
1515057300,99.6999999999999,100.99999999999989,98.0499999999999,100.9499999999999,3355
1515143700,100.6999999999999,100.89999999999989,99.34999999999991,99.7999999999999,8484
1515402900,99.0499999999999,99.0499999999999,95.7999999999999,96.5499999999999,10585
1515489300,96.8499999999999,96.8499999999999,94.0999999999999,96.5999999999999,8066
1515575700,96.89999999999989,97.34999999999991,94.4499999999999,95.39999999999989,5879
1515662100,95.4499999999999,95.4499999999999,93.64999999999989,94.2999999999999,9401
1515748500,94.2999999999999,94.6999999999999,92.4499999999999,93.7499999999999,8879
1516094100,93.39999999999989,93.39999999999989,91.39999999999989,91.9999999999999,15354
1516180500,92.4499999999999,95.1999999999999,91.64999999999989,94.5999999999999,10326
1516266900,95.2499999999999,95.3499999999999,92.4999999999999,92.5999999999999,4668
1516353300,92.6999999999999,93.1999999999999,91.14999999999989,92.7499999999999,4656
1516612500,92.9999999999999,94.7499999999999,92.9999999999999,94.0499999999999,4572
1516698900,93.7499999999999,93.8499999999999,92.0499999999999,92.4499999999999,5666
1516785300,92.7499999999999,94.4999999999999,92.2499999999999,93.9499999999999,7712
1516871700,94.1999999999999,96.9499999999999,93.2499999999999,95.0999999999999,9778
1516958100,95.0499999999999,96.64999999999989,94.9999999999999,96.5499999999999,12403
1517217300,96.5499999999999,97.1999999999999,94.9999999999999,96.2499999999999,16228
1517303700,95.9499999999999,96.4499999999999,92.9499999999999,93.6999999999999,17388
1517390100,93.89999999999989,94.5999999999999,92.5499999999999,93.2499999999999,7627
1517476500,93.2499999999999,93.64999999999989,91.7499999999999,92.7999999999999,13723
1517562900,92.7999999999999,92.9999999999999,91.2499999999999,91.7999999999999,14474
1517822100,91.6999999999999,91.9499999999999,90.8499999999999,91.14999999999989,23575
1517908500,91.3499999999999,94.2999999999999,90.4499999999999,94.0999999999999,25692
1517994900,94.0999999999999,95.14999999999989,93.7999999999999,94.4999999999999,34408
1518081300,94.0499999999999,95.49999999999989,92.9999999999999,93.9499999999999,8780
1518167700,93.9999999999999,94.99999999999989,92.7499999999999,92.7499999999999,9108
1518426900,92.5999999999999,94.0499999999999,91.7999999999999,92.4499999999999,9307
1518513300,92.5499999999999,94.14999999999989,91.6999999999999,93.9499999999999,7353
1518599700,94.2499999999999,94.2499999999999,92.0999999999999,93.9999999999999,3999
1518686100,94.0499999999999,94.5499999999999,92.6999999999999,93.14999999999989,6055
1518772500,93.2999999999999,93.5999999999999,89.2999999999999,89.5499999999999,0
1519118100,89.5499999999999,90.0999999999999,88.5999999999999,88.7999999999999,7869
1519204500,88.8499999999999,89.2999999999999,87.8499999999999,87.9499999999999,8237
1519290900,88.14999999999989,90.3499999999999,87.5499999999999,89.7999999999999,7138
1519377300,89.9999999999999,91.5999999999999,89.4999999999999,89.9499999999999,6028
1519636500,90.4999999999999,91.5999999999999,90.14999999999989,90.8499999999999,6277
1519722900,90.64999999999989,91.0499999999999,89.3499999999999,90.0999999999999,4105
1519809300,89.5999999999999,91.2999999999999,89.5999999999999,90.89999999999989,8733
1519895700,90.9999999999999,92.89999999999989,90.4499999999999,92.7999999999999,8201
1519982100,92.7999999999999,92.9999999999999,90.6999999999999,91.1999999999999,7201
1520241300,90.7499999999999,90.7499999999999,88.9999999999999,90.14999999999989,7600
1520327700,90.1999999999999,91.3499999999999,89.4999999999999,90.2499999999999,8344
1520414100,89.8499999999999,90.39999999999989,88.7999999999999,89.7499999999999,9058
1520500500,89.8499999999999,90.7499999999999,88.5999999999999,89.39999999999989,7061
1520586900,89.4999999999999,90.2999999999999,88.89999999999989,89.1999999999999,7353
1520846100,88.9999999999999,89.0999999999999,87.9999999999999,88.4999999999999,6281
1520932500,88.39999999999989,91.14999999999989,88.2499999999999,90.5999999999999,9817
1521018900,90.5499999999999,91.0499999999999,89.64999999999989,89.9999999999999,8594
1521105300,90.0999999999999,90.3499999999999,86.5499999999999,87.7499999999999,9695
1521191700,88.14999999999989,88.1999999999999,85.89999999999989,86.9999999999999,10656
1521450900,87.14999999999989,88.6999999999999,86.9499999999999,88.2499999999999,7858
1521537300,88.2999999999999,88.9999999999999,87.64999999999989,87.8499999999999,3812
1521623700,87.64999999999989,89.64999999999989,87.4999999999999,87.7999999999999,7832
1521710100,88.2499999999999,88.5999999999999,87.14999999999989,87.9999999999999,4485
1521796500,87.7999999999999,88.0999999999999,85.4999999999999,86.1999999999999,11382
1522052100,86.1999999999999,87.7499999999999,85.64999999999989,86.9999999999999,12326
1522138500,87.2499999999999,88.4999999999999,86.5999999999999,87.7999999999999,8699
1522224900,88.0999999999999,88.0999999999999,86.2999999999999,86.5999999999999,5045
1522311300,86.5999999999999,87.5499999999999,86.2499999999999,86.9999999999999,7231
1522656900,87.5999999999999,87.89999999999989,85.0499999999999,85.2999999999999,8240
1522743300,85.6999999999999,86.0499999999999,84.9499999999999,85.4499999999999,13379
1522829700,85.5999999999999,86.14999999999989,84.6999999999999,85.6999999999999,29439
1522916100,85.9999999999999,87.0999999999999,85.7499999999999,86.3499999999999,22415
1523002500,86.3499999999999,86.7499999999999,85.5999999999999,86.1999999999999,27483
1523261700,86.6999999999999,88.0999999999999,86.4499999999999,87.3499999999999,6659
1523348100,87.1999999999999,87.3499999999999,85.89999999999989,86.4499999999999,7532
1523434500,86.4999999999999,87.2999999999999,85.4999999999999,87.0999999999999,8755
1523520900,87.2999999999999,87.2999999999999,86.2999999999999,86.7999999999999,7462
1523607300,87.0999999999999,87.9499999999999,86.0499999999999,86.3499999999999,14178
1523866500,86.3499999999999,86.3499999999999,83.39999999999989,83.4499999999999,12079
1523952900,83.7999999999999,83.7999999999999,82.3499999999999,82.89999999999989,9323
1524039300,83.14999999999989,84.7499999999999,82.6999999999999,84.0999999999999,6936
1524125700,84.0999999999999,84.4499999999999,82.6999999999999,83.1999999999999,8645
1524212100,83.6999999999999,84.7999999999999,83.1999999999999,84.5999999999999,4246
1524471300,84.9499999999999,86.0999999999999,84.9499999999999,85.7999999999999,5020
1524557700,85.8499999999999,87.5499999999999,85.3499999999999,87.2999999999999,7237
1524644100,87.4999999999999,87.5999999999999,84.4499999999999,85.7499999999999,6968
1524730500,86.0999999999999,87.0499999999999,85.7499999999999,86.5499999999999,4521
1524816900,86.2999999999999,89.3499999999999,86.2499999999999,89.2499999999999,6774
1525076100,89.0499999999999,89.9499999999999,88.14999999999989,89.7499999999999,6879
1525162500,89.4999999999999,92.1999999999999,88.9499999999999,91.7999999999999,11743
1525248900,91.1999999999999,92.9499999999999,90.6999999999999,90.8499999999999,14459
1525335300,90.89999999999989,92.4499999999999,90.8499999999999,91.4999999999999,10134
1525421700,91.4999999999999,91.7999999999999,89.3499999999999,89.7499999999999,7023
1525680900,89.7499999999999,89.89999999999989,87.0999999999999,87.9499999999999,11889
1525767300,87.9999999999999,88.7499999999999,86.5499999999999,86.7999999999999,9309
1525853700,87.0499999999999,87.0499999999999,85.7999999999999,85.89999999999989,11023
1525940100,85.7999999999999,86.7499999999999,85.4999999999999,86.64999999999989,10410
1526026500,86.6999999999999,86.7499999999999,85.89999999999989,86.4999999999999,7393
1526285700,86.1999999999999,86.2999999999999,84.3499999999999,84.6999999999999,6153
1526372100,84.6999999999999,85.0499999999999,83.4999999999999,84.0499999999999,10407
1526458500,84.0499999999999,84.64999999999989,83.9499999999999,84.2999999999999,5283
1526544900,84.39999999999989,86.0999999999999,84.2999999999999,84.89999999999989,6165
1526631300,85.2999999999999,85.5499999999999,84.1999999999999,85.0499999999999,6117
1526890500,85.0499999999999,87.5999999999999,84.9999999999999,87.2499999999999,8535
1526976900,87.5499999999999,88.4499999999999,86.5999999999999,87.9499999999999,10727
1527063300,87.64999999999989,87.7999999999999,85.64999999999989,86.4499999999999,6868
1527149700,86.7999999999999,88.0499999999999,86.5999999999999,87.5999999999999,11958
1527236100,87.5999999999999,87.7499999999999,86.14999999999989,87.4499999999999,4378
1527581700,86.9999999999999,87.4999999999999,86.4499999999999,87.1999999999999,8725
1527668100,86.89999999999989,89.1999999999999,86.7499999999999,87.2999999999999,21767
1527754500,87.3499999999999,90.9499999999999,87.3499999999999,90.6999999999999,15025
1527840900,90.8499999999999,91.9499999999999,89.3499999999999,89.7499999999999,19284
1528100100,89.5499999999999,90.14999999999989,87.9999999999999,88.5499999999999,22148
1528186500,88.0999999999999,88.5999999999999,86.2499999999999,86.5499999999999,19500
1528272900,86.3499999999999,86.9499999999999,85.2999999999999,85.3499999999999,19760
1528359300,85.2999999999999,85.6999999999999,82.7999999999999,82.7999999999999,39943
1528445700,83.2999999999999,84.4499999999999,82.7999999999999,84.2999999999999,34372
1528704900,84.2999999999999,84.9499999999999,83.2999999999999,84.0499999999999,6868
1528791300,84.0499999999999,84.8499999999999,83.7499999999999,84.3499999999999,7090
1528877700,84.14999999999989,84.1999999999999,83.2999999999999,83.39999999999989,5550
1528964100,83.6999999999999,84.2499999999999,82.5999999999999,82.7999999999999,13345
1529050500,82.5999999999999,82.5999999999999,81.7499999999999,82.2999999999999,8001
1529309700,82.7999999999999,82.8499999999999,81.3499999999999,81.4499999999999,6471
1529396100,81.3499999999999,81.39999999999989,79.7999999999999,81.14999999999989,9509
1529482500,81.0499999999999,81.8499999999999,80.8499999999999,81.39999999999989,7389
1529568900,81.2999999999999,81.9999999999999,80.0499999999999,80.9999999999999,5795
1529655300,81.0999999999999,82.1999999999999,80.8499999999999,81.64999999999989,2221
1529914500,81.64999999999989,82.2499999999999,81.0499999999999,81.89999999999989,2390
1530000900,81.89999999999989,84.0499999999999,81.7499999999999,82.39999999999989,5832
1530087300,82.39999999999989,82.89999999999989,81.8499999999999,82.14999999999989,4053
1530173700,81.8499999999999,81.9999999999999,80.14999999999989,80.4999999999999,6040
1530260100,80.7499999999999,80.8499999999999,79.2999999999999,79.8499999999999,4976
1530519300,79.7499999999999,79.7999999999999,76.2999999999999,76.39999999999989,12462
1530605700,76.6999999999999,77.5999999999999,76.2999999999999,76.5999999999999,8374
1530778500,76.5999999999999,76.9999999999999,73.3499999999999,73.89999999999989,9258
1530864900,74.14999999999989,79.14999999999989,71.7499999999999,78.8499999999999,10977
1531124100,78.9499999999999,79.9499999999999,77.3499999999999,79.7999999999999,8719
1531210500,79.5499999999999,80.5499999999999,78.4499999999999,79.5999999999999,8007
1531296900,78.9499999999999,79.3499999999999,76.2499999999999,76.89999999999989,12188
1531383300,76.89999999999989,78.0999999999999,76.1999999999999,76.39999999999989,9688
1531469700,76.3499999999999,76.4999999999999,73.7999999999999,74.6999999999999,11682
1531728900,74.6999999999999,76.0499999999999,73.5999999999999,75.0999999999999,5031
1531815300,75.0999999999999,75.4999999999999,73.7499999999999,74.0499999999999,4446
1531901700,73.89999999999989,73.89999999999989,72.2999999999999,72.89999999999989,11023
1531988100,72.89999999999989,74.14999999999989,72.0499999999999,73.5499999999999,6142
1532074500,73.0999999999999,75.6999999999999,72.8499999999999,75.3499999999999,6049
1532333700,75.64999999999989,77.5999999999999,75.3499999999999,76.3499999999999,11743
1532420100,76.3499999999999,77.7999999999999,74.7999999999999,75.5499999999999,9531
1532506500,75.6999999999999,76.64999999999989,74.5499999999999,75.64999999999989,3822
1532592900,75.89999999999989,76.2999999999999,73.8499999999999,74.14999999999989,13099
1532679300,74.0999999999999,75.2999999999999,73.2499999999999,74.89999999999989,13354
1532938500,74.89999999999989,77.7999999999999,74.14999999999989,75.89999999999989,19825
1533024900,75.9999999999999,76.2999999999999,74.0999999999999,74.39999999999989,20727
1533111300,74.2499999999999,74.9499999999999,72.2499999999999,72.5999999999999,24142
1533197700,72.5999999999999,72.64999999999989,70.6999999999999,71.39999999999989,21316
1533284100,71.4999999999999,73.2499999999999,71.39999999999989,72.39999999999989,16749
1533543300,72.39999999999989,74.64999999999989,71.89999999999989,73.2999999999999,17202
1533629700,72.9999999999999,74.7999999999999,72.9999999999999,73.4999999999999,46164
1533716100,73.2999999999999,73.39999999999989,71.14999999999989,72.2999999999999,41356
1533802500,72.2999999999999,72.6999999999999,71.2999999999999,71.9499999999999,13318
1533888900,71.6499999999999,71.8499999999999,70.8499999999999,71.2999999999999,11096
1534148100,71.5999999999999,71.5999999999999,68.7499999999999,70.5499999999999,14528
1534234500,70.4499999999999,71.4499999999999,69.7499999999999,69.7499999999999,11040
1534320900,69.8499999999999,70.2499999999999,66.8999999999999,67.2499999999999,10711
1534407300,67.4999999999999,68.3499999999999,66.1499999999999,66.5499999999999,10724
1534493700,67.1999999999999,67.3999999999999,65.0999999999999,65.9499999999999,8184
1534752900,66.2499999999999,66.6499999999999,61.9999999999999,62.349999999999895,11886
1534839300,62.7499999999999,63.9999999999999,61.9499999999999,63.149999999999906,9400
1534925700,62.7999999999999,63.6999999999999,60.7499999999999,62.2499999999999,10967
1535012100,62.2499999999999,64.2499999999999,61.649999999999906,62.7999999999999,7802
1535098500,62.9999999999999,66.6999999999999,62.899999999999906,65.9999999999999,6947
1535357700,66.2499999999999,68.1999999999999,66.2499999999999,67.0499999999999,4926
1535444100,66.7499999999999,67.7999999999999,64.0499999999999,64.3999999999999,5913
1535530500,64.6499999999999,65.5499999999999,63.9499999999999,64.2499999999999,5772
1535616900,64.2499999999999,64.3499999999999,62.0499999999999,63.9999999999999,16441
1535703300,64.0499999999999,64.6499999999999,62.649999999999906,63.099999999999895,7920
1536048900,62.599999999999895,63.2999999999999,60.0499999999999,62.7499999999999,18846
1536135300,62.9499999999999,65.1999999999999,62.7499999999999,65.0999999999999,8267
1536221700,64.7499999999999,65.4499999999999,63.349999999999895,63.5499999999999,6247
1536308100,64.4999999999999,64.9999999999999,62.4499999999999,63.7999999999999,5204
1536567300,63.899999999999906,64.5499999999999,62.4999999999999,62.649999999999906,7772
1536653700,62.6999999999999,63.1999999999999,61.5499999999999,61.849999999999895,13352
1536740100,61.849999999999895,64.1999999999999,61.5499999999999,63.4999999999999,9960
1536826500,63.4999999999999,63.7999999999999,61.7499999999999,62.0499999999999,6233
1536912900,62.099999999999895,62.2499999999999,60.9499999999999,61.149999999999906,10630
1537172100,61.099999999999895,61.1999999999999,58.599999999999895,58.7499999999999,6012
1537258500,58.849999999999895,59.599999999999895,56.5499999999999,57.1999999999999,9191
1537344900,57.399999999999906,58.5499999999999,56.599999999999895,58.0499999999999,4085
1537431300,58.349999999999895,62.0499999999999,58.0499999999999,61.099999999999895,8113
1537517700,60.9499999999999,62.149999999999906,59.7499999999999,61.2999999999999,9700
1537776900,60.9999999999999,61.399999999999906,59.2999999999999,59.899999999999906,3839
1537863300,59.099999999999895,59.4499999999999,57.9999999999999,58.4499999999999,9463
1537949700,58.5499999999999,59.9499999999999,58.099999999999895,59.149999999999906,7393
1538036100,59.0499999999999,60.899999999999906,58.2999999999999,60.649999999999906,3654
1538122500,60.599999999999895,64.8499999999999,60.149999999999906,63.849999999999895,9961
1538381700,63.5499999999999,64.8499999999999,62.849999999999895,63.599999999999895,9095
1538468100,63.5499999999999,69.5499999999999,62.4999999999999,68.9999999999999,9271
1538554500,69.2999999999999,72.1499999999999,67.8499999999999,68.0499999999999,11887
1538640900,67.4999999999999,70.1999999999999,66.2499999999999,68.3999999999999,7732
1538727300,68.5499999999999,70.7999999999999,68.1999999999999,70.3999999999999,11027
1538986500,71.6999999999999,74.3499999999999,71.6999999999999,73.3499999999999,22749
1539072900,73.4999999999999,74.8999999999999,72.4999999999999,74.6999999999999,17596
1539159300,74.9999999999999,75.6499999999999,72.5999999999999,73.4999999999999,16675
1539245700,73.0999999999999,75.0499999999999,71.4499999999999,74.4999999999999,20843
1539332100,74.8999999999999,78.2999999999999,74.1499999999999,78.0999999999999,14762
1539591300,78.4999999999999,81.1999999999999,78.3999999999999,80.9499999999999,22518
1539677700,81.1499999999999,81.5999999999999,78.4999999999999,79.2999999999999,16089
1539764100,78.9499999999999,84.5999999999999,78.6499999999999,84.2499999999999,21758
1539850500,84.2499999999999,85.9499999999999,82.6499999999999,83.8499999999999,24662
1539936900,83.4499999999999,87.19999999999989,82.6499999999999,83.8999999999999,12158
1540196100,83.7999999999999,83.8499999999999,79.1999999999999,79.4499999999999,9539
1540282500,79.3499999999999,83.3499999999999,78.1999999999999,82.8499999999999,22351
1540368900,82.9499999999999,85.9999999999999,81.7999999999999,82.0499999999999,16268
1540455300,81.5499999999999,84.7999999999999,81.0999999999999,83.0499999999999,15158
1540541700,82.9999999999999,84.5999999999999,81.0499999999999,81.3999999999999,16454
1540804500,81.5999999999999,84.4999999999999,75.7499999999999,76.0499999999999,18853
1540890900,76.4999999999999,77.5499999999999,73.9999999999999,74.2499999999999,20019
1540977300,74.3499999999999,75.2499999999999,73.1999999999999,74.4499999999999,19189
1541063700,74.9499999999999,79.8999999999999,74.3499999999999,79.4999999999999,39375
1541150100,80.1499999999999,82.9999999999999,79.8999999999999,81.8499999999999,21431
1541409300,80.9499999999999,80.9999999999999,78.1999999999999,79.0499999999999,27750
1541495700,78.7999999999999,79.6499999999999,75.5499999999999,75.6499999999999,37314
1541582100,76.3999999999999,77.7499999999999,75.6999999999999,77.4499999999999,32408
1541668500,77.29999999999991,79.59999999999991,76.4999999999999,78.1499999999999,12646
1541754900,77.8999999999999,77.8999999999999,75.4499999999999,75.54999999999991,12566
1542014100,75.54999999999991,75.54999999999991,71.54999999999991,72.04999999999991,10223
1542100500,72.09999999999991,72.1499999999999,69.1999999999999,70.7499999999999,10398
1542186900,70.79999999999991,74.4499999999999,70.29999999999991,74.1999999999999,10481
1542273300,74.1999999999999,75.04999999999991,70.7499999999999,71.7499999999999,5441
1542359700,71.79999999999991,74.54999999999991,71.59999999999991,74.2499999999999,4325
1542618900,74.34999999999991,74.9499999999999,71.1999999999999,74.59999999999991,5714
1542705300,73.9499999999999,74.7499999999999,72.3999999999999,72.8999999999999,4083
1542791700,73.34999999999991,73.34999999999991,71.3999999999999,72.09999999999991,2337
1542964500,71.6999999999999,71.6999999999999,68.3999999999999,68.9499999999999,8711
1543223700,69.09999999999991,69.7499999999999,67.84999999999991,68.79999999999991,3557
1543310100,68.3999999999999,72.2499999999999,68.3999999999999,71.29999999999991,4914
1543396500,71.34999999999991,72.04999999999991,69.4499999999999,71.84999999999991,4419
1543482900,71.9499999999999,73.09999999999991,69.8999999999999,70.29999999999991,7034
1543569300,70.1499999999999,70.4499999999999,65.34999999999991,65.59999999999991,16297
1543828500,66.59999999999991,68.79999999999991,65.4499999999999,65.84999999999991,11559
1543914900,66.59999999999991,66.59999999999991,64.09999999999991,64.9499999999999,8061
1544001300,64.9499999999999,65.54999999999991,63.649999999999906,63.9999999999999,4398
1544087700,64.1999999999999,64.9499999999999,62.59999999999991,64.2499999999999,14194
1544174100,65.1999999999999,65.34999999999991,62.1999999999999,62.34999999999991,13656
1544433300,62.34999999999991,63.59999999999991,62.1999999999999,63.4499999999999,7585
1544519700,63.59999999999991,63.59999999999991,60.4999999999999,60.7499999999999,11458
1544606100,60.899999999999906,62.1999999999999,60.4999999999999,61.2499999999999,7173
1544692500,61.6999999999999,62.59999999999991,60.04999999999991,62.34999999999991,5569
1544778900,62.2499999999999,62.2499999999999,60.399999999999906,60.54999999999991,3511
1545038100,60.649999999999906,61.59999999999991,58.1999999999999,58.4999999999999,7331
1545124500,59.399999999999906,59.399999999999906,57.6999999999999,57.79999999999991,6214
1545210900,58.04999999999991,60.29999999999991,57.09999999999991,59.149999999999906,5334
1545297300,59.29999999999991,61.09999999999991,58.9499999999999,60.79999999999991,6603
1545383700,60.9999999999999,61.04999999999991,57.84999999999991,58.04999999999991,4719
1545642900,57.9499999999999,60.649999999999906,57.9499999999999,60.4499999999999,2821
1545815700,60.1999999999999,62.2499999999999,58.7499999999999,62.149999999999906,3006
1545902100,62.04999999999991,62.04999999999991,59.2499999999999,60.04999999999991,4332
1545988500,60.149999999999906,60.9999999999999,58.79999999999991,59.2499999999999,2698
1546247700,59.2499999999999,60.2499999999999,57.59999999999991,60.09999999999991,6715
1546420500,59.899999999999906,60.899999999999906,57.649999999999906,57.79999999999991,4515
1546506900,57.9499999999999,61.399999999999906,57.84999999999991,60.29999999999991,8008
1546593300,60.59999999999991,61.09999999999991,58.6999999999999,59.79999999999991,6219
1546852500,59.54999999999991,61.6999999999999,59.4499999999999,60.899999999999906,5292
1546938900,60.9499999999999,64.1499999999999,60.649999999999906,63.2499999999999,18639
1547025300,62.9499999999999,65.09999999999991,62.6999999999999,63.649999999999906,14042
1547111700,63.34999999999991,64.34999999999991,61.7499999999999,62.79999999999991,13815
1547198100,62.4499999999999,63.29999999999991,61.09999999999991,62.34999999999991,16074
1547457300,61.7499999999999,62.04999999999991,60.09999999999991,61.399999999999906,10647
1547543700,60.9499999999999,61.4999999999999,59.09999999999991,59.6999999999999,15673
1547630100,59.399999999999906,61.2499999999999,59.04999999999991,60.6999999999999,13334
1547716500,60.4999999999999,61.79999999999991,60.04999999999991,60.6999999999999,9691
1547802900,60.9999999999999,64.34999999999991,60.899999999999906,63.1999999999999,12330
1548148500,63.09999999999991,63.9499999999999,61.2499999999999,61.7499999999999,10681
1548234900,61.149999999999906,62.2499999999999,60.649999999999906,61.79999999999991,8787
1548321300,61.9999999999999,64.29999999999991,61.399999999999906,63.59999999999991,13329
1548407700,64.1999999999999,65.34999999999991,63.4999999999999,65.04999999999991,14949
1548666900,63.649999999999906,63.899999999999906,59.899999999999906,60.9499999999999,17352
1548753300,61.149999999999906,61.54999999999991,60.4499999999999,60.899999999999906,10091
1548839700,61.09999999999991,61.59999999999991,60.34999999999991,60.4499999999999,8935
1548926100,60.4499999999999,64.54999999999991,60.4499999999999,64.1499999999999,15566
1549012500,64.1499999999999,65.2499999999999,61.79999999999991,61.9499999999999,17751
1549271700,61.9499999999999,64.4499999999999,61.4499999999999,63.79999999999991,20109
1549358100,63.899999999999906,64.3999999999999,62.4499999999999,63.09999999999991,18610
1549444500,62.9999999999999,63.9999999999999,62.54999999999991,63.6999999999999,20483
1549530900,63.2999999999999,63.4499999999999,61.6999999999999,62.39999999999989,8334
1549617300,62.39999999999989,62.89999999999989,60.4999999999999,60.849999999999895,9688
1549876500,61.14999999999989,61.14999999999989,58.1999999999999,58.5499999999999,13192
1549962900,58.5499999999999,59.64999999999989,58.2999999999999,58.7999999999999,13634
1550049300,59.0499999999999,59.14999999999989,57.2499999999999,57.4999999999999,11119
1550135700,57.4499999999999,57.7999999999999,55.7999999999999,56.599999999999895,10240
1550222100,56.599999999999895,57.599999999999895,56.2999999999999,56.849999999999895,7233
1550567700,56.849999999999895,56.9999999999999,55.2999999999999,56.099999999999895,9482
1550654100,56.5499999999999,56.9999999999999,55.1999999999999,56.6999999999999,5227
1550740500,56.2999999999999,56.349999999999895,54.2999999999999,54.6999999999999,9921
1550826900,54.9499999999999,55.4999999999999,54.64999999999989,55.1999999999999,9034
1551086100,55.39999999999989,55.6999999999999,54.599999999999895,55.14999999999989,6259
1551172500,54.849999999999895,54.89999999999989,51.7499999999999,52.14999999999989,9772
1551258900,52.4499999999999,54.7999999999999,52.14999999999989,54.2499999999999,12468
1551345300,54.599999999999895,54.9999999999999,52.7499999999999,53.6999999999999,9322
1551431700,53.6999999999999,55.9999999999999,53.349999999999895,55.39999999999989,20327
1551690900,55.9499999999999,56.14999999999989,52.2499999999999,52.5499999999999,7701
1551777300,52.5499999999999,55.349999999999895,52.39999999999989,54.849999999999895,8894
1551863700,55.0499999999999,55.1999999999999,53.39999999999989,53.849999999999895,7178
1551950100,53.6999999999999,54.4499999999999,52.0499999999999,52.099999999999895,12372
1552036500,52.39999999999989,53.849999999999895,51.9499999999999,53.7499999999999,8742
1552295700,53.2499999999999,53.4499999999999,52.2999999999999,52.5499999999999,10926
1552382100,52.599999999999895,53.349999999999895,49.9999999999999,51.2999999999999,17245
1552468500,51.349999999999895,52.9499999999999,50.599999999999895,52.89999999999989,12269
1552554900,52.7499999999999,53.849999999999895,51.9499999999999,52.349999999999895,6643
1552641300,52.599999999999895,53.0499999999999,51.7999999999999,52.9999999999999,4551
1552900500,52.39999999999989,53.14999999999989,51.4999999999999,52.099999999999895,4381
1552986900,52.2499999999999,52.9999999999999,51.7499999999999,51.9499999999999,8760
1553073300,52.0499999999999,52.099999999999895,49.64999999999989,49.9999999999999,12114
1553159700,50.2499999999999,51.5499999999999,49.849999999999895,50.099999999999895,7044
1553246100,50.39999999999989,50.6999999999999,48.9999999999999,49.1999999999999,5851
1553505300,49.099999999999895,49.9999999999999,47.849999999999895,49.4499999999999,10582
1553591700,49.4999999999999,50.89999999999989,49.2499999999999,50.4999999999999,13708
1553678100,50.099999999999895,51.4999999999999,48.5499999999999,48.9999999999999,17404
1553764500,48.5499999999999,49.7499999999999,47.89999999999989,49.14999999999989,14837
1553850900,49.2999999999999,50.7499999999999,49.2999999999999,49.599999999999895,13468
1554106500,49.349999999999895,49.9499999999999,46.6999999999999,47.14999999999989,28059
1554192900,47.349999999999895,47.64999999999989,46.349999999999895,46.7499999999999,15003
1554279300,46.7999999999999,50.89999999999989,46.39999999999989,50.39999999999989,28652
1554365700,50.14999999999989,51.9499999999999,49.599999999999895,50.349999999999895,35049
1554452100,49.9499999999999,50.6999999999999,48.14999999999989,48.2999999999999,34291
1554711300,48.349999999999895,48.89999999999989,47.1999999999999,48.0499999999999,36587
1554797700,48.2999999999999,49.849999999999895,48.14999999999989,48.64999999999989,45091
1554884100,48.7499999999999,49.4999999999999,48.14999999999989,49.2999999999999,28240
1554970500,49.2499999999999,49.2999999999999,45.2999999999999,45.39999999999989,20854
1555056900,46.14999999999989,46.2499999999999,44.4999999999999,45.64999999999989,11301
1555316100,45.19999999999989,46.7999999999999,45.0499999999999,46.4999999999999,16140
1555402500,46.39999999999989,46.64999999999989,44.89999999999989,45.64999999999989,11040
1555488900,45.64999999999989,45.89999999999989,41.69999999999989,42.349999999999895,21088
1555575300,42.44999999999989,46.19999999999989,42.19999999999989,45.4999999999999,10522
1555920900,45.39999999999989,47.7499999999999,44.7999999999999,45.44999999999989,9170
1556007300,44.94999999999989,46.599999999999895,43.9999999999999,45.7999999999999,7146
1556093700,46.19999999999989,46.89999999999989,44.44999999999989,44.89999999999989,8578
1556180100,44.44999999999989,46.4999999999999,43.94999999999989,45.849999999999895,6170
1556266500,45.5499999999999,46.94999999999989,45.2999999999999,46.599999999999895,4346
1556525700,46.349999999999895,46.349999999999895,44.39999999999989,45.099999999999895,7752
1556612100,45.2499999999999,47.39999999999989,44.9999999999999,45.5499999999999,11864
1556698500,45.2999999999999,45.44999999999989,43.349999999999895,43.599999999999895,12881
1556784900,43.5499999999999,45.14999999999989,43.2499999999999,44.0499999999999,8508
1556871300,43.7999999999999,44.9999999999999,42.89999999999989,43.0499999999999,4968
1557130500,42.89999999999989,43.14999999999989,41.89999999999989,42.64999999999989,4226
1557216900,42.349999999999895,42.64999999999989,40.14999999999989,40.4999999999999,15465
1557303300,40.64999999999989,42.099999999999895,40.44999999999989,40.94999999999989,12793
1557389700,41.2999999999999,43.69999999999989,40.69999999999989,43.19999999999989,14514
1557476100,43.14999999999989,43.7499999999999,42.44999999999989,43.19999999999989,9372
1557735300,42.849999999999895,42.94999999999989,41.2999999999999,42.099999999999895,7025
1557821700,42.64999999999989,44.94999999999989,42.5499999999999,43.39999999999989,12351
1557908100,43.14999999999989,44.14999999999989,42.9999999999999,43.64999999999989,6540
1557994500,43.2499999999999,44.89999999999989,42.7499999999999,43.9999999999999,10612
1558080900,43.64999999999989,43.89999999999989,40.89999999999989,41.44999999999989,11432
1558340100,41.44999999999989,42.94999999999989,41.44999999999989,42.349999999999895,6619
1558426500,42.099999999999895,45.69999999999989,40.94999999999989,45.2499999999999,18826
1558512900,45.5499999999999,46.2499999999999,43.9999999999999,44.2499999999999,11189
1558599300,43.89999999999989,46.39999999999989,42.7499999999999,45.89999999999989,15482
1558685700,45.89999999999989,47.349999999999895,45.099999999999895,45.69999999999989,14458
1559031300,45.64999999999989,48.7999999999999,45.099999999999895,48.39999999999989,18571
1559117700,48.64999999999989,52.5499999999999,48.2499999999999,51.849999999999895,18868
1559204100,52.099999999999895,55.099999999999895,51.7999999999999,54.7999999999999,28336
1559290500,54.44999999999989,57.849999999999895,51.64999999999989,57.19999999999989,25700
1559549700,57.19999999999989,58.19999999999989,55.64999999999989,56.39999999999989,29483
1559636100,56.099999999999895,58.69999999999989,55.2999999999999,58.2999999999999,29272
1559722500,57.9999999999999,58.14999999999989,50.64999999999989,51.849999999999895,39309
1559808900,51.849999999999895,55.19999999999989,51.349999999999895,54.69999999999989,28313
1559895300,54.69999999999989,55.849999999999895,52.849999999999895,53.69999999999989,33146
1560154500,53.099999999999895,53.44999999999989,50.69999999999989,51.2999999999999,9506
1560240900,50.7999999999999,52.94999999999989,49.499999999999886,49.64999999999989,12012
1560327300,49.89999999999989,51.749999999999886,49.44999999999989,51.64999999999989,8743
1560413700,51.64999999999989,52.249999999999886,49.849999999999895,49.94999999999989,9236
1560500100,50.44999999999989,50.499999999999886,48.099999999999895,48.14999999999989,9506
1560759300,48.099999999999895,48.999999999999886,47.14999999999989,48.2999999999999,9504
1560845700,48.19999999999989,48.2999999999999,46.44999999999989,46.64999999999989,9785
1560932100,46.64999999999989,48.39999999999989,46.349999999999895,47.89999999999989,10991
1561018500,48.64999999999989,51.849999999999895,48.5499999999999,51.749999999999886,8144
1561104900,51.849999999999895,52.599999999999895,50.249999999999886,50.64999999999989,9157
1561364100,50.39999999999989,53.69999999999989,49.599999999999895,52.89999999999989,8723
1561450500,53.349999999999895,57.69999999999989,53.349999999999895,57.44999999999989,10169
1561536900,56.69999999999989,58.14999999999989,55.5499999999999,55.999999999999886,10790
1561623300,56.0499999999999,57.349999999999895,55.749999999999886,56.69999999999989,4849
1561709700,57.2999999999999,60.499999999999886,57.249999999999886,59.44999999999989,11248
1561968900,60.999999999999886,63.999999999999886,60.5499999999999,61.349999999999895,19208
1562055300,60.349999999999895,62.2999999999999,59.14999999999989,59.749999999999886,13644
1562141700,60.44999999999989,65.0499999999999,59.7999999999999,63.749999999999886,12052
1562314500,64.8499999999999,65.74999999999989,60.44999999999989,61.19999999999989,11228
1562573700,62.599999999999895,64.69999999999989,55.39999999999989,56.599999999999895,16010
1562660100,56.499999999999886,58.499999999999886,55.499999999999886,57.69999999999989,21104
1562746500,57.94999999999989,59.44999999999989,55.849999999999895,56.099999999999895,6948
1562832900,56.5499999999999,57.5499999999999,55.64999999999989,57.14999999999989,9748
1562919300,57.14999999999989,58.349999999999895,56.249999999999886,56.7999999999999,6930
1563178500,56.7999999999999,60.7999999999999,54.64999999999989,60.39999999999989,7395
1563264900,60.39999999999989,60.39999999999989,55.599999999999895,55.749999999999886,8417
1563351300,56.2999999999999,58.14999999999989,55.69999999999989,57.599999999999895,8085
1563437700,57.14999999999989,58.999999999999886,56.39999999999989,58.849999999999895,8121
1563524100,58.39999999999989,60.14999999999989,57.2999999999999,57.5499999999999,8542
1563783300,57.2999999999999,58.2999999999999,55.2999999999999,55.349999999999895,6819
1563869700,55.69999999999989,55.89999999999989,52.44999999999989,52.5499999999999,13625
1563956100,52.64999999999989,53.7999999999999,50.749999999999886,51.099999999999895,17125
1564042500,51.39999999999989,51.69999999999989,50.39999999999989,50.749999999999886,11164
1564128900,50.749999999999886,52.69999999999989,49.099999999999895,49.7999999999999,14642
1564388100,49.7999999999999,52.44999999999989,48.749999999999886,51.14999999999989,16392
1564474500,51.249999999999886,51.249999999999886,48.749999999999886,49.499999999999886,13281
1564560900,49.39999999999989,50.44999999999989,48.14999999999989,49.69999999999989,18573
1564647300,48.0499999999999,48.499999999999886,46.39999999999989,47.19999999999989,16697
1564733700,47.19999999999989,48.849999999999895,46.749999999999886,48.099999999999895,19163
1564992900,48.099999999999895,48.69999999999989,44.2999999999999,45.5499999999999,16500
1565079300,45.749999999999886,47.64999999999989,45.19999999999989,46.999999999999886,23791
1565165700,46.7999999999999,47.599999999999895,45.89999999999989,46.69999999999989,28333
1565252100,47.19999999999989,48.69999999999989,46.39999999999989,47.249999999999886,31063
1565338500,47.19999999999989,47.89999999999989,46.5499999999999,47.14999999999989,8225
1565597700,47.14999999999989,47.14999999999989,43.499999999999886,43.849999999999895,12090
1565684100,43.89999999999989,46.39999999999989,43.249999999999886,46.19999999999989,17687
1565770500,45.64999999999989,46.2999999999999,43.849999999999895,44.39999999999989,8260
1565856900,45.099999999999895,45.44999999999989,44.0499999999999,44.39999999999989,4401
1565943300,44.39999999999989,44.89999999999989,42.599999999999895,42.7999999999999,9095
1566202500,42.849999999999895,43.69999999999989,41.19999999999989,41.2999999999999,7672
1566288900,41.5499999999999,42.14999999999989,39.89999999999989,41.69999999999989,10449
1566375300,42.14999999999989,44.099999999999895,41.999999999999886,43.19999999999989,5939
1566461700,42.94999999999989,44.2999999999999,42.14999999999989,43.7999999999999,8105
1566548100,43.39999999999989,43.89999999999989,41.64999999999989,42.5499999999999,4327
1566807300,42.14999999999989,44.999999999999886,41.849999999999895,43.999999999999886,3702
1566893700,43.999999999999886,44.44999999999989,42.94999999999989,43.64999999999989,8536
1566980100,43.849999999999895,44.5499999999999,42.39999999999989,43.94999999999989,8875
1567066500,43.5499999999999,43.7999999999999,41.249999999999886,41.69999999999989,6119
1567152900,41.89999999999989,43.499999999999886,41.5499999999999,43.19999999999989,8968
1567498500,42.599999999999895,42.849999999999895,40.5499999999999,41.89999999999989,9040
1567584900,42.099999999999895,43.19999999999989,41.94999999999989,42.94999999999989,7246
1567671300,43.099999999999895,43.749999999999886,41.349999999999895,41.69999999999989,5963
1567757700,41.69999999999989,43.599999999999895,41.39999999999989,43.349999999999895,4054
1568016900,43.249999999999886,45.44999999999989,41.69999999999989,44.5499999999999,6560
1568103300,44.599999999999895,48.5499999999999,44.2999999999999,47.89999999999989,9443
1568189700,48.14999999999989,51.0499999999999,47.69999999999989,49.7999999999999,8585
1568276100,48.94999999999989,50.2999999999999,47.64999999999989,50.0499999999999,10979
1568362500,49.89999999999989,50.0499999999999,48.499999999999886,49.19999999999989,6608
1568621700,48.69999999999989,51.349999999999895,48.099999999999895,50.749999999999886,7056
1568708100,50.14999999999989,50.499999999999886,46.5499999999999,46.849999999999895,18114
1568794500,46.94999999999989,48.39999999999989,46.64999999999989,46.849999999999895,8275
1568880900,46.89999999999989,47.14999999999989,44.64999999999989,44.849999999999895,4581
1568967300,45.249999999999886,46.099999999999895,44.44999999999989,44.7999999999999,13015
1569226500,44.7999999999999,47.249999999999886,44.64999999999989,45.39999999999989,4711
1569312900,45.2999999999999,46.69999999999989,44.849999999999895,45.499999999999886,3801
1569399300,45.2999999999999,47.849999999999895,43.69999999999989,47.349999999999895,8818
1569485700,47.69999999999989,49.19999999999989,46.39999999999989,47.249999999999886,4357
1569572100,46.849999999999895,48.2999999999999,46.7999999999999,47.349999999999895,3804
1569831300,46.999999999999886,48.89999999999989,45.749999999999886,47.599999999999895,8422
1569917700,47.599999999999895,47.999999999999886,46.19999999999989,47.849999999999895,8010
1570004100,47.64999999999989,48.099999999999895,46.599999999999895,47.099999999999895,3450
1570090500,46.89999999999989,49.39999999999989,45.69999999999989,48.5499999999999,5457
1570176900,48.499999999999886,48.89999999999989,44.999999999999886,45.44999999999989,7245
1570436100,45.39999999999989,45.599999999999895,43.19999999999989,43.5499999999999,13983
1570522500,43.7999999999999,44.349999999999895,41.999999999999886,42.249999999999886,13063
1570608900,42.19999999999989,43.099999999999895,41.599999999999895,41.999999999999886,7729
1570695300,42.19999999999989,42.64999999999989,39.599999999999895,40.0499999999999,17518
1570781700,40.849999999999895,40.94999999999989,38.849999999999895,40.249999999999886,14455
1571040900,40.099999999999895,42.099999999999895,39.94999999999989,41.349999999999895,10706
1571127300,41.749999999999886,41.7999999999999,40.39999999999989,40.849999999999895,14082
1571213700,40.499999999999886,40.749999999999886,38.69999999999989,39.94999999999989,10432
1571300100,39.94999999999989,41.099999999999895,38.69999999999989,39.2999999999999,9703
1571386500,39.2999999999999,42.44999999999989,38.94999999999989,41.999999999999886,10253
1571645700,42.249999999999886,43.19999999999989,40.7999999999999,42.599999999999895,9243
1571732100,41.94999999999989,45.2999999999999,41.94999999999989,45.19999999999989,9578
1571818500,44.999999999999886,45.19999999999989,43.749999999999886,44.099999999999895,9019
1571904900,44.349999999999895,44.7999999999999,42.39999999999989,42.7999999999999,11668
1571991300,42.499999999999886,46.099999999999895,42.099999999999895,45.749999999999886,21825
1572254100,45.39999999999989,47.19999999999989,44.599999999999895,46.849999999999895,15794
1572340500,46.849999999999895,48.14999999999989,45.14999999999989,45.39999999999989,14387
1572426900,45.2999999999999,46.7999999999999,43.5499999999999,45.69999999999989,15341
1572513300,45.7999999999999,48.64999999999989,45.7999999999999,48.349999999999895,19256
1572599700,48.349999999999895,50.749999999999886,47.5499999999999,50.44999999999989,19353
1572858900,50.19999999999989,51.14999999999989,49.14999999999989,50.14999999999989,31111
1572945300,50.14999999999989,52.5499999999999,49.2999999999999,52.349999999999895,37149
1573031700,52.349999999999895,54.599999999999895,51.5499999999999,54.44999999999989,47041
1573118100,54.249999999999886,55.94999999999989,53.2999999999999,55.499999999999886,60165
1573204500,55.29999999999988,56.19999999999989,54.69999999999989,55.749999999999886,17512
1573463700,54.44999999999989,55.09999999999988,51.749999999999886,52.29999999999988,9609
1573550100,52.499999999999886,53.64999999999988,50.999999999999886,51.79999999999988,13964
1573636500,51.54999999999988,54.29999999999988,51.54999999999988,54.04999999999988,12710
1573722900,54.09999999999988,55.69999999999989,52.749999999999886,54.39999999999988,5980
1573809300,53.89999999999988,54.09999999999988,51.999999999999886,52.54999999999988,6241
1574068500,51.249999999999886,53.79999999999988,51.249999999999886,52.09999999999988,5325
1574154900,51.79999999999988,53.04999999999988,48.69999999999989,49.04999999999988,9670
1574241300,49.14999999999988,54.09999999999988,49.14999999999988,53.69999999999989,19897
1574327700,53.29999999999988,59.59999999999988,52.14999999999988,59.14999999999988,18302
1574414100,57.19999999999989,59.44999999999989,56.999999999999886,58.499999999999886,12973
1574673300,58.29999999999988,61.79999999999988,57.44999999999989,61.69999999999989,11308
1574759700,60.54999999999988,61.749999999999886,58.29999999999988,59.69999999999989,11366
1574846100,59.54999999999988,61.749999999999886,58.64999999999988,61.29999999999988,7016
1575018900,60.94999999999989,62.499999999999886,59.499999999999886,61.79999999999988,11798
1575278100,61.84999999999988,65.94999999999989,60.64999999999988,64.79999999999988,15798
1575364500,64.74999999999989,67.49999999999989,63.94999999999989,66.59999999999988,13513
1575450900,66.59999999999988,67.29999999999988,63.64999999999988,64.04999999999988,10921
1575537300,63.89999999999988,67.99999999999989,63.89999999999988,67.54999999999988,10180
1575623700,67.64999999999988,69.99999999999987,66.54999999999988,67.49999999999989,11826
1575882900,66.19999999999989,74.44999999999989,65.94999999999989,71.0999999999999,12387
1575969300,71.54999999999988,77.04999999999988,71.0999999999999,75.94999999999989,14887
1576055700,75.99999999999987,79.49999999999987,74.54999999999988,77.89999999999988,16068
1576142100,78.44999999999989,81.5999999999999,77.69999999999989,79.94999999999989,12884
1576228500,80.94999999999989,82.99999999999987,71.94999999999989,73.54999999999988,15034
1576487700,72.3499999999999,84.04999999999988,72.19999999999989,81.54999999999988,18065
1576574100,83.64999999999988,84.99999999999987,74.54999999999988,76.39999999999988,18356
1576660500,76.49999999999987,78.0999999999999,73.04999999999988,75.94999999999989,12017
1576746900,75.99999999999987,75.99999999999987,68.99999999999987,69.94999999999989,9115
1576833300,69.74999999999987,73.79999999999988,69.14999999999988,73.49999999999987,5769
1577092500,72.8499999999999,74.19999999999989,67.64999999999988,68.04999999999988,6844
1577178900,68.69999999999989,73.3499999999999,68.14999999999988,72.0999999999999,4983
1577351700,72.0999999999999,72.49999999999987,69.44999999999989,70.04999999999988,2425
1577438100,70.44999999999989,75.54999999999988,70.44999999999989,75.19999999999989,4880
1577697300,74.99999999999987,75.39999999999988,72.54999999999988,74.89999999999988,4658
1577783700,74.24999999999987,77.3499999999999,71.3499999999999,72.44999999999989,6036
1577956500,72.44999999999989,73.64999999999988,69.3499999999999,69.94999999999989,7481
1578042900,69.94999999999989,71.24999999999987,68.24999999999989,69.19999999999989,6736
1578302100,69.04999999999988,69.3499999999999,64.39999999999988,65.04999999999988,10738
1578388500,65.64999999999988,66.24999999999989,62.749999999999886,65.24999999999989,11757
1578474900,65.39999999999988,65.89999999999988,61.19999999999989,61.999999999999886,12098
1578561300,61.54999999999988,63.19999999999989,59.89999999999988,60.249999999999886,13580
1578647700,60.84999999999988,62.04999999999988,59.39999999999988,61.84999999999988,6596
1578906900,61.499999999999886,61.499999999999886,57.14999999999988,57.44999999999989,11263
1578993300,57.64999999999988,58.34999999999988,56.59999999999988,57.79999999999988,9753
1579079700,58.09999999999988,59.19999999999989,56.94999999999989,57.19999999999989,11075
1579166100,57.29999999999988,57.999999999999886,55.249999999999886,55.79999999999988,8124
1579252500,56.249999999999886,56.249999999999886,54.249999999999886,54.999999999999886,7675
1579598100,54.64999999999988,56.09999999999988,52.69999999999989,53.89999999999988,19273
1579684500,54.09999999999988,54.999999999999886,52.89999999999988,53.79999999999988,9833
1579770900,54.04999999999988,56.44999999999989,53.499999999999886,55.34999999999988,11089
1579857300,55.34999999999988,55.39999999999988,52.59999999999988,52.94999999999989,13395
1580116500,52.64999999999988,52.64999999999988,48.94999999999989,49.39999999999988,12090
1580202900,49.34999999999988,49.59999999999988,47.69999999999989,47.84999999999988,15299
1580289300,48.749999999999886,48.84999999999988,44.64999999999988,44.79999999999988,21936
1580375700,44.79999999999988,46.249999999999886,43.59999999999988,44.19999999999989,15536
1580462100,44.19999999999989,45.94999999999989,42.89999999999988,45.44999999999989,16203
1580721300,44.84999999999988,44.999999999999886,40.64999999999988,40.749999999999886,26927
1580807700,41.79999999999988,44.59999999999988,40.34999999999988,40.89999999999988,23543
1580894100,40.999999999999886,41.94999999999989,40.249999999999886,40.39999999999988,31145
1580980500,41.04999999999988,41.999999999999886,40.09999999999988,40.89999999999988,35346
1581066900,41.19999999999989,42.64999999999988,40.44999999999989,41.04999999999988,25878
1581326100,41.34999999999988,43.09999999999988,40.699999999999875,42.59999999999988,11819
1581412500,42.999999999999886,43.59999999999988,42.04999999999988,43.04999999999988,14602
1581498900,43.59999999999988,44.89999999999988,42.54999999999988,43.199999999999875,9793
1581585300,43.199999999999875,47.249999999999886,42.54999999999988,47.09999999999988,11950
1581671700,46.999999999999886,51.999999999999886,46.34999999999988,51.749999999999886,9289
1582017300,52.29999999999988,54.249999999999886,47.14999999999988,49.39999999999988,17804
1582103700,48.949999999999875,50.54999999999988,48.04999999999988,49.499999999999886,10900
1582190100,49.499999999999886,49.499999999999886,45.34999999999988,45.449999999999875,15359
1582276500,45.949999999999875,51.64999999999988,45.89999999999988,50.699999999999875,15679
1582535700,49.54999999999988,49.54999999999988,45.499999999999886,47.39999999999988,11881
1582622100,48.699999999999875,49.199999999999875,45.499999999999886,48.949999999999875,8132
1582708500,48.59999999999988,51.79999999999988,46.449999999999875,51.04999999999988,15312
1582794900,50.64999999999988,53.34999999999988,49.59999999999988,50.04999999999988,18284
1582881300,48.84999999999988,52.499999999999886,47.14999999999988,51.59999999999988,10284
1583140500,52.14999999999988,58.04999999999988,51.59999999999988,55.84999999999988,20179
1583226900,56.79999999999988,62.79999999999988,56.79999999999988,62.54999999999988,22981
1583313300,60.09999999999988,62.499999999999886,57.29999999999988,58.749999999999886,13378
1583399700,57.54999999999988,58.09999999999988,51.199999999999875,51.64999999999988,11262
1583486100,52.84999999999988,54.199999999999875,46.449999999999875,47.64999999999988,15474
1583745300,43.34999999999988,51.249999999999886,42.79999999999988,49.499999999999886,20207
1583831700,49.699999999999875,56.39999999999988,48.949999999999875,54.499999999999886,16642
1583918100,54.29999999999988,56.14999999999988,51.54999999999988,52.249999999999886,11568
1584004500,49.59999999999988,50.749999999999886,47.59999999999988,48.79999999999988,20093
1584090900,50.39999999999988,52.64999999999988,46.199999999999875,46.79999999999988,12379
1584350100,45.999999999999886,47.249999999999886,43.64999999999988,43.84999999999988,11586
1584436500,44.29999999999988,44.64999999999988,41.39999999999988,42.34999999999988,12406
1584522900,42.34999999999988,52.699999999999875,42.34999999999988,46.499999999999886,24860
1584609300,47.34999999999988,52.499999999999886,47.34999999999988,51.79999999999988,12938
1584695700,52.749999999999886,58.34999999999988,52.749999999999886,58.09999999999988,14664
1584954900,58.749999999999886,63.249999999999886,55.699999999999875,60.34999999999988,16424
1585041300,60.34999999999988,64.14999999999988,59.949999999999875,63.749999999999886,13326
1585127700,63.79999999999988,67.39999999999989,60.29999999999988,67.29999999999987,18601
1585214100,65.39999999999988,67.29999999999987,62.04999999999988,62.499999999999886,14405
1585300500,61.499999999999886,61.59999999999988,54.84999999999988,55.09999999999988,15481
1585556100,55.09999999999988,59.499999999999886,55.09999999999988,58.449999999999875,11118
1585642500,58.14999999999988,59.64999999999988,55.699999999999875,58.699999999999875,11543
1585728900,56.949999999999875,58.14999999999988,53.749999999999886,55.699999999999875,14607
1585815300,56.29999999999988,59.749999999999886,56.249999999999886,59.04999999999988,15220
1585901700,57.749999999999886,58.84999999999988,54.199999999999875,54.84999999999988,13656
1586160900,54.34999999999988,56.79999999999988,52.39999999999988,56.249999999999886,16534
1586247300,56.34999999999988,60.09999999999988,56.34999999999988,59.39999999999988,22143
1586333700,59.54999999999988,59.999999999999886,57.449999999999875,59.249999999999886,18934
1586420100,59.249999999999886,60.59999999999988,56.54999999999988,58.04999999999988,6945
1586765700,58.09999999999988,59.699999999999875,55.89999999999988,58.84999999999988,5618
1586852100,58.79999999999988,59.29999999999988,54.84999999999988,56.64999999999988,6502
1586938500,56.29999999999988,60.249999999999886,53.949999999999875,59.34999999999988,7574
1587024900,58.499999999999886,59.84999999999988,57.04999999999988,57.79999999999988,6210
1587111300,57.79999999999988,58.999999999999886,55.499999999999886,55.79999999999988,6151
1587370500,55.89999999999988,56.79999999999988,53.14999999999988,53.59999999999988,4696
1587456900,53.249999999999886,53.54999999999988,49.499999999999886,49.79999999999988,7213
1587543300,50.04999999999988,51.64999999999988,49.499999999999886,50.09999999999988,6846
1587629700,50.449999999999875,52.699999999999875,49.89999999999988,50.39999999999988,6659
1587716100,50.14999999999988,50.14999999999988,44.29999999999988,44.949999999999875,9377
1587975300,45.59999999999988,47.04999999999988,44.14999999999988,44.39999999999988,5568
1588061700,44.89999999999988,46.89999999999988,44.199999999999875,45.699999999999875,5760
1588148100,46.199999999999875,46.749999999999886,43.39999999999988,43.699999999999875,6822
1588234500,44.34999999999988,45.749999999999886,42.34999999999988,44.59999999999988,9335
1588320900,44.29999999999988,45.499999999999886,42.84999999999988,44.34999999999988,4244
1588580100,43.54999999999988,46.449999999999875,43.249999999999886,45.54999999999988,5747
1588666500,45.84999999999988,49.249999999999886,44.999999999999886,48.949999999999875,6865
1588752900,48.449999999999875,49.249999999999886,46.84999999999988,48.999999999999886,6265
1588839300,47.699999999999875,47.949999999999875,44.749999999999886,47.199999999999875,8763
1588925700,46.54999999999988,51.249999999999886,46.54999999999988,49.79999999999988,6396
1589184900,49.14999999999988,50.999999999999886,47.84999999999988,48.949999999999875,5227
1589271300,48.34999999999988,48.39999999999988,44.999999999999886,45.64999999999988,6975
1589357700,45.34999999999988,46.09999999999988,43.39999999999988,43.449999999999875,7897
1589444100,44.09999999999988,46.54999999999988,43.449999999999875,45.04999999999988,9342
1589530500,46.249999999999886,47.29999999999988,44.84999999999988,45.09999999999988,6122
1589789700,44.89999999999988,46.499999999999886,43.39999999999988,46.09999999999988,8236
1589876100,45.749999999999886,46.999999999999886,44.699999999999875,45.499999999999886,6054
1589962500,45.29999999999988,46.04999999999988,43.79999999999988,44.14999999999988,6783
1590048900,44.29999999999988,45.09999999999988,42.79999999999988,43.39999999999988,11733
1590135300,43.64999999999988,43.79999999999988,41.14999999999988,42.29999999999988,11635
1590480900,42.949999999999875,45.54999999999988,42.84999999999988,43.749999999999886,10856
1590567300,43.749999999999886,44.64999999999988,40.29999999999988,41.29999999999988,13312
1590653700,41.14999999999988,41.249999999999886,37.499999999999886,37.999999999999886,17139
1590740100,38.09999999999988,38.89999999999988,34.79999999999988,35.249999999999886,17171
1590999300,34.84999999999988,37.699999999999875,33.84999999999988,37.09999999999988,19367
1591085700,37.09999999999988,38.34999999999988,36.199999999999875,36.84999999999988,11900
1591172100,37.199999999999875,39.499999999999886,36.64999999999988,37.64999999999988,12595
1591258500,37.64999999999988,37.64999999999988,34.89999999999988,36.79999999999988,10111
1591344900,37.34999999999988,38.449999999999875,35.749999999999886,37.749999999999886,14547
1591604100,38.04999999999988,38.39999999999988,36.449999999999875,37.79999999999988,22941
1591690500,38.199999999999875,38.29999999999988,36.14999999999988,36.79999999999988,24496
1591776900,36.59999999999988,37.499999999999886,35.249999999999886,35.64999999999988,26035
1591863300,35.14999999999988,36.34999999999988,33.59999999999988,34.84999999999988,11272
1591949700,35.39999999999988,36.699999999999875,33.84999999999988,34.09999999999988,11566
1592208900,33.54999999999988,34.249999999999886,31.749999999999886,32.949999999999875,10789
1592295300,33.499999999999886,34.39999999999988,31.749999999999886,32.64999999999988,7404
1592381700,32.14999999999988,35.749999999999886,32.09999999999988,35.14999999999988,8318
1592468100,35.84999999999988,35.89999999999988,33.34999999999988,33.699999999999875,6988
1592554500,33.699999999999875,34.449999999999875,32.64999999999988,32.999999999999886,5315
1592813700,33.04999999999988,35.39999999999988,32.39999999999988,35.04999999999988,5023
1592900100,35.14999999999988,36.39999999999988,34.499999999999886,35.249999999999886,6176
1592986500,35.249999999999886,36.84999999999988,34.39999999999988,34.89999999999988,9340
1593072900,34.499999999999886,35.39999999999988,32.499999999999886,33.09999999999988,7574
1593159300,33.79999999999988,34.199999999999875,32.04999999999988,33.79999999999988,9425
1593418500,33.79999999999988,40.199999999999875,33.499999999999886,37.34999999999988,18736
1593504900,37.949999999999875,39.84999999999988,37.199999999999875,38.29999999999988,9272
1593591300,38.499999999999886,41.949999999999875,37.34999999999988,41.39999999999988,10422
1593677700,41.64999999999988,42.09999999999988,39.949999999999875,40.749999999999886,10428
1594023300,40.449999999999875,40.449999999999875,34.749999999999886,35.749999999999886,10913
1594109700,35.749999999999886,38.09999999999988,34.89999999999988,37.749999999999886,9468
1594196100,37.949999999999875,39.64999999999988,37.09999999999988,37.39999999999988,6786
1594282500,37.499999999999886,38.249999999999886,35.79999999999988,36.199999999999875,5721
1594368900,36.29999999999988,36.79999999999988,34.249999999999886,34.89999999999988,6081
1594628100,34.59999999999988,36.249999999999886,34.04999999999988,36.09999999999988,5917
1594714500,36.04999999999988,36.09999999999988,34.29999999999988,35.39999999999988,4015
1594800900,35.249999999999886,35.59999999999988,33.79999999999988,34.64999999999988,4561
1594887300,34.79999999999988,36.14999999999988,34.199999999999875,35.749999999999886,4802
1594973700,35.79999999999988,39.749999999999886,35.79999999999988,39.64999999999988,8162
1595232900,39.09999999999988,40.29999999999988,36.64999999999988,37.29999999999988,11024
1595319300,36.89999999999988,39.39999999999988,36.79999999999988,39.34999999999988,6179
1595405700,39.34999999999988,46.29999999999988,38.89999999999988,45.84999999999988,17229
1595492100,45.34999999999988,46.79999999999988,43.79999999999988,45.14999999999988,12579
1595578500,44.39999999999988,46.699999999999875,44.04999999999988,46.14999999999988,14001
1595837700,45.54999999999988,48.34999999999988,45.14999999999988,48.14999999999988,16623
1595924100,47.949999999999875,48.999999999999886,46.09999999999988,47.449999999999875,12237
1596010500,47.249999999999886,50.29999999999988,47.14999999999988,49.34999999999988,21722
1596096900,49.84999999999988,55.04999999999988,49.84999999999988,53.09999999999988,23479
1596183300,53.749999999999886,56.89999999999988,52.89999999999988,56.449999999999875,25147
1596442500,55.54999999999988,57.14999999999988,53.199999999999875,55.34999999999988,22830
1596528900,54.09999999999988,58.449999999999875,54.09999999999988,58.29999999999988,27917
1596615300,57.949999999999875,63.749999999999886,57.199999999999875,58.249999999999886,38092
1596701700,58.34999999999988,60.59999999999988,53.249999999999886,53.79999999999988,31068
1596788100,54.199999999999875,55.499999999999886,50.84999999999988,52.749999999999886,32927
1597047300,52.14999999999989,54.2999999999999,49.14999999999989,50.19999999999989,10001
1597133700,49.44999999999989,49.999999999999886,47.19999999999989,48.599999999999895,12129
1597220100,48.69999999999989,51.0499999999999,47.94999999999989,49.14999999999989,11614
1597306500,49.599999999999895,53.749999999999886,48.2999999999999,52.999999999999886,11732
1597392900,53.44999999999989,55.5499999999999,50.849999999999895,51.099999999999895,8361
1597652100,51.2999999999999,52.14999999999989,49.19999999999989,52.0499999999999,6635
1597738500,52.099999999999895,55.94999999999989,52.099999999999895,55.499999999999886,8092
1597824900,55.5499999999999,58.19999999999989,52.2999999999999,53.89999999999989,5874
1597911300,52.89999999999989,55.2999999999999,52.5499999999999,53.44999999999989,5655
1597997700,53.849999999999895,54.7999999999999,50.599999999999895,54.249999999999886,5978
1598256900,54.19999999999989,57.0499999999999,53.64999999999989,54.499999999999886,6567
1598343300,54.5499999999999,58.999999999999886,53.7999999999999,57.099999999999895,9878
1598429700,58.39999999999989,61.09999999999988,55.39999999999989,56.14999999999989,15972
1598516100,55.64999999999989,56.849999999999895,52.999999999999886,56.349999999999895,8450
1598602500,56.849999999999895,60.2999999999999,55.5499999999999,59.999999999999886,11271
1598861700,60.499999999999886,63.59999999999988,58.849999999999895,62.4499999999999,11741
1598948100,63.6999999999999,65.64999999999989,62.34999999999988,64.39999999999989,17297
1599034500,63.4499999999999,65.59999999999988,61.84999999999988,64.4499999999999,10481
1599120900,63.6999999999999,65.24999999999989,62.59999999999988,64.2999999999999,5747
1599207300,64.89999999999989,68.2999999999999,64.7999999999999,67.1999999999999,10614
1599552900,66.39999999999989,67.59999999999988,60.5499999999999,65.39999999999989,10727
1599639300,64.4499999999999,65.34999999999988,61.09999999999988,62.2999999999999,7754
1599725700,61.2999999999999,66.74999999999989,61.249999999999886,65.24999999999989,10435
1599812100,64.34999999999988,66.1999999999999,62.9499999999999,66.0499999999999,6376
1600071300,65.24999999999989,65.74999999999989,55.599999999999895,56.94999999999989,12692
1600157700,56.599999999999895,57.099999999999895,49.499999999999886,55.94999999999989,27678
1600244100,56.19999999999989,58.19999999999989,53.0499999999999,54.19999999999989,16158
1600330500,53.94999999999989,53.94999999999989,50.69999999999989,52.2999999999999,14171
1600416900,52.19999999999989,53.69999999999989,47.69999999999989,47.94999999999989,8241
1600676100,47.69999999999989,47.7999999999999,45.349999999999895,46.499999999999886,16918
1600762500,47.499999999999886,49.14999999999989,44.849999999999895,45.099999999999895,11142
1600848900,45.349999999999895,47.0499999999999,43.599999999999895,44.89999999999989,15171
1600935300,45.39999999999989,46.499999999999886,44.599999999999895,45.499999999999886,8223
1601021700,45.999999999999886,48.499999999999886,45.249999999999886,47.849999999999895,10853
1601280900,47.849999999999895,48.94999999999989,43.14999999999989,43.89999999999989,9145
1601367300,43.7999999999999,44.89999999999989,42.849999999999895,44.0499999999999,12401
1601453700,45.0499999999999,47.0499999999999,43.89999999999989,45.349999999999895,11889
1601540100,45.349999999999895,45.999999999999886,41.19999999999989,41.849999999999895,16719
1601626500,41.349999999999895,44.599999999999895,39.7999999999999,43.599999999999895,13271
1601885700,43.44999999999989,44.39999999999989,41.39999999999989,42.0499999999999,10881
1601972100,42.599999999999895,44.14999999999989,41.94999999999989,42.499999999999886,9248
1602058500,42.89999999999989,45.69999999999989,41.099999999999895,44.44999999999989,10907
1602144900,45.0499999999999,46.94999999999989,42.7999999999999,45.19999999999989,9480
1602231300,45.2999999999999,47.349999999999895,45.19999999999989,46.44999999999989,9152
1602490500,46.099999999999895,48.249999999999886,43.64999999999989,44.14999999999989,8746
1602576900,44.39999999999989,46.19999999999989,43.7999999999999,45.249999999999886,9282
1602663300,45.249999999999886,46.89999999999989,44.39999999999989,44.849999999999895,8524
1602749700,44.69999999999989,46.44999999999989,41.89999999999989,44.749999999999886,12182
1602836100,44.7999999999999,46.249999999999886,42.19999999999989,42.64999999999989,7021
1603095300,41.7999999999999,44.0499999999999,41.14999999999989,41.599999999999895,9247
1603181700,42.7999999999999,42.7999999999999,39.599999999999895,40.44999999999989,10329
1603268100,40.849999999999895,42.249999999999886,38.849999999999895,39.64999999999989,8303
1603354500,39.599999999999895,42.69999999999989,38.749999999999886,42.0499999999999,11374
1603440900,41.7999999999999,42.349999999999895,40.14999999999989,41.0499999999999,6257
1603703700,39.849999999999895,42.499999999999886,39.749999999999886,41.999999999999886,10585
1603790100,42.0499999999999,43.44999999999989,41.44999999999989,42.19999999999989,8773
1603876500,41.7999999999999,41.94999999999989,40.0499999999999,40.349999999999895,9339
1603962900,40.349999999999895,40.44999999999989,38.349999999999895,39.849999999999895,12140
1604049300,39.89999999999989,40.94999999999989,38.89999999999989,39.499999999999886,13569
1604308500,38.94999999999989,39.94999999999989,37.64999999999989,37.999999999999886,14213
1604394900,37.999999999999886,41.39999999999989,37.999999999999886,38.69999999999989,16716
1604481300,39.14999999999989,39.2999999999999,37.499999999999886,38.2999999999999,13105
1604567700,39.39999999999989,41.89999999999989,38.7999999999999,41.099999999999895,24021
1604654100,41.5499999999999,43.099999999999895,41.099999999999895,42.099999999999895,21939
1604913300,42.69999999999989,44.599999999999895,41.849999999999895,42.249999999999886,10715
1604999700,42.2999999999999,42.94999999999989,40.849999999999895,42.749999999999886,13095
1605086100,43.2999999999999,45.94999999999989,43.14999999999989,44.69999999999989,9544
1605172500,45.099999999999895,46.2999999999999,44.44999999999989,45.69999999999989,9574
1605258900,45.7999999999999,46.14999999999989,44.2999999999999,44.999999999999886,5956
1605518100,45.249999999999886,51.94999999999989,45.249999999999886,51.44999999999989,8935
1605604500,51.69999999999989,52.64999999999989,50.249999999999886,52.249999999999886,13585
1605690900,52.499999999999886,57.0499999999999,52.499999999999886,55.599999999999895,9982
1605777300,55.499999999999886,57.099999999999895,53.94999999999989,55.94999999999989,7347
1605863700,56.19999999999989,56.999999999999886,49.599999999999895,50.849999999999895,7351
1606122900,50.499999999999886,52.849999999999895,48.89999999999989,49.849999999999895,4726
1606209300,49.64999999999989,51.0499999999999,48.44999999999989,48.749999999999886,4082
1606295700,49.849999999999895,51.89999999999989,48.849999999999895,49.89999999999989,6455
1606468500,51.999999999999886,57.249999999999886,51.999999999999886,56.749999999999886,9670
1606727700,56.249999999999886,56.94999999999989,53.44999999999989,55.999999999999886,9793
1606814100,56.14999999999989,56.599999999999895,50.749999999999886,51.2999999999999,9486
1606900500,51.39999999999989,52.19999999999989,50.099999999999895,51.7999999999999,6756
1606986900,52.19999999999989,53.64999999999989,51.349999999999895,52.69999999999989,3180
1607073300,52.64999999999989,53.599999999999895,49.69999999999989,50.249999999999886,3809
1607332500,49.69999999999989,52.14999999999989,49.14999999999989,51.69999999999989,9059
1607418900,51.7999999999999,52.89999999999989,50.999999999999886,51.849999999999895,5886
1607505300,52.14999999999989,52.19999999999989,49.19999999999989,49.69999999999989,4167
1607591700,49.599999999999895,54.39999999999989,49.5499999999999,53.749999999999886,9762
1607678100,55.5499999999999,56.14999999999989,52.94999999999989,54.2999999999999,5299
1607937300,53.499999999999886,59.5499999999999,53.349999999999895,58.849999999999895,6285
1608023700,58.249999999999886,60.09999999999988,57.099999999999895,57.39999999999989,6279
1608110100,57.89999999999989,61.2999999999999,57.89999999999989,59.34999999999988,7931
1608196500,60.14999999999989,60.6999999999999,57.849999999999895,59.39999999999989,3474
1608282900,59.34999999999988,60.5499999999999,56.349999999999895,57.999999999999886,6351
1608542100,56.89999999999989,58.19999999999989,53.2999999999999,57.099999999999895,5783
1608628500,56.349999999999895,59.39999999999989,55.749999999999886,57.0499999999999,5721
1608714900,56.999999999999886,58.69999999999989,56.7999999999999,57.349999999999895,3310
1608801300,57.5499999999999,60.39999999999989,57.44999999999989,58.749999999999886,1899
1609146900,58.2999999999999,59.249999999999886,54.349999999999895,56.19999999999989,4480
1609233300,56.5499999999999,58.69999999999989,56.0499999999999,58.19999999999989,3652
1609319700,58.14999999999989,59.499999999999886,57.44999999999989,58.19999999999989,3912
1609406100,58.7999999999999,61.7999999999999,58.499999999999886,61.0499999999999,4161
1609751700,60.89999999999989,62.1999999999999,58.14999999999989,58.999999999999886,8840
1609838100,59.0499999999999,59.39999999999989,55.19999999999989,57.999999999999886,6709
1609924500,57.89999999999989,58.44999999999989,53.5499999999999,53.849999999999895,9972
1610010900,53.999999999999886,55.599999999999895,52.349999999999895,53.999999999999886,7706
1610097300,53.14999999999989,56.94999999999989,52.14999999999989,56.64999999999989,10073
1610356500,55.89999999999989,56.14999999999989,51.749999999999886,54.44999999999989,9514
1610442900,54.249999999999886,55.599999999999895,53.0499999999999,54.349999999999895,7993
1610529300,54.69999999999989,58.89999999999989,54.39999999999989,58.14999999999989,10549
1610615700,58.0499999999999,60.89999999999989,56.19999999999989,60.2999999999999,9063
1610702100,60.1999999999999,64.64999999999989,59.7999999999999,61.14999999999989,13338
1611047700,59.64999999999989,61.6999999999999,57.69999999999989,60.14999999999989,7927
1611134100,59.59999999999988,59.999999999999886,56.39999999999989,58.19999999999989,7632
1611220500,59.1999999999999,60.1999999999999,57.7999999999999,59.39999999999989,7566
1611306900,58.89999999999989,59.14999999999989,55.89999999999989,57.099999999999895,8491
1611566100,55.94999999999989,57.89999999999989,55.249999999999886,56.2999999999999,8218
1611652500,56.499999999999886,58.849999999999895,56.2999999999999,57.499999999999886,8884
1611738900,57.499999999999886,59.0499999999999,56.099999999999895,58.44999999999989,9230
1611825300,58.44999999999989,59.6999999999999,56.5499999999999,56.999999999999886,9518
1611911700,57.19999999999989,57.69999999999989,55.099999999999895,55.89999999999989,9770
1612170900,55.499999999999886,60.1999999999999,55.39999999999989,58.2999999999999,16841
1612257300,58.39999999999989,58.999999999999886,55.69999999999989,56.44999999999989,11828
1612343700,56.099999999999895,57.7999999999999,55.7999999999999,56.999999999999886,11967
1612430100,57.44999999999989,57.69999999999989,53.2999999999999,57.0499999999999,22583
1612516500,57.499999999999886,58.749999999999886,56.7999999999999,57.5499999999999,20693
1612775700,57.199999999999875,57.7999999999999,56.54999999999988,57.14999999999989,3469
1612862100,56.999999999999886,57.199999999999875,55.499999999999886,55.94999999999989,8408
1612948500,55.84999999999988,56.44999999999989,53.19999999999989,54.09999999999988,9840
1613034900,53.94999999999989,54.499999999999886,53.34999999999988,53.94999999999989,4502
1613121300,53.69999999999989,55.249999999999886,53.09999999999988,53.999999999999886,8724
1613466900,53.999999999999886,57.64999999999989,53.999999999999886,57.09999999999988,7471
1613553300,57.699999999999875,58.499999999999886,55.999999999999886,58.249999999999886,7566
1613639700,58.34999999999988,60.499999999999886,58.34999999999988,60.199999999999875,7705
1613726100,59.949999999999875,61.14999999999989,59.2999999999999,59.999999999999886,4953
1613985300,59.7999999999999,66.89999999999989,57.64999999999989,65.69999999999987,14299
1614071700,65.64999999999989,69.2999999999999,64.99999999999989,69.0499999999999,15898
1614158100,67.5499999999999,70.39999999999989,67.0499999999999,68.0499999999999,7454
1614244500,67.69999999999987,71.19999999999987,67.49999999999989,70.84999999999988,9970
1614330900,68.99999999999989,70.44999999999987,66.44999999999987,68.2999999999999,12469
1614590100,68.49999999999989,70.59999999999988,64.5499999999999,66.74999999999989,9647
1614676500,65.5499999999999,66.2999999999999,63.5499999999999,64.7999999999999,6134
1614762900,64.99999999999989,65.49999999999989,62.999999999999886,63.749999999999886,9015
1614849300,64.39999999999989,64.7999999999999,61.449999999999875,63.0499999999999,5867
1614935700,62.699999999999875,62.699999999999875,59.09999999999988,59.84999999999988,9399
1615194900,59.09999999999988,61.7999999999999,58.999999999999886,60.14999999999989,7379
1615281300,59.84999999999988,62.949999999999875,57.59999999999988,61.39999999999989,11895
1615367700,62.5499999999999,63.34999999999988,60.249999999999886,61.84999999999988,10452
1615454100,62.39999999999989,64.14999999999989,62.199999999999875,63.34999999999988,6349
1615540500,63.34999999999988,64.34999999999988,62.0499999999999,63.949999999999875,4937
1615799700,63.89999999999989,66.09999999999988,61.249999999999886,63.09999999999988,5768
1615886100,63.14999999999989,66.59999999999988,62.449999999999875,65.44999999999987,7127
1615972500,65.94999999999987,66.5499999999999,63.34999999999988,64.49999999999989,3824
1616058900,64.2999999999999,66.39999999999989,60.0499999999999,60.949999999999875,8636
1616145300,61.09999999999988,62.39999999999989,59.2999999999999,60.0499999999999,9383
1616404500,60.0499999999999,61.449999999999875,57.949999999999875,61.09999999999988,8287
1616490900,61.09999999999988,61.59999999999988,58.499999999999886,58.64999999999989,6812
1616577300,59.7999999999999,59.7999999999999,57.5499999999999,57.5499999999999,8855
1616663700,57.7999999999999,58.499999999999886,56.29999999999988,57.64999999999989,11692
1616750100,57.999999999999886,60.5499999999999,57.999999999999886,59.499999999999886,9605
1617005700,59.09999999999988,59.39999999999989,57.199999999999875,58.0499999999999,6396
1617092100,57.699999999999875,57.999999999999886,53.499999999999886,53.64999999999989,13273
1617178500,54.44999999999989,55.59999999999988,51.54999999999988,54.39999999999989,18072
1617264900,55.84999999999988,56.29999999999988,51.749999999999886,52.54999999999988,17865
1617610500,52.249999999999886,53.79999999999988,51.499999999999886,53.04999999999988,11632
1617696900,53.04999999999988,58.14999999999989,52.29999999999988,57.699999999999875,20842
1617783300,57.499999999999886,58.89999999999989,56.29999999999988,57.699999999999875,16036
1617869700,57.749999999999886,59.54999999999987,57.699999999999875,58.79999999999987,8031
1617956100,58.949999999999875,59.64999999999989,57.79999999999987,58.09999999999988,7521
1618215300,57.59999999999988,59.89999999999989,56.59999999999988,58.89999999999989,8758
1618301700,58.84999999999988,61.89999999999989,57.64999999999989,60.89999999999989,11010
1618388100,61.09999999999988,63.949999999999875,60.999999999999886,62.949999999999875,11599
1618474500,62.89999999999989,63.999999999999886,61.79999999999987,63.64999999999989,11616
1618560900,63.999999999999886,64.44999999999987,59.84999999999988,60.249999999999886,7149
1618820100,60.249999999999886,62.59999999999988,60.14999999999989,60.89999999999989,6055
1618906500,60.949999999999875,63.999999999999886,60.949999999999875,63.449999999999875,6601
1618992900,63.59999999999988,64.34999999999988,61.54999999999987,63.199999999999875,4252
1619079300,63.699999999999875,65.44999999999987,61.199999999999875,65.14999999999989,5448
1619165700,64.79999999999987,69.19999999999987,64.74999999999989,67.49999999999989,9491
1619424900,67.24999999999989,73.14999999999989,66.54999999999987,72.34999999999988,14093
1619511300,72.34999999999988,75.24999999999989,71.99999999999989,74.89999999999989,14151
1619597700,73.89999999999989,75.74999999999989,72.44999999999987,74.89999999999989,6995
1619684100,75.29999999999987,76.64999999999989,70.84999999999988,71.99999999999989,7393
1619770500,71.89999999999989,74.74999999999989,70.09999999999988,70.49999999999989,8079
1620029700,70.09999999999988,71.54999999999987,68.59999999999988,69.24999999999989,6188
1620116100,69.39999999999989,72.09999999999988,68.69999999999987,69.39999999999989,5970
1620202500,69.89999999999989,79.29999999999987,69.54999999999987,78.84999999999988,12613
1620288900,79.19999999999987,84.39999999999989,77.84999999999988,83.29999999999987,21201
1620375300,83.09999999999988,83.09999999999988,78.34999999999988,81.89999999999989,11298
1620634500,81.69999999999987,82.39999999999989,76.49999999999989,77.09999999999988,6262
1620720900,76.74999999999989,80.64999999999989,76.59999999999988,79.09999999999988,7155
1620807300,78.99999999999989,79.64999999999989,75.09999999999988,75.54999999999987,10068
1620893700,75.04999999999987,76.89999999999989,72.89999999999989,75.44999999999987,7010
1620980100,75.69999999999987,76.79999999999987,73.79999999999987,74.04999999999987,8126
1621239300,74.04999999999987,75.94999999999987,73.64999999999989,74.84999999999988,5193
1621325700,76.39999999999989,82.74999999999989,76.39999999999989,81.84999999999988,9677
1621412100,82.09999999999988,82.34999999999988,78.34999999999988,79.99999999999989,7343
1621498500,80.29999999999987,82.64999999999989,79.54999999999987,80.04999999999987,6712
1621584900,79.49999999999989,81.84999999999988,77.64999999999989,79.19999999999987,4342
1621844100,78.49999999999989,79.44999999999987,76.54999999999987,78.09999999999988,4580
1621930500,79.34999999999988,81.09999999999988,77.99999999999989,79.54999999999987,7251
1622016900,79.74999999999989,85.84999999999988,79.24999999999989,84.74999999999989,9588
1622103300,85.44999999999987,86.29999999999987,83.69999999999987,84.39999999999989,13943
1622189700,85.34999999999988,92.19999999999987,85.34999999999988,91.39999999999989,16447
1622535300,91.14999999999989,95.74999999999989,88.39999999999989,90.14999999999989,18509
1622621700,90.79999999999987,94.34999999999988,89.34999999999988,90.24999999999989,10997
1622708100,90.14999999999989,91.09999999999988,85.29999999999987,86.74999999999989,16715
1622794500,86.94999999999987,91.04999999999987,84.29999999999987,90.74999999999989,17236
1623053700,90.74999999999989,92.59999999999988,88.04999999999987,89.29999999999987,27921
1623140100,89.39999999999989,91.09999999999988,86.44999999999987,86.94999999999987,26925
1623226500,86.34999999999988,88.79999999999987,85.09999999999988,86.39999999999989,22280
1623312900,86.89999999999989,88.4499999999999,85.89999999999989,87.9499999999999,8143
1623399300,88.7999999999999,89.84999999999991,86.49999999999991,86.74999999999991,6843
1623658500,85.9499999999999,85.9499999999999,80.84999999999991,83.34999999999991,12163
1623744900,83.6999999999999,83.99999999999991,79.99999999999991,80.39999999999989,7446
1623831300,81.14999999999989,83.49999999999991,80.5499999999999,82.64999999999989,8077
1623917700,82.2999999999999,82.2999999999999,77.99999999999991,78.7999999999999,6790
1624004100,78.7999999999999,80.2999999999999,76.39999999999989,79.14999999999989,6436
1624263300,78.0499999999999,82.4499999999999,76.24999999999991,81.14999999999989,7905
1624349700,81.4499999999999,82.4499999999999,78.59999999999991,79.1999999999999,5546
1624436100,79.49999999999991,81.74999999999991,79.4499999999999,80.9499999999999,5290
1624522500,80.2999999999999,81.7999999999999,79.14999999999989,80.4499999999999,6443
1624608900,81.5499999999999,85.1999999999999,81.5499999999999,84.84999999999991,6868
1624868100,84.74999999999991,90.64999999999989,84.5499999999999,89.64999999999989,8818
1624954500,90.09999999999991,90.7999999999999,85.1999999999999,87.2999999999999,5603
1625040900,88.5499999999999,88.59999999999991,84.7999999999999,86.84999999999991,6507
1625127300,87.84999999999991,91.49999999999991,81.34999999999991,83.49999999999991,12481
1625213700,82.99999999999991,83.9499999999999,79.99999999999991,80.14999999999989,5762
1625559300,80.1999999999999,80.89999999999989,74.84999999999991,75.2999999999999,15554
1625645700,75.7999999999999,79.49999999999991,75.7999999999999,77.14999999999989,11820
1625732100,78.24999999999991,79.89999999999989,75.2999999999999,79.34999999999991,12922
1625818500,79.49999999999991,80.1999999999999,76.74999999999991,78.5499999999999,5964
1626077700,77.84999999999991,81.89999999999989,77.14999999999989,80.99999999999991,9215
1626164100,80.99999999999991,81.6999999999999,78.4499999999999,79.2999999999999,5248
1626250500,79.7999999999999,83.7999999999999,79.7999999999999,83.64999999999989,5507
1626336900,83.6999999999999,85.39999999999989,82.2999999999999,84.09999999999991,8499
1626423300,84.7999999999999,88.84999999999991,84.5499999999999,88.2999999999999,15847
1626682500,87.39999999999989,87.49999999999991,82.74999999999991,83.5499999999999,10734
1626768900,86.49999999999991,95.34999999999991,86.49999999999991,93.89999999999989,21650
1626855300,93.9499999999999,105.0499999999999,93.74999999999991,103.09999999999991,17720
1626941700,107.1999999999999,122.59999999999991,107.14999999999989,120.7999999999999,23616
1627028100,129.1999999999999,136.5999999999999,114.4499999999999,116.14999999999989,22378
1627287300,126.14999999999989,142.0499999999999,126.14999999999989,134.8999999999999,21458
1627373700,134.8999999999999,136.5499999999999,126.64999999999989,128.7999999999999,16526
1627460100,131.24999999999991,132.3499999999999,122.2999999999999,127.5499999999999,19615
1627546500,128.6999999999999,130.5499999999999,117.39999999999989,123.49999999999991,17601
1627632900,127.34999999999991,128.6999999999999,105.6999999999999,106.64999999999989,22239
1627892100,106.64999999999989,106.64999999999989,98.6999999999999,99.9499999999999,26547
1627978500,99.9499999999999,104.7999999999999,99.34999999999991,102.0499999999999,14468
1628064900,103.1999999999999,105.84999999999991,101.09999999999991,102.89999999999989,14413
1628151300,102.99999999999991,104.84999999999991,100.49999999999991,104.09999999999991,17065
1628237700,104.64999999999989,104.9499999999999,100.6999999999999,103.24999999999991,19969
1628496900,102.39999999999989,107.7999999999999,99.6999999999999,106.64999999999989,20118
1628583300,107.1999999999999,109.5499999999999,104.84999999999991,109.2999999999999,27559
1628669700,108.9499999999999,112.59999999999991,107.09999999999991,111.1999999999999,27006
1628756100,111.99999999999989,114.09999999999988,110.14999999999989,113.74999999999989,13015
1628842500,113.0499999999999,114.64999999999989,108.24999999999989,109.84999999999988,10886
1629101700,108.9499999999999,113.1999999999999,106.89999999999989,110.39999999999989,11043
1629188100,111.2999999999999,111.39999999999989,105.49999999999989,106.14999999999989,7296
1629274500,105.9499999999999,108.24999999999989,104.7999999999999,107.0499999999999,5685
1629360900,106.39999999999989,106.4499999999999,102.4499999999999,105.4499999999999,6952
1629447300,105.4499999999999,107.0499999999999,102.34999999999988,105.64999999999989,3159
1629706500,104.99999999999989,107.74999999999989,104.09999999999988,105.99999999999989,2893
1629792900,106.0499999999999,110.7999999999999,105.34999999999988,109.7999999999999,7654
1629879300,110.64999999999989,112.2999999999999,108.84999999999988,110.4499999999999,8729
1629965700,110.4499999999999,113.49999999999989,109.24999999999989,112.0499999999999,5748
1630052100,111.4499999999999,118.0499999999999,111.24999999999989,116.14999999999989,11981
1630311300,116.09999999999988,124.0499999999999,115.99999999999989,123.7999999999999,7960
1630397700,123.39999999999989,125.39999999999989,117.7999999999999,119.89999999999989,12005
1630484100,119.34999999999988,123.14999999999989,118.2999999999999,119.64999999999989,7953
1630570500,118.89999999999989,123.64999999999989,117.09999999999988,118.4499999999999,9542
1630656900,118.6999999999999,119.2999999999999,115.1999999999999,117.09999999999988,8324
1631002500,118.99999999999989,121.5499999999999,116.5499999999999,118.0499999999999,7854
1631088900,118.2999999999999,120.7999999999999,112.09999999999988,114.2999999999999,5939
1631175300,114.39999999999989,115.09999999999988,107.99999999999989,111.59999999999988,7651
1631261700,111.89999999999989,113.2999999999999,109.89999999999989,112.14999999999989,7896
1631520900,111.4499999999999,112.5499999999999,109.34999999999988,110.9499999999999,8955
1631607300,110.74999999999989,111.89999999999989,106.64999999999989,109.59999999999988,5801
1631693700,110.14999999999989,112.4499999999999,109.49999999999989,111.5499999999999,7897
1631780100,111.34999999999988,113.24999999999989,107.64999999999989,112.2999999999999,4114
1631866500,112.1999999999999,114.0499999999999,108.89999999999989,110.59999999999988,12609
1632125700,108.89999999999989,110.24999999999989,106.24999999999989,106.7999999999999,6011
1632212100,107.39999999999989,109.59999999999988,106.59999999999988,107.5499999999999,5489
1632298500,107.9499999999999,111.74999999999989,107.9499999999999,109.0499999999999,4063
1632384900,109.64999999999989,115.1999999999999,109.64999999999989,114.7999999999999,7198
1632471300,115.1999999999999,119.4499999999999,114.74999999999989,118.5499999999999,5943
1632730500,117.84999999999988,119.64999999999989,116.09999999999988,117.84999999999988,4516
1632816900,118.09999999999988,123.24999999999989,116.74999999999989,122.84999999999988,5816
1632903300,122.7999999999999,123.64999999999989,117.49999999999989,117.64999999999989,4420
1632989700,118.39999999999989,120.64999999999989,117.74999999999989,118.1999999999999,7847
1633076100,118.34999999999988,129.7499999999999,117.1999999999999,128.2999999999999,11976
1633335300,125.89999999999989,131.0499999999999,124.0499999999999,124.64999999999989,6606
1633421700,124.84999999999988,125.39999999999989,115.64999999999989,116.24999999999989,9736
1633508100,117.09999999999988,119.24999999999989,116.24999999999989,117.7999999999999,3626
1633594500,119.24999999999989,124.5499999999999,118.09999999999988,122.1999999999999,11229
1633680900,124.84999999999988,127.5499999999999,122.74999999999989,125.64999999999989,8408
1633940100,123.7999999999999,129.1499999999999,121.14999999999989,128.59999999999988,5068
1634026500,128.5499999999999,139.3999999999999,127.1999999999999,137.4499999999999,11148
1634112900,139.09999999999988,139.2499999999999,130.1499999999999,132.9999999999999,10050
1634199300,133.34999999999988,136.8999999999999,130.7999999999999,133.5499999999999,4717
1634285700,134.34999999999988,135.2499999999999,127.0499999999999,127.64999999999989,7578
1634544900,126.14999999999989,129.0499999999999,124.6999999999999,125.74999999999989,13296
1634631300,126.59999999999988,129.7999999999999,125.9499999999999,128.3999999999999,9191
1634717700,129.3999999999999,131.1499999999999,127.6999999999999,129.7499999999999,11055
1634804100,129.3999999999999,132.7999999999999,125.7999999999999,127.5499999999999,19990
1634890500,127.84999999999988,130.4999999999999,122.6999999999999,123.99999999999989,8966
1635153300,123.99999999999989,127.7999999999999,121.39999999999989,126.5499999999999,14380
1635239700,127.1999999999999,134.1999999999999,126.34999999999988,132.09999999999988,11325
1635326100,131.3999999999999,132.6499999999999,123.74999999999989,125.4499999999999,16741
1635412500,125.1999999999999,127.34999999999988,122.7999999999999,124.09999999999988,13319
1635498900,124.7999999999999,128.5499999999999,122.7999999999999,128.0499999999999,13784
1635754500,126.9499999999999,133.9999999999999,126.2999999999999,132.84999999999988,14332
1635840900,132.59999999999988,133.1499999999999,128.84999999999988,132.2499999999999,19849
1635927300,132.1499999999999,136.1999999999999,130.09999999999988,133.5499999999999,19896
1636013700,133.84999999999988,135.6499999999999,130.2999999999999,132.84999999999988,22546
1636100100,133.2499999999999,133.3999999999999,126.59999999999988,127.7999999999999,33293
1636362900,127.89999999999989,130.34999999999988,123.5499999999999,123.84999999999988,33551
1636449300,125.39999999999989,130.7499999999999,122.84999999999988,130.0499999999999,34646
1636535700,130.6499999999999,130.7999999999999,127.49999999999989,128.09999999999988,30505
1636622100,130.19999999999987,136.24999999999986,129.44999999999987,134.49999999999986,19872
1636708500,133.99999999999986,144.84999999999988,132.94999999999987,142.99999999999986,16661
1636967700,141.14999999999986,149.14999999999986,140.24999999999986,146.04999999999987,9719
1637054100,147.04999999999987,147.79999999999987,144.49999999999986,145.59999999999988,8997
1637140500,147.64999999999986,156.49999999999986,147.34999999999988,155.54999999999987,7876
1637226900,156.54999999999987,158.99999999999986,147.24999999999986,149.94999999999987,11671
1637313300,151.24999999999986,160.14999999999986,147.94999999999987,153.94999999999987,8732
1637572500,152.24999999999986,155.59999999999988,148.69999999999987,151.84999999999988,4778
1637658900,155.29999999999987,164.69999999999987,153.34999999999988,162.09999999999988,10010
1637745300,161.04999999999987,168.04999999999987,158.99999999999986,165.34999999999988,12429
1637918100,164.74999999999986,164.74999999999986,158.34999999999988,162.69999999999987,8034
1638177300,160.04999999999987,166.54999999999987,149.49999999999986,152.84999999999988,10493
1638263700,152.99999999999986,157.09999999999988,149.09999999999988,152.19999999999987,9572
1638350100,154.19999999999987,158.14999999999986,151.39999999999986,153.09999999999988,8583
1638436500,151.49999999999986,157.74999999999986,151.49999999999986,156.34999999999988,6810
1638522900,158.04999999999987,164.34999999999988,157.04999999999987,162.94999999999987,5830
1638782100,161.84999999999988,170.24999999999986,161.84999999999988,169.34999999999988,9233
1638868500,168.69999999999987,171.89999999999986,160.84999999999988,163.14999999999986,10943
1638954900,165.74999999999986,167.14999999999986,162.34999999999988,164.19999999999987,7815
1639041300,164.54999999999987,165.39999999999986,158.84999999999988,160.19999999999987,7466
1639127700,160.99999999999986,161.04999999999987,152.14999999999986,152.89999999999986,8861
1639386900,154.59999999999988,159.69999999999987,153.79999999999987,157.04999999999987,6491
1639473300,157.84999999999988,159.49999999999986,155.89999999999986,157.64999999999986,5295
1639559700,157.59999999999988,161.99999999999986,156.34999999999988,158.04999999999987,6528
1639646100,160.49999999999986,161.09999999999988,154.14999999999986,157.54999999999987,5452
1639732500,157.84999999999988,158.54999999999987,154.64999999999986,155.39999999999986,2932
1639991700,153.79999999999987,153.84999999999988,143.74999999999986,144.64999999999986,7984
1640078100,146.79999999999987,149.89999999999986,144.79999999999987,148.74999999999986,6488
1640164500,150.29999999999987,155.54999999999987,148.54999999999987,153.94999999999987,3993
1640250900,154.89999999999986,155.69999999999987,149.54999999999987,151.64999999999986,3066
1640596500,149.04999999999987,150.19999999999987,147.14999999999986,147.64999999999986,2411
1640682900,148.64999999999986,148.99999999999986,145.64999999999986,146.19999999999987,3135
1640769300,145.64999999999986,150.44999999999987,145.64999999999986,149.49999999999986,2696
1640855700,149.54999999999987,150.04999999999987,146.79999999999987,149.34999999999988,3381
1640942100,148.59999999999988,149.14999999999986,144.64999999999986,146.54999999999987,7574
1641201300,146.19999999999987,147.34999999999988,141.24999999999986,143.84999999999988,6458
1641287700,145.04999999999987,156.19999999999987,144.29999999999987,152.34999999999988,8402
1641374100,152.54999999999987,154.24999999999986,150.64999999999986,152.34999999999988,6644
1641460500,150.54999999999987,152.74999999999986,148.24999999999986,152.39999999999986,7520
1641546900,152.59999999999988,161.04999999999987,152.24999999999986,158.84999999999988,10017
1641806100,158.64999999999986,159.44999999999987,153.19999999999987,155.49999999999986,8308
1641892500,156.14999999999986,158.59999999999988,154.39999999999986,157.54999999999987,8336
1641978900,158.24999999999986,165.09999999999988,158.24999999999986,161.19999999999987,10535
1642065300,161.54999999999987,163.04999999999987,156.94999999999987,157.49999999999986,9293
1642151700,156.94999999999987,160.64999999999986,155.39999999999986,160.09999999999988,8402
1642497300,159.34999999999988,162.09999999999988,158.24999999999986,160.04999999999987,10636
1642583700,158.94999999999987,165.54999999999987,158.79999999999987,164.99999999999986,8427
1642670100,165.19999999999987,165.44999999999987,161.59999999999988,164.34999999999988,10090
1642756500,162.59999999999988,162.84999999999988,156.79999999999987,158.64999999999986,12612
1643015700,158.19999999999987,158.19999999999987,151.29999999999987,153.79999999999987,23032
1643102100,155.59999999999988,159.69999999999987,155.49999999999986,158.69999999999987,15711
1643188500,159.29999999999987,162.04999999999987,158.14999999999986,159.79999999999987,6746
1643274900,158.09999999999988,158.14999999999986,152.64999999999986,153.19999999999987,21132
1643361300,154.19999999999987,158.94999999999987,151.44999999999987,156.99999999999986,10840
1643620500,156.44999999999987,158.64999999999986,154.99999999999986,156.04999999999987,15492
1643706900,157.04999999999987,161.89999999999986,156.94999999999987,157.84999999999988,22035
1643793300,158.94999999999987,161.44999999999987,157.54999999999987,160.04999999999987,14326
1643879700,160.94999999999987,165.39999999999986,159.09999999999988,165.04999999999987,19058
1643966100,165.14999999999986,165.44999999999987,159.39999999999986,162.99999999999986,19458
1644225300,162.54999999999987,163.99999999999986,160.64999999999986,162.84999999999988,18488
1644311700,163.34999999999988,171.04999999999987,162.94999999999987,169.94999999999987,44736
1644398100,169.04999999999987,180.19999999999985,168.94999999999987,178.99999999999986,49596
1644484500,179.09999999999988,180.79999999999987,174.19999999999985,175.59999999999985,10711
1644570900,175.39999999999986,177.19999999999985,171.59999999999985,172.54999999999987,9068
1644830100,172.39999999999986,174.64999999999986,165.84999999999985,168.39999999999986,8754
1644916500,170.09999999999985,172.59999999999985,167.74999999999986,172.19999999999985,7996
1645002900,173.04999999999987,175.09999999999985,171.19999999999985,173.19999999999985,6068
1645089300,174.09999999999985,174.89999999999986,169.89999999999986,171.14999999999986,6030
1645175700,170.99999999999986,170.99999999999986,163.64999999999986,166.69999999999985,7691
1645521300,166.44999999999985,169.99999999999986,163.69999999999985,167.99999999999986,4442
1645607700,167.99999999999986,172.59999999999985,166.79999999999987,168.34999999999985,5275
1645694100,167.54999999999987,169.24999999999986,158.39999999999986,158.89999999999986,9994
1645780500,161.09999999999985,163.44999999999985,158.29999999999987,159.19999999999985,7346
1646039700,156.84999999999985,157.19999999999985,153.14999999999986,153.54999999999987,9940
1646126100,155.99999999999986,159.69999999999985,155.04999999999987,156.49999999999986,9313
1646212500,157.99999999999986,157.99999999999986,148.04999999999987,150.14999999999986,11559
1646298900,149.99999999999986,151.54999999999987,142.54999999999987,143.64999999999986,14883
1646385300,144.69999999999985,147.39999999999986,141.24999999999986,144.99999999999986,12350
1646644500,145.74999999999986,150.14999999999986,141.94999999999985,145.09999999999985,11483
1646730900,145.29999999999987,154.09999999999985,143.64999999999986,153.69999999999985,10682
1646817300,154.14999999999986,156.44999999999985,148.74999999999986,150.24999999999986,9163
1646903700,149.44999999999985,150.89999999999986,143.04999999999987,145.44999999999985,12661
1646990100,145.84999999999985,146.64999999999986,142.64999999999986,143.39999999999986,7007
1647249300,143.64999999999986,144.99999999999986,139.69999999999985,140.34999999999985,11103
1647335700,139.99999999999986,140.49999999999986,131.94999999999985,132.79999999999987,10487
1647422100,133.34999999999985,141.09999999999985,132.49999999999986,139.24999999999986,12370
1647508500,139.99999999999986,140.44999999999985,135.24999999999986,137.99999999999986,9811
1647594900,137.99999999999986,142.74999999999986,136.24999999999986,141.64999999999986,7250
1647854100,141.49999999999986,146.99999999999986,141.29999999999987,146.44999999999985,7032
1647940500,146.44999999999985,149.44999999999985,145.09999999999985,146.84999999999985,7766
1648026900,146.29999999999987,150.29999999999987,145.04999999999987,147.09999999999985,7304
1648113300,147.89999999999986,148.84999999999985,142.49999999999986,143.69999999999985,6785
1648199700,144.34999999999985,144.89999999999986,141.34999999999985,143.79999999999987,5672
1648455300,143.69999999999985,144.84999999999985,134.69999999999985,136.69999999999985,15738
1648541700,137.64999999999986,139.54999999999987,136.09999999999985,137.79999999999987,7257
1648628100,137.79999999999987,145.24999999999986,135.34999999999985,143.89999999999986,9813
1648714500,143.89999999999986,149.74999999999986,142.24999999999986,148.44999999999985,9990
1648800900,148.29999999999987,152.34999999999985,147.04999999999987,150.44999999999985,8843
1649060100,149.64999999999986,153.84999999999985,148.24999999999986,152.59999999999985,13369
1649146500,153.49999999999986,154.19999999999985,150.89999999999986,153.24999999999986,16965
1649232900,153.44999999999985,153.44999999999985,147.04999999999987,149.59999999999985,24036
1649319300,151.29999999999987,152.24999999999986,146.34999999999985,148.14999999999986,24957
1649405700,148.29999999999987,154.94999999999987,146.79999999999987,153.59999999999988,8962
1649664900,153.49999999999986,159.49999999999986,152.79999999999987,158.54999999999987,11821
1649751300,159.24999999999986,159.69999999999987,155.09999999999988,155.79999999999987,8861
1649837700,156.39999999999986,157.29999999999987,147.24999999999986,147.69999999999987,13798
1649924100,148.59999999999988,150.19999999999987,143.54999999999987,146.24999999999986,6436
1650269700,146.54999999999987,148.04999999999987,142.64999999999986,146.19999999999987,4447
1650356100,146.09999999999988,147.59999999999988,142.64999999999986,144.24999999999986,4785
1650442500,144.44999999999987,145.84999999999988,141.24999999999986,142.09999999999988,5003
1650528900,142.99999999999986,151.34999999999988,140.29999999999987,150.69999999999987,6116
1650615300,150.04999999999987,152.69999999999987,147.94999999999987,149.59999999999988,4192
1650874500,147.14999999999986,148.69999999999987,142.94999999999987,143.19999999999987,3716
1650960900,144.04999999999987,145.79999999999987,141.69999999999987,143.54999999999987,3997
1651047300,142.24999999999986,144.54999999999987,137.09999999999988,138.04999999999987,4538
1651133700,138.89999999999986,140.54999999999987,136.79999999999987,139.94999999999987,4321
1651220100,140.19999999999987,146.64999999999986,140.19999999999987,144.44999999999987,3536
1651479300,142.54999999999987,142.89999999999986,137.29999999999987,138.39999999999986,4095
1651565700,139.84999999999988,143.14999999999986,137.94999999999987,140.34999999999988,4270
1651652100,140.04999999999987,144.14999999999986,140.04999999999987,143.29999999999987,6222
1651738500,143.04999999999987,145.24999999999986,138.69999999999987,139.74999999999986,4177
1651824900,139.34999999999988,139.34999999999988,132.64999999999986,132.99999999999986,10702
1652084100,132.79999999999987,134.49999999999986,125.99999999999986,128.59999999999988,11003
1652170500,129.94999999999987,130.29999999999987,124.94999999999987,126.34999999999988,8016
1652256900,126.39999999999986,142.94999999999987,126.39999999999986,142.34999999999988,8599
1652343300,140.99999999999986,140.99999999999986,135.19999999999987,137.89999999999986,8744
1652429700,138.44999999999987,139.39999999999986,132.29999999999987,136.59999999999988,11362
1652688900,135.44999999999987,148.74999999999986,134.69999999999987,147.39999999999986,10728
1652775300,146.54999999999987,151.94999999999987,143.19999999999987,149.79999999999987,7869
1652861700,148.89999999999986,149.09999999999988,138.44999999999987,140.24999999999986,9840
1652948100,140.54999999999987,141.99999999999986,135.99999999999986,141.34999999999988,8647
1653034500,144.54999999999987,145.94999999999987,137.04999999999987,138.54999999999987,7190
1653293700,139.54999999999987,140.24999999999986,137.49999999999986,138.49999999999986,6628
1653380100,137.99999999999986,138.39999999999986,133.89999999999986,136.49999999999986,8038
1653466500,135.99999999999986,140.99999999999986,135.09999999999988,139.84999999999988,12073
1653552900,139.69999999999987,150.04999999999987,139.29999999999987,149.34999999999988,9540
1653639300,147.54999999999987,152.69999999999987,146.94999999999987,152.24999999999986,8477
1653984900,150.84999999999988,156.59999999999988,146.64999999999986,153.99999999999986,15971
1654071300,154.49999999999986,163.19999999999987,154.49999999999986,161.94999999999987,18913
1654157700,161.89999999999986,164.29999999999987,159.44999999999987,160.79999999999987,14709
1654244100,158.54999999999987,162.44999999999987,154.14999999999986,155.09999999999988,12672
1654503300,155.94999999999987,162.94999999999987,155.59999999999988,160.19999999999987,22229
1654589700,158.29999999999987,161.34999999999988,153.59999999999988,154.89999999999986,24491
1654676100,156.04999999999987,157.14999999999986,152.64999999999986,154.54999999999987,19468
1654762500,153.84999999999988,158.04999999999987,152.99999999999986,157.14999999999986,5400
1654848900,156.29999999999987,157.54999999999987,150.19999999999987,151.29999999999987,10380
1655108100,149.59999999999988,150.09999999999988,141.79999999999987,146.09999999999988,6759
1655194500,146.39999999999986,151.44999999999987,145.34999999999988,149.39999999999986,6681
1655280900,148.29999999999987,151.79999999999987,144.34999999999988,150.69999999999987,5949
1655367300,150.69999999999987,154.74999999999986,148.49999999999986,153.79999999999987,4001
1655453700,153.94999999999987,156.09999999999988,148.39999999999986,149.34999999999988,3594
1655799300,149.54999999999987,156.74999999999986,149.39999999999986,154.04999999999987,8848
1655885700,152.99999999999986,158.64999999999986,152.04999999999987,157.89999999999986,4220
1655972100,157.04999999999987,157.59999999999988,149.29999999999987,150.29999999999987,4635
1656058500,150.14999999999986,153.49999999999986,143.59999999999988,144.49999999999986,6020
1656317700,144.49999999999986,147.04999999999987,141.54999999999987,143.29999999999987,5718
1656404100,143.94999999999987,145.44999999999987,138.14999999999986,138.69999999999987,8662
1656490500,139.39999999999986,150.29999999999987,138.14999999999986,148.39999999999986,12300
1656576900,148.04999999999987,151.34999999999988,148.04999999999987,150.09999999999988,6483
1656663300,150.69999999999987,155.29999999999987,143.64999999999986,144.54999999999987,6034
1657008900,144.29999999999987,145.64999999999986,140.14999999999986,141.09999999999988,6694
1657095300,142.29999999999987,143.74999999999986,138.54999999999987,139.29999999999987,4944
1657181700,138.89999999999986,143.79999999999987,138.54999999999987,139.09999999999988,5585
1657268100,139.19999999999987,141.84999999999988,135.54999999999987,140.64999999999986,5805
1657527300,138.34999999999988,140.19999999999987,133.04999999999987,133.64999999999986,6852
1657613700,133.29999999999987,134.74999999999986,125.14999999999986,125.79999999999987,11730
1657700100,128.04999999999987,130.29999999999987,125.69999999999987,127.74999999999986,7936
1657786500,127.99999999999986,127.99999999999986,115.49999999999986,115.79999999999987,14903
1657872900,118.44999999999987,122.24999999999986,115.34999999999988,119.64999999999986,10769
1658132100,121.09999999999988,135.39999999999986,121.09999999999988,134.24999999999986,14291
1658218500,134.04999999999987,135.54999999999987,130.39999999999986,135.24999999999986,5860
1658304900,134.54999999999987,137.39999999999986,132.94999999999987,136.99999999999986,7897
1658391300,135.79999999999987,136.94999999999987,133.14999999999986,134.79999999999987,6758
1658477700,134.29999999999987,134.29999999999987,124.59999999999988,125.69999999999987,12294
1658736900,124.04999999999987,130.24999999999986,123.24999999999986,129.19999999999987,8503
1658823300,129.34999999999988,134.29999999999987,128.69999999999987,132.49999999999986,9347
1658909700,132.29999999999987,139.29999999999987,131.79999999999987,138.39999999999986,13108
1658996100,138.54999999999987,140.39999999999986,133.69999999999987,137.64999999999986,8976
1659082500,138.54999999999987,139.54999999999987,131.59999999999988,136.84999999999988,13326
1659341700,137.04999999999987,141.84999999999988,130.29999999999987,133.04999999999987,14712
1659428100,131.74999999999986,132.44999999999987,125.79999999999987,129.74999999999986,12113
1659514500,127.24999999999986,137.89999999999986,127.24999999999986,134.29999999999987,12168
1659600900,134.59999999999988,139.54999999999987,133.64999999999986,138.79999999999987,18135
1659687300,139.54999999999987,141.19999999999987,128.59999999999988,129.44999999999987,33100
1659946500,130.19999999999987,135.34999999999988,127.54999999999987,131.59999999999988,21592
1660032900,131.54999999999987,132.79999999999987,127.94999999999987,132.04999999999987,19230
1660119300,131.94999999999987,139.54999999999987,131.59999999999988,138.69999999999987,20207
1660205700,139.34999999999988,142.8999999999999,134.2499999999999,142.7499999999999,8485
1660292100,142.1499999999999,146.04999999999987,140.44999999999987,145.1499999999999,3736
1660551300,145.1499999999999,145.1499999999999,140.54999999999987,144.29999999999987,4123
1660637700,143.4999999999999,144.59999999999988,138.9999999999999,139.69999999999987,6720
1660724100,139.6499999999999,142.34999999999988,136.2499999999999,137.7499999999999,5602
1660810500,137.9999999999999,140.9999999999999,134.84999999999988,135.2499999999999,3536
1660896900,135.9999999999999,137.3999999999999,132.94999999999987,136.69999999999987,4544
1661156100,135.4999999999999,145.6499999999999,134.09999999999988,144.04999999999987,5748
1661242500,144.1499999999999,150.34999999999988,142.4999999999999,149.9999999999999,6956
1661328900,149.59999999999988,160.6499999999999,149.59999999999988,159.84999999999988,8163
1661415300,158.84999999999988,163.6499999999999,158.2499999999999,160.59999999999988,8066
1661501700,159.3999999999999,162.7499999999999,156.94999999999987,159.2499999999999,5130
1661760900,158.94999999999987,159.94999999999987,155.04999999999987,158.04999999999987,4210
1661847300,157.19999999999987,160.79999999999987,155.69999999999987,156.3999999999999,5725
1661933700,156.6499999999999,158.29999999999987,154.8999999999999,156.19999999999987,6605
1662020100,155.29999999999987,157.04999999999987,152.69999999999987,153.34999999999988,6045
1662106500,153.59999999999988,154.79999999999987,149.1499999999999,149.69999999999987,5761
1662452100,149.19999999999987,152.1499999999999,148.09999999999988,151.2499999999999,8920
1662538500,150.09999999999988,152.09999999999988,144.6499999999999,144.94999999999987,6921
1662624900,146.44999999999987,148.54999999999987,143.09999999999988,144.29999999999987,9237
1662711300,146.54999999999987,151.9999999999999,146.04999999999987,150.2499999999999,4522
1662970500,150.2499999999999,151.69999999999987,145.84999999999988,146.79999999999987,3566
1663056900,147.2499999999999,147.7499999999999,139.59999999999988,143.04999999999987,5586
1663143300,143.54999999999987,144.54999999999987,137.04999999999987,137.7499999999999,8331
1663229700,140.04999999999987,140.04999999999987,136.9999999999999,138.79999999999987,4177
1663316100,138.4999999999999,138.4999999999999,133.9999999999999,137.34999999999988,4680
1663575300,136.4999999999999,143.8999999999999,133.59999999999988,143.04999999999987,5733
1663661700,144.09999999999988,147.54999999999987,142.34999999999988,146.34999999999988,7379
1663748100,145.9999999999999,146.94999999999987,141.09999999999988,142.69999999999987,5802
1663834500,141.94999999999987,145.69999999999987,139.7499999999999,144.84999999999988,3253
1663920900,143.59999999999988,144.59999999999988,138.8999999999999,141.69999999999987,3960
1664180100,140.34999999999988,152.2499999999999,139.7499999999999,144.09999999999988,7685
1664266500,145.09999999999988,148.19999999999987,142.79999999999987,143.8999999999999,5613
1664352900,143.3999999999999,148.1499999999999,140.1499999999999,147.19999999999987,7978
1664439300,146.44999999999987,148.34999999999988,143.09999999999988,144.44999999999987,7328
1664525700,143.84999999999988,144.94999999999987,139.3999999999999,140.1499999999999,8292
1664784900,139.59999999999988,141.09999999999988,134.09999999999988,134.94999999999987,9258
1664871300,135.84999999999988,140.9999999999999,135.69999999999987,138.19999999999987,8995
1664957700,138.34999999999988,143.79999999999987,137.09999999999988,142.2499999999999,15036
1665044100,143.6499999999999,143.84999999999988,134.59999999999988,135.2499999999999,11771
1665130500,135.94999999999987,138.4999999999999,132.2499999999999,135.84999999999988,10010
1665389700,134.44999999999987,136.79999999999987,133.19999999999987,135.2499999999999,5464
1665476100,134.94999999999987,138.04999999999987,133.1499999999999,135.54999999999987,6732
1665562500,134.94999999999987,136.34999999999988,128.6499999999999,128.9999999999999,14537
1665648900,129.4999999999999,130.59999999999988,122.84999999999988,123.64999999999989,17990
1665735300,124.54999999999987,125.69999999999987,119.59999999999988,120.59999999999988,20117
1665994500,120.59999999999988,122.94999999999987,117.74999999999989,118.94999999999987,13888
1666080900,119.34999999999988,119.99999999999989,116.19999999999987,117.89999999999989,10311
1666167300,117.89999999999989,119.19999999999987,112.89999999999989,114.84999999999988,9785
1666253700,113.54999999999987,117.39999999999989,111.34999999999988,113.99999999999989,12142
1666340100,111.79999999999987,115.04999999999987,109.44999999999987,113.39999999999989,10382
1666599300,112.59999999999988,116.09999999999988,111.04999999999987,112.54999999999987,11518
1666685700,113.09999999999988,114.84999999999988,107.79999999999987,110.09999999999988,21332
1666772100,109.49999999999989,110.09999999999988,104.29999999999987,104.89999999999989,18780
1666858500,106.54999999999987,108.34999999999988,103.74999999999989,104.54999999999987,15640
1666944900,104.09999999999988,104.94999999999987,93.54999999999987,95.34999999999988,24157
1667207700,97.09999999999988,102.69999999999987,96.99999999999989,101.64999999999989,18585
1667294100,102.94999999999987,104.59999999999988,97.39999999999989,97.79999999999987,16898
1667380500,99.49999999999989,105.79999999999987,98.54999999999987,104.54999999999987,14954
1667466900,103.54999999999987,103.59999999999988,93.94999999999987,95.94999999999987,17768
1667553300,98.74999999999989,101.14999999999989,97.19999999999987,99.24999999999989,12050
1667812500,99.04999999999987,100.84999999999988,90.09999999999988,93.64999999999989,23662
1667898900,95.44999999999987,95.54999999999987,89.14999999999989,91.74999999999989,25009
1667985300,91.19999999999987,93.69999999999987,88.74999999999989,89.94999999999987,21687
1668071700,90.24999999999986,95.69999999999987,88.14999999999986,95.29999999999987,6247
1668158100,95.29999999999987,99.14999999999986,93.79999999999987,95.89999999999986,5719
1668417300,95.44999999999987,96.09999999999985,91.19999999999987,95.09999999999985,6707
1668503700,95.39999999999986,96.44999999999987,85.84999999999985,88.69999999999987,11499
1668590100,90.69999999999987,91.19999999999987,85.89999999999986,87.19999999999987,6545
1668676500,87.59999999999985,88.09999999999985,83.09999999999985,85.39999999999986,7518
1668762900,86.94999999999987,89.19999999999987,83.59999999999985,84.09999999999985,7725
1669022100,83.49999999999986,90.59999999999985,83.09999999999985,89.14999999999986,5904
1669108500,89.64999999999986,93.74999999999986,89.64999999999986,92.79999999999987,9002
1669194900,93.79999999999987,95.49999999999986,89.39999999999986,91.34999999999985,6526
1669367700,93.34999999999985,95.24999999999986,91.04999999999987,93.54999999999987,3046
1669626900,91.39999999999986,92.69999999999987,88.99999999999986,91.49999999999986,3672
1669713300,91.49999999999986,97.94999999999987,90.44999999999987,97.49999999999986,3655
1669799700,98.19999999999987,99.19999999999987,96.39999999999986,98.54999999999987,4366
1669886100,99.24999999999986,102.69999999999987,94.09999999999985,94.89999999999986,8966
1669972500,95.04999999999987,95.04999999999987,90.99999999999986,91.59999999999985,6437
1670231700,91.39999999999986,94.04999999999987,91.09999999999985,91.64999999999986,4906
1670318100,92.29999999999987,95.54999999999987,91.39999999999986,92.49999999999986,4297
1670404500,93.09999999999985,93.59999999999985,88.14999999999986,89.29999999999987,5668
1670490900,89.89999999999986,90.89999999999986,86.59999999999985,87.79999999999987,5637
1670577300,88.99999999999986,89.94999999999987,86.34999999999985,87.34999999999985,5933
1670836500,86.59999999999985,96.34999999999985,83.94999999999987,95.79999999999987,9292
1670922900,94.39999999999986,97.69999999999987,93.79999999999987,96.54999999999987,8749
1671009300,97.19999999999987,98.09999999999985,94.79999999999987,96.89999999999986,4285
1671095700,95.39999999999986,101.49999999999986,94.89999999999986,100.04999999999987,6625
1671182100,100.34999999999985,102.04999999999987,92.34999999999985,92.99999999999986,7259
1671441300,92.49999999999986,95.24999999999986,91.14999999999986,92.89999999999986,4560
1671527700,93.04999999999987,97.89999999999986,92.64999999999986,95.99999999999986,4759
1671614100,97.14999999999986,98.64999999999986,95.44999999999987,97.44999999999987,4071
1671700500,97.04999999999987,98.39999999999986,93.64999999999986,97.14999999999986,4526
1671786900,96.94999999999987,100.74999999999986,96.94999999999987,99.99999999999986,4600
1672132500,99.04999999999987,99.04999999999987,93.99999999999986,95.14999999999986,3562
1672218900,95.24999999999986,102.79999999999987,94.94999999999987,101.54999999999987,4655
1672305300,100.44999999999987,101.34999999999985,97.49999999999986,98.14999999999986,3369
1672391700,96.79999999999987,100.19999999999987,93.29999999999987,95.34999999999985,6600
1672737300,95.34999999999985,99.29999999999987,92.89999999999986,94.69999999999987,8374
1672823700,95.44999999999987,96.14999999999986,87.84999999999985,89.74999999999986,9999
1672910100,90.74999999999986,91.44999999999987,87.89999999999986,88.99999999999986,8200
1672996500,88.69999999999987,90.84999999999985,85.84999999999985,86.89999999999986,7570
1673255700,87.29999999999987,89.59999999999985,85.14999999999986,86.84999999999985,11690
1673342100,85.79999999999987,86.64999999999986,78.34999999999985,79.99999999999986,17169
1673428500,79.59999999999985,79.64999999999986,71.39999999999986,73.09999999999985,18555
1673514900,73.99999999999986,79.84999999999985,73.29999999999987,78.54999999999987,13716
1673601300,79.74999999999986,81.64999999999986,76.24999999999986,80.94999999999987,12158
1673946900,79.89999999999986,81.14999999999986,77.74999999999986,80.19999999999987,6400
1674033300,80.84999999999985,85.04999999999987,80.74999999999986,84.09999999999985,8814
1674119700,83.59999999999985,86.69999999999987,82.79999999999987,83.89999999999986,10417
1674206100,83.99999999999986,84.59999999999985,81.24999999999986,84.14999999999986,7480
1674465300,83.64999999999986,88.84999999999985,83.64999999999986,87.54999999999987,17998
1674551700,87.79999999999987,89.74999999999986,85.89999999999986,88.69999999999987,14953
1674638100,88.04999999999987,91.84999999999985,88.04999999999987,91.24999999999986,11066
1674724500,91.39999999999986,96.24999999999986,91.29999999999987,95.69999999999987,20043
1674810900,95.69999999999987,98.69999999999987,94.49999999999986,98.44999999999987,16784
1675070100,96.44999999999987,99.99999999999986,95.74999999999986,98.94999999999987,13530
1675156500,98.64999999999986,111.04999999999987,98.44999999999987,110.09999999999985,32340
1675242900,109.24999999999986,112.39999999999986,104.14999999999986,104.49999999999986,22632
1675329300,105.29999999999987,109.74999999999986,105.14999999999986,106.49999999999986,13084
1675415700,105.19999999999987,106.49999999999986,100.84999999999985,101.69999999999987,21272
1675674900,101.19999999999987,105.54999999999987,100.04999999999987,104.19999999999987,18423
1675761300,104.99999999999986,106.94999999999987,101.84999999999985,105.74999999999986,33034
1675847700,105.69999999999987,106.04999999999987,102.94999999999987,104.04999999999987,28649
1675934100,104.04999999999987,105.24999999999989,100.34999999999988,102.04999999999987,8544
1676020500,102.84999999999988,104.84999999999988,102.04999999999987,102.64999999999989,8634
1676279700,101.99999999999989,107.14999999999989,101.89999999999989,104.59999999999988,8979
1676366100,105.69999999999987,111.24999999999989,105.19999999999987,111.04999999999987,8996
1676452500,109.64999999999989,110.09999999999988,103.19999999999987,104.89999999999989,7286
1676538900,106.04999999999987,108.59999999999988,104.34999999999988,107.89999999999989,7025
1676625300,107.24999999999989,113.34999999999988,106.14999999999989,112.59999999999988,10897
1676970900,112.69999999999987,119.34999999999988,110.19999999999987,116.49999999999989,12231
1677057300,116.49999999999989,120.74999999999989,115.84999999999988,120.04999999999987,8581
1677143700,119.89999999999989,119.89999999999989,115.14999999999989,116.44999999999987,7426
1677230100,115.84999999999988,116.64999999999989,112.74999999999989,114.34999999999988,5266
1677489300,112.94999999999987,114.94999999999987,111.14999999999989,113.24999999999989,5109
1677575700,113.74999999999989,116.39999999999989,111.84999999999988,113.24999999999989,7013
1677662100,111.74999999999989,111.84999999999988,107.34999999999988,110.49999999999989,8767
1677748500,111.49999999999989,113.39999999999989,108.34999999999988,109.74999999999989,9902
1677834900,109.24999999999989,109.34999999999988,104.84999999999988,105.54999999999987,8822
1678094100,105.79999999999987,108.99999999999989,103.94999999999987,108.04999999999987,6495
1678180500,108.79999999999987,110.94999999999987,105.09999999999988,110.24999999999989,6726
1678266900,109.79999999999987,110.69999999999987,103.49999999999989,105.14999999999989,8682
1678353300,104.39999999999989,105.24999999999989,101.89999999999989,102.94999999999987,7245
1678439700,102.79999999999987,106.94999999999987,101.54999999999987,105.44999999999987,7797
1678698900,105.24999999999989,108.04999999999987,101.04999999999987,106.59999999999988,8386
1678785300,106.09999999999988,106.39999999999989,102.69999999999987,103.04999999999987,5047
1678871700,102.34999999999988,102.54999999999987,98.79999999999987,100.09999999999988,8468
1678958100,101.64999999999989,108.34999999999988,100.89999999999989,107.09999999999988,9914
1679044500,106.84999999999988,108.84999999999988,102.44999999999987,103.79999999999987,5338
1679303700,101.54999999999987,106.09999999999988,100.69999999999987,105.84999999999988,5840
1679390100,106.54999999999987,109.99999999999989,106.19999999999987,107.59999999999988,5583
1679476500,106.74999999999989,108.29999999999987,103.99999999999989,105.19999999999987,6555
1679562900,105.79999999999987,106.64999999999989,101.49999999999989,101.79999999999987,7546
1679649300,102.09999999999988,107.14999999999989,100.19999999999987,106.64999999999989,12275
1679904900,105.84999999999988,111.14999999999989,103.59999999999988,104.49999999999989,13201
1679991300,105.04999999999987,105.69999999999987,100.94999999999987,101.34999999999988,11431
1680077700,102.14999999999989,102.69999999999987,96.29999999999987,97.29999999999987,15918
1680164100,98.49999999999989,99.79999999999987,95.69999999999987,97.34999999999988,20850
1680250500,97.74999999999989,99.09999999999988,93.89999999999989,98.04999999999987,25099
1680509700,98.59999999999988,105.49999999999989,98.59999999999988,103.59999999999988,17932
1680596100,103.34999999999988,104.74999999999989,100.54999999999987,102.29999999999987,13316
1680682500,102.69999999999987,108.49999999999989,102.64999999999989,107.34999999999988,15730
1680768900,107.04999999999987,110.89999999999989,105.19999999999987,110.04999999999987,21700
1681114500,110.09999999999988,112.69999999999987,108.19999999999987,109.14999999999989,6276
1681200900,109.74999999999989,117.14999999999989,109.44999999999987,116.54999999999987,11715
1681287300,114.34999999999988,117.34999999999988,114.09999999999988,116.64999999999989,10109
1681373700,116.34999999999988,124.89999999999989,115.94999999999987,121.79999999999987,17723
1681460100,121.89999999999989,124.59999999999988,118.44999999999987,119.19999999999987,11219
1681719300,118.69999999999987,126.69999999999987,118.69999999999987,126.39999999999989,7565
1681805700,125.89999999999989,132.09999999999988,123.49999999999989,130.29999999999987,10072
1681892100,128.3999999999999,131.34999999999988,125.34999999999988,127.54999999999987,7987
1681978500,125.34999999999988,125.34999999999988,121.24999999999989,121.59999999999988,6092
1682064900,121.04999999999987,122.34999999999988,117.79999999999987,118.94999999999987,4616
1682324100,117.94999999999987,123.79999999999987,117.94999999999987,120.99999999999989,5112
1682410500,120.09999999999988,120.09999999999988,114.79999999999987,115.99999999999989,4395
1682496900,116.64999999999989,122.04999999999987,116.19999999999987,118.89999999999989,6195
1682583300,118.49999999999989,118.84999999999988,114.64999999999989,115.74999999999989,5233
1682669700,115.34999999999988,115.74999999999989,112.44999999999987,113.54999999999987,5965
1682928900,111.89999999999989,114.14999999999989,111.09999999999988,113.09999999999988,4998
1683015300,112.34999999999988,115.04999999999987,111.49999999999989,114.29999999999987,5375
1683101700,113.99999999999989,115.94999999999987,109.74999999999989,113.19999999999987,8243
1683188100,113.49999999999989,113.59999999999988,108.89999999999989,110.84999999999988,7846
1683274500,111.24999999999989,117.04999999999987,110.79999999999987,115.94999999999987,11686
1683533700,115.69999999999987,117.69999999999987,111.39999999999989,111.94999999999987,8025
1683620100,112.04999999999987,114.99999999999989,111.69999999999987,114.54999999999987,7976
1683706500,114.54999999999987,115.79999999999987,112.69999999999987,114.04999999999987,8728
1683792900,113.69999999999987,114.59999999999988,110.54999999999987,111.19999999999987,7634
1683879300,110.94999999999987,114.39999999999989,108.89999999999989,110.99999999999989,10854
1684138500,110.39999999999989,117.34999999999988,110.29999999999987,117.09999999999988,10295
1684224900,115.79999999999987,120.69999999999987,113.59999999999988,114.79999999999987,8889
1684311300,114.34999999999988,115.69999999999987,111.59999999999988,114.09999999999988,8013
1684397700,113.94999999999987,114.99999999999989,111.44999999999987,114.59999999999988,5710
1684484100,114.29999999999987,121.89999999999989,114.19999999999987,119.64999999999989,12097
1684743300,118.64999999999989,121.39999999999989,114.64999999999989,117.24999999999989,10120
1684829700,117.29999999999987,118.24999999999989,113.84999999999988,115.54999999999987,9229
1684916100,115.89999999999989,117.39999999999989,114.74999999999989,116.09999999999988,8322
1685002500,116.34999999999988,116.49999999999989,109.89999999999989,110.99999999999989,11912
1685088900,110.79999999999987,112.74999999999989,108.59999999999988,109.89999999999989,12165
1685434500,108.64999999999989,109.94999999999987,104.24999999999989,105.19999999999987,15046
1685520900,105.19999999999987,107.24999999999989,103.54999999999987,106.19999999999987,17055
1685607300,106.99999999999989,112.14999999999989,106.99999999999989,110.59999999999988,13894
1685693700,110.74999999999989,114.94999999999987,106.94999999999987,108.04999999999987,16077
1685952900,106.99999999999989,110.94999999999987,106.84999999999988,110.54999999999987,12023
1686039300,110.24999999999989,112.34999999999988,108.99999999999989,109.89999999999989,13482
1686125700,110.34999999999988,113.39999999999989,109.79999999999987,112.04999999999987,24628
1686212100,112.14999999999989,121.89999999999989,111.14999999999989,120.69999999999987,30281
1686298500,120.44999999999987,122.04999999999987,116.14999999999986,117.64999999999986,12462
1686557700,117.64999999999986,119.09999999999988,112.14999999999986,112.59999999999988,8092
1686644100,112.79999999999987,113.64999999999986,108.94999999999987,109.94999999999987,8233
1686730500,110.04999999999987,111.59999999999988,108.64999999999986,111.39999999999986,7811
1686816900,111.44999999999987,114.94999999999987,111.44999999999987,114.29999999999987,6338
1686903300,114.54999999999987,115.39999999999986,111.24999999999986,112.04999999999987,5639
1687248900,111.19999999999987,112.89999999999986,106.69999999999987,107.69999999999987,12527
1687335300,109.04999999999987,109.04999999999987,102.74999999999986,104.24999999999986,15882
1687421700,104.94999999999987,104.94999999999987,100.84999999999988,102.09999999999988,11565
1687508100,102.29999999999987,102.29999999999987,96.19999999999987,96.89999999999986,11539
1687767300,97.04999999999987,98.74999999999986,94.69999999999987,96.69999999999987,10367
1687853700,97.54999999999987,99.39999999999986,94.59999999999988,98.44999999999987,8924
1687940100,98.34999999999988,98.54999999999987,93.04999999999987,93.84999999999988,7683
1688026500,93.84999999999988,95.09999999999988,89.99999999999986,93.29999999999987,9880
1688112900,94.69999999999987,95.44999999999987,90.49999999999986,91.14999999999986,8334
1688372100,92.04999999999987,94.64999999999986,91.69999999999987,92.74999999999986,6599
1688544900,92.64999999999986,94.29999999999987,90.39999999999986,91.19999999999987,9218
1688631300,90.94999999999987,95.79999999999987,88.39999999999986,92.69999999999987,10487
1688717700,93.04999999999987,94.34999999999988,90.39999999999986,93.09999999999988,5373
1688976900,92.64999999999986,93.89999999999986,91.04999999999987,92.34999999999988,7546
1689063300,92.59999999999988,93.09999999999988,88.04999999999987,90.04999999999987,9259
1689149700,90.74999999999986,91.69999999999987,89.04999999999987,89.49999999999986,5721
1689236100,90.29999999999987,91.94999999999987,88.89999999999986,90.09999999999988,9460
1689322500,91.19999999999987,94.04999999999987,90.24999999999986,93.34999999999988,8382
1689581700,92.34999999999988,93.79999999999987,88.04999999999987,88.69999999999987,11436
1689668100,88.69999999999987,90.64999999999986,88.04999999999987,89.49999999999986,12834
1689754500,89.69999999999987,90.84999999999988,88.54999999999987,88.89999999999986,10051
1689840900,89.19999999999987,92.84999999999988,88.64999999999986,91.34999999999988,10291
1689927300,91.84999999999988,94.84999999999988,89.79999999999987,94.59999999999988,10202
1690186500,93.59999999999988,98.04999999999987,93.59999999999988,96.34999999999988,13763
1690272900,95.69999999999987,97.19999999999987,94.79999999999987,95.24999999999986,10887
1690359300,94.69999999999987,96.94999999999987,92.69999999999987,96.24999999999986,9428
1690445700,97.09999999999988,97.84999999999988,93.39999999999986,94.74999999999986,9170
1690532100,94.84999999999988,95.24999999999986,90.79999999999987,91.24999999999986,11273
1690791300,91.19999999999987,98.94999999999987,91.19999999999987,97.59999999999988,13554
1690877700,97.74999999999986,100.19999999999987,95.09999999999988,97.44999999999987,13063
1690964100,97.24999999999986,100.34999999999988,95.74999999999986,99.39999999999986,15191
1691050500,98.89999999999986,100.54999999999987,96.34999999999988,97.04999999999987,15659
1691136900,96.44999999999987,97.34999999999988,93.64999999999986,93.99999999999986,15535
1691396100,93.74999999999986,97.19999999999987,92.84999999999988,96.49999999999986,25850
1691482500,95.09999999999988,95.49999999999986,92.34999999999988,93.89999999999986,24322
1691568900,93.94999999999987,94.94999999999987,92.54999999999987,93.24999999999986,27140
1691655300,92.99999999999986,95.69999999999987,91.94999999999987,92.79999999999987,7652
1691741700,91.79999999999987,92.09999999999985,89.14999999999986,90.69999999999987,10970
1692000900,90.84999999999985,91.44999999999987,85.24999999999986,85.84999999999985,12339
1692087300,85.19999999999987,86.04999999999987,82.69999999999987,84.59999999999985,8381
1692173700,85.14999999999986,85.79999999999987,82.94999999999987,83.94999999999987,8555
1692260100,83.94999999999987,84.64999999999986,80.74999999999986,82.49999999999986,8744
1692346500,82.69999999999987,85.04999999999987,80.54999999999987,83.34999999999985,7761
1692605700,83.34999999999985,87.84999999999985,83.34999999999985,84.29999999999987,7808
1692692100,84.89999999999986,86.64999999999986,82.94999999999987,83.44999999999987,6494
1692778500,84.59999999999985,88.24999999999986,84.24999999999986,86.99999999999986,6578
1692864900,87.69999999999987,89.19999999999987,85.29999999999987,87.19999999999987,5897
1692951300,86.59999999999985,88.34999999999985,83.89999999999986,86.19999999999987,5061
1693210500,85.89999999999986,87.74999999999986,85.19999999999987,85.74999999999986,2442
1693296900,85.54999999999987,87.39999999999986,84.59999999999985,86.09999999999985,3812
1693383300,86.59999999999985,88.74999999999986,86.39999999999986,88.24999999999986,6109
1693469700,88.29999999999987,90.39999999999986,85.99999999999986,87.54999999999987,8957
1693556100,87.54999999999987,89.24999999999986,84.89999999999986,85.14999999999986,6219
1693901700,85.19999999999987,86.74999999999986,81.89999999999986,86.24999999999986,8776
1693988100,86.24999999999986,87.74999999999986,84.14999999999986,86.69999999999987,7731
1694074500,86.34999999999985,86.34999999999985,82.54999999999987,82.84999999999985,4978
1694160900,84.09999999999985,84.14999999999986,81.09999999999985,81.69999999999987,4808
1694420100,81.44999999999987,86.24999999999986,80.44999999999987,85.74999999999986,9831
1694506500,85.54999999999987,85.89999999999986,83.49999999999986,85.04999999999987,8587
1694592900,85.34999999999985,86.64999999999986,84.19999999999987,85.04999999999987,8442
1694679300,85.29999999999987,87.44999999999987,82.34999999999985,86.79999999999987,9523
1694765700,86.54999999999987,92.94999999999987,86.14999999999986,91.64999999999986,10663
1695024900,90.69999999999987,93.74999999999986,90.54999999999987,92.44999999999987,9750
1695111300,92.99999999999986,97.34999999999985,92.79999999999987,93.94999999999987,11120
1695197700,93.14999999999986,94.49999999999986,90.69999999999987,91.14999999999986,7505
1695284100,90.99999999999986,91.54999999999987,87.64999999999986,87.94999999999987,7202
1695370500,87.94999999999987,88.69999999999987,83.09999999999985,84.14999999999986,7877
1695629700,83.39999999999986,84.94999999999987,81.14999999999986,81.79999999999987,7867
1695716100,81.89999999999986,84.94999999999987,81.49999999999986,83.79999999999987,8624
1695802500,83.39999999999986,83.39999999999986,80.54999999999987,82.24999999999986,9895
1695888900,82.14999999999986,83.09999999999985,79.54999999999987,80.24999999999986,10402
1695975300,80.24999999999986,80.49999999999986,77.94999999999987,79.09999999999985,9074
1696234500,79.34999999999985,84.19999999999987,78.69999999999987,81.99999999999986,8862
1696320900,81.74999999999986,82.84999999999985,80.19999999999987,81.59999999999985,6463
1696407300,81.04999999999987,81.74999999999986,78.79999999999987,79.24999999999986,9257
1696493700,79.04999999999987,80.14999999999986,77.94999999999987,78.29999999999987,8968
1696580100,78.09999999999985,79.69999999999987,77.39999999999986,79.09999999999985,10887
1696839300,78.84999999999985,80.89999999999986,77.89999999999986,79.14999999999986,9261
1696925700,78.74999999999986,81.19999999999987,76.89999999999986,80.34999999999985,16075
1697012100,80.79999999999987,82.14999999999986,79.04999999999987,80.54999999999987,9025
1697098500,80.69999999999987,82.49999999999986,79.84999999999985,81.89999999999986,12754
1697184900,81.64999999999986,87.59999999999985,81.64999999999986,87.04999999999987,18761
1697444100,86.49999999999986,87.99999999999986,84.64999999999986,86.59999999999985,13365
1697530500,86.49999999999986,89.24999999999986,84.94999999999987,88.59999999999985,14765
1697616900,88.44999999999987,90.79999999999987,88.09999999999985,89.54999999999987,14344
1697703300,89.54999999999987,94.04999999999987,89.34999999999985,93.69999999999987,24030
1697789700,92.89999999999986,97.14999999999986,92.24999999999986,96.29999999999987,24883
1698048900,94.29999999999987,97.79999999999987,93.99999999999986,96.84999999999985,14870
1698135300,96.79999999999987,99.69999999999987,96.04999999999987,98.99999999999986,16571
1698221700,98.54999999999987,99.94999999999987,92.69999999999987,93.94999999999987,20052
1698308100,93.19999999999987,94.94999999999987,91.94999999999987,92.79999999999987,12178
1698394500,92.39999999999986,94.54999999999987,91.69999999999987,92.39999999999986,9294
1698657300,90.89999999999986,92.24999999999986,89.84999999999985,90.19999999999987,14640
1698743700,89.99999999999986,97.19999999999987,89.89999999999986,96.79999999999987,23931
1698830100,95.64999999999986,96.39999999999986,89.79999999999987,90.74999999999986,20469
1698916500,91.44999999999987,96.69999999999987,90.89999999999986,95.74999999999986,18782
1699002900,96.69999999999987,101.34999999999985,96.24999999999986,101.04999999999987,19231
1699262100,101.04999999999987,103.89999999999986,98.64999999999986,103.59999999999985,21831
1699348500,103.39999999999986,103.59999999999985,99.54999999999987,101.39999999999986,29442
1699434900,101.39999999999986,104.74999999999986,101.39999999999986,103.99999999999986,32081
1699521300,104.74999999999986,106.09999999999988,103.44999999999987,105.99999999999986,11429
1699607700,104.89999999999986,105.79999999999987,100.69999999999987,102.39999999999986,10303
1699866900,99.94999999999987,105.39999999999986,98.84999999999988,104.84999999999988,9764
1699953300,104.34999999999988,105.74999999999986,102.94999999999987,103.39999999999986,9964
1700039700,104.14999999999986,107.59999999999988,101.39999999999986,106.79999999999987,11647
1700126100,106.79999999999987,107.79999999999987,102.39999999999986,103.09999999999988,8365
1700212500,102.39999999999986,103.79999999999987,97.44999999999987,98.34999999999988,8871
1700471700,98.14999999999986,104.44999999999987,97.04999999999987,102.19999999999987,13688
1700558100,102.49999999999986,102.69999999999987,98.29999999999987,99.49999999999986,5619
1700644500,99.49999999999986,100.89999999999986,96.69999999999987,99.74999999999986,7207
1700817300,98.84999999999988,101.24999999999986,97.59999999999988,98.39999999999986,6877
1701076500,96.79999999999987,101.39999999999986,96.24999999999986,98.09999999999988,15040
1701162900,98.39999999999986,103.94999999999987,97.79999999999987,102.29999999999987,14682
1701249300,101.99999999999986,102.19999999999987,99.69999999999987,101.84999999999988,7212
1701335700,103.19999999999987,113.59999999999988,102.59999999999988,112.54999999999987,19708
1701422100,113.69999999999987,116.84999999999988,106.59999999999988,113.49999999999986,20304
1701681300,111.64999999999986,111.64999999999986,105.79999999999987,109.04999999999987,11658
1701767700,108.64999999999986,114.74999999999986,107.14999999999986,113.29999999999987,11236
1701854100,112.79999999999987,113.09999999999988,105.19999999999987,105.34999999999988,9637
1701940500,106.49999999999986,109.24999999999986,105.74999999999986,107.44999999999987,6632
1702026900,108.14999999999986,109.89999999999986,106.49999999999986,107.29999999999987,8250
1702286100,106.89999999999986,113.79999999999987,106.09999999999988,113.59999999999988,9800
1702372500,113.19999999999987,116.29999999999987,109.94999999999987,114.29999999999987,10709
1702458900,114.39999999999986,119.99999999999986,113.59999999999988,117.09999999999988,17775
1702545300,117.09999999999988,122.39999999999986,115.34999999999988,119.04999999999987,12131
1702631700,119.04999999999987,121.29999999999987,116.79999999999987,118.59999999999988,7353
1702890900,118.59999999999988,122.39999999999986,116.19999999999987,119.84999999999988,8614
1702977300,121.94999999999987,132.54999999999987,120.14999999999986,131.39999999999986,17201
1703063700,129.34999999999988,130.89999999999986,118.89999999999986,119.94999999999987,16110
1703150100,118.59999999999988,126.39999999999986,117.44999999999987,122.89999999999986,17347
1703236500,121.29999999999987,123.39999999999986,118.64999999999986,122.04999999999987,6887
1703582100,122.19999999999987,124.59999999999988,121.09999999999988,123.74999999999986,4975
1703668500,123.74999999999986,129.19999999999987,123.19999999999987,127.14999999999986,9412
1703754900,125.39999999999986,130.69999999999987,124.54999999999987,127.54999999999987,7259
1703841300,126.79999999999987,127.29999999999987,115.84999999999988,117.99999999999986,9461
1704186900,118.34999999999988,122.14999999999986,118.34999999999988,119.44999999999987,8038
1704273300,119.34999999999988,120.29999999999987,114.49999999999986,115.89999999999986,7901
1704359700,116.29999999999987,117.04999999999987,114.59999999999988,115.29999999999987,5833
1704446100,115.29999999999987,117.14999999999986,111.99999999999986,112.89999999999986,11891
1704705300,112.09999999999988,113.54999999999987,109.44999999999987,111.44999999999987,11655
1704791700,113.84999999999988,116.39999999999986,112.64999999999986,113.84999999999988,11804
1704878100,114.29999999999987,114.44999999999987,110.14999999999986,110.74999999999986,14470
1704964500,111.69999999999987,116.14999999999986,110.54999999999987,112.79999999999987,18761
1705050900,112.59999999999988,115.39999999999986,108.49999999999986,109.14999999999986,12425
1705396500,111.29999999999987,115.34999999999988,110.49999999999986,113.84999999999988,14056
1705482900,113.29999999999987,113.84999999999988,107.19999999999987,107.79999999999987,12250
1705569300,108.99999999999986,111.14999999999986,104.89999999999986,108.79999999999987,15071
1705655700,111.09999999999988,114.54999999999987,110.54999999999987,113.64999999999986,12609
1705914900,112.39999999999986,119.94999999999987,111.89999999999986,119.34999999999988,19559
1706001300,118.89999999999986,120.39999999999986,115.94999999999987,118.79999999999987,19835
1706087700,118.99999999999986,121.49999999999986,116.64999999999986,117.99999999999986,19476
1706174100,117.99999999999986,118.34999999999988,113.24999999999986,115.49999999999986,17513
1706260500,115.54999999999987,121.69999999999987,114.29999999999987,121.24999999999986,15766
1706519700,119.59999999999988,121.39999999999986,117.19999999999987,117.84999999999988,14418
1706606100,118.59999999999988,124.99999999999986,117.54999999999987,122.04999999999987,18125
1706692500,121.84999999999988,123.94999999999987,120.14999999999986,122.74999999999986,17028
1706778900,122.04999999999987,123.79999999999987,119.69999999999987,122.74999999999986,25865
1706865300,122.79999999999987,123.49999999999986,119.44999999999987,120.79999999999987,19231
1707124500,119.29999999999987,121.14999999999986,117.49999999999986,118.49999999999986,16319
1707210900,117.89999999999986,118.14999999999986,114.94999999999987,116.89999999999986,23622
1707297300,118.09999999999988,120.44999999999987,117.44999999999987,119.64999999999986,37141
1707383700,119.14999999999986,119.14999999999986,117.24999999999986,117.69999999999987,6090
1707470100,118.04999999999987,123.29999999999987,118.04999999999987,122.74999999999986,13324
1707729300,121.24999999999986,125.04999999999987,119.24999999999986,122.39999999999986,11876
1707815700,121.09999999999988,123.49999999999986,118.24999999999986,119.84999999999988,10092
1707902100,117.64999999999986,118.04999999999987,113.94999999999987,114.69999999999987,13324
1707988500,115.09999999999988,118.14999999999986,114.69999999999987,116.64999999999986,7093
1708074900,117.29999999999987,118.99999999999986,115.59999999999988,118.14999999999986,9131
1708420500,118.14999999999986,121.19999999999987,115.99999999999986,117.59999999999988,8959
1708506900,118.09999999999988,119.69999999999987,116.64999999999986,119.19999999999987,6694
1708593300,117.59999999999988,119.69999999999987,114.24999999999986,114.64999999999986,8310
1708679700,114.29999999999987,115.09999999999988,110.99999999999986,111.59999999999988,8607
1708938900,111.54999999999987,114.04999999999987,110.89999999999986,111.34999999999988,6733
1709025300,111.64999999999986,115.49999999999986,109.14999999999986,114.19999999999987,10698
1709111700,113.64999999999986,114.44999999999987,111.49999999999986,112.89999999999986,6607
1709198100,112.44999999999987,116.54999999999987,111.34999999999988,115.24999999999986,11322
1709284500,115.24999999999986,115.99999999999986,111.29999999999987,113.94999999999987,10810
1709543700,113.94999999999987,119.29999999999987,113.94999999999987,117.04999999999987,14347
1709630100,116.54999999999987,118.69999999999987,113.64999999999986,113.94999999999987,12823
1709716500,114.24999999999986,117.29999999999987,113.14999999999986,116.54999999999987,9860
1709802900,116.54999999999987,124.49999999999986,115.24999999999986,122.44999999999987,20113
1709889300,120.54999999999987,120.84999999999988,115.09999999999988,115.99999999999986,17361
1710148500,115.79999999999987,116.49999999999986,113.39999999999986,115.69999999999987,10813
1710234900,115.54999999999987,118.39999999999986,114.84999999999988,116.64999999999986,9525
1710321300,116.64999999999986,117.64999999999986,112.54999999999987,113.79999999999987,11284
1710407700,113.99999999999986,115.09999999999988,112.39999999999986,114.79999999999987,11762
1710494100,114.69999999999987,116.24999999999986,113.24999999999986,114.19999999999987,9544
1710753300,113.84999999999988,117.24999999999986,112.79999999999987,113.14999999999986,9608
1710839700,112.79999999999987,114.64999999999986,110.84999999999988,114.34999999999988,12684
1710926100,113.54999999999987,115.59999999999988,113.09999999999988,113.94999999999987,11945
1711012500,115.04999999999987,119.54999999999987,114.64999999999986,117.19999999999987,15141
1711098900,117.54999999999987,119.49999999999986,116.14999999999986,116.54999999999987,18007
1711358100,116.64999999999986,117.89999999999986,115.14999999999986,117.44999999999987,14417
1711444500,117.49999999999986,120.99999999999986,116.99999999999986,119.79999999999987,17309
1711530900,119.64999999999986,123.94999999999987,119.04999999999987,122.44999999999987,24828
1711617300,122.39999999999986,122.74999999999986,119.44999999999987,120.59999999999988,15969
1711959300,120.04999999999987,124.44999999999987,119.29999999999987,123.64999999999986,18840
1712045700,122.84999999999988,130.19999999999987,122.64999999999986,129.64999999999986,32326
1712132100,128.04999999999987,138.69999999999987,128.04999999999987,135.34999999999988,36828
1712218500,137.99999999999986,139.44999999999987,134.14999999999986,138.34999999999988,28851
1712304900,136.84999999999988,144.74999999999986,135.74999999999986,143.54999999999987,43382
1712564100,142.69999999999987,146.34999999999988,140.39999999999986,141.99999999999986,47727
1712650500,140.69999999999987,145.34999999999988,140.59999999999988,144.39999999999986,41389
1712736900,144.39999999999986,146.44999999999987,142.24999999999986,145.19999999999987,31798
1712823300,145.2499999999999,150.79999999999987,144.29999999999987,149.44999999999987,10726
1712909700,149.94999999999987,160.54999999999987,147.34999999999988,152.6499999999999,15423
1713168900,148.8999999999999,161.69999999999987,146.84999999999988,158.54999999999987,12639
1713255300,161.79999999999987,163.34999999999988,157.09999999999988,160.19999999999987,18352
1713341700,159.34999999999988,173.04999999999987,159.34999999999988,171.7499999999999,13980
1713428100,174.29999999999987,176.6499999999999,162.09999999999988,162.69999999999987,13389
1713514500,163.8999999999999,170.1499999999999,160.69999999999987,163.4999999999999,10681
1713773700,162.54999999999987,165.79999999999987,155.04999999999987,159.09999999999988,9242
1713860100,160.34999999999988,161.2499999999999,151.79999999999987,153.44999999999987,11282
1713946500,152.4999999999999,159.09999999999988,151.94999999999987,157.59999999999988,8493
1714032900,158.19999999999987,163.3999999999999,157.69999999999987,159.6499999999999,6590
1714119300,157.19999999999987,158.34999999999988,153.34999999999988,155.7499999999999,9722
1714378500,154.6499999999999,160.3999999999999,154.6499999999999,159.1499999999999,6627
1714464900,159.04999999999987,159.34999999999988,144.84999999999988,148.1499999999999,13154
1714551300,146.54999999999987,149.3999999999999,144.29999999999987,147.3999999999999,10561
1714637700,147.6499999999999,147.94999999999987,136.09999999999988,137.69999999999987,14687
1714724100,137.59999999999988,139.9999999999999,131.9999999999999,132.44999999999987,13932
1714983300,131.79999999999987,133.2499999999999,126.84999999999988,127.49999999999989,12424
1715069700,126.74999999999989,129.44999999999987,124.34999999999988,128.7499999999999,16679
1715156100,128.7499999999999,130.29999999999987,126.64999999999989,129.59999999999988,10621
1715242500,130.6499999999999,133.84999999999988,129.9999999999999,133.34999999999988,7315
1715328900,132.9999999999999,135.4999999999999,130.79999999999987,133.29999999999987,11580
1715588100,132.1499999999999,136.6499999999999,127.79999999999987,128.59999999999988,12962
1715674500,128.29999999999987,133.7499999999999,125.29999999999987,133.2499999999999,9709
1715760900,133.2499999999999,134.84999999999988,128.94999999999987,131.7499999999999,7393
1715847300,132.19999999999987,132.59999999999988,129.19999999999987,130.29999999999987,6545
1715933700,130.69999999999987,139.29999999999987,130.2499999999999,138.79999999999987,9078
1716192900,137.84999999999988,140.09999999999988,135.9999999999999,139.09999999999988,10979
1716279300,139.34999999999988,151.09999999999988,138.79999999999987,149.34999999999988,18470
1716365700,150.3999999999999,153.2499999999999,148.84999999999988,152.59999999999988,15775
1716452100,152.79999999999987,153.8999999999999,144.34999999999988,148.1499999999999,15393
1716538500,147.94999999999987,152.44999999999987,145.54999999999987,150.69999999999987,11120
1716884100,150.4999999999999,165.29999999999987,150.4999999999999,163.1499999999999,19650
1716970500,160.3999999999999,168.1499999999999,160.29999999999987,161.6499999999999,17519
1717056900,160.04999999999987,167.6499999999999,157.79999999999987,165.29999999999987,13818
1717143300,165.6499999999999,169.94999999999987,152.79999999999987,154.59999999999988,17547
1717402500,153.29999999999987,161.3999999999999,153.1499999999999,158.84999999999988,13755
1717488900,158.19999999999987,166.29999999999987,155.7499999999999,166.04999999999987,20693
1717575300,162.4999999999999,165.54999999999987,158.6499999999999,164.34999999999988,26207
1717661700,164.1499999999999,172.04999999999987,164.1499999999999,166.69999999999987,28363
1717748100,165.84999999999988,166.59999999999988,157.09999999999988,158.2499999999999,48063
1718007300,158.1499999999999,159.84999999999988,152.4999999999999,155.5499999999999,12627
1718093700,155.6499999999999,158.9499999999999,153.3999999999999,155.0499999999999,12952
1718180100,153.9499999999999,160.9499999999999,149.7499999999999,158.2499999999999,11978
1718266500,157.34999999999988,162.6499999999999,157.34999999999988,159.6499999999999,10461
1718352900,158.2999999999999,160.4999999999999,156.1499999999999,157.84999999999988,7018
1718612100,157.84999999999988,161.1499999999999,156.6499999999999,160.6999999999999,7465
1718698500,160.34999999999988,162.0499999999999,156.3999999999999,159.4999999999999,7795
1718871300,160.1499999999999,168.84999999999988,159.5499999999999,163.1999999999999,8363
1718957700,161.1499999999999,164.59999999999988,157.0499999999999,157.8999999999999,7334
1719216900,158.0499999999999,170.0499999999999,158.0499999999999,168.8999999999999,9100
1719303300,167.9999999999999,168.1999999999999,160.1499999999999,161.8999999999999,6804
1719389700,162.5499999999999,165.2499999999999,155.84999999999988,157.1499999999999,9188
1719476100,159.2999999999999,161.59999999999988,157.34999999999988,158.84999999999988,5733
1719562500,159.6499999999999,160.84999999999988,154.59999999999988,159.1499999999999,5726
1719821700,159.1999999999999,160.59999999999988,151.4499999999999,156.9999999999999,6370
1719908100,157.3999999999999,162.8999999999999,153.7499999999999,159.34999999999988,6114
1719994500,158.3999999999999,159.6999999999999,155.4499999999999,156.6999999999999,6307
1720167300,160.6499999999999,165.1499999999999,158.7499999999999,161.1999999999999,7733
1720426500,162.3999999999999,167.6499999999999,161.9999999999999,166.7999999999999,8907
1720512900,166.1499999999999,184.1999999999999,165.4499999999999,181.84999999999988,18507
1720599300,179.3999999999999,181.6499999999999,174.6999999999999,175.8999999999999,9902
1720685700,177.2499999999999,187.34999999999988,175.09999999999988,177.2999999999999,16151
1720772100,178.5499999999999,182.1499999999999,173.8999999999999,181.4499999999999,11776
1721031300,180.3999999999999,180.6999999999999,173.2499999999999,175.0499999999999,9828
1721117700,176.1499999999999,178.5499999999999,175.2499999999999,176.4499999999999,7400
1721204100,177.9499999999999,179.6499999999999,174.84999999999988,176.09999999999988,11268
1721290500,176.7499999999999,178.2499999999999,173.59999999999988,173.9999999999999,9639
1721376900,174.1999999999999,174.9999999999999,166.84999999999988,171.34999999999988,11796
1721636100,169.7999999999999,177.2999999999999,169.34999999999988,175.9499999999999,8841
1721722500,175.09999999999988,175.6999999999999,171.34999999999988,172.1499999999999,8936
1721808900,171.5499999999999,171.5499999999999,164.1999999999999,164.7499999999999,20801
1721895300,165.09999999999988,168.9499999999999,162.1499999999999,168.1999999999999,15999
1721981700,166.1499999999999,166.59999999999988,163.4499999999999,163.7999999999999,8707
1722240900,163.4499999999999,167.0499999999999,161.6999999999999,163.9999999999999,10820
1722327300,163.9999999999999,166.6499999999999,161.84999999999988,164.2499999999999,12342
1722413700,163.84999999999988,168.6499999999999,160.6999999999999,162.7999999999999,16955
1722500100,163.2499999999999,164.6499999999999,158.9499999999999,161.0499999999999,15032
1722586500,161.09999999999988,165.1999999999999,160.09999999999988,164.1999999999999,12581
1722845700,160.6499999999999,160.8999999999999,154.7999999999999,158.9499999999999,17680
1722932100,162.34999999999988,170.8999999999999,161.7499999999999,167.59999999999988,26887
1723018500,166.6499999999999,178.2999999999999,166.6499999999999,176.6499999999999,36528
1723104900,175.4499999999999,180.1499999999999,172.84999999999988,173.9999999999999,40232
1723191300,174.04999999999987,174.59999999999988,163.79999999999987,165.4999999999999,10143
1723450500,172.79999999999987,181.39999999999986,172.7499999999999,174.09999999999988,11057
1723536900,168.44999999999987,169.7499999999999,164.34999999999988,164.9999999999999,17174
1723623300,165.69999999999987,172.14999999999986,165.19999999999987,170.84999999999988,8816
1723709700,170.34999999999988,174.84999999999988,168.64999999999986,174.39999999999986,5754
1723796100,173.89999999999986,180.59999999999988,172.89999999999986,180.29999999999987,5879
1724055300,179.59999999999988,184.19999999999987,177.2499999999999,180.34999999999988,6386
1724141700,180.14999999999986,189.19999999999987,180.14999999999986,184.59999999999988,8611
1724228100,182.19999999999987,188.04999999999987,179.9999999999999,185.7499999999999,7492
1724314500,185.19999999999987,185.9999999999999,178.19999999999987,179.89999999999986,7565
1724400900,179.69999999999987,183.84999999999988,177.59999999999988,183.4999999999999,5420
1724660100,182.9999999999999,186.34999999999988,181.64999999999986,185.84999999999988,4600
1724746500,185.4999999999999,195.39999999999986,185.4999999999999,191.84999999999988,10165
1724832900,192.19999999999987,193.84999999999988,187.69999999999987,192.69999999999987,7987
1724919300,191.69999999999987,193.54999999999987,180.34999999999988,183.89999999999986,7628
1725005700,185.29999999999987,188.39999999999986,179.39999999999986,180.79999999999987,9513
1725351300,178.39999999999986,182.69999999999987,177.4999999999999,179.7499999999999,8373
1725437700,181.19999999999987,183.44999999999987,177.64999999999986,180.69999999999987,7207
1725524100,180.54999999999987,185.34999999999988,179.29999999999987,181.34999999999988,7287
1725610500,180.2499999999999,180.79999999999987,172.64999999999986,173.2499999999999,7094
1725869700,175.44999999999987,182.79999999999987,175.44999999999987,182.14999999999986,9637
1725956100,182.14999999999986,187.2499999999999,181.14999999999986,183.4999999999999,9092
1726042500,183.29999999999987,184.14999999999986,178.84999999999988,183.14999999999986,8683
1726128900,183.4999999999999,186.84999999999988,182.94999999999987,185.69999999999987,7408
1726215300,184.69999999999987,196.0499999999999,184.69999999999987,195.2999999999999,9830
1726474500,194.2499999999999,207.34999999999985,193.44999999999987,194.7999999999999,12239
1726560900,195.4999999999999,202.9999999999999,191.64999999999986,201.0499999999999,9735
1726647300,203.69999999999987,205.2999999999999,196.39999999999986,200.9999999999999,9020
1726733700,197.7999999999999,199.64999999999986,194.04999999999987,198.39999999999986,7742
1726820100,198.44999999999987,198.59999999999985,184.59999999999988,187.34999999999988,9849
1727079300,188.64999999999986,200.64999999999986,186.39999999999986,199.9999999999999,9590
1727165700,199.7999999999999,206.84999999999985,199.14999999999986,204.5499999999999,11456
1727252100,203.84999999999985,207.5499999999999,199.7999999999999,205.5499999999999,8550
1727338500,205.14999999999986,211.44999999999987,204.34999999999985,210.44999999999987,9383
1727424900,208.64999999999986,209.39999999999986,201.0499999999999,205.59999999999985,8207
1727684100,205.19999999999987,208.4999999999999,200.7999999999999,206.64999999999986,9845
1727770500,205.9999999999999,207.84999999999985,198.2499999999999,200.84999999999985,10606
1727856900,202.34999999999985,204.0499999999999,192.7499999999999,193.44999999999987,13635
1727943300,194.59999999999988,195.39999999999986,188.44999999999987,189.19999999999987,8129
1728029700,190.54999999999987,194.69999999999987,188.9999999999999,194.34999999999988,8177
1728288900,189.69999999999987,190.4999999999999,180.79999999999987,182.04999999999987,12578
1728375300,185.54999999999987,186.19999999999987,181.44999999999987,185.64999999999986,8516
1728461700,185.39999999999986,190.19999999999987,184.04999999999987,187.4999999999999,8488
1728548100,185.34999999999988,194.34999999999988,184.79999999999987,192.14999999999986,9290
1728634500,192.04999999999987,193.69999999999987,188.44999999999987,189.44999999999987,8686
1728893700,188.09999999999988,199.84999999999985,187.79999999999987,199.2499999999999,11905
1728980100,199.14999999999986,201.39999999999986,192.9999999999999,194.19999999999987,9070
1729066500,195.69999999999987,197.09999999999985,192.34999999999988,195.34999999999985,8949
1729152900,194.34999999999988,198.19999999999987,190.84999999999988,192.54999999999987,8687
1729239300,191.69999999999987,196.44999999999987,190.44999999999987,194.69999999999987,8206
1729498500,189.69999999999987,191.29999999999987,185.4999999999999,189.14999999999986,11009
1729584900,190.19999999999987,193.04999999999987,186.2499999999999,187.44999999999987,10407
1729671300,187.19999999999987,191.34999999999988,184.9999999999999,189.7499999999999,12104
1729757700,188.89999999999986,193.34999999999988,181.84999999999988,183.14999999999986,13277
1729844100,183.54999999999987,186.4999999999999,182.04999999999987,186.19999999999987,12062
1730106900,184.79999999999987,193.19999999999987,183.94999999999987,190.04999999999987,13183
1730193300,190.54999999999987,191.79999999999987,185.64999999999986,185.94999999999987,10043
1730279700,186.4999999999999,188.69999999999987,183.09999999999988,187.7499999999999,12943
1730366100,187.39999999999986,187.64999999999986,182.59999999999988,184.19999999999987,13147
1730452500,184.2499999999999,187.2499999999999,179.4999999999999,181.09999999999988,20298
1730711700,181.29999999999987,184.19999999999987,180.29999999999987,183.64999999999986,19306
1730798100,183.79999999999987,190.09999999999988,183.7499999999999,188.09999999999988,26003
1730884500,186.7499999999999,188.59999999999988,182.19999999999987,186.7499999999999,22838
1730970900,188.34999999999988,199.34999999999985,187.59999999999988,198.44999999999987,39235
1731057300,195.59999999999985,197.84999999999985,191.39999999999986,191.89999999999986,15024
1731316500,191.39999999999986,196.89999999999986,191.39999999999986,194.59999999999985,9072
1731402900,195.39999999999986,204.39999999999986,195.04999999999984,201.54999999999984,10498
1731489300,200.74999999999983,211.29999999999984,199.24999999999983,209.99999999999983,15329
1731575700,209.89999999999986,223.34999999999985,209.19999999999987,217.84999999999985,13435
1731662100,214.04999999999984,223.59999999999985,213.59999999999985,221.54999999999984,11183
1731921300,222.09999999999985,229.14999999999986,217.74999999999983,220.24999999999983,8490
1732007700,220.19999999999987,222.29999999999984,217.24999999999983,219.39999999999986,5886
1732094100,223.14999999999986,231.84999999999985,221.94999999999987,230.34999999999985,11334
1732180500,232.79999999999984,235.04999999999984,228.79999999999984,233.24999999999983,7543
1732266900,228.49999999999983,241.44999999999987,228.49999999999983,239.69999999999987,9287
1732526100,239.69999999999987,248.24999999999983,239.09999999999985,242.34999999999985,10825
1732612500,242.84999999999985,248.34999999999985,241.69999999999987,246.39999999999986,8015
1732698900,247.84999999999985,263.64999999999986,247.09999999999985,260.79999999999984,10750
1732871700,263.4499999999999,272.59999999999985,254.64999999999986,255.59999999999985,13242
1733130900,250.24999999999983,253.39999999999986,232.39999999999986,234.34999999999985,12217
1733217300,228.34999999999985,238.84999999999985,228.34999999999985,233.74999999999983,11077
1733303700,235.79999999999984,242.54999999999984,232.19999999999987,241.84999999999985,6906
1733390100,242.99999999999983,253.24999999999983,241.74999999999983,251.39999999999986,8379
1733476500,253.39999999999986,268.74999999999983,251.49999999999983,267.6999999999999,14279
1733735700,264.14999999999986,273.59999999999985,257.99999999999983,267.74999999999983,13813
1733822100,275.14999999999986,285.79999999999984,266.79999999999984,271.64999999999986,11721
1733908500,267.09999999999985,267.09999999999985,256.84999999999985,257.89999999999986,10882
1733994900,256.84999999999985,262.54999999999984,254.54999999999984,259.09999999999985,8404
1734081300,254.09999999999985,263.4499999999999,250.84999999999985,257.14999999999986,7283
1734340500,254.14999999999986,268.04999999999984,254.14999999999986,264.74999999999983,6830
1734426900,263.1999999999999,264.79999999999984,255.84999999999985,261.99999999999983,7620
1734513300,264.1999999999999,270.29999999999984,263.6999999999999,267.49999999999983,7806
1734599700,267.6999999999999,275.59999999999985,257.39999999999986,258.39999999999986,14129
1734686100,260.39999999999986,264.4499999999999,254.84999999999985,259.39999999999986,7314
1734945300,258.39999999999986,264.54999999999984,255.49999999999983,261.9499999999999,4662
1735031700,261.9499999999999,264.39999999999986,257.29999999999984,263.4499999999999,3700
1735216200,264.39999999999986,266.14999999999986,257.59999999999985,259.79999999999984,3383
1735290900,259.1999999999999,260.59999999999985,254.29999999999984,257.6999999999999,4644
1735550100,257.04999999999984,259.09999999999985,252.84999999999985,257.04999999999984,7346
1735636500,254.99999999999983,256.4499999999999,248.74999999999983,254.94999999999987,7538
1735809300,256.54999999999984,264.84999999999985,255.64999999999986,262.1999999999999,7499
1735895700,260.24999999999983,261.74999999999983,254.24999999999983,254.99999999999983,5709
1736154900,254.99999999999983,264.39999999999986,254.09999999999985,255.59999999999985,8386
1736241300,257.79999999999984,259.6999999999999,254.94999999999987,257.39999999999986,7690
1736327700,258.09999999999985,260.79999999999984,252.14999999999986,253.09999999999985,10686
1736414100,257.84999999999985,258.59999999999985,253.44999999999987,254.79999999999984,7918
1736500500,255.09999999999985,262.09999999999985,254.24999999999983,259.89999999999986,8268
1736759700,258.89999999999986,269.1999999999999,258.04999999999984,261.99999999999983,11138
1736846100,261.59999999999985,265.14999999999986,257.29999999999984,258.09999999999985,8181
1736932500,258.54999999999984,266.64999999999986,257.39999999999986,266.14999999999986,6850
1737018900,266.1999999999999,267.64999999999986,261.4499999999999,263.24999999999983,7710
1737105300,264.99999999999983,268.59999999999985,262.39999999999986,264.6999999999999,7629
1737450900,266.1999999999999,272.14999999999986,263.29999999999984,264.04999999999984,9517
1737537300,267.09999999999985,279.09999999999985,263.74999999999983,277.9499999999999,11731
1737623700,277.89999999999986,284.74999999999983,275.24999999999983,280.1999999999999,12303
1737710100,280.79999999999984,285.1999999999999,278.14999999999986,283.14999999999986,9654
1737969300,284.29999999999984,289.84999999999985,280.54999999999984,284.24999999999983,13580
1738055700,287.09999999999985,293.59999999999985,281.79999999999984,291.99999999999983,12852
1738142100,295.09999999999985,304.29999999999984,293.99999999999983,301.4499999999999,16997
1738228500,302.6999999999999,311.1999999999999,300.24999999999983,308.24999999999983,17846
1738314900,313.79999999999984,315.39999999999986,300.84999999999985,311.4499999999999,18629
1738574100,309.54999999999984,321.49999999999983,307.14999999999986,314.4499999999999,19709
1738660500,318.1999999999999,323.54999999999984,314.74999999999983,317.49999999999983,17616
1738746900,318.24999999999983,333.54999999999984,315.84999999999985,330.74999999999983,20745
1738833300,334.89999999999986,344.24999999999983,332.09999999999985,337.1999999999999,26215
1738919700,333.9499999999999,342.64999999999986,331.7999999999999,335.2499999999999,9148
1739178900,338.2499999999999,359.2999999999999,338.2499999999999,356.4999999999999,12700
1739265300,359.59999999999985,364.89999999999986,337.09999999999985,340.59999999999985,10643
1739351700,342.09999999999985,356.64999999999986,341.4499999999999,355.7499999999999,9949
1739438100,352.84999999999985,359.9999999999999,347.9499999999999,356.64999999999986,12185
1739524500,353.0499999999999,355.4999999999999,333.7999999999999,341.84999999999985,10328
1739870100,341.1999999999999,343.34999999999985,327.14999999999986,338.7499999999999,10923
1739956500,344.4999999999999,357.59999999999985,342.9999999999999,345.7499999999999,8551
1740042900,345.4499999999999,345.4499999999999,324.7499999999999,327.9999999999999,14196
1740129300,329.4999999999999,331.9499999999999,323.4999999999999,327.34999999999985,7796
1740388500,327.14999999999986,330.59999999999985,319.1999999999999,323.34999999999985,6711
1740474900,323.4499999999999,324.9499999999999,310.2499999999999,315.34999999999985,9334
1740561300,313.09999999999985,315.9999999999999,305.84999999999985,314.0499999999999,6679
1740647700,310.0499999999999,320.59999999999985,308.2999999999999,313.1999999999999,6063
1740734100,314.6999999999999,318.34999999999985,309.4999999999999,313.1999999999999,6107
1740993300,315.4999999999999,329.64999999999986,315.4999999999999,326.64999999999986,7048
1741079700,328.6999999999999,339.14999999999986,325.0499999999999,336.14999999999986,10980
1741166100,340.1999999999999,355.34999999999985,339.9999999999999,347.9999999999999,10027
1741252500,343.14999999999986,345.84999999999985,324.89999999999986,325.9999999999999,8404
1741338900,328.4499999999999,330.9499999999999,318.14999999999986,322.6999999999999,7661
1741598100,325.1999999999999,329.84999999999985,320.09999999999985,323.14999999999986,6736
1741684500,323.4499999999999,334.4499999999999,321.7499999999999,332.84999999999985,8083
1741770900,333.0499999999999,335.6999999999999,323.2999999999999,326.9999999999999,10757
1741857300,329.2499999999999,332.09999999999985,318.59999999999985,327.09999999999985,12230
1741943700,328.4499999999999,328.4499999999999,315.6999999999999,319.34999999999985,9062
1742202900,319.2999999999999,328.34999999999985,315.9499999999999,325.1999999999999,6458
1742289300,325.2999999999999,329.5499999999999,321.9999999999999,325.7999999999999,5915
1742375700,324.34999999999985,335.0499999999999,321.9999999999999,332.5499999999999,7725
1742462100,330.5499999999999,338.9999999999999,327.9499999999999,333.7999999999999,6944
1742548500,333.14999999999986,337.34999999999985,328.89999999999986,333.7499999999999,9136
1742807700,333.6999999999999,343.9999999999999,333.09999999999985,335.84999999999985,8534
1742894100,335.64999999999986,343.09999999999985,334.84999999999985,341.09999999999985,9553
1742980500,342.14999999999986,346.9999999999999,331.34999999999985,334.59999999999985,10664
1743066900,334.39999999999986,334.64999999999986,319.64999999999986,323.39999999999986,16379
1743153300,326.9499999999999,329.5499999999999,322.14999999999986,324.84999999999985,12191
1743408900,325.0499999999999,330.9999999999999,322.9499999999999,323.84999999999985,9677
1743495300,323.1999999999999,335.7499999999999,316.9999999999999,333.64999999999986,13240
1743581700,333.2999999999999,337.89999999999986,326.9499999999999,333.84999999999985,10603
1743668100,331.59999999999985,335.4499999999999,321.84999999999985,330.1999999999999,13737
1743754500,332.4499999999999,333.4999999999999,311.0499999999999,311.7499999999999,20834
1744013700,308.4499999999999,310.4499999999999,285.2499999999999,290.39999999999986,31016
1744100100,291.84999999999985,296.4999999999999,287.34999999999985,289.7999999999999,24616
1744186500,287.4499999999999,300.7499999999999,272.34999999999985,288.9999999999999,27686
1744272900,307.8499999999999,307.8499999999999,289.4999999999999,289.9499999999999,7656
1744359300,292.7999999999999,302.6999999999999,288.39999999999986,300.2999999999999,9791
1744618500,301.89999999999986,309.89999999999986,299.0999999999999,305.39999999999986,7337
1744704900,307.89999999999986,316.6999999999999,307.89999999999986,313.8499999999999,9099
1744791300,311.5999999999999,322.7499999999999,308.9999999999999,320.1999999999999,4044
1744877700,320.1999999999999,324.1999999999999,313.5999999999999,318.5499999999999,3559
1745223300,318.5499999999999,322.64999999999986,308.7499999999999,310.9499999999999,3829
1745309700,313.6999999999999,321.2499999999999,309.1999999999999,318.9999999999999,5905
1745396100,321.1999999999999,335.3499999999999,320.1999999999999,331.0999999999999,6071
1745482500,329.64999999999986,344.5499999999999,327.1999999999999,343.7999999999999,6900
1745568900,342.0499999999999,354.7499999999999,341.0999999999999,345.0999999999999,8225
1745828100,341.0499999999999,355.7999999999999,338.5499999999999,354.39999999999986,6631
1745914500,354.4999999999999,362.7999999999999,341.64999999999986,344.4999999999999,7490
1746000900,345.9999999999999,351.39999999999986,341.4999999999999,345.8499999999999,5056
1746087300,344.2499999999999,344.4499999999999,328.3499999999999,329.9999999999999,6665
1746173700,332.1999999999999,338.0499999999999,327.7999999999999,331.1999999999999,3934
1746432900,327.5999999999999,337.5999999999999,325.5499999999999,334.2999999999999,2983
1746519300,332.0999999999999,339.7499999999999,330.5499999999999,336.2499999999999,3981
1746605700,335.4999999999999,339.5499999999999,329.6999999999999,331.1999999999999,7466
1746692100,332.5999999999999,334.8499999999999,329.3499999999999,334.2999999999999,4939
1746778500,333.4999999999999,337.9999999999999,332.39999999999986,334.9499999999999,5866
1747037700,334.9499999999999,337.39999999999986,319.9999999999999,320.9499999999999,11176
1747124100,322.4999999999999,327.14999999999986,315.5499999999999,324.7499999999999,12146
1747210500,323.6999999999999,326.5499999999999,312.89999999999986,314.2999999999999,15045
1747296900,315.4499999999999,326.4999999999999,312.39999999999986,323.8499999999999,8511
1747383300,322.6999999999999,322.7999999999999,312.39999999999986,314.9999999999999,6130
1747642500,315.2999999999999,326.0499999999999,314.7999999999999,323.9499999999999,5762
1747728900,323.5999999999999,328.39999999999986,317.7499999999999,318.89999999999986,5496
1747815300,319.4999999999999,324.4999999999999,315.9999999999999,319.9499999999999,5862
1747901700,318.0499999999999,318.0999999999999,309.5999999999999,311.14999999999986,10569
1747988100,312.89999999999986,313.1999999999999,305.7999999999999,311.1999999999999,6355
1748333700,310.14999999999986,315.0499999999999,305.8499999999999,311.9499999999999,7490
1748420100,309.4999999999999,310.2999999999999,300.5999999999999,302.3499999999999,9368
1748506500,303.39999999999986,306.7499999999999,296.9499999999999,298.0999999999999,9407
1748592900,297.9999999999999,300.4999999999999,291.2499999999999,292.2999999999999,10034
1748852100,290.4999999999999,296.9499999999999,288.3499999999999,294.2999999999999,12753
1748938500,292.4499999999999,294.0999999999999,286.7999999999999,291.0999999999999,9686
1749024900,291.0999999999999,297.8499999999999,289.6999999999999,296.3499999999999,11361
1749111300,297.14999999999986,311.2999999999999,297.14999999999986,309.6999999999999,14880
1749197700,311.5499999999999,324.9499999999999,306.2499999999999,307.9499999999999,22278
1749456900,307.3499999999999,314.3499999999999,304.9499999999999,311.89999999999986,19175
1749543300,312.14999999999986,322.89999999999986,304.0999999999999,305.5499999999999,21690
1749629700,306.0499999999999,308.8499999999999,299.8499999999999,301.0999999999999,15311
1749716100,299.8499999999999,301.5999999999999,295.7999999999999,297.74999999999994,4708
1749802500,295.74999999999994,300.69999999999993,287.6499999999999,298.6499999999999,8992
1750061700,298.44999999999993,302.5499999999999,292.1499999999999,292.8999999999999,4697
1750148100,294.6499999999999,296.5499999999999,283.7999999999999,285.8499999999999,8096
1750234500,284.2999999999999,284.5999999999999,271.6499999999999,275.44999999999993,10068
1750407300,276.3499999999999,281.5499999999999,265.0999999999999,267.5999999999999,10325
1750666500,265.5999999999999,279.2999999999999,264.5499999999999,278.24999999999994,8162
1750752900,278.1499999999999,278.24999999999994,263.7999999999999,264.19999999999993,8885
1750839300,274.1499999999999,275.0999999999999,252.89999999999992,256.44999999999993,13798
1750925700,256.3999999999999,260.49999999999994,253.64999999999992,258.0499999999999,8029
1751012100,257.5499999999999,259.3999999999999,245.64999999999992,255.0499999999999,8395
1751271300,254.64999999999992,258.3499999999999,249.69999999999993,252.24999999999994,6847
1751357700,249.64999999999992,252.19999999999993,239.69999999999993,243.7999999999999,10295
1751444100,241.2999999999999,244.14999999999992,232.0499999999999,242.99999999999994,9234
1751530500,242.0499999999999,245.74999999999994,236.5499999999999,241.7999999999999,5981
1751876100,239.7999999999999,241.7999999999999,229.8499999999999,230.8499999999999,10477
1751962500,230.8499999999999,238.74999999999994,229.64999999999992,238.0999999999999,10445
1752048900,237.64999999999992,240.5999999999999,233.89999999999992,236.69999999999993,8540
1752135300,231.74999999999994,245.2999999999999,229.74999999999994,239.74999999999994,14808
1752221700,239.74999999999994,249.0999999999999,236.69999999999993,238.0999999999999,9858
1752480900,238.2999999999999,254.39999999999992,238.2999999999999,252.49999999999994,10817
1752567300,252.14999999999992,256.94999999999993,246.39999999999992,247.89999999999992,6000
1752653700,246.94999999999993,259.99999999999994,246.64999999999992,258.5499999999999,7701
1752740100,259.49999999999994,259.94999999999993,252.0499999999999,256.3499999999999,8627
1752826500,259.1499999999999,260.19999999999993,250.19999999999993,253.5999999999999,6370
1753085700,253.64999999999992,254.39999999999992,241.14999999999992,242.5499999999999,7238
1753172100,242.49999999999994,248.19999999999993,236.5499999999999,246.3499999999999,7122
1753258500,247.44999999999993,252.5499999999999,243.14999999999992,251.44999999999993,6990
1753344900,249.24999999999994,256.6499999999999,248.74999999999994,254.64999999999992,8997
1753431300,254.64999999999992,257.2999999999999,247.7999999999999,248.0999999999999,7375
1753690500,250.0999999999999,256.3499999999999,249.39999999999992,252.2999999999999,8793
1753776900,251.89999999999992,252.39999999999992,240.3499999999999,247.39999999999992,12914
1753863300,248.14999999999992,252.14999999999992,241.7999999999999,244.49999999999994,9377
1753949700,247.8499999999999,253.64999999999992,244.7999999999999,246.3499999999999,9447
1754036100,244.89999999999992,247.94999999999993,234.74999999999994,235.19999999999993,11389
1754295300,237.0999999999999,244.24999999999994,236.8499999999999,239.2999999999999,11291
1754381700,240.5999999999999,249.14999999999992,238.94999999999993,248.5499999999999,14642
1754468100,247.74999999999994,249.64999999999992,242.5999999999999,244.0499999999999,13719
1754554500,246.39999999999992,249.64999999999992,243.44999999999993,248.7999999999999,19064
1754640900,248.5999999999999,260.7999999999999,248.5999999999999,260.0999999999999,25614
1754900100,258.04999999999995,272.94999999999993,256.8499999999999,270.69999999999993,12449
1754986500,269.8499999999999,276.0999999999999,260.8999999999999,264.8999999999999,7110
1755072900,266.44999999999993,273.74999999999994,265.8999999999999,269.44999999999993,10093
1755159300,269.0999999999999,277.5999999999999,265.44999999999993,275.3499999999999,8656
1755245700,276.3999999999999,291.8999999999999,274.74999999999994,289.3999999999999,7853
1755504900,289.19999999999993,294.44999999999993,281.29999999999995,292.24999999999994,7194
1755591300,294.19999999999993,308.3499999999999,293.74999999999994,305.44999999999993,10225
1755677700,305.94999999999993,314.3499999999999,302.19999999999993,310.1499999999999,10360
1755764100,309.99999999999994,322.54999999999995,308.04999999999995,321.5999999999999,9513
1755850500,320.54999999999995,337.0999999999999,319.3999999999999,334.94999999999993,9143
1756109700,334.94999999999993,343.8499999999999,331.6499999999999,334.5999999999999,6513
1756196100,331.69999999999993,332.79999999999995,320.79999999999995,329.04999999999995,6795
1756282500,327.0999999999999,341.99999999999994,321.54999999999995,340.6499999999999,10862
1756368900,338.44999999999993,346.19999999999993,330.5999999999999,333.3999999999999,10052
1756455300,333.3499999999999,342.79999999999995,326.79999999999995,340.3499999999999,9235
1756800900,330.8499999999999,334.5999999999999,319.54999999999995,325.19999999999993,11695
1756887300,325.19999999999993,333.04999999999995,323.44999999999993,328.24999999999994,5706
1756973700,325.04999999999995,335.44999999999993,322.29999999999995,328.6499999999999,7901
1757060100,327.8499999999999,330.1499999999999,322.54999999999995,327.74999999999994,5332
1757319300,324.44999999999993,339.44999999999993,323.29999999999995,338.5999999999999,6400
1757405700,338.69999999999993,346.0999999999999,334.04999999999995,335.1499999999999,6883
1757492100,334.74999999999994,342.6499999999999,334.6499999999999,339.99999999999994,6871
1757578500,337.74999999999994,341.54999999999995,335.3499999999999,339.24999999999994,7156
1757664900,338.49999999999994,350.29999999999995,337.44999999999993,348.79999999999995,8549
1757924100,347.99999999999994,369.74999999999994,347.24999999999994,367.54999999999995,14886
1758010500,365.74999999999994,372.24999999999994,355.3499999999999,356.99999999999994,12851
1758096900,353.74999999999994,354.44999999999993,320.29999999999995,323.74999999999994,14921
1758183300,326.74999999999994,329.04999999999995,321.6499999999999,327.69999999999993,11504
1758269700,327.04999999999995,330.79999999999995,302.94999999999993,312.69999999999993,14324
1758528900,315.5999999999999,316.54999999999995,307.6499999999999,314.3499999999999,6996
1758615300,313.69999999999993,317.44999999999993,300.74999999999994,301.49999999999994,13854
1758701700,303.3499999999999,315.99999999999994,301.8999999999999,314.8499999999999,10429
1758788100,318.3499999999999,324.29999999999995,309.19999999999993,317.8999999999999,8302
1758874500,320.04999999999995,330.04999999999995,320.04999999999995,325.3499999999999,8921
1759133700,327.29999999999995,335.24999999999994,320.19999999999993,321.99999999999994,7281
1759220100,322.24999999999994,329.6499999999999,319.8499999999999,325.3999999999999,9539
1759306500,322.8999999999999,335.19999999999993,317.74999999999994,334.49999999999994,8128
1759392900,335.54999999999995,336.8999999999999,326.04999999999995,328.8999999999999,4822
1759479300,333.99999999999994,341.44999999999993,331.8499999999999,340.5999999999999,8348
1759738500,336.44999999999993,340.19999999999993,327.6499999999999,331.3999999999999,7677
1759824900,331.54999999999995,332.1499999999999,322.3499999999999,325.5999999999999,7177
1759911300,324.8499999999999,335.3999999999999,324.04999999999995,334.44999999999993,8101
1759997700,334.1499999999999,337.1499999999999,325.99999999999994,326.8499999999999,5652
1760084100,325.8499999999999,332.3999999999999,320.69999999999993,322.79999999999995,7497
1760343300,321.94999999999993,335.29999999999995,321.94999999999993,333.3999999999999,7773
1760429700,332.44999999999993,349.69999999999993,329.44999999999993,344.24999999999994,13762
1760516100,343.3499999999999,359.44999999999993,335.19999999999993,339.74999999999994,14589
1760602500,333.79999999999995,348.49999999999994,332.04999999999995,339.8499999999999,8257
1760688900,339.24999999999994,345.54999999999995,333.74999999999994,342.04999999999995,10654
1760948100,345.8499999999999,353.04999999999995,345.24999999999994,349.74999999999994,7257
1761034500,347.44999999999993,358.8499999999999,346.04999999999995,357.69999999999993,8061
1761120900,359.3499999999999,370.74999999999994,358.24999999999994,365.19999999999993,12824
1761207300,364.3499999999999,381.24999999999994,354.04999999999995,356.19999999999993,16874
1761293700,356.8999999999999,359.8999999999999,346.24999999999994,349.49999999999994,10534
1761556500,343.04999999999995,345.94999999999993,334.04999999999995,335.3999999999999,9901
1761642900,335.44999999999993,339.24999999999994,325.6499999999999,332.44999999999993,10828
1761729300,334.69999999999993,338.29999999999995,327.54999999999995,337.24999999999994,9827
1761815700,339.8499999999999,340.74999999999994,331.19999999999993,338.69999999999993,8876
1761902100,340.19999999999993,342.79999999999995,333.04999999999995,338.69999999999993,8304
1762161300,339.6499999999999,355.3499999999999,339.0999999999999,353.1499999999999,13891
1762247700,353.94999999999993,361.94999999999993,349.8999999999999,351.79999999999995,12589
1762334100,349.74999999999994,364.8499999999999,349.04999999999995,360.8499999999999,17563
1762420500,361.99999999999994,362.99999999999994,344.29999999999995,345.49999999999994,17407
1762506900,349.04999999999995,355.94999999999993,341.99999999999994,352.29999999999995,21980
1762766100,350.74999999999994,361.34999999999997,350.74999999999994,359.54999999999995,6308
1762852500,356.54999999999995,366.4,355.99999999999994,364.99999999999994,6763
1762938900,358.54999999999995,362.34999999999997,339.34999999999997,342.15,8932
1763025300,340.45,342.9,336.29999999999995,339.99999999999994,6739
1763111700,338.59999999999997,341.34999999999997,327.99999999999994,338.24999999999994,7778
1763370900,342.34999999999997,346.54999999999995,333.4,340.09999999999997,5991
1763457300,340.74999999999994,353.74999999999994,339.59999999999997,351.59999999999997,7104
1763543700,347.95,349.65,337.04999999999995,338.65,4403
1763630100,339.74999999999994,345.4,338.49999999999994,340.84999999999997,6083
1763716500,326.9,338.9,317.74999999999994,333.59999999999997,10083
1763975700,335.74999999999994,342.2,332.4,340.34999999999997,4071
1764062100,343.2,347.65,337.65,347.04999999999995,4351
1764148500,343.99999999999994,347.04999999999995,340.24999999999994,344.04999999999995,4662
1764321300,343.99999999999994,349.54999999999995,342.15,345.34999999999997,4234
1764580500,341.74999999999994,345.84999999999997,335.34999999999997,343.79999999999995,4739
1764666900,342.79999999999995,344.9,336.04999999999995,337.4,4592
1764753300,337.34999999999997,340.65,335.7,336.45,5952
1764839700,338.29999999999995,344.95,335.49999999999994,344.45,4979
1764926100,340.95,342.15,337.49999999999994,338.7,3750
1765185300,337.15,341.34999999999997,329.04999999999995,330.15,5223
1765271700,333.24999999999994,337.99999999999994,331.65,332.74999999999994,4216
1765358100,332.49999999999994,340.79999999999995,330.95,336.54999999999995,4575
1765444500,335.74999999999994,343.9,335.59999999999997,340.24999999999994,4263
1765530900,339.4,342.95,333.74999999999994,334.7,7231
1765790100,333.59999999999997,335.74999999999994,323.84999999999997,326.09999999999997,8108
1765876500,327.9,328.15,317.65,317.84999999999997,8803
1765962900,317.34999999999997,321.54999999999995,311.9,312.34999999999997,10179
1766049300,314.15,315.29999999999995,309.74999999999994,310.24999999999994,7251
1766135700,312.04999999999995,313.59999999999997,306.59999999999997,307.24999999999994,9185
1766394900,308.79999999999995,315.9,305.74999999999994,314.04999999999995,5911
1766481300,316.34999999999997,319.15,312.45,313.95,5925
1766567700,314.04999999999995,315.24999999999994,309.99999999999994,312.2,4255
1766752200,313.24999999999994,316.49999999999994,311.2,316.2,4343
1766999700,315.45,320.15,313.84999999999997,318.24999999999994,4634
1767086100,316.45,325.4,315.79999999999995,316.4,6368
1767172500,316.2,319.54999999999995,313.99999999999994,314.7,4260
1767345300,314.2,323.34999999999997,311.34999999999997,322.79999999999995,5862
1767604500,320.54999999999995,324.29999999999995,315.84999999999997,323.15,11184
1767690900,321.4,334.9,320.49999999999994,334.4,18936
1767777300,331.34999999999997,342.15,330.99999999999994,336.4,14051
1767863700,333.54999999999995,344.65,332.84999999999997,334.2,10948
1767950100,333.65,334.7,319.49999999999994,321.24999999999994,10474
1768209300,321.29999999999995,322.4,316.54999999999995,319.79999999999995,7133
1768295700,320.4,325.99999999999994,319.34999999999997,322.95,9937
1768382100,325.2,325.59999999999997,317.49999999999994,319.59999999999997,8569
1768468500,319.4,322.59999999999997,314.59999999999997,321.74999999999994,8036
1768554900,322.2,324.2,318.09999999999997,318.84999999999997,6349
1768900500,317.04999999999995,318.84999999999997,310.49999999999994,311.24999999999994,10943
1768986900,311.24999999999994,312.95,307.15,312.15,11369
1769073300,311.74999999999994,314.34999999999997,308.84999999999997,312.65,8865
1769159700,312.59999999999997,319.54999999999995,311.9,314.79999999999995,10185
1769418900,314.4,321.59999999999997,314.4,319.45,9132
1769505300,319.84999999999997,330.9,319.7,328.04999999999995,15128
1769591700,330.84999999999997,332.95,314.54999999999995,315.65,14116
1769678100,316.09999999999997,316.9,309.15,310.15,11028
1769764500,309.09999999999997,309.79999999999995,296.4,296.7,19044
1770023700,296.34999999999997,302.34999999999997,294.99999999999994,296.4,14089
1770110100,298.59999999999997,301.15,279.9,282.24999999999994,20582
1770196500,284.34999999999997,290.34999999999997,276.65,279.2,29277
1770282900,279.34999999999997,283.34999999999997,272.45,277.84999999999997,24809
1770369300,281.54999999999995,284.79999999999995,267.95,270.65,31688
1770628500,271.15,277.34999999999997,267.29999999999995,275.25,11878
1770714900,276.59999999999997,278.65,270.4,272.04999999999995,10676
1770801300,272,277.75,271.25,275.75,11612
1770887700,277.75,282.59999999999997,275.95,280.34999999999997,9189
1770974100,281.79999999999995,288.45,278.95,281,8422
1771319700,278.04999999999995,279.84999999999997,263.4,266.2,10540
1771406100,266.95,270.25,264.04999999999995,268.25,7578
1771492500,268.25,270.4,258.54999999999995,267.7,11654
1771578900,270.25,273.25,263.09999999999997,267.75,7918
1771838100,265.25,267.65,259.4,260.25,5975
1771924500,258.15,267.25,257.54999999999995,266.95,9698
1772010900,266.65,268.25,262.7,266.54999999999995,6016
1772097300,266.09999999999997,267,262.15,264.04999999999995,4653
1772183700,262.9,264.34999999999997,257.95,262.54999999999995,6976
1772442900,261.65,267.2,259.15,266.34999999999997,9566
1772529300,266.54999999999995,272.59999999999997,260.84999999999997,265.15,11308
1772615700,265.15,271.04999999999995,264.7,267.84999999999997,10176
1772702100,268.65,276.95,267.04999999999995,270.59999999999997,8267
1772788500,275.4,278.84999999999997,271.5,275.09999999999997,9155
1773047700,278.65,283.04999999999995,274.7,277.54999999999995,10521
1773134100,275.65,277.9,273.2,276.75,8487
1773220500,274.75,275,264.9,268.84999999999997,8121
1773306900,268.9,278,268.45,273.09999999999997,8624
1773393300,271.34999999999997,271.59999999999997,263.65,266.04999999999995,7498
1773652500,266.04999999999995,273.4,262.7,272.9,10275
1773738900,272.9,280.9,272.04999999999995,275.09999999999997,19444
1773825300,275.15,275.25,269.5,273.75,9704
1773911700,275.2,282.4,271.59999999999997,280.84999999999997,9890
1773998100,282.54999999999995,291.25,277.95,289,17025
1774257300,287.5,291.09999999999997,280.34999999999997,286.5,14142
1774343700,287.15,298.29999999999995,287.09999999999997,297,17215
1774430100,296.4,299,291,296.34999999999997,12758
1774516500,295.79999999999995,297.2,287.75,288.65,14010
1774602900,288.65,289.65,280.95,282.54999999999995,10187
1774858500,280.75,281.59999999999997,272.7,273.25,10651
1774944900,274.75,278,273.2,277.45,13967
1775031300,277.09999999999997,280.15,271.84999999999997,277.9,13939
1775117700,281,281.34999999999997,272.84999999999997,276.04999999999995,9334
1775463300,275.34999999999997,279.7,274.7,279.04999999999995,5116
1775549700,278.7,279.34999999999997,267.45,267.95,16791
1775636100,266.65,276.54999999999995,266.15,275.95,17402
1775722500,275.35,277.95,272.05,275.8,5950
1775808900,275.8,281.95,274.15,281.1,8081
1776068100,280.15,285.65,278.85,281.8,5144
1776154500,281,285.9,278.9,283.25,7820
1776240900,284.55,285.5,281.25,284.1,10738
1776327300,282.9,283.75,274.35,277.35,6410
1776413700,277.9,279.9,271.8,272.95,7121
1776672900,273.55,277.85,273.55,277.1,4570
1776759300,277.15,277.15,268.2,272.05,8202
1776845700,277.5,280,276.25,278.4,7037
1776932100,278.15,290.65,277.9,288.35,10857
1777018500,288.2,294.55,284.3,285.1,9506
1777277700,282.5,285.1,277.3,278.8,5396
1777364100,279.3,284.3,279,280.6,4793
1777450500,280.9,283.35,278.4,280.25,6073
1777536900,279.65,280.8,273.95,275.35,6031
1777623300,275.85,279.7,271.25,275.9,6439
1777882500,277.35,280.9,275.65,276.2,5516
1777968900,276.8,286.45,276.8,280.4,9486
1778055300,280.9,283.6,275,276.1,7742
1778141700,275.85,276.1,263.6,265.15,11448
1778228100,265.4,270.35,264.45,267.15,7938
1778487300,267.9,275.2,260.8,274.85,8179
1778573700,274.4,275.6,268.55,272.8,8807
1778660100,275.4,279,272.05,273.4,6779
1778746500,273.1,273.4,267.2,268.35,7231
1778832900,268,270.65,258.65,260.1,11212
1779092100,260,263.25,256.05,256.75,8386
1779178500,258.5,262.9,255.65,262.15,10672
1779264900,261.8,264.2,257.1,260.5,9809
1779351300,260.5,266.3,259,265.5,10517
1779437700,265.8,267,262.8,264.8,6155
1779783300,263.5,267.75,260,266.35,9121
1779869700,266.35,269,261.1,262.1,7413
1779956100,262.5,270.2,262.5,266.7,9205
1780042500,266.55,266.9,258.3,258.7,9953
1780301700,259.2,262.55,253.25,254.2,13117
1780388100,254.15,255.8,252.05,252.85,10274
1780474500,254.65,255.6,247.05,247.6,17294
1780560900,247.45,248.75,246.35,246.8,2478