time,open,high,low,close,Volume,Volume
731860200,456.35,456.76,453.48,453.7,257060000,257060000
731946600,453.72,453.72,447.04,449.83,255420000,255420000
732205800,449.83,451.43,449.4,451.43,195930000,195930000
732292200,451.43,452.36,451.01,451.37,218820000,218820000
732378600,451.36,451.36,447.99,448.31,241270000,241270000
732465000,448.31,452.39,448.31,451.88,241180000,241180000
732551400,451.9,453.32,449.91,450.18,339660000,339660000
732810600,450.17,450.17,446.08,448.88,233190000,233190000
732897000,448.88,449.8,448.3,448.76,232730000,232730000
732983400,448.76,450.9,446.1,448.07,274300000,274300000
733069800,448.09,451.75,447.93,450.88,251530000,251530000
733156200,450.91,452.09,447.69,447.77,226650000,226650000
733415400,447.76,452.81,447.75,450.77,199970000,199970000
733501800,450.77,452.06,449.63,451.97,231190000,231190000
733588200,451.97,454.88,451.67,451.67,279190000,279190000
733674600,451.67,452.63,449.6,450.3,234530000,234530000
733761000,450.28,450.28,440.71,441.38,323330000,323330000
734016600,441.42,442.43,440.53,442.29,296080000,296080000
734103000,442.29,443.38,439.48,441.16,293680000,293680000
734189400,441.16,442.73,440.5,442.73,300000000,300000000
734275800,442.73,443.77,440.02,441.84,284370000,284370000
734621400,441.84,448.37,441.84,448.37,259690000,259690000
734707800,448.37,450.4,447.66,449.23,286690000,286690000
734794200,449.22,450,448.02,448.66,257340000,257340000
734880600,448.66,449.11,446.39,448.4,259500000,259500000
734967000,448.41,449.39,447.67,448.94,305160000,305160000
735226200,448.94,449.14,445.85,447.46,244710000,244710000
735312600,447.46,447.46,441.81,445.1,317990000,317990000
735399000,445.09,445.77,443.08,443.63,287300000,287300000
735485400,443.63,445.73,439.46,439.46,310390000,310390000
735571800,439.49,439.49,436.82,437.03,259810000,259810000
735831000,437.03,438.35,432.3,433.54,283260000,283260000
735917400,433.54,438.02,433.14,438.01,284140000,284140000
736003800,438.03,438.8,436.68,438.02,267980000,267980000
736090200,438,438.96,435.59,438.89,249760000,249760000
736176600,438.89,442.29,438.89,440.19,247460000,247460000
736435800,440.19,442.59,438.25,442.48,224970000,224970000
736522200,442.46,445.19,442.45,444.05,268310000,268310000
736608600,443.98,446.09,443.76,444.52,274240000,274240000
736695000,444.6,444.81,442.9,443.26,255460000,255460000
736781400,443.26,443.7,441.69,442.31,223570000,223570000
737040600,442.34,445.42,442.05,442.8,235580000,235580000
737127000,442.76,444.57,441.52,444.36,218480000,218480000
737213400,444.32,445.16,442.87,444.8,255680000,255680000
737299800,444.75,444.75,439.23,439.23,293920000,293920000
737386200,439.22,439.82,438.1,439.56,252910000,252910000
737645400,439.56,440.38,437.83,440.37,227580000,227580000
737731800,440.37,441.26,437.95,440.32,264300000,264300000
737818200,440.32,447.86,436.86,447.54,342420000,342420000
737904600,447.57,450.59,447.36,450.59,289160000,289160000
737991000,450.59,450.59,444.89,445.84,279120000,279120000
738250200,445.83,448.44,445.26,447.99,197990000,197990000
738336600,447.97,449.04,447.7,448.85,222090000,222090000
738423000,448.82,453.51,448.82,453.44,274230000,274230000
738509400,453.47,454.55,451.14,452.42,300810000,300810000
738595800,452.41,452.41,447.67,450.21,207820000,207820000
738941400,450.19,455.63,450.19,453.83,229690000,229690000
739027800,453.83,454.53,452.68,453.85,295560000,295560000
739114200,453.84,453.85,451.12,452.49,285570000,285570000
739200600,452.43,452.43,448.92,450.06,226440000,226440000
739459800,450.07,450.75,447.32,447.69,236920000,236920000
739546200,447.65,447.65,444.31,444.71,240640000,240640000
739632600,444.71,447.39,444.66,445.78,249030000,249030000
739719000,445.78,446.22,444.09,445.38,232600000,232600000
739805400,445.38,448.19,445.38,447.26,256750000,256750000
740064600,447.25,448.64,447.23,447.71,210440000,210440000
740151000,447.73,448.28,446.18,446.27,234110000,234110000
740237400,446.31,447.43,443.61,447.43,267500000,267500000
740323800,447.43,448.98,446.91,448.54,239810000,239810000
740410200,448.54,448.59,443.68,443.68,300500000,300500000
740669400,443.68,446.22,443.68,446.22,223650000,223650000
740755800,446.25,446.29,444.94,445.93,259530000,259530000
740842200,445.96,445.96,443.19,443.19,278260000,278260000
740928600,443.04,447.21,442.5,446.62,267450000,267450000
741015000,446.62,448.64,446.62,447.6,210430000,210430000
741274200,447.6,451.9,447.6,451.85,242090000,242090000
741360600,451.85,451.9,449.67,450.68,276310000,276310000
741447000,450.69,451.47,450.15,450.53,281120000,281120000
741533400,450.54,451.15,448.71,449.02,292040000,292040000
741619800,449.02,449.02,445.2,445.84,220750000,220750000
741965400,445.84,446.87,441.42,441.42,234810000,234810000
742051800,441.4,443.63,441.4,442.83,253170000,253170000
742138200,442.84,448.64,442.84,448.64,282910000,282910000
742224600,448.64,448.94,446.74,448.11,235210000,235210000
742483800,448.13,449.11,447.71,448.98,202310000,202310000
742570200,449,450.7,448.07,448.09,236720000,236720000
742656600,448.08,451.12,448.08,450.08,297430000,297430000
742743000,450.09,450.12,447.26,449.22,277810000,277810000
742829400,449.07,449.08,445.66,445.75,263100000,263100000
743088600,445.75,446.78,444.83,446.02,216370000,216370000
743175000,446.03,447.63,443.71,447.31,277420000,277420000
743261400,447.28,447.5,445.84,447.18,278590000,278590000
743347800,447.14,447.23,443.72,444.51,249630000,249630000
743434200,444.54,447.1,444.54,447.1,222170000,222170000
743693400,447.06,449.5,447.04,449.09,222580000,222580000
743779800,449,449.44,446.76,448.24,256750000,256750000
743866200,448.25,448.61,446.59,447.19,273100000,273100000
743952600,447.19,450.77,447.19,450.24,261240000,261240000
744039000,450.19,450.22,446.98,448.13,254420000,254420000
744298200,448.14,450.15,448.03,450.15,230380000,230380000
744384600,450.12,450.43,447.59,449.27,253110000,253110000
744471000,449.27,449.72,447.93,448.54,230040000,230040000
744557400,448.55,449.61,446.94,448.13,261900000,261900000
744643800,448.13,449.26,447.87,448.68,221170000,221170000
744903000,448.68,451.51,448.31,450.71,232750000,232750000
744989400,450.71,450.71,449.1,449.46,255520000,255520000
745075800,449.6,451,449.6,450.46,268330000,268330000
745162200,450.47,451.63,447.53,448.96,278530000,278530000
745248600,448.97,450.25,448.97,450.14,214370000,214370000
745507800,450.25,453.41,450.25,452.38,233640000,233640000
745594200,452.38,453.7,451.96,453.13,261320000,261320000
745680600,453.21,456.99,453.21,456.04,312940000,312940000
745767000,456.01,456.76,455.2,456.43,293330000,293330000
745853400,456.43,456.68,454.6,456.16,276800000,276800000
746112600,456.12,456.12,454.29,455.23,212500000,212500000
746199000,455.23,459.77,455.04,459.77,270700000,270700000
746285400,459.75,462.04,459.3,460.13,301650000,301650000
746371800,460.04,462.87,458.82,461.04,254070000,254070000
746458200,461.05,461.05,459.19,460.54,196140000,196140000
746717400,460.54,462.58,460.28,461.9,194180000,194180000
746803800,461.9,463.56,461.29,463.56,252830000,252830000
746890200,463.55,463.8,461.77,463.15,245040000,245040000
746976600,463.13,463.54,461.07,461.3,259870000,259870000
747063000,461.3,462.05,459.91,461.33,197160000,197160000
747408600,461.34,462.07,457.95,458.52,229500000,229500000
747495000,458.53,458.53,453.75,456.65,283100000,283100000
747581400,456.69,458.11,455.17,457.5,258070000,258070000
747667800,457.49,461.86,457.49,461.72,269950000,269950000
747927000,461.7,463.38,461.41,462.06,244970000,244970000
748013400,461.93,461.93,458.15,459.88,258650000,258650000
748099800,459.9,461.96,456.31,461.6,294410000,294410000
748186200,461.54,461.54,459,459.43,229700000,229700000
748272600,459.43,459.43,457.09,458.83,381370000,381370000
748531800,458.84,459.91,455,455.04,231130000,231130000
748618200,455.05,455.8,449.64,452.95,300310000,300310000
748704600,452.94,456.92,452.94,456.2,298960000,298960000
748791000,456.25,458.69,456.25,457.74,275350000,275350000
748877400,457.74,458.56,456.92,457.63,248270000,248270000
749136600,457.63,461.81,457.63,461.8,244920000,244920000
749223000,461.84,462.08,460.91,461.53,243320000,243320000
749309400,461.6,462.17,459.51,460.11,277690000,277690000
749395800,460.11,460.56,458.28,458.93,280980000,280980000
749482200,458.93,461.48,458.35,461.28,256880000,256880000
749741400,461.18,461.8,460.02,461.34,229380000,229380000
749827800,461.34,463.15,459.45,461.2,294570000,294570000
749914200,461.24,462.6,460.26,460.74,277070000,277070000
750000600,460.74,461.13,459.08,459.18,255210000,255210000
750087000,459.19,460.99,456.4,460.31,243600000,243600000
750346200,460.31,461.87,460.31,460.88,183060000,183060000
750432600,460.95,462.47,460.73,461.12,263970000,263970000
750519000,461.12,461.98,460.76,461.49,290930000,290930000
750605400,461.55,466.83,461.55,466.83,352530000,352530000
750691800,466.9,471.1,466.9,469.5,366110000,366110000
750951000,469.5,470.04,468.02,468.45,329580000,329580000
751037400,468.41,468.64,464.8,466.21,304400000,304400000
751123800,466.21,466.87,464.54,466.07,305670000,305670000
751210200,466.06,466.64,464.38,465.36,289600000,289600000
751296600,465.36,467.82,463.27,463.27,301440000,301440000
751555800,463.27,464.49,462.05,464.2,260310000,260310000
751642200,464.2,464.32,462.65,464.3,284530000,284530000
751728600,464.3,464.61,463.36,464.61,279830000,279830000
751815000,464.52,468.76,464.52,467.73,301220000,301220000
751901400,467.73,468.2,467.37,467.83,270570000,270570000
752164200,467.83,469.11,467.33,469.1,256030000,256030000
752250600,469.1,469.1,466.2,468.44,304780000,304780000
752337000,468.44,468.61,460.95,463.02,342110000,342110000
752423400,463.03,463.16,457.26,457.49,323430000,323430000
752509800,457.47,459.63,454.36,459.57,336890000,336890000
752769000,459.57,461.54,458.78,460.21,234340000,234340000
752855400,460.21,463.42,460.21,460.33,276360000,276360000
752941800,460.55,463.72,459.57,463.72,283450000,283450000
753028200,463.72,464.96,462.49,462.64,283820000,283820000
753114600,462.64,465.84,462.64,465.39,326240000,326240000
753373800,465.39,466.13,463.05,463.75,251030000,251030000
753460200,463.75,466.74,462.97,466.74,303980000,303980000
753546600,466.74,467.24,462.73,464.81,316940000,316940000
753633000,464.83,464.88,461.73,463.62,313490000,313490000
753719400,463.59,463.6,460.03,462.6,302970000,302970000
753978600,462.6,462.6,457.08,459.13,280130000,280130000
754065000,459.13,461.77,458.47,461.03,260400000,260400000
754151400,461.03,462.9,461.03,462.36,230630000,230630000
754324200,462.39,463.63,462.39,463.06,90220000,90220000
754583400,463.06,464.83,461.83,461.9,272710000,272710000
754669800,461.9,463.62,460.45,461.79,286660000,286660000
754756200,461.93,464.47,461.63,461.89,293870000,293870000
754842600,461.89,463.22,461.45,463.11,256370000,256370000
754929000,463.13,464.89,462.67,464.89,268360000,268360000
755188200,464.89,466.89,464.4,466.43,292370000,292370000
755274600,466.43,466.77,465.44,466.76,285690000,285690000
755361000,466.73,466.73,465.42,466.29,314460000,314460000
755447400,466.29,466.54,463.87,464.18,287570000,287570000
755533800,464.18,464.86,462.66,463.93,245620000,245620000
755793000,463.93,465.71,462.71,465.7,256580000,256580000
755879400,465.73,466.12,462.46,463.06,275050000,275050000
755965800,463.07,463.69,461.84,461.84,331770000,331770000
756052200,461.86,463.98,461.86,463.34,284620000,284620000
756138600,463.34,466.38,463.34,466.38,363750000,363750000
756397800,466.38,466.89,465.53,465.85,255900000,255900000
756484200,465.84,465.92,464.03,465.3,273370000,273370000
756570600,465.08,467.38,465.08,467.32,272440000,272440000
756657000,467.3,468.97,467.3,467.38,227240000,227240000
757002600,467.4,470.55,467.35,470.54,171200000,171200000
757089000,470.61,471.05,469.43,470.94,200960000,200960000
757175400,470.91,471.29,469.87,470.58,269570000,269570000
757261800,470.58,470.58,468.09,468.64,195860000,195860000
757348200,468.66,470.75,466.45,466.45,168590000,168590000
757607400,466.45,466.94,464.36,465.44,270140000,270140000
757693800,465.44,466.89,464.44,466.89,326600000,326600000
757780200,466.89,467.82,465.92,467.55,400030000,400030000
757866600,467.55,469,467.02,467.12,365960000,365960000
757953000,467.09,470.26,467.09,469.9,324920000,324920000
758212200,469.9,475.27,469.55,475.27,319490000,319490000
758298600,475.27,475.28,473.27,474.13,305490000,305490000
758385000,474.13,475.06,472.14,474.17,310690000,310690000
758471400,474.17,474.17,471.8,472.47,277970000,277970000
758557800,472.5,475.32,472.5,474.91,304920000,304920000
758817000,474.91,474.91,472.84,473.3,233980000,233980000
758903400,473.3,475.19,473.29,474.25,308840000,308840000
758989800,474.25,474.7,472.21,474.3,311370000,311370000
759076200,474.3,475,473.42,474.98,310450000,310450000
759162600,475.07,475.56,473.72,474.72,346350000,346350000
759421800,474.72,475.2,471.49,471.97,296900000,296900000
759508200,471.97,472.56,470.27,470.92,326120000,326120000
759594600,470.92,473.44,470.72,473.2,304660000,304660000
759681000,473.2,477.52,473.2,477.05,346500000,346500000
759767400,477.05,479.75,477.05,478.7,313140000,313140000
760026600,478.7,482.85,478.7,481.61,322870000,322870000
760113000,481.6,481.64,479.18,479.62,322510000,322510000
760199400,479.62,482.23,479.57,482,328960000,328960000
760285800,481.96,481.96,478.71,480.71,318350000,318350000
760372200,480.68,481.02,469.28,469.81,378380000,378380000
760631400,469.81,472.09,467.57,471.76,348270000,348270000
760717800,471.74,472.33,469.5,471.06,318180000,318180000
760804200,471.09,473.41,471.09,472.77,332670000,332670000
760890600,472.81,473.13,468.91,468.94,327250000,327250000
760977000,468.91,471.13,466.89,470.18,213740000,213740000
761236200,470.18,471.99,469.05,470.23,263190000,263190000
761322600,470.23,473.41,470.23,472.52,306790000,306790000
761409000,472.53,474.16,471.94,472.79,295450000,295450000
761495400,472.81,475.13,468.26,470.34,340030000,340030000
761581800,470.29,471.09,466.09,467.69,293210000,293210000
761927400,467.69,471.65,467.58,471.46,270900000,270900000
762013800,471.48,472.41,469.47,470.69,309910000,309910000
762100200,470.65,470.65,464.26,464.26,342940000,342940000
762186600,464.33,466.48,464.33,466.07,273680000,273680000
762445800,466.07,469.16,466.07,467.14,268690000,268690000
762532200,467.19,467.43,462.02,464.44,304450000,304450000
762618600,464.4,464.87,457.49,464.81,361130000,361130000
762705000,464.81,464.83,462.5,463.01,291790000,291790000
762791400,463.03,466.16,462.41,464.74,311850000,311850000
763050600,464.74,468.07,464.74,466.91,285590000,285590000
763137000,466.92,467.79,465.02,465.88,298110000,298110000
763223400,465.94,467.42,463.4,467.06,309810000,309810000
763309800,467.08,467.29,462.46,463.9,369370000,369370000
763396200,463.86,466.61,462.56,466.44,303890000,303890000
763655400,466.44,467.6,466.08,467.39,260150000,260150000
763741800,467.36,468.99,466.04,467.01,303750000,303750000
763828200,467.04,469.85,465.48,469.42,307640000,307640000
763914600,469.42,471.05,468.62,470.9,303930000,303930000
764001000,470.89,471.09,467.83,471.06,462240000,462240000
764260200,471.06,471.06,467.23,468.54,247380000,247380000
764346600,468.4,470.47,467.88,468.8,282240000,282240000
764433000,468.89,470.38,468.52,468.53,281500000,281500000
764519400,468.57,468.57,462.41,464.35,303740000,303740000
764605800,464.35,465.29,460.58,460.58,249640000,249640000
764865000,460.58,461.12,456.1,460,287350000,287350000
764951400,460.03,460.32,452.43,452.48,305360000,305360000
765037800,452.4,452.49,445.55,445.55,390520000,390520000
765124200,445.55,447.16,436.16,445.76,403580000,403580000
765466200,445.66,445.66,435.86,438.92,344390000,344390000
765552600,439.14,448.29,439.14,448.29,365990000,365990000
765639000,448.29,449.63,444.98,448.05,302000000,302000000
765725400,448.11,451.1,446.38,450.88,289280000,289280000
765811800,450.89,450.89,445.51,447.1,264090000,264090000
766071000,447.12,450.34,447.1,449.87,243180000,243180000
766157400,449.83,450.8,447.33,447.57,257990000,257990000
766243800,447.63,448.57,442.62,446.26,278030000,278030000
766330200,446.01,447.55,443.57,446.38,275130000,275130000
766416600,446.38,447.85,445.81,446.18,309550000,309550000
766675800,446.27,447.87,441.48,442.46,271470000,271470000
766762200,442.54,444.82,438.83,442.54,323280000,323280000
766848600,442.54,445.01,439.4,441.96,366540000,366540000
766935000,441.96,449.14,441.96,448.73,378770000,378770000
767021400,448.73,449.96,447.16,447.63,295710000,295710000
767280600,447.64,452.71,447.58,452.71,262320000,262320000
767367000,452.71,452.79,450.66,451.87,288120000,288120000
767539800,451.84,452.23,447.97,449.1,325200000,325200000
767626200,449.07,451.35,447.91,450.91,293970000,293970000
767885400,450.91,453.57,449.05,453.02,296130000,296130000
767971800,453.06,453.98,450.51,453.03,288270000,288270000
768058200,453.04,453.11,449.87,451.72,267940000,267940000
768144600,451.76,452.82,450.72,451.38,255690000,255690000
768231000,451.37,451.37,445.64,447.82,291910000,291910000
768490200,447.82,447.82,441.84,442.32,250870000,250870000
768576600,442.37,446.84,442.37,446.01,297660000,297660000
768663000,446.03,446.03,440.78,441.49,277400000,277400000
768749400,441.5,444.8,441.5,443.75,272770000,272770000
768835800,443.62,444.72,441.21,444.14,252070000,252070000
769095000,444.15,445.82,443.62,444.49,234700000,234700000
769181400,444.49,449.37,443.7,449.37,311280000,311280000
769267800,449.39,454.45,448.87,453.69,337670000,337670000
769354200,453.69,456.88,453,456.48,303680000,303680000
769440600,456.48,456.48,454.22,454.92,295180000,295180000
769699800,454.92,454.92,451.79,453.2,249420000,249420000
769786200,453.21,456.77,453.21,454.81,280040000,280040000
769872600,454.84,456.34,452.2,456.34,254420000,254420000
769959000,456.33,457.77,455.79,457.06,255740000,255740000
770045400,457.03,457.33,454.67,457.33,186430000,186430000
770391000,457.32,457.61,455.16,456.51,216700000,216700000
770477400,456.5,458.29,453.99,457.63,279910000,279910000
770563800,457.62,458.5,457.26,457.65,271630000,271630000
770650200,457.65,460.86,456.27,460.13,271490000,271490000
770909400,460.13,461.87,458.85,458.88,259080000,259080000
770995800,458.88,459.46,457.65,458.21,234680000,234680000
771082200,458.24,459.74,455.43,457.06,256000000,256000000
771168600,457.06,457.87,455.86,457.86,252870000,252870000
771255000,457.86,459.48,457.36,458.67,222480000,222480000
771514200,458.67,459.36,457.18,459.1,243640000,243640000
771600600,459.1,462.52,459.1,462.37,288550000,288550000
771687000,462.38,463.23,459.95,460.61,269740000,269740000
771773400,460.61,461.93,459.8,461.93,256390000,256390000
771859800,461.93,462.16,458.44,458.45,373450000,373450000
772119000,458.45,458.45,454.46,455.41,229520000,229520000
772205400,455.48,455.48,449.45,451.34,298730000,298730000
772291800,451.4,453.91,451.4,453.09,251110000,251110000
772378200,453.09,454.16,449.43,449.63,256480000,256480000
772464600,449.63,449.63,442.51,442.8,261260000,261260000
772723800,442.78,447.76,439.83,447.31,250080000,250080000
772810200,447.36,448.47,443.08,446.07,267740000,267740000
772896600,446.05,449.83,446.04,447.63,264430000,264430000
772983000,447.63,448.61,443.66,444.27,293410000,293410000
773069400,444.29,446.45,443.58,446.2,199030000,199030000
773415000,446.2,447.62,445.14,446.37,195410000,195410000
773501400,446.09,447.28,444.18,446.13,236230000,236230000
773587800,446.15,448.64,446.15,448.38,259740000,259740000
773674200,448.38,449.75,446.53,449.55,236520000,236520000
773933400,449.56,450.24,445.27,448.06,222970000,222970000
774019800,448.02,448.16,444.65,447.95,252250000,252250000
774106200,448.03,450.06,447.97,448.73,265840000,265840000
774192600,448.73,454.33,448.73,453.41,322330000,322330000
774279000,453.41,454.33,452.8,454.16,275860000,275860000
774538200,454.41,455.71,453.26,455.22,227460000,227460000
774624600,455.22,455.3,453.86,453.86,251530000,251530000
774711000,453.89,454.16,450.69,451.6,267840000,267840000
774797400,451.6,453.22,451,452.61,292120000,292120000
774883800,452.61,454.03,452.33,453.11,261600000,261600000
775143000,453.06,454.32,452.76,454.25,213470000,213470000
775229400,454.25,454.25,452.78,453.36,232670000,232670000
775315800,453.36,453.38,451.36,452.57,251680000,251680000
775402200,452.57,454.93,452.3,454.24,245990000,245990000
775488600,454.25,459.33,454.25,458.25,269560000,269560000
775747800,458.27,461.01,458.08,461.01,258180000,258180000
775834200,461.01,462.77,459.7,460.56,294740000,294740000
775920600,460.65,461.46,459.51,461.46,283840000,283840000
776007000,461.45,461.49,458.4,458.4,289150000,289150000
776093400,458.34,458.34,456.08,457.09,230270000,230270000
776352600,457.08,458.3,457.01,457.89,217680000,217680000
776439000,457.89,458.16,456.66,457.92,259140000,259140000
776525400,457.98,460.48,457.98,460.3,279500000,279500000
776611800,460.31,461.41,456.88,458.88,275690000,275690000
776698200,458.88,462.27,458.88,461.95,249280000,249280000
776957400,461.97,463.34,461.21,461.23,223210000,223210000
777043800,461.22,465.2,459.89,465.01,306640000,306640000
777130200,465.27,465.91,464.57,465.17,309250000,309250000
777216600,465.1,465.1,462.3,463.17,287330000,287330000
777303000,463.25,464.37,461.81,463.68,276630000,276630000
777562200,463.38,463.38,461.46,462.31,235870000,235870000
777648600,462.39,466.58,462.39,464.51,307240000,307240000
777735000,464.51,469.05,464.51,469.03,310510000,310510000
777821400,469.07,470.12,467.64,468.08,284230000,284230000
777907800,468.32,474.65,468.32,473.8,305120000,305120000
778167000,473.89,477.14,473.89,474.59,266080000,266080000
778253400,474.59,476.61,473.56,476.09,294520000,294520000
778339800,476.07,477.59,474.43,475.5,354650000,354650000
778426200,475.49,475.49,471.74,473.17,282830000,282830000
778512600,473.2,474.89,470.67,470.99,216150000,216150000
778858200,471.03,471.92,469.64,471.86,199670000,199670000
778944600,471.86,472.41,470.2,470.99,290330000,290330000
779031000,471,473.4,470.86,473.14,295010000,295010000
779117400,473.13,473.13,466.55,468.18,293360000,293360000
779376600,468.1,468.42,466.15,466.21,244680000,244680000
779463000,466.48,468.76,466.48,467.52,293370000,293370000
779549400,467.55,468.86,466.82,468.8,297480000,297480000
779635800,468.8,474.81,468.79,474.81,281920000,281920000
779722200,474.81,474.81,470.06,471.19,410750000,410750000
779981400,471.21,473.15,470.68,470.85,277110000,277110000
780067800,470.83,470.83,463.36,463.36,326050000,326050000
780154200,463.42,464.01,458.47,461.46,351830000,351830000
780240600,461.45,463.22,460.96,461.27,305210000,305210000
780327000,461.27,462.14,459.01,459.67,300060000,300060000
780586200,459.57,460.87,459.31,460.82,272530000,272530000
780672600,460.82,462.75,459.83,462.05,290330000,290330000
780759000,462.1,465.55,462.1,464.81,330020000,330020000
780845400,464.84,464.84,461.51,462.23,302280000,302280000
780931800,462.27,465.3,461.91,462.71,291900000,291900000
781191000,462.77,463.31,460.33,461.74,269130000,269130000
781277400,461.77,462.46,454.03,454.59,325620000,325620000
781363800,454.56,454.56,449.27,453.52,359670000,359670000
781450200,453.52,454.49,452.13,452.36,272620000,272620000
781536600,452.37,455.67,452.13,455.1,284230000,284230000
781795800,455.34,459.29,455.34,459.04,213110000,213110000
781882200,459.04,466.34,459.04,465.79,355540000,355540000
781968600,465.78,466.7,464.79,465.47,269550000,269550000
782055000,465.56,471.3,465.56,467.79,337900000,337900000
782141400,467.89,469.53,466.11,469.1,251770000,251770000
782400600,469.03,469.88,468.16,468.96,238490000,238490000
782487000,469.02,469.19,466.54,467.66,259730000,259730000
782573400,467.69,471.43,465.96,470.28,317030000,317030000
782659800,470.37,470.37,465.39,466.85,331460000,331460000
782746200,466.69,466.69,463.83,464.89,315310000,315310000
783005400,464.89,466.37,460.8,460.83,282800000,282800000
783091800,460.83,461.95,458.26,461.52,326110000,326110000
783178200,461.55,463.77,461.22,462.61,322570000,322570000
783264600,462.68,465.85,462.68,465.85,327790000,327790000
783351000,465.84,473.78,465.8,473.77,381450000,381450000
783613800,473.76,474.74,472.33,472.35,302820000,302820000
783700200,472.26,472.26,467.64,468.42,314940000,314940000
783786600,468.41,470.92,466.36,466.51,331360000,331360000
783873000,466.5,468.64,466.4,467.91,285170000,285170000
783959400,467.96,469.28,462.28,462.28,280560000,280560000
784218600,462.31,463.56,461.25,463.06,255030000,255030000
784305000,463.08,467.54,463.07,465.65,290860000,290860000
784391400,465.65,469.95,463.46,465.42,337780000,337780000
784477800,465.4,467.79,463.73,464.35,280910000,280910000
784564200,464.17,464.17,461.45,462.35,220800000,220800000
784823400,462.44,466.29,462.44,466.04,260380000,260380000
784909800,466.04,468.51,462.95,465.03,336450000,336450000
784996200,465.06,466.25,464.28,465.62,296980000,296980000
785082600,465.71,465.83,461.47,463.57,323190000,323190000
785169000,463.6,463.84,460.25,461.47,356730000,356730000
785428200,461.69,463.41,457.55,458.29,293030000,293030000
785514600,457.95,458.03,450.08,450.08,387270000,387270000
785601000,450.01,450.61,444.18,449.93,430760000,430760000
785773800,449.94,452.87,449.94,452.29,118290000,118290000
786033000,452.26,454.19,451.04,454.16,265480000,265480000
786119400,454.23,455.17,452.14,455.17,286620000,286620000
786205800,455.17,457.13,453.27,453.69,298650000,298650000
786292200,453.55,453.91,447.97,448.92,285920000,285920000
786378600,448.92,453.31,448,453.3,284750000,284750000
786637800,453.3,455.04,452.06,453.33,258490000,258490000
786724200,453.29,453.93,450.35,453.11,298930000,298930000
786810600,453.11,453.11,450.01,451.23,283490000,283490000
786897000,451.23,452.06,444.59,445.45,362290000,362290000
786983400,445.45,446.98,442.88,446.97,336440000,336440000
787242600,446.95,449.48,445.62,449.47,285730000,285730000
787329000,449.52,451.69,449.43,450.15,307110000,307110000
787415400,450.05,456.16,450.05,454.97,355000000,355000000
787501800,454.97,456.84,454.5,455.35,332790000,332790000
787588200,455.35,458.8,455.35,458.8,481860000,481860000
787847400,458.78,458.78,456.64,457.91,271850000,271850000
787933800,458.08,458.45,456.37,457.1,326530000,326530000
788020200,457.24,461.7,457.17,459.61,379130000,379130000
788106600,459.62,461.21,459.33,459.68,340330000,340330000
788193000,459.7,461.32,459.38,459.83,196540000,196540000
788538600,461.57,462.73,461.25,462.47,211180000,211180000
788625000,462.47,462.49,459,460.86,246260000,246260000
788711400,460.92,461.81,460.36,461.17,250650000,250650000
789143400,459.21,459.21,457.2,459.11,262450000,262450000
789229800,459.13,460.72,457.56,460.71,319510000,319510000
789316200,460.73,461.3,459.75,460.34,309050000,309050000
789402600,460.38,462.49,459.47,460.68,308070000,308070000
789661800,460.67,461.77,459.74,460.83,278790000,278790000
789748200,460.9,464.59,460.9,461.68,352450000,352450000
789834600,461.68,463.61,458.65,461.67,346310000,346310000
789921000,461.64,461.93,460.63,461.64,313040000,313040000
790007400,461.73,466.43,461.73,465.97,336740000,336740000
790266600,465.97,470.39,465.97,469.38,315810000,315810000
790353000,469.43,470.15,468.19,470.05,331520000,331520000
790439400,470.05,470.43,468.03,469.71,344660000,344660000
790871400,464.74,466.23,461.14,465.82,325830000,325830000
790957800,465.81,466.88,465.47,465.86,315430000,315430000
791044200,465.86,469.51,464.4,467.44,342610000,342610000
791130600,467.44,468.62,466.9,468.32,304730000,304730000
791217000,468.32,471.36,468.32,470.39,339510000,339510000
791476200,470.39,470.52,467.49,468.51,318550000,318550000
791562600,468.51,471.03,468.18,470.42,411590000,411590000
791649000,470.42,472.75,469.29,470.4,395310000,395310000
791735400,470.4,472.79,469.95,472.79,322110000,322110000
791821800,472.79,479.91,472.79,478.65,441000000,441000000
792081000,478.64,481.95,478.36,481.14,325660000,325660000
792167400,481.14,481.32,479.69,480.81,314660000,314660000
792253800,480.83,482.6,480.4,481.19,318430000,318430000
792340200,481.21,482,479.91,480.19,325570000,325570000
792426600,480.19,481.96,479.53,481.46,295600000,295600000
792685800,481.46,482.86,481.07,481.65,256270000,256270000
792772200,481.66,482.94,480.89,482.55,300720000,300720000
792858600,482.55,485.54,481.77,484.54,378040000,378040000
792945000,484.56,485.22,483.05,485.22,360990000,360990000
793031400,485.15,485.15,481.97,481.97,347970000,347970000
793377000,481.95,483.26,481.94,482.72,308090000,308090000
793463400,482.74,486.15,482.45,485.07,339460000,339460000
793549800,485.07,489.19,485.07,486.91,394280000,394280000
793636200,486.82,488.28,485.7,488.26,302930000,302930000
793895400,488.26,488.26,483.18,483.96,285790000,285790000
793981800,483.81,487.44,483.77,487.39,317220000,317220000
794068200,487.39,487.83,484.92,485.65,362600000,362600000
794154600,485.65,485.71,483.19,485.13,330030000,330030000
794241000,485.13,485.42,483.07,485.42,330840000,330840000
794500200,485.42,485.7,481.52,485.63,298870000,298870000
794586600,485.63,485.63,479.7,482.12,355550000,355550000
794673000,482.21,484.08,481.57,483.14,349780000,349780000
794759400,483.15,483.74,482.05,483.16,319320000,319320000
794845800,483.16,490.37,483.16,489.57,382940000,382940000
795105000,489.57,491.28,489.35,490.05,275280000,275280000
795191400,490.05,493.69,490.05,492.89,346160000,346160000
795277800,492.89,492.89,490.83,491.88,309540000,309540000
795364200,491.87,495.94,491.78,495.41,336670000,336670000
795450600,495.43,496.67,494.95,495.52,417380000,417380000
795709800,495.52,496.61,495.27,496.14,301740000,301740000
795796200,496.15,499.19,494.04,495.07,367110000,367110000
795882600,495.07,495.67,493.67,495.67,313120000,313120000
795969000,495.67,496.77,494.19,495.95,318530000,318530000
796055400,496.07,500.97,496.07,500.97,358370000,358370000
796314600,500.97,503.2,500.93,503.2,296270000,296270000
796401000,503.19,503.91,501.83,503.9,320360000,320360000
796487400,503.92,508.15,500.96,503.12,385940000,385940000
796573800,503.17,504.66,501,502.22,362940000,362940000
796660200,501.94,501.94,495.7,500.71,353060000,353060000
796915800,500.74,501.91,500.2,501.85,296430000,296430000
797002200,501.85,505.26,501.85,505.24,330580000,330580000
797088600,505.27,505.57,503.17,505.57,315170000,315170000
797175000,505.63,507.1,505,506.08,320460000,320460000
797261400,506.13,507.19,503.59,506.42,314760000,314760000
797520600,506.3,507.01,504.61,507.01,260980000,260980000
797607000,507.24,508.85,505.29,505.53,310660000,310660000
797693400,505.59,507.17,505.07,507.17,327880000,327880000
797779800,507.19,509.83,507.19,509.23,301580000,301580000
798125400,507.17,512.03,505.43,506.13,333930000,333930000
798211800,506.43,507.65,504.12,505.37,344680000,344680000
798298200,505.37,505.89,501.19,504.92,378050000,378050000
798384600,504.95,506.5,503.44,505.29,368450000,368450000
798471000,505.31,508.49,505.31,508.49,403250000,403250000
798730200,508.49,513.02,507.44,512.89,326280000,326280000
798816600,512.85,513.54,511.32,512.15,351790000,351790000
798903000,512.1,513.04,510.47,512.66,350810000,350810000
798989400,512.68,513.62,511.63,513.55,350850000,350850000
799075800,513.64,515.29,510.9,514.71,320440000,320440000
799335000,514.73,515.6,513.42,514.26,296830000,296830000
799421400,514.26,515.18,513.03,514.86,302560000,302560000
799507800,514.86,520.54,514.86,520.48,392370000,392370000
799594200,521.17,525.4,519.45,520.54,434990000,434990000
799680600,520.64,522.35,518.28,520.12,342380000,342380000
799939800,520.14,525.15,519.14,523.96,291810000,291810000
800026200,523.96,525.99,521.79,523.56,361300000,361300000
800112600,523.68,524.4,521.53,524.36,381990000,381990000
800199000,524.36,524.89,522.7,524.37,339900000,339900000
800285400,524.37,527.05,523.3,525.55,361000000,361000000
800544600,525.57,527.74,525,527.74,316240000,316240000
800631000,527.73,529.08,526.45,528.19,366180000,366180000
800717400,528.29,528.42,525.38,527.07,347930000,347930000
800803800,527.07,527.07,519.58,519.58,351900000,351900000
800890200,519.58,519.58,517.07,519.19,354010000,354010000
801149400,519.2,524.34,519.2,523.65,285600000,285600000
801235800,523.65,528.59,523.65,528.59,362690000,362690000
801322200,528.59,531.91,525.57,528.61,391770000,391770000
801408600,528.61,529.04,524.89,528.59,341820000,341820000
801495000,528.58,528.58,522.51,523.65,291220000,291220000
801840600,523.67,525.58,521.39,523.58,283020000,283020000
801927000,523.66,533.41,522.17,533.4,358180000,358180000
802013400,533.41,534.21,530.05,533.49,345920000,345920000
802099800,533.48,536.91,529.55,532.51,366000000,366000000
802359000,532.47,537.73,532.47,535.6,337520000,337520000
802445400,535.6,537.09,535.14,535.55,340490000,340490000
802531800,535.53,535.54,531.66,533.13,327790000,327790000
802618200,533.13,533.56,531.65,532.35,289880000,289880000
802704600,532.35,532.35,526,527.94,327570000,327570000
802963800,527.94,532.54,527.94,530.88,289920000,289920000
803050200,531,536.23,531,536.05,339660000,339660000
803136600,535.96,536.48,533.83,536.47,330770000,330770000
803223000,536.48,539.07,535.56,537.12,334700000,334700000
803309400,537.24,539.98,537.24,539.83,442740000,442740000
803568600,539.93,545.22,539.86,545.22,322990000,322990000
803655000,545.24,545.44,543.43,544.98,382370000,382370000
803741400,544.99,545.93,543.9,543.98,398210000,398210000
803827800,544.04,551.07,544.04,551.07,421000000,421000000
803914200,551.04,551.04,548.23,549.71,321660000,321660000
804173400,549.74,549.79,544.06,544.13,296720000,296720000
804259800,544.11,547.07,542.19,542.43,346950000,346950000
804346200,542.4,546.33,540.72,544.73,368060000,368060000
804432600,544.8,546.25,540.79,543.87,313080000,313080000
804519000,543.87,546.82,543.51,544.75,311650000,311650000
804778200,544.79,547.1,544.43,547.09,117900000,117900000
804951000,547.1,549.98,546.28,547.26,357850000,357850000
805037400,547.26,553.99,546.59,553.99,420500000,420500000
805123800,553.99,556.57,553.05,556.37,466540000,466540000
805383000,556.44,558.48,555.77,557.19,409700000,409700000
805469400,557.17,557.17,553.8,554.78,376770000,376770000
805555800,555.1,561.56,554.27,560.89,416360000,416360000
805642200,560.87,562,559.07,561,387500000,387500000
805728600,561,561,556.41,559.89,312930000,312930000
805987800,559.89,562.94,559.45,562.72,322540000,322540000
806074200,562.57,562.6,556.86,558.46,372230000,372230000
806160600,558.46,558.46,542.51,550.98,489850000,489850000
806247000,551.1,554.43,549.1,553.54,383380000,383380000
806333400,553.48,554.73,550.91,553.62,431830000,431830000
806592600,553.67,557.21,553.67,556.63,315300000,315300000
806679000,556.79,561.75,556.34,561.1,373200000,373200000
806765400,561.3,563.78,560.85,561.61,393470000,393470000
806851800,561.61,565.29,561.61,565.22,356570000,356570000
806938200,565.22,565.4,562.04,562.93,311590000,311590000
807197400,562.93,563.49,560.06,562.06,291950000,291950000
807283800,562.07,562.11,556.67,559.64,332210000,332210000
807370200,560.06,565.62,557.87,558.8,374330000,374330000
807456600,558.8,558.8,554.1,558.75,353110000,353110000
807543000,558.75,559.57,557.91,558.94,314740000,314740000
807802200,558.94,561.24,558.94,560.03,277050000,277050000
807888600,560.03,561.52,558.31,560.39,306090000,306090000
807975000,560.39,561.59,559.29,559.71,303390000,303390000
808061400,559.71,560.63,556.05,557.45,306660000,306660000
808147800,557.45,558.5,553.04,555.11,267850000,267850000
808407000,555.14,559.74,554.76,559.74,264920000,264920000
808493400,559.74,559.98,555.22,558.57,330070000,330070000
808579800,558.84,559.98,557.37,559.97,390170000,390170000
808666200,559.97,559.97,557.42,559.04,354460000,354460000
808752600,559.18,561.24,558.34,559.21,320490000,320490000
809011800,559.21,563.34,557.89,558.11,303200000,303200000
809098200,558.29,559.52,555.87,559.52,290890000,290890000
809184600,559.52,560,557.08,557.14,291890000,291890000
809271000,557.14,558.63,555.2,557.46,299200000,299200000
809357400,557.54,561.31,557.54,560.1,255990000,255990000
809616600,560.13,562.22,557.99,559.05,267860000,267860000
809703000,559.07,560.01,555.71,560,311290000,311290000
809789400,560,561.52,559.5,560.92,329840000,329840000
809875800,561,562.36,560.49,561.88,300920000,300920000
809962200,561.83,564.62,561.01,563.84,256730000,256730000
810307800,564,569.2,564,569.17,332670000,332670000
810394200,569.18,570.53,569,570.17,369540000,369540000
810480600,570.64,571.11,569.23,570.29,321720000,321720000
810567000,570.29,572.68,569.27,572.68,317940000,317940000
810826200,572.69,575.15,572.69,573.91,296840000,296840000
810912600,573.95,576.51,573.11,576.51,344540000,344540000
810999000,576.44,579.72,575.47,578.77,384380000,384380000
811085400,578.81,583.99,578.81,583.61,382880000,382880000
811171800,583.61,585.07,581.79,583.35,459370000,459370000
811431000,583.37,583.37,579.36,582.77,326090000,326090000
811517400,582.66,584.24,580.75,584.2,371170000,371170000
811603800,584.2,586.77,584.18,586.77,400050000,400050000
811690200,586.77,586.78,580.89,583,367100000,367100000
811776600,583,583,578.25,581.73,370790000,370790000
812035800,581.87,582.14,579.5,581.81,273120000,273120000
812122200,581.89,584.66,580.65,581.41,363630000,363630000
812208600,581.42,581.42,574.68,581.04,411300000,411300000
812295000,581.13,585.87,580.7,585.87,367720000,367720000
812381400,585.91,587.61,584.01,584.41,335250000,335250000
812640600,584.43,585.05,580.54,581.72,304990000,304990000
812727000,581.72,582.34,578.48,582.34,385940000,385940000
812813400,582.24,582.24,579.91,581.47,339380000,339380000
812899800,581.47,582.63,579.58,582.63,367480000,367480000
812986200,582.65,584.5,582.11,582.49,313680000,313680000
813245400,582.1,582.1,576.35,578.37,275320000,275320000
813331800,578.37,578.37,571.55,577.52,412710000,412710000
813418200,577.52,579.52,577.08,579.46,340740000,340740000
813504600,579.59,583.12,579.59,583.1,344060000,344060000
813591000,583.1,587.39,583.1,584.5,374680000,374680000
813850200,584.48,584.86,582.63,583.03,300750000,300750000
813936600,583.03,586.78,581.9,586.78,356380000,356380000
814023000,586.84,589.76,586.28,587.44,411270000,411270000
814109400,587.42,590.66,586.34,590.65,406620000,406620000
814195800,590.66,590.66,586.78,587.46,389360000,389360000
814455000,587.46,587.46,583.73,585.06,330750000,330750000
814541400,585.05,587.31,584.75,586.56,415540000,415540000
814627800,586.59,587.19,581.41,582.47,433620000,433620000
814714200,582.47,582.63,572.52,576.72,464270000,464270000
814800600,576.63,579.7,573.21,579.7,379230000,379230000
815063400,579.87,583.79,579.87,583.25,319160000,319160000
815149800,583.25,586.71,581.49,581.5,377390000,377390000
815236200,581.61,584.24,581.04,584.22,378090000,378090000
815322600,584.22,589.72,584.22,589.72,397070000,397070000
815409000,589.72,590.57,588.65,590.57,348500000,348500000
815668200,590.47,590.64,588.31,588.46,309100000,309100000
815754600,588.39,588.39,584.24,586.32,364680000,364680000
815841000,586.32,591.71,586.32,591.71,359780000,359780000
815927400,592.23,593.9,590.89,593.26,380760000,380760000
816013800,593.12,593.25,590.39,592.72,298690000,298690000
816273000,592.67,593.71,590.58,592.3,295840000,295840000
816359400,592.29,592.29,588.98,589.29,354420000,354420000
816445800,589.29,593.97,588.36,593.96,376100000,376100000
816532200,593.57,597.91,593.52,597.34,423280000,423280000
816618600,597.34,600.07,597.3,600.07,437200000,437200000
816877800,600.08,600.4,596.17,596.85,333150000,333150000
816964200,596.85,600.27,595.42,600.24,408320000,408320000
817050600,600.25,600.71,598.4,598.4,404980000,404980000
817223400,598.51,600.24,598.51,599.97,125870000,125870000
817482600,600.19,603.35,600.19,601.32,359130000,359130000
817569000,601.32,606.45,599.02,606.45,408860000,408860000
817655400,606.45,607.64,605.45,607.64,398280000,398280000
817741800,607.51,608.69,605.36,605.37,440050000,440050000
817828200,605.42,608.11,605.42,606.98,393310000,393310000
818087400,606.98,613.83,606.84,613.68,405480000,405480000
818173800,613.68,618.48,613.14,617.68,437360000,437360000
818260200,617.72,621.11,616.69,620.18,417780000,417780000
818346600,620.18,620.19,615.21,616.17,379260000,379260000
818433000,616.52,617.82,614.32,617.48,327900000,327900000
818692200,617.48,620.9,617.14,619.52,342070000,342070000
818778600,619.52,619.55,617.71,618.78,349860000,349860000
818865000,618.78,622.04,618.27,621.69,415290000,415290000
818951400,621.69,622.88,616.13,616.92,465300000,465300000
819037800,617.1,617.7,614.44,616.34,636800000,636800000
819297000,616.32,616.32,606.13,606.81,426270000,426270000
819383400,607.01,611.94,605.05,611.93,478280000,478280000
819469800,611.93,614.27,605.94,605.94,437680000,437680000
819556200,606.08,610.52,606.08,610.49,415810000,415810000
819642600,610.48,613.51,610.45,611.95,289600000,289600000
819988200,611.97,614.5,611.97,614.3,217280000,217280000
820074600,614.27,615.73,613.75,614.53,252300000,252300000
820161000,614.28,615.5,612.4,614.12,288660000,288660000
820247400,614.12,615.93,612.38,615.93,321250000,321250000
820593000,615.93,620.74,613.17,620.73,364180000,364180000
820679400,620.57,623.25,619.56,621.32,468950000,468950000
820765800,621.32,624.52,613.96,617.7,512580000,512580000
820852200,617.7,617.7,612.02,616.72,437110000,437110000
821111400,616.71,618.46,616.71,618.46,130360000,130360000
821197800,618.46,619.15,608.21,609.45,417400000,417400000
821284200,609.45,609.45,597.29,598.48,496830000,496830000
821370600,598.48,602.71,597.54,602.69,408800000,408800000
821457000,602.75,604.8,597.46,601.81,383400000,383400000
821716200,601.81,603.43,598.47,599.82,306180000,306180000
821802600,600.01,608.44,599.05,608.44,425220000,425220000
821889000,608.44,609.93,604.7,606.37,458720000,458720000
821975400,606.37,608.27,604.12,608.24,450410000,450410000
822061800,608.24,612.92,606.76,611.83,497720000,497720000
822321000,611.83,613.45,610.95,613.4,398040000,398040000
822407400,613.4,613.4,610.65,612.79,416910000,416910000
822493800,612.79,619.96,612.79,619.96,476380000,476380000
822580200,619.96,620.15,616.62,617.03,453270000,453270000
822666600,617.03,621.7,615.26,621.62,385700000,385700000
822925800,621.62,624.22,621.42,624.22,363330000,363330000
823012200,624.22,630.29,624.22,630.15,464350000,464350000
823098600,630.15,636.18,629.48,636.02,472210000,472210000
823185000,636.02,638.46,634.54,638.46,461430000,461430000
823271400,638.46,639.26,634.29,635.85,420020000,420020000
823530600,635.86,641.43,633.71,641.43,377760000,377760000
823617000,641.46,646.67,639.7,646.33,465940000,465940000
823703400,646.26,649.93,645.59,649.93,462730000,462730000
823789800,649.92,656.54,647.97,656.07,474970000,474970000
823876200,656.07,661.08,653.64,656.37,477640000,477640000
824135400,656.43,662.95,656.34,661.45,397890000,397890000
824221800,661.11,664.19,657.92,660.51,441540000,441540000
824308200,660.04,661.53,654.37,655.58,421790000,421790000
824394600,655.53,656.84,651.11,651.32,415320000,415320000
824481000,651.4,651.42,646.99,647.98,445570000,445570000
824826600,647.98,647.98,638.79,640.65,395910000,395910000
824913000,640.65,648.11,640.65,648.1,431220000,431220000
824999400,648.1,659.75,648.1,658.86,485470000,485470000
825085800,658.86,663,652.25,659.08,443130000,443130000
825345000,659.08,659.08,650.16,650.46,399330000,399330000
825431400,650.46,650.62,643.87,647.24,431340000,431340000
825517800,647.24,654.39,643.99,644.75,447790000,447790000
825604200,644.75,646.95,639.01,640.43,453170000,453170000
825690600,640.43,644.38,635,644.37,471480000,471480000
825949800,644.37,653.54,644.37,650.81,417270000,417270000
826036200,650.81,655.8,648.77,655.79,445700000,445700000
826122600,655.81,656.97,651.61,652,428220000,428220000
826209000,652.06,653.65,649.54,653.65,425790000,425790000
826295400,653.65,653.65,627.63,633.5,546550000,546550000
826554600,633.62,640.41,629.95,640.02,449500000,449500000
826641000,639.98,639.98,628.82,637.09,454980000,454980000
826727400,637.09,640.52,635.19,638.55,413030000,413030000
826813800,638.58,644.17,638.58,640.87,492630000,492630000
826900200,640.87,642.87,638.35,641.43,529970000,529970000
827159400,641.43,652.65,641.43,652.65,437100000,437100000
827245800,652.65,656.18,649.8,651.69,438300000,438300000
827332200,651.68,653.13,645.57,649.98,409780000,409780000
827418600,650.01,651.54,648.1,649.19,367180000,367180000
827505000,649.19,652.08,649.19,650.62,329390000,329390000
827764200,650.62,655.5,648.82,650.04,336700000,336700000
827850600,650.04,654.31,648.15,652.97,400090000,400090000
827937000,653.16,653.94,647.6,648.91,406280000,406280000
828023400,648.89,649.58,646.36,648.94,370750000,370750000
828109800,648.97,650.96,644.89,645.5,413510000,413510000
828369000,645.5,653.87,645.5,653.73,392120000,392120000
828455400,653.73,655.27,652.81,655.26,406640000,406640000
828541800,655.26,655.89,651.81,655.88,386620000,386620000
828628200,655.89,656.68,654.89,655.86,383400000,383400000
828970200,655.86,655.86,638.04,644.24,411810000,411810000
829056600,644.24,646.33,640.84,642.19,426790000,426790000
829143000,642.19,642.78,631.76,633.5,475150000,475150000
829229400,633.5,635.18,624.14,631.18,519710000,519710000
829315800,631.19,637.14,631.19,636.71,413270000,413270000
829575000,636.71,642.49,636.71,642.49,346370000,346370000
829661400,642.96,645.57,642.15,645,453310000,453310000
829747800,645,645,638.71,641.61,465200000,465200000
829834200,641.61,644.66,640.76,643.61,415150000,415150000
829920600,643.61,647.32,643.61,645.07,435690000,435690000
830179800,645.24,650.91,645.24,647.89,395370000,395370000
830266200,647.89,651.59,647.7,651.58,452690000,452690000
830352600,651.58,653.37,648.25,650.17,494220000,494220000
830439000,650.17,654.18,647.06,652.87,462120000,462120000
830525400,652.87,656.43,651.96,653.46,402530000,402530000
830784600,653.46,654.71,651.6,654.16,344030000,344030000
830871000,654.16,654.59,651.05,654.17,393390000,393390000
830957400,654.17,656.44,652.26,654.58,404620000,404620000
831043800,654.58,654.58,642.13,643.38,442960000,442960000
831130200,643.39,648.45,640.23,641.63,434010000,434010000
831389400,641.63,644.64,636.19,640.81,375820000,375820000
831475800,640.86,641.4,636.96,638.26,410770000,410770000
831562200,638.26,644.79,630.07,644.78,495460000,495460000
831648600,644.78,647.95,643.18,645.44,404310000,404310000
831735000,646.2,653,646.2,652.09,428370000,428370000
831994200,652.09,662.16,652.09,661.51,394180000,394180000
832080600,661.51,666.96,661.51,665.6,460440000,460440000
832167000,665.6,669.82,664.46,665.42,447790000,447790000
832253400,665.42,667.11,662.79,664.85,392070000,392070000
832339800,664.96,669.84,664.96,668.91,429140000,429140000
832599000,668.91,673.66,667.64,673.15,385000000,385000000
832685400,673.15,675.56,672.26,672.76,409610000,409610000
832771800,672.73,678.42,671.23,678.42,423670000,423670000
832858200,678.42,681.1,673.45,676,431850000,431850000
832944600,676,679.72,676,678.51,329150000,329150000
833290200,678.57,679.98,671.52,672.23,341480000,341480000
833376600,672.23,673.73,666.09,667.93,346730000,346730000
833463000,667.94,673.51,664.56,671.7,381960000,381960000
833549400,671.7,673.46,667,669.12,351750000,351750000
833808600,669.12,669.12,665.19,667.68,318470000,318470000
833895000,667.69,672.6,667.69,672.56,386040000,386040000
833981400,672.56,678.45,672.09,678.44,380360000,380360000
834067800,678.44,680.32,673.02,673.03,466940000,466940000
834154200,673.03,673.31,662.57,673.31,445710000,445710000
834413400,673.31,673.61,670.15,672.16,337480000,337480000
834499800,672.16,676.72,669.94,670.97,405390000,405390000
834586200,670.97,673.67,668.77,669.04,397190000,397190000
834672600,669.04,670.54,665.49,667.92,397620000,397620000
834759000,667.92,668.4,664.35,665.85,390630000,390630000
835018200,665.85,668.27,664.09,665.16,298410000,298410000
835104600,665.16,666.36,661.34,662.06,373290000,373290000
835191000,662.1,665.62,661.21,661.96,383610000,383610000
835277400,661.96,664.96,658.75,662.1,441060000,441060000
835363800,662.1,666.84,662.1,666.84,520340000,520340000
835623000,666.84,671.07,666.84,668.85,333840000,333840000
835709400,668.85,670.65,667.29,668.48,391900000,391900000
835795800,668.49,668.49,663.67,664.39,386520000,386520000
835882200,664.39,668.9,661.56,668.55,405580000,405580000
835968600,668.55,672.68,668.55,670.63,470460000,470460000
836227800,670.64,675.88,670.64,675.88,345750000,345750000
836314200,675.84,675.84,672.55,673.61,388000000,388000000
836400600,673.61,673.64,670.21,672.4,336260000,336260000
836573400,672.21,672.21,657.41,657.44,181470000,181470000
836832600,657.44,657.65,651.13,652.54,367560000,367560000
836919000,652.64,656.6,652.64,654.75,400170000,400170000
837005400,654.74,656.27,648.39,656.06,421350000,421350000
837091800,656.06,656.06,639.52,645.67,520470000,520470000
837178200,645.67,647.64,640.21,646.19,396740000,396740000
837437400,646.19,646.19,629.69,629.8,419020000,419020000
837523800,629.71,631.99,605.88,628.37,682980000,682980000
837610200,629.04,636.61,629.04,634.07,513830000,513830000
837696600,634.08,644.44,633.29,643.56,474460000,474460000
837783000,643.51,643.51,635.5,638.73,408070000,408070000
838042200,638.72,638.72,630.38,633.77,327300000,327300000
838128600,633.79,637.7,625.65,626.87,421900000,421900000
838215000,626.19,629.1,616.43,626.65,463030000,463030000
838301400,626.65,633.57,626.65,631.17,405390000,405390000
838387800,631.18,636.23,631.18,635.9,349900000,349900000
838647000,635.9,635.9,630.9,630.91,281560000,281560000
838733400,630.91,635.26,629.22,635.26,341090000,341090000
838819800,635.26,640.54,633.74,639.95,403560000,403560000
838906200,639.95,650.66,639.49,650.02,439110000,439110000
838992600,650.13,662.49,650.13,662.49,442080000,442080000
839251800,662.49,663.64,659.03,660.23,307240000,307240000
839338200,660.23,662.75,656.83,662.38,347290000,347290000
839424600,662.39,664.61,660,664.16,394340000,394340000
839511000,664.16,664.17,661.28,662.59,334570000,334570000
839597400,662.45,665.37,660.31,662.1,327280000,327280000
839856600,662.05,665.77,658.95,665.77,312170000,312170000
839943000,665.77,665.77,659.13,660.2,362470000,362470000
840029400,660.2,662.42,658.47,662.05,343460000,343460000
840115800,662.05,664.18,660.64,662.28,323950000,323950000
840202200,662.28,666.34,662.26,665.21,337650000,337650000
840461400,665.15,667.12,665,666.58,294080000,294080000
840547800,666.58,666.99,665.15,665.69,334960000,334960000
840634200,665.69,665.69,662.16,665.07,348820000,348820000
840720600,665.07,670.68,664.88,670.68,354950000,354950000
840807000,670.68,670.68,664.93,667.03,308010000,308010000
841066200,667.03,667.03,662.36,663.88,281430000,281430000
841152600,663.89,666.4,663.5,666.4,310520000,310520000
841239000,666.4,667.41,664.39,664.81,296440000,296440000
841325400,664.81,664.81,655.35,657.4,321120000,321120000
841411800,657.4,657.71,650.52,651.99,258380000,258380000
841757400,651.9,655.13,643.97,654.72,345740000,345740000
841843800,654.72,655.82,652.93,655.61,351290000,351290000
841930200,655.61,655.61,648.89,649.44,361430000,361430000
842016600,649.44,658.21,649.44,655.68,348710000,348710000
842275800,655.7,663.77,655.7,663.76,311530000,311530000
842362200,663.76,665.57,661.55,663.81,372960000,372960000
842448600,663.65,667.73,661.79,667.28,376880000,376880000
842535000,667.34,673.07,667.34,671.13,398820000,398820000
842621400,671.15,681.39,671.15,680.54,488360000,488360000
842880600,680.54,686.48,680.53,683.98,430080000,430080000
842967000,683.98,685.8,679.96,682.94,449850000,449850000
843053400,682.94,683.77,679.75,681.47,396600000,396600000
843139800,681.47,684.07,679.06,683,398580000,398580000
843226200,683,687.07,683,687.02,519420000,519420000
843485400,687.03,687.03,681.01,686.48,297760000,297760000
843571800,686.48,690.88,683.54,685.61,460150000,460150000
843658200,685.61,688.26,684.92,685.83,451710000,451710000
843744600,685.9,690.15,683.77,685.86,500870000,500870000
843831000,685.91,687.11,683.73,686.19,414760000,414760000
844090200,686.19,690.11,686.03,687.33,388570000,388570000
844176600,687.31,689.54,684.44,689.08,421550000,421550000
844263000,689.15,694.82,689.15,694.01,440130000,440130000
844349400,694.06,694.81,691.78,692.78,386500000,386500000
844435800,692.78,701.74,692.78,701.46,463940000,463940000
844695000,701.46,704.17,701.39,703.38,380750000,380750000
844781400,703.35,705.76,699.88,700.64,435070000,435070000
844867800,700.64,702.36,694.42,696.74,408450000,408450000
844954200,696.74,696.82,693.34,694.61,394950000,394950000
845040600,694.61,700.67,694.61,700.66,396050000,396050000
845299800,700.66,705.16,700.66,703.54,322000000,322000000
845386200,704.26,708.07,699.07,702.57,458980000,458980000
845472600,702.41,704.42,699.15,704.41,441410000,441410000
845559000,705,708.52,704.76,706.99,478550000,478550000
845645400,706.89,711.04,706.11,710.82,473020000,473020000
845904600,710.82,714.1,707.71,709.85,414630000,414630000
845991000,709.78,709.78,704.55,706.57,410790000,410790000
846077400,706.57,707.31,700.98,707.27,442170000,442170000
846163800,707.33,708.25,702.11,702.29,418970000,418970000
846250200,702.31,704.11,700.53,700.92,367640000,367640000
846513000,700.92,705.4,697.25,697.26,383620000,383620000
846599400,697.32,703.25,696.22,701.5,443890000,443890000
846685800,701.59,703.44,700.05,700.9,437770000,437770000
846772200,700.9,706.61,700.35,705.27,482840000,482840000
846858600,705.27,708.6,701.3,703.77,465510000,465510000
847117800,703.81,707.02,702.84,706.73,398790000,398790000
847204200,706.76,714.56,706.76,714.14,486660000,486660000
847290600,714.14,724.6,712.83,724.59,509600000,509600000
847377000,724.59,729.49,722.23,727.65,502530000,502530000
847463400,727.65,730.82,725.22,730.82,402320000,402320000
847722600,730.79,732.6,729.94,731.87,353960000,353960000
847809000,731.87,733.04,728.2,729.56,471740000,471740000
847895400,729.59,732.11,728.03,731.13,429840000,429840000
847981800,731.13,735.99,729.2,735.88,480350000,480350000
848068200,735.88,741.92,735.15,737.62,529100000,529100000
848327400,737.62,739.24,734.39,737.02,388520000,388520000
848413800,737.02,742.18,736.87,742.16,461980000,461980000
848500200,742.16,746.99,740.4,743.95,497900000,497900000
848586600,743.95,745.2,741.08,742.75,464430000,464430000
848673000,742.75,748.73,742.75,748.73,525210000,525210000
848932200,748.81,757.05,747.99,757.03,475260000,475260000
849018600,757.03,762.12,752.83,755.96,527380000,527380000
849105000,756.08,757.3,753.18,755,377780000,377780000
849277800,755,758.27,755,757.02,14990000,14990000
849537000,757.02,757.03,751.49,756.56,412520000,412520000
849623400,756.61,761.75,747.58,748.28,516160000,516160000
849709800,748.4,748.4,738.46,745.1,498240000,498240000
849796200,745.22,747.65,742.61,744.38,483710000,483710000
849882600,744.38,744.38,726.89,739.6,500860000,500860000
850141800,739.75,749.76,739.75,749.76,381570000,381570000
850228200,749.76,753.43,747.02,747.54,446120000,446120000
850314600,747.54,747.54,732.75,740.73,494210000,494210000
850401000,740.73,744.86,729.3,729.3,492920000,492920000
850487400,729.33,731.47,721.88,728.64,458540000,458540000
850746600,728.64,732.68,719.4,720.98,447560000,447560000
850833000,720.98,727.67,716.69,726.04,519840000,519840000
850919400,726.83,732.76,726.78,731.54,500490000,500490000
851005800,731.54,746.06,731.54,745.76,526410000,526410000
851092200,745.76,755.41,745.76,748.87,654340000,654340000
851351400,749.06,750.4,743.28,746.92,343280000,343280000
851437800,746.92,751.03,746.92,751.03,165140000,165140000
851610600,751.02,757.07,751.02,755.82,254630000,254630000
851697000,755.82,758.75,754.82,756.79,253810000,253810000
851956200,756.79,759.2,752.73,753.85,339060000,339060000
852042600,753.85,753.95,740.74,740.74,399760000,399760000
852215400,740.74,742.81,729.55,737.01,463230000,463230000
852301800,737.01,748.24,737.01,748.03,452970000,452970000
852561000,748.12,753.31,743.82,747.65,531350000,531350000
852647400,747.65,753.26,742.18,753.23,538220000,538220000
852733800,753.23,755.72,747.71,748.41,557510000,557510000
852820200,748.41,757.68,748.41,754.85,555370000,555370000
852906600,754.82,759.65,746.92,759.5,545850000,545850000
853165800,759.5,762.85,756.69,759.51,445400000,445400000
853252200,759.61,772.04,759.61,768.86,531600000,531600000
853338600,768.94,770.95,763.72,767.2,524990000,524990000
853425000,767.41,772.05,765.25,769.75,537290000,537290000
853511400,769.75,776.37,769.72,776.17,534640000,534640000
853770600,776.27,780.08,774.19,776.7,440470000,440470000
853857000,776.7,783.72,772,782.72,571280000,571280000
853943400,782.72,786.23,779.56,786.23,589230000,589230000
854029800,786.23,794.67,776.64,777.56,685070000,685070000
854116200,777.56,778.21,768.17,770.52,542920000,542920000
854375400,770.52,771.43,764.18,765.02,445760000,445760000
854461800,765.02,776.32,761.75,765.02,541580000,541580000
854548200,765.48,772.7,765.48,772.5,498390000,498390000
854634600,772.5,784.17,772.5,784.17,524160000,524160000
854721000,784.17,791.86,784.17,786.16,578550000,578550000
854980200,786.16,787.14,783.12,786.73,463600000,463600000
855066600,786.73,789.28,783.67,789.26,506530000,506530000
855153000,789.03,792.71,773.43,778.28,580520000,580520000
855239400,778.48,780.35,774.45,780.15,519660000,519660000
855325800,780.85,789.72,778.19,789.56,540910000,540910000
855585000,789.56,793.46,784.69,785.43,471590000,471590000
855671400,785.43,789.6,780.95,789.59,483090000,483090000
855757800,789.59,802.77,789.59,802.77,563890000,563890000
855844200,802.77,812.93,802.77,811.82,593710000,593710000
855930600,811.82,812.2,808.15,808.48,491540000,491540000
856276200,808.48,816.29,806.34,816.29,474110000,474110000
856362600,816.16,817.68,811.2,812.49,519350000,519350000
856449000,812.49,812.49,800.35,802.8,492220000,492220000
856535400,802.8,804.94,799.99,801.77,478450000,478450000
856794600,801.77,810.64,798.42,810.28,462450000,462450000
856881000,810.28,812.85,807.65,812.03,527450000,527450000
856967400,812.1,812.7,798.13,805.68,573920000,573920000
857053800,805.68,805.68,795.06,795.07,464660000,464660000
857140200,795.07,795.7,788.5,790.82,508280000,508280000
857399400,790.82,795.31,785.66,795.31,437220000,437220000
857485800,795.31,798.93,789.98,790.95,537890000,537890000
857572200,791.51,801.99,791.51,801.99,532500000,532500000
857658600,801.99,804.11,797.5,798.56,540310000,540310000
857745000,799.11,808.19,799.11,804.97,508270000,508270000
858004200,804.97,813.66,803.66,813.65,468780000,468780000
858090600,813.65,814.9,810.77,811.34,493250000,493250000
858177000,811.34,811.34,801.07,804.26,490200000,490200000
858263400,804.26,804.26,789.44,789.56,507560000,507560000
858349800,789.56,796.88,789.56,793.17,491540000,491540000
858609000,793.16,796.28,782.98,795.71,495260000,495260000
858695400,795.88,797.18,785.47,789.66,467330000,467330000
858781800,789.66,791.59,780.03,785.77,535580000,535580000
858868200,785.77,786.29,778.04,782.65,497480000,497480000
858954600,782.65,786.44,782.65,784.1,638760000,638760000
859213800,784.1,791.01,780.79,790.89,451970000,451970000
859300200,791.24,798.11,788.39,789.07,487520000,487520000
859386600,789.07,794.89,786.77,790.5,506670000,506670000
859473000,790.5,792.58,767.32,773.88,476790000,476790000
859818600,773.88,773.88,756.13,757.12,555880000,555880000
859905000,757.12,761.49,751.26,759.64,515770000,515770000
859991400,759.65,759.65,747.59,750.11,478210000,478210000
860077800,750.11,751.04,744.4,750.32,498010000,498010000
860164200,749.82,757.9,744.04,757.9,544580000,544580000
860419800,757.9,764.82,757.9,762.13,453790000,453790000
860506200,762.25,766.25,758.36,766.12,450790000,450790000
860592600,766.12,769.53,759.15,760.6,451500000,451500000
860679000,760.6,763.73,757.65,758.34,421790000,421790000
860765400,758.34,758.34,737.64,737.65,444380000,444380000
861024600,737.88,743.73,733.54,743.73,406800000,406800000
861111000,743.73,754.72,743.73,754.72,507370000,507370000
861197400,754.72,763.53,751.99,763.53,498820000,498820000
861283800,763.53,768.55,760.49,761.77,503760000,503760000
861370200,761.77,767.93,761.77,766.34,468940000,468940000
861629400,766.34,767.39,756.38,760.37,397300000,397300000
861715800,760.37,774.64,759.9,774.61,507500000,507500000
861802200,774.62,778.19,771.9,773.64,489350000,489350000
861888600,773.64,779.89,769.72,771.18,493640000,493640000
861975000,770.76,770.76,764.63,765.37,414350000,414350000
862234200,765.37,773.89,763.3,772.96,404470000,404470000
862320600,772.96,794.44,772.96,794.05,547690000,547690000
862407000,794.05,804.13,791.21,801.34,556070000,556070000
862493400,801.34,802.95,793.21,798.53,460380000,460380000
862579800,798.53,812.99,798.53,812.97,499770000,499770000
862839000,812.97,830.29,811.8,830.29,549410000,549410000
862925400,830.24,832.29,824.7,827.76,603680000,603680000
863011800,827.76,827.76,814.7,815.62,500580000,500580000
863098200,815.62,829.09,811.84,820.26,534120000,534120000
863184600,820.26,827.69,815.78,824.78,455690000,455690000
863443800,824.78,838.56,824.78,837.66,459370000,459370000
863530200,837.66,838.49,829.12,833.13,489760000,489760000
863616600,833.13,841.29,833.13,836.04,504960000,504960000
863703000,836.04,842.45,833.34,841.88,458170000,458170000
863789400,841.88,841.88,829.15,829.75,486780000,486780000
864048600,829.75,835.92,828.87,833.27,345140000,345140000
864135000,833.27,841.96,826.41,841.66,450850000,450850000
864221400,841.66,846.87,835.22,839.35,540730000,540730000
864307800,839.35,841.91,833.86,835.66,426940000,426940000
864394200,835.66,848.49,835.66,847.03,417030000,417030000
864739800,847.03,851.53,840.96,849.71,436150000,436150000
864826200,849.71,850.95,843.21,847.21,487340000,487340000
864912600,847.21,848.96,842.61,844.08,462600000,462600000
864999000,844.08,851.87,831.87,848.28,537200000,537200000
865258200,848.28,851.34,844.61,846.36,435950000,435950000
865344600,846.36,850.56,841.51,845.48,527120000,527120000
865431000,845.48,845.55,838.82,840.11,466690000,466690000
865517400,840.11,848.89,840.11,843.43,452610000,452610000
865603800,843.43,859.24,843.36,858.01,488940000,488940000
865863000,858.01,865.14,858.01,862.91,465810000,465810000
865949400,862.91,870.05,862.18,865.27,526980000,526980000
866035800,865.27,870.66,865.15,869.57,513740000,513740000
866122200,869.57,884.34,869.01,883.46,592730000,592730000
866208600,883.48,894.69,883.48,893.27,575810000,575810000
866467800,893.27,895.17,891.21,893.9,414280000,414280000
866554200,893.9,897.6,886.2,894.43,543010000,543010000
866640600,894.42,894.42,887.03,889.1,491740000,491740000
866727000,889.06,900.09,888.99,897.99,536940000,536940000
866813400,897.99,901.77,897.77,898.7,653110000,653110000
867072600,898.7,898.7,878.43,878.62,492940000,492940000
867159000,878.62,896.75,878.62,896.34,542650000,542650000
867245400,896.34,902.09,882.24,888.99,603040000,603040000
867331800,888.99,893.21,879.32,883.68,499780000,499780000
867418200,883.68,894.7,883.68,887.3,472540000,472540000
867677400,887.3,892.62,879.82,885.14,561540000,561540000
867763800,885.14,893.88,884.54,891.03,544190000,544190000
867850200,891.03,904.05,891.03,904.03,526970000,526970000
867936600,904.03,917.82,904.03,916.92,374680000,374680000
868282200,917.59,923.26,909.69,912.2,518780000,518780000
868368600,912.2,918.76,911.56,918.75,526010000,526010000
868455000,918.75,922.03,902.48,907.54,589110000,589110000
868541400,907.45,916.54,904.31,913.78,551340000,551340000
868627800,913.78,919.74,913.11,916.68,500050000,500050000
868887000,916.68,921.78,912.02,918.38,485960000,485960000
868973400,918.38,926.15,914.52,925.76,598370000,598370000
869059800,926.24,939.32,926.24,936.59,647390000,647390000
869146200,936.59,936.96,927.9,931.61,629250000,629250000
869232600,931.61,931.61,912.9,915.3,589710000,589710000
869491800,915.3,915.38,907.12,912.94,459500000,459500000
869578200,912.94,934.38,912.94,933.98,579590000,579590000
869664600,933.98,941.8,933.98,936.56,616930000,616930000
869751000,936.56,941.51,926.91,940.28,571020000,571020000
869837400,940.3,945.65,936.09,938.79,521510000,521510000
870096600,938.79,942.97,935.19,936.45,466920000,466920000
870183000,936.16,942.96,932.56,942.29,544540000,544540000
870269400,942.29,953.98,941.98,952.29,568470000,568470000
870355800,952.29,957.73,948.89,954.31,547830000,547830000
870442200,954.29,955.33,939.05,947.14,513750000,513750000
870701400,947.14,953.18,943.6,950.3,456000000,456000000
870787800,950.3,954.21,948.92,952.37,525710000,525710000
870874200,952.37,962.43,949.45,960.32,565200000,565200000
870960600,960.32,964.17,950.87,951.19,576030000,576030000
871047000,951.19,951.19,925.74,933.54,563420000,563420000
871306200,933.54,938.5,925.39,937,480340000,480340000
871392600,937.56,942.99,925.66,926.53,499310000,499310000
871479000,926.53,935.77,916.54,922.02,587210000,587210000
871565400,922.02,930.07,916.92,924.77,530460000,530460000
871651800,924.77,924.77,900.81,900.81,537820000,537820000
871911000,900.81,912.57,893.34,912.49,514330000,514330000
871997400,912.49,926.01,912.49,926.01,545630000,545630000
872083800,926.01,939.35,924.58,939.35,521270000,521270000
872170200,939.35,939.47,921.35,925.05,499000000,499000000
872256600,925.05,925.05,905.42,923.54,460160000,460160000
872515800,923.94,930.93,917.29,920.16,388990000,388990000
872602200,920.16,922.47,911.72,913.02,449110000,449110000
872688600,913.02,916.23,903.83,913.7,492150000,492150000
872775000,913.7,915.9,898.65,903.67,486300000,486300000
872861400,903.67,907.28,896.82,899.47,413910000,413910000
873207000,899.47,927.58,899.47,927.58,491870000,491870000
873293400,927.58,935.9,926.87,927.85,549060000,549060000
873379800,927.86,933.36,925.59,930.87,559310000,559310000
873466200,930.87,940.37,924.05,929.05,536400000,536400000
873725400,929.05,936.5,929.05,931.2,466430000,466430000
873811800,931.24,938.9,927.28,933.62,502200000,502200000
873898200,933.62,933.62,918.76,919.03,517620000,517620000
873984600,919.03,919.03,902.56,912.59,575020000,575020000
874071000,912.59,925.05,906.7,923.91,544150000,544150000
874330200,923.91,928.9,919.41,919.77,468030000,468030000
874416600,919.77,947.66,919.77,945.64,636380000,636380000
874503000,945.64,950.29,941.99,943,590550000,590550000
874589400,943,958.19,943,947.29,566830000,566830000
874675800,947.29,952.35,943.9,950.51,631040000,631040000
874935000,950.71,960.59,950.71,955.43,490900000,490900000
875021400,955.43,955.78,948.07,951.93,522930000,522930000
875107800,951.93,959.78,944.07,944.48,639460000,639460000
875194200,944.48,947,937.38,937.91,524880000,524880000
875280600,937.91,946.44,937.91,945.22,505340000,505340000
875539800,945.38,953.96,941.94,953.34,477100000,477100000
875626200,953.1,955.17,947.28,947.28,587500000,587500000
875712600,950.72,956.71,948.04,955.41,598660000,598660000
875799000,955.58,960.46,952.94,960.46,474760000,474760000
875885400,960.46,975.47,955.13,965.03,623370000,623370000
876144600,965.03,974.16,965.03,972.69,495620000,495620000
876231000,972.69,983.12,971.95,983.12,551970000,551970000
876317400,983.12,983.12,968.65,973.84,573110000,573110000
876403800,973.84,974.72,963.34,970.62,551840000,551840000
876490200,970.16,970.16,963.42,966.98,500680000,500680000
876749400,966.98,973.46,966.95,968.1,354800000,354800000
876835800,968.1,972.86,961.87,970.28,510330000,510330000
876922200,970.28,970.28,962.75,965.72,505310000,505310000
877008600,965.72,973.38,950.77,955.25,597010000,597010000
877095000,955.23,955.23,931.58,944.16,624980000,624980000
877354200,944.16,955.72,941.43,955.61,483880000,483880000
877440600,956.11,972.56,956.11,972.28,582310000,582310000
877527000,972.28,972.61,965.66,968.49,613490000,613490000
877613400,968.49,968.49,944.16,950.69,673270000,673270000
877699800,950.69,960.04,937.55,941.64,677630000,677630000
877962600,941.65,941.65,876.72,876.97,693730000,693730000
878049000,876.99,923.07,855.27,921.85,1202550000,1202550000
878135400,921.85,935.25,913.87,919.15,777660000,777660000
878221800,917.96,923.28,903.68,903.68,712230000,712230000
878308200,903.68,919.93,903.68,914.62,638070000,638070000
878567400,914.62,939.02,914.62,938.99,564740000,564740000
878653800,938.99,941.4,932.66,940.76,541590000,541590000
878740200,940.76,949.62,938.16,942.76,565680000,565680000
878826600,942.76,942.85,934.16,938.03,522890000,522890000
878913000,935.56,935.56,915.39,927.51,569980000,569980000
879172200,927.51,935.9,920.26,921.13,464140000,464140000
879258600,921.13,928.29,919.63,923.78,435660000,435660000
879345000,923.78,923.88,905.34,905.96,585340000,585340000
879431400,905.96,917.79,900.61,916.66,653960000,653960000
879517800,916.66,930.44,915.34,928.35,635760000,635760000
879777000,928.35,949.66,928.35,946.2,576540000,576540000
879863400,946.2,947.65,937.43,938.23,521380000,521380000
879949800,938.23,947.28,934.83,944.59,542720000,542720000
880036200,944.59,961.83,944.59,958.98,602610000,602610000
880122600,959.03,964.55,954.6,963.09,611000000,611000000
880381800,963.09,963.09,945.22,946.67,514920000,514920000
880468200,948.05,954.47,944.7,950.82,587890000,587890000
880554600,950.82,956.47,950.82,951.64,487750000,487750000
880727400,951.69,959.13,951.69,955.4,189070000,189070000
880986600,955.4,974.77,955.4,974.77,590300000,590300000
881073000,974.78,976.2,969.83,971.68,576120000,576120000
881159400,971.68,980.81,966.16,976.77,624610000,624610000
881245800,976.77,983.36,971.37,973.1,633470000,633470000
881332200,973.1,986.25,969.1,983.79,563590000,563590000
881591400,983.79,985.67,979.57,982.37,490320000,490320000
881677800,982.37,982.37,973.81,975.78,539130000,539130000
881764200,975.78,975.78,962.68,969.79,602290000,602290000
881850600,969.79,969.79,951.89,954.94,631770000,631770000
881937000,954.94,961.32,947,953.39,579280000,579280000
882196200,953.39,965.96,953.39,963.39,597150000,597150000
882282600,963.39,973,963.39,968.04,623320000,623320000
882369000,968.04,974.3,964.25,965.54,618900000,618900000
882455400,965.54,965.54,950.55,955.3,618870000,618870000
882541800,955.3,955.3,924.92,946.78,793200000,793200000
882801000,946.78,956.73,946.25,953.7,530670000,530670000
882887400,953.7,954.51,938.91,939.12,515070000,515070000
882973800,939.13,942.88,932.7,932.7,265980000,265980000
883146600,932.7,939.99,932.7,936.46,154900000,154900000
883405800,936.46,953.95,936.46,953.36,443160000,443160000
883492200,953.39,970.84,953.39,970.84,499500000,499500000
883578600,970.84,975.02,967.41,970.43,467280000,467280000
883751400,970.43,975.04,965.73,975,366730000,366730000
884010600,975.21,982.63,969,977.07,628070000,628070000
884097000,977.07,977.07,962.68,966.58,618360000,618360000
884183400,966.58,966.58,952.67,964,667390000,667390000
884269800,964,964,955.04,956.04,652140000,652140000
884356200,956.05,956.05,921.72,927.69,746420000,746420000
884615400,927.69,939.25,912.83,939.21,705450000,705450000
884701800,939.21,952.14,939.21,952.12,646740000,646740000
884788200,952.12,958.12,948,957.94,603280000,603280000
884874600,957.94,957.94,950.27,950.73,569050000,569050000
884961000,951.12,965.12,951.12,961.51,670080000,670080000
885306600,961.48,978.6,961.48,978.6,644790000,644790000
885393000,978.6,978.6,963.29,970.78,626160000,626160000
885479400,970.81,970.81,959.49,963.04,646570000,646570000
885565800,963.04,966.44,950.86,957.58,635770000,635770000
885825000,957.59,963.04,954.24,956.95,555080000,555080000
885911400,956.95,973.23,956.26,969.02,679140000,679140000
885997800,969.02,978.63,969.02,977.46,708470000,708470000
886084200,977.46,992.65,975.21,985.49,750760000,750760000
886170600,985.49,987.41,979.63,980.28,613380000,613380000
886429800,980.28,1002.48,980.28,1001.27,724320000,724320000
886516200,1001.27,1006.13,996.9,1006,692120000,692120000
886602600,1006,1009.52,999.43,1006.9,695420000,695420000
886689000,1006.9,1013.51,1000.27,1003.54,703980000,703980000
886775400,1003.54,1013.07,1003.36,1012.45,569650000,569650000
887034600,1012.46,1015.33,1006.28,1010.74,524810000,524810000
887121000,1010.74,1022.15,1010.71,1019.01,642800000,642800000
887207400,1019.01,1020.71,1016.38,1020.01,599300000,599300000
887293800,1020.01,1026.3,1008.55,1024.14,611480000,611480000
887380200,1024.14,1024.14,1017.71,1020.09,531940000,531940000
887725800,1020.09,1028.02,1020.09,1022.76,605890000,605890000
887812200,1022.76,1032.06,1021.7,1032.06,606000000,606000000
887898600,1032.08,1032.93,1026.62,1028.28,581820000,581820000
887985000,1028.28,1034.21,1022.69,1034.21,594300000,594300000
888244200,1035.78,1038.68,1031.76,1038.14,550730000,550730000
888330600,1038.14,1038.73,1028.89,1030.56,589880000,589880000
888417000,1030.56,1045.79,1030.56,1042.9,611350000,611350000
888503400,1042.9,1048.68,1039.85,1048.67,646280000,646280000
888589800,1048.67,1051.66,1044.4,1049.34,574480000,574480000
888849000,1049.68,1053.98,1044.7,1047.7,591470000,591470000
888935400,1047.7,1052.02,1043.41,1052.02,612360000,612360000
889021800,1051.22,1051.22,1042.74,1047.33,644280000,644280000
889108200,1047.33,1047.33,1030.87,1035.04,648270000,648270000
889194600,1035.05,1055.69,1035.05,1055.69,665500000,665500000
889453800,1055.69,1058.55,1050.02,1052.31,624700000,624700000
889540200,1052.3,1064.6,1052.3,1064.25,631920000,631920000
889626600,1064.22,1069.18,1064.22,1068.47,655260000,655260000
889713000,1068.47,1071.87,1063.54,1069.92,594940000,594940000
889799400,1069.93,1075.86,1066.57,1068.59,597800000,597800000
890058600,1068.64,1079.4,1068.64,1079.27,548980000,548980000
890145000,1079.27,1080.52,1073.29,1080.45,680960000,680960000
890231400,1080.45,1085.52,1077.77,1085.52,632690000,632690000
890317800,1085.52,1089.74,1084.3,1089.74,598240000,598240000
890404200,1089.74,1101.04,1089.39,1099.16,717310000,717310000
890663400,1099.16,1101.16,1094.25,1095.55,631350000,631350000
890749800,1095.55,1106.75,1095.55,1105.65,605720000,605720000
890836200,1105.66,1113.07,1092.84,1101.92,676550000,676550000
890922600,1101.83,1106.28,1097,1100.8,606770000,606770000
891009000,1100.8,1107.18,1091.14,1095.44,582190000,582190000
891268200,1095.44,1099.16,1090.02,1093.55,497400000,497400000
891354600,1093.55,1110.13,1093.55,1101.75,674930000,674930000
891441000,1101.75,1109.19,1095.29,1108.15,677310000,677310000
891527400,1107.99,1121.01,1107.89,1120.01,674340000,674340000
891613800,1120.01,1126.36,1118.12,1122.7,653880000,653880000
891869400,1122.7,1131.99,1121.37,1121.39,625810000,625810000
891955800,1121.38,1121.38,1102.44,1109.55,670760000,670760000
892042200,1109.55,1111.6,1098.21,1101.65,616330000,616330000
892128600,1107.41,1111.45,1101.45,1110.67,548940000,548940000
892474200,1110.67,1110.75,1100.6,1109.69,564480000,564480000
892560600,1109.69,1115.95,1109.48,1115.75,613730000,613730000
892647000,1115.75,1119.9,1112.24,1119.32,685020000,685020000
892733400,1118.72,1118.72,1105.27,1108.17,699570000,699570000
892819800,1107.92,1122.72,1104.95,1122.72,672290000,672290000
893079000,1122.72,1124.88,1118.47,1123.65,595190000,595190000
893165400,1123.65,1129.65,1119.54,1126.34,675640000,675640000
893251800,1126.67,1132.98,1126.29,1130,696740000,696740000
893338200,1130.54,1130.54,1117.49,1119.58,653190000,653190000
893424600,1119.58,1122.81,1104.77,1107.9,633890000,633890000
893683800,1107.9,1107.9,1076.7,1086.54,685960000,685960000
893770200,1086.61,1095.94,1081.49,1085.11,678600000,678600000
893856600,1085.2,1098.24,1084.65,1094.62,638790000,638790000
893943000,1094.63,1116.97,1094.63,1111.77,695600000,695600000
894029400,1111.75,1121.02,1111.75,1121,581970000,581970000
894288600,1121.07,1130.52,1121.07,1122.07,551700000,551700000
894375000,1122.07,1122.07,1111.16,1115.65,583630000,583630000
894461400,1117.39,1118.39,1104.64,1104.92,606540000,606540000
894547800,1104.99,1105.58,1094.59,1095.14,582240000,582240000
894634200,1095.14,1111.42,1094.53,1108.14,567890000,567890000
894893400,1108.14,1119.13,1103.72,1106.64,560840000,560840000
894979800,1106.64,1115.96,1102.78,1115.79,604420000,604420000
895066200,1115.79,1122.22,1114.93,1118.86,600010000,600010000
895152600,1118.86,1124.03,1112.43,1117.37,578380000,578380000
895239000,1117.37,1118.66,1107.11,1108.73,621990000,621990000
895498200,1108.73,1112.44,1097.99,1105.82,519100000,519100000
895584600,1105.82,1113.5,1105.82,1109.52,566020000,566020000
895671000,1109.68,1119.08,1107.51,1119.06,587240000,587240000
895757400,1119.06,1124.45,1111.95,1114.64,551970000,551970000
895843800,1114.64,1116.89,1107.99,1110.47,444070000,444070000
896189400,1110.52,1116.79,1094.01,1094.02,541410000,541410000
896275800,1093.78,1094.44,1074.39,1092.23,682040000,682040000
896362200,1092.23,1099.73,1089.06,1097.59,588900000,588900000
896448600,1097.6,1104.16,1090.82,1090.82,556780000,556780000
896707800,1090.82,1097.85,1084.28,1090.98,537660000,537660000
896794200,1090.98,1098.71,1089.67,1093.03,590930000,590930000
896880600,1093.24,1097.43,1081.09,1082.73,584480000,584480000
896967000,1083.31,1095.93,1078.1,1094.83,577470000,577470000
897053400,1094.83,1113.88,1094.82,1113.86,558440000,558440000
897312600,1113.87,1119.7,1113.31,1115.72,543390000,543390000
897399000,1115.72,1119.86,1111.31,1118.41,563610000,563610000
897485400,1118.41,1126,1110.27,1112.28,609410000,609410000
897571800,1112.36,1114.2,1094.28,1094.58,627470000,627470000
897658200,1094.58,1098.84,1080.83,1098.84,633300000,633300000
897917400,1097.89,1097.89,1077.01,1077.01,595820000,595820000
898003800,1077.01,1087.59,1074.67,1087.59,664600000,664600000
898090200,1087.59,1112.87,1087.58,1107.1,744400000,744400000
898176600,1107.03,1109.36,1103.71,1106.37,590440000,590440000
898263000,1106.37,1111.25,1097.1,1100.65,715500000,715500000
898522200,1100.65,1109.01,1099.42,1103.22,531550000,531550000
898608600,1103.21,1119.49,1103.21,1119.49,657100000,657100000
898695000,1119.49,1134.4,1115.1,1132.88,714900000,714900000
898781400,1132.88,1142.04,1127.6,1129.28,669900000,669900000
898867800,1129.28,1136.83,1129.28,1133.2,520050000,520050000
899127000,1133.56,1145.15,1133.56,1138.49,564350000,564350000
899213400,1137.81,1140.8,1131.98,1133.84,757200000,757200000
899299800,1133.84,1148.56,1133.84,1148.56,701600000,701600000
899386200,1148.52,1148.52,1142.99,1146.42,510210000,510210000
899731800,1146.42,1157.32,1145.03,1157.31,514750000,514750000
899818200,1157.33,1159.81,1152.85,1154.66,624890000,624890000
899904600,1154.66,1166.89,1154.66,1166.37,607230000,607230000
899991000,1166.38,1166.38,1156.03,1158.56,663600000,663600000
900077400,1158.57,1166.93,1150.88,1164.33,576080000,576080000
900336600,1164.36,1166.98,1160.21,1165.19,574880000,574880000
900423000,1165.21,1179.76,1165.21,1177.58,700300000,700300000
900509400,1177.58,1181.48,1174.73,1174.81,723900000,723900000
900595800,1174.81,1184.02,1170.4,1184.02,677800000,677800000
900682200,1183.99,1188.1,1182.42,1186.75,618030000,618030000
900941400,1186.91,1190.58,1179.19,1184.1,560580000,560580000
901027800,1184.1,1187.37,1163.05,1165.07,659700000,659700000
901114200,1165.07,1167.67,1155.2,1164.08,739800000,739800000
901200600,1164.08,1164.35,1139.75,1139.75,741600000,741600000
901287000,1139.75,1150.14,1129.11,1140.8,698600000,698600000
901546200,1140.8,1147.27,1128.19,1147.27,619990000,619990000
901632600,1147.27,1147.27,1119.44,1130.24,703600000,703600000
901719000,1130.24,1138.56,1121.98,1125.21,644350000,644350000
901805400,1125.21,1143.07,1125.21,1142.86,687400000,687400000
901891800,1142.97,1142.97,1114.3,1120.67,645910000,645910000
902151000,1120.67,1121.79,1110.39,1112.44,620400000,620400000
902237400,1112.44,1119.73,1071.82,1072.12,852600000,852600000
902323800,1072.12,1084.8,1057.35,1081.43,851600000,851600000
902410200,1081.43,1090.95,1074.94,1089.63,768400000,768400000
902496600,1089.63,1102.54,1084.72,1089.45,759100000,759100000
902755800,1089.45,1092.82,1081.76,1083.14,579180000,579180000
902842200,1083.14,1083.14,1054,1068.98,774400000,774400000
902928600,1068.98,1084.7,1068.98,1084.22,711700000,711700000
903015000,1084.22,1091.5,1074.91,1074.91,660700000,660700000
903101400,1075.06,1083.92,1057.22,1062.75,644030000,644030000
903360600,1062.75,1083.67,1055.17,1083.67,584380000,584380000
903447000,1083.67,1101.72,1083.67,1101.2,690600000,690600000
903533400,1101.2,1106.32,1094.93,1098.06,633630000,633630000
903619800,1098.06,1098.79,1089.55,1091.6,621630000,621630000
903706200,1091.6,1091.6,1054.92,1081.18,725700000,725700000
903965400,1081.36,1093.82,1081.28,1088.14,558100000,558100000
904051800,1088.14,1106.64,1085.53,1092.86,664900000,664900000
904138200,1092.82,1092.82,1075.91,1084.19,674100000,674100000
904224600,1084.19,1084.19,1037.61,1042.59,938600000,938600000
904311000,1042.59,1051.8,1021.04,1027.25,840300000,840300000
904570200,1027.14,1033.47,957.42,957.53,917500000,917500000
904656600,957.3,1000.71,939.98,994.24,1216600000,1216600000
904743000,994.36,1013.19,988.4,990.48,894600000,894600000
904829400,990.47,990.47,969.32,982.26,880500000,880500000
904915800,982.26,991.41,956.51,973.89,780300000,780300000
905261400,973.98,1023.46,973.98,1023.46,814800000,814800000
905347800,1023.46,1025.74,1004.56,1006.2,704300000,704300000
905434200,1006.2,1006.2,968.64,980.19,880300000,880300000
905520600,980.19,1009.06,969.71,1009.06,819100000,819100000
905779800,1009.08,1038.38,1009.08,1029.72,714400000,714400000
905866200,1029.72,1037.9,1021.42,1037.68,724600000,724600000
905952600,1037.79,1046.07,1029.31,1045.48,797500000,797500000
906039000,1045.48,1045.48,1016.05,1018.87,694500000,694500000
906125400,1018.87,1021.96,1011.86,1020.09,794700000,794700000
906384600,1020.09,1026.02,993.82,1023.89,609880000,609880000
906471000,1023.89,1033.89,1021.96,1029.8,694900000,694900000
906557400,1029.63,1066.09,1029.63,1066.09,899700000,899700000
906643800,1066.11,1066.11,1033.04,1042.72,805900000,805900000
906730200,1042.72,1051.89,1028.49,1044.75,736800000,736800000
906989400,1045.39,1061.46,1042.26,1048.69,690500000,690500000
907075800,1048.69,1056.31,1039.95,1049.02,760100000,760100000
907162200,1049.02,1049.02,1015.73,1017.05,800100000,800100000
907248600,1017.01,1017.01,981.29,986.39,899700000,899700000
907335000,986.39,1005.45,971.69,1002.6,902900000,902900000
907594200,1002.6,1002.6,964.72,988.56,817500000,817500000
907680600,988.56,1008.77,974.81,984.59,845700000,845700000
907767000,984.49,995.66,957.23,970.68,977000000,977000000
907853400,970.08,970.08,923.32,959.44,1114600000,1114600000
907939800,959.49,984.42,953.04,984.32,878100000,878100000
908199000,985.28,1010.71,985.28,997.71,691100000,691100000
908285400,997.71,1000.78,987.55,994.8,733300000,733300000
908371800,994.76,1014.42,987.8,1005.53,791200000,791200000
908458200,1005.53,1053.15,1000.12,1047.49,937600000,937600000
908544600,1047.49,1062.65,1047.49,1056.42,1042200000,1042200000
908803800,1056.29,1065.21,1054.23,1062.39,738600000,738600000
908890200,1062.42,1084.06,1060.61,1063.93,958200000,958200000
908976600,1063.93,1073.61,1058.08,1069.92,745100000,745100000
909063000,1069.92,1080.43,1061.47,1078.48,754900000,754900000
909149400,1078.48,1078.48,1067.43,1070.67,637640000,637640000
909412200,1070.67,1081.23,1068.01,1072.32,609910000,609910000
909498600,1072.32,1086.06,1063.06,1065.34,764500000,764500000
909585000,1065.25,1072.79,1059.65,1068.09,677500000,677500000
909671400,1068.09,1086.11,1065.11,1085.93,699400000,699400000
909757800,1085.93,1103.76,1085.93,1098.67,785000000,785000000
910017000,1098.82,1114.44,1098.82,1111.6,753800000,753800000
910103400,1111.47,1115.02,1106.42,1110.84,704300000,704300000
910189800,1110.84,1127.18,1110.59,1118.67,861100000,861100000
910276200,1118.32,1133.88,1109.55,1133.68,770200000,770200000
910362600,1133.68,1141.3,1131.18,1141.01,683100000,683100000
910621800,1141.01,1141.01,1123.17,1130.2,592990000,592990000
910708200,1130.2,1135.37,1122.8,1128.26,671300000,671300000
910794600,1128.26,1136.25,1117.4,1120.97,715700000,715700000
910881000,1120.97,1126.57,1115.55,1118.17,662300000,662300000
910967400,1117.69,1126.34,1116.76,1125.72,602270000,602270000
911226600,1125.85,1138.72,1125.85,1135.86,615580000,615580000
911313000,1135.87,1151.71,1129.67,1139.32,705200000,705200000
911399400,1139.32,1144.52,1133.07,1144.48,652510000,652510000
911485800,1144.48,1155.1,1144.42,1152.61,671000000,671000000
911572200,1152.61,1163.55,1152.61,1163.55,721200000,721200000
911831400,1163.55,1188.21,1163.55,1188.21,774100000,774100000
911917800,1188.21,1191.3,1181.81,1182.99,766200000,766200000
912004200,1183.42,1187.16,1179.37,1186.87,583580000,583580000
912177000,1186.87,1192.97,1186.83,1192.29,256950000,256950000
912436200,1192.72,1192.72,1163.63,1163.63,687900000,687900000
912522600,1163.63,1175.89,1150.31,1175.28,789200000,789200000
912609000,1175.28,1175.28,1157.76,1171.25,727400000,727400000
912695400,1171.25,1177.03,1149.6,1150.14,799100000,799100000
912781800,1150.14,1176.74,1150.14,1176.74,709700000,709700000
913041000,1176.71,1189.01,1176.71,1187.7,671200000,671200000
913127400,1187.68,1193.53,1172.78,1181.38,727700000,727700000
913213800,1181.38,1185.22,1175.89,1183.49,694200000,694200000
913300200,1183.53,1183.77,1163.75,1165.02,748600000,748600000
913386600,1165.02,1167.89,1153.19,1166.46,688900000,688900000
913645800,1166.52,1166.89,1136.89,1141.2,741800000,741800000
913732200,1141.2,1162.83,1141.2,1162.83,777900000,777900000
913818600,1162.83,1166.29,1154.69,1161.97,725500000,725500000
913905000,1161.94,1180.03,1161.94,1179.96,739400000,739400000
913991400,1180.25,1188.89,1178.27,1188.03,839600000,839600000
914250600,1188.68,1210.75,1188.68,1202.84,744800000,744800000
914337000,1202.86,1209.22,1192.81,1203.57,680500000,680500000
914423400,1203.57,1229.89,1203.57,1228.54,697500000,697500000
914509800,1228.53,1229.72,1224.85,1226.27,246980000,246980000
914855400,1227.04,1231.52,1221.17,1225.49,531560000,531560000
914941800,1225.7,1241.86,1220.78,1241.81,586490000,586490000
915028200,1241.81,1244.93,1231.2,1231.93,594220000,594220000
915114600,1231.93,1237.18,1224.96,1229.23,719200000,719200000
915460200,1229.23,1248.81,1219.1,1228.1,877000000,877000000
915546600,1228.1,1246.11,1228.1,1244.78,775000000,775000000
915633000,1244.78,1272.5,1244.78,1272.31,986900000,986900000
915719400,1272.34,1272.34,1257.68,1269.74,863000000,863000000
915805800,1269.73,1278.05,1261.85,1275.09,937800000,937800000
916065000,1275.09,1276.22,1253.43,1263.88,818000000,818000000
916151400,1263.94,1264.45,1238.25,1239.52,800200000,800200000
916237800,1233.82,1247.66,1206.59,1234.4,931500000,931500000
916324200,1234.56,1236.97,1209.48,1212.19,797200000,797200000
916410600,1212.61,1243.27,1212.61,1243.26,798100000,798100000
916756200,1243.26,1253.27,1234.91,1252,785500000,785500000
916842600,1256.88,1274.08,1251.32,1256.62,905700000,905700000
916929000,1256.56,1256.94,1232.19,1235.16,871800000,871800000
917015400,1232.44,1236.53,1218,1225.19,785900000,785900000
917274600,1227.93,1233.98,1219.46,1233.98,723900000,723900000
917361000,1236.12,1253.27,1235.42,1252.31,896400000,896400000
917447400,1252.82,1262.62,1242.82,1243.19,893800000,893800000
917533800,1243.46,1266.32,1243.46,1265.37,848800000,848800000
917620200,1266.16,1280.4,1255.2,1279.64,917000000,917000000
917879400,1281.02,1283.64,1271.29,1273.03,799400000,799400000
917965800,1273.34,1273.34,1247.62,1261.99,845500000,845500000
918052200,1260.64,1276.08,1255.27,1272.07,876500000,876500000
918138600,1271.8,1272.16,1248.37,1248.49,854400000,854400000
918225000,1248.49,1251.84,1232.33,1239.4,872000000,872000000
918484200,1239.4,1246.71,1231.94,1243.77,705400000,705400000
918570600,1243.59,1244.06,1215.58,1216.14,736000000,736000000
918657000,1215.48,1226.78,1211.89,1223.55,721400000,721400000
918743400,1225.59,1254.05,1223.36,1254.04,815800000,815800000
918829800,1251.01,1251.3,1225.53,1230.13,691500000,691500000
919175400,1232.93,1252.27,1232.02,1241.87,653760000,653760000
919261800,1239.46,1249.29,1220.94,1224.03,735100000,735100000
919348200,1224.13,1239.07,1220.53,1237.28,742400000,742400000
919434600,1237.28,1247.94,1232.03,1239.19,700000000,700000000
919693800,1239.22,1272.22,1239.22,1272.2,718500000,718500000
919780200,1273.79,1280.43,1263.35,1271.18,781100000,781100000
919866600,1272,1283.91,1251.97,1253.41,782000000,782000000
919953000,1252.71,1252.71,1225.01,1245.02,740500000,740500000
920039400,1243.45,1246.54,1226.25,1238.33,784600000,784600000
920298600,1238.33,1238.6,1222.02,1236.16,699500000,699500000
920385000,1236.33,1248.31,1221.87,1225.5,753600000,753600000
920471400,1226.64,1231.69,1216.03,1227.7,751700000,751700000
920557800,1227.7,1247.91,1227.7,1246.64,770900000,770900000
920644200,1246.79,1275.68,1246.79,1275.47,834900000,834900000
920903400,1277.26,1282.73,1271.61,1282.73,714600000,714600000
920989800,1282.73,1293.74,1274.76,1279.84,803700000,803700000
921076200,1279.84,1287.03,1275.17,1286.84,841900000,841900000
921162600,1286.9,1306.41,1286.9,1297.68,904800000,904800000
921249000,1297.83,1304.58,1289.2,1294.59,825800000,825800000
921508200,1295.21,1307.54,1290.99,1307.26,727200000,727200000
921594600,1307.14,1311.13,1302.37,1306.36,751900000,751900000
921681000,1306.46,1306.77,1292.61,1297.82,752300000,752300000
921767400,1297.95,1317.41,1294.74,1316.55,831000000,831000000
921853800,1318.22,1323.88,1298.98,1299.29,914700000,914700000
922113000,1299.88,1303.89,1294.22,1297.01,658200000,658200000
922199400,1296.24,1296.25,1257.5,1262.14,811300000,811300000
922285800,1262.62,1269.02,1256.52,1268.59,761900000,761900000
922372200,1270.18,1290.01,1270.18,1289.99,784200000,784200000
922458600,1289.23,1289.46,1277.29,1282.8,707200000,707200000
922717800,1284.37,1311.8,1284.37,1310.17,747900000,747900000
922804200,1310.8,1310.8,1295.53,1300.75,729000000,729000000
922890600,1301.21,1313.53,1285.75,1286.42,924300000,924300000
922977000,1286.44,1294.44,1282.55,1293.72,703000000,703000000
923319000,1295.86,1321.12,1295.86,1321.12,695800000,695800000
923405400,1321.41,1326.76,1311.07,1317.89,787500000,787500000
923491800,1320.27,1329.65,1312.56,1326.89,816400000,816400000
923578200,1326.95,1344.08,1321.61,1344,850500000,850500000
923664600,1343.98,1351.18,1335.23,1348.35,716100000,716100000
923923800,1342.23,1358.69,1333.07,1358.63,810800000,810800000
924010200,1359.53,1362.38,1344.03,1349.82,810900000,810900000
924096600,1350.71,1357.08,1326.41,1328.5,952000000,952000000
924183000,1330.44,1333.6,1308.38,1322.89,1089800000,1089800000
924269400,1322.36,1325.12,1311.1,1319,1002300000,1002300000
924528600,1319.64,1340.02,1284.59,1289.48,1214400000,1214400000
924615000,1290.63,1306.25,1288.28,1306.17,985400000,985400000
924701400,1306.17,1336.12,1301.83,1336.12,920000000,920000000
924787800,1337.97,1358.96,1337.97,1358.83,927900000,927900000
924874200,1358.83,1363.7,1348.47,1356.85,744900000,744900000
925133400,1356.85,1363.58,1353.76,1360.04,712000000,712000000
925219800,1360.98,1371.67,1356.61,1362.8,891700000,891700000
925306200,1363.86,1368.76,1348.38,1350.91,951700000,951700000
925392600,1351.37,1356.86,1336.71,1342.83,1003600000,1003600000
925479000,1342.85,1351.83,1314.59,1335.18,936500000,936500000
925738200,1335.18,1354.63,1329.83,1354.63,811400000,811400000
925824600,1354.41,1354.63,1330.59,1332,933100000,933100000
925911000,1332.09,1347.32,1317.41,1347.31,913500000,913500000
925997400,1347.48,1348.29,1322.56,1332.08,875400000,875400000
926083800,1332.05,1345.99,1332.05,1345,814900000,814900000
926343000,1346.19,1352.01,1334,1340.3,773300000,773300000
926429400,1340.64,1360.03,1340.64,1355.61,836100000,836100000
926515800,1357.63,1366.95,1332.95,1364,825500000,825500000
926602200,1364.44,1375.98,1364.44,1367.56,796900000,796900000
926688600,1365.82,1365.82,1332.71,1337.8,727800000,727800000
926947800,1337.8,1339.95,1321.18,1339.49,665500000,665500000
927034200,1339.49,1345.46,1323.37,1333.32,753400000,753400000
927120600,1340.47,1344.23,1328.27,1344.23,801100000,801100000
927207000,1344.87,1350.5,1338.83,1338.83,752200000,752200000
927293400,1338.98,1340.9,1326.24,1330.29,686600000,686600000
927552600,1330.71,1332.96,1303.46,1306.65,754700000,754700000
927639000,1306.65,1317.48,1284.38,1284.4,826700000,826700000
927725400,1284.4,1304.83,1278.53,1304.76,870800000,870800000
927811800,1304.31,1304.31,1277.31,1281.41,811400000,811400000
927898200,1281.68,1303.94,1281.68,1301.84,649960000,649960000
928243800,1301.74,1301.74,1281.49,1294.26,683800000,683800000
928330200,1294.26,1297.07,1277.51,1294.81,728000000,728000000
928416600,1294.81,1304.12,1294.23,1299.54,719600000,719600000
928503000,1300.91,1327.75,1300.91,1327.75,694500000,694500000
928762200,1327.75,1336.43,1325.89,1334.52,664300000,664300000
928848600,1333.97,1333.97,1312.93,1317.33,685900000,685900000
928935000,1318.7,1325.95,1314.73,1318.64,662000000,662000000
929021400,1318.48,1318.48,1293.08,1302.82,716500000,716500000
929107800,1302.82,1311.91,1287.92,1293.64,698200000,698200000
929367000,1293.97,1301.93,1292.2,1294,669400000,669400000
929453400,1294.69,1310.75,1294.69,1301.16,696600000,696600000
929539800,1302.61,1332.83,1302.61,1330.41,806800000,806800000
929626200,1328.93,1339.23,1322.78,1338.09,700300000,700300000
929712600,1338,1344.55,1333.48,1342.84,914500000,914500000
929971800,1342.84,1349.11,1337.68,1349,686600000,686600000
930058200,1347.79,1351.12,1335.58,1335.88,716500000,716500000
930144600,1335.26,1335.26,1324.32,1333.06,731800000,731800000
930231000,1332.86,1332.86,1308.5,1315.78,690400000,690400000
930317400,1317.21,1329.07,1312.64,1315.31,623460000,623460000
930576600,1315.31,1333.68,1315.31,1331.35,652910000,652910000
930663000,1331.46,1351.51,1328.4,1351.45,820100000,820100000
930749400,1351.45,1372.93,1338.8,1372.66,1117000000,1117000000
930835800,1372.7,1382.8,1360.76,1380.78,843400000,843400000
930922200,1380.96,1391.22,1379.5,1391.22,613570000,613570000
931267800,1392.46,1405.32,1387.14,1388.12,722900000,722900000
931354200,1388.12,1395.86,1384.99,1395.86,791200000,791200000
931440600,1395.86,1403.13,1386.67,1394.42,830600000,830600000
931527000,1394.51,1403.28,1394.51,1403.28,701000000,701000000
931786200,1403.63,1407.04,1394.7,1399.1,685300000,685300000
931872600,1399.1,1399.1,1386.84,1393.56,736000000,736000000
931959000,1393.8,1400.1,1386.54,1398.17,756100000,756100000
932045400,1398.9,1409.72,1398.9,1409.62,818800000,818800000
932131800,1410.98,1418.82,1406.99,1418.78,714100000,714100000
932391000,1419.35,1420.14,1404.6,1407.65,642330000,642330000
932477400,1407.39,1407.39,1375.18,1377.1,754800000,754800000
932563800,1377.26,1386.59,1372.64,1379.28,785500000,785500000
932650200,1378.38,1378.38,1354.02,1360.97,771700000,771700000
932736600,1361.16,1367.48,1349.91,1356.94,630580000,630580000
932995800,1354.56,1358.57,1346.11,1347.76,613450000,613450000
933082200,1349.24,1368.77,1349.24,1362.84,723800000,723800000
933168600,1362.95,1370.53,1355.54,1365.4,690900000,690900000
933255000,1362.41,1362.41,1332.82,1341.03,770100000,770100000
933341400,1342.54,1350.92,1328.49,1328.72,736800000,736800000
933600600,1328.67,1344.73,1325.18,1328.05,649550000,649550000
933687000,1330,1336.06,1314.94,1322.18,739600000,739600000
933773400,1322.18,1330.09,1304.54,1305.33,789300000,789300000
933859800,1305.48,1313.71,1287.3,1313.71,859300000,859300000
933946200,1313.71,1316.75,1293.18,1300.29,698900000,698900000
934205400,1300.32,1306.71,1295.93,1297.8,684300000,684300000
934291800,1297.8,1298.78,1267.73,1281.43,836200000,836200000
934378200,1281.51,1301.93,1281.51,1301.93,792300000,792300000
934464600,1301.36,1313.61,1298.06,1298.16,745600000,745600000
934551000,1300.87,1327.71,1300.87,1327.68,691700000,691700000
934810200,1327.68,1331.1,1320.79,1330.77,583550000,583550000
934896600,1332.66,1344.16,1328.76,1344.16,691500000,691500000
934983000,1344.16,1344.16,1332.07,1332.84,682800000,682800000
935069400,1331.83,1331.83,1315.37,1323.59,684200000,684200000
935155800,1323.59,1336.61,1323.59,1336.61,661200000,661200000
935415000,1337.54,1360.24,1337.54,1360.22,682600000,682600000
935501400,1359.57,1373.32,1353.74,1363.5,732700000,732700000
935587800,1364.85,1382.75,1359.18,1381.79,864600000,864600000
935674200,1381.79,1381.79,1361.62,1362.01,719000000,719000000
935760600,1362.23,1365.63,1347.35,1348.27,570050000,570050000
936019800,1348.29,1350.58,1322.77,1324.02,597900000,597900000
936106200,1324.02,1333.28,1306.91,1320.41,861700000,861700000
936192600,1321.12,1331.18,1320.31,1331.07,708200000,708200000
936279000,1328.48,1328.48,1304.8,1319.11,687100000,687100000
936365400,1322.71,1357.75,1322.71,1357.24,663200000,663200000
936711000,1356.55,1361.39,1349.59,1350.45,715300000,715300000
936797400,1349.77,1355.2,1337.36,1344.15,791200000,791200000
936883800,1344.15,1347.66,1333.91,1347.66,773900000,773900000
936970200,1348.41,1357.62,1346.2,1351.66,808500000,808500000
937229400,1351.12,1351.13,1341.7,1344.13,657900000,657900000
937315800,1344.13,1344.13,1330.6,1336.29,734500000,734500000
937402200,1336.15,1347.41,1317.97,1317.97,787300000,787300000
937488600,1318.6,1322.51,1299.95,1318.48,739000000,739000000
937575000,1319.6,1337.54,1319.6,1335.42,861900000,861900000
937834200,1335.42,1338.55,1330.62,1335.53,568000000,568000000
937920600,1333.81,1333.81,1302.06,1307.58,817300000,817300000
938007000,1308.4,1316.2,1297.81,1310.51,822200000,822200000
938093400,1312.22,1315.31,1277.3,1280.77,890800000,890800000
938179800,1279.52,1281.21,1263.79,1277.36,872800000,872800000
938439000,1280.79,1295.07,1280.79,1283.31,780600000,780600000
938525400,1282.38,1285.39,1256.29,1282.2,885400000,885400000
938611800,1281.83,1289.16,1268.16,1268.37,856000000,856000000
938698200,1269.33,1291.32,1269.33,1282.71,1017600000,1017600000
938784600,1281,1283.19,1265.86,1282.81,896200000,896200000
939043800,1283.16,1304.6,1283.16,1304.6,803300000,803300000
939130200,1304.66,1316.43,1286.44,1301.35,965700000,965700000
939216600,1301.76,1325.46,1301.76,1325.4,895200000,895200000
939303000,1325.74,1328.03,1314.13,1317.64,827800000,827800000
939389400,1317.5,1336.57,1311.72,1336.02,897300000,897300000
939648600,1336.57,1339.23,1332.96,1335.21,655900000,655900000
939735000,1335.77,1335.77,1311.8,1313.04,778300000,778300000
939821400,1313.04,1313.04,1282.8,1285.55,821500000,821500000
939907800,1286.29,1289.59,1267.75,1283.42,892300000,892300000
939994200,1281.31,1281.31,1245.39,1247.41,912600000,912600000
940253400,1246.92,1254.13,1233.66,1254.13,818700000,818700000
940339800,1255.6,1279.3,1255.6,1261.32,905700000,905700000
940426200,1264.62,1289.44,1264.62,1289.43,928800000,928800000
940512600,1289.43,1289.43,1265.61,1283.61,1012500000,1012500000
940599000,1285.32,1308.89,1285.32,1301.65,959200000,959200000
940858200,1301.83,1301.83,1286.08,1293.63,777000000,777000000
940944600,1296.3,1303.44,1281.86,1281.91,878300000,878300000
941031000,1281.91,1299.39,1280.48,1296.71,950100000,950100000
941117400,1298.06,1342.47,1298.06,1342.43,1135100000,1135100000
941203800,1346.56,1373.22,1342.44,1362.93,1120500000,1120500000
941466600,1363.17,1367.37,1353.92,1354.12,861000000,861000000
941553000,1355.33,1369.44,1346.49,1347.74,904500000,904500000
941639400,1347.74,1360.44,1347.74,1354.93,914400000,914400000
941725800,1354.93,1369.4,1354.93,1362.64,981700000,981700000
941812200,1363.55,1387.49,1363.55,1370.23,1007300000,1007300000
942071400,1366.09,1380.78,1363.73,1377.01,806800000,806800000
942157800,1377.01,1383.81,1361.45,1365.53,854300000,854300000
942244200,1365.93,1379.26,1360.19,1373.46,984700000,984700000
942330600,1375,1382.12,1372.2,1381.46,891300000,891300000
942417000,1383.04,1396.07,1367.97,1396.04,900200000,900200000
942676200,1395.92,1398.59,1392.17,1394.39,795700000,795700000
942762600,1395.62,1420.36,1395.62,1420.03,942200000,942200000
942849000,1420.07,1423.55,1410.69,1410.71,960000000,960000000
942935400,1412.67,1425.27,1412.61,1424.94,1022800000,1022800000
943021800,1424.46,1424.94,1417.61,1422,893800000,893800000
943281000,1424.63,1425.15,1412.3,1420.94,873500000,873500000
943367400,1421.99,1424.1,1402.2,1404.66,926100000,926100000
943453800,1405.04,1419.71,1399.17,1417.08,734800000,734800000
943626600,1418.93,1425.24,1416.14,1416.62,312120000,312120000
943885800,1415.78,1415.78,1404.15,1407.83,866100000,866100000
943972200,1407.6,1410.59,1386.95,1388.95,951500000,951500000
944058600,1388.91,1400.12,1387.38,1397.72,884000000,884000000
944145000,1397.72,1409.04,1397.72,1409.04,900700000,900700000
944231400,1413.25,1447.42,1413.25,1433.3,1006400000,1006400000
944490600,1434.15,1434.15,1418.25,1423.34,916800000,916800000
944577000,1424.91,1426.81,1409.17,1409.17,1085800000,1085800000
944663400,1409.17,1415.66,1403.88,1403.88,957000000,957000000
944749800,1404.78,1418.46,1391.5,1408.11,1122100000,1122100000
944836200,1410.3,1421.58,1405.65,1417.04,987200000,987200000
945095400,1417.04,1421.58,1410.23,1415.22,977600000,977600000
945181800,1415.54,1418.3,1401.59,1403.17,1027800000,1027800000
945268200,1402.81,1417.34,1395.93,1413.3,1033900000,1033900000
945354600,1416.21,1423.11,1408.35,1418.78,1070300000,1070300000
945441000,1424.43,1431.77,1420.16,1421.05,1349800000,1349800000
945700200,1422.25,1429.16,1411.1,1418.09,904600000,904600000
945786600,1418.49,1436.47,1414.8,1433.43,963500000,963500000
945873000,1434.63,1440.02,1429.05,1435.99,850000000,850000000
945959400,1437.31,1461.44,1437.31,1458.34,728600000,728600000
946305000,1460.73,1463.19,1450.83,1457.09,722600000,722600000
946391400,1457.09,1462.68,1452.78,1457.66,655400000,655400000
946477800,1458.74,1467.47,1458.74,1463.46,567860000,567860000
946564200,1467.22,1473.1,1462.6,1464.47,554680000,554680000
946650600,1465.94,1472.42,1458.19,1469.25,374050000,374050000
946909800,1471.21,1478,1438.36,1455.17,931800000,931800000
946996200,1449,1449,1397.43,1399.42,1009000000,1009000000
947082600,1395.62,1413.09,1377.68,1402.11,1085500000,1085500000
947169000,1398.87,1411.9,1392.02,1403.45,1092300000,1092300000
947255400,1403.45,1441.47,1400.73,1441.47,1225200000,1225200000
947514600,1441.47,1464.2,1441.47,1457.6,1064800000,1064800000
947601000,1454.36,1458.66,1434.44,1438.56,1014000000,1014000000
947687400,1438.56,1442.6,1427.08,1432.31,974600000,974600000
947773800,1436.02,1454.2,1432.55,1449.68,1030400000,1030400000
947860200,1449.68,1473,1449.68,1465.15,1085900000,1085900000
948205800,1465.15,1465.15,1451.3,1455.14,1056700000,1056700000
948292200,1451.99,1461.39,1448.68,1455.9,1087800000,1087800000
948378600,1455.9,1465.71,1438.54,1445.57,1100700000,1100700000
948465000,1448.87,1453.18,1439.6,1441.36,1209800000,1209800000
948724200,1444.36,1454.09,1395.42,1401.91,1115800000,1115800000
948810600,1402.87,1414.26,1388.49,1410.03,1073700000,1073700000
948897000,1407.12,1412.73,1400.16,1404.09,1117300000,1117300000
948983400,1404.09,1418.86,1380.71,1398.56,1129500000,1129500000
949069800,1397.73,1397.73,1356.2,1360.15,1095800000,1095800000
949329000,1359.73,1394.5,1350.05,1394.46,993800000,993800000
949415400,1395.05,1412.49,1384.79,1409.28,981000000,981000000
949501800,1408.74,1420.61,1403.49,1409.12,1038600000,1038600000
949588200,1413.53,1425.43,1398.52,1424.97,1146500000,1146500000
949674600,1427.49,1435.91,1420.63,1424.37,1045100000,1045100000
949933800,1426.02,1427.15,1413.33,1424.18,918100000,918100000
950020200,1424.24,1441.83,1424.24,1436.68,1047700000,1047700000
950106600,1444.55,1444.55,1412.93,1412.93,1050500000,1050500000
950193000,1413.71,1422.1,1406.43,1416.84,1058800000,1058800000
950279400,1415.16,1416.38,1378.89,1387.12,1025700000,1025700000
950538600,1390.07,1394.93,1380.53,1389.94,927300000,927300000
950625000,1389.78,1407.72,1376.25,1402.05,1092100000,1092100000
950711400,1401.97,1404.55,1385.58,1387.67,1018800000,1018800000
950797800,1387.67,1399.88,1380.07,1388.25,1034800000,1034800000
950884200,1388.59,1388.59,1345.32,1346.09,1042300000,1042300000
951229800,1347.02,1358.11,1331.88,1352.17,980000000,980000000
951316200,1352.84,1370.11,1342.44,1360.69,993700000,993700000
951402600,1361.79,1364.8,1329.88,1353.04,1215000000,1215000000
951489000,1353.6,1362.14,1329.15,1333.36,1065200000,1065200000
951748200,1331.58,1360.82,1325.02,1348.05,1026500000,1026500000
951834600,1348.05,1364.87,1348.05,1359.78,1204300000,1204300000
951921000,1366.83,1383.46,1366.83,1379.19,1274100000,1274100000
952007400,1380.65,1386.56,1370.35,1381.76,1198600000,1198600000
952093800,1386.77,1410.88,1386.77,1409.17,1150300000,1150300000
952353000,1409.4,1409.74,1384.75,1391.28,1029000000,1029000000
952439400,1397.25,1399.21,1349.99,1355.62,1314100000,1314100000
952525800,1359.92,1373.79,1346.62,1366.7,1203000000,1203000000
952612200,1366.7,1401.82,1357.59,1401.69,1123000000,1123000000
952698600,1401.69,1413.46,1392.07,1395.07,1138800000,1138800000
952957800,1395.07,1398.39,1364.84,1383.62,1016100000,1016100000
953044200,1388.91,1395.38,1359.15,1359.15,1094000000,1094000000
953130600,1359.39,1397.99,1356.99,1392.14,1302800000,1302800000
953217000,1394.9,1458.47,1394.9,1458.47,1482300000,1482300000
953303400,1458.47,1477.33,1453.27,1464.47,1295100000,1295100000
953562600,1467.96,1470.74,1448.43,1456.63,920800000,920800000
953649000,1456.63,1493.92,1446.06,1493.87,1065900000,1065900000
953735400,1494.3,1505.08,1487.33,1500.64,1075000000,1075000000
953821800,1501.03,1532.5,1492.39,1527.35,1078300000,1078300000
953908200,1527.58,1552.87,1516.83,1527.46,1052200000,1052200000
954167400,1528.7,1534.63,1518.46,1523.86,901000000,901000000
954253800,1521.06,1527.36,1507.09,1507.73,959100000,959100000
954340200,1509.07,1521.45,1497.45,1508.52,1061900000,1061900000
954426600,1508.52,1517.38,1474.63,1487.92,1193400000,1193400000
954513000,1494.06,1519.81,1484.38,1498.58,1227400000,1227400000
954768600,1498.58,1507.19,1486.96,1505.97,1021700000,1021700000
954855000,1509.47,1526.45,1416.41,1494.73,1515460000,1515460000
954941400,1480.81,1506.55,1478.25,1487.37,1110300000,1110300000
955027800,1487.37,1511.76,1487.37,1501.34,1008000000,1008000000
955114200,1501.34,1518.68,1501.34,1516.35,891600000,891600000
955373400,1516.85,1527.19,1503.35,1504.46,853700000,853700000
955459800,1499.18,1512.8,1486.84,1500.58,971400000,971400000
955546200,1500.67,1509.1,1466.15,1467.19,1175900000,1175900000
955632600,1471.67,1477.52,1439.34,1440.51,1032000000,1032000000
955719000,1436.67,1436.67,1339.4,1346.22,1279700000,1279700000
955978200,1356.56,1401.53,1346.5,1401.53,1204700000,1204700000
956064600,1402.48,1441.57,1397.81,1441.57,1109400000,1109400000
956151000,1442.16,1447.69,1424.26,1427.47,1001400000,1001400000
956237400,1427.77,1435.49,1422.08,1434.54,896200000,896200000
956583000,1434.54,1434.54,1407.13,1429.91,868700000,868700000
956669400,1438.42,1477.67,1438.42,1477.54,1071100000,1071100000
956755800,1477.4,1482.94,1456.98,1460.99,999600000,999600000
956842200,1452.83,1469.21,1434.81,1464.92,1111000000,1111000000
956928600,1468.01,1473.62,1448.15,1456.04,984600000,984600000
957187800,1456.75,1481.51,1456.3,1468.25,966300000,966300000
957274200,1467.58,1467.58,1445.22,1446.28,1011500000,1011500000
957360600,1444.21,1444.21,1398.36,1415.1,991600000,991600000
957447000,1415.54,1420.99,1404.94,1409.47,925800000,925800000
957533400,1408.32,1436.03,1405.08,1426.7,805500000,805500000
957792600,1432.63,1432.63,1417.05,1424.17,787600000,787600000
957879000,1426.51,1430.28,1401.85,1412.13,896600000,896600000
957965400,1410.53,1410.53,1375.14,1383.08,1006400000,1006400000
958051800,1386.88,1410.26,1386.88,1407.81,953600000,953600000
958138200,1408.29,1430.13,1408.29,1420.96,858200000,858200000
958397400,1421,1452.39,1416.54,1452.36,854600000,854600000
958483800,1456.11,1470.4,1450.76,1466.04,955500000,955500000
958570200,1466.04,1466.04,1441.67,1447.79,820500000,820500000
958656600,1448.25,1458.04,1436.59,1437.21,807900000,807900000
958743000,1433.74,1433.74,1401.74,1406.95,853700000,853700000
959002200,1406.95,1410.55,1368.73,1400.72,869000000,869000000
959088600,1400.72,1404.04,1373.6,1373.85,869900000,869900000
959175000,1372.84,1401.75,1361.09,1399.05,1152300000,1152300000
959261400,1399.05,1411.65,1373.93,1381.52,984500000,984500000
959347800,1381.52,1391.42,1369.75,1378.02,722600000,722600000
959693400,1382.65,1422.45,1382.65,1422.45,844200000,844200000
959779800,1420.93,1434.49,1415.5,1420.65,960500000,960500000
959866200,1425.53,1448.8,1425.53,1448.8,960100000,960100000
959952600,1460.23,1483.23,1460.23,1477.26,1162400000,1162400000
960211800,1474.06,1477.28,1464.68,1467.63,838600000,838600000
960298200,1467.26,1471.36,1454.74,1457.84,950100000,950100000
960384600,1458.83,1474.64,1455.06,1471.36,854600000,854600000
960471000,1471.28,1475.65,1456.49,1461.68,854300000,854300000
960557400,1465.22,1472.67,1454.96,1456.95,786000000,786000000
960816600,1460.83,1462.95,1446,1446,774100000,774100000
960903000,1445.74,1470.42,1442.38,1469.44,935900000,935900000
960989400,1471.23,1483.62,1467.71,1470.54,929700000,929700000
961075800,1471.64,1482.04,1464.62,1478.6,1011400000,1011400000
961162200,1478.73,1480.68,1460.42,1464.48,1250800000,1250800000
961421400,1463.9,1488.93,1459.05,1486,921700000,921700000
961507800,1486.71,1487.32,1470.18,1476.28,1031500000,1031500000
961594200,1475.95,1482.19,1468,1479.13,1009600000,1009600000
961680600,1478.19,1478.19,1448.03,1452.18,1022700000,1022700000
961767000,1452.78,1459.94,1438.31,1441.54,847600000,847600000
962026200,1443.65,1459.66,1443.65,1455.31,889000000,889000000
962112600,1455.31,1463.44,1450.55,1450.55,1042500000,1042500000
962199000,1451.96,1467.6,1451.51,1454.82,1095100000,1095100000
962285400,1451.71,1455.14,1434.63,1442.39,1110900000,1110900000
962371800,1441.33,1454.68,1438.71,1454.6,1459700000,1459700000
962631000,1454.27,1469.58,1450.85,1469.32,451900000,451900000
962803800,1465.27,1468.63,1442.45,1445.62,1019300000,1019300000
962890200,1446.61,1461.65,1439.56,1456.67,947300000,947300000
962976600,1457.48,1484.12,1457.48,1478.9,931700000,931700000
963235800,1475.67,1486.56,1474.76,1475.67,838700000,838700000
963322200,1474.24,1488.77,1470.48,1480.88,980500000,980500000
963408600,1485.26,1497.69,1485.26,1492.92,1001200000,1001200000
963495000,1492.92,1501.39,1489.65,1495.84,1026800000,1026800000
963581400,1499.39,1509.89,1494.56,1509.51,960600000,960600000
963840600,1509.92,1517.32,1505.26,1510.5,906000000,906000000
963927000,1507.64,1507.64,1491.35,1493.74,908300000,908300000
964013400,1493.74,1495.63,1479.92,1481.96,909400000,909400000
964099800,1483.9,1501.92,1483.9,1495.47,1064600000,1064600000
964186200,1495.57,1495.57,1477.91,1480.11,968300000,968300000
964445400,1480.82,1485.88,1463.8,1464.29,880300000,880300000
964531800,1464.29,1476.23,1464.29,1474.47,969400000,969400000
964618200,1472.08,1472.08,1452.43,1452.43,1235800000,1235800000
964704600,1449.06,1464.91,1445.33,1449.62,1156400000,1156400000
964791000,1449.62,1456.68,1413.89,1419.89,980000000,980000000
965050200,1419.9,1437.65,1418.71,1430.84,952600000,952600000
965136600,1430.83,1443.54,1428.96,1438.09,938700000,938700000
965223000,1438.31,1451.59,1433.49,1438.7,994500000,994500000
965309400,1434.53,1454.19,1425.43,1452.56,1095600000,1095600000
965395800,1455.99,1462.93,1451.31,1462.93,956000000,956000000
965655000,1464.28,1480.8,1460.72,1479.32,854800000,854800000
965741400,1478.44,1484.4,1472.53,1482.81,992200000,992200000
965827800,1488.48,1490.37,1471.32,1472.88,1054000000,1054000000
965914200,1472.64,1475.19,1459.85,1460.3,940800000,940800000
966000600,1458.65,1475.72,1453.06,1471.84,835500000,835500000
966259800,1471.84,1491.64,1468.56,1491.55,783800000,783800000
966346200,1490.69,1493.12,1482.74,1484.43,895900000,895900000
966432600,1486.32,1496.09,1475.74,1479.85,929800000,929800000
966519000,1479.85,1499.32,1479.85,1496.09,922400000,922400000
966605400,1497.08,1499.47,1488.99,1491.8,821400000,821400000
966864600,1493.97,1502.84,1491.13,1499.48,731600000,731600000
966951000,1500.4,1508.45,1497.42,1498.13,818800000,818800000
967037400,1498.13,1507.2,1489.52,1505.97,871000000,871000000
967123800,1505.97,1511.16,1501.25,1508.31,837100000,837100000
967210200,1507.96,1513.47,1505.09,1506.46,685600000,685600000
967469400,1506.72,1523.95,1506.72,1514.11,733600000,733600000
967555800,1514.14,1514.89,1505.48,1509.89,795600000,795600000
967642200,1509.83,1510.49,1500.09,1502.61,818400000,818400000
967728600,1504.44,1525.21,1504.44,1517.59,1056600000,1056600000
967815000,1520.69,1530.09,1515.53,1520.77,767700000,767700000
968160600,1516.08,1517.1,1503.75,1507.08,838500000,838500000
968247000,1506.43,1512.61,1492.12,1492.26,995100000,995100000
968333400,1495.17,1505.34,1494.01,1502.41,985500000,985500000
968419800,1502.51,1502.51,1489.88,1494.64,961000000,961000000
968679000,1494.5,1506.76,1483.01,1489.26,899300000,899300000
968765400,1490.96,1496.93,1479.67,1481.99,991200000,991200000
968851800,1479.82,1487.45,1473.61,1484.94,1068300000,1068300000
968938200,1489.94,1494.16,1476.73,1480.87,1014000000,1014000000
969024600,1480.24,1480.96,1460.22,1465.78,1268400000,1268400000
969283800,1466.64,1467.77,1441.92,1444.51,962500000,962500000
969370200,1448.29,1461.16,1446.05,1459.9,1024900000,1024900000
969456600,1460.49,1460.49,1430.95,1451.34,1104000000,1104000000
969543000,1451.34,1452.77,1436.3,1449.05,1105400000,1105400000
969629400,1427.16,1448.72,1421.08,1448.71,1185500000,1185500000
969888600,1450.3,1457.42,1435.93,1439.03,982400000,982400000
969975000,1441.47,1448.04,1425.25,1427.34,1106600000,1106600000
970061400,1430.45,1437.22,1419.44,1426.57,1174700000,1174700000
970147800,1426.58,1461.69,1425.86,1458.25,1206200000,1206200000
970234200,1456.98,1456.98,1436.29,1436.48,1197100000,1197100000
970493400,1441.68,1445.6,1429.83,1436.22,1051200000,1051200000
970579800,1441.84,1454.82,1425.28,1426.18,1098100000,1098100000
970666200,1426.46,1439.99,1416.37,1434.32,1167400000,1167400000
970752600,1432.04,1444.17,1431.8,1436.21,1176100000,1176100000
970839000,1437.3,1443.3,1397.06,1408.99,1150100000,1150100000
971098200,1408.67,1409.69,1392.48,1402.03,716600000,716600000
971184600,1399.27,1408.83,1383.85,1385.94,1044000000,1044000000
971271000,1379.74,1381.97,1349.67,1364.55,1387500000,1387500000
971357400,1364.59,1374.93,1328.06,1329.64,1388600000,1388600000
971443800,1329.83,1374.14,1326.81,1374.1,1223900000,1223900000
971703000,1373.11,1379.48,1365.06,1374.62,1005400000,1005400000
971789400,1379.33,1380.99,1342.34,1349.97,1161500000,1161500000
971875800,1349.97,1356.65,1305.79,1342.11,1441700000,1441700000
971962200,1345.64,1389.93,1345.64,1388.78,1297900000,1297900000
972048600,1388.76,1408.47,1382.19,1396.86,1177400000,1177400000
972307800,1396.72,1406.96,1387.75,1395.78,1046800000,1046800000
972394200,1399.4,1415.64,1388.13,1398.13,1158600000,1158600000
972480600,1392.42,1393.29,1362.21,1364.9,1315600000,1315600000
972567000,1364.9,1372.72,1337.77,1364.44,1303800000,1303800000
972653400,1364.44,1384.57,1364.13,1379.56,1086300000,1086300000
972916200,1379.49,1406.36,1377.07,1398.65,1186500000,1186500000
973002600,1401.18,1432.22,1401.18,1429.39,1366400000,1366400000
973089000,1425.25,1429.6,1410.45,1421.22,1206800000,1206800000
973175400,1426.7,1433.27,1421.13,1428.32,1167700000,1167700000
973261800,1429.58,1433.21,1420.92,1426.69,997700000,997700000
973521000,1428.76,1438.46,1427.72,1432.19,930900000,930900000
973607400,1430.86,1436.22,1423.26,1431.88,880900000,880900000
973693800,1432.54,1437.28,1408.78,1409.28,909300000,909300000
973780200,1409.28,1409.28,1369.68,1400.14,1111000000,1111000000
973866600,1400.14,1400.14,1365.98,1365.98,962500000,962500000
974125800,1365.98,1365.98,1328.62,1351.26,1129300000,1129300000
974212200,1361.66,1390.06,1351.26,1382.95,1118800000,1118800000
974298600,1383.25,1395.96,1374.75,1390.04,1066800000,1066800000
974385000,1389.81,1394.68,1370.4,1372.32,956300000,956300000
974471400,1372.32,1384.85,1355.55,1367.72,1070400000,1070400000
974730600,1367.72,1367.72,1341.67,1342.62,955800000,955800000
974817000,1342.62,1355.87,1333.62,1347.35,1137100000,1137100000
974903400,1347.35,1347.35,1321.89,1322.36,963200000,963200000
975076200,1322.36,1343.83,1322.36,1341.77,404870000,404870000
975335400,1341.77,1362.5,1341.77,1348.97,946100000,946100000
975421800,1348.97,1358.81,1334.97,1336.09,1028200000,1028200000
975508200,1337.08,1352.38,1329.28,1341.77,402100000,402100000
975594600,1334.55,1334.55,1294.9,1314.95,1186530000,1186530000
975681000,1317.34,1334.67,1307.02,1315.18,1195200000,1195200000
975940200,1317.68,1332.06,1310.23,1325.05,1103000000,1103000000
976026600,1333.47,1376.56,1333.47,1376.56,900300000,900300000
976113000,1374.72,1376.01,1346.15,1351.54,1399300000,1399300000
976199400,1347.73,1353.5,1339.26,1343.55,1128000000,1128000000
976285800,1353.1,1380.33,1353.1,1369.54,1358300000,1358300000
976545000,1369.88,1389.05,1364.14,1380.23,1202400000,1202400000
976631400,1378.97,1380.27,1370.27,1371.18,1083400000,1083400000
976717800,1371.18,1385.82,1358.48,1359.99,1195100000,1195100000
976804200,1359.68,1359.68,1340.48,1340.93,1061300000,1061300000
976890600,1336.59,1336.59,1305.38,1312.33,1561100000,1561100000
977149800,1316.32,1332.32,1316.32,1322.77,1189900000,1189900000
977236200,1322.96,1346.44,1305.2,1305.57,1324900000,1324900000
977322600,1305.6,1305.6,1261.16,1264.74,1421600000,1421600000
977409000,1263.7,1285.31,1254.07,1274.89,1449900000,1449900000
977495400,1279.47,1305.97,1279.47,1305.97,1087100000,1087100000
977841000,1305.93,1315.94,1301.64,1315.21,806500000,806500000
977927400,1314.27,1332.03,1310.96,1328.92,1092700000,1092700000
978013800,1326.52,1335.93,1325.78,1334.19,1015300000,1015300000
978100200,1333.15,1340.1,1317.51,1320.5,1035500000,1035500000
978445800,1320.28,1320.28,1276.05,1283.27,1129400000,1129400000
978532200,1280.21,1347.76,1274.62,1347.53,1880700000,1880700000
978618600,1345.82,1350.24,1329.14,1333.29,2131000000,2131000000
978705000,1334.26,1334.77,1294.95,1298.47,1430800000,1430800000
978964200,1296.33,1296.97,1276.29,1295.9,1115500000,1115500000
979050600,1298.96,1311.72,1295.14,1300.78,1191300000,1191300000
979137000,1297.57,1313.76,1287.28,1313.28,1296500000,1296500000
979223400,1309.72,1332.19,1300.8,1326.81,1411200000,1411200000
979309800,1326.52,1333.21,1311.59,1318.55,1276000000,1276000000
979655400,1318.68,1327.81,1313.33,1326.65,1205700000,1205700000
979741800,1326.65,1346.92,1325.41,1329.47,1349100000,1349100000
979828200,1329.89,1352.71,1327.41,1347.97,1445000000,1445000000
979914600,1354.55,1354.55,1336.74,1342.56,1407800000,1407800000
980173800,1341.36,1353.62,1333.84,1342.9,1164000000,1164000000
980260200,1342.9,1362.9,1339.63,1360.4,1232600000,1232600000
980346600,1361.74,1369.75,1357.28,1364.32,1309000000,1309000000
980433000,1362.98,1367.35,1354.63,1357.49,1258000000,1258000000
980519400,1353.47,1357.48,1342.75,1354.94,1098000000,1098000000
980778600,1351.03,1365.54,1350.36,1364.11,1053100000,1053100000
980865000,1364.42,1375.68,1356.2,1373.73,1149800000,1149800000
980951400,1374.56,1383.37,1364.66,1366.01,1295300000,1295300000
981037800,1365.67,1373.45,1359.34,1373.45,1118800000,1118800000
981124200,1373.21,1376.38,1348.72,1349.47,1048400000,1048400000
981383400,1347.08,1354.56,1344.48,1354.31,1013000000,1013000000
981469800,1354.4,1363.55,1350.04,1352.26,1059600000,1059600000
981556200,1351.8,1351.8,1334.26,1340.9,1158300000,1158300000
981642600,1342.37,1350.32,1332.42,1332.53,1107200000,1107200000
981729000,1329.81,1330.39,1309.98,1314.76,1075500000,1075500000
981988200,1314.18,1330.96,1313.64,1330.31,1039100000,1039100000
982074600,1332.07,1336.62,1317.51,1318.8,1075200000,1075200000
982161000,1319.64,1320.73,1304.72,1315.91,1150300000,1150300000
982247400,1315.92,1331.29,1315.92,1326.61,1153700000,1153700000
982333800,1314.31,1314.31,1293.18,1301.47,1257200000,1257200000
982679400,1301.53,1307.16,1278.44,1278.96,1112200000,1112200000
982765800,1275.09,1282.97,1253.21,1255.28,1208500000,1208500000
982852200,1255.99,1259.94,1228.33,1252.77,1365900000,1365900000
982938600,1249.59,1250.06,1215.44,1245.47,1231300000,1231300000
983197800,1245.86,1267.69,1241.71,1267.65,1130800000,1130800000
983284200,1265.72,1272.76,1252.26,1257.94,1114100000,1114100000
983370600,1257.94,1263.35,1229.65,1239.94,1225300000,1225300000
983457000,1237.39,1241.36,1214.5,1241.17,1294900000,1294900000
983543400,1241.23,1251.01,1219.74,1234.2,1294000000,1294000000
983802600,1234.18,1242.3,1234.04,1241.39,929200000,929200000
983889000,1250.68,1267.42,1250.68,1253.81,1091800000,1091800000
983975400,1253.8,1263.72,1253.8,1261.89,1132200000,1132200000
984061800,1260.62,1266.5,1257.6,1264.76,1114100000,1114100000
984148200,1262.1,1262.1,1228.42,1233.42,1085900000,1085900000
984407400,1228.88,1228.88,1176.78,1180.3,1229000000,1229000000
984493800,1182.88,1197.83,1171.5,1197.68,1360900000,1360900000
984580200,1197.45,1197.45,1155.35,1166.71,1397400000,1397400000
984666600,1171.29,1182.04,1170.83,1173.56,1259500000,1259500000
984753000,1170.96,1170.96,1148.64,1150.56,1543560000,1543560000
985012200,1151.68,1173.5,1147.18,1170.85,1126200000,1126200000
985098600,1172.28,1180.56,1142.19,1142.62,1235900000,1235900000
985185000,1142.33,1149.39,1118.74,1122.07,1346300000,1346300000
985271400,1122.14,1124.06,1081.38,1117.58,1723950000,1723950000
985357800,1121.84,1141.83,1117.96,1139.9,1364900000,1364900000
985617000,1140.15,1160.02,1140.15,1152.72,1114000000,1114000000
985703400,1152.98,1183.35,1150.96,1182.18,1314200000,1314200000
985789800,1178.04,1178.04,1147.83,1153.25,1333400000,1333400000
985876200,1151.59,1161.69,1136.26,1147.95,1234500000,1234500000
985962600,1147.95,1162.8,1143.83,1160.34,1280800000,1280800000
986218200,1160.2,1169.51,1137.51,1145.85,1254900000,1254900000
986304600,1144.04,1144.04,1100.19,1106.4,1386100000,1386100000
986391000,1105.92,1117.5,1091.99,1103.25,1425590000,1425590000
986477400,1109.98,1151.46,1109.98,1151.46,1368000000,1368000000
986563800,1148.44,1148.44,1119.29,1128.42,1266800000,1266800000
986823000,1129.88,1146.13,1126.38,1137.58,1062800000,1062800000
986909400,1137.59,1173.92,1137.59,1168.36,1349600000,1349600000
986995800,1173.9,1182.24,1160.26,1166.46,1290300000,1290300000
987082200,1165.51,1183.51,1157.73,1183.51,1102000000,1102000000
987427800,1180.39,1184.64,1167.38,1179.67,913900000,913900000
987514200,1179.68,1192.25,1168.9,1191.8,1109600000,1109600000
987600600,1200.58,1248.42,1200.58,1238.19,1918900000,1918900000
987687000,1239.58,1253.71,1233.39,1253.69,1486800000,1486800000
987773400,1252.88,1252.88,1234.41,1242.93,1338700000,1338700000
988032600,1242.36,1242.36,1217.47,1224.36,1012600000,1012600000
988119000,1224.36,1233.54,1208.89,1209.46,1216500000,1216500000
988205400,1209.11,1232.36,1207.38,1228.69,1203600000,1203600000
988291800,1231.64,1248.3,1231.64,1234.52,1345200000,1345200000
988378200,1238.28,1253.07,1238.28,1253.07,1091300000,1091300000
988637400,1257.01,1269.3,1243.99,1249.48,1266800000,1266800000
988723800,1249.55,1266.47,1243.55,1266.46,1181300000,1181300000
988810200,1269.97,1272.93,1257.7,1267.42,1342200000,1342200000
988896600,1264.43,1264.43,1239.88,1248.58,1137900000,1137900000
988983000,1248.58,1267.51,1232,1266.6,1082100000,1082100000
989242200,1266.61,1270,1259.19,1263.48,949000000,949000000
989328600,1266.71,1267.01,1253,1261.12,1006300000,1006300000
989415000,1261.2,1261.65,1247.83,1255.41,1132400000,1132400000
989501400,1255.54,1268.14,1254.56,1255.19,1056700000,1056700000
989587800,1255.39,1259.84,1240.79,1245.65,906200000,906200000
989847000,1245.67,1249.68,1241.02,1248.91,858200000,858200000
989933400,1249.28,1257.45,1245.36,1249.43,1071800000,1071800000
990019800,1247.95,1286.39,1243.02,1285,1405300000,1405300000
990106200,1285.24,1296.48,1282.65,1288.49,1355600000,1355600000
990192600,1287.13,1292.06,1281.15,1291.95,1130800000,1130800000
990451800,1292.19,1312.92,1287.87,1312.83,1174900000,1174900000
990538200,1313.94,1315.79,1307.1,1309.34,1260400000,1260400000
990624600,1313.94,1315.79,1288.7,1289.39,1134800000,1134800000
990711000,1289.05,1295.04,1281.22,1293.13,1100700000,1100700000
990797400,1293.17,1293.17,1276.42,1277.9,828100000,828100000
991143000,1277.89,1278.42,1265.41,1267.94,1026000000,1026000000
991229400,1263.51,1265.44,1245.96,1248.08,1158600000,1158600000
991315800,1248.7,1261.91,1248.07,1255.84,1226600000,1226600000
991402200,1257.5,1265.34,1246.88,1260.67,1015000000,1015000000
991661400,1262.62,1267.17,1256.36,1267.12,836500000,836500000
991747800,1268.31,1286.62,1267.28,1283.56,1116800000,1116800000
991834200,1283.85,1283.85,1269.01,1270.03,1061900000,1061900000
991920600,1269.4,1277.08,1265.08,1276.95,1089600000,1089600000
992007000,1277.11,1277.11,1259.99,1264.97,726200000,726200000
992266200,1264.96,1264.96,1249.23,1254.38,870100000,870100000
992352600,1252.6,1261,1235.75,1255.86,1136500000,1136500000
992439000,1255.85,1259.75,1241.59,1241.59,1063600000,1063600000
992525400,1241.6,1241.6,1218.9,1219.9,1242900000,1242900000
992611800,1219.87,1221.5,1203.03,1214.36,1635550000,1635550000
992871000,1214.36,1221.23,1208.33,1208.43,1111600000,1111600000
992957400,1208.43,1226.11,1207.71,1212.58,1184900000,1184900000
993043800,1210.67,1225.61,1210.07,1223.13,1350100000,1350100000
993130200,1222.66,1240.24,1220.25,1237.04,1546820000,1546820000
993216600,1237.59,1237.73,1221.41,1225.42,1189200000,1189200000
993475800,1225.35,1231.5,1213.6,1218.61,1050100000,1050100000
993562200,1215.31,1220.7,1204.64,1216.73,1198900000,1198900000
993648600,1216.77,1219.92,1207.29,1211.07,1162100000,1162100000
993735000,1211.08,1234.44,1211.08,1226.16,1327300000,1327300000
993821400,1226.2,1237.29,1221.14,1226.99,1832360000,1832360000
994080600,1225,1239.78,1224.03,1236.73,1128300000,1128300000
994167000,1235.91,1236.21,1229.43,1234.45,622110000,622110000
994339800,1234.05,1234.05,1219.15,1219.25,934900000,934900000
994426200,1219.1,1219.1,1188.74,1190.59,1056700000,1056700000
994685400,1191.1,1201.76,1189.75,1198.78,1045700000,1045700000
994771800,1198.78,1203.43,1179.93,1181.52,1263800000,1263800000
994858200,1181.54,1184.93,1168.46,1180.18,1384100000,1384100000
994944600,1187.55,1210.25,1187.55,1208.14,1394000000,1394000000
995031000,1207.61,1218.54,1203.61,1215.68,1121700000,1121700000
995290200,1214.59,1219.63,1200.05,1202.45,1039800000,1039800000
995376600,1201.42,1215.36,1196.14,1214.44,1238100000,1238100000
995463000,1210.62,1211.16,1198.33,1207.7,1316300000,1316300000
995549400,1210.68,1225.04,1205.8,1215.02,1343500000,1343500000
995635800,1210.69,1215.69,1207.04,1210.85,1170900000,1170900000
995895000,1210.85,1215.22,1190.5,1191.03,986900000,986900000
995981400,1190.14,1190.14,1165.54,1171.65,1198700000,1198700000
996067800,1171.65,1190.5,1171.28,1190.4,1280700000,1280700000
996154200,1189.95,1204.18,1182.65,1202.98,1213900000,1213900000
996240600,1202.55,1209.26,1195.99,1205.93,1015300000,1015300000
996499800,1206.48,1209.05,1200.41,1204.52,909100000,909100000
996586200,1205.35,1222.74,1205.32,1211.22,1129200000,1129200000
996672600,1214.3,1223.04,1212.33,1216.08,1340300000,1340300000
996759000,1225.6,1226.27,1215.31,1220.74,1218300000,1218300000
996845400,1220.75,1220.75,1205.31,1214.36,939900000,939900000
997104600,1211.9,1211.9,1197.35,1200.48,811700000,811700000
997191000,1199.48,1207.56,1195.64,1204.4,1012000000,1012000000
997277400,1203.02,1206.79,1181.27,1183.53,1124600000,1124600000
997363800,1182.76,1184.71,1174.68,1183.42,1104200000,1104200000
997450200,1182.7,1193.33,1169.55,1190.17,960900000,960900000
997709400,1190.84,1193.82,1185.12,1191.21,837600000,837600000
997795800,1191.5,1198.79,1184.26,1186.73,964600000,964600000
997882200,1187.17,1191.21,1177.61,1178.02,1065600000,1065600000
997968600,1176.38,1181.8,1166.08,1181.65,1055400000,1055400000
998055000,1177.45,1177.45,1156.07,1161.97,974300000,974300000
998314200,1161.99,1171.41,1160.94,1171.41,897100000,897100000
998400600,1171.48,1179.85,1156.56,1157.26,1041600000,1041600000
998487000,1159.31,1168.56,1153.34,1165.31,1110800000,1110800000
998573400,1165.18,1169.86,1160.96,1162.09,986200000,986200000
998659800,1164.19,1185.15,1162.79,1184.92,1043600000,1043600000
998919000,1184.41,1186.85,1178.07,1179.21,842600000,842600000
999005400,1179.21,1179.66,1161.17,1161.51,987100000,987100000
999091800,1162.83,1166.97,1147.38,1148.56,963700000,963700000
999178200,1145.36,1151.75,1124.87,1129.03,1157000000,1157000000
999264600,1128.21,1141.83,1126.38,1133.58,920100000,920100000
999610200,1133.38,1155.4,1129.06,1132.93,1178300000,1178300000
999696600,1133.48,1135.52,1114.86,1131.74,1384500000,1384500000
999783000,1128.95,1128.95,1105.83,1106.4,1359700000,1359700000
999869400,1104.79,1105.82,1082.12,1085.78,1424300000,1424300000
1000128600,1084.49,1096.94,1073.15,1092.56,1276600000,1276600000
1000215000,1092.54,1092.54,1092.54,1092.54,0,0
1000733400,1090.23,1090.23,1037.46,1038.79,2330830000,2330830000
1000819800,1040.08,1046.42,1029.25,1032.76,1650410000,1650410000
1000906200,1032.74,1038.91,984.62,1016.08,2120550000,2120550000
1000992600,1012.98,1012.98,984.49,984.54,2004800000,2004800000
1001079000,975.98,984.54,944.75,965.8,2317300000,2317300000
1001338200,969.73,1008.44,969.73,1003.4,1746600000,1746600000
1001424600,1003.88,1017.14,998.33,1012.28,1613800000,1613800000
1001511000,1013.53,1020.29,1002.62,1007.04,1519100000,1519100000
1001597400,1006.29,1018.92,998.24,1018.61,1467000000,1467000000
1001683800,1019.73,1040.91,1019.73,1040.9,1631500000,1631500000
1001943000,1040.2,1040.2,1026.76,1038.2,1175600000,1175600000
1002029400,1038.44,1051.32,1034.47,1051.32,1289800000,1289800000
1002115800,1051.33,1075.38,1041.48,1072.26,1650600000,1650600000
1002202200,1075.29,1084.12,1067.82,1069.62,1609100000,1609100000
1002288600,1069.62,1072.35,1053.5,1071.38,1301700000,1301700000
1002547800,1071.37,1071.37,1056.88,1062.44,979000000,979000000
1002634200,1062.1,1063.37,1053.83,1056.75,1227800000,1227800000
1002720600,1056.71,1081.62,1052.7,1080.99,1312400000,1312400000
1002807000,1082.44,1099.16,1082.44,1097.43,1704580000,1704580000
1002893400,1095.96,1095.96,1072.15,1091.61,1331400000,1331400000
1003152600,1088.83,1090.54,1078.19,1089.98,1024700000,1024700000
1003239000,1090.91,1101.66,1087.13,1097.55,1210500000,1210500000
1003325400,1097.54,1107.12,1076.57,1077.09,1452200000,1452200000
1003411800,1077.39,1077.94,1064.54,1068.65,1262900000,1262900000
1003498200,1067.84,1075.52,1057.24,1073.48,1294900000,1294900000
1003757400,1072.35,1090.57,1070.32,1089.9,1105700000,1105700000
1003843800,1089.9,1098.99,1081.53,1084.78,1317300000,1317300000
1003930200,1085.43,1090.26,1079.98,1085.2,1336200000,1336200000
1004016600,1085.2,1100.07,1065.64,1100.07,1364400000,1364400000
1004103000,1099.23,1110.61,1094.24,1104.61,1244500000,1244500000
1004365800,1103.95,1103.95,1078.3,1078.3,1106100000,1106100000
1004452200,1075.56,1075.56,1053.61,1059.79,1297400000,1297400000
1004538600,1062.29,1074.79,1057.55,1059.78,1352500000,1352500000
1004625000,1060.98,1085.61,1054.31,1084.1,1317400000,1317400000
1004711400,1083.55,1089.63,1075.58,1087.2,1121900000,1121900000
1004970600,1087.45,1106.72,1087.45,1102.81,1267700000,1267700000
1005057000,1102.01,1119.73,1095.36,1118.86,1356000000,1356000000
1005143400,1116.29,1126.62,1112.98,1115.8,1411300000,1411300000
1005229800,1115.8,1135.75,1115.42,1118.54,1517500000,1517500000
1005316200,1118.18,1123.02,1111.13,1120.31,1093800000,1093800000
1005575400,1119.71,1121.71,1098.32,1118.33,991600000,991600000
1005661800,1122.23,1139.14,1122.23,1139.09,1370100000,1370100000
1005748200,1139.09,1148.28,1132.87,1141.22,1443400000,1443400000
1005834600,1141.21,1146.46,1135.06,1142.26,1454500000,1454500000
1005921000,1142.49,1143.52,1129.92,1138.58,1337400000,1337400000
1006180200,1140.45,1151.06,1140.08,1151.06,1316800000,1316800000
1006266600,1149.95,1152.45,1142.17,1142.66,1330200000,1330200000
1006353000,1141.32,1141.32,1129.78,1137.03,1029300000,1029300000
1006525800,1137.62,1151.03,1135.9,1150.34,410300000,410300000
1006785000,1150.34,1157.88,1146.17,1157.42,1129800000,1129800000
1006871400,1156.07,1163.38,1140.81,1149.5,1288000000,1288000000
1006957800,1148.1,1148.1,1128.29,1128.52,1423700000,1423700000
1007044200,1130.02,1140.4,1125.51,1140.23,1375700000,1375700000
1007130600,1140.19,1143.57,1135.89,1139.45,1343600000,1343600000
1007389800,1137.53,1137.53,1125.78,1129.9,1202900000,1202900000
1007476200,1131.75,1144.79,1128.86,1144.79,1318500000,1318500000
1007562600,1145.05,1173.62,1145.05,1170.35,1765300000,1765300000
1007649000,1170.35,1173.35,1164.43,1167.1,1487900000,1487900000
1007735400,1166.81,1166.81,1152.66,1158.27,1248200000,1248200000
1007994600,1156.54,1158.14,1139.66,1139.95,1218700000,1218700000
1008081000,1141.18,1150.89,1134.32,1136.76,1367200000,1367200000
1008167400,1136.83,1141.58,1126.01,1137.06,1449700000,1449700000
1008253800,1133.2,1133.2,1117.85,1119.38,1511500000,1511500000
1008340200,1119.01,1128.28,1114.53,1123.07,1306800000,1306800000
1008599400,1122.34,1137.36,1122.34,1134.36,1260400000,1260400000
1008685800,1135.41,1145.1,1135.41,1142.92,1354000000,1354000000
1008772200,1140.12,1152.44,1134.75,1149.56,1484900000,1484900000
1008858600,1147.86,1151.42,1139.94,1139.94,1490500000,1490500000
1008945000,1139.93,1147.83,1139.93,1144.9,1694000000,1694000000
1009204200,1145.19,1147.83,1144.62,1144.65,439670000,439670000
1009377000,1145.06,1159.18,1145.06,1149.37,791100000,791100000
1009463400,1149.99,1157.13,1149.99,1157.13,876300000,876300000
1009549800,1158.35,1164.64,1157.8,1161.01,917400000,917400000
1009809000,1160.19,1161.16,1148.04,1148.16,943600000,943600000
1009981800,1149.97,1154.67,1136.23,1154.67,1171000000,1171000000
1010068200,1155.72,1165.27,1154.01,1165.27,1398900000,1398900000
1010154600,1167.1,1176.55,1163.42,1172.51,1513000000,1513000000
1010413800,1173.96,1176.97,1163.55,1164.89,1308300000,1308300000
1010500200,1165.22,1167.6,1157.46,1160.71,1258800000,1258800000
1010586600,1162.29,1174.26,1151.89,1155.14,1452000000,1452000000
1010673000,1155.17,1159.93,1150.85,1156.55,1299000000,1299000000
1010759400,1156.55,1159.41,1145.45,1145.6,1211900000,1211900000
1011018600,1144.4,1145.34,1138.15,1138.41,1286400000,1286400000
1011105000,1138.74,1148.81,1136.88,1146.17,1386900000,1386900000
1011191400,1143.72,1143.72,1127.49,1127.57,1482500000,1482500000
1011277800,1130.31,1139.27,1130.31,1138.88,1380100000,1380100000
1011364200,1138.88,1138.88,1124.45,1127.58,1333300000,1333300000
1011709800,1132.77,1135.26,1117.91,1119.31,1311600000,1311600000
1011796200,1120.13,1131.94,1117.43,1128.18,1479200000,1479200000
1011882600,1130.42,1139.5,1130.42,1132.19,1552800000,1552800000
1011969000,1131.35,1138.31,1127.82,1133.29,1345100000,1345100000
1012228200,1134.94,1138.63,1126.66,1133.06,1186800000,1186800000
1012314600,1133.23,1137.47,1098.74,1100.64,1812000000,1812000000
1012401000,1100.64,1113.79,1081.66,1113.57,2019600000,2019600000
1012487400,1114.78,1130.18,1113.3,1130.18,1557000000,1557000000
1012573800,1129.4,1129.4,1118.51,1122.19,1367200000,1367200000
1012833000,1122.09,1122.09,1092.25,1094.44,1437600000,1437600000
1012919400,1093.34,1100.96,1082.58,1090.02,1778300000,1778300000
1013005800,1091.95,1093.58,1077.78,1083.54,1665800000,1665800000
1013092200,1083.2,1094.03,1078.44,1080.19,1441600000,1441600000
1013178600,1081.63,1096.3,1079.91,1096.22,1371900000,1371900000
1013437800,1095.52,1112.01,1094.68,1111.94,1159400000,1159400000
1013524200,1110.58,1112.68,1102.98,1107.5,1094200000,1094200000
1013610600,1107.5,1120.56,1107.5,1118.5,1215900000,1215900000
1013697000,1118.51,1124.72,1112.3,1116.45,1272500000,1272500000
1013783400,1116.72,1117.09,1103.23,1104.18,1359200000,1359200000
1014129000,1102.16,1102.16,1082.24,1083.21,1189900000,1189900000
1014215400,1084.68,1098.32,1074.36,1097.98,1438900000,1438900000
1014301800,1096.28,1101.5,1080.24,1080.96,1381600000,1381600000
1014388200,1080.95,1093.93,1074.39,1089.84,1411000000,1411000000
1014647400,1090.83,1112.71,1090.83,1109.43,1367400000,1367400000
1014733800,1110.35,1115.05,1101.72,1109.4,1309200000,1309200000
1014820200,1111.23,1123.06,1102.26,1109.89,1393800000,1393800000
1014906600,1110.8,1121.57,1106.73,1106.74,1392200000,1392200000
1014993000,1108.74,1131.79,1108.74,1131.78,1456500000,1456500000
1015252200,1130.93,1153.81,1130.93,1153.78,1594300000,1594300000
1015338600,1153.02,1157.74,1144.78,1146.14,1549300000,1549300000
1015425000,1145.86,1165.29,1145.11,1162.76,1541300000,1541300000
1015511400,1164.65,1167.94,1150.69,1157.54,1517400000,1517400000
1015597800,1161.14,1172.76,1159.77,1164.31,1412000000,1412000000
1015857000,1164,1173.03,1159.58,1168.26,1210200000,1210200000
1015943400,1168.26,1168.26,1154.34,1165.58,1304400000,1304400000
1016029800,1162.98,1162.98,1151.01,1154.09,1354000000,1354000000
1016116200,1154.18,1157.83,1151.08,1153.04,1208800000,1208800000
1016202600,1153.45,1166.48,1153.45,1166.16,1493900000,1493900000
1016461800,1166.16,1172.73,1159.14,1165.55,1169500000,1169500000
1016548200,1165.55,1173.94,1165.55,1170.29,1255000000,1255000000
1016634600,1170.19,1170.19,1151.61,1151.85,1304900000,1304900000
1016721000,1151.55,1155.1,1139.48,1153.58,1339200000,1339200000
1016807400,1153.33,1156.49,1144.6,1148.7,1243300000,1243300000
1017066600,1149.28,1151.04,1131.87,1131.87,1057900000,1057900000
1017153000,1131.61,1147,1131.61,1138.49,1223600000,1223600000
1017239400,1137.45,1146.95,1135.33,1144.58,1180100000,1180100000
1017325800,1146.29,1154.45,1144.98,1147.39,1147600000,1147600000
1017671400,1145.96,1147.84,1132.87,1146.55,1050900000,1050900000
1017757800,1143.01,1143.01,1135.71,1136.85,1176700000,1176700000
1017844200,1137.55,1138.85,1119.68,1125.4,1219700000,1219700000
1017930600,1124.96,1130.45,1120.06,1126.34,1283800000,1283800000
1018017000,1127.67,1133.31,1119.49,1122.73,1110200000,1110200000
1018272600,1122.73,1125.41,1111.79,1125.29,1095300000,1095300000
1018359000,1125.53,1128.29,1116.73,1117.79,1235400000,1235400000
1018445400,1119.14,1131.76,1118.41,1130.46,1447900000,1447900000
1018531800,1130.35,1130.35,1102.42,1103.68,1505600000,1505600000
1018618200,1105.38,1112.77,1102.74,1111.01,1282100000,1282100000
1018877400,1111.68,1114.77,1099.41,1102.55,1120400000,1120400000
1018963800,1102.55,1129.4,1102.55,1128.11,1341300000,1341300000
1019050200,1130.17,1133,1123.37,1126.09,1376900000,1376900000
1019136600,1125.87,1130.49,1109.29,1124.47,1359300000,1359300000
1019223000,1127.44,1128.82,1122.59,1125.16,1185000000,1185000000
1019482200,1122.68,1122.68,1105.62,1107.82,1181800000,1181800000
1019568600,1107.89,1111.17,1098.94,1100.96,1388500000,1388500000
1019655000,1101.93,1108.46,1092.51,1093.13,1373200000,1373200000
1019741400,1091.94,1094.36,1084.81,1091.48,1517400000,1517400000
1019827800,1092.79,1096.77,1076.31,1076.32,1374200000,1374200000
1020087000,1076.89,1078.95,1063.62,1065.45,1314700000,1314700000
1020173400,1065.45,1082.62,1063.46,1076.87,1628600000,1628600000
1020259800,1076.4,1088.32,1065.29,1086.46,1451400000,1451400000
1020346200,1086.12,1091.42,1079.46,1084.56,1364000000,1364000000
1020432600,1084.2,1084.2,1068.89,1073.43,1284500000,1284500000
1020691800,1073.01,1075.96,1052.65,1052.67,1122600000,1122600000
1020778200,1052.67,1058.67,1048.96,1049.49,1354700000,1354700000
1020864600,1055.97,1088.92,1055.97,1088.85,1502000000,1502000000
1020951000,1088.85,1088.85,1072.23,1073.01,1153000000,1153000000
1021037400,1074.25,1075.43,1053.93,1054.99,1171900000,1171900000
1021296600,1056.26,1074.84,1053.9,1074.56,1088600000,1088600000
1021383000,1076.15,1097.71,1076.15,1097.34,1414500000,1414500000
1021469400,1096.83,1104.23,1088.94,1091.07,1420200000,1420200000
1021555800,1091,1099.29,1089.17,1098.23,1256600000,1256600000
1021642200,1099.78,1106.59,1096.77,1106.59,1274400000,1274400000
1021901400,1104.1,1104.1,1090.61,1091.88,989800000,989800000
1021987800,1092.46,1099.55,1079.08,1079.88,1200500000,1200500000
1022074200,1078.83,1085.95,1075.64,1085.89,1136300000,1136300000
1022160600,1086.62,1097.1,1080.55,1097.08,1192900000,1192900000
1022247000,1094.66,1095.99,1082.19,1083.82,885400000,885400000
1022592600,1084.58,1085.98,1070.31,1074.55,996500000,996500000
1022679000,1074.55,1074.83,1067.66,1067.66,1081800000,1081800000
1022765400,1067.66,1069.5,1054.26,1064.66,1286600000,1286600000
1022851800,1065.82,1079.93,1065.82,1067.18,1277300000,1277300000
1023111000,1066.77,1070.74,1039.9,1040.62,1324300000,1324300000
1023197400,1040.43,1046.06,1030.52,1040.69,1466600000,1466600000
1023283800,1041.12,1050.11,1038.84,1049.9,1300100000,1300100000
1023370200,1049.33,1049.33,1026.91,1029.15,1601500000,1601500000
1023456600,1025.06,1033.02,1012.49,1027.53,1341300000,1341300000
1023715800,1027.16,1038.18,1025.45,1030.74,1226200000,1226200000
1023802200,1031.54,1039.04,1012.94,1013.6,1212400000,1212400000
1023888600,1012.91,1021.85,1002.58,1020.24,1795720000,1795720000
1023975000,1019.45,1023.47,1008.12,1009.56,1405500000,1405500000
1024061400,1007.48,1009.13,981.63,1007.26,1549000000,1549000000
1024320600,1007.27,1036.17,1007.27,1036.17,1236600000,1236600000
1024407000,1035.11,1040.83,1030.92,1037.11,1193100000,1193100000
1024493400,1035.76,1037.61,1017.88,1019.99,1336100000,1336100000
1024579800,1019.76,1023.33,1004.59,1006.29,1389700000,1389700000
1024666200,1004.48,1005.89,985.65,989.13,1497200000,1497200000
1024925400,988.82,1002.11,970.85,992.71,1552600000,1552600000
1025011800,994.31,1005.88,974.21,976.14,1513700000,1513700000
1025098200,970.61,977.43,952.92,973.54,2014290000,2014290000
1025184600,974.56,990.67,963.74,990.64,1908600000,1908600000
1025271000,990.19,1001.79,988.31,989.44,2117000000,2117000000
1025530200,989.15,994.46,967.43,968.65,1425500000,1425500000
1025616600,967.97,968.59,945.54,948.09,1823000000,1823000000
1025703000,946.03,954.3,934.87,953.98,1527800000,1527800000
1025875800,956.03,989.07,956.03,989.03,699400000,699400000
1026135000,987.88,993.56,972.91,976.98,1184400000,1184400000
1026221400,976.91,979.63,951.71,952.83,1348900000,1348900000
1026307800,954.63,956.34,920.29,920.47,1816900000,1816900000
1026394200,919.86,929.16,900.94,927.38,2080480000,2080480000
1026480600,929.06,934.31,913.71,921.4,1607400000,1607400000
1026739800,920.99,920.99,876.46,917.87,2574800000,2574800000
1026826200,916.96,918.65,897.13,900.94,1843700000,1843700000
1026912600,904.19,926.52,895.03,906.03,2566500000,2566500000
1026999000,905.25,907.8,880.6,881.57,1736300000,1736300000
1027085400,877.75,877.75,842.07,847.75,2654100000,2654100000
1027344600,846.6,854.13,813.26,819.83,2248060000,2248060000
1027431000,819.9,827.69,796.13,798.61,2441020000,2441020000
1027517400,794.11,844.32,775.68,843.39,2775560000,2775560000
1027603800,841.11,853.83,816.11,838.68,2424700000,2424700000
1027690200,840.67,852.85,835.92,852.84,1796100000,1796100000
1027949400,855.2,898.96,855.2,898.96,1778650000,1778650000
1028035800,898.96,909.81,884.7,902.78,1826090000,1826090000
1028122200,901.2,911.64,889.88,911.62,2049360000,2049360000
1028208600,910.7,910.7,882.48,884.66,1672200000,1672200000
1028295000,884.4,884.72,853.95,864.24,1538100000,1538100000
1028554200,863.6,864.07,833.44,834.6,1425500000,1425500000
1028640600,837.09,874.44,837.09,859.57,1514100000,1514100000
1028727000,863.57,878.74,854.15,876.77,1490400000,1490400000
1028813400,876.77,905.84,875.17,905.45,1646700000,1646700000
1028899800,902.53,913.95,890.77,908.6,1294900000,1294900000
1029159000,908.54,908.54,892.38,903.78,1036500000,1036500000
1029245400,902.82,911.71,883.62,884.21,1297700000,1297700000
1029331800,884.21,920.21,876.2,919.63,1533800000,1533800000
1029418200,920.25,933.29,918.17,930.24,1505100000,1505100000
1029504600,928.64,935.38,916.21,928.77,1265300000,1265300000
1029763800,928.71,951.17,927.21,950.74,1299800000,1299800000
1029850200,949.05,949.05,931.86,937.43,1308500000,1308500000
1029936600,939.03,951.59,931.32,949.34,1353100000,1353100000
1030023000,949.52,965,946.43,962.7,1373000000,1373000000
1030109400,960.59,960.59,937.17,940.86,1071500000,1071500000
1030368600,941.77,950.8,930.42,947.95,1016900000,1016900000
1030455000,947.96,955.82,930.36,934.82,1307700000,1307700000
1030541400,932.72,932.72,913.21,917.87,1146600000,1146600000
1030627800,917.87,924.59,903.33,917.8,1271100000,1271100000
1030714200,916.49,928.15,910.17,916.08,929900000,929900000
1031059800,916.07,916.07,877.51,878.02,1289800000,1289800000
1031146200,878.65,896.1,875.73,893.34,1372100000,1372100000
1031232600,890.32,890.32,870.5,879.16,1401300000,1401300000
1031319000,883.2,899.07,883.2,893.92,1184500000,1184500000
1031578200,893.39,907.34,882.92,902.96,1130600000,1130600000
1031664600,903.33,909.89,900.5,909.58,1186400000,1186400000
1031751000,910.63,924.02,908.47,909.45,846600000,846600000
1031837400,908.36,908.36,884.84,886.9,1191600000,1191600000
1031923800,886.36,892.75,877.05,889.8,1271000000,1271000000
1032183000,889.08,891.84,878.91,891.1,1001400000,1001400000
1032269400,893.12,902.68,872.38,873.52,1448600000,1448600000
1032355800,870.71,878.45,857.39,869.48,1501000000,1501000000
1032442200,867.14,867.14,843.09,843.32,1524000000,1524000000
1032528600,843.32,849.32,839.09,845.39,1792800000,1792800000
1032787800,843.68,843.68,825.76,833.7,1381100000,1381100000
1032874200,832.05,833.32,817.38,819.27,1670240000,1670240000
1032960600,822.47,844.22,818.46,839.65,1651500000,1651500000
1033047000,841.26,856.6,841.26,854.95,1650000000,1650000000
1033133400,853.75,853.75,826.84,827.36,1507300000,1507300000
1033392600,825.77,825.77,800.2,815.26,1721870000,1721870000
1033479000,816.78,847.92,812.82,847.92,1780900000,1780900000
1033565400,843.77,851.93,826.5,827.92,1668900000,1668900000
1033651800,827.71,840.02,817.25,819,1674500000,1674500000
1033738200,820.21,825.9,794.1,800.59,1835930000,1835930000
1033997400,799.98,808.21,782.96,785.28,1576500000,1576500000
1034083800,785.57,808.86,779.5,796.42,1938430000,1938430000
1034170200,796.92,796.92,775.8,776.77,1885030000,1885030000
1034256600,776.76,806.51,768.63,803.94,2090230000,2090230000
1034343000,806.05,843.27,806.05,835.32,1854130000,1854130000
1034602200,833.86,844.39,828.37,841.44,1200300000,1200300000
1034688600,847.62,881.27,847.62,881.27,1956000000,1956000000
1034775000,875.37,875.37,856.28,860.02,1585000000,1585000000
1034861400,862.22,885.35,862.22,879.19,1780390000,1780390000
1034947800,879.05,886.68,866.58,884.38,1423100000,1423100000
1035207000,884.39,900.69,873.06,899.72,1447000000,1447000000
1035293400,896.45,896.45,882.4,890.16,1549200000,1549200000
1035379800,889.59,896.14,873.82,896.14,1593900000,1593900000
1035466200,896.95,902.94,879,882.5,1700570000,1700570000
1035552600,882.48,897.71,877.03,897.65,1340400000,1340400000
1035815400,900.82,907.44,886.15,890.21,1382600000,1382600000
1035901800,889.88,890.64,867.91,882.15,1529700000,1529700000
1035988200,883.13,895.28,879.19,890.69,1422300000,1422300000
1036074600,891.1,898.83,879.75,885.76,1641300000,1641300000
1036161000,884.33,903.42,877.71,900.96,1450400000,1450400000
1036420200,905.57,924.58,905.45,908.35,1645900000,1645900000
1036506600,906.79,915.83,904.91,915.4,1354100000,1354100000
1036593000,916.51,925.66,905,923.76,1674000000,1674000000
1036679400,923.19,923.19,898.68,902.69,1466900000,1466900000
1036765800,902.2,910.11,891.62,894.73,1446500000,1446500000
1037025000,894.09,894.09,874.63,876.18,1113000000,1113000000
1037111400,877.39,894.3,877.39,882.95,1377100000,1377100000
1037197800,882.06,892.51,872.05,882.53,1463400000,1463400000
1037284200,887.29,904.27,887.29,904.27,1519000000,1519000000
1037370600,904.27,910.21,895.35,909.74,1400100000,1400100000
1037629800,909.84,915.91,899.48,900.36,1282600000,1282600000
1037716200,900.36,905.45,893.09,896.75,1337400000,1337400000
1037802600,897.1,915.01,894.93,914.15,1517300000,1517300000
1037889000,914.4,935.13,914.4,933.79,2415100000,2415100000
1037975400,932.83,937.28,928.41,930.55,1626800000,1626800000
1038234600,930.55,937.15,923.31,932.89,1574000000,1574000000
1038321000,929.95,929.95,912.1,913.3,1543600000,1543600000
1038407400,917.34,940.41,917.34,938.98,1350300000,1350300000
1038580200,939.83,941.82,935.58,936.31,643460000,643460000
1038839400,941.57,954.28,927.72,934.53,1612000000,1612000000
1038925800,932.89,932.89,918.73,920.75,1488400000,1488400000
1039012200,917.51,925.25,909.51,917.53,1588900000,1588900000
1039098600,919.59,921.49,905.9,906.55,1250200000,1250200000
1039185000,903.9,915.48,895.96,912.23,1241100000,1241100000
1039444200,910.96,910.96,891.97,892,1320800000,1320800000
1039530600,892.86,904.95,892.71,904.41,1286600000,1286600000
1039617000,903.57,909.94,896.48,904.95,1285100000,1285100000
1039703400,906.34,908.37,897,901.53,1255300000,1255300000
1039789800,901.58,901.58,888.48,889.5,1330800000,1330800000
1040049000,890.31,910.41,890.31,910.41,1271600000,1271600000
1040135400,910.21,911.22,901.74,902.96,1251800000,1251800000
1040221800,902.99,902.99,887.82,891.12,1446200000,1446200000
1040308200,890.02,899.19,880.32,884.27,1385900000,1385900000
1040394600,884.36,897.79,884.36,895.85,1782730000,1782730000
1040653800,895.18,902.43,892.26,897.38,1112100000,1112100000
1040740200,896.2,896.6,892.29,892.47,458310000,458310000
1040913000,893.28,903.89,887.48,889.66,721100000,721100000
1040999400,889.66,890.46,873.62,875.42,758400000,758400000
1041258600,875.44,882.1,870.23,879.39,1057800000,1057800000
1041345000,879.08,881.93,869.45,879.82,1088500000,1088500000
1041517800,881.44,909.03,881.44,909.03,1229200000,1229200000
1041604200,908.49,911.25,903.07,908.6,1130800000,1130800000
1041863400,909.04,931.77,909.04,929.03,1435900000,1435900000
1041949800,929.57,930.81,919.93,922.93,1545200000,1545200000
1042036200,922.93,922.93,908.32,909.93,1467600000,1467600000
1042122600,911.09,928.31,911.09,927.58,1560300000,1560300000
1042209000,927.51,932.89,917.66,927.57,1485400000,1485400000
1042468200,929.29,935.05,922.05,926.27,1396300000,1396300000
1042554600,926.15,931.66,921.72,931.66,1379400000,1379400000
1042641000,932.17,932.59,916.7,918.22,1432100000,1432100000
1042727400,918.41,926.03,911.98,914.69,1534600000,1534600000
1042813800,914.6,914.6,899.02,901.78,1358200000,1358200000
1043159400,901.79,906,887.62,887.62,1335200000,1335200000
1043245800,887.6,889.74,877.64,878.38,1560800000,1560800000
1043332200,880.81,890.25,876.89,887.34,1744550000,1744550000
1043418600,886.28,886.28,859.71,861.4,1574800000,1574800000
1043677800,858.71,863.95,844.25,847.48,1435900000,1435900000
1043764200,848.34,860.76,848.34,858.55,1459100000,1459100000
1043850600,857.78,868.72,845.86,864.36,1595400000,1595400000
1043937000,864.84,865.48,843.74,844.57,1510300000,1510300000
1044023400,842.6,858.33,840.34,855.7,1578530000,1578530000
1044282600,855.7,864.64,855.7,860.32,1258500000,1258500000
1044369000,858.02,858.02,840.19,848.18,1451600000,1451600000
1044455400,849.96,861.63,842.11,843.59,1450800000,1450800000
1044541800,843,844.23,833.25,838.15,1430900000,1430900000
1044628200,839.29,845.73,826.7,829.69,1276800000,1276800000
1044887400,830.08,837.16,823.53,835.97,1238200000,1238200000
1044973800,836.53,843.02,825.09,829.21,1307000000,1307000000
1045060200,828.96,832.12,818.49,818.68,1260500000,1260500000
1045146600,818.75,821.25,806.29,817.37,1489300000,1489300000
1045233000,818.32,834.89,815.03,834.89,1404600000,1404600000
1045578600,836.43,852.87,836.43,851.17,1250800000,1250800000
1045665000,851.17,851.17,838.79,845.13,1075600000,1075600000
1045751400,845.13,849.37,836.56,837.1,1194100000,1194100000
1045837800,837.81,852.28,831.48,848.17,1398200000,1398200000
1046097000,847.29,847.29,832.16,832.58,1229200000,1229200000
1046183400,830.54,839.55,818.54,838.57,1483700000,1483700000
1046269800,837.73,840.1,826.68,827.55,1374400000,1374400000
1046356200,829.24,842.19,827.71,837.28,1287800000,1287800000
1046442600,837.7,847,837.31,841.15,1373300000,1373300000
1046701800,841.96,852.34,832.74,834.81,1208900000,1208900000
1046788200,834.87,835.43,821.96,821.99,1256600000,1256600000
1046874600,821.99,829.87,819,829.85,1332700000,1332700000
1046961000,828.82,829.56,819.85,822.1,1299200000,1299200000
1047047400,819.82,829.55,811.23,828.89,1368500000,1368500000
1047306600,826.12,826.12,806.57,807.48,1255000000,1255000000
1047393000,808.34,814.25,800.3,800.73,1427700000,1427700000
1047479400,799.89,804.15,788.9,804.15,1620000000,1620000000
1047565800,806.48,832.02,806.48,831.9,1816300000,1816300000
1047652200,831.89,841.39,828.26,833.26,1541900000,1541900000
1047911400,832.09,862.76,827.17,862.69,1700420000,1700420000
1047997800,862.78,866.94,857.36,866.45,1555100000,1555100000
1048084200,865.85,874.99,861.21,874.02,1473400000,1473400000
1048170600,872.8,879.6,859.01,875.84,1439100000,1439100000
1048257000,879.12,895.89,877.65,895.89,1883710000,1883710000
1048516200,890.91,890.91,862.02,864.23,1293000000,1293000000
1048602600,864.89,879.87,862.59,874.74,1333400000,1333400000
1048689000,874.54,875.8,866.47,869.95,1319700000,1319700000
1048775400,868.56,874.15,858.09,868.52,1232900000,1232900000
1048861800,866.71,869.88,860.83,863.48,1227000000,1227000000
1049121000,863.18,863.18,843.68,848.12,1495500000,1495500000
1049207400,849.05,861.28,847.85,858.48,1461600000,1461600000
1049293800,858.48,884.57,858.48,880.9,1589800000,1589800000
1049380200,882.07,885.89,876.12,876.45,1339500000,1339500000
1049466600,877.06,882.73,874.23,878.85,1241200000,1241200000
1049722200,884.48,904.89,879.78,879.93,1494000000,1494000000
1049808600,880.01,883.11,874.68,878.29,1235400000,1235400000
1049895000,878.65,887.35,865.72,865.99,1293700000,1293700000
1049981400,866.61,871.78,862.76,871.58,1275300000,1275300000
1050067800,871.58,883.34,865.92,868.3,1141600000,1141600000
1050327000,868.51,885.26,868.51,885.23,1131000000,1131000000
1050413400,884.78,891.27,881.85,890.81,1460200000,1460200000
1050499800,890.81,896.77,877.93,879.91,1587600000,1587600000
1050586200,879.2,893.83,879.2,893.58,1430600000,1430600000
1050931800,893.66,898.01,888.17,892.01,1118700000,1118700000
1051018200,890.63,911.74,886.7,911.37,1631200000,1631200000
1051104600,911.5,919.74,909.89,919.02,1667200000,1667200000
1051191000,917.21,917.21,906.69,911.43,1648100000,1648100000
1051277400,910.57,911.13,897.52,898.81,1335800000,1335800000
1051536600,899.19,918.15,899.19,914.84,1273000000,1273000000
1051623000,914.84,924.24,911.1,917.84,1525600000,1525600000
1051709400,917.34,922.01,911.7,916.92,1788510000,1788510000
1051795800,916.8,919.68,902.83,916.3,1397500000,1397500000
1051882200,915.08,930.56,912.35,930.08,1554300000,1554300000
1052141400,930.57,933.88,924.55,926.55,1446300000,1446300000
1052227800,926.38,939.61,926.38,934.39,1649600000,1649600000
1052314200,932.75,937.22,926.41,929.62,1531900000,1531900000
1052400600,929.62,929.62,919.72,920.27,1379600000,1379600000
1052487000,921.85,933.77,921.85,933.41,1326100000,1326100000
1052746200,933.05,946.84,929.3,945.11,1378800000,1378800000
1052832600,945.11,947.51,938.91,942.3,1418100000,1418100000
1052919000,943.18,947.29,935.24,939.28,1401800000,1401800000
1053005400,940.47,948.23,938.79,946.67,1508700000,1508700000
1053091800,946.5,948.65,938.6,944.3,1505500000,1505500000
1053351000,942.46,942.46,920.23,920.77,1375700000,1375700000
1053437400,921.62,925.34,912.05,919.73,1505300000,1505300000
1053523800,919.01,923.85,914.91,923.42,1457800000,1457800000
1053610200,923.53,935.3,922.54,931.87,1448500000,1448500000
1053696600,931.68,935.2,927.42,933.22,1201000000,1201000000
1054042200,932.16,952.76,927.33,951.48,1532000000,1532000000
1054128600,951.78,959.39,950.12,953.22,1559000000,1559000000
1054215000,953.22,962.08,946.23,949.64,1685800000,1685800000
1054301400,950.7,965.38,950.7,963.59,1688800000,1688800000
1054560600,965.31,979.11,965.31,967,1662500000,1662500000
1054647000,967.07,973.02,964.47,971.56,1450200000,1450200000
1054733400,971.69,987.85,970.72,986.24,1618700000,1618700000
1054819800,983.94,990.14,978.13,990.14,1693100000,1693100000
1054906200,990.14,1007.69,986.01,987.76,1837200000,1837200000
1055165400,986.82,986.82,972.59,975.93,1307000000,1307000000
1055251800,975.93,984.84,975.93,984.84,1275400000,1275400000
1055338200,984.84,997.48,981.61,997.48,1520000000,1520000000
1055424600,997.48,1002.74,991.27,998.51,1553100000,1553100000
1055511000,999.02,1000.92,984.27,988.61,1271600000,1271600000
1055770200,988.61,1010.86,988.61,1010.86,1345900000,1345900000
1055856600,1011.35,1015.33,1007.04,1011.69,1479700000,1479700000
1055943000,1011.14,1015.12,1004.61,1010.09,1488900000,1488900000
1056029400,1010.05,1011.22,993.08,994.69,1530100000,1530100000
1056115800,996.13,1002.09,993.36,995.73,1698000000,1698000000
1056375000,995.25,995.25,977.4,981.65,1398100000,1398100000
1056461400,980.68,987.84,979.08,983.44,1388300000,1388300000
1056547800,983.58,991.64,974.86,975.31,1459200000,1459200000
1056634200,976.42,986.53,973.8,985.81,1387400000,1387400000
1056720600,985.82,988.88,974.03,976.22,1267800000,1267800000
1056979800,977.35,983.61,973.6,974.5,1587200000,1587200000
1057066200,973.83,983.26,962.1,982.31,1460200000,1460200000
1057152600,983.34,993.78,983.34,993.75,1519300000,1519300000
1057239000,992.55,995,983.34,985.7,775900000,775900000
1057584600,985.7,1005.56,985.7,1004.5,1429100000,1429100000
1057671000,1004.44,1008.92,998.73,1007.84,1565700000,1565700000
1057757400,1007.76,1010.43,998.17,1002.22,1618000000,1618000000
1057843800,1000.24,1000.24,983.63,988.67,1465700000,1465700000
1057930200,989.53,1000.86,989.53,998.13,1212700000,1212700000
1058189400,1001.08,1015.41,1001.08,1003.86,1448900000,1448900000
1058275800,1003.86,1009.61,996.67,1000.42,1518600000,1518600000
1058362200,1002.64,1003.47,989.3,994.09,1662000000,1662000000
1058448600,994,994,978.6,981.73,1661400000,1661400000
1058535000,981.73,994.25,981.7,993.32,1365200000,1365200000
1058794200,992.91,992.91,975.63,978.8,1254200000,1254200000
1058880600,980.42,990.29,976.08,988.11,1439700000,1439700000
1058967000,988.68,989.86,979.79,988.6,1362700000,1362700000
1059053400,988.61,998.89,981.07,981.6,1559000000,1559000000
1059139800,981.81,998.71,977.42,998.68,1397500000,1397500000
1059399000,999,1000.68,993.59,996.52,1328600000,1328600000
1059485400,996.52,998.64,984.15,989.28,1508900000,1508900000
1059571800,989.5,992.62,985.96,987.65,1391900000,1391900000
1059658200,990.12,1004.59,988.85,990.31,1608000000,1608000000
1059744600,989.73,989.9,978.86,980.15,1390600000,1390600000
1060003800,979.92,985.75,966.79,982.82,1318700000,1318700000
1060090200,982.41,982.61,964.97,965.47,1351700000,1351700000
1060176600,964.25,975.74,960.84,967.08,1491000000,1491000000
1060263000,966.93,974.89,963.82,974.12,1389300000,1389300000
1060349400,974.12,980.57,973.83,977.59,1086600000,1086600000
1060608600,977.59,985.46,974.21,980.59,1022200000,1022200000
1060695000,981.34,990.41,979.9,990.35,1132300000,1132300000
1060781400,991.2,992.5,980.85,984.03,1208800000,1208800000
1060867800,984.3,991.91,980.36,990.51,1186800000,1186800000
1060954200,990.19,992.39,986.44,990.67,636370000,636370000
1061213400,991.47,1000.35,991.47,999.74,1127600000,1127600000
1061299800,1000.65,1003.3,995.3,1002.33,1300600000,1300600000
1061386200,1000.84,1003.54,996.62,1000.3,1210800000,1210800000
1061472600,1001.67,1009.53,999.33,1003.27,1407100000,1407100000
1061559000,1005.43,1011.01,992.62,993.05,1308900000,1308900000
1061818200,992.94,993.71,987.91,993.71,971700000,971700000
1061904600,992.47,997.93,983.57,996.73,1178700000,1178700000
1061991000,995.95,998.05,993.33,996.79,1051400000,1051400000
1062077400,997.43,1004.12,991.42,1002.84,1165200000,1165200000
1062163800,1002.2,1008.85,999.52,1008.03,945100000,945100000
1062509400,1008.96,1022.59,1005.67,1021.99,1470500000,1470500000
1062595800,1023.33,1029.34,1022.45,1026.27,1675600000,1675600000
1062682200,1026.27,1029.17,1022.19,1027.97,1453900000,1453900000
1062768600,1027.11,1029.21,1018.19,1021.37,1465200000,1465200000
1063027800,1021.93,1032.41,1021.93,1031.64,1299300000,1299300000
1063114200,1031.15,1031.15,1021.14,1023.17,1414800000,1414800000
1063200600,1021.51,1021.51,1009.74,1010.93,1582100000,1582100000
1063287000,1011.58,1020.88,1011.58,1016.42,1335900000,1335900000
1063373400,1014.55,1019.65,1007.71,1018.63,1236700000,1236700000
1063632600,1018.68,1019.79,1013.59,1014.81,1151300000,1151300000
1063719000,1015.03,1029.66,1015.03,1029.32,1403200000,1403200000
1063805400,1028.98,1031.34,1024.53,1025.97,1338210000,1338210000
1063891800,1025.84,1040.16,1025.75,1039.58,1498800000,1498800000
1063978200,1039.58,1040.29,1031.89,1036.31,1518600000,1518600000
1064237400,1036.3,1036.3,1018.3,1022.79,1278800000,1278800000
1064323800,1022.82,1030.12,1021.54,1029.04,1301700000,1301700000
1064410200,1029.16,1029.83,1008.93,1009.38,1556000000,1556000000
1064496600,1010.19,1015.97,1003.26,1003.26,1530000000,1530000000
1064583000,1003.45,1003.45,996.08,996.85,1472500000,1472500000
1064842200,998.09,1006.89,995.31,1006.59,1366500000,1366500000
1064928600,1005.14,1005.14,990.36,995.95,1590500000,1590500000
1065015000,997.12,1018.22,997.12,1018.22,1566300000,1566300000
1065101400,1017.78,1021.87,1013.38,1020.24,1269300000,1269300000
1065187800,1024.93,1039.31,1024.93,1029.85,1570500000,1570500000
1065447000,1030.25,1036.48,1029.15,1034.35,1025800000,1025800000
1065533400,1032.81,1039.25,1026.19,1039.25,1279500000,1279500000
1065619800,1039.25,1040.08,1030.96,1033.78,1262500000,1262500000
1065706200,1036.42,1048.28,1034.92,1038.73,1578700000,1578700000
1065792600,1038.83,1040.84,1035.74,1038.06,1108100000,1108100000
1066051800,1039.29,1048.9,1039.29,1045.35,1040500000,1040500000
1066138200,1045.35,1049.49,1040.84,1049.48,1271900000,1271900000
1066224600,1052.82,1053.79,1043.15,1046.76,1521100000,1521100000
1066311000,1045.47,1052.94,1044.04,1050.07,1417700000,1417700000
1066397400,1050.07,1051.9,1036.57,1039.32,1352000000,1352000000
1066656600,1039.4,1044.69,1036.13,1044.68,1172600000,1172600000
1066743000,1045.24,1048.57,1042.5,1046.03,1498000000,1498000000
1066829400,1046.02,1046.02,1028.39,1030.36,1647200000,1647200000
1066915800,1030.36,1035.44,1025.87,1033.77,1604300000,1604300000
1067002200,1030.79,1030.79,1018.32,1028.91,1420300000,1420300000
1067265000,1030.57,1037.75,1029.19,1031.13,1371800000,1371800000
1067351400,1032.75,1046.79,1032.75,1046.79,1629200000,1629200000
1067437800,1046.79,1049.83,1043.35,1048.11,1562600000,1562600000
1067524200,1050.3,1052.82,1043.82,1046.94,1629700000,1629700000
1067610600,1046.94,1053.09,1046.94,1050.71,1498900000,1498900000
1067869800,1051.84,1061.44,1051.84,1059.02,1378200000,1378200000
1067956200,1059.02,1059.02,1051.7,1053.25,1417600000,1417600000
1068042600,1053.31,1054.54,1044.88,1051.81,1401800000,1401800000
1068129000,1053.51,1058.94,1046.93,1058.05,1453900000,1453900000
1068215400,1059.22,1062.39,1052.17,1053.21,1440500000,1440500000
1068474600,1053.44,1053.65,1045.58,1047.11,1243600000,1243600000
1068561000,1046.88,1048.23,1043.46,1046.57,1162500000,1162500000
1068647400,1047.02,1059.1,1046.74,1058.53,1349300000,1349300000
1068733800,1057.54,1059.62,1052.96,1058.41,1383000000,1383000000
1068820200,1058.41,1063.65,1048.11,1050.35,1356100000,1356100000
1069079400,1049.04,1049.04,1035.28,1043.63,1374300000,1374300000
1069165800,1043.7,1048.77,1034,1034.15,1354300000,1354300000
1069252200,1034.15,1043.95,1034.15,1042.44,1326200000,1326200000
1069338600,1041.13,1046.48,1033.42,1033.65,1326700000,1326700000
1069425000,1035.25,1037.57,1031.2,1035.28,1273800000,1273800000
1069684200,1036.44,1052.08,1036.44,1052.08,1302800000,1302800000
1069770600,1052.11,1058.05,1049.31,1053.89,1333700000,1333700000
1069857000,1055.25,1058.45,1048.28,1058.45,1097700000,1097700000
1070029800,1057.89,1060.63,1056.77,1058.2,487220000,487220000
1070289000,1059.64,1070.47,1059.64,1070.12,1375000000,1375000000
1070375400,1070.12,1071.22,1065.22,1066.62,1383200000,1383200000
1070461800,1067.68,1074.3,1064.63,1064.73,1441700000,1441700000
1070548200,1065.35,1070.37,1063.15,1069.72,1463100000,1463100000
1070634600,1067.32,1068.41,1060.09,1061.5,1265900000,1265900000
1070893800,1061.49,1069.59,1060.93,1069.3,1218900000,1218900000
1070980200,1069.3,1071.94,1059.16,1060.18,1465500000,1465500000
1071066600,1060.65,1063.02,1053.41,1059.05,1444000000,1444000000
1071153000,1059.25,1073.63,1059.25,1071.21,1441100000,1441100000
1071239400,1071.21,1074.76,1067.64,1074.14,1223100000,1223100000
1071498600,1077.77,1082.79,1068,1068.04,1520800000,1520800000
1071585000,1068.09,1075.94,1068.06,1075.13,1547900000,1547900000
1071671400,1075.13,1076.54,1071.14,1076.48,1441700000,1441700000
1071757800,1076.8,1089.5,1076.8,1089.18,1579900000,1579900000
1071844200,1089.18,1091.06,1084.19,1088.66,1657300000,1657300000
1072103400,1088.64,1092.94,1086.14,1092.94,1251700000,1251700000
1072189800,1092.94,1096.95,1091.73,1096.02,1145300000,1145300000
1072276200,1095.25,1096.4,1092.73,1094.04,518060000,518060000
1072449000,1094.23,1098.47,1094.23,1095.89,356070000,356070000
1072708200,1095.89,1109.48,1095.89,1109.48,1058800000,1058800000
1072794600,1109.19,1109.75,1106.41,1109.64,1012600000,1012600000
1072881000,1109.49,1112.56,1106.21,1111.92,1027500000,1027500000
1073053800,1112.64,1118.85,1105.08,1108.49,1153200000,1153200000
1073313000,1110.62,1122.22,1110.62,1122.22,1578200000,1578200000
1073399400,1121.58,1124.46,1118.44,1123.67,1494500000,1494500000
1073485800,1123.62,1126.33,1116.45,1126.33,1704900000,1704900000
1073572200,1126.33,1131.92,1124.91,1131.92,1868400000,1868400000
1073658600,1131.34,1131.36,1120.9,1121.86,1720700000,1720700000
1073917800,1122.53,1127.85,1120.9,1127.23,1510200000,1510200000
1074004200,1127.23,1129.07,1115.19,1121.22,1595900000,1595900000
1074090600,1121.22,1130.75,1121.22,1130.52,1514600000,1514600000
1074177000,1130.52,1137.11,1124.5,1132.05,1695000000,1695000000
1074263400,1132.23,1139.83,1132.23,1139.83,1721100000,1721100000
1074609000,1140.62,1142.93,1135.4,1138.77,1698200000,1698200000
1074695400,1138.77,1149.21,1134.62,1147.62,1757600000,1757600000
1074781800,1148.01,1150.51,1143.01,1143.94,1693700000,1693700000
1074868200,1145.11,1150.31,1136.85,1141.55,1561200000,1561200000
1075127400,1141.01,1155.38,1141,1155.37,1480600000,1480600000
1075213800,1154.4,1155.2,1144.05,1144.05,1673100000,1673100000
1075300200,1145.33,1149.14,1126.5,1128.48,1842000000,1842000000
1075386600,1128.5,1134.39,1122.38,1134.11,1921900000,1921900000
1075473000,1134.17,1134.17,1127.73,1131.13,1635000000,1635000000
1075732200,1131.88,1142.58,1127.87,1135.26,1599200000,1599200000
1075818600,1135.26,1137.44,1131.33,1136.03,1476900000,1476900000
1075905000,1133.6,1133.6,1124.74,1126.52,1634800000,1634800000
1075991400,1126.49,1131.17,1124.44,1128.59,1566600000,1566600000
1076077800,1129.29,1142.79,1128.39,1142.76,1477600000,1477600000
1076337000,1142.74,1144.46,1139.21,1139.81,1303500000,1303500000
1076423400,1139.81,1147.02,1138.7,1145.54,1403900000,1403900000
1076509800,1145.35,1158.89,1142.33,1157.76,1699300000,1699300000
1076596200,1157.76,1157.76,1151.44,1152.11,1464300000,1464300000
1076682600,1152.71,1156.88,1143.23,1145.81,1329200000,1329200000
1077028200,1147.75,1158.98,1147.75,1156.99,1396500000,1396500000
1077114600,1157.4,1157.4,1149.42,1151.82,1382400000,1382400000
1077201000,1151.82,1158.57,1146.83,1147.06,1562800000,1562800000
1077287400,1147.06,1149.81,1139,1144.11,1479600000,1479600000
1077546600,1144.88,1146.69,1136.98,1140.99,1380400000,1380400000
1077633000,1139.97,1144.54,1134.43,1139.09,1543600000,1543600000
1077719400,1139.82,1145.24,1138.71,1143.67,1360700000,1360700000
1077805800,1141.66,1147.23,1138.62,1144.91,1383900000,1383900000
1077892200,1145.8,1151.68,1141.8,1144.94,1540400000,1540400000
1078151400,1144.94,1157.45,1144.94,1155.97,1497100000,1497100000
1078237800,1155.89,1156.54,1147.31,1149.1,1476000000,1476000000
1078324200,1149.1,1152.44,1143.78,1151.03,1334500000,1334500000
1078410600,1151.07,1154.97,1149.81,1154.87,1265800000,1265800000
1078497000,1154.87,1163.23,1148.71,1156.86,1398200000,1398200000
1078756200,1156.86,1159.94,1146.97,1147.2,1254400000,1254400000
1078842600,1147.32,1147.32,1136.84,1140.57,1499400000,1499400000
1078929000,1141.02,1141.45,1122.53,1123.9,1648400000,1648400000
1079015400,1122.84,1125.96,1105.87,1106.79,1889900000,1889900000
1079101800,1106.78,1120.63,1106.78,1120.6,1388500000,1388500000
1079361000,1120.57,1120.57,1103.36,1104.43,1600600000,1600600000
1079447400,1105.87,1113.82,1102.61,1110.7,1500700000,1500700000
1079533800,1110.7,1125.76,1110.7,1123.78,1490100000,1490100000
1079620200,1123.45,1125.5,1113.25,1122.31,1369200000,1369200000
1079706600,1122.32,1122.72,1109.69,1109.74,1457400000,1457400000
1079965800,1109.78,1109.78,1089.49,1095.44,1452300000,1452300000
1080052200,1096.8,1101.52,1091.57,1093.9,1458200000,1458200000
1080138600,1094.7,1098.39,1087.06,1091.32,1527800000,1527800000
1080225000,1092.17,1110.38,1092.17,1109.28,1471700000,1471700000
1080311400,1108.74,1115.27,1106.13,1108.03,1319100000,1319100000
1080570600,1108.06,1124.37,1108.06,1122.47,1405500000,1405500000
1080657000,1121.63,1127.6,1119.66,1127,1332400000,1332400000
1080743400,1126.94,1130.83,1121.46,1126.21,1560700000,1560700000
1080829800,1126.2,1135.67,1126.2,1132.17,1560700000,1560700000
1080916200,1135.87,1144.81,1135.87,1141.8,1629200000,1629200000
1081171800,1141.81,1150.54,1141.64,1150.54,1413700000,1413700000
1081258200,1148.93,1148.93,1143.3,1148.17,1397700000,1397700000
1081344600,1148.16,1148.16,1138.41,1140.51,1458800000,1458800000
1081431000,1140.53,1148.97,1134.52,1139.33,1199800000,1199800000
1081776600,1139.87,1147.29,1139.87,1145.22,1102400000,1102400000
1081863000,1146.21,1147.81,1127.7,1129.42,1423200000,1423200000
1081949400,1129.44,1132.52,1122.15,1128.17,1547700000,1547700000
1082035800,1128.1,1134.08,1120.75,1128.84,1568700000,1568700000
1082122200,1129.65,1136.8,1126.79,1134.57,1487800000,1487800000
1082381400,1134.56,1136.18,1129.84,1135.84,1194900000,1194900000
1082467800,1135.82,1139.26,1118.09,1118.09,1508500000,1508500000
1082554200,1118.16,1125.72,1116.03,1124.12,1738100000,1738100000
1082640600,1123.5,1142.77,1121.92,1139.95,1826700000,1826700000
1082727000,1139.93,1141.85,1134.81,1140.6,1396100000,1396100000
1082986200,1140.37,1145.08,1132.91,1135.48,1290600000,1290600000
1083072600,1135.91,1146.84,1135.91,1138.15,1518000000,1518000000
1083159000,1138.11,1138.11,1121.7,1122.41,1855600000,1855600000
1083245400,1122.41,1128.8,1108.02,1113.88,1859000000,1859000000
1083331800,1113.89,1119.26,1107.23,1107.24,1634700000,1634700000
1083591000,1107.3,1118.72,1107.3,1117.56,1571600000,1571600000
1083677400,1117.49,1127.74,1112.89,1119.51,1662100000,1662100000
1083763800,1119.55,1125.07,1117.86,1121.58,1469000000,1469000000
1083850200,1121.53,1121.53,1106.3,1113.96,1509300000,1509300000
1083936600,1113.99,1117.33,1098.63,1098.69,1653600000,1653600000
1084195800,1098.7,1098.7,1079.63,1087.12,1918400000,1918400000
1084282200,1088.14,1095.69,1088.14,1095.49,1533800000,1533800000
1084368600,1094.47,1097.55,1076.32,1097.26,1697600000,1697600000
1084455000,1097.28,1102.77,1091.76,1096.47,1411100000,1411100000
1084541400,1096.01,1102.37,1088.24,1095.66,1335900000,1335900000
1084800600,1092.8,1092.8,1079.36,1084.08,1430100000,1430100000
1084887000,1085.66,1094.14,1085.66,1091.53,1353000000,1353000000
1084973400,1091.49,1105.93,1088.51,1088.68,1548600000,1548600000
1085059800,1089.08,1092.62,1085.43,1089.18,1211000000,1211000000
1085146200,1090.69,1099.7,1089.78,1093.59,1258600000,1258600000
1085405400,1094.84,1101.71,1091.77,1095.34,1227500000,1227500000
1085491800,1094.98,1113.8,1090.74,1113.08,1545700000,1545700000
1085578200,1112.37,1116.71,1109.91,1114.95,1369400000,1369400000
1085664600,1114.94,1123.95,1114.86,1121.26,1447500000,1447500000
1085751000,1121.37,1122.69,1118.1,1120.64,1172600000,1172600000
1086096600,1119.48,1122.7,1113.32,1121.24,1238000000,1238000000
1086183000,1121.2,1128.1,1118.64,1124.99,1251700000,1251700000
1086269400,1124.99,1125.31,1116.56,1116.63,1232400000,1232400000
1086355800,1116.65,1129.17,1116.65,1122.51,1115300000,1115300000
1086615000,1122.5,1140.54,1122.5,1140.53,1211800000,1211800000
1086701400,1139.23,1142.16,1135.45,1142.12,1190300000,1190300000
1086787800,1141.09,1141.09,1131.17,1131.29,1276800000,1276800000
1086874200,1131.33,1136.47,1131.33,1136.47,1160600000,1160600000
1087219800,1135.21,1135.21,1122.16,1125.26,1179400000,1179400000
1087306200,1126.55,1137.36,1126.55,1132,1345900000,1345900000
1087392600,1131.89,1135.28,1130.55,1133.6,1168400000,1168400000
1087479000,1132.83,1133.45,1126.89,1132.03,1296700000,1296700000
1087565400,1132.05,1139.08,1129.82,1135,1500600000,1500600000
1087824600,1135.43,1138.05,1129.64,1130.32,1123900000,1123900000
1087911000,1130.3,1135.05,1124.37,1134.41,1382300000,1382300000
1087997400,1134.12,1145.16,1131.73,1144.04,1444200000,1444200000
1088083800,1143.76,1146.34,1139.94,1140.62,1394900000,1394900000
1088170200,1140.73,1145.97,1134.24,1134.32,1812900000,1812900000
1088429400,1136.6,1142.88,1131.62,1133.52,1354600000,1354600000
1088515800,1132.96,1138.26,1131.81,1136.23,1375000000,1375000000
1088602200,1136.57,1144.22,1133.62,1140.75,1473800000,1473800000
1088688600,1140.73,1140.8,1123.06,1128.98,1495700000,1495700000
1088775000,1128.94,1129.18,1123.26,1125.38,1085000000,1085000000
1089120600,1123.58,1123.58,1113.21,1116.19,1283300000,1283300000
1089207000,1116.21,1122.37,1114.92,1118.33,1328600000,1328600000
1089293400,1116.72,1119.12,1108.72,1109.1,1401100000,1401100000
1089379800,1109.11,1115.57,1109.11,1112.81,1186300000,1186300000
1089639000,1111.57,1115.95,1106.71,1114.35,1114600000,1114600000
1089725400,1114.87,1116.3,1112.99,1115.13,1199700000,1199700000
1089811800,1115.14,1119.6,1107.83,1111.47,1462000000,1462000000
1089898200,1112.08,1114.67,1106.6,1106.69,1408700000,1408700000
1089984600,1107.93,1112.17,1101.07,1101.4,1450300000,1450300000
1090243800,1101.39,1105.52,1096.55,1100.9,1319900000,1319900000
1090330200,1101.1,1108.88,1099.1,1108.67,1445800000,1445800000
1090416600,1108.67,1116.27,1093.88,1093.88,1679500000,1679500000
1090503000,1093.87,1099.69,1084.16,1096.84,1680800000,1680800000
1090589400,1096.84,1096.84,1083.49,1086.2,1337500000,1337500000
1090848600,1086.62,1089.82,1078.78,1084.07,1413400000,1413400000
1090935000,1084.07,1096.65,1084.07,1094.83,1610800000,1610800000
1091021400,1093.88,1098.84,1082.17,1095.42,1554300000,1554300000
1091107800,1097.09,1103.71,1095.82,1100.43,1530100000,1530100000
1091194200,1100.37,1103.73,1096.96,1101.72,1298200000,1298200000
1091453400,1101.72,1108.6,1097.34,1106.62,1276000000,1276000000
1091539800,1106.32,1106.32,1099.2,1099.69,1338300000,1338300000
1091626200,1098.67,1102.45,1092.4,1098.63,1369200000,1369200000
1091712600,1098.63,1098.83,1079.98,1080.7,1397400000,1397400000
1091799000,1078.55,1078.55,1062.23,1063.97,1521000000,1521000000
1092058200,1064.8,1069.46,1064.15,1065.22,1086000000,1086000000
1092144600,1066.22,1079.04,1066.22,1079.04,1245600000,1245600000
1092231000,1079.04,1079.04,1065.92,1075.79,1410400000,1410400000
1092317400,1075.79,1075.79,1062.82,1063.23,1405100000,1405100000
1092403800,1063.23,1067.58,1060.72,1064.8,1175100000,1175100000
1092663000,1065.06,1080.66,1065.06,1079.34,1206200000,1206200000
1092749400,1079.35,1086.96,1079.35,1081.71,1267800000,1267800000
1092835800,1081.71,1095.17,1078.93,1095.17,1282500000,1282500000
1092922200,1094.99,1094.99,1086.28,1091.23,1249400000,1249400000
1093008600,1090.89,1100.26,1089.57,1098.35,1199900000,1199900000
1093267800,1098.35,1101.4,1094.73,1095.68,1021900000,1021900000
1093354200,1096.47,1100.94,1092.82,1096.19,1092500000,1092500000
1093440600,1096.15,1106.29,1093.24,1104.96,1192200000,1192200000
1093527000,1104.26,1106.78,1102.43,1105.09,1023600000,1023600000
1093613400,1105.33,1109.68,1104.61,1107.77,845400000,845400000
1093872600,1107.77,1107.77,1099.15,1099.15,843100000,843100000
1093959000,1099.21,1104.24,1094.72,1104.24,1138200000,1138200000
1094045400,1104.24,1109.24,1099.18,1105.91,1142100000,1142100000
1094131800,1105.6,1119.11,1105.6,1118.31,1118400000,1118400000
1094218200,1116.09,1120.8,1113.57,1113.63,924170000,924170000
1094563800,1114.81,1124.08,1114.81,1121.3,1214400000,1214400000
1094650200,1120.94,1123.05,1116.27,1116.27,1246300000,1246300000
1094736600,1117.12,1121.3,1113.62,1118.38,1371300000,1371300000
1094823000,1118.49,1125.26,1114.47,1123.92,1261200000,1261200000
1095082200,1124.71,1129.78,1123.35,1125.82,1299800000,1299800000
1095168600,1125.81,1129.46,1124.72,1128.33,1204500000,1204500000
1095255000,1128.33,1128.33,1119.74,1120.37,1256000000,1256000000
1095341400,1120.37,1126.06,1120.37,1123.5,1113900000,1113900000
1095427800,1123.9,1130.48,1123.9,1128.55,1422600000,1422600000
1095687000,1127.78,1127.78,1120.34,1122.2,1197600000,1197600000
1095773400,1122.83,1131.54,1122.8,1129.3,1325000000,1325000000
1095859800,1126.72,1126.72,1112.67,1113.56,1379900000,1379900000
1095946200,1113.56,1113.61,1108.05,1108.36,1286300000,1286300000
1096032600,1108.36,1113.81,1108.36,1110.11,1255400000,1255400000
1096291800,1109.05,1109.05,1103.24,1103.52,1263500000,1263500000
1096378200,1104.24,1111.77,1101.29,1110.06,1396600000,1396600000
1096464600,1109.89,1114.8,1107.36,1114.8,1402900000,1402900000
1096551000,1114.8,1116.31,1109.61,1114.58,1748000000,1748000000
1096637400,1115.96,1131.64,1115.96,1131.5,1582200000,1582200000
1096896600,1131.5,1140.13,1131.5,1135.17,1534000000,1534000000
1096983000,1134.81,1137.87,1132.03,1134.48,1418400000,1418400000
1097069400,1134.16,1142.05,1132.94,1142.05,1416700000,1416700000
1097155800,1141.68,1141.68,1130.46,1130.65,1447500000,1447500000
1097242200,1129.83,1132.92,1120.19,1122.14,1291600000,1291600000
1097501400,1122.14,1126.2,1122.14,1124.39,943800000,943800000
1097587800,1122.94,1124.23,1115.77,1121.84,1320100000,1320100000
1097674200,1124.56,1127.01,1109.63,1113.64,1546200000,1546200000
1097760600,1113.55,1114.97,1102.06,1103.29,1489500000,1489500000
1097847000,1105.35,1113.17,1102.14,1108.2,1645100000,1645100000
1098106200,1107.62,1114.46,1103.33,1114.02,1373300000,1373300000
1098192600,1114.79,1118.03,1103.15,1103.23,1737500000,1737500000
1098279000,1102.86,1104.09,1094.25,1103.66,1685700000,1685700000
1098365400,1104.42,1108.96,1098.47,1106.49,1673000000,1673000000
1098451800,1106.49,1108.32,1095.29,1095.74,1469600000,1469600000
1098711000,1095.15,1096.81,1090.19,1094.8,1380500000,1380500000
1098797400,1094.86,1111.1,1094.86,1111.1,1685400000,1685400000
1098883800,1110.28,1126.29,1107.43,1125.4,1741900000,1741900000
1098970200,1124.75,1130.67,1120.57,1127.44,1628200000,1628200000
1099056600,1127.41,1131.44,1124.62,1130.2,1500800000,1500800000
1099319400,1130.26,1133.43,1127.53,1130.51,1395900000,1395900000
1099405800,1130.85,1130.85,1128.12,1130.58,1659000000,1659000000
1099492200,1130.54,1147.6,1130.54,1143.2,1767500000,1767500000
1099578600,1142.76,1161.67,1142.34,1161.67,1782700000,1782700000
1099665000,1163.04,1170.87,1160.52,1166.17,1724400000,1724400000
1099924200,1166.17,1166.86,1162.32,1164.89,1358700000,1358700000
1100010600,1164.97,1168.96,1162.48,1164.08,1450800000,1450800000
1100097000,1164.08,1169.35,1162.51,1162.91,1504300000,1504300000
1100183400,1162.91,1174.82,1162.91,1173.48,1393000000,1393000000
1100269800,1174.18,1184.17,1171.39,1184.17,1531600000,1531600000
1100529000,1183.81,1184.48,1179.85,1183.81,1453300000,1453300000
1100615400,1183.81,1183.81,1175.32,1175.43,1364400000,1364400000
1100701800,1176.63,1188.46,1176.63,1181.94,1684200000,1684200000
1100788200,1181.78,1184.9,1180.09,1183.55,1456700000,1456700000
1100874600,1183.55,1184,1169.17,1170.34,1526600000,1526600000
1101133800,1170.34,1178.18,1167.89,1177.24,1392700000,1392700000
1101220200,1176.63,1179.52,1171.41,1176.94,1428300000,1428300000
1101306600,1178.07,1182.46,1178.07,1181.76,1149600000,1149600000
1101479400,1181.43,1186.62,1181.08,1182.65,504580000,504580000
1101738600,1182.65,1186.94,1172.37,1178.57,1378500000,1378500000
1101825000,1178.57,1178.66,1173.81,1173.82,1553500000,1553500000
1101911400,1173.83,1191.37,1173.83,1191.37,1772800000,1772800000
1101997800,1190.68,1194.81,1186.66,1190.33,1774900000,1774900000
1102084200,1191.35,1197.11,1187.7,1191.17,1566700000,1566700000
1102343400,1190.84,1192.41,1185.18,1190.25,1354400000,1354400000
1102429800,1190.44,1192.17,1177.07,1177.07,1533900000,1533900000
1102516200,1177.07,1184.05,1176.8,1182.81,1525200000,1525200000
1102602600,1181.18,1190.51,1173.76,1189.24,1624700000,1624700000
1102689000,1187.45,1191.45,1185.24,1188,1443700000,1443700000
1102948200,1189.87,1198.77,1189.87,1198.68,1436100000,1436100000
1103034600,1198.68,1205.29,1197.84,1203.38,1544400000,1544400000
1103121000,1203.09,1206.61,1199.44,1205.72,1695800000,1695800000
1103207400,1205.3,1207.97,1198.41,1203.2,1793900000,1793900000
1103293800,1202.26,1203.17,1193.44,1194.22,2335000000,2335000000
1103553000,1194.2,1203.64,1193.36,1194.66,1422800000,1422800000
1103639400,1195.2,1205.93,1195.2,1205.43,1483700000,1483700000
1103725800,1205.45,1211.14,1203.81,1209.57,1390800000,1390800000
1103812200,1209.16,1213.66,1208.71,1210.13,956100000,956100000
1104157800,1210.13,1214.17,1204.92,1204.92,922000000,922000000
1104244200,1205.12,1213.54,1205.12,1213.54,983000000,983000000
1104330600,1212.72,1213.95,1210.95,1213.45,925900000,925900000
1104417000,1213.48,1216.47,1213.41,1213.55,829800000,829800000
1104503400,1213.55,1217.33,1211.65,1211.92,786900000,786900000
1104762600,1213.43,1217.9,1200.3,1202.08,1510800000,1510800000
1104849000,1202.08,1205.78,1185.39,1188.04,1721000000,1721000000
1104935400,1187.75,1192.75,1183.72,1183.74,1738900000,1738900000
1105021800,1184.41,1191.63,1183.23,1187.89,1569100000,1569100000
1105108200,1189.2,1192.2,1182.16,1186.19,1477900000,1477900000
1105367400,1186.19,1194.78,1185,1190.24,1490400000,1490400000
1105453800,1190.25,1190.25,1180.43,1182.99,1488800000,1488800000
1105540200,1182.99,1187.98,1175.64,1187.7,1562100000,1562100000
1105626600,1187.64,1187.64,1175.61,1177.45,1510300000,1510300000
1105713000,1177.45,1185.21,1177.45,1184.52,1335400000,1335400000
1106058600,1183.64,1195.98,1180.1,1195.98,1596800000,1596800000
1106145000,1195.51,1195.51,1184.37,1184.63,1498700000,1498700000
1106231400,1182.52,1182.52,1173.39,1175.41,1692000000,1692000000
1106317800,1175.82,1179.45,1167.82,1167.87,1643500000,1643500000
1106577000,1168.59,1173.17,1163.75,1163.75,1494600000,1494600000
1106663400,1166.61,1174.3,1166.61,1168.41,1610400000,1610400000
1106749800,1168.41,1175.99,1168.41,1174.07,1635900000,1635900000
1106836200,1173.55,1177.5,1170.15,1174.55,1600600000,1600600000
1106922600,1175.05,1175.63,1166.3,1171.36,1641800000,1641800000
1107181800,1174.73,1182.07,1174.73,1181.27,1679800000,1679800000
1107268200,1181.26,1190.39,1181.03,1189.41,1681980000,1681980000
1107354600,1189.78,1195.25,1188.92,1193.19,1561740000,1561740000
1107441000,1193.19,1193.19,1185.63,1189.89,1554460000,1554460000
1107527400,1189.83,1203.12,1189.67,1203.03,1648160000,1648160000
1107786600,1202.91,1204.09,1199.27,1201.72,1347270000,1347270000
1107873000,1201.33,1205.11,1200.24,1202.3,1416170000,1416170000
1107959400,1202.66,1203.81,1191.54,1191.99,1511040000,1511040000
1108045800,1192.64,1198.75,1191.54,1197.01,1491670000,1491670000
1108132200,1196.35,1208.38,1193.28,1205.3,1562300000,1562300000
1108391400,1206.14,1212.33,1205.52,1210.12,1290180000,1290180000
1108477800,1209.27,1212.44,1205.17,1210.34,1527080000,1527080000
1108564200,1209.96,1211.33,1200.74,1200.75,1490100000,1490100000
1108650600,1201.08,1202.92,1197.35,1201.59,1580120000,1580120000
1108737000,1201.08,1202.92,1197.35,1201.59,1551200000,1551200000
1109082600,1185.48,1193.52,1185.48,1190.8,1744940000,1744940000
1109169000,1190.5,1200.42,1187.84,1200.2,1501090000,1501090000
1109255400,1200.17,1212.05,1199.61,1211.37,1518750000,1518750000
1109341800,1200.17,1212.05,1199.61,1211.37,1523680000,1523680000
1109601000,1204.72,1212.19,1204.72,1210.41,1795480000,1795480000
1109687400,1209.21,1215.58,1204.22,1210.08,1708060000,1708060000
1109773800,1210.57,1215.72,1204.45,1210.47,1568540000,1568540000
1109860200,1210.47,1224.76,1210.47,1222.12,1616240000,1616240000
1109946600,1210.47,1224.76,1210.47,1222.12,1636820000,1636820000
1110205800,1224.84,1225.69,1218.57,1219.43,1488830000,1488830000
1110292200,1219.13,1219.36,1206.66,1207.01,1523090000,1523090000
1110378600,1207.48,1211.23,1201.46,1209.25,1704970000,1704970000
1110465000,1209.39,1213.04,1198.15,1200.08,1604020000,1604020000
1110551400,1209.39,1213.04,1198.15,1200.08,1449820000,1449820000
1110810600,1200.46,1206.83,1199.53,1206.83,1437430000,1437430000
1110897000,1208.29,1210.54,1197.75,1197.75,1513530000,1513530000
1110983400,1197.11,1197.11,1185.61,1188.07,1653190000,1653190000
1111069800,1188.09,1193.28,1186.44,1190.21,1581930000,1581930000
1111156200,1190.32,1191.98,1182.78,1189.65,2344370000,2344370000
1111415400,1189.52,1189.52,1178.82,1183.78,1819440000,1819440000
1111501800,1183.78,1189.5,1171.71,1171.71,2114470000,2114470000
1111588200,1171.71,1176.26,1168.7,1172.53,2246870000,2246870000
1111674600,1172.55,1180.11,1171.42,1171.42,1721720000,1721720000
1112020200,1172.42,1179.91,1172.42,1174.28,1746220000,1746220000
1112106600,1174.24,1179.39,1163.69,1165.36,2223250000,2223250000
1112193000,1166.06,1181.54,1166.06,1181.41,2097110000,2097110000
1112279400,1181.54,1184.53,1179.49,1180.59,2214230000,2214230000
1112365800,1181.44,1189.8,1169.91,1172.92,2168690000,2168690000
1112621400,1172.97,1178.61,1167.72,1176.12,2079770000,2079770000
1112707800,1176.52,1183.56,1176.52,1181.39,1870800000,1870800000
1112794200,1181.63,1189.23,1181.63,1184.07,1797400000,1797400000
1112880600,1184.23,1191.88,1183.83,1191.14,1900620000,1900620000
1112967000,1191.22,1191.75,1181.13,1181.2,1661330000,1661330000
1113226200,1181.35,1184.06,1178.69,1181.21,1525310000,1525310000
1113312600,1180.87,1190.17,1171.04,1187.76,1979830000,1979830000
1113399000,1187.2,1187.2,1171.4,1173.79,2049740000,2049740000
1113485400,1173.74,1174.67,1161.71,1162.05,2355040000,2355040000
1113571800,1160.12,1161.22,1141.92,1142.62,2689960000,2689960000
1113831000,1142.4,1148.84,1139.87,1145.98,2180670000,2180670000
1113917400,1147.07,1154.67,1147.07,1152.78,2142700000,2142700000
1114003800,1154.09,1155.5,1136.22,1137.5,2217050000,2217050000
1114090200,1139.3,1159.95,1139.3,1159.95,2308560000,2308560000
1114176600,1159.95,1159.95,1142.95,1152.12,2045880000,2045880000
1114435800,1153.46,1164.05,1153.46,1162.1,1795030000,1795030000
1114522200,1161.81,1164.8,1151.74,1151.74,1959740000,1959740000
1114608600,1151.04,1159.87,1144.49,1156.38,2151520000,2151520000
1114695000,1155.56,1155.56,1143.22,1143.22,2182270000,2182270000
1114781400,1148.73,1156.97,1139.2,1156.85,2362360000,2362360000
1115040600,1156.85,1162.87,1154.71,1162.16,1980040000,1980040000
1115127000,1161.7,1166.89,1156.71,1161.17,2167020000,2167020000
1115213400,1161.57,1176.01,1161.57,1175.65,2306480000,2306480000
1115299800,1175.48,1178.47,1166.86,1172.1,1997100000,1997100000
1115386200,1173.64,1177.73,1170.5,1171.35,1707200000,1707200000
1115645400,1171.24,1178.87,1169.38,1178.84,1857020000,1857020000
1115731800,1175.39,1175.39,1163.01,1166.22,1889660000,1889660000
1115818200,1166.22,1171.77,1158.48,1171.11,1834970000,1834970000
1115904600,1171.1,1173.2,1157.76,1159.36,1995290000,1995290000
1115991000,1160.07,1163.75,1146.18,1154.05,2188590000,2188590000
1116250200,1154.35,1165.75,1154.35,1165.69,1856860000,1856860000
1116336600,1164.73,1174.35,1159.96,1173.8,1887260000,1887260000
1116423000,1174.43,1187.9,1174.43,1185.56,2266320000,2266320000
1116509400,1185.72,1191.09,1184.6,1191.08,1775860000,1775860000
1116595800,1191.14,1191.22,1185.19,1189.28,1631750000,1631750000
1116855000,1189.28,1197.44,1188.76,1193.86,1681170000,1681170000
1116941400,1191.55,1195.29,1189.87,1194.07,1681000000,1681000000
1117027800,1192.42,1193.22,1185.96,1190.01,1742180000,1742180000
1117114200,1191.69,1198.95,1190.69,1197.62,1654110000,1654110000
1117200600,1197.62,1199.56,1195.28,1198.78,1381430000,1381430000
1117546200,1198.26,1198.32,1191.5,1191.5,1840680000,1840680000
1117632600,1191.07,1205.64,1191.03,1202.22,1810100000,1810100000
1117719000,1202.27,1204.65,1198.42,1204.29,1813790000,1813790000
1117805400,1204.29,1205.09,1194.55,1196.02,1627520000,1627520000
1118064600,1196.3,1198.78,1192.75,1197.51,1547120000,1547120000
1118151000,1198.37,1208.85,1197.26,1197.26,1851370000,1851370000
1118237400,1198.54,1201.97,1193.33,1194.67,1715490000,1715490000
1118323800,1194.04,1201.86,1191.09,1200.93,1824120000,1824120000
1118410200,1200.87,1202.79,1192.64,1198.11,1664180000,1664180000
1118669400,1197.64,1206.03,1194.51,1200.82,1661350000,1661350000
1118755800,1200.39,1207.53,1200.18,1203.91,1698150000,1698150000
1118842200,1204.93,1208.01,1198.66,1206.58,1840440000,1840440000
1118928600,1206.35,1212.1,1205.47,1210.96,1776040000,1776040000
1119015000,1213.19,1219.5,1213.19,1216.96,2407370000,2407370000
1119274200,1216.12,1219.1,1210.65,1216.1,1714530000,1714530000
1119360600,1215.93,1217.13,1211.86,1213.61,1720700000,1720700000
1119447000,1214.34,1219.59,1211.69,1213.88,1823250000,1823250000
1119533400,1214.19,1216.45,1200.72,1200.73,2029920000,2029920000
1119619800,1200.7,1200.9,1191.45,1191.57,2418800000,2418800000
1119879000,1191.33,1194.33,1188.3,1190.69,1738620000,1738620000
1119965400,1191.37,1202.54,1191.37,1201.57,1772410000,1772410000
1120051800,1202.64,1204.07,1198.7,1199.85,1769280000,1769280000
1120138200,1199.93,1203.27,1190.51,1191.33,2109490000,2109490000
1120224600,1191.33,1197.89,1191.33,1194.44,1593820000,1593820000
1120570200,1193.87,1206.34,1192.49,1204.99,1805820000,1805820000
1120656600,1204.83,1206.11,1194.78,1194.94,1883470000,1883470000
1120743000,1193.73,1198.46,1183.55,1197.87,1952440000,1952440000
1120829400,1197.88,1212.73,1197.2,1211.86,1900810000,1900810000
1121088600,1212.37,1220.03,1212.11,1219.44,1846300000,1846300000
1121175000,1219.44,1225.54,1216.6,1222.21,1932010000,1932010000
1121261400,1222.47,1224.46,1219.64,1223.29,1812500000,1812500000
1121347800,1224.14,1233.16,1224.14,1226.5,2048710000,2048710000
1121434200,1226.63,1229.53,1223.5,1227.92,1716400000,1716400000
1121693400,1226.72,1226.72,1221.13,1221.13,1582100000,1582100000
1121779800,1222.47,1230.34,1222.47,1229.35,2041280000,2041280000
1121866200,1227.36,1236.56,1222.91,1235.2,2063340000,2063340000
1121952600,1235.83,1235.83,1224.7,1227.04,2129840000,2129840000
1122039000,1227.2,1234.19,1226.26,1233.68,1766990000,1766990000
1122298200,1233.44,1238.36,1228.15,1229.03,1717580000,1717580000
1122384600,1229.38,1234.42,1229.28,1231.16,1934180000,1934180000
1122471000,1231.33,1237.64,1230.15,1236.79,1945800000,1945800000
1122557400,1236.96,1245.15,1235.81,1243.72,2001680000,2001680000
1122643800,1243.39,1244.87,1234.18,1234.18,1789600000,1789600000
1122903000,1234.86,1239.1,1233.8,1235.35,1716870000,1716870000
1122989400,1235.7,1244.69,1235.7,1244.12,2043120000,2043120000
1123075800,1244.12,1245.86,1240.57,1245.04,1999980000,1999980000
1123162200,1243.17,1243.8,1235.15,1235.86,1981220000,1981220000
1123248600,1235.05,1235.05,1225.64,1226.42,1930280000,1930280000
1123507800,1226.72,1232.28,1222.67,1223.13,1804140000,1804140000
1123594200,1223.42,1234.11,1223.42,1231.38,1897520000,1897520000
1123680600,1231.49,1242.69,1226.58,1229.13,2172320000,2172320000
1123767000,1229.07,1237.81,1228.33,1237.81,1941560000,1941560000
1123853400,1235.18,1235.18,1225.87,1230.39,1709300000,1709300000
1124112600,1229.78,1236.24,1226.2,1233.87,1562880000,1562880000
1124199000,1233.01,1233.43,1219.05,1219.34,1820410000,1820410000
1124285400,1219.44,1225.63,1218.07,1220.24,1859150000,1859150000
1124371800,1219.62,1222.64,1215.93,1219.02,1808170000,1808170000
1124458200,1219.52,1225.08,1219.52,1219.71,1558790000,1558790000
1124717400,1220.54,1228.96,1216.47,1221.73,1621330000,1621330000
1124803800,1221.77,1223.04,1214.44,1217.59,1678620000,1678620000
1124890200,1217.15,1224.15,1209.5,1209.59,1930800000,1930800000
1124976600,1209.59,1213.73,1209.57,1212.37,1571110000,1571110000
1125063000,1211.83,1211.83,1204.23,1205.1,1541090000,1541090000
1125322200,1202.81,1214.28,1201.53,1212.28,1599450000,1599450000
1125408600,1212.28,1212.28,1201.07,1208.41,1916470000,1916470000
1125495000,1208.33,1220.33,1204.67,1220.33,2365510000,2365510000
1125581400,1219.71,1227.29,1216.18,1221.59,2229860000,2229860000
1125667800,1221.92,1224.45,1217.75,1218.02,1640160000,1640160000
1126013400,1218.02,1233.61,1218.02,1233.39,1932090000,1932090000
1126099800,1233.02,1237.06,1230.93,1236.36,2067700000,2067700000
1126186200,1232.64,1243.13,1232.64,1241.48,1955380000,1955380000
1126272600,1232.64,1243.13,1231.67,1241.48,1992560000,1992560000
1126531800,1241.5,1242.5,1239.15,1240.56,1938050000,1938050000
1126618200,1240.19,1240.57,1231.2,1231.2,2082360000,2082360000
1126704600,1231.66,1234.74,1226.16,1227.16,1986750000,1986750000
1126791000,1228.66,1231.88,1224.85,1227.73,2079340000,2079340000
1126877400,1229.21,1237.95,1229.21,1237.91,3152470000,3152470000
1127136600,1237.01,1237.01,1227.69,1231.02,2076540000,2076540000
1127223000,1231.27,1236.49,1220.11,1221.34,2319250000,2319250000
1127309400,1221.52,1221.52,1209.89,1210.2,2548150000,2548150000
1127395800,1209.98,1216.53,1205.35,1214.62,2424720000,2424720000
1127482200,1213.35,1218.82,1209.8,1215.29,1973020000,1973020000
1127741400,1216.05,1222.56,1211.84,1215.63,2022220000,2022220000
1127827800,1215.92,1220.17,1211.2,1215.66,1976270000,1976270000
1127914200,1216.81,1220.97,1212.72,1216.89,2106980000,2106980000
1128000600,1216.71,1228.7,1211.54,1227.68,2176120000,2176120000
1128087000,1227.68,1229.56,1225.26,1228.81,2097520000,2097520000
1128346200,1228.81,1233.34,1225.15,1226.7,2097490000,2097490000
1128432600,1226.61,1229.88,1214.02,1214.47,2341420000,2341420000
1128519000,1214.47,1214.47,1196.25,1196.39,2546780000,2546780000
1128605400,1196.7,1202.14,1181.92,1191.49,2792030000,2792030000
1128691800,1192.23,1199.71,1191.46,1195.9,2126080000,2126080000
1128951000,1196.02,1196.52,1186.12,1187.33,2195990000,2195990000
1129037400,1187.9,1193.1,1183.16,1184.87,2299040000,2299040000
1129123800,1183.38,1190.02,1173.65,1177.68,2491280000,2491280000
1129210200,1176.34,1179.56,1168.42,1176.84,2351150000,2351150000
1129296600,1177.33,1187.13,1175.54,1186.57,2188940000,2188940000
1129555800,1189.98,1189.98,1178.13,1178.14,2054570000,2054570000
1129642200,1177.09,1195.76,1170.85,1195.76,2197010000,2197010000
1129728600,1195.76,1197.3,1173.3,1177.8,2703590000,2703590000
1129815000,1179.92,1186.46,1174.92,1179.59,2617250000,2617250000
1129901400,1179.92,1186.46,1174.92,1179.59,2470920000,2470920000
1130160600,1179.59,1199.39,1179.59,1199.38,2197790000,2197790000
1130247000,1198.55,1201.3,1189.29,1196.54,2312470000,2312470000
1130333400,1196.06,1204.01,1191.38,1191.38,2467750000,2467750000
1130419800,1191.1,1192.65,1178.89,1178.9,2395370000,2395370000
1130506200,1180.54,1198.41,1178.9,1198.41,2379400000,2379400000
1130769000,1198.41,1211.43,1198.41,1207.01,2567470000,2567470000
1130855400,1205.85,1207.34,1201.66,1202.76,2457850000,2457850000
1130941800,1201.79,1215.17,1201.07,1214.76,2648090000,2648090000
1131028200,1216.2,1224.7,1214.76,1219.94,2716630000,2716630000
1131114600,1220.29,1222.52,1214.45,1220.14,2050510000,2050510000
1131373800,1221,1224.18,1217.29,1222.81,1987580000,1987580000
1131460200,1221.72,1222.81,1216.08,1218.59,1965050000,1965050000
1131546600,1218.39,1226.59,1216.53,1220.65,2214460000,2214460000
1131633000,1220.75,1232.41,1215.05,1230.96,2378460000,2378460000
1131719400,1231.36,1235.7,1230.72,1234.72,1773140000,1773140000
1131978600,1234.59,1237.2,1231.78,1233.76,1899780000,1899780000
1132065000,1233.48,1237.94,1226.41,1229.01,2359370000,2359370000
1132151400,1229.36,1232.24,1227.18,1231.21,2121580000,2121580000
1132237800,1231.92,1242.96,1231.92,1242.8,2298040000,2298040000
1132324200,1249.35,1249.58,1240.71,1248.27,2453290000,2453290000
1132583400,1248.27,1255.89,1246.9,1254.85,2117350000,2117350000
1132669800,1254.06,1261.9,1251.4,1261.23,2291420000,2291420000
1132756200,1261.19,1270.64,1259.51,1265.61,1985400000,1985400000
1132929000,1265.88,1268.78,1265.54,1268.25,724940000,724940000
1133188200,1267.99,1268.44,1257.17,1257.46,2016900000,2016900000
1133274600,1258.02,1266.06,1257.48,1257.48,2268340000,2268340000
1133361000,1257.3,1260.93,1249.39,1249.48,2374690000,2374690000
1133447400,1249.48,1266.17,1249.48,1264.67,2614830000,2614830000
1133533800,1263.56,1266.85,1261.42,1265.08,2125580000,2125580000
1133793000,1263.34,1272.89,1262.83,1263.7,2325840000,2325840000
1133879400,1264.27,1264.85,1253.02,1257.37,2110740000,2110740000
1133965800,1264.27,1264.85,1253.02,1257.37,2093830000,2093830000
1134052200,1257.48,1263.36,1250.91,1255.84,2178300000,2178300000
1134138600,1256.12,1263.08,1254.24,1259.37,1896290000,1896290000
1134397800,1259.86,1263.86,1255.52,1260.43,1876550000,1876550000
1134484200,1259.99,1272.11,1258.56,1267.43,2390020000,2390020000
1134570600,1267.19,1275.8,1267.07,1272.74,2145520000,2145520000
1134657000,1273.14,1275.17,1267.74,1270.94,2180590000,2180590000
1134743400,1271.16,1275.24,1267.32,1267.32,2584190000,2584190000
1135002600,1267.21,1270.51,1259.36,1259.92,2208810000,2208810000
1135089000,1260.01,1263.86,1257.21,1259.62,1996690000,1996690000
1135175400,1260.51,1269.37,1259.62,1262.79,2065170000,2065170000
1135261800,1262.91,1268.19,1262.5,1268.12,1888500000,1888500000
1135348200,1268.38,1269.76,1265.92,1268.66,1285810000,1285810000
1135693800,1268.96,1271.83,1256.54,1256.54,1540470000,1540470000
1135780200,1257.13,1261.1,1256.54,1258.17,1422360000,1422360000
1135866600,1258.15,1260.61,1254.18,1254.42,1382540000,1382540000
1135953000,1254.42,1254.42,1246.59,1248.29,1443500000,1443500000
1136298600,1252.03,1270.22,1245.74,1268.8,2554570000,2554570000
1136385000,1268.96,1275.37,1267.74,1273.46,2515330000,2515330000
1136471400,1273.54,1276.91,1270.3,1273.48,2433340000,2433340000
1136557800,1274.61,1286.09,1274.61,1285.45,2446560000,2446560000
1136817000,1285.56,1290.78,1284.82,1290.15,2301490000,2301490000
1136903400,1288.93,1289.94,1283.76,1289.69,2373080000,2373080000
1136989800,1290.08,1294.9,1288.12,1294.18,2406130000,2406130000
1137076200,1286.07,1288.96,1282.78,1287.61,2318350000,2318350000
1137162600,1286.07,1288.96,1282.78,1287.61,2206510000,2206510000
1137508200,1278.91,1282.43,1272.08,1277.93,2179970000,2179970000
1137594600,1278.96,1287.79,1278.6,1285.04,2233200000,2233200000
1137681000,1284.52,1284.57,1260.92,1261.49,2444020000,2444020000
1137767400,1284.52,1285.04,1260.92,1261.49,2845810000,2845810000
1138026600,1261.98,1268.19,1261.7,1263.82,2256070000,2256070000
1138113000,1264.59,1271.47,1264.59,1266.86,2608720000,2608720000
1138199400,1267.81,1271.87,1259.45,1264.68,2617060000,2617060000
1138285800,1267.4,1276.44,1267.4,1273.83,2856780000,2856780000
1138372200,1275.4,1286.32,1275.18,1283.72,2623620000,2623620000
1138631400,1283.78,1287.94,1283.51,1285.2,2282730000,2282730000
1138717800,1284.97,1285.2,1276.85,1280.08,2708310000,2708310000
1138804200,1280.08,1283.33,1277.57,1282.46,2589410000,2589410000
1138890600,1281.82,1282.46,1267.72,1270.84,2565300000,2565300000
1138977000,1269.45,1270.87,1261.02,1264.03,2282210000,2282210000
1139236200,1264.21,1267.04,1261.62,1265.02,2132360000,2132360000
1139322600,1264.82,1265.78,1253.61,1254.78,2366370000,2366370000
1139409000,1257.23,1266.47,1254.78,1265.65,2456860000,2456860000
1139495400,1266.37,1274.56,1262.8,1263.78,2441920000,2441920000
1139581800,1263.86,1269.89,1254.98,1266.99,2290050000,2290050000
1139841000,1265.15,1266.99,1258.34,1262.86,1850080000,1850080000
1139927400,1263.12,1278.21,1260.8,1275.53,2437940000,2437940000
1140013800,1275.53,1281,1271.08,1280,2317590000,2317590000
1140100200,1280.42,1289.39,1280,1289.38,2251490000,2251490000
1140186600,1288.64,1289.47,1284.07,1287.24,2128260000,2128260000
1140532200,1287.14,1291.92,1281.33,1283.04,2104320000,2104320000
1140618600,1283.09,1294.17,1283.03,1292.67,2222380000,2222380000
1140705000,1292.52,1293.84,1285.14,1287.79,2144210000,2144210000
1140791400,1287.72,1292.11,1285.62,1289.43,1933010000,1933010000
1141050600,1289.79,1297.57,1288.43,1294.12,1975320000,1975320000
1141137000,1293.24,1294.12,1278.66,1280.66,2370860000,2370860000
1141223400,1281.65,1291.8,1280.66,1291.24,2308320000,2308320000
1141309800,1288.57,1291.24,1283.21,1289.14,2494590000,2494590000
1141396200,1287.28,1297.33,1284.2,1287.23,2152950000,2152950000
1141655400,1287.3,1288.23,1275.67,1278.26,2280190000,2280190000
1141741800,1277.22,1278.26,1271.11,1275.88,2268050000,2268050000
1141828200,1275.08,1280.33,1268.42,1278.47,2442870000,2442870000
1141914600,1278.93,1282.74,1272.23,1272.23,2140110000,2140110000
1142001000,1272.94,1284.37,1271.11,1281.58,2123450000,2123450000
1142260200,1284.97,1287.37,1281.58,1284.13,2070330000,2070330000
1142346600,1284.13,1298.14,1282.67,1297.48,2165270000,2165270000
1142433000,1297.71,1304.4,1294.97,1303.02,2293000000,2293000000
1142519400,1303.75,1310.45,1303.02,1305.33,2292180000,2292180000
1142605800,1308.01,1309.79,1305.32,1307.25,2549620000,2549620000
1142865000,1307.69,1310,1303.59,1305.08,1976830000,1976830000
1142951400,1305,1310.88,1295.82,1297.23,2147370000,2147370000
1143037800,1297.23,1305.97,1295.81,1305.04,2039810000,2039810000
1143124200,1305.04,1305.04,1298.11,1301.67,1980940000,1980940000
1143210600,1301.71,1306.53,1298.89,1302.95,2326070000,2326070000
1143469800,1302.94,1303.74,1299.09,1301.61,2029700000,2029700000
1143556200,1301.3,1306.24,1291.84,1293.23,2148580000,2148580000
1143642600,1293.23,1305.6,1293.23,1302.89,2143540000,2143540000
1143729000,1303,1310.15,1296.72,1300.25,2294560000,2294560000
1143815400,1300.6,1303,1294.82,1294.82,2236710000,2236710000
1144071000,1302.88,1309.19,1296.65,1297.81,2494080000,2494080000
1144157400,1297.84,1307.55,1294.71,1305.93,2147660000,2147660000
1144243800,1306.52,1312.81,1304.82,1311.56,2420020000,2420020000
1144330200,1308.91,1311.99,1302.44,1309.04,2281680000,2281680000
1144416600,1309.04,1314.07,1294.18,1295.5,2082470000,2082470000
1144675800,1295.61,1300.74,1293.17,1296.6,1898320000,1898320000
1144762200,1296.6,1300.71,1282.96,1286.57,2232880000,2232880000
1144848600,1286.89,1290.93,1286.45,1288.12,1938100000,1938100000
1144935000,1288.12,1292.09,1283.37,1289.12,1891940000,1891940000
1145280600,1285.33,1292.45,1280.74,1285.33,1794650000,1794650000
1145367000,1285.97,1309.02,1285.33,1307.65,2595440000,2595440000
1145453400,1307.93,1310.39,1302.79,1309.93,2447310000,2447310000
1145539800,1309.74,1318.16,1306.38,1311.46,2512920000,2512920000
1145626200,1313.58,1317.67,1306.59,1311.28,2392630000,2392630000
1145885400,1311.28,1311.28,1303.79,1308.11,2117330000,2117330000
1145971800,1308.43,1310.79,1299.17,1301.74,2366380000,2366380000
1146058200,1301.74,1310.97,1301.74,1305.41,2502690000,2502690000
1146144600,1304.56,1315,1295.57,1309.72,2772010000,2772010000
1146231000,1309.72,1316.04,1306.16,1310.61,2419920000,2419920000
1146490200,1311.1,1317.21,1303.46,1305.19,2437040000,2437040000
1146576600,1305.18,1313.66,1305.16,1313.21,2403470000,2403470000
1146663000,1313.34,1313.47,1303.92,1307.85,2395230000,2395230000
1146749400,1308.25,1315.14,1307.85,1312.25,2431450000,2431450000
1146835800,1313.92,1326.53,1312.25,1325.76,2294760000,2294760000
1147095000,1325.78,1326.7,1322.87,1324.66,2151300000,2151300000
1147181400,1324,1326.6,1322.48,1325.14,2157290000,2157290000
1147267800,1324.57,1325.51,1317.44,1322.85,2268550000,2268550000
1147354200,1322.63,1322.63,1303.45,1305.92,2531520000,2531520000
1147440600,1305.17,1305.17,1290.38,1291.24,2567970000,2567970000
1147699800,1290.56,1294.81,1284.51,1294.5,2505660000,2505660000
1147786200,1294.5,1297.88,1288.51,1292.08,2386210000,2386210000
1147872600,1290.16,1291.73,1267.31,1270.32,2830200000,2830200000
1147959000,1271.17,1274.89,1261.75,1261.81,2537490000,2537490000
1148045400,1261.86,1272.15,1256.28,1267.03,2982300000,2982300000
1148304600,1266.47,1268.77,1252.98,1262.07,2773010000,2773010000
1148391000,1263.52,1273.67,1256.15,1256.57,2605250000,2605250000
1148477400,1256.56,1264.53,1245.34,1258.57,2999030000,2999030000
1148563800,1260.55,1273.26,1258.41,1272.88,2372730000,2372730000
1148650200,1273.79,1280.54,1272.5,1280.16,1814020000,1814020000
1148995800,1279.24,1280.04,1259.84,1259.84,2176190000,2176190000
1149082200,1259.38,1270.09,1259.38,1270.09,2692160000,2692160000
1149168600,1270.22,1285.71,1269.19,1285.71,2360160000,2360160000
1149255000,1286.57,1290.68,1280.22,1288.22,2295540000,2295540000
1149514200,1287.24,1288.16,1264.66,1265.29,2313470000,2313470000
1149600600,1265.93,1269.88,1254.46,1263.85,2697650000,2697650000
1149687000,1263.98,1272.47,1255.77,1256.15,2644170000,2644170000
1149773400,1255.22,1259.85,1235.18,1257.93,3543790000,3543790000
1149859800,1258.18,1262.58,1250.03,1252.3,2214000000,2214000000
1150119000,1252.62,1255.22,1236.2,1236.4,2247010000,2247010000
1150205400,1223.69,1243.37,1222.52,1223.69,3215770000,3215770000
1150291800,1223.66,1231.46,1219.29,1230.04,2667990000,2667990000
1150378200,1230.76,1258.64,1230.01,1256.16,2775480000,2775480000
1150464600,1255.89,1256.27,1246.32,1251.54,2783390000,2783390000
1150723800,1252.51,1255.93,1237.17,1240.14,2517200000,2517200000
1150810200,1240.12,1249.01,1238.87,1240.12,2232950000,2232950000
1150896600,1240.41,1257.96,1240.09,1252.2,2361230000,2361230000
1150983000,1251.74,1251.92,1241.53,1245.6,2148180000,2148180000
1151069400,1245.17,1253.13,1241.43,1244.5,2017270000,2017270000
1151328600,1244.5,1250.92,1243.68,1250.56,1878580000,1878580000
1151415000,1250.78,1253.37,1238.94,1239.2,2203130000,2203130000
1151501400,1239.39,1247.06,1237.59,1246,2085490000,2085490000
1151587800,1245.93,1272.88,1245.93,1272.87,2621250000,2621250000
1151674200,1272.86,1276.3,1270.2,1270.2,3049560000,3049560000
1151933400,1270.93,1280.38,1270.06,1280.19,1114470000,1114470000
1152106200,1278.55,1280.05,1265.91,1270.91,2165070000,2165070000
1152192600,1270.81,1278.32,1270.58,1274.08,2009160000,2009160000
1152279000,1273.25,1275.38,1263.13,1265.48,1988150000,1988150000
1152538200,1266.28,1274.06,1264.46,1267.34,1854590000,1854590000
1152624600,1266.67,1273.64,1259.65,1272.52,2310850000,2310850000
1152711000,1272.39,1273.31,1257.29,1258.6,2250450000,2250450000
1152797400,1257.15,1257.15,1241.43,1242.29,2545760000,2545760000
1152883800,1242.25,1242.69,1228.44,1236.19,2467120000,2467120000
1153143000,1236.23,1240.07,1231.49,1234.49,2146410000,2146410000
1153229400,1234.82,1239.86,1224.54,1236.86,2481750000,2481750000
1153315800,1236.74,1261.81,1236.74,1259.81,2701980000,2701980000
1153402200,1260.21,1262.56,1249.13,1249.13,2345580000,2345580000
1153488600,1249.12,1250.96,1238.72,1240.29,2704090000,2704090000
1153747800,1241.1,1262.5,1240.25,1260.91,2312720000,2312720000
1153834200,1261.1,1272.39,1257.19,1268.88,2563930000,2563930000
1153920600,1268.19,1273.89,1261.94,1268.4,2667710000,2667710000
1154007000,1269.67,1275.85,1261.92,1263.2,2776710000,2776710000
1154093400,1264.8,1280.42,1263.15,1278.55,2480420000,2480420000
1154352600,1277.49,1278.66,1274.31,1276.66,2461300000,2461300000
1154439000,1275.76,1278.66,1265.71,1270.92,2527690000,2527690000
1154525400,1270.73,1283.42,1270.73,1278.55,2610750000,2610750000
1154611800,1278.22,1283.96,1271.25,1280.27,2728440000,2728440000
1154698200,1286.73,1292.92,1273.82,1279.36,2530970000,2530970000
1154957400,1279.31,1279.31,1273,1275.77,2045660000,2045660000
1155043800,1275.67,1282.75,1268.37,1271.48,2457840000,2457840000
1155130200,1273.52,1283.74,1264.73,1265.95,2555180000,2555180000
1155216600,1265.17,1272.55,1261.3,1271.81,2402190000,2402190000
1155303000,1271.35,1271.64,1262.08,1266.74,2004540000,2004540000
1155562200,1267.6,1278.9,1266.67,1268.21,2118020000,2118020000
1155648600,1271.52,1286.23,1271.52,1285.58,2334100000,2334100000
1155735000,1285.93,1296.21,1285.27,1295.43,2554570000,2554570000
1155821400,1294.99,1300.78,1292.71,1297.48,2458340000,2458340000
1155907800,1297.48,1302.3,1293.56,1302.3,2033910000,2033910000
1156167000,1301.09,1302.3,1295.51,1297.52,1759240000,1759240000
1156253400,1297.52,1302.49,1294.44,1298.82,1908740000,1908740000
1156339800,1299.06,1301.5,1289.49,1292.99,1893670000,1893670000
1156426200,1293.88,1297.23,1291.4,1296.06,1930320000,1930320000
1156512600,1295.23,1298.88,1292.39,1295.09,1667580000,1667580000
1156771800,1295.25,1305.02,1293.97,1301.78,1834920000,1834920000
1156858200,1301.68,1305.02,1295.29,1304.28,2093720000,2093720000
1156944600,1303.69,1306.74,1302.15,1304.27,2060690000,2060690000
1157031000,1304.35,1306.11,1302.45,1303.82,1974540000,1974540000
1157117400,1303.8,1312.03,1303.8,1311.01,1800520000,1800520000
1157463000,1310.94,1314.67,1308.82,1313.25,2114480000,2114480000
1157549400,1310.79,1313.04,1299.28,1300.26,2329870000,2329870000
1157635800,1299.97,1301.25,1292.13,1294.02,2325850000,2325850000
1157722200,1294.02,1300.14,1294.02,1298.92,2132890000,2132890000
1157981400,1298.86,1302.36,1290.93,1299.54,2506430000,2506430000
1158067800,1299.53,1314.28,1299.53,1313.11,2791580000,2791580000
1158154200,1312.33,1319.92,1311.12,1318.07,2597220000,2597220000
1158240600,1318,1318,1313.25,1316.28,2351220000,2351220000
1158327000,1317.48,1324.65,1316.28,1319.87,3198030000,3198030000
1158586200,1319.63,1324.87,1318.16,1321.18,2325080000,2325080000
1158672600,1321.17,1322.04,1312.17,1318.31,2390850000,2390850000
1158759000,1318.28,1328.53,1318.28,1325.18,2543070000,2543070000
1158845400,1324.89,1328.19,1315.45,1318.03,2627440000,2627440000
1158931800,1317.74,1318.03,1310.94,1314.78,2162880000,2162880000
1159191000,1314.78,1329.35,1311.58,1326.37,2710240000,2710240000
1159277400,1326.22,1336.6,1325.3,1336.34,2673350000,2673350000
1159363800,1335.37,1340.08,1333.54,1336.59,2749190000,2749190000
1159450200,1336.56,1340.28,1333.75,1339.15,2397820000,2397820000
1159536600,1338.86,1339.88,1335.64,1335.85,2273430000,2273430000
1159795800,1335.56,1338.54,1330.28,1330.28,2154480000,2154480000
1159882200,1331.17,1338.31,1327.1,1334.11,2682690000,2682690000
1159968600,1333.81,1350.22,1331.48,1350.22,3019880000,3019880000
1160055000,1349.56,1353.79,1347.75,1353.22,2817240000,2817240000
1160141400,1352.42,1353.22,1344.21,1349.58,2523000000,2523000000
1160400600,1349.58,1352.69,1346.55,1350.66,1935170000,1935170000
1160487000,1350.64,1354.23,1348.6,1353.42,2376140000,2376140000
1160573400,1353.28,1353.97,1343.57,1349.95,2521000000,2521000000
1160659800,1350.79,1363.76,1349.94,1362.83,2514350000,2514350000
1160746200,1362.52,1366.63,1360.5,1365.62,2482920000,2482920000
1161005400,1365.57,1370.2,1364.48,1369.05,2305920000,2305920000
1161091800,1367.71,1369.05,1356.87,1364.05,2519620000,2519620000
1161178200,1364.74,1372.87,1360.95,1365.96,2658840000,2658840000
1161264600,1365.43,1368.09,1362.06,1366.96,2619830000,2619830000
1161351000,1368.07,1368.66,1362.1,1368.6,2526410000,2526410000
1161610200,1368.58,1377.4,1363.94,1377.02,2480430000,2480430000
1161696600,1377.02,1377.78,1372.42,1377.38,2876890000,2876890000
1161783000,1377.78,1383.61,1376,1382.22,2953540000,2953540000
1161869400,1382.65,1389.45,1379.47,1389.08,2793350000,2793350000
1161955800,1388.62,1388.89,1375.85,1377.34,2458450000,2458450000
1162218600,1376.74,1381.22,1373.46,1377.93,2770440000,2770440000
1162305000,1378.23,1381.21,1372.19,1377.94,2803030000,2803030000
1162391400,1377.76,1381.95,1366.26,1367.81,2821160000,2821160000
1162477800,1366.41,1368.39,1362.21,1367.34,2646180000,2646180000
1162564200,1367.31,1371.68,1360.98,1364.3,2419730000,2419730000
1162823400,1364.36,1381.4,1364.27,1379.78,2533550000,2533550000
1162909800,1379.89,1388.19,1379.19,1382.84,2636390000,2636390000
1162996200,1381.03,1388.61,1376.29,1385.72,2814820000,2814820000
1163082600,1385.57,1388.92,1377.31,1378.33,3012050000,3012050000
1163169000,1378.35,1381.04,1375.6,1380.9,2290200000,2290200000
1163428200,1380.6,1387.61,1378.8,1384.42,2386340000,2386340000
1163514600,1384.36,1394.49,1379.07,1393.22,3027480000,3027480000
1163601000,1392.74,1401.35,1392.13,1396.57,2831130000,2831130000
1163687400,1396.53,1403.76,1396.53,1399.76,2835730000,2835730000
1163773800,1399.76,1401.21,1394.55,1401.2,2726100000,2726100000
1164033000,1400.63,1404.37,1397.85,1400.5,2546710000,2546710000
1164119400,1400.43,1403.49,1399.99,1402.81,2597940000,2597940000
1164205800,1403.68,1407.89,1402.26,1406.09,2237710000,2237710000
1164378600,1405.94,1405.94,1399.25,1400.95,832550000,832550000
1164637800,1400.18,1400.95,1381.44,1381.9,2711210000,2711210000
1164724200,1381.61,1387.91,1377.83,1386.72,2639750000,2639750000
1164810600,1386.94,1401.14,1386.11,1399.48,2790970000,2790970000
1164897000,1399.18,1406.3,1393.83,1400.63,4006230000,4006230000
1164983400,1400.63,1402.46,1385.93,1396.71,2800980000,2800980000
1165242600,1396.67,1411.23,1396.67,1409.12,2766320000,2766320000
1165329000,1409.17,1415.27,1408.78,1414.76,2755700000,2755700000
1165415400,1414.23,1415.93,1411.05,1412.9,2725280000,2725280000
1165501800,1413.27,1418.27,1406.8,1407.29,2743150000,2743150000
1165588200,1406.96,1414.09,1403.67,1409.84,2440460000,2440460000
1165847400,1409.81,1415.6,1408.56,1413.04,2289900000,2289900000
1165933800,1413,1413.78,1404.75,1411.56,2738170000,2738170000
1166020200,1411.32,1416.64,1411.05,1413.21,2552260000,2552260000
1166106600,1413.16,1427.23,1413.16,1425.49,2729700000,2729700000
1166193000,1426.13,1431.63,1425.48,1427.09,3229580000,3229580000
1166452200,1427.08,1431.81,1420.65,1422.48,2568140000,2568140000
1166538600,1421.2,1428.3,1414.88,1425.55,2717060000,2717060000
1166625000,1425.66,1429.05,1423.51,1423.53,2387630000,2387630000
1166711400,1423.2,1426.4,1415.9,1418.3,2322410000,2322410000
1166797800,1418.1,1418.82,1410.28,1410.76,1647590000,1647590000
1167143400,1410.75,1417.91,1410.45,1416.9,1310310000,1310310000
1167229800,1416.63,1427.72,1416.63,1426.84,1667370000,1667370000
1167316200,1426.77,1427.26,1422.05,1424.73,1508570000,1508570000
1167402600,1424.3,1427,1416.72,1418.3,1678200000,1678200000
1167834600,1418.03,1429.42,1407.86,1416.6,3429160000,3429160000
1167921000,1416.95,1421.84,1408.22,1418.34,3004460000,3004460000
1168007400,1418.34,1418.34,1405.75,1409.71,2919400000,2919400000
1168266600,1409.22,1414.98,1403.97,1412.84,2763340000,2763340000
1168353000,1412.85,1415.61,1405.42,1412.11,3038380000,3038380000
1168439400,1410.85,1415.99,1404.33,1414.85,2764660000,2764660000
1168525800,1415.71,1427.12,1415.66,1423.82,2857870000,2857870000
1168612200,1423.66,1431.23,1422.58,1430.73,2686480000,2686480000
1168957800,1430.73,1433.93,1428.62,1431.9,2599530000,2599530000
1169044200,1430.44,1435.27,1428.57,1430.62,2690270000,2690270000
1169130600,1430.59,1433.3,1424.21,1426.37,2822430000,2822430000
1169217000,1426.35,1431.57,1425.19,1430.5,2777480000,2777480000
1169476200,1430.47,1431.39,1420.4,1422.95,2540120000,2540120000
1169562600,1422.78,1431.33,1421.66,1427.99,2975070000,2975070000
1169649000,1427.96,1440.14,1427.96,1440.13,2783180000,2783180000
1169735400,1440.31,1440.69,1422.34,1423.9,2994330000,2994330000
1169821800,1423.9,1427.27,1416.96,1422.18,2626620000,2626620000
1170081000,1422.03,1426.94,1418.46,1420.62,2730480000,2730480000
1170167400,1420.61,1428.82,1420.61,1428.82,2706250000,2706250000
1170253800,1428.65,1441.61,1424.78,1438.24,2976690000,2976690000
1170340200,1437.9,1446.64,1437.9,1445.94,2914890000,2914890000
1170426600,1446.72,1449.33,1444.49,1448.39,2569450000,2569450000
1170685800,1448.28,1449.38,1443.85,1446.99,2439430000,2439430000
1170772200,1446.98,1450.19,1443.4,1448,2608710000,2608710000
1170858600,1447.41,1452.99,1446.44,1450.02,2618820000,2618820000
1170945000,1449.99,1450.45,1442.81,1448.31,2816180000,2816180000
1171031400,1448.25,1452.45,1433.44,1438.06,2951810000,2951810000
1171290600,1437.94,1439.11,1431.44,1433.37,2395680000,2395680000
1171377000,1433.22,1444.41,1433.22,1444.26,2652150000,2652150000
1171463400,1443.91,1457.65,1443.91,1455.3,2699290000,2699290000
1171549800,1455.45,1457.97,1453.19,1456.81,2490920000,2490920000
1171636200,1456.62,1456.77,1451.57,1455.54,2399450000,2399450000
1171981800,1455.53,1460.53,1449.2,1459.68,2337860000,2337860000
1172068200,1459.6,1459.6,1452.02,1457.63,2606980000,2606980000
1172154600,1457.29,1461.57,1450.51,1456.38,1950770000,1950770000
1172241000,1456.22,1456.22,1448.36,1451.19,2579950000,2579950000
1172500200,1451.04,1456.95,1445.48,1449.37,2822170000,2822170000
1172586600,1449.25,1449.25,1389.42,1399.04,4065230000,4065230000
1172673000,1399.01,1415.89,1396.65,1406.82,3925250000,3925250000
1172759400,1406.8,1409.46,1380.87,1403.17,3874910000,3874910000
1172845800,1401.67,1403.4,1386.87,1387.17,3312260000,3312260000
1173105000,1387.11,1391.86,1373.97,1374.12,3480520000,3480520000
1173191400,1374.06,1397.9,1374.06,1395.41,3358160000,3358160000
1173277800,1394.98,1401.16,1390.64,1391.97,3141350000,3141350000
1173364200,1391.88,1407.93,1391.88,1401.89,3014850000,3014850000
1173450600,1403.49,1410.15,1397.3,1402.85,2623050000,2623050000
1173706200,1402.58,1409.34,1398.4,1406.6,2664000000,2664000000
1173792600,1406.23,1406.23,1377.71,1377.95,3485570000,3485570000
1173879000,1377.89,1388.09,1363.98,1387.17,3758350000,3758350000
1173965400,1386.92,1395.73,1385.16,1392.28,2821900000,2821900000
1174051800,1392.24,1397.51,1383.63,1386.95,3393640000,3393640000
1174311000,1387.78,1403.2,1386.95,1402.06,2777180000,2777180000
1174397400,1402.08,1411.53,1400.7,1410.94,2795940000,2795940000
1174483800,1411.87,1437.77,1409.75,1435.04,3184770000,3184770000
1174570200,1435.04,1437.66,1429.88,1434.54,3129970000,3129970000
1174656600,1434.19,1438.89,1433.21,1436.11,2619020000,2619020000
1174915800,1436.11,1437.65,1423.28,1437.5,2754660000,2754660000
1175002200,1437.49,1437.49,1425.54,1429.61,2673040000,2673040000
1175088600,1428.35,1428.35,1414.07,1417.23,3000440000,3000440000
1175175000,1417.17,1426.24,1413.27,1422.53,2854710000,2854710000
1175261400,1422.45,1429.22,1408.9,1420.86,2903960000,2903960000
1175520600,1420.83,1425.49,1416.37,1424.55,2875880000,2875880000
1175607000,1424.27,1440.57,1424.27,1437.77,2921760000,2921760000
1175693400,1438.02,1440.16,1435.08,1439.37,2616320000,2616320000
1175779800,1438.65,1444.88,1436.67,1443.76,2357230000,2357230000
1176125400,1443.76,1448.1,1443.28,1444.61,2349410000,2349410000
1176211800,1444.58,1448.73,1443.99,1448.39,2510110000,2510110000
1176298200,1448.23,1448.39,1436.15,1438.87,2950190000,2950190000
1176384600,1438.87,1448.02,1433.91,1447.8,2770570000,2770570000
1176471000,1447.8,1453.11,1444.15,1452.85,2690020000,2690020000
1176730200,1453.75,1468.62,1452.84,1468.47,2870140000,2870140000
1176816600,1468.51,1474.35,1467.15,1471.48,2920570000,2920570000
1176903000,1469.53,1476.57,1466.41,1472.5,2971330000,2971330000
1176989400,1470.49,1474.23,1464.47,1470.73,2913610000,2913610000
1177075800,1470.69,1484.74,1470.69,1484.35,3329940000,3329940000
1177335000,1484.24,1487.32,1480.19,1480.93,2575020000,2575020000
1177421400,1480.93,1483.82,1473.74,1480.41,3119750000,3119750000
1177507800,1480.75,1496.59,1480.28,1495.42,3252590000,3252590000
1177594200,1495.77,1498.02,1491.17,1494.25,3211800000,3211800000
1177680600,1494.28,1497.32,1488.67,1494.07,2732810000,2732810000
1177939800,1494.07,1497.16,1482.29,1482.37,3093420000,3093420000
1178026200,1483,1487.27,1476.7,1486.3,3400350000,3400350000
1178112600,1486.45,1499.1,1486.13,1495.92,3189800000,3189800000
1178199000,1496.02,1503.34,1495.56,1502.39,3007970000,3007970000
1178285400,1503.46,1510.34,1501.8,1505.62,2761930000,2761930000
1178544600,1505.54,1511,1505.54,1509.48,2545090000,2545090000
1178631000,1509.36,1509.36,1500.66,1507.72,2795720000,2795720000
1178717400,1505.78,1513.8,1503.77,1512.58,2935550000,2935550000
1178803800,1511.76,1511.76,1491.42,1491.47,3031240000,3031240000
1178890200,1491.47,1506.24,1491.47,1505.85,2720780000,2720780000
1179149400,1505.76,1510.9,1498.34,1503.15,2776130000,2776130000
1179235800,1502.71,1514.83,1500.43,1501.19,3071020000,3071020000
1179322200,1500.75,1514.15,1500.75,1514.14,2915350000,2915350000
1179408600,1514.01,1517.14,1509.29,1512.75,2868640000,2868640000
1179495000,1513.8,1522.75,1512.74,1522.75,2959050000,2959050000
1179754200,1522.71,1529.87,1522.71,1525.1,3465360000,3465360000
1179840600,1525.1,1529.24,1522.05,1524.12,2860500000,2860500000
1179927000,1524.09,1532.43,1521.9,1522.28,3084260000,3084260000
1180013400,1522.1,1529.31,1505.18,1507.51,3365530000,3365530000
1180099800,1507.5,1517.41,1507.5,1515.73,2316250000,2316250000
1180445400,1515.55,1521.8,1512.02,1518.11,2571790000,2571790000
1180531800,1517.6,1530.23,1510.06,1530.23,2980210000,2980210000
1180618200,1530.9,1535.56,1528.26,1530.62,3335530000,3335530000
1180704600,1532.99,1540.56,1532.24,1536.34,2927020000,2927020000
1180963800,1535.36,1540.53,1532.31,1539.18,2738930000,2738930000
1181050200,1538.4,1539.12,1525.62,1530.95,2939450000,2939450000
1181136600,1530.57,1530.57,1514.13,1517.38,2964190000,2964190000
1181223000,1516.04,1517.36,1490.37,1490.72,3538470000,3538470000
1181309400,1490.74,1507.76,1487.41,1507.67,2993460000,2993460000
1181568600,1506.96,1515.53,1503.35,1509.12,2525280000,2525280000
1181655000,1509.12,1511.33,1492.97,1493,3056200000,3056200000
1181741400,1493.5,1515.7,1492.65,1515.67,3077930000,3077930000
1181827800,1515.65,1526.45,1515.58,1522.97,2813630000,2813630000
1181914200,1525.46,1538.71,1525.46,1532.91,3406030000,3406030000
1182173400,1533.28,1535.44,1529.31,1531.05,2480240000,2480240000
1182259800,1531.02,1535.85,1525.67,1533.7,2873590000,2873590000
1182346200,1534.19,1537.32,1512.36,1512.84,3286900000,3286900000
1182432600,1512.47,1522.9,1504.75,1522.19,3161110000,3161110000
1182519000,1522.19,1522.19,1500.74,1502.56,4284320000,4284320000
1182778200,1502.68,1514.29,1492.68,1497.74,3287250000,3287250000
1182864600,1497.68,1506.12,1490.54,1492.89,3398530000,3398530000
1182951000,1491.46,1506.8,1484.18,1506.34,3398150000,3398150000
1183037400,1506.22,1514.84,1503.41,1505.71,3006710000,3006710000
1183123800,1505.7,1517.53,1493.61,1503.35,3165410000,3165410000
1183383000,1506.14,1519.45,1504.66,1519.43,2648990000,2648990000
1183469400,1519.12,1526.01,1519.12,1524.87,1560790000,1560790000
1183642200,1524.86,1526.57,1517.72,1525.4,2622950000,2622950000
1183728600,1524.77,1532.4,1520.47,1530.44,2441520000,2441520000
1183987800,1530.48,1534.21,1527.53,1531.85,2715330000,2715330000
1184074200,1530.59,1531.85,1510.06,1510.12,3244280000,3244280000
1184160600,1509.93,1519.27,1506.64,1518.76,3082920000,3082920000
1184247000,1520.28,1547.91,1518.74,1547.7,3489600000,3489600000
1184333400,1546.61,1555.1,1544.85,1552.5,2801120000,2801120000
1184592600,1552.5,1555.9,1546.69,1549.52,2704110000,2704110000
1184679000,1549.52,1555.22,1547.91,1549.37,3007140000,3007140000
1184765400,1549.2,1549.2,1533.68,1546.17,3609220000,3609220000
1184851800,1546.97,1555.24,1546.13,1553.08,3251450000,3251450000
1184938200,1553.19,1553.19,1529.47,1534.1,3745780000,3745780000
1185197400,1541.25,1547.02,1534.06,1541.57,3102700000,3102700000
1185283800,1541.57,1541.57,1508.74,1511.04,4115830000,4115830000
1185370200,1511.03,1524.31,1503.73,1518.09,4283200000,4283200000
1185456600,1515.95,1518.09,1465.95,1482.66,4472550000,4472550000
1185543000,1482.82,1488.37,1458.95,1458.95,4784650000,4784650000
1185802200,1458.93,1477.69,1454.24,1473.91,4128780000,4128780000
1185888600,1476.03,1488.4,1454.22,1455.27,4524520000,4524520000
1185975000,1454.4,1467.8,1439.64,1465.81,5256780000,5256780000
1186061400,1465.46,1476.13,1460.73,1472.2,4368850000,4368850000
1186147800,1471.96,1473.23,1432.8,1433.06,4272110000,4272110000
1186407000,1433.04,1467.67,1427.36,1467.67,5067200000,5067200000
1186493400,1467.62,1488.42,1456.9,1476.71,4909390000,4909390000
1186579800,1476.22,1503.41,1476.22,1497.49,5499560000,5499560000
1186666200,1497.21,1497.21,1453.09,1453.09,5889600000,5889600000
1186752600,1450.05,1462.02,1429.74,1453.64,5345780000,5345780000
1187011800,1455.41,1466.29,1451.54,1452.92,3696280000,3696280000
1187098200,1452.87,1456.74,1426.2,1426.54,3814630000,3814630000
1187184600,1425.65,1440.78,1404.36,1406.7,4290930000,4290930000
1187271000,1406.64,1415.97,1370.6,1411.27,6509300000,6509300000
1187357400,1415.51,1450.33,1411.26,1445.94,3570040000,3570040000
1187616600,1445.94,1451.75,1430.54,1445.55,3321340000,3321340000
1187703000,1444.55,1455.32,1439.76,1447.12,3012150000,3012150000
1187789400,1447.03,1464.86,1447.03,1464.07,3309120000,3309120000
1187875800,1465.07,1472.06,1453.88,1462.5,3084390000,3084390000
1187962200,1462.34,1479.4,1460.54,1479.37,2541400000,2541400000
1188221400,1478.52,1479.36,1465.98,1466.79,2406180000,2406180000
1188307800,1464.89,1466.72,1432.01,1432.36,3078090000,3078090000
1188394200,1433.61,1463.76,1432.01,1463.76,2824070000,2824070000
1188480600,1463.67,1468.43,1451.25,1457.64,2582960000,2582960000
1188567000,1457.61,1481.47,1457.61,1473.99,2731610000,2731610000
1188912600,1473.96,1496.4,1472.15,1489.42,2766600000,2766600000
1188999000,1488.76,1488.76,1466.34,1472.29,2991600000,2991600000
1189085400,1472.03,1481.49,1467.41,1478.55,2459590000,2459590000
1189171800,1475.02,1475.02,1449.07,1453.55,3191080000,3191080000
1189431000,1455.38,1462.25,1439.29,1451.7,2835720000,2835720000
1189517400,1452.95,1472.48,1451.69,1471.49,3015330000,3015330000
1189603800,1471.1,1479.5,1465.75,1471.56,2885720000,2885720000
1189690200,1471.47,1489.58,1471.47,1483.95,2877080000,2877080000
1189776600,1482.4,1485.99,1473.18,1484.25,2641740000,2641740000
1190035800,1483.19,1484.24,1471.82,1476.65,2598390000,2598390000
1190122200,1477.67,1519.89,1476.63,1519.78,3708940000,3708940000
1190208600,1519.75,1538.74,1519.75,1529.03,3846750000,3846750000
1190295000,1528.69,1529.14,1516.42,1518.75,2957700000,2957700000
1190381400,1520.11,1530.89,1518.75,1525.75,3679460000,3679460000
1190640600,1526.21,1530.18,1516.15,1517.73,3131310000,3131310000
1190727000,1516.34,1518.27,1507.13,1517.21,3187770000,3187770000
1190813400,1518.62,1529.39,1518.62,1525.42,3237390000,3237390000
1190899800,1527.32,1532.46,1525.81,1531.38,2872180000,2872180000
1190986200,1531.24,1533.74,1521.99,1526.75,2925350000,2925350000
1191245400,1527.29,1549.02,1527.25,1547.04,3281990000,3281990000
1191331800,1546.96,1548.01,1540.37,1546.63,3101910000,3101910000
1191418200,1545.8,1545.84,1536.34,1539.59,3065320000,3065320000
1191504600,1539.91,1544.02,1537.63,1542.84,2690430000,2690430000
1191591000,1539.6,1561.91,1539.6,1557.59,2919030000,2919030000
1191850200,1553.71,1556.51,1549,1552.58,2040650000,2040650000
1191936600,1553.18,1565.27,1551.81,1565.15,2932040000,2932040000
1192023000,1564.98,1565.36,1555.46,1562.47,3044760000,3044760000
1192109400,1564.72,1576.09,1546.72,1554.41,3911260000,3911260000
1192195800,1555.41,1563.03,1554.09,1561.8,2788690000,2788690000
1192455000,1562.25,1564.74,1540.81,1548.71,3139290000,3139290000
1192541400,1547.81,1547.81,1536.29,1538.53,3234560000,3234560000
1192627800,1544.44,1550.66,1526.01,1541.24,3638070000,3638070000
1192714200,1539.29,1542.79,1531.76,1540.08,3203210000,3203210000
1192800600,1540,1540,1500.26,1500.63,4160970000,4160970000
1193059800,1497.79,1508.06,1490.4,1506.33,3471830000,3471830000
1193146200,1509.3,1520.01,1503.61,1519.59,3309120000,3309120000
1193232600,1516.61,1517.23,1489.56,1515.88,4003300000,4003300000
1193319000,1516.15,1523.24,1500.46,1514.4,4183960000,4183960000
1193405400,1522.17,1535.53,1520.18,1535.28,3612120000,3612120000
1193664600,1536.92,1544.67,1536.43,1540.98,3124480000,3124480000
1193751000,1539.42,1539.42,1529.55,1531.02,3212520000,3212520000
1193837400,1532.15,1552.76,1529.4,1549.38,3953070000,3953070000
1193923800,1545.79,1545.79,1506.66,1508.44,4241470000,4241470000
1194010200,1511.07,1513.15,1492.53,1509.65,4285990000,4285990000
1194273000,1505.61,1510.84,1489.95,1502.17,3819330000,3819330000
1194359400,1505.33,1520.77,1499.07,1520.27,3879160000,3879160000
1194445800,1515.46,1515.46,1475.04,1475.62,4353160000,4353160000
1194532200,1475.27,1482.5,1450.31,1474.77,5439720000,5439720000
1194618600,1467.59,1474.09,1448.51,1453.7,4587050000,4587050000
1194877800,1453.66,1464.94,1438.53,1439.18,4192520000,4192520000
1194964200,1441.35,1481.37,1441.35,1481.05,4141310000,4141310000
1195050600,1483.4,1492.14,1466.47,1470.58,4031470000,4031470000
1195137000,1468.04,1472.67,1443.49,1451.15,3941010000,3941010000
1195223400,1453.09,1462.18,1443.99,1458.74,4168870000,4168870000
1195482600,1456.7,1456.7,1430.42,1433.27,4119650000,4119650000
1195569000,1434.51,1452.64,1419.28,1439.7,4875150000,4875150000
1195655400,1434.71,1436.4,1415.64,1416.77,4076230000,4076230000
1195828200,1417.62,1440.86,1417.62,1440.7,1612720000,1612720000
1196087400,1440.74,1446.09,1406.1,1407.22,3706470000,3706470000
1196173800,1409.59,1429.49,1407.43,1428.23,4320720000,4320720000
1196260200,1432.95,1471.62,1432.95,1469.02,4508020000,4508020000
1196346600,1467.41,1473.81,1458.36,1469.72,3524730000,3524730000
1196433000,1471.83,1488.74,1469.72,1481.14,4422200000,4422200000
1196692200,1479.63,1481.16,1470.08,1472.42,3323250000,3323250000
1196778600,1471.34,1471.34,1460.66,1462.79,3343620000,3343620000
1196865000,1465.22,1485.85,1462.06,1485.01,3663660000,3663660000
1196951400,1484.59,1508.02,1482.19,1507.34,3568570000,3568570000
1197037800,1508.6,1510.63,1502.66,1504.66,3177710000,3177710000
1197297000,1505.11,1518.27,1504.96,1515.96,2911760000,2911760000
1197383400,1516.68,1523.57,1475.99,1477.65,4080180000,4080180000
1197469800,1487.58,1511.96,1468.23,1486.59,4482120000,4482120000
1197556200,1483.27,1489.4,1469.21,1488.41,3635170000,3635170000
1197642600,1486.19,1486.67,1467.78,1467.95,3401050000,3401050000
1197901800,1465.05,1467.92,1445.46,1445.9,3569030000,3569030000
1197988200,1445.92,1460.16,1435.65,1454.98,3723690000,3723690000
1198074600,1454.7,1464.4,1445.49,1453,3401300000,3401300000
1198161000,1456.42,1461.53,1447.22,1460.12,3526890000,3526890000
1198247400,1463.19,1485.4,1463.19,1484.46,4508590000,4508590000
1198506600,1484.55,1497.63,1484.55,1496.45,1267420000,1267420000
1198679400,1495.12,1498.85,1488.2,1497.66,2010500000,2010500000
1198765800,1495.05,1495.05,1475.86,1476.37,2365770000,2365770000
1198852200,1479.83,1488.01,1471.7,1478.49,2420510000,2420510000
1199111400,1475.25,1475.83,1465.13,1468.36,2440880000,2440880000
1199284200,1467.97,1471.77,1442.07,1447.16,3452650000,3452650000
1199370600,1447.55,1456.8,1443.73,1447.16,3429500000,3429500000
1199457000,1444.01,1444.01,1411.19,1411.63,4166000000,4166000000
1199716200,1414.07,1423.87,1403.45,1416.18,4221260000,4221260000
1199802600,1415.71,1430.28,1388.3,1390.19,4705390000,4705390000
1199889000,1390.25,1409.19,1378.7,1409.13,5351030000,5351030000
1199975400,1406.78,1429.07,1395.3,1420.33,5170490000,5170490000
1200061800,1419.91,1419.91,1394.83,1401.02,4495840000,4495840000
1200321000,1402.91,1417.89,1402.91,1416.25,3682090000,3682090000
1200407400,1411.88,1411.88,1380.6,1380.95,4601640000,4601640000
1200493800,1377.41,1391.99,1364.27,1373.2,5440620000,5440620000
1200580200,1374.79,1377.72,1330.67,1333.25,5303130000,5303130000
1200666600,1333.9,1350.28,1312.51,1325.19,6004840000,6004840000
1201012200,1325.19,1325.19,1274.29,1310.5,6544690000,6544690000
1201098600,1310.41,1339.09,1270.05,1338.6,3241680000,3241680000
1201185000,1340.13,1355.15,1334.31,1352.07,5735300000,5735300000
1201271400,1357.32,1368.56,1327.5,1330.61,4882250000,4882250000
1201530600,1330.7,1353.97,1322.26,1353.97,4100930000,4100930000
1201617000,1355.94,1364.93,1350.19,1362.3,4232960000,4232960000
1201703400,1362.22,1385.86,1352.95,1355.81,4742760000,4742760000
1201789800,1351.98,1385.62,1334.08,1378.55,4970290000,4970290000
1201876200,1378.6,1396.02,1375.93,1395.42,4650770000,4650770000
1202135400,1395.38,1395.38,1379.69,1380.82,3495780000,3495780000
1202221800,1380.28,1380.28,1336.64,1336.64,4315740000,4315740000
1202308200,1339.48,1351.96,1324.34,1326.45,4008120000,4008120000
1202394600,1324.01,1347.16,1316.75,1336.91,4589160000,4589160000
1202481000,1336.88,1341.22,1321.06,1331.29,3768490000,3768490000
1202740200,1331.92,1341.4,1320.32,1339.13,3593140000,3593140000
1202826600,1340.55,1362.1,1339.36,1348.86,4044640000,4044640000
1202913000,1353.12,1369.23,1350.78,1367.21,3856420000,3856420000
1202999400,1367.33,1368.16,1347.31,1348.86,3644760000,3644760000
1203085800,1347.52,1350,1338.13,1349.99,3583300000,3583300000
1203431400,1357.98,1367.28,1345.05,1348.78,3613550000,3613550000
1203517800,1348.39,1363.71,1336.55,1360.03,3870520000,3870520000
1203604200,1362.21,1367.94,1339.34,1342.53,3696660000,3696660000
1203690600,1344.22,1354.3,1327.04,1353.11,3572660000,3572660000
1203949800,1352.75,1374.36,1346.03,1371.8,3866350000,3866350000
1204036200,1371.76,1387.34,1363.29,1381.29,4096060000,4096060000
1204122600,1378.95,1388.34,1372,1380.02,3904700000,3904700000
1204209000,1378.16,1378.16,1363.16,1367.68,3938580000,3938580000
1204295400,1364.07,1364.07,1325.42,1330.63,4426730000,4426730000
1204554600,1330.45,1335.13,1320.04,1331.34,4117570000,4117570000
1204641000,1329.58,1331.03,1307.39,1326.75,4757180000,4757180000
1204727400,1327.69,1344.19,1320.22,1333.7,4277710000,4277710000
1204813800,1332.2,1332.2,1303.42,1304.34,4323460000,4323460000
1204900200,1301.53,1313.24,1282.43,1293.37,4565410000,4565410000
1205155800,1293.16,1295.01,1272.66,1273.37,4261240000,4261240000
1205242200,1274.4,1320.65,1274.4,1320.65,5109080000,5109080000
1205328600,1321.13,1333.26,1307.86,1308.77,4414280000,4414280000
1205415000,1305.26,1321.68,1282.11,1315.48,5073360000,5073360000
1205501400,1316.05,1321.47,1274.86,1288.14,5153780000,5153780000
1205760600,1283.21,1287.5,1256.98,1276.6,5683010000,5683010000
1205847000,1277.16,1330.74,1277.16,1330.74,5335630000,5335630000
1205933400,1330.97,1341.51,1298.42,1298.42,5358550000,5358550000
1206019800,1299.67,1330.67,1295.22,1329.51,6145220000,6145220000
1206365400,1330.29,1359.68,1330.29,1349.88,4499000000,4499000000
1206451800,1349.07,1357.47,1341.21,1352.99,4145120000,4145120000
1206538200,1352.45,1352.45,1336.41,1341.13,4055670000,4055670000
1206624600,1340.34,1345.62,1325.66,1325.66,4037930000,4037930000
1206711000,1327.02,1334.87,1312.95,1315.22,3686980000,3686980000
1206970200,1315.92,1328.52,1312.81,1322.7,4188990000,4188990000
1207056600,1326.41,1370.18,1326.41,1370.18,4745120000,4745120000
1207143000,1369.96,1377.95,1361.55,1367.53,4320440000,4320440000
1207229400,1365.69,1375.66,1358.68,1369.31,3920100000,3920100000
1207315800,1369.85,1380.91,1362.83,1370.4,3703100000,3703100000
1207575000,1373.69,1386.74,1369.02,1372.54,3747780000,3747780000
1207661400,1370.16,1370.16,1360.62,1365.54,3602500000,3602500000
1207747800,1365.5,1368.39,1349.97,1354.49,3556670000,3556670000
1207834200,1355.37,1367.24,1350.11,1360.55,3686150000,3686150000
1207920600,1357.98,1357.98,1331.21,1332.83,3723790000,3723790000
1208179800,1332.2,1335.64,1326.16,1328.32,3565020000,3565020000
1208266200,1331.72,1337.72,1324.35,1334.43,3581230000,3581230000
1208352600,1337.02,1365.49,1337.02,1364.71,4260370000,4260370000
1208439000,1363.37,1368.6,1357.25,1365.56,3713880000,3713880000
1208525400,1369,1395.9,1369,1390.33,4222380000,4222380000
1208784600,1387.72,1390.23,1379.25,1388.17,3420570000,3420570000
1208871000,1386.43,1386.43,1369.84,1375.94,3821900000,3821900000
1208957400,1378.4,1387.87,1372.24,1379.93,4103610000,4103610000
1209043800,1380.52,1397.72,1371.09,1388.82,4461660000,4461660000
1209130200,1387.88,1399.11,1379.98,1397.84,3891150000,3891150000
1209389400,1398.33,1402.9,1394.4,1396.37,3607000000,3607000000
1209475800,1395.61,1397,1386.7,1390.94,3815320000,3815320000
1209562200,1391.22,1404.57,1384.25,1385.59,4508890000,4508890000
1209648600,1385.97,1410.07,1383.07,1409.34,4448780000,4448780000
1209735000,1409.16,1422.72,1406.25,1413.9,3953030000,3953030000
1209994200,1412.77,1415.7,1404.37,1407.49,3410090000,3410090000
1210080600,1405.6,1421.57,1397.1,1418.26,3924100000,3924100000
1210167000,1417.49,1419.54,1391.16,1392.57,4075860000,4075860000
1210253400,1394.29,1402.35,1389.39,1397.68,3827550000,3827550000
1210339800,1394.9,1394.9,1384.11,1388.28,3518620000,3518620000
1210599000,1389.4,1404.06,1386.2,1403.58,3370630000,3370630000
1210685400,1404.4,1406.3,1396.26,1403.04,4018590000,4018590000
1210771800,1405.65,1420.19,1405.65,1408.66,3979370000,3979370000
1210858200,1408.36,1424.4,1406.87,1423.57,3836480000,3836480000
1210944600,1423.89,1425.82,1414.35,1425.35,3842590000,3842590000
1211203800,1425.28,1440.24,1421.63,1426.63,3683970000,3683970000
1211290200,1424.49,1424.49,1409.09,1413.4,3854320000,3854320000
1211376600,1414.06,1419.12,1388.81,1390.71,4517990000,4517990000
1211463000,1390.83,1399.07,1390.23,1394.35,3955960000,3955960000
1211549400,1392.2,1392.2,1373.72,1375.93,3516380000,3516380000
1211895000,1375.97,1387.4,1373.07,1385.35,3588860000,3588860000
1211981400,1386.54,1391.25,1378.16,1390.84,3927240000,3927240000
1212067800,1391.05,1406.32,1388.66,1398.26,3894440000,3894440000
1212154200,1398.36,1404.46,1398.08,1400.38,3845630000,3845630000
1212413400,1399.62,1399.62,1377.79,1385.67,3714320000,3714320000
1212499800,1386.42,1393.12,1370.12,1377.65,4396380000,4396380000
1212586200,1376.26,1388.18,1371.74,1377.2,4338640000,4338640000
1212672600,1377.48,1404.05,1377.48,1404.05,4350790000,4350790000
1212759000,1400.06,1400.06,1359.9,1360.68,4771660000,4771660000
1213018200,1360.83,1370.63,1350.62,1361.76,4404570000,4404570000
1213104600,1358.98,1366.84,1351.56,1358.44,4635070000,4635070000
1213191000,1357.09,1357.09,1335.47,1335.49,4779980000,4779980000
1213277400,1335.78,1353.03,1331.29,1339.87,4734240000,4734240000
1213363800,1341.81,1360.03,1341.71,1360.03,4080420000,4080420000
1213623000,1358.85,1364.7,1352.07,1360.14,3706940000,3706940000
1213709400,1360.71,1366.59,1350.54,1350.93,3801960000,3801960000
1213795800,1349.59,1349.59,1333.4,1337.81,4573570000,4573570000
1213882200,1336.89,1347.66,1330.5,1342.83,4811670000,4811670000
1213968600,1341.02,1341.02,1314.46,1317.93,5324900000,5324900000
1214227800,1319.77,1323.78,1315.31,1318,4186370000,4186370000
1214314200,1317.23,1326.02,1304.42,1314.29,4705050000,4705050000
1214400600,1314.54,1335.63,1314.54,1321.97,4825640000,4825640000
1214487000,1316.29,1316.29,1283.15,1283.15,5231280000,5231280000
1214573400,1283.6,1289.45,1272,1278.38,6208260000,6208260000
1214832600,1278.06,1290.31,1274.86,1280,5032330000,5032330000
1214919000,1276.68,1285.31,1260.68,1284.91,5846290000,5846290000
1215005400,1285.81,1292.17,1261.51,1261.52,5276090000,5276090000
1215091800,1262.96,1271.48,1252.01,1262.9,3247590000,3247590000
1215437400,1262.9,1273.95,1240.68,1252.31,5265420000,5265420000
1215523800,1251.84,1274.17,1242.84,1273.7,6034110000,6034110000
1215610200,1273.38,1277.36,1244.57,1244.68,5181000000,5181000000
1215696600,1245.25,1257.65,1236.76,1253.39,5840430000,5840430000
1215783000,1248.66,1257.27,1225.35,1239.49,6742200000,6742200000
1216042200,1241.61,1253.5,1225.01,1228.3,5434860000,5434860000
1216128600,1226.82,1234.35,1200.44,1214.91,7363640000,7363640000
1216215000,1214.65,1245.52,1211.39,1245.36,6738630000,6738630000
1216301400,1246.31,1262.31,1241.49,1260.32,7365210000,7365210000
1216387800,1258.22,1262.23,1251.81,1260.68,5653280000,5653280000
1216647000,1261.81,1267.74,1255.7,1260,4630640000,4630640000
1216733400,1257.07,1277.42,1248.82,1277,6180230000,6180230000
1216819800,1278.87,1291.17,1276.06,1282.19,6705830000,6705830000
1216906200,1283.22,1283.22,1251.48,1252.54,6127980000,6127980000
1216992600,1253.51,1263.23,1251.75,1257.76,4672560000,4672560000
1217251800,1257.76,1260.09,1234.37,1234.37,4282960000,4282960000
1217338200,1236.38,1263.2,1236.38,1263.19,5414240000,5414240000
1217424600,1264.52,1284.33,1264.52,1284.26,5631330000,5631330000
1217511000,1281.37,1284.93,1265.97,1267.38,5346050000,5346050000
1217597400,1269.42,1270.52,1254.54,1260.31,4684870000,4684870000
1217856600,1260.16,1260.49,1247.45,1249.01,4562280000,4562280000
1217943000,1254.87,1284.88,1254.67,1284.88,1219310000,1219310000
1218029400,1283.99,1291.67,1276,1289.19,4873420000,4873420000
1218115800,1286.51,1286.51,1264.29,1266.06,5319380000,5319380000
1218202200,1266.29,1297.85,1262.11,1296.31,4966810000,4966810000
1218461400,1294.42,1313.15,1291.41,1305.31,5067310000,5067310000
1218547800,1304.79,1304.79,1285.64,1289.59,4711290000,4711290000
1218634200,1288.64,1294.03,1274.86,1285.83,4787600000,4787600000
1218720600,1282.11,1300.11,1276.84,1292.93,4064000000,4064000000
1218807000,1293.85,1302.05,1290.74,1298.2,4041820000,4041820000
1219066200,1298.14,1300.22,1274.51,1278.6,3829290000,3829290000
1219152600,1276.65,1276.65,1263.11,1266.69,4159760000,4159760000
1219239000,1267.34,1276.01,1261.16,1274.54,4555030000,4555030000
1219325400,1267.9,1281.4,1265.22,1277.72,4032590000,4032590000
1219411800,1277.59,1293.09,1277.59,1292.2,3741070000,3741070000
1219671000,1290.47,1290.47,1264.87,1266.84,3420600000,3420600000
1219757400,1267.03,1275.65,1263.21,1271.51,3587570000,3587570000
1219843800,1271.29,1285.05,1270.03,1281.66,3499610000,3499610000
1219930200,1283.79,1300.68,1283.79,1300.68,3854280000,3854280000
1220016600,1296.49,1297.59,1282.74,1282.83,3288120000,3288120000
1220362200,1287.82,1303.04,1272.2,1277.57,4783560000,4783560000
1220448600,1276.61,1280.6,1265.59,1274.98,5056980000,5056980000
1220535000,1271.8,1271.8,1232.83,1236.83,5212500000,5212500000
1220621400,1233.21,1244.94,1217.23,1242.31,5017080000,5017080000
1220880600,1249.5,1274.42,1247.12,1267.79,7351340000,7351340000
1220967000,1267.98,1268.66,1224.51,1224.51,7380630000,7380630000
1221053400,1227.5,1243.9,1221.6,1232.04,6543440000,6543440000
1221139800,1229.04,1249.98,1211.54,1249.05,6869250000,6869250000
1221226200,1245.88,1255.09,1233.81,1251.7,6273260000,6273260000
1221485400,1250.92,1250.92,1192.7,1192.7,8279510000,8279510000
1221571800,1188.31,1214.84,1169.28,1213.59,9459830000,9459830000
1221658200,1210.34,1210.34,1155.88,1156.39,9431870000,9431870000
1221744600,1157.07,1211.14,1133.5,1206.51,10082690000,10082690000
1221831000,1213.11,1265.12,1213.11,1255.08,9387170000,9387170000
1222090200,1255.37,1255.37,1205.61,1207.09,5368130000,5368130000
1222176600,1207.61,1221.15,1187.06,1188.22,5185730000,5185730000
1222263000,1188.79,1197.41,1179.79,1185.87,4820360000,4820360000
1222349400,1187.87,1220.03,1187.87,1209.18,5877640000,5877640000
1222435800,1204.47,1215.77,1187.54,1213.01,5383610000,5383610000
1222695000,1209.06,1209.07,1106.39,1106.39,7305060000,7305060000
1222781400,1113.78,1168.03,1113.78,1166.36,4937680000,4937680000
1222867800,1164.17,1167.03,1140.77,1161.06,5782130000,5782130000
1222954200,1160.64,1160.64,1111.43,1114.28,6285640000,6285640000
1223040600,1115.16,1153.82,1098.14,1099.23,6716120000,6716120000
1223299800,1097.56,1097.56,1007.97,1056.89,7956020000,7956020000
1223386200,1057.6,1072.91,996.23,996.23,7069210000,7069210000
1223472600,988.91,1021.06,970.97,984.94,8716330000,8716330000
1223559000,988.42,1005.25,909.19,909.92,6819000000,6819000000
1223645400,902.31,936.36,839.8,899.22,11456230000,11456230000
1223904600,912.75,1006.93,912.75,1003.35,7263370000,7263370000
1223991000,1009.97,1044.31,972.07,998.01,8161990000,8161990000
1224077400,994.6,994.6,903.99,907.84,6542330000,6542330000
1224163800,909.53,947.71,865.83,946.43,7984500000,7984500000
1224250200,942.29,984.64,918.74,940.55,6581780000,6581780000
1224509400,943.51,985.4,943.51,985.4,5175640000,5175640000
1224595800,980.4,985.44,952.47,955.05,5121830000,5121830000
1224682200,951.67,951.67,875.81,896.78,6147980000,6147980000
1224768600,899.08,922.83,858.44,908.11,7189900000,7189900000
1224855000,895.22,896.3,852.85,876.77,6550050000,6550050000
1225114200,874.28,893.78,846.75,848.92,5558050000,5558050000
1225200600,848.92,940.51,845.27,940.51,7096950000,7096950000
1225287000,939.51,969.97,922.26,930.09,7077800000,7077800000
1225373400,939.38,963.23,928.5,954.09,6175830000,6175830000
1225459800,953.11,984.38,944.59,968.75,6394350000,6394350000
1225722600,968.67,975.57,958.82,966.3,4492280000,4492280000
1225809000,971.31,1007.51,971.31,1005.75,5531290000,5531290000
1225895400,1001.84,1001.84,949.86,952.77,5426640000,5426640000
1225981800,952.4,952.4,899.73,904.88,6102230000,6102230000
1226068200,907.44,931.46,906.9,930.99,4931640000,4931640000
1226327400,936.75,951.95,907.47,919.21,4572000000,4572000000
1226413800,917.15,917.15,884.9,898.95,4998340000,4998340000
1226500200,893.39,893.39,850.48,852.3,5764180000,5764180000
1226586600,853.13,913.01,818.69,911.29,7849120000,7849120000
1226673000,891.96,893.77,871.13,873.29,5881030000,5881030000
1226932200,873.23,882.29,848.98,850.75,4927490000,4927490000
1227018600,852.34,865.9,826.84,859.12,6679470000,6679470000
1227105000,859.03,864.57,806.18,806.58,6548600000,6548600000
1227191400,805.87,820.52,747.78,752.44,9093740000,9093740000
1227277800,785.3,801.2,775.47,800.03,9495900000,9495900000
1227537000,801.2,865.6,801.2,851.81,7879440000,7879440000
1227623400,853.4,868.94,834.99,857.39,6952700000,6952700000
1227709800,852.9,887.68,841.37,887.68,5793260000,5793260000
1227882600,886.89,896.25,881.21,896.24,2740860000,2740860000
1228141800,888.61,888.61,815.69,816.21,6052010000,6052010000
1228228200,817.94,850.54,817.94,848.81,6170100000,6170100000
1228314600,843.6,873.12,827.6,870.74,6221880000,6221880000
1228401000,869.75,875.6,833.6,845.22,5860390000,5860390000
1228487400,844.43,879.42,818.41,876.07,6165370000,6165370000
1228746600,882.71,918.57,882.71,909.7,6553600000,6553600000
1228833000,906.48,916.26,885.38,888.67,5693110000,5693110000
1228919400,892.17,908.27,885.45,899.24,5942130000,5942130000
1229005800,898.35,904.63,868.73,873.59,5513840000,5513840000
1229092200,871.79,883.24,851.35,879.73,5959590000,5959590000
1229351400,881.07,884.63,857.72,868.57,4982390000,4982390000
1229437800,871.53,914.66,871.53,913.18,6009780000,6009780000
1229524200,908.16,918.85,895.94,904.42,5907380000,5907380000
1229610600,905.98,911.02,877.44,885.28,5675000000,5675000000
1229697000,886.96,905.47,883.02,887.88,6705310000,6705310000
1229956200,887.2,887.37,857.09,871.63,4869850000,4869850000
1230042600,874.31,880.44,860.1,863.16,4051970000,4051970000
1230129000,863.87,866.59,861.44,865.42,1546550000,1546550000
1230301800,869.51,873.74,866.52,872.8,1880050000,1880050000
1230561000,872.37,873.7,857.07,869.42,3323430000,3323430000
1230647400,870.58,891.12,870.58,890.64,3627800000,3627800000
1230733800,890.59,910.32,889.67,903.25,4172940000,4172940000
1230906600,902.99,934.73,899.35,931.8,4048270000,4048270000
1231165800,929.17,936.63,919.53,927.45,5413910000,5413910000
1231252200,931.17,943.85,927.28,934.7,5392620000,5392620000
1231338600,927.45,927.45,902.37,906.65,4704940000,4704940000
1231425000,905.73,910,896.81,909.73,4991550000,4991550000
1231511400,909.91,911.93,888.31,890.35,4716500000,4716500000
1231770600,890.4,890.4,864.32,870.26,4725050000,4725050000
1231857000,869.79,877.02,862.02,871.79,5567460000,5567460000
1231943400,867.28,867.28,836.93,842.62,5407880000,5407880000
1232029800,841.99,851.59,817.04,843.74,7807350000,7807350000
1232116200,844.45,858.13,830.66,850.12,6786040000,6786040000
1232461800,849.64,849.64,804.47,805.22,6375230000,6375230000
1232548200,806.77,841.72,804.3,840.24,6467830000,6467830000
1232634600,839.74,839.74,811.29,827.5,5843830000,5843830000
1232721000,822.16,838.61,806.07,831.95,5832160000,5832160000
1232980200,832.5,852.53,827.69,836.57,6039940000,6039940000
1233066600,837.3,850.45,835.4,845.71,5353260000,5353260000
1233153000,845.73,877.86,845.73,874.09,6199180000,6199180000
1233239400,868.89,868.89,844.15,845.14,5067060000,5067060000
1233325800,845.69,851.66,821.67,825.88,5350580000,5350580000
1233585000,823.09,830.78,812.87,825.44,5673270000,5673270000
1233671400,825.69,842.6,821.98,838.51,5886310000,5886310000
1233757800,837.77,851.85,829.18,832.23,6420450000,6420450000
1233844200,831.75,850.55,819.91,845.85,6624030000,6624030000
1233930600,846.09,870.75,845.42,868.6,6484100000,6484100000
1234189800,868.24,875.01,861.65,869.89,5574370000,5574370000
1234276200,866.87,868.05,822.99,827.16,6770170000,6770170000
1234362600,827.41,838.22,822.3,833.74,5926460000,5926460000
1234449000,829.91,835.48,808.06,835.19,6476460000,6476460000
1234535400,833.95,839.43,825.21,826.84,5296650000,5296650000
1234881000,818.61,818.61,789.17,789.17,5907820000,5907820000
1234967400,791.06,796.17,780.43,788.42,5740710000,5740710000
1235053800,787.91,797.58,777.03,778.94,5746940000,5746940000
1235140200,775.87,778.69,754.25,770.05,8210590000,8210590000
1235399400,773.25,777.85,742.37,743.33,6509300000,6509300000
1235485800,744.69,775.49,744.69,773.14,7234490000,7234490000
1235572200,770.64,780.12,752.89,764.9,7483640000,7483640000
1235658600,765.76,779.42,751.75,752.83,7599970000,7599970000
1235745000,749.93,751.27,734.52,735.09,8926480000,8926480000
1236004200,729.57,729.57,699.7,700.82,7868290000,7868290000
1236090600,704.44,711.67,692.3,696.33,7583230000,7583230000
1236177000,698.6,724.12,698.6,712.87,7673620000,7673620000
1236263400,708.27,708.27,677.93,682.55,7507250000,7507250000
1236349800,684.04,699.09,666.79,683.38,7331830000,7331830000
1236605400,680.76,695.27,672.88,676.53,7277320000,7277320000
1236691800,679.28,719.6,679.28,719.6,8618330000,8618330000
1236778200,719.59,731.92,713.85,721.36,7287810000,7287810000
1236864600,720.89,752.63,714.76,750.74,7326630000,7326630000
1236951000,751.97,758.29,742.46,756.55,6787090000,6787090000
1237210200,758.84,774.53,753.37,753.89,7883540000,7883540000
1237296600,753.88,778.12,749.93,778.12,6156800000,6156800000
1237383000,776.01,803.04,765.64,794.35,9098450000,9098450000
1237469400,797.92,803.24,781.82,784.04,9033870000,9033870000
1237555800,784.58,788.91,766.2,768.54,7643720000,7643720000
1237815000,772.31,823.37,772.31,822.92,7715770000,7715770000
1237901400,820.6,823.65,805.48,806.25,6767980000,6767980000
1237987800,806.81,826.78,791.37,813.88,7687180000,7687180000
1238074200,814.06,832.98,814.06,832.86,6992960000,6992960000
1238160600,828.68,828.68,813.43,815.94,5600210000,5600210000
1238419800,809.07,809.07,779.81,787.53,5912660000,5912660000
1238506200,790.88,810.48,790.88,797.87,6089100000,6089100000
1238592600,793.59,813.62,783.32,811.08,6034140000,6034140000
1238679000,814.53,845.61,814.53,834.38,7542810000,7542810000
1238765400,835.13,842.5,826.7,842.5,5855640000,5855640000
1239024600,839.75,839.75,822.79,835.48,6210000000,6210000000
1239111000,817.98,825.56,814.53,815.55,5155580000,5155580000
1239197400,816.76,828.42,814.84,825.16,5938460000,5938460000
1239283800,829.29,856.91,829.29,856.56,7600710000,7600710000
1239629400,855.33,864.31,845.35,858.73,6434890000,6434890000
1239715800,856.88,856.88,840.25,841.5,7569840000,7569840000
1239802200,839.44,852.93,835.58,852.06,6241100000,6241100000
1239888600,854.54,870.35,847.04,865.3,6598670000,6598670000
1239975000,865.18,875.63,860.87,869.6,7352010000,7352010000
1240234200,868.27,868.27,832.39,832.39,6973960000,6973960000
1240320600,831.25,850.09,826.83,850.08,7436490000,7436490000
1240407000,847.26,861.78,840.57,843.55,7327860000,7327860000
1240493400,844.62,852.87,835.45,851.92,6563100000,6563100000
1240579800,853.91,871.8,853.91,866.23,7114440000,7114440000
1240839000,862.82,868.83,854.65,857.51,5613460000,5613460000
1240925400,854.48,864.48,847.12,855.16,6328000000,6328000000
1241011800,856.85,882.06,856.85,873.64,6101620000,6101620000
1241098200,876.59,888.7,868.51,872.81,6862540000,6862540000
1241184600,872.74,880.48,866.1,877.52,5312170000,5312170000
1241443800,879.21,907.85,879.21,907.24,7038840000,7038840000
1241530200,906.1,907.7,897.34,903.8,6882860000,6882860000
1241616600,903.95,920.28,903.95,919.53,8555040000,8555040000
1241703000,919.58,929.58,901.36,907.39,9120100000,9120100000
1241789400,909.03,930.17,909.03,929.23,8163280000,8163280000
1242048600,913.82,922.99,908.68,909.24,6150600000,6150600000
1242135000,910.52,915.57,896.46,908.35,6871750000,6871750000
1242221400,905.4,905.4,882.8,883.92,7091820000,7091820000
1242307800,884.24,898.36,882.52,893.07,6134870000,6134870000
1242394200,892.76,896.97,878.94,882.88,5439720000,5439720000
1242653400,886.07,910,886.07,909.71,5702150000,5702150000
1242739800,909.67,916.39,905.22,908.13,6616270000,6616270000
1242826200,908.62,924.6,901.37,903.47,8205060000,8205060000
1242912600,900.42,900.42,879.61,888.33,6019840000,6019840000
1242999000,888.68,896.65,883.75,887,5155320000,5155320000
1243344600,887,911.76,881.46,910.33,5667050000,5667050000
1243431000,909.95,913.84,891.87,893.06,5698800000,5698800000
1243517400,892.96,909.45,887.6,906.83,5738980000,5738980000
1243603800,907.02,920.02,903.56,919.14,6050420000,6050420000
1243863000,923.26,947.77,923.26,942.87,6370440000,6370440000
1243949400,942.87,949.38,938.46,944.74,5987340000,5987340000
1244035800,942.51,942.51,923.85,931.76,5323770000,5323770000
1244122200,932.49,942.47,929.32,942.46,5352890000,5352890000
1244208600,945.67,951.69,934.13,940.09,5277910000,5277910000
1244467800,938.12,946.33,926.44,939.14,4483430000,4483430000
1244554200,940.35,946.92,936.15,942.43,4439950000,4439950000
1244640600,942.73,949.77,927.97,939.15,5379420000,5379420000
1244727000,939.04,956.23,939.04,944.89,5500840000,5500840000
1244813400,943.44,946.3,935.66,946.21,4528120000,4528120000
1245072600,942.45,942.45,919.65,923.72,4697880000,4697880000
1245159000,925.6,928,911.6,911.97,4951200000,4951200000
1245245400,911.89,918.44,903.78,910.71,5523650000,5523650000
1245331800,910.86,921.93,907.94,918.37,4684010000,4684010000
1245418200,919.96,927.09,915.8,921.23,5713390000,5713390000
1245677400,918.13,918.13,893.04,893.04,4903940000,4903940000
1245763800,893.46,898.69,888.86,895.1,5071020000,5071020000
1245850200,896.31,910.85,896.31,900.94,4636720000,4636720000
1245936600,899.45,921.42,896.27,920.26,4911240000,4911240000
1246023000,918.84,922,913.03,918.9,6076660000,6076660000
1246282200,919.86,927.99,916.18,927.23,4211760000,4211760000
1246368600,927.15,930.01,912.86,919.32,4627570000,4627570000
1246455000,920.82,931.92,920.82,923.33,3919400000,3919400000
1246541400,921.24,921.24,896.42,896.42,3931000000,3931000000
1246887000,894.27,898.72,886.36,898.72,4712580000,4712580000
1246973400,898.6,898.6,879.93,881.03,4673300000,4673300000
1247059800,881.9,886.8,869.32,879.56,5721780000,5721780000
1247146200,881.28,887.86,878.45,882.68,4347170000,4347170000
1247232600,880.03,883.57,872.81,879.13,3912080000,3912080000
1247491800,879.57,901.05,875.32,901.05,4499440000,4499440000
1247578200,900.77,905.84,896.5,905.84,4149030000,4149030000
1247664600,910.15,933.95,910.15,932.68,5238830000,5238830000
1247751000,930.17,943.96,927.45,940.74,4898640000,4898640000
1247837400,940.56,941.89,934.65,940.38,5141380000,5141380000
1248096600,942.07,951.62,940.99,951.13,4853150000,4853150000
1248183000,951.97,956.53,943.22,954.58,5309300000,5309300000
1248269400,953.4,959.83,947.75,954.07,4634100000,4634100000
1248355800,953.87,979.42,953.27,976.29,5761650000,5761650000
1248442200,972.16,979.79,965.95,979.26,4458300000,4458300000
1248701400,978.63,982.49,972.29,982.18,4631290000,4631290000
1248787800,981.48,982.35,969.35,979.62,5490350000,5490350000
1248874200,977.66,977.76,968.65,975.15,5178770000,5178770000
1248960600,976.01,996.68,976.01,986.75,6035180000,6035180000
1249047000,986.8,993.18,982.85,987.48,5139070000,5139070000
1249306200,990.22,1003.61,990.22,1002.63,5603440000,5603440000
1249392600,1001.41,1007.12,996.68,1005.65,5713700000,5713700000
1249479000,1005.41,1006.64,994.31,1002.72,7242120000,7242120000
1249565400,1004.06,1008,992.49,997.08,6753380000,6753380000
1249651800,999.83,1018,999.83,1010.48,6827090000,6827090000
1249911000,1008.89,1010.12,1000.99,1007.1,5406080000,5406080000
1249997400,1005.77,1005.77,992.4,994.35,5773160000,5773160000
1250083800,994,1012.78,993.36,1005.81,5498170000,5498170000
1250170200,1005.86,1012.78,1001.02,1012.73,5250660000,5250660000
1250256600,1012.23,1012.6,994.6,1004.09,4940750000,4940750000
1250515800,998.18,998.18,978.51,979.73,4088570000,4088570000
1250602200,980.62,991.2,980.62,989.67,4198970000,4198970000
1250688600,986.88,999.61,980.62,996.46,4257000000,4257000000
1250775000,996.41,1008.92,996.39,1007.37,4893160000,4893160000
1250861400,1009.06,1027.59,1009.06,1026.13,5885550000,5885550000
1251120600,1026.59,1035.82,1022.48,1025.57,6302450000,6302450000
1251207000,1026.63,1037.75,1026.21,1028,5768740000,5768740000
1251293400,1027.35,1032.47,1021.57,1028.12,5080060000,5080060000
1251379800,1027.81,1033.33,1016.2,1030.98,5785880000,5785880000
1251466200,1031.62,1039.47,1023.13,1028.93,5785780000,5785780000
1251725400,1025.21,1025.21,1014.62,1020.62,5004560000,5004560000
1251811800,1019.52,1028.45,996.28,998.04,6862360000,6862360000
1251898200,996.07,1000.34,991.97,994.75,5842730000,5842730000
1251984600,996.12,1003.43,992.25,1003.24,4624280000,4624280000
1252071000,1003.84,1016.48,1001.65,1016.4,4097370000,4097370000
1252416600,1018.67,1026.07,1018.67,1025.39,5235160000,5235160000
1252503000,1025.36,1036.34,1023.97,1033.37,5202550000,5202550000
1252589400,1032.99,1044.14,1028.04,1044.14,5191380000,5191380000
1252675800,1043.92,1048.18,1038.4,1042.73,4922600000,4922600000
1252935000,1040.15,1049.74,1035,1049.34,4979610000,4979610000
1253021400,1049.03,1056.04,1043.42,1052.63,6185620000,6185620000
1253107800,1053.99,1068.76,1052.87,1068.76,6793530000,6793530000
1253194200,1067.87,1074.77,1061.2,1065.49,6668110000,6668110000
1253280600,1066.6,1071.52,1064.27,1068.3,5607970000,5607970000
1253539800,1067.14,1067.28,1057.46,1064.66,4615280000,4615280000
1253626200,1066.35,1073.81,1066.35,1071.66,5246600000,5246600000
1253712600,1072.68,1080.15,1060.39,1060.87,5531930000,5531930000
1253799000,1062.56,1066.29,1045.85,1050.78,5505610000,5505610000
1253885400,1049.48,1053.47,1041.17,1044.38,4507090000,4507090000
1254144600,1045.38,1065.13,1045.38,1062.98,3726950000,3726950000
1254231000,1063.68,1069.62,1057.83,1060.61,4949900000,4949900000
1254317400,1061.02,1063.4,1046.47,1057.08,5998860000,5998860000
1254403800,1054.91,1054.91,1029.45,1029.85,5791450000,5791450000
1254490200,1029.71,1030.6,1019.95,1025.21,5583240000,5583240000
1254749400,1026.87,1042.58,1025.92,1040.46,4313310000,4313310000
1254835800,1042.02,1060.55,1042.02,1054.72,5029840000,5029840000
1254922200,1053.65,1058.02,1050.1,1057.58,4238220000,4238220000
1255008600,1060.03,1070.67,1060.03,1065.48,4988400000,4988400000
1255095000,1065.28,1071.51,1063,1071.49,3763780000,3763780000
1255354200,1071.63,1079.46,1071.63,1076.19,3710430000,3710430000
1255440600,1074.96,1075.3,1066.71,1073.19,4320480000,4320480000
1255527000,1078.68,1093.17,1078.68,1092.02,5406420000,5406420000
1255613400,1090.36,1096.56,1086.41,1096.56,5369780000,5369780000
1255699800,1094.67,1094.67,1081.53,1087.68,4894740000,4894740000
1255959000,1088.22,1100.17,1086.48,1097.91,4619240000,4619240000
1256045400,1098.64,1098.64,1086.16,1091.06,5396930000,5396930000
1256131800,1090.36,1101.36,1080.77,1081.4,5616290000,5616290000
1256218200,1080.96,1095.21,1074.31,1092.91,5192410000,5192410000
1256304600,1095.62,1095.83,1075.49,1079.6,4767460000,4767460000
1256563800,1080.36,1091.75,1065.23,1066.95,6363380000,6363380000
1256650200,1067.54,1072.48,1060.62,1063.41,5337380000,5337380000
1256736600,1061.51,1063.26,1042.19,1042.63,6600350000,6600350000
1256823000,1043.69,1066.83,1043.69,1066.11,5595040000,5595040000
1256909400,1065.41,1065.41,1033.38,1036.19,6512420000,6512420000
1257172200,1036.18,1052.18,1029.38,1042.88,6202640000,6202640000
1257258600,1040.92,1046.36,1033.94,1045.41,5487500000,5487500000
1257345000,1047.14,1061,1045.15,1046.5,5635510000,5635510000
1257431400,1047.3,1066.65,1047.3,1066.63,4848350000,4848350000
1257517800,1064.95,1071.48,1059.32,1069.3,4277130000,4277130000
1257777000,1072.31,1093.19,1072.31,1093.08,4460030000,4460030000
1257863400,1091.86,1096.42,1087.4,1093.01,4394770000,4394770000
1257949800,1096.04,1105.37,1093.81,1098.51,4286700000,4286700000
1258036200,1098.31,1101.97,1084.9,1087.24,4160250000,4160250000
1258122600,1087.59,1097.79,1085.33,1093.48,3792610000,3792610000
1258381800,1094.13,1113.69,1094.13,1109.3,4565850000,4565850000
1258468200,1109.22,1110.52,1102.19,1110.32,3824070000,3824070000
1258554600,1109.43,1111.1,1102.7,1109.8,4293340000,4293340000
1258641000,1106.43,1106.43,1088.4,1094.9,4178030000,4178030000
1258727400,1094.66,1094.66,1086.81,1091.38,3751230000,3751230000
1258986600,1094.86,1112.38,1094.86,1106.24,3827920000,3827920000
1259073000,1105.82,1107.56,1097.63,1105.65,3700820000,3700820000
1259159400,1106.49,1111.18,1104.75,1110.63,3036350000,3036350000
1259332200,1105.47,1105.47,1083.74,1091.49,2362910000,2362910000
1259591400,1091.07,1097.24,1086.25,1095.63,3895520000,3895520000
1259677800,1098.89,1112.28,1098.89,1108.86,4249310000,4249310000
1259764200,1109.03,1115.58,1105.29,1109.24,3941340000,3941340000
1259850600,1110.59,1117.28,1098.74,1099.92,4810030000,4810030000
1259937000,1100.43,1119.13,1096.52,1105.98,5781140000,5781140000
1260196200,1105.52,1110.72,1100.83,1103.25,4103360000,4103360000
1260282600,1103.04,1103.04,1088.61,1091.94,4748030000,4748030000
1260369000,1091.06,1097.04,1085.89,1095.95,4115410000,4115410000
1260455400,1098.68,1106.25,1098.68,1102.35,3996490000,3996490000
1260541800,1103.96,1108.5,1101.34,1106.41,3791090000,3791090000
1260801000,1107.84,1114.76,1107.84,1114.11,4548490000,4548490000
1260887400,1114.11,1114.11,1105.35,1107.93,5045100000,5045100000
1260973800,1108.61,1116.21,1107.96,1109.18,4829820000,4829820000
1261060200,1106.36,1106.36,1095.88,1096.08,7615070000,7615070000
1261146600,1097.86,1103.74,1093.88,1102.47,6325890000,6325890000
1261405800,1105.31,1117.68,1105.31,1114.05,3977340000,3977340000
1261492200,1114.51,1120.27,1114.51,1118.02,3641130000,3641130000
1261578600,1118.84,1121.58,1116,1120.59,3166870000,3166870000
1261665000,1121.07,1126.48,1121.07,1126.48,1267710000,1267710000
1262010600,1127.53,1130.38,1123.51,1127.78,2716400000,2716400000
1262097000,1128.55,1130.38,1126.08,1126.19,2491020000,2491020000
1262183400,1125.53,1126.42,1121.94,1126.42,2277300000,2277300000
1262269800,1126.6,1127.64,1114.81,1115.1,2076990000,2076990000
1262615400,1116.56,1133.87,1116.56,1132.99,3991400000,3991400000
1262701800,1132.66,1136.63,1129.66,1136.52,2491020000,2491020000
1262788200,1135.71,1139.19,1133.95,1137.14,4972660000,4972660000
1262874600,1136.27,1142.46,1131.32,1141.69,5270680000,5270680000
1262961000,1140.52,1145.39,1136.22,1144.98,4389590000,4389590000
1263220200,1145.96,1149.74,1142.02,1146.98,4255780000,4255780000
1263306600,1143.81,1143.81,1131.77,1136.22,4716160000,4716160000
1263393000,1137.31,1148.4,1133.18,1145.68,4170360000,4170360000
1263479400,1145.68,1150.41,1143.8,1148.46,3915200000,3915200000
1263565800,1147.72,1147.77,1131.39,1136.03,4758730000,4758730000
1263911400,1136.03,1150.45,1135.77,1150.23,4724830000,4724830000
1263997800,1147.94,1147.95,1129.25,1138.04,4810560000,4810560000
1264084200,1138.68,1141.58,1114.84,1116.48,6874290000,6874290000
1264170600,1115.49,1115.49,1090.18,1091.76,6208650000,6208650000
1264429800,1092.4,1102.97,1092.4,1096.78,4481390000,4481390000
1264516200,1095.8,1103.69,1089.86,1092.17,4731910000,4731910000
1264602600,1091.94,1099.51,1083.11,1097.5,5319120000,5319120000
1264689000,1096.93,1100.22,1078.46,1084.53,5452400000,5452400000
1264775400,1087.61,1096.45,1071.59,1073.87,5412850000,5412850000
1265034600,1073.89,1089.38,1073.89,1089.18,4077610000,4077610000
1265121000,1090.05,1104.73,1087.96,1103.32,4749540000,4749540000
1265207400,1100.67,1102.72,1093.28,1097.28,4285450000,4285450000
1265293800,1097.25,1097.25,1062.78,1063.11,5859690000,5859690000
1265380200,1064.12,1067.13,1044.5,1066.19,6438900000,6438900000
1265639400,1065.51,1071.2,1056.51,1056.74,4089820000,4089820000
1265725800,1060.06,1079.28,1060.06,1070.52,5114260000,5114260000
1265812200,1069.68,1073.67,1059.34,1068.13,4251450000,4251450000
1265898600,1067.1,1080.04,1060.59,1078.47,4400870000,4400870000
1265985000,1075.95,1077.81,1062.97,1075.51,4160680000,4160680000
1266330600,1079.13,1095.67,1079.13,1094.87,4080770000,4080770000
1266417000,1096.14,1101.03,1094.72,1099.51,4259230000,4259230000
1266503400,1099.03,1108.24,1097.48,1106.75,3878620000,3878620000
1266589800,1105.49,1112.42,1100.8,1109.17,3944280000,3944280000
1266849000,1110,1112.29,1105.38,1108.01,3814440000,3814440000
1266935400,1107.49,1108.58,1092.18,1094.6,4521050000,4521050000
1267021800,1095.89,1106.42,1095.5,1105.24,4168360000,4168360000
1267108200,1101.24,1103.5,1086.02,1102.93,4521130000,4521130000
1267194600,1103.1,1107.24,1097.56,1104.49,3945190000,3945190000
1267453800,1105.36,1116.11,1105.36,1115.71,3847640000,3847640000
1267540200,1117.01,1123.46,1116.51,1118.31,4134680000,4134680000
1267626600,1119.36,1125.64,1116.58,1118.79,3951320000,3951320000
1267713000,1119.12,1123.73,1116.66,1122.97,3945010000,3945010000
1267799400,1125.12,1139.38,1125.12,1138.69,4133000000,4133000000
1268058600,1138.4,1141.05,1136.77,1138.5,3774680000,3774680000
1268145000,1137.56,1145.37,1134.9,1140.44,5185570000,5185570000
1268231400,1140.22,1148.26,1140.09,1145.61,5469120000,5469120000
1268317800,1143.96,1150.24,1138.99,1150.24,4669060000,4669060000
1268404200,1151.71,1153.41,1146.97,1149.99,4928160000,4928160000
1268659800,1148.53,1150.98,1141.45,1150.51,4164110000,4164110000
1268746200,1150.82,1160.28,1150.35,1159.46,4369770000,4369770000
1268832600,1159.93,1169.84,1159.93,1166.21,4963200000,4963200000
1268919000,1166.13,1167.77,1161.16,1165.82,4234510000,4234510000
1269005400,1166.68,1169.2,1155.33,1159.9,5212410000,5212410000
1269264600,1157.82,1167.82,1152.88,1165.81,4261680000,4261680000
1269351000,1166.47,1174.72,1163.83,1174.17,4411640000,4411640000
1269437400,1172.69,1173.04,1166.01,1167.72,4705750000,4705750000
1269523800,1170.03,1180.69,1165.09,1165.73,5668900000,5668900000
1269610200,1167.57,1173.93,1161.48,1166.59,4708420000,4708420000
1269869400,1167.71,1174.85,1167.71,1173.32,4375580000,4375580000
1269955800,1173.75,1177.83,1168.92,1173.27,4085000000,4085000000
1270042200,1171.75,1174.56,1165.77,1169.43,4484340000,4484340000
1270128600,1171.23,1181.43,1170.69,1178.1,4006870000,4006870000
1270474200,1178.71,1187.73,1178.71,1187.44,3881620000,3881620000
1270560600,1186.01,1191.8,1182.77,1189.43,4086180000,4086180000
1270647000,1188.23,1189.6,1177.25,1182.44,5101430000,5101430000
1270733400,1181.75,1188.55,1175.12,1186.43,4726970000,4726970000
1270819800,1187.47,1194.66,1187.15,1194.37,4511570000,4511570000
1271079000,1194.93,1199.2,1194.71,1196.48,4607090000,4607090000
1271165400,1195.93,1199.04,1188.82,1197.3,5403580000,5403580000
1271251800,1198.68,1210.65,1198.68,1210.65,5760040000,5760040000
1271338200,1210.77,1213.92,1208.5,1211.67,5995330000,5995330000
1271424600,1210.17,1210.17,1186.77,1192.13,8108470000,8108470000
1271683800,1192.06,1197.87,1183.68,1197.52,6597740000,6597740000
1271770200,1199.04,1208.58,1199.04,1207.17,5316590000,5316590000
1271856600,1207.16,1210.99,1198.85,1205.93,5724310000,5724310000
1271943000,1202.52,1210.27,1190.19,1208.67,6035780000,6035780000
1272029400,1207.87,1217.28,1205.1,1217.28,5326060000,5326060000
1272288600,1217.06,1219.8,1211.07,1212.05,5647760000,5647760000
1272375000,1209.92,1211.38,1181.62,1183.71,7454540000,7454540000
1272461400,1184.59,1195.05,1181.81,1191.36,6342310000,6342310000
1272547800,1193.3,1209.36,1193.3,1206.78,6059410000,6059410000
1272634200,1206.77,1207.99,1186.32,1186.68,6048260000,6048260000
1272893400,1188.57,1205.13,1188.57,1202.26,4938050000,4938050000
1272979800,1197.5,1197.5,1168.12,1173.6,6594720000,6594720000
1273066200,1169.24,1175.94,1158.15,1165.87,6795940000,6795940000
1273152600,1164.38,1167.58,1065.79,1128.15,10617810000,10617810000
1273239000,1127.04,1135.13,1094.15,1110.88,9472910000,9472910000
1273498200,1122.27,1163.85,1122.27,1159.73,6893700000,6893700000
1273584600,1156.39,1170.48,1147.71,1155.79,5842550000,5842550000
1273671000,1155.43,1172.87,1155.43,1171.67,5225460000,5225460000
1273757400,1170.04,1173.57,1156.14,1157.43,4870640000,4870640000
1273843800,1157.18,1157.19,1126.14,1135.68,6126400000,6126400000
1274103000,1136.52,1141.88,1114.96,1136.94,5922920000,5922920000
1274189400,1138.78,1148.66,1117.2,1120.8,6170840000,6170840000
1274275800,1119.57,1124.27,1100.66,1115.05,6765800000,6765800000
1274362200,1107.34,1107.34,1071.58,1071.59,8328570000,8328570000
1274448600,1067.26,1090.16,1055.9,1087.69,5452130000,5452130000
1274707800,1084.78,1089.95,1072.7,1073.65,5224040000,5224040000
1274794200,1067.42,1074.75,1040.78,1074.03,7329580000,7329580000
1274880600,1075.51,1090.75,1065.59,1067.95,4521050000,4521050000
1274967000,1074.27,1103.52,1074.27,1103.06,5698460000,5698460000
1275053400,1102.59,1102.59,1084.78,1089.41,4871210000,4871210000
1275399000,1087.3,1094.77,1069.89,1070.71,5271480000,5271480000
1275485400,1073.01,1098.56,1072.03,1098.38,5026360000,5026360000
1275571800,1098.82,1105.67,1091.81,1102.83,4995970000,4995970000
1275658200,1098.43,1098.43,1060.5,1064.88,6180580000,6180580000
1275917400,1065.84,1071.36,1049.86,1050.47,5467560000,5467560000
1276003800,1050.81,1063.15,1042.17,1062,6192750000,6192750000
1276090200,1062.75,1077.74,1052.25,1055.69,5983200000,5983200000
1276176600,1058.77,1087.85,1058.77,1086.84,5144780000,5144780000
1276263000,1082.65,1092.25,1077.12,1091.6,4059280000,4059280000
1276522200,1095,1105.91,1089.03,1089.63,4425830000,4425830000
1276608600,1091.21,1115.59,1091.21,1115.23,4644490000,4644490000
1276695000,1114.02,1118.74,1107.13,1114.61,5002600000,5002600000
1276781400,1115.98,1117.72,1105.87,1116.04,4557760000,4557760000
1276867800,1116.16,1121.01,1113.93,1117.51,4555360000,4555360000
1277127000,1122.79,1131.23,1108.24,1113.2,4514360000,4514360000
1277213400,1113.9,1118.5,1094.18,1095.31,4514380000,4514380000
1277299800,1095.57,1099.64,1085.31,1092.04,4526150000,4526150000
1277386200,1090.93,1090.93,1071.6,1073.69,4814830000,4814830000
1277472600,1075.1,1083.56,1067.89,1076.76,5128840000,5128840000
1277731800,1077.5,1082.6,1071.45,1074.57,3896410000,3896410000
1277818200,1071.1,1071.1,1035.18,1041.24,6136700000,6136700000
1277904600,1040.56,1048.08,1028.33,1030.71,5067080000,5067080000
1277991000,1031.1,1033.58,1010.91,1027.37,6435770000,6435770000
1278077400,1027.65,1032.95,1015.93,1022.58,3968500000,3968500000
1278423000,1028.09,1042.5,1018.35,1028.06,4691240000,4691240000
1278509400,1028.54,1060.89,1028.54,1060.27,4931220000,4931220000
1278595800,1062.92,1071.25,1058.24,1070.25,4548460000,4548460000
1278682200,1070.5,1078.16,1068.1,1077.96,3506570000,3506570000
1278941400,1077.23,1080.78,1070.45,1078.75,3426990000,3426990000
1279027800,1080.65,1099.46,1080.65,1095.34,4640460000,4640460000
1279114200,1095.61,1099.08,1087.68,1095.17,4521050000,4521050000
1279200600,1094.46,1098.66,1080.53,1096.48,4552470000,4552470000
1279287000,1093.85,1093.85,1063.32,1064.88,5297350000,5297350000
1279546200,1066.85,1074.7,1061.11,1071.25,4089500000,4089500000
1279632600,1064.53,1083.94,1056.88,1083.48,4713280000,4713280000
1279719000,1086.67,1088.96,1065.25,1069.59,4747180000,4747180000
1279805400,1072.14,1097.5,1072.14,1093.67,4826900000,4826900000
1279891800,1092.17,1103.73,1087.88,1102.66,4524570000,4524570000
1280151000,1102.89,1115.01,1101.3,1115.01,4009650000,4009650000
1280237400,1117.36,1120.95,1109.78,1113.84,4725690000,4725690000
1280323800,1112.84,1114.66,1103.11,1106.13,4002390000,4002390000
1280410200,1108.07,1115.9,1092.82,1101.53,4612420000,4612420000
1280496600,1098.44,1106.44,1088.01,1101.6,4006450000,4006450000
1280755800,1107.53,1127.3,1107.53,1125.86,4144180000,4144180000
1280842200,1125.34,1125.44,1116.76,1120.46,4071820000,4071820000
1280928600,1121.06,1128.75,1119.46,1127.24,4057850000,4057850000
1281015000,1125.78,1126.56,1118.81,1125.81,3685560000,3685560000
1281101400,1122.07,1123.06,1107.17,1121.64,3857890000,3857890000
1281360600,1122.8,1129.24,1120.91,1127.79,3979360000,3979360000
1281447000,1122.92,1127.16,1111.58,1121.06,3979360000,3979360000
1281533400,1116.89,1116.89,1088.55,1089.47,4511860000,4511860000
1281619800,1081.48,1086.72,1076.69,1083.61,4521050000,4521050000
1281706200,1082.22,1086.25,1079,1079.25,3328890000,3328890000
1281965400,1077.49,1082.62,1069.49,1079.38,3142450000,3142450000
1282051800,1081.16,1100.14,1081.16,1092.54,3968210000,3968210000
1282138200,1092.08,1099.77,1085.76,1094.16,3724260000,3724260000
1282224600,1092.44,1092.44,1070.66,1075.63,4290540000,4290540000
1282311000,1075.63,1075.63,1063.91,1071.69,3761570000,3761570000
1282570200,1073.36,1081.58,1067.08,1067.36,3210950000,3210950000
1282656600,1063.2,1063.2,1046.68,1051.87,4436330000,4436330000
1282743000,1048.98,1059.38,1039.83,1055.33,4360190000,4360190000
1282829400,1056.28,1061.45,1045.4,1047.22,3646710000,3646710000
1282915800,1049.27,1065.21,1039.7,1064.59,4102460000,4102460000
1283175000,1062.9,1064.4,1048.79,1048.92,2917990000,2917990000
1283261400,1046.88,1055.14,1040.88,1049.33,4038770000,4038770000
1283347800,1049.72,1081.3,1049.72,1080.29,4396880000,4396880000
1283434200,1080.66,1090.1,1080.39,1090.1,3704210000,3704210000
1283520600,1093.61,1105.1,1093.61,1104.51,3534500000,3534500000
1283866200,1102.6,1102.6,1091.15,1091.84,3107380000,3107380000
1283952600,1092.36,1103.26,1092.36,1098.87,3224640000,3224640000
1284039000,1101.15,1110.27,1101.15,1104.18,3387770000,3387770000
1284125400,1104.57,1110.88,1103.92,1109.55,3061160000,3061160000
1284384600,1113.38,1123.87,1113.38,1121.9,4521050000,4521050000
1284471000,1121.16,1127.36,1115.58,1121.1,4521050000,4521050000
1284557400,1119.43,1126.46,1114.63,1125.07,3369840000,3369840000
1284643800,1123.89,1125.44,1118.88,1124.66,3364080000,3364080000
1284730200,1126.39,1131.47,1122.43,1125.59,4086140000,4086140000
1284989400,1126.57,1144.86,1126.57,1142.71,3364080000,3364080000
1285075800,1142.82,1148.59,1136.22,1139.78,4175660000,4175660000
1285162200,1139.49,1144.38,1131.58,1134.28,3911070000,3911070000
1285248600,1131.1,1136.77,1122.79,1124.83,3847850000,3847850000
1285335000,1131.69,1148.9,1131.69,1148.67,4123950000,4123950000
1285594200,1148.64,1149.92,1142,1142.16,3587860000,3587860000
1285680600,1142.31,1150,1132.09,1147.7,4025840000,4025840000
1285767000,1146.75,1148.63,1140.26,1144.73,3990280000,3990280000
1285853400,1145.97,1157.16,1136.08,1141.2,4284160000,4284160000
1285939800,1143.49,1150.3,1139.42,1146.24,4298910000,4298910000
1286199000,1144.96,1148.16,1131.87,1137.03,3604110000,3604110000
1286285400,1140.68,1162.76,1140.68,1160.75,4068840000,4068840000
1286371800,1159.81,1162.33,1154.85,1159.97,4073160000,4073160000
1286458200,1161.57,1163.87,1151.41,1158.06,3910550000,3910550000
1286544600,1158.36,1167.73,1155.58,1165.15,3871420000,3871420000
1286803800,1165.32,1168.68,1162.02,1165.32,2505900000,2505900000
1286890200,1164.28,1172.58,1155.71,1169.77,4076170000,4076170000
1286976600,1171.32,1184.38,1171.32,1178.1,4969410000,4969410000
1287063000,1177.82,1178.89,1166.71,1173.81,4969410000,4969410000
1287149400,1177.47,1181.2,1167.12,1176.19,5724910000,5724910000
1287408600,1176.83,1185.53,1174.55,1184.71,4450050000,4450050000
1287495000,1178.64,1178.64,1159.71,1165.9,5600120000,5600120000
1287581400,1166.74,1182.94,1166.74,1178.17,5027880000,5027880000
1287667800,1179.82,1189.43,1171.17,1180.26,4625470000,4625470000
1287754200,1180.52,1183.93,1178.99,1183.08,3177890000,3177890000
1288013400,1184.74,1196.14,1184.74,1185.62,4221380000,4221380000
1288099800,1184.88,1187.11,1177.72,1185.64,4203680000,4203680000
1288186200,1183.84,1183.84,1171.7,1182.45,4335670000,4335670000
1288272600,1184.47,1189.53,1177.1,1183.78,4283460000,4283460000
1288359000,1183.87,1185.46,1179.7,1183.26,3537880000,3537880000
1288618200,1185.71,1195.81,1177.65,1184.38,4129180000,4129180000
1288704600,1187.86,1195.88,1187.86,1193.57,3866200000,3866200000
1288791000,1193.79,1198.3,1183.56,1197.96,4665480000,4665480000
1288877400,1198.34,1221.25,1198.34,1221.06,5695470000,5695470000
1288963800,1221.2,1227.08,1220.29,1225.85,5637460000,5637460000
1289226600,1223.24,1224.57,1217.55,1223.25,3937230000,3937230000
1289313000,1223.59,1226.84,1208.94,1213.4,4848040000,4848040000
1289399400,1213.14,1218.75,1204.33,1218.71,4561300000,4561300000
1289485800,1213.04,1215.45,1204.49,1213.54,3931120000,3931120000
1289572200,1209.07,1210.5,1194.08,1199.21,4213620000,4213620000
1289831400,1200.44,1207.43,1197.15,1197.75,3503370000,3503370000
1289917800,1194.79,1194.79,1173,1178.34,5116380000,5116380000
1290004200,1178.33,1183.56,1175.82,1178.59,3904780000,3904780000
1290090600,1183.75,1200.29,1183.75,1196.69,4687260000,4687260000
1290177000,1196.12,1199.97,1189.44,1199.73,3675390000,3675390000
1290436200,1198.07,1198.94,1184.58,1197.84,3689500000,3689500000
1290522600,1192.51,1192.51,1176.91,1180.73,4133070000,4133070000
1290609000,1183.7,1198.62,1183.7,1198.35,3384250000,3384250000
1290781800,1194.16,1194.16,1186.93,1189.4,1613820000,1613820000
1291041000,1194.16,1194.16,1173.64,1187.76,3673450000,3673450000
1291127400,1182.96,1187.4,1174.14,1180.55,4284700000,4284700000
1291213800,1186.6,1207.61,1186.6,1206.07,4548110000,4548110000
1291300200,1206.81,1221.89,1206.81,1221.53,4970800000,4970800000
1291386600,1219.93,1225.57,1216.82,1224.71,3735780000,3735780000
1291645800,1223.87,1225.8,1220.67,1223.12,3527370000,3527370000
1291732200,1227.25,1235.05,1223.25,1223.75,6970630000,6970630000
1291818600,1225.02,1228.93,1219.5,1228.28,4607590000,4607590000
1291905000,1230.14,1234.71,1226.85,1233,4522510000,4522510000
1291991400,1233.85,1240.4,1232.58,1240.4,4547310000,4547310000
1292250600,1242.52,1246.73,1240.34,1240.46,4361240000,4361240000
1292337000,1241.84,1246.59,1238.17,1241.59,4132350000,4132350000
1292423400,1241.58,1244.25,1234.01,1235.23,4407340000,4407340000
1292509800,1236.34,1243.75,1232.85,1242.87,4736820000,4736820000
1292596200,1243.63,1245.81,1239.87,1243.91,4632470000,4632470000
1292855400,1245.76,1250.2,1241.51,1247.08,3548140000,3548140000
1292941800,1249.43,1255.82,1249.43,1254.6,3479670000,3479670000
1293028200,1254.94,1259.39,1254.94,1258.84,1285590000,1285590000
1293114600,1257.53,1258.59,1254.05,1256.77,2515020000,2515020000
1293460200,1254.66,1258.43,1251.48,1257.54,1992470000,1992470000
1293546600,1259.1,1259.9,1256.22,1258.51,2478450000,2478450000
1293633000,1258.78,1262.6,1258.78,1259.78,2214380000,2214380000
1293719400,1259.44,1261.09,1256.32,1257.88,1970720000,1970720000
1293805800,1256.76,1259.34,1254.19,1257.64,1799770000,1799770000
1294065000,1257.62,1276.17,1257.62,1271.89,4286670000,4286670000
1294151400,1272.95,1274.12,1262.66,1270.2,4796420000,4796420000
1294237800,1268.78,1277.63,1265.36,1276.56,4764920000,4764920000
1294324200,1275.47,1278.17,1270.43,1273.85,4844100000,4844100000
1294410600,1274.41,1276.83,1261.7,1271.5,4963110000,4963110000
1294669800,1270.84,1271.52,1262.18,1269.75,4036450000,4036450000
1294756200,1272.58,1277.25,1269.62,1274.48,4050750000,4050750000
1294842600,1275.65,1286.87,1275.65,1285.96,4226940000,4226940000
1294929000,1285.78,1286.7,1280.47,1283.76,4310840000,4310840000
1295015400,1282.9,1293.24,1281.24,1293.24,4661590000,4661590000
1295361000,1293.22,1296.06,1290.16,1295.02,5284990000,5284990000
1295447400,1294.52,1294.6,1278.92,1281.92,4743710000,4743710000
1295533800,1280.85,1283.35,1271.26,1280.26,4935320000,4935320000
1295620200,1283.63,1291.21,1282.07,1283.35,4935320000,4935320000
1295879400,1283.29,1291.93,1282.47,1290.84,3902470000,3902470000
1295965800,1288.17,1291.26,1281.07,1291.18,4595380000,4595380000
1296052200,1291.97,1299.74,1291.97,1296.63,4730980000,4730980000
1296138600,1297.51,1301.29,1294.41,1299.54,4309190000,4309190000
1296225000,1299.63,1302.67,1275.1,1276.34,5618630000,5618630000
1296484200,1276.5,1287.17,1276.5,1286.12,4167160000,4167160000
1296570600,1289.14,1308.86,1289.14,1307.59,5164500000,5164500000
1296657000,1305.91,1307.61,1302.62,1304.03,4098260000,4098260000
1296743400,1302.77,1308.6,1294.83,1307.1,4370990000,4370990000
1296829800,1307.01,1311,1301.67,1310.87,3925950000,3925950000
1297089000,1311.85,1322.85,1311.85,1319.05,3902270000,3902270000
1297175400,1318.76,1324.87,1316.03,1324.57,3881530000,3881530000
1297261800,1322.48,1324.54,1314.89,1320.88,3922240000,3922240000
1297348200,1318.13,1322.78,1311.74,1321.87,4184610000,4184610000
1297434600,1318.66,1330.79,1316.08,1329.15,4219300000,4219300000
1297693800,1328.73,1332.96,1326.9,1332.32,3567040000,3567040000
1297780200,1330.43,1330.43,1324.61,1328.01,3926860000,3926860000
1297866600,1329.51,1337.61,1329.51,1336.32,1966450000,1966450000
1297953000,1334.37,1341.5,1331,1340.43,1966450000,1966450000
1298039400,1340.38,1344.07,1338.12,1343.01,1162310000,1162310000
1298385000,1338.91,1338.91,1312.33,1315.44,1322780000,1322780000
1298471400,1315.44,1317.91,1299.55,1307.4,1330340000,1330340000
1298557800,1307.47,1310.91,1294.26,1306.1,1222900000,1222900000
1298644200,1307.34,1320.61,1307.34,1319.88,3836030000,3836030000
1298903400,1321.61,1329.38,1320.55,1327.22,1252850000,1252850000
1298989800,1328.64,1332.09,1306.14,1306.33,1180420000,1180420000
1299076200,1305.47,1314.19,1302.58,1308.44,1025000000,1025000000
1299162600,1312.37,1332.28,1312.37,1330.97,4340470000,4340470000
1299249000,1330.73,1331.08,1312.59,1321.15,4223740000,4223740000
1299508200,1322.72,1327.68,1303.99,1310.13,3964730000,3964730000
1299594600,1311.05,1325.74,1306.86,1321.82,4531420000,4531420000
1299681000,1319.92,1323.21,1312.27,1320.02,3709520000,3709520000
1299767400,1315.72,1315.72,1294.21,1295.11,4723020000,4723020000
1299853800,1293.43,1308.35,1291.99,1304.28,3740400000,3740400000
1300109400,1301.19,1301.19,1286.37,1296.39,4050370000,4050370000
1300195800,1288.46,1288.46,1261.12,1281.87,5201400000,5201400000
1300282200,1279.46,1280.91,1249.05,1256.88,5833000000,5833000000
1300368600,1261.61,1278.88,1261.61,1273.72,4134950000,4134950000
1300455000,1276.71,1288.88,1276.18,1279.2,4685500000,4685500000
1300714200,1281.65,1300.58,1281.65,1298.38,4223730000,4223730000
1300800600,1298.29,1298.47,1293.77,1293.77,3576550000,3576550000
1300887000,1292.19,1300.51,1284.05,1297.54,3842350000,3842350000
1300973400,1300.61,1311.34,1297.74,1309.66,4223740000,4223740000
1301059800,1311.8,1319.18,1310.15,1313.8,4223740000,4223740000
1301319000,1315.45,1319.74,1310.19,1310.19,3215170000,3215170000
1301405400,1309.37,1319.45,1305.26,1319.44,3482580000,3482580000
1301491800,1321.89,1331.74,1321.89,1328.26,3809570000,3809570000
1301578200,1327.44,1329.77,1325.03,1325.83,3566270000,3566270000
1301664600,1329.48,1337.85,1328.89,1332.41,4223740000,4223740000
1301923800,1333.56,1336.74,1329.1,1332.87,4223740000,4223740000
1302010200,1332.03,1338.21,1330.03,1332.63,3852280000,3852280000
1302096600,1335.94,1339.38,1331.09,1335.54,4223740000,4223740000
1302183000,1334.82,1338.8,1326.56,1333.51,4005600000,4005600000
1302269400,1336.16,1339.46,1322.94,1328.17,3582810000,3582810000
1302528600,1329.01,1333.77,1321.06,1324.46,3478970000,3478970000
1302615000,1321.96,1321.96,1309.51,1314.16,4275490000,4275490000
1302701400,1314.03,1321.35,1309.19,1314.41,3850860000,3850860000
1302787800,1311.13,1316.79,1302.42,1314.52,3872630000,3872630000
1302874200,1314.54,1322.88,1313.68,1319.68,4223740000,4223740000
1303133400,1313.35,1313.35,1294.7,1305.14,4223740000,4223740000
1303219800,1305.99,1312.7,1303.97,1312.62,3886300000,3886300000
1303306200,1319.12,1332.66,1319.12,1330.36,4236280000,4236280000
1303392600,1333.23,1337.49,1332.83,1337.38,3587240000,3587240000
1303738200,1337.14,1337.55,1331.47,1335.25,2142130000,2142130000
1303824600,1336.75,1349.55,1336.75,1347.24,3908060000,3908060000
1303911000,1348.43,1357.49,1344.25,1355.66,4051570000,4051570000
1303997400,1353.86,1361.71,1353.6,1360.48,4036820000,4036820000
1304083800,1360.14,1363.61,1360.14,1363.61,3479070000,3479070000
1304343000,1365.21,1370.58,1358.59,1361.22,3846250000,3846250000
1304429400,1359.76,1360.84,1349.52,1356.62,4223740000,4223740000
1304515800,1355.9,1355.9,1341.5,1347.32,4223740000,4223740000
1304602200,1344.16,1348,1329.17,1335.1,3846250000,3846250000
1304688600,1340.24,1354.36,1335.58,1340.2,4223740000,4223740000
1304947800,1340.2,1349.44,1338.64,1346.29,4265250000,4265250000
1305034200,1348.34,1359.44,1348.34,1357.16,4223740000,4223740000
1305120600,1354.51,1354.51,1336.36,1342.08,3846250000,3846250000
1305207000,1339.39,1351.05,1332.03,1348.65,3777210000,3777210000
1305293400,1348.69,1350.47,1333.36,1337.77,3426660000,3426660000
1305552600,1334.77,1343.33,1327.32,1329.47,3846250000,3846250000
1305639000,1326.1,1330.42,1318.51,1328.98,4053970000,4053970000
1305725400,1328.54,1341.82,1326.59,1340.68,3922030000,3922030000
1305811800,1342.4,1345.21,1336.36,1343.6,3626110000,3626110000
1305898200,1342,1342,1330.67,1333.27,4066020000,4066020000
1306157400,1333.07,1333.07,1312.88,1317.37,3255580000,3255580000
1306243800,1317.7,1323.72,1313.87,1316.28,3846250000,3846250000
1306330200,1316.36,1325.86,1311.8,1320.47,4109670000,4109670000
1306416600,1320.64,1328.51,1314.41,1325.69,3259470000,3259470000
1306503000,1325.69,1334.62,1325.69,1331.1,3124560000,3124560000
1306848600,1331.1,1345.2,1331.1,1345.2,4696240000,4696240000
1306935000,1345.2,1345.2,1313.71,1314.55,4241090000,4241090000
1307021400,1314.55,1318.03,1305.61,1312.94,3762170000,3762170000
1307107800,1312.94,1312.94,1297.9,1300.16,3505030000,3505030000
1307367000,1300.26,1300.26,1284.72,1286.17,3555980000,3555980000
1307453400,1286.31,1296.22,1284.74,1284.94,3846250000,3846250000
1307539800,1284.63,1287.04,1277.42,1279.56,3970810000,3970810000
1307626200,1279.63,1294.54,1279.63,1289,3332510000,3332510000
1307712600,1288.6,1288.6,1268.28,1270.98,3846250000,3846250000
1307971800,1271.31,1277.04,1265.64,1271.83,4132520000,4132520000
1308058200,1272.22,1292.5,1272.22,1287.87,3500280000,3500280000
1308144600,1287.87,1287.87,1261.9,1265.42,4070500000,4070500000
1308231000,1265.53,1274.11,1258.07,1267.64,3846250000,3846250000
1308317400,1268.58,1279.82,1267.4,1271.5,4916460000,4916460000
1308576600,1271.5,1280.42,1267.56,1278.36,3464660000,3464660000
1308663000,1278.4,1297.62,1278.4,1295.52,4056150000,4056150000
1308749400,1295.48,1298.61,1286.79,1287.14,3718420000,3718420000
1308835800,1286.6,1286.6,1262.87,1283.5,4983450000,4983450000
1308922200,1283.04,1283.93,1267.24,1268.45,3665340000,3665340000
1309181400,1268.44,1284.91,1267.53,1280.1,3479070000,3479070000
1309267800,1280.21,1296.8,1280.21,1296.67,3681500000,3681500000
1309354200,1296.85,1309.21,1296.85,1307.41,4347540000,4347540000
1309440600,1307.64,1321.97,1307.64,1320.64,4200500000,4200500000
1309527000,1320.64,1341.01,1318.18,1339.67,3796930000,3796930000
1309872600,1339.59,1340.89,1334.3,1337.88,3722320000,3722320000
1309959000,1337.56,1340.94,1330.92,1339.22,3564190000,3564190000
1310045400,1339.62,1356.48,1339.62,1353.22,4069530000,4069530000
1310131800,1352.39,1352.39,1333.71,1343.8,3594360000,3594360000
1310391000,1343.31,1343.31,1316.42,1319.49,3879130000,3879130000
1310477400,1319.61,1327.17,1313.33,1313.64,4227890000,4227890000
1310563800,1314.45,1331.48,1314.45,1317.72,4060080000,4060080000
1310650200,1317.74,1326.88,1306.51,1308.87,4358570000,4358570000
1310736600,1308.87,1317.7,1307.52,1316.14,4242760000,4242760000
1310995800,1315.94,1315.94,1295.92,1305.44,4118160000,4118160000
1311082200,1307.07,1328.14,1307.07,1326.73,4304600000,4304600000
1311168600,1328.66,1330.43,1323.65,1325.84,3767420000,3767420000
1311255000,1325.65,1347,1325.65,1343.8,4837430000,4837430000
1311341400,1343.8,1346.1,1336.95,1345.02,3522830000,3522830000
1311600600,1344.32,1344.32,1331.09,1337.43,3536890000,3536890000
1311687000,1337.39,1338.51,1329.59,1331.94,4007050000,4007050000
1311773400,1331.91,1331.91,1303.49,1304.89,3479040000,3479040000
1311859800,1304.84,1316.32,1299.16,1300.67,4951800000,4951800000
1311946200,1300.12,1304.16,1282.86,1292.28,5061190000,5061190000
1312205400,1292.59,1307.38,1274.73,1286.94,4967390000,4967390000
1312291800,1286.56,1286.56,1254.03,1254.05,5206290000,5206290000
1312378200,1254.25,1261.2,1234.56,1260.34,6446940000,6446940000
1312464600,1260.23,1260.23,1199.54,1200.07,4266530000,4266530000
1312551000,1200.28,1218.11,1168.09,1199.38,5454590000,5454590000
1312810200,1198.48,1198.48,1119.28,1119.46,2615150000,2615150000
1312896600,1120.23,1172.88,1101.54,1172.53,2366660000,2366660000
1312983000,1171.77,1171.77,1118.01,1120.76,5018070000,5018070000
1313069400,1121.3,1186.29,1121.3,1172.64,3685050000,3685050000
1313155800,1172.87,1189.04,1170.74,1178.81,5640380000,5640380000
1313415000,1178.86,1204.49,1178.86,1204.49,4272850000,4272850000
1313501400,1204.22,1204.22,1180.53,1192.76,5071600000,5071600000
1313587800,1192.89,1208.47,1184.36,1193.89,4388340000,4388340000
1313674200,1189.62,1189.62,1131.03,1140.65,3234810000,3234810000
1313760600,1140.47,1154.54,1122.05,1123.53,5167560000,5167560000
1314019800,1123.55,1145.49,1121.09,1123.82,5436260000,5436260000
1314106200,1124.36,1162.35,1122.91,1162.35,5013170000,5013170000
1314192600,1162.16,1178.56,1156.3,1177.6,5315310000,5315310000
1314279000,1176.69,1190.68,1155.47,1159.27,5748420000,5748420000
1314365400,1158.85,1181.23,1135.91,1176.8,5035320000,5035320000
1314624600,1177.91,1210.28,1177.91,1210.08,4228070000,4228070000
1314711000,1209.76,1220.1,1195.77,1212.92,4572570000,4572570000
1314797400,1213,1230.71,1209.35,1218.89,5267840000,5267840000
1314883800,1219.12,1229.29,1203.85,1204.42,4780410000,4780410000
1314970200,1203.9,1203.9,1170.56,1173.97,4401740000,4401740000
1315315800,1173.97,1173.97,1140.13,1165.24,5103980000,5103980000
1315402200,1165.85,1198.62,1165.85,1198.62,4441040000,4441040000
1315488600,1197.98,1204.4,1183.34,1185.9,4465170000,4465170000
1315575000,1185.37,1185.37,1148.37,1154.23,4586370000,4586370000
1315834200,1153.5,1162.52,1136.07,1162.27,5168550000,5168550000
1315920600,1162.59,1176.41,1157.44,1172.87,4681370000,4681370000
1316007000,1173.32,1202.38,1162.73,1188.68,4986740000,4986740000
1316093400,1189.44,1209.11,1189.44,1209.11,4479730000,4479730000
1316179800,1209.21,1220.06,1204.46,1216.01,5248890000,5248890000
1316439000,1214.99,1214.99,1188.36,1204.09,4254190000,4254190000
1316525400,1204.5,1220.39,1201.29,1202.09,4315610000,4315610000
1316611800,1203.63,1206.3,1166.21,1166.76,4728550000,4728550000
1316698200,1164.55,1164.55,1114.22,1129.56,6703140000,6703140000
1316784600,1128.82,1141.72,1121.36,1136.43,5639930000,5639930000
1317043800,1136.91,1164.19,1131.07,1162.95,4762830000,4762830000
1317130200,1163.32,1195.86,1163.32,1175.38,5548130000,5548130000
1317216600,1175.39,1184.71,1150.4,1151.06,4787920000,4787920000
1317303000,1151.74,1175.87,1139.93,1160.4,5285740000,5285740000
1317389400,1159.93,1159.93,1131.34,1131.42,4416790000,4416790000
1317648600,1131.21,1138.99,1098.92,1099.23,5670340000,5670340000
1317735000,1097.42,1125.12,1074.77,1123.95,3714670000,3714670000
1317821400,1124.03,1146.07,1115.68,1144.03,2510620000,2510620000
1317907800,1144.11,1165.55,1134.95,1164.97,5098330000,5098330000
1317994200,1165.03,1171.4,1150.26,1155.46,5580380000,5580380000
1318253400,1158.15,1194.91,1158.15,1194.89,4446800000,4446800000
1318339800,1194.6,1199.24,1187.3,1195.54,4424500000,4424500000
1318426200,1196.19,1220.25,1196.19,1207.25,5355360000,5355360000
1318512600,1206.96,1207.46,1190.58,1203.66,4436270000,4436270000
1318599000,1205.65,1224.61,1205.65,1224.58,4116690000,4116690000
1318858200,1224.47,1224.47,1198.55,1200.86,4300700000,4300700000
1318944600,1200.75,1233.1,1191.48,1225.38,4840170000,4840170000
1319031000,1223.46,1229.64,1206.31,1209.88,4846390000,4846390000
1319117400,1209.92,1219.53,1197.34,1215.39,4870290000,4870290000
1319203800,1215.39,1239.03,1215.39,1238.25,4980770000,4980770000
1319463000,1238.72,1256.55,1238.72,1254.19,4309380000,4309380000
1319549400,1253.86,1253.86,1226.79,1229.05,4473970000,4473970000
1319635800,1229.17,1246.28,1221.06,1242,4873530000,4873530000
1319722200,1243.97,1292.66,1243.97,1284.59,6367610000,6367610000
1319808600,1284.39,1287.08,1277.01,1285.09,4536690000,4536690000
1320067800,1284.96,1284.96,1253.16,1253.3,4310210000,4310210000
1320154200,1251,1251,1215.42,1218.28,5645540000,5645540000
1320240600,1219.62,1242.48,1219.62,1237.9,4110530000,4110530000
1320327000,1238.25,1263.21,1234.81,1261.15,4849140000,4849140000
1320413400,1260.82,1260.82,1238.92,1253.23,3830650000,3830650000
1320676200,1253.21,1261.7,1240.75,1261.12,3429740000,3429740000
1320762600,1261.12,1277.55,1254.99,1275.92,3908490000,3908490000
1320849000,1275.18,1275.18,1226.64,1229.1,4659740000,4659740000
1320935400,1229.59,1246.22,1227.7,1239.66,4002760000,4002760000
1321021800,1240.12,1266.98,1240.12,1263.85,3370180000,3370180000
1321281000,1263.85,1263.85,1246.68,1251.78,3219680000,3219680000
1321367400,1251.7,1264.25,1244.34,1257.81,3599300000,3599300000
1321453800,1257.81,1259.61,1235.67,1236.91,4085010000,4085010000
1321540200,1236.56,1237.73,1209.43,1216.13,4596450000,4596450000
1321626600,1216.19,1223.51,1211.36,1215.65,3827610000,3827610000
1321885800,1215.62,1215.62,1183.16,1192.98,4050070000,4050070000
1321972200,1192.98,1196.81,1181.65,1188.04,3911710000,3911710000
1322058600,1187.48,1187.48,1161.79,1161.79,3798940000,3798940000
1322231400,1161.41,1172.66,1158.66,1158.67,1664200000,1664200000
1322490600,1158.67,1197.35,1158.67,1192.55,3920750000,3920750000
1322577000,1192.56,1203.67,1191.8,1195.19,3992650000,3992650000
1322663400,1196.72,1247.11,1196.72,1246.96,5801910000,5801910000
1322749800,1246.91,1251.09,1239.73,1244.58,3818680000,3818680000
1322836200,1246.03,1260.08,1243.35,1244.28,4144310000,4144310000
1323095400,1244.33,1266.73,1244.33,1257.08,4148060000,4148060000
1323181800,1257.19,1266.03,1253.03,1258.47,3734230000,3734230000
1323268200,1258.14,1267.06,1244.8,1261.01,4160540000,4160540000
1323354600,1260.87,1260.87,1231.47,1234.35,4298370000,4298370000
1323441000,1234.48,1258.25,1234.48,1255.19,3830610000,3830610000
1323700200,1255.05,1255.05,1227.25,1236.47,3600570000,3600570000
1323786600,1236.83,1249.86,1219.43,1225.73,4121570000,4121570000
1323873000,1225.73,1225.73,1209.47,1211.82,4298290000,4298290000
1323959400,1212.12,1225.6,1212.12,1215.75,3810340000,3810340000
1324045800,1216.09,1231.04,1215.2,1219.66,5345800000,5345800000
1324305000,1219.74,1224.57,1202.37,1205.35,3659820000,3659820000
1324391400,1205.72,1242.82,1205.72,1241.3,4055590000,4055590000
1324477800,1241.25,1245.09,1229.51,1243.72,2959020000,2959020000
1324564200,1243.72,1255.22,1243.72,1254,3492250000,3492250000
1324650600,1254,1265.42,1254,1265.33,2233830000,2233830000
1324996200,1265.02,1269.37,1262.3,1265.43,2130590000,2130590000
1325082600,1265.38,1265.85,1248.64,1249.64,2349980000,2349980000
1325169000,1249.75,1263.54,1249.75,1263.02,2278130000,2278130000
1325255400,1262.82,1264.12,1257.46,1257.6,2271850000,2271850000
1325601000,1258.86,1284.62,1258.86,1277.06,3943710000,3943710000
1325687400,1277.03,1278.73,1268.1,1277.3,3592580000,3592580000
1325773800,1277.3,1283.05,1265.26,1281.06,4315950000,4315950000
1325860200,1280.93,1281.84,1273.34,1277.81,3656830000,3656830000
1326119400,1277.83,1281.99,1274.55,1280.7,3371600000,3371600000
1326205800,1280.77,1296.46,1280.77,1292.08,4221960000,4221960000
1326292200,1292.02,1293.8,1285.41,1292.48,3968120000,3968120000
1326378600,1292.48,1296.82,1285.77,1295.5,4019890000,4019890000
1326465000,1294.82,1294.82,1277.58,1289.09,3692370000,3692370000
1326810600,1290.22,1303,1290.22,1293.67,4010490000,4010490000
1326897000,1293.65,1308.11,1290.99,1308.04,4096160000,4096160000
1326983400,1308.07,1315.49,1308.07,1314.5,4465890000,4465890000
1327069800,1314.49,1315.38,1309.17,1315.38,3912620000,3912620000
1327329000,1315.29,1322.28,1309.89,1316,3770910000,3770910000
1327415400,1315.96,1315.96,1306.06,1314.65,3693560000,3693560000
1327501800,1314.4,1328.3,1307.65,1326.06,4410910000,4410910000
1327588200,1326.28,1333.47,1313.6,1318.43,4522070000,4522070000
1327674600,1318.25,1320.06,1311.72,1316.33,4007380000,4007380000
1327933800,1316.16,1316.16,1300.49,1313.01,3659010000,3659010000
1328020200,1313.53,1321.41,1306.69,1312.41,4235550000,4235550000
1328106600,1312.45,1330.52,1312.45,1324.09,4504360000,4504360000
1328193000,1324.24,1329.19,1321.57,1325.54,4120920000,4120920000
1328279400,1326.21,1345.34,1326.21,1344.9,4608550000,4608550000
1328538600,1344.32,1344.36,1337.52,1344.33,3379700000,3379700000
1328625000,1344.33,1349.24,1335.92,1347.05,3742460000,3742460000
1328711400,1347.04,1351,1341.95,1349.96,4096730000,4096730000
1328797800,1349.97,1354.32,1344.63,1351.95,4209890000,4209890000
1328884200,1351.21,1351.21,1337.35,1342.64,3877580000,3877580000
1329143400,1343.06,1353.35,1343.06,1351.77,3618040000,3618040000
1329229800,1351.3,1351.3,1340.83,1350.5,3889520000,3889520000
1329316200,1350.52,1355.87,1340.8,1343.23,4080340000,4080340000
1329402600,1342.61,1359.02,1341.22,1358.04,4108880000,4108880000
1329489000,1358.06,1363.4,1357.24,1361.23,3717640000,3717640000
1329834600,1361.22,1367.76,1358.11,1362.21,3795200000,3795200000
1329921000,1362.11,1362.7,1355.53,1357.66,3633710000,3633710000
1330007400,1357.53,1364.24,1352.28,1363.46,3786450000,3786450000
1330093800,1363.46,1368.92,1363.46,1365.74,3505360000,3505360000
1330353000,1365.2,1371.94,1354.92,1367.59,3648890000,3648890000
1330439400,1367.56,1373.09,1365.97,1372.18,3579120000,3579120000
1330525800,1372.2,1378.04,1363.81,1365.68,4482370000,4482370000
1330612200,1365.9,1376.17,1365.9,1374.09,3919240000,3919240000
1330698600,1374.09,1374.53,1366.42,1369.63,3283490000,3283490000
1330957800,1369.59,1369.59,1359.13,1364.33,3429480000,3429480000
1331044200,1363.63,1363.63,1340.03,1343.36,4191060000,4191060000
1331130600,1343.39,1354.85,1343.39,1352.63,3580380000,3580380000
1331217000,1352.65,1368.72,1352.65,1365.91,3543060000,3543060000
1331303400,1365.97,1374.76,1365.97,1370.87,3639470000,3639470000
1331559000,1370.78,1373.04,1366.69,1371.09,3081870000,3081870000
1331645400,1371.92,1396.13,1371.92,1395.95,4386470000,4386470000
1331731800,1395.95,1399.42,1389.97,1394.28,4502280000,4502280000
1331818200,1394.17,1402.63,1392.78,1402.6,4271650000,4271650000
1331904600,1402.55,1405.88,1401.47,1404.17,5163950000,5163950000
1332163800,1404.17,1414,1402.43,1409.75,3932570000,3932570000
1332250200,1409.59,1409.59,1397.68,1405.52,3695280000,3695280000
1332336600,1405.52,1407.75,1400.64,1402.89,3573590000,3573590000
1332423000,1402.89,1402.89,1388.73,1392.78,3740590000,3740590000
1332509400,1392.78,1399.18,1386.87,1397.11,3472950000,3472950000
1332768600,1397.11,1416.58,1397.11,1416.51,3576950000,3576950000
1332855000,1416.55,1419.15,1411.95,1412.52,3513640000,3513640000
1332941400,1412.52,1413.65,1397.2,1405.54,3892800000,3892800000
1333027800,1405.39,1405.39,1391.56,1403.28,3832000000,3832000000
1333114200,1403.31,1410.89,1401.42,1408.47,3676890000,3676890000
1333373400,1408.47,1422.38,1404.46,1419.04,3572010000,3572010000
1333459800,1418.98,1419,1404.62,1413.38,3822090000,3822090000
1333546200,1413.09,1413.09,1394.09,1398.96,3938290000,3938290000
1333632600,1398.79,1401.6,1392.92,1398.08,3303740000,3303740000
1333978200,1397.45,1397.45,1378.24,1382.2,3468980000,3468980000
1334064600,1382.18,1383.01,1357.38,1358.59,4631730000,4631730000
1334151000,1358.98,1374.71,1358.98,1368.71,3743040000,3743040000
1334237400,1368.77,1388.13,1368.77,1387.57,3618280000,3618280000
1334323800,1387.61,1387.61,1369.85,1370.26,3631160000,3631160000
1334583000,1370.27,1379.66,1365.38,1369.57,3574780000,3574780000
1334669400,1369.57,1392.76,1369.57,1390.78,3456200000,3456200000
1334755800,1390.78,1390.78,1383.29,1385.14,3463140000,3463140000
1334842200,1385.08,1390.46,1370.3,1376.92,4180020000,4180020000
1334928600,1376.96,1387.4,1376.96,1378.53,3833320000,3833320000
1335187800,1378.53,1378.53,1358.79,1366.94,3654860000,3654860000
1335274200,1366.97,1375.57,1366.82,1371.97,3617100000,3617100000
1335360600,1372.11,1391.37,1372.11,1390.69,3998430000,3998430000
1335447000,1390.64,1402.09,1387.28,1399.98,4034700000,4034700000
1335533400,1400.19,1406.64,1397.31,1403.36,3645830000,3645830000
1335792600,1403.26,1403.26,1394,1397.91,3574010000,3574010000
1335879000,1397.86,1415.32,1395.73,1405.82,3807950000,3807950000
1335965400,1405.5,1405.5,1393.92,1402.31,3803860000,3803860000
1336051800,1402.32,1403.07,1388.71,1391.57,4004910000,4004910000
1336138200,1391.51,1391.51,1367.96,1369.1,3975140000,3975140000
1336397400,1368.79,1373.91,1363.94,1369.58,3559390000,3559390000
1336483800,1369.16,1369.16,1347.75,1363.72,4261670000,4261670000
1336570200,1363.2,1363.73,1343.13,1354.58,4288540000,4288540000
1336656600,1354.58,1365.88,1354.58,1357.99,3727990000,3727990000
1336743000,1358.11,1365.66,1348.89,1353.39,3869070000,3869070000
1337002200,1351.93,1351.93,1336.61,1338.35,3688120000,3688120000
1337088600,1338.36,1344.94,1328.41,1330.66,4114040000,4114040000
1337175000,1330.78,1341.78,1324.79,1324.8,4280420000,4280420000
1337261400,1324.82,1326.36,1304.86,1304.86,4664280000,4664280000
1337347800,1305.05,1312.24,1291.98,1295.22,4512470000,4512470000
1337607000,1295.73,1316.39,1295.73,1315.99,3786750000,3786750000
1337693400,1316.09,1328.49,1310.04,1316.63,4123680000,4123680000
1337779800,1316.02,1320.71,1296.53,1318.86,4108330000,4108330000
1337866200,1318.72,1324.14,1310.5,1320.68,3937670000,3937670000
1337952600,1320.81,1324.2,1314.23,1317.82,2872660000,2872660000
1338298200,1318.9,1334.93,1318.9,1332.42,3441640000,3441640000
1338384600,1331.25,1331.25,1310.76,1313.32,3534290000,3534290000
1338471000,1313.09,1319.74,1298.9,1310.33,4557620000,4557620000
1338557400,1309.87,1309.87,1277.25,1278.04,4669350000,4669350000
1338816600,1278.29,1282.55,1266.74,1278.18,4011960000,4011960000
1338903000,1277.82,1287.62,1274.16,1285.5,3403230000,3403230000
1338989400,1285.61,1315.13,1285.61,1315.13,4268360000,4268360000
1339075800,1316.15,1329.05,1312.68,1314.99,4258140000,4258140000
1339162200,1314.99,1325.81,1307.77,1325.66,3497190000,3497190000
1339421400,1325.72,1335.52,1307.73,1308.93,3537530000,3537530000
1339507800,1309.4,1324.31,1306.62,1324.18,3442920000,3442920000
1339594200,1324.02,1327.28,1310.51,1314.88,3506510000,3506510000
1339680600,1314.88,1333.68,1314.14,1329.1,3687720000,3687720000
1339767000,1329.19,1343.32,1329.19,1342.84,4401570000,4401570000
1340026200,1342.42,1348.22,1334.46,1344.78,3259430000,3259430000
1340112600,1344.83,1363.46,1344.83,1357.98,3815350000,3815350000
1340199000,1358.04,1361.57,1346.45,1355.69,3695700000,3695700000
1340285400,1355.43,1358.27,1324.41,1325.51,4094470000,4094470000
1340371800,1325.92,1337.82,1325.92,1335.02,5271490000,5271490000
1340631000,1334.9,1334.9,1309.27,1313.72,3501820000,3501820000
1340717400,1314.09,1324.24,1310.3,1319.99,3412940000,3412940000
1340803800,1320.71,1334.4,1320.71,1331.85,3286910000,3286910000
1340890200,1331.52,1331.52,1313.29,1329.04,3969370000,3969370000
1340976600,1330.12,1362.17,1330.12,1362.16,4590480000,4590480000
1341235800,1362.33,1366.35,1355.7,1365.51,3301650000,3301650000
1341322200,1365.75,1374.81,1363.53,1374.02,2116390000,2116390000
1341495000,1373.72,1373.85,1363.02,1367.58,3041520000,3041520000
1341581400,1367.09,1367.09,1348.03,1354.68,2745140000,2745140000
1341840600,1354.66,1354.87,1346.65,1352.46,2904860000,2904860000
1341927000,1352.96,1361.54,1336.27,1341.47,3470600000,3470600000
1342013400,1341.4,1345,1333.25,1341.45,3426290000,3426290000
1342099800,1341.29,1341.29,1325.41,1334.76,3654440000,3654440000
1342186200,1334.81,1357.7,1334.81,1356.78,3212930000,3212930000
1342445400,1356.5,1357.26,1348.51,1353.64,2862720000,2862720000
1342531800,1353.68,1365.36,1345.07,1363.67,3566680000,3566680000
1342618200,1363.58,1375.26,1358.96,1372.78,3642630000,3642630000
1342704600,1373.01,1380.39,1371.21,1376.51,4043360000,4043360000
1342791000,1376.51,1376.51,1362.19,1362.66,3925020000,3925020000
1343050200,1362.34,1362.34,1337.56,1350.52,3717180000,3717180000
1343136600,1350.52,1351.53,1329.24,1338.31,3891290000,3891290000
1343223000,1338.35,1343.98,1331.5,1337.89,3719170000,3719170000
1343309400,1338.17,1363.13,1338.17,1360.02,4429300000,4429300000
1343395800,1360.05,1389.19,1360.05,1385.97,4399010000,4399010000
1343655000,1385.94,1391.74,1381.37,1385.3,3212060000,3212060000
1343741400,1385.27,1387.16,1379.17,1379.32,3821570000,3821570000
1343827800,1379.32,1385.03,1373.35,1375.32,4440920000,4440920000
1343914200,1375.13,1375.13,1354.65,1365,4193740000,4193740000
1344000600,1365.45,1394.16,1365.45,1390.99,3751170000,3751170000
1344259800,1391.04,1399.63,1391.04,1394.23,3122050000,3122050000
1344346200,1394.46,1407.14,1394.46,1401.35,3682490000,3682490000
1344432600,1401.23,1404.14,1396.13,1402.22,3221790000,3221790000
1344519000,1402.26,1405.95,1398.8,1402.8,3119610000,3119610000
1344605400,1402.58,1405.98,1395.62,1405.87,2767980000,2767980000
1344864600,1405.87,1405.87,1397.32,1404.11,2499990000,2499990000
1344951000,1404.36,1410.03,1400.6,1403.93,2930900000,2930900000
1345037400,1403.89,1407.73,1401.83,1405.53,2655750000,2655750000
1345123800,1405.57,1417.44,1404.15,1415.51,3114100000,3114100000
1345210200,1415.84,1418.71,1414.67,1418.16,2922990000,2922990000
1345469400,1417.85,1418.13,1412.12,1418.13,2766320000,2766320000
1345555800,1418.13,1426.68,1410.86,1413.17,3282950000,3282950000
1345642200,1413.09,1416.12,1406.78,1413.49,3062690000,3062690000
1345728600,1413.49,1413.49,1400.5,1402.08,3008240000,3008240000
1345815000,1401.99,1413.46,1398.04,1411.13,2598790000,2598790000
1346074200,1411.13,1416.17,1409.11,1410.44,2472500000,2472500000
1346160600,1410.44,1413.63,1405.59,1409.3,2629090000,2629090000
1346247000,1409.32,1413.95,1406.57,1410.49,2571220000,2571220000
1346333400,1410.08,1410.08,1397.01,1399.48,2530280000,2530280000
1346419800,1400.07,1413.09,1398.96,1406.58,2938250000,2938250000
1346765400,1406.54,1409.31,1396.56,1404.94,3200310000,3200310000
1346851800,1404.94,1408.81,1401.25,1403.44,3389110000,3389110000
1346938200,1403.74,1432.12,1403.74,1432.12,3952870000,3952870000
1347024600,1432.12,1437.92,1431.45,1437.92,3717620000,3717620000
1347283800,1437.92,1438.74,1428.98,1429.08,3223670000,3223670000
1347370200,1429.13,1437.76,1429.13,1433.56,3509630000,3509630000
1347456600,1433.56,1439.15,1432.99,1436.56,3641200000,3641200000
1347543000,1436.56,1463.76,1435.34,1459.99,4606550000,4606550000
1347629400,1460.07,1474.51,1460.07,1465.77,5041990000,5041990000
1347888600,1465.42,1465.63,1457.55,1461.19,3482430000,3482430000
1347975000,1461.19,1461.47,1456.13,1459.32,3377390000,3377390000
1348061400,1459.5,1465.15,1457.88,1461.05,3451360000,3451360000
1348147800,1461.05,1461.23,1449.98,1460.26,3382520000,3382520000
1348234200,1460.34,1467.07,1459.51,1460.15,4833870000,4833870000
1348493400,1459.76,1460.72,1452.06,1456.89,3008920000,3008920000
1348579800,1456.94,1463.24,1441.59,1441.59,3739900000,3739900000
1348666200,1441.6,1441.6,1430.53,1433.32,3565380000,3565380000
1348752600,1433.36,1450.2,1433.36,1447.15,3150330000,3150330000
1348839000,1447.13,1447.13,1435.6,1440.67,3509230000,3509230000
1349098200,1440.9,1457.14,1440.9,1444.49,3505080000,3505080000
1349184600,1444.99,1451.52,1439.01,1445.75,3321790000,3321790000
1349271000,1446.05,1454.3,1441.99,1450.99,3531640000,3531640000
1349357400,1451.08,1463.14,1451.08,1461.4,3615860000,3615860000
1349443800,1461.4,1470.96,1456.89,1460.93,3172940000,3172940000
1349703000,1460.93,1460.93,1453.1,1455.88,2328720000,2328720000
1349789400,1455.9,1455.9,1441.18,1441.48,3216320000,3216320000
1349875800,1441.48,1442.52,1430.64,1432.56,3225060000,3225060000
1349962200,1432.82,1443.9,1432.82,1432.84,3672540000,3672540000
1350048600,1432.84,1438.43,1425.53,1428.59,3134750000,3134750000
1350307800,1428.75,1441.31,1427.24,1440.13,3483810000,3483810000
1350394200,1440.31,1455.51,1440.31,1454.92,3568770000,3568770000
1350480600,1454.22,1462.2,1453.35,1460.91,3655320000,3655320000
1350567000,1460.94,1464.02,1452.63,1457.34,3880030000,3880030000
1350653400,1457.34,1457.34,1429.85,1433.19,3875170000,3875170000
1350912600,1433.21,1435.46,1422.06,1433.82,3216220000,3216220000
1350999000,1433.74,1433.74,1407.56,1413.11,3587670000,3587670000
1351085400,1413.2,1420.04,1407.1,1408.75,3385970000,3385970000
1351171800,1409.74,1421.12,1405.14,1412.97,3512640000,3512640000
1351258200,1412.97,1417.09,1403.28,1411.94,3284910000,3284910000
1351690200,1410.99,1418.76,1405.95,1412.16,3577110000,3577110000
1351776600,1412.2,1428.35,1412.2,1427.59,3929890000,3929890000
1351863000,1427.59,1434.27,1412.91,1414.2,3732480000,3732480000
1352125800,1414.2,1419.9,1408.13,1417.26,2921040000,2921040000
1352212200,1417.26,1433.38,1417.26,1428.39,3306970000,3306970000
1352298600,1428.27,1428.27,1388.14,1394.53,4356490000,4356490000
1352385000,1394.53,1401.23,1377.51,1377.51,3779520000,3779520000
1352471400,1377.55,1391.39,1373.03,1379.85,3647350000,3647350000
1352730600,1379.86,1384.87,1377.19,1380.03,2567540000,2567540000
1352817000,1380.03,1388.81,1371.39,1374.53,3455550000,3455550000
1352903400,1374.64,1380.13,1352.5,1355.49,4109510000,4109510000
1352989800,1355.41,1360.62,1348.05,1353.33,3928870000,3928870000
1353076200,1353.36,1362.03,1343.35,1359.88,4045910000,4045910000
1353335400,1359.88,1386.89,1359.88,1386.89,3374800000,3374800000
1353421800,1386.82,1389.77,1377.04,1387.81,3207160000,3207160000
1353508200,1387.79,1391.25,1386.39,1391.03,2667090000,2667090000
1353681000,1391.03,1409.16,1391.03,1409.15,1504960000,1504960000
1353940200,1409.15,1409.15,1397.68,1406.29,2948960000,2948960000
1354026600,1406.29,1409.01,1398.03,1398.94,3323120000,3323120000
1354113000,1398.77,1410.31,1385.43,1409.93,3359250000,3359250000
1354199400,1409.96,1419.7,1409.04,1415.95,3356850000,3356850000
1354285800,1415.95,1418.86,1411.63,1416.18,3966000000,3966000000
1354545000,1416.34,1423.73,1408.46,1409.46,3074280000,3074280000
1354631400,1409.46,1413.14,1403.65,1407.05,3247710000,3247710000
1354717800,1407.05,1415.56,1398.23,1409.28,4253920000,4253920000
1354804200,1409.43,1413.95,1405.93,1413.94,3229700000,3229700000
1354890600,1413.95,1420.34,1410.9,1418.07,3125160000,3125160000
1355149800,1418.07,1421.64,1415.64,1418.55,2999430000,2999430000
1355236200,1418.55,1434.27,1418.55,1427.84,3650230000,3650230000
1355322600,1427.84,1438.59,1426.76,1428.48,3709050000,3709050000
1355409000,1428.48,1431.36,1416,1419.45,3349960000,3349960000
1355495400,1419.45,1419.45,1411.88,1413.58,3210170000,3210170000
1355754600,1413.54,1430.67,1413.54,1430.36,3455610000,3455610000
1355841000,1430.47,1448,1430.47,1446.79,4302240000,4302240000
1355927400,1446.79,1447.75,1435.8,1435.81,3869800000,3869800000
1356013800,1435.81,1443.7,1432.82,1443.69,3686580000,3686580000
1356100200,1443.67,1443.67,1422.58,1430.15,5229160000,5229160000
1356359400,1430.15,1430.15,1424.66,1426.66,1248960000,1248960000
1356532200,1426.66,1429.42,1416.43,1419.83,2285030000,2285030000
1356618600,1419.83,1422.8,1401.8,1418.1,2830180000,2830180000
1356705000,1418.1,1418.1,1401.58,1402.43,2426680000,2426680000
1356964200,1402.43,1426.74,1398.11,1426.19,3204330000,3204330000
1357137000,1426.19,1462.43,1426.19,1462.42,4202600000,4202600000
1357223400,1462.42,1465.47,1455.53,1459.37,3829730000,3829730000
1357309800,1459.37,1467.94,1458.99,1466.47,3424290000,3424290000
1357569000,1466.47,1466.47,1456.62,1461.89,3304970000,3304970000
1357655400,1461.89,1461.89,1451.64,1457.15,3601600000,3601600000
1357741800,1457.15,1464.73,1457.15,1461.02,3674390000,3674390000
1357828200,1461.02,1472.3,1461.02,1472.12,4081840000,4081840000
1357914600,1472.12,1472.75,1467.58,1472.05,3340650000,3340650000
1358173800,1472.05,1472.05,1465.69,1470.68,3003010000,3003010000
1358260200,1470.67,1473.31,1463.76,1472.34,3135350000,3135350000
1358346600,1472.33,1473.96,1467.6,1472.63,3384080000,3384080000
1358433000,1472.63,1485.16,1472.63,1480.94,3706710000,3706710000
1358519400,1480.95,1485.98,1475.81,1485.98,3795740000,3795740000
1358865000,1485.98,1492.56,1481.16,1492.56,3570950000,3570950000
1358951400,1492.56,1496.13,1489.9,1494.81,3552010000,3552010000
1359037800,1494.81,1502.27,1489.46,1494.82,3699430000,3699430000
1359124200,1494.82,1503.26,1494.82,1502.96,3476290000,3476290000
1359383400,1502.96,1503.23,1496.33,1500.18,3388540000,3388540000
1359469800,1500.18,1509.35,1498.09,1507.84,3949640000,3949640000
1359556200,1507.84,1509.94,1500.11,1501.96,3726810000,3726810000
1359642600,1501.96,1504.19,1496.76,1498.11,3999880000,3999880000
1359729000,1498.11,1514.41,1498.11,1513.17,3836320000,3836320000
1359988200,1513.17,1513.17,1495.02,1495.71,3390000000,3390000000
1360074600,1495.71,1514.96,1495.71,1511.29,3618360000,3618360000
1360161000,1511.29,1512.53,1504.71,1512.12,3611570000,3611570000
1360247400,1512.12,1512.9,1498.49,1509.39,3614580000,3614580000
1360333800,1509.39,1518.31,1509.39,1517.93,2986150000,2986150000
1360593000,1517.93,1518.31,1513.61,1517.01,2684100000,2684100000
1360679400,1517.01,1522.29,1515.61,1519.43,3414370000,3414370000
1360765800,1519.43,1524.69,1515.93,1520.33,3385880000,3385880000
1360852200,1520.33,1523.14,1514.02,1521.38,3759740000,3759740000
1360938600,1521.38,1524.24,1514.14,1519.79,3838510000,3838510000
1361284200,1519.79,1530.94,1519.79,1530.94,3748910000,3748910000
1361370600,1530.94,1530.94,1511.41,1511.95,4240570000,4240570000
1361457000,1511.95,1511.95,1497.29,1502.42,4274600000,4274600000
1361543400,1502.42,1515.64,1502.42,1515.6,3419320000,3419320000
1361802600,1515.6,1525.84,1487.85,1487.85,4011050000,4011050000
1361889000,1487.85,1498.99,1485.01,1496.94,3975280000,3975280000
1361975400,1496.94,1520.08,1494.88,1515.99,3551850000,3551850000
1362061800,1515.99,1525.34,1514.46,1514.68,3912320000,3912320000
1362148200,1514.68,1519.99,1501.48,1518.2,3695610000,3695610000
1362407400,1518.2,1525.27,1512.29,1525.2,3414430000,3414430000
1362493800,1525.2,1543.47,1525.2,1539.79,3610690000,3610690000
1362580200,1539.79,1545.25,1538.11,1541.46,3676890000,3676890000
1362666600,1541.46,1545.78,1541.46,1544.26,3634710000,3634710000
1362753000,1544.26,1552.48,1542.94,1551.18,3652260000,3652260000
1363008600,1551.15,1556.27,1547.36,1556.22,3091080000,3091080000
1363095000,1556.22,1556.77,1548.24,1552.48,3274910000,3274910000
1363181400,1552.48,1556.39,1548.25,1554.52,3073830000,3073830000
1363267800,1554.52,1563.32,1554.52,1563.23,3459260000,3459260000
1363354200,1563.21,1563.62,1555.74,1560.7,5175850000,5175850000
1363613400,1560.7,1560.7,1545.13,1552.1,3164560000,3164560000
1363699800,1552.1,1557.25,1538.57,1548.34,3796210000,3796210000
1363786200,1548.34,1561.56,1548.34,1558.71,3349090000,3349090000
1363872600,1558.71,1558.71,1543.55,1545.8,3243270000,3243270000
1363959000,1545.9,1557.74,1545.9,1556.89,2948380000,2948380000
1364218200,1556.89,1564.91,1546.22,1551.69,3178170000,3178170000
1364304600,1551.69,1563.95,1551.69,1563.77,2869260000,2869260000
1364391000,1563.75,1564.07,1551.9,1562.85,2914210000,2914210000
1364477400,1562.86,1570.28,1561.08,1569.19,3304440000,3304440000
1364823000,1569.18,1570.57,1558.47,1562.17,2753110000,2753110000
1364909400,1562.17,1573.66,1562.17,1570.25,3312160000,3312160000
1364995800,1570.25,1571.47,1549.8,1553.69,4060610000,4060610000
1365082200,1553.69,1562.6,1552.52,1559.98,3350670000,3350670000
1365168600,1559.98,1559.98,1539.5,1553.28,3515410000,3515410000
1365427800,1553.26,1563.07,1548.63,1563.07,2887120000,2887120000
1365514200,1563.11,1573.89,1560.92,1568.61,3252780000,3252780000
1365600600,1568.61,1589.07,1568.61,1587.73,3453350000,3453350000
1365687000,1587.73,1597.35,1586.17,1593.37,3393950000,3393950000
1365773400,1593.3,1593.3,1579.97,1588.85,3206290000,3206290000
1366032600,1588.84,1588.84,1552.28,1552.36,4660130000,4660130000
1366119000,1552.36,1575.35,1552.36,1574.57,3654700000,3654700000
1366205400,1574.57,1574.57,1543.69,1552.01,4250310000,4250310000
1366291800,1552.03,1554.38,1536.03,1541.61,3890800000,3890800000
1366378200,1541.61,1555.89,1539.4,1555.25,3569870000,3569870000
1366637400,1555.25,1565.55,1548.19,1562.5,2979880000,2979880000
1366723800,1562.5,1579.58,1562.5,1578.78,3565150000,3565150000
1366810200,1578.78,1583,1575.8,1578.79,3598240000,3598240000
1366896600,1578.93,1592.64,1578.93,1585.16,3908580000,3908580000
1366983000,1585.16,1585.78,1577.56,1582.24,3198620000,3198620000
1367242200,1582.34,1596.65,1582.34,1593.61,2891200000,2891200000
1367328600,1593.58,1597.57,1586.5,1597.57,3745070000,3745070000
1367415000,1597.55,1597.55,1581.28,1582.7,3530320000,3530320000
1367501400,1582.77,1598.6,1582.77,1597.59,3366950000,3366950000
1367587800,1597.6,1618.46,1597.6,1614.42,3603910000,3603910000
1367847000,1614.4,1619.77,1614.21,1617.5,3062240000,3062240000
1367933400,1617.55,1626.03,1616.64,1625.96,3309580000,3309580000
1368019800,1625.95,1632.78,1622.7,1632.69,3554700000,3554700000
1368106200,1632.69,1635.01,1623.09,1626.67,3457400000,3457400000
1368192600,1626.69,1633.7,1623.71,1633.7,3086470000,3086470000
1368451800,1632.1,1636,1626.74,1633.77,2910600000,2910600000
1368538200,1633.75,1651.1,1633.75,1650.34,3457790000,3457790000
1368624600,1649.13,1661.49,1646.68,1658.78,3657440000,3657440000
1368711000,1658.07,1660.51,1648.6,1650.47,3513130000,3513130000
1368797400,1652.45,1667.47,1652.45,1667.47,3440710000,3440710000
1369056600,1665.71,1672.84,1663.52,1666.29,3275080000,3275080000
1369143000,1666.2,1674.93,1662.67,1669.16,3513560000,3513560000
1369229400,1669.39,1687.18,1648.86,1655.35,4361020000,4361020000
1369315800,1651.62,1655.5,1636.42,1650.51,3945510000,3945510000
1369402200,1646.67,1649.78,1636.88,1649.6,2758080000,2758080000
1369747800,1652.63,1674.21,1652.63,1660.06,3457400000,3457400000
1369834200,1656.57,1656.57,1640.05,1648.36,3587140000,3587140000
1369920600,1649.14,1661.91,1648.61,1654.41,3498620000,3498620000
1370007000,1652.13,1658.99,1630.74,1630.74,4099600000,4099600000
1370266200,1631.71,1640.42,1622.72,1640.42,3952070000,3952070000
1370352600,1640.73,1646.53,1623.62,1631.38,3653840000,3653840000
1370439000,1629.05,1629.31,1607.09,1608.9,3632350000,3632350000
1370525400,1609.29,1622.56,1598.23,1622.56,3547380000,3547380000
1370611800,1625.27,1644.4,1625.27,1643.38,3371990000,3371990000
1370871000,1644.67,1648.69,1639.26,1642.81,2978730000,2978730000
1370957400,1638.64,1640.13,1622.92,1626.13,3435710000,3435710000
1371043800,1629.94,1637.71,1610.92,1612.52,3202550000,3202550000
1371130200,1612.15,1639.25,1608.07,1636.36,3378620000,3378620000
1371216600,1635.52,1640.8,1623.96,1626.73,2939400000,2939400000
1371475800,1630.64,1646.5,1630.34,1639.04,3137080000,3137080000
1371562200,1639.77,1654.19,1639.77,1651.81,3120980000,3120980000
1371648600,1651.83,1652.45,1628.91,1628.93,3545060000,3545060000
1371735000,1624.62,1624.62,1584.32,1588.19,4858850000,4858850000
1371821400,1588.62,1599.19,1577.7,1592.43,5797280000,5797280000
1372080600,1588.77,1588.77,1560.33,1573.09,4733660000,4733660000
1372167000,1577.52,1593.79,1577.09,1588.03,3761170000,3761170000
1372253400,1592.27,1606.83,1592.27,1603.26,3558340000,3558340000
1372339800,1606.44,1620.07,1606.44,1613.2,3364540000,3364540000
1372426200,1611.12,1615.94,1601.06,1606.28,4977190000,4977190000
1372685400,1609.78,1626.61,1609.78,1614.96,3104690000,3104690000
1372771800,1614.29,1624.26,1606.77,1614.08,3317130000,3317130000
1372858200,1611.48,1618.97,1604.57,1615.41,1966050000,1966050000
1373031000,1618.65,1632.07,1614.71,1631.89,2634140000,2634140000
1373290200,1634.2,1644.68,1634.2,1640.46,3514590000,3514590000
1373376600,1642.89,1654.18,1642.89,1652.32,3155360000,3155360000
1373463000,1651.56,1657.92,1647.66,1652.62,3011010000,3011010000
1373549400,1657.41,1676.63,1657.41,1675.02,3446340000,3446340000
1373635800,1675.26,1680.19,1672.33,1680.19,3039070000,3039070000
1373895000,1679.59,1684.51,1677.89,1682.5,2623200000,2623200000
1373981400,1682.7,1683.73,1671.84,1676.26,3081710000,3081710000
1374067800,1677.91,1684.75,1677.91,1680.91,3153440000,3153440000
1374154200,1681.05,1693.12,1681.05,1689.37,3452370000,3452370000
1374240600,1686.15,1692.09,1684.08,1692.09,3302580000,3302580000
1374499800,1694.41,1697.61,1690.67,1695.53,2779130000,2779130000
1374586200,1696.63,1698.78,1691.13,1692.39,3096180000,3096180000
1374672600,1696.06,1698.38,1682.57,1685.94,3336120000,3336120000
1374759000,1685.21,1690.94,1680.07,1690.25,3322500000,3322500000
1374845400,1687.31,1691.85,1676.03,1691.65,2762770000,2762770000
1375104600,1690.32,1690.92,1681.86,1685.33,2840520000,2840520000
1375191000,1687.92,1693.19,1682.42,1685.96,3320530000,3320530000
1375277400,1687.76,1698.43,1684.94,1685.73,3847390000,3847390000
1375363800,1689.42,1707.85,1689.42,1706.87,3775170000,3775170000
1375450200,1706.1,1709.67,1700.68,1709.67,3136630000,3136630000
1375709400,1708.01,1709.24,1703.55,1707.14,2529300000,2529300000
1375795800,1705.79,1705.79,1693.29,1697.37,3141210000,3141210000
1375882200,1695.3,1695.3,1684.91,1690.91,3010230000,3010230000
1375968600,1693.35,1700.18,1688.38,1697.48,3271660000,3271660000
1376055000,1696.1,1699.42,1686.02,1691.42,2957670000,2957670000
1376314200,1688.37,1691.49,1683.35,1689.47,2789160000,2789160000
1376400600,1690.65,1696.81,1682.62,1694.16,3035560000,3035560000
1376487000,1693.88,1695.52,1684.83,1685.39,2871430000,2871430000
1376573400,1679.61,1679.61,1658.59,1661.32,3426690000,3426690000
1376659800,1661.22,1663.6,1652.61,1655.83,3211450000,3211450000
1376919000,1655.25,1659.18,1645.84,1646.06,2904530000,2904530000
1377005400,1646.81,1658.92,1646.08,1652.35,2994090000,2994090000
1377091800,1650.66,1656.99,1639.43,1642.8,2932180000,2932180000
1377178200,1645.03,1659.55,1645.03,1656.96,2537460000,2537460000
1377264600,1659.92,1664.85,1654.81,1663.5,2582670000,2582670000
1377523800,1664.29,1669.51,1656.02,1656.78,2430670000,2430670000
1377610200,1652.54,1652.54,1629.05,1630.48,3219190000,3219190000
1377696600,1630.25,1641.18,1627.47,1634.96,2784010000,2784010000
1377783000,1633.5,1646.41,1630.88,1638.17,2527550000,2527550000
1377869400,1638.89,1640.08,1628.05,1632.97,2734300000,2734300000
1378215000,1635.95,1651.35,1633.41,1639.77,3731610000,3731610000
1378301400,1640.72,1655.72,1637.41,1653.08,3312150000,3312150000
1378387800,1653.28,1659.17,1653.07,1655.08,2957110000,2957110000
1378474200,1657.44,1664.83,1640.62,1655.17,3123880000,3123880000
1378733400,1656.85,1672.4,1656.85,1671.71,3102780000,3102780000
1378819800,1674.32,1684.09,1674.32,1683.99,3691800000,3691800000
1378906200,1681.04,1689.13,1678.7,1689.13,3135460000,3135460000
1378992600,1689.21,1689.97,1681.96,1683.42,3106290000,3106290000
1379079000,1685.04,1688.73,1682.22,1687.99,2736500000,2736500000
1379338200,1691.7,1704.95,1691.7,1697.6,3079800000,3079800000
1379424600,1697.73,1705.52,1697.73,1704.76,2774240000,2774240000
1379511000,1705.74,1729.44,1700.35,1725.52,3989760000,3989760000
1379597400,1727.34,1729.86,1720.2,1722.34,3740130000,3740130000
1379683800,1722.44,1725.23,1708.89,1709.91,5074030000,5074030000
1379943000,1711.44,1711.44,1697.1,1701.84,3126950000,3126950000
1380029400,1702.6,1707.63,1694.9,1697.42,3268930000,3268930000
1380115800,1698.02,1701.71,1691.88,1692.77,3148730000,3148730000
1380202200,1694.05,1703.85,1693.11,1698.67,2813930000,2813930000
1380288600,1695.52,1695.52,1687.11,1691.75,2951700000,2951700000
1380547800,1687.26,1687.26,1674.99,1681.55,3308630000,3308630000
1380634200,1682.41,1696.55,1682.07,1695,3238690000,3238690000
1380720600,1691.9,1693.87,1680.34,1693.87,3148600000,3148600000
1380807000,1692.35,1692.35,1670.36,1678.66,3279650000,3279650000
1380893400,1678.79,1691.94,1677.33,1690.5,2880270000,2880270000
1381152600,1687.15,1687.15,1674.7,1676.12,2678490000,2678490000
1381239000,1676.22,1676.79,1655.03,1655.45,3569230000,3569230000
1381325400,1656.99,1662.47,1646.47,1656.4,3577840000,3577840000
1381411800,1660.88,1692.56,1660.88,1692.56,3362300000,3362300000
1381498200,1691.09,1703.44,1688.52,1703.2,2944670000,2944670000
1381757400,1699.86,1711.03,1692.13,1710.14,2580580000,2580580000
1381843800,1709.17,1711.57,1695.93,1698.06,3327740000,3327740000
1381930200,1700.49,1721.76,1700.49,1721.54,3486180000,3486180000
1382016600,1720.17,1733.45,1714.12,1733.15,3453590000,3453590000
1382103000,1736.72,1745.31,1735.74,1744.5,3664890000,3664890000
1382362200,1745.2,1747.79,1740.67,1744.66,3052710000,3052710000
1382448600,1746.48,1759.33,1746.48,1754.67,3850840000,3850840000
1382535000,1752.27,1752.27,1740.5,1746.38,3713380000,3713380000
1382621400,1747.48,1753.94,1745.5,1752.07,3671700000,3671700000
1382707800,1756.01,1759.82,1752.45,1759.77,3175720000,3175720000
1382967000,1759.42,1764.99,1757.67,1762.11,3282300000,3282300000
1383053400,1762.93,1772.09,1762.93,1771.95,3358460000,3358460000
1383139800,1772.27,1775.22,1757.24,1763.31,3523040000,3523040000
1383226200,1763.24,1768.53,1755.72,1756.54,3826530000,3826530000
1383312600,1758.7,1765.67,1752.7,1761.64,3686290000,3686290000
1383575400,1763.4,1768.78,1761.56,1767.93,3194870000,3194870000
1383661800,1765.67,1767.03,1755.76,1762.97,3516680000,3516680000
1383748200,1765,1773.74,1764.4,1770.49,3322100000,3322100000
1383834600,1770.74,1774.54,1746.2,1747.15,4143200000,4143200000
1383921000,1748.37,1770.78,1747.63,1770.61,3837170000,3837170000
1384180200,1769.96,1773.44,1767.85,1771.89,2534060000,2534060000
1384266600,1769.51,1771.78,1762.29,1767.69,3221030000,3221030000
1384353000,1764.37,1782,1760.64,1782,3327480000,3327480000
1384439400,1782.75,1791.53,1780.22,1790.62,3139060000,3139060000
1384525800,1790.66,1798.22,1790.66,1798.18,3254820000,3254820000
1384785000,1798.82,1802.33,1788,1791.53,3168520000,3168520000
1384871400,1790.79,1795.51,1784.72,1787.87,3224450000,3224450000
1384957800,1789.59,1795.73,1777.23,1781.37,3109140000,3109140000
1385044200,1783.52,1797.16,1783.52,1795.85,3256630000,3256630000
1385130600,1797.21,1804.84,1794.7,1804.76,3055140000,3055140000
1385389800,1806.33,1808.1,1800.58,1802.48,2998540000,2998540000
1385476200,1802.87,1808.42,1800.77,1802.75,3427120000,3427120000
1385562600,1803.48,1808.27,1802.77,1807.23,2613590000,2613590000
1385735400,1808.69,1813.55,1803.98,1805.81,1598300000,1598300000
1385994600,1806.55,1810.02,1798.6,1800.9,3095430000,3095430000
1386081000,1800.1,1800.1,1787.85,1795.15,3475680000,3475680000
1386167400,1793.15,1799.8,1779.09,1792.81,3610540000,3610540000
1386253800,1792.82,1792.82,1783.38,1785.03,3336880000,3336880000
1386340200,1788.36,1806.04,1788.36,1805.09,3150030000,3150030000
1386599400,1806.21,1811.52,1806.21,1808.37,3129500000,3129500000
1386685800,1807.6,1808.52,1801.75,1802.62,3117150000,3117150000
1386772200,1802.76,1802.97,1780.09,1782.22,3472240000,3472240000
1386858600,1781.71,1782.99,1772.28,1775.5,3306640000,3306640000
1386945000,1777.98,1780.92,1772.45,1775.32,3061070000,3061070000
1387204200,1777.48,1792.22,1777.48,1786.54,3209890000,3209890000
1387290600,1786.47,1786.77,1777.05,1781,3270030000,3270030000
1387377000,1781.46,1811.08,1767.99,1810.65,4327770000,4327770000
1387463400,1809,1810.88,1801.35,1809.6,3497210000,3497210000
1387549800,1810.39,1823.75,1810.25,1818.32,5097700000,5097700000
1387809000,1822.92,1829.75,1822.92,1827.99,2851540000,2851540000
1387895400,1828.02,1833.32,1828.02,1833.32,1307630000,1307630000
1388068200,1834.96,1842.84,1834.96,1842.02,1982270000,1982270000
1388154600,1842.97,1844.89,1839.81,1841.4,2052920000,2052920000
1388413800,1841.47,1842.47,1838.77,1841.07,2293860000,2293860000
1388500200,1842.61,1849.44,1842.41,1848.36,2312840000,2312840000
1388673000,1845.86,1845.86,1827.74,1831.98,3080600000,3080600000
1388759400,1833.21,1838.24,1829.13,1831.37,2774270000,2774270000
1389018600,1832.31,1837.16,1823.73,1826.77,3294850000,3294850000
1389105000,1828.71,1840.1,1828.71,1837.88,3511750000,3511750000
1389191400,1837.9,1840.02,1831.4,1837.49,3652140000,3652140000
1389277800,1839,1843.23,1830.38,1838.13,3581150000,3581150000
1389364200,1840.06,1843.15,1832.43,1842.37,3335710000,3335710000
1389623400,1841.26,1843.45,1815.52,1819.2,3591350000,3591350000
1389709800,1821.36,1839.26,1821.36,1838.88,3353270000,3353270000
1389796200,1840.52,1850.84,1840.52,1848.38,3777800000,3777800000
1389882600,1847.99,1847.99,1840.3,1845.89,3491310000,3491310000
1389969000,1844.23,1846.04,1835.23,1838.7,3626120000,3626120000
1390314600,1841.05,1849.31,1832.38,1843.8,3782470000,3782470000
1390401000,1844.71,1846.87,1840.88,1844.86,3374170000,3374170000
1390487400,1842.29,1842.29,1820.06,1828.46,3972250000,3972250000
1390573800,1826.96,1826.96,1790.29,1790.29,4618450000,4618450000
1390833000,1791.03,1795.98,1772.88,1781.56,4045200000,4045200000
1390919400,1783,1793.87,1779.49,1792.5,3437830000,3437830000
1391005800,1790.15,1790.15,1770.45,1774.2,3964020000,3964020000
1391092200,1777.17,1798.77,1777.17,1794.19,3547510000,3547510000
1391178600,1790.88,1793.88,1772.26,1782.59,4059690000,4059690000
1391437800,1782.68,1784.83,1739.66,1741.89,4726040000,4726040000
1391524200,1743.82,1758.73,1743.82,1755.2,4068410000,4068410000
1391610600,1753.38,1755.79,1737.92,1751.64,3984290000,3984290000
1391697000,1752.99,1774.06,1752.99,1773.43,3825410000,3825410000
1391783400,1776.01,1798.03,1776.01,1797.02,3775990000,3775990000
1392042600,1796.2,1799.94,1791.83,1799.84,3312160000,3312160000
1392129000,1800.45,1823.54,1800.41,1819.75,3699380000,3699380000
1392215400,1820.12,1826.55,1815.97,1819.26,3326380000,3326380000
1392301800,1814.82,1830.25,1809.22,1829.83,3289510000,3289510000
1392388200,1828.46,1841.65,1825.59,1838.63,3114750000,3114750000
1392733800,1839.03,1842.87,1835.01,1840.76,3421110000,3421110000
1392820200,1838.9,1847.5,1826.99,1828.75,3661570000,3661570000
1392906600,1829.24,1842.79,1824.58,1839.78,3404980000,3404980000
1392993000,1841.07,1846.13,1835.6,1836.25,3403880000,3403880000
1393252200,1836.78,1858.71,1836.78,1847.61,4014530000,4014530000
1393338600,1847.66,1852.91,1840.19,1845.12,3515560000,3515560000
1393425000,1845.79,1852.65,1840.66,1845.16,3716730000,3716730000
1393511400,1844.9,1854.53,1841.13,1854.29,3547460000,3547460000
1393597800,1855.12,1867.92,1847.67,1859.45,3917450000,3917450000
1393857000,1857.68,1857.68,1834.44,1845.73,3428220000,3428220000
1393943400,1849.23,1876.23,1849.23,1873.91,3765770000,3765770000
1394029800,1874.05,1876.53,1871.11,1873.81,3392990000,3392990000
1394116200,1874.18,1881.94,1874.18,1877.03,3360450000,3360450000
1394202600,1878.52,1883.57,1870.56,1878.04,3564740000,3564740000
1394458200,1877.86,1877.87,1867.04,1877.17,3021350000,3021350000
1394544600,1878.26,1882.35,1863.88,1867.63,3392400000,3392400000
1394631000,1866.15,1868.38,1854.38,1868.2,3270860000,3270860000
1394717400,1869.06,1874.4,1841.86,1846.34,3670990000,3670990000
1394803800,1845.07,1852.44,1839.57,1841.13,3285460000,3285460000
1395063000,1842.81,1862.3,1842.81,1858.83,2860490000,2860490000
1395149400,1858.92,1873.76,1858.92,1872.25,2930190000,2930190000
1395235800,1872.25,1874.14,1850.35,1860.77,3289210000,3289210000
1395322200,1860.09,1873.49,1854.63,1872.01,3327540000,3327540000
1395408600,1874.53,1883.97,1863.46,1866.52,5270710000,5270710000
1395667800,1867.67,1873.34,1849.69,1857.44,3409000000,3409000000
1395754200,1859.48,1871.87,1855.96,1865.62,3200560000,3200560000
1395840600,1867.09,1875.92,1852.56,1852.56,3480850000,3480850000
1395927000,1852.11,1855.55,1842.11,1849.04,3733430000,3733430000
1396013400,1850.07,1866.63,1850.07,1857.62,2955520000,2955520000
1396272600,1859.16,1875.18,1859.16,1872.34,3274300000,3274300000
1396359000,1873.96,1885.84,1873.96,1885.52,3336190000,3336190000
1396445400,1886.61,1893.17,1883.79,1890.9,3131660000,3131660000
1396531800,1891.43,1893.8,1882.65,1888.77,3055600000,3055600000
1396618200,1890.25,1897.28,1863.26,1865.09,3583750000,3583750000
1396877400,1863.92,1864.04,1841.48,1845.04,3801540000,3801540000
1396963800,1845.48,1854.95,1837.49,1851.96,3721450000,3721450000
1397050200,1852.64,1872.43,1852.38,1872.18,3308650000,3308650000
1397136600,1872.28,1872.53,1830.87,1833.08,3758780000,3758780000
1397223000,1830.65,1835.07,1814.36,1815.69,3743460000,3743460000
1397482200,1818.18,1834.19,1815.8,1830.61,3111540000,3111540000
1397568600,1831.45,1844.02,1816.29,1842.98,3736440000,3736440000
1397655000,1846.01,1862.31,1846.01,1862.31,3155080000,3155080000
1397741400,1861.73,1869.63,1856.72,1864.85,3341430000,3341430000
1398087000,1865.79,1871.89,1863.18,1871.89,2642500000,2642500000
1398173400,1872.57,1884.89,1872.57,1879.55,3215440000,3215440000
1398259800,1879.32,1879.75,1873.91,1875.39,3085720000,3085720000
1398346200,1881.97,1884.06,1870.24,1878.61,3191830000,3191830000
1398432600,1877.72,1877.72,1859.7,1863.4,3213020000,3213020000
1398691800,1865,1877.01,1850.61,1869.43,4034680000,4034680000
1398778200,1870.78,1880.6,1870.78,1878.33,3647820000,3647820000
1398864600,1877.1,1885.2,1872.69,1883.95,3779230000,3779230000
1398951000,1884.39,1888.59,1878.04,1883.68,3416740000,3416740000
1399037400,1885.3,1891.33,1878.5,1881.14,3159560000,3159560000
1399296600,1879.45,1885.51,1866.77,1884.66,2733730000,2733730000
1399383000,1883.69,1883.69,1867.72,1867.72,3327260000,3327260000
1399469400,1868.53,1878.83,1859.79,1878.21,3632950000,3632950000
1399555800,1877.39,1889.07,1870.05,1875.63,3393420000,3393420000
1399642200,1875.27,1878.57,1867.02,1878.48,3025020000,3025020000
1399901400,1880.03,1897.13,1880.03,1896.65,3005740000,3005740000
1399987800,1896.75,1902.17,1896.06,1897.45,2915680000,2915680000
1400074200,1897.13,1897.13,1885.77,1888.53,2822060000,2822060000
1400160600,1888.16,1888.16,1862.36,1870.85,3552640000,3552640000
1400247000,1871.19,1878.28,1864.82,1877.86,3173650000,3173650000
1400506200,1876.66,1886,1872.42,1885.08,2664250000,2664250000
1400592600,1884.88,1884.88,1868.14,1872.83,3007700000,3007700000
1400679000,1873.34,1888.8,1873.34,1888.03,2777140000,2777140000
1400765400,1888.19,1896.33,1885.39,1892.49,2759800000,2759800000
1400851800,1893.32,1901.26,1893.32,1900.53,2396280000,2396280000
1401197400,1902.01,1912.28,1902.01,1911.91,2911020000,2911020000
1401283800,1911.77,1914.46,1907.3,1909.78,2976450000,2976450000
1401370200,1910.6,1920.03,1909.82,1920.03,2709050000,2709050000
1401456600,1920.33,1924.03,1916.64,1923.57,3263490000,3263490000
1401715800,1923.87,1925.88,1915.98,1924.97,2509020000,2509020000
1401802200,1923.07,1925.07,1918.79,1924.24,2867180000,2867180000
1401888600,1923.06,1928.63,1918.6,1927.88,2793920000,2793920000
1401975000,1928.52,1941.74,1922.93,1940.46,3113270000,3113270000
1402061400,1942.41,1949.44,1942.41,1949.44,2864300000,2864300000
1402320600,1948.97,1955.55,1947.16,1951.27,2812180000,2812180000
1402407000,1950.34,1950.86,1944.64,1950.79,2702360000,2702360000
1402493400,1949.37,1949.37,1940.08,1943.89,2710620000,2710620000
1402579800,1943.35,1943.35,1925.78,1930.11,3040480000,3040480000
1402666200,1930.8,1937.3,1927.69,1936.16,2598230000,2598230000
1402925400,1934.84,1941.15,1930.91,1937.78,2926130000,2926130000
1403011800,1937.15,1943.69,1933.55,1941.99,2971260000,2971260000
1403098200,1942.73,1957.74,1939.29,1956.98,3065220000,3065220000
1403184600,1957.5,1959.87,1952.26,1959.48,2952150000,2952150000
1403271000,1960.45,1963.91,1959.17,1962.87,4336240000,4336240000
1403530200,1962.92,1963.74,1958.89,1962.61,2717630000,2717630000
1403616600,1961.97,1968.17,1948.34,1949.98,3089700000,3089700000
1403703000,1949.27,1960.83,1947.49,1959.53,3106710000,3106710000
1403789400,1959.89,1959.89,1944.69,1957.22,2778840000,2778840000
1403875800,1956.56,1961.47,1952.18,1960.96,4290590000,4290590000
1404135000,1960.79,1964.24,1958.22,1960.23,3037350000,3037350000
1404221400,1962.29,1978.58,1962.29,1973.32,3188240000,3188240000
1404307800,1973.06,1976.67,1972.58,1974.62,2851480000,2851480000
1404394200,1975.88,1985.59,1975.88,1985.44,1998090000,1998090000
1404739800,1984.22,1984.22,1974.88,1977.65,2681260000,2681260000
1404826200,1976.39,1976.39,1959.46,1963.71,3302430000,3302430000
1404912600,1965.1,1974.15,1965.1,1972.83,2858800000,2858800000
1404999000,1966.67,1969.84,1952.86,1964.68,3165690000,3165690000
1405085400,1965.76,1968.67,1959.63,1967.57,2684630000,2684630000
1405344600,1969.86,1979.85,1969.86,1977.1,2744920000,2744920000
1405431000,1977.36,1982.52,1965.34,1973.28,3328740000,3328740000
1405517400,1976.35,1983.94,1975.67,1981.57,3390950000,3390950000
1405603800,1979.75,1981.8,1955.59,1958.12,3381680000,3381680000
1405690200,1961.54,1979.91,1960.82,1978.22,3106060000,3106060000
1405949400,1976.93,1976.93,1965.77,1973.63,2611160000,2611160000
1406035800,1975.65,1986.24,1975.65,1983.53,2890480000,2890480000
1406122200,1985.32,1989.23,1982.44,1987.01,2869720000,2869720000
1406208600,1988.07,1991.39,1985.79,1987.98,3203530000,3203530000
1406295000,1984.6,1984.6,1974.37,1978.34,2638960000,2638960000
1406554200,1978.25,1981.52,1967.31,1978.91,2803320000,2803320000
1406640600,1980.03,1984.85,1969.95,1969.95,3183300000,3183300000
1406727000,1973.21,1978.9,1962.42,1970.07,3448250000,3448250000
1406813400,1965.14,1965.14,1930.67,1930.67,4193000000,4193000000
1406899800,1929.8,1937.35,1916.37,1925.15,3789660000,3789660000
1407159000,1926.62,1942.92,1921.2,1938.99,3072920000,3072920000
1407245400,1936.34,1936.34,1913.77,1920.21,3462520000,3462520000
1407331800,1917.29,1927.91,1911.45,1920.24,3539150000,3539150000
1407418200,1923.03,1928.89,1904.78,1909.57,3230520000,3230520000
1407504600,1910.35,1932.38,1909.01,1931.59,2902280000,2902280000
1407763800,1933.43,1944.9,1933.43,1936.92,2784890000,2784890000
1407850200,1935.73,1939.65,1928.29,1933.75,2611700000,2611700000
1407936600,1935.6,1948.41,1935.6,1946.72,2718020000,2718020000
1408023000,1947.41,1955.23,1947.41,1955.18,2609460000,2609460000
1408109400,1958.87,1964.04,1941.5,1955.06,3023380000,3023380000
1408368600,1958.36,1971.99,1958.36,1971.74,2638160000,2638160000
1408455000,1972.73,1982.57,1972.73,1981.6,2656430000,2656430000
1408541400,1980.46,1988.57,1977.68,1986.51,2579560000,2579560000
1408627800,1986.82,1994.76,1986.82,1992.37,2638920000,2638920000
1408714200,1992.6,1993.54,1984.76,1988.4,2301860000,2301860000
1408973400,1991.74,2001.95,1991.74,1997.92,2233880000,2233880000
1409059800,1998.59,2005.04,1998.59,2000.02,2451950000,2451950000
1409146200,2000.54,2002.14,1996.2,2000.12,2344350000,2344350000
1409232600,1997.42,1998.55,1990.52,1996.74,2282400000,2282400000
1409319000,1998.45,2003.38,1994.65,2003.37,2259130000,2259130000
1409664600,2004.07,2006.12,1994.85,2002.28,2819980000,2819980000
1409751000,2003.57,2009.28,1998.14,2000.72,2809980000,2809980000
1409837400,2001.67,2011.17,1992.54,1997.65,3072410000,3072410000
1409923800,1998,2007.71,1990.1,2007.71,2818300000,2818300000
1410183000,2007.17,2007.17,1995.6,2001.54,2789090000,2789090000
1410269400,2000.73,2001.01,1984.61,1988.44,2882830000,2882830000
1410355800,1988.41,1996.66,1982.99,1995.69,2912430000,2912430000
1410442200,1992.85,1997.65,1985.93,1997.45,2941690000,2941690000
1410528600,1996.74,1996.74,1980.26,1985.54,3206570000,3206570000
1410787800,1986.04,1987.18,1978.48,1984.13,2776530000,2776530000
1410874200,1981.93,2002.28,1979.06,1998.98,3160310000,3160310000
1410960600,1999.3,2010.74,1993.29,2001.57,3209420000,3209420000
1411047000,2003.07,2012.34,2003.07,2011.36,3235340000,3235340000
1411133400,2012.74,2019.26,2006.59,2010.4,4880220000,4880220000
1411392600,2009.08,2009.08,1991.01,1994.29,3349670000,3349670000
1411479000,1992.78,1995.41,1982.77,1982.77,3279350000,3279350000
1411565400,1983.34,1999.79,1978.63,1998.3,3313850000,3313850000
1411651800,1997.32,1997.32,1965.99,1965.99,3273050000,3273050000
1411738200,1966.22,1986.37,1966.22,1982.85,2929440000,2929440000
1411997400,1978.96,1981.28,1964.04,1977.8,3094440000,3094440000
1412083800,1978.21,1985.17,1968.96,1972.29,3951100000,3951100000
1412170200,1971.44,1971.44,1941.72,1946.16,4188590000,4188590000
1412256600,1945.83,1952.32,1926.03,1946.17,4012510000,4012510000
1412343000,1948.12,1971.19,1948.12,1967.9,3560970000,3560970000
1412602200,1970.01,1977.84,1958.43,1964.82,3358220000,3358220000
1412688600,1962.36,1962.36,1934.87,1935.1,3687870000,3687870000
1412775000,1935.55,1970.36,1925.25,1968.89,4441890000,4441890000
1412861400,1967.68,1967.68,1927.56,1928.21,4344020000,4344020000
1412947800,1925.63,1936.98,1906.05,1906.13,4550540000,4550540000
1413207000,1905.65,1912.09,1874.14,1874.74,4352580000,4352580000
1413293400,1877.11,1898.71,1871.79,1877.7,4812010000,4812010000
1413379800,1874.18,1874.18,1820.66,1862.49,6090800000,6090800000
1413466200,1855.95,1876.01,1835.02,1862.76,5073150000,5073150000
1413552600,1864.91,1898.16,1864.91,1886.76,4482120000,4482120000
1413811800,1885.62,1905.03,1882.3,1904.01,3331210000,3331210000
1413898200,1909.38,1942.45,1909.38,1941.28,3987090000,3987090000
1413984600,1941.29,1949.31,1926.83,1927.11,3761930000,3761930000
1414071000,1931.02,1961.95,1931.02,1950.82,3789250000,3789250000
1414157400,1951.59,1965.27,1946.27,1964.58,3078380000,3078380000
1414416600,1962.97,1964.64,1951.37,1961.63,3538860000,3538860000
1414503000,1964.14,1985.05,1964.14,1985.05,3653260000,3653260000
1414589400,1983.29,1991.4,1969.04,1982.3,3740350000,3740350000
1414675800,1979.49,1999.4,1974.75,1994.65,3586150000,3586150000
1414762200,2001.2,2018.19,2001.2,2018.05,4292290000,4292290000
1415025000,2018.21,2024.46,2013.68,2017.81,3555440000,3555440000
1415111400,2015.81,2015.98,2001.01,2012.1,3956260000,3956260000
1415197800,2015.29,2023.77,2014.42,2023.57,3766590000,3766590000
1415284200,2023.33,2031.61,2015.86,2031.21,3669770000,3669770000
1415370600,2032.36,2034.26,2025.07,2031.92,3704280000,3704280000
1415629800,2032.01,2038.7,2030.17,2038.26,3284940000,3284940000
1415716200,2038.2,2041.28,2035.28,2039.68,2958320000,2958320000
1415802600,2037.75,2040.33,2031.95,2038.25,3246650000,3246650000
1415889000,2039.21,2046.18,2030.44,2039.33,3455270000,3455270000
1415975400,2039.74,2042.22,2035.2,2039.82,3227130000,3227130000
1416234600,2038.29,2043.07,2034.46,2041.32,3152890000,3152890000
1416321000,2041.48,2056.08,2041.48,2051.8,3416190000,3416190000
1416407400,2051.16,2052.14,2040.37,2048.72,3390850000,3390850000
1416493800,2045.87,2053.84,2040.49,2052.75,3128290000,3128290000
1416580200,2057.46,2071.46,2056.75,2063.5,3916420000,3916420000
1416839400,2065.07,2070.17,2065.07,2069.41,3128060000,3128060000
1416925800,2070.15,2074.21,2064.75,2067.03,3392940000,3392940000
1417012200,2067.36,2073.29,2066.62,2072.83,2745260000,2745260000
1417185000,2074.78,2075.76,2065.06,2067.56,2504640000,2504640000
1417444200,2065.78,2065.78,2049.57,2053.44,4159010000,4159010000
1417530600,2053.77,2068.77,2053.77,2066.55,3686650000,3686650000
1417617000,2067.45,2076.28,2066.65,2074.33,3612680000,3612680000
1417703400,2073.64,2077.34,2062.34,2071.92,3408340000,3408340000
1417789800,2072.78,2079.47,2070.81,2075.37,3419620000,3419620000
1418049000,2074.84,2075.78,2054.27,2060.31,3800990000,3800990000
1418135400,2056.55,2060.6,2034.17,2059.82,3970150000,3970150000
1418221800,2058.86,2058.86,2024.26,2026.14,4114440000,4114440000
1418308200,2027.92,2055.53,2027.92,2035.33,3917950000,3917950000
1418394600,2030.36,2032.25,2002.33,2002.33,4157650000,4157650000
1418653800,2005.03,2018.69,1982.26,1989.63,4361990000,4361990000
1418740200,1986.71,2016.89,1972.56,1972.74,4958680000,4958680000
1418826600,1973.77,2016.75,1973.77,2012.89,4942370000,4942370000
1418913000,2018.98,2061.23,2018.98,2061.23,4703380000,4703380000
1418999400,2061.04,2077.85,2061.03,2070.65,6465530000,6465530000
1419258600,2069.28,2078.76,2069.28,2078.54,3369520000,3369520000
1419345000,2081.48,2086.73,2079.77,2082.17,3043950000,3043950000
1419431400,2083.25,2087.56,2081.86,2081.88,1416980000,1416980000
1419604200,2084.3,2092.7,2084.3,2088.77,1735230000,1735230000
1419863400,2087.63,2093.55,2085.75,2090.57,2452360000,2452360000
1419949800,2088.49,2088.49,2079.53,2080.35,2440280000,2440280000
1420036200,2082.11,2085.58,2057.94,2058.9,2606070000,2606070000
1420209000,2058.9,2072.36,2046.04,2058.2,2708700000,2708700000
1420468200,2054.44,2054.44,2017.34,2020.58,3799120000,3799120000
1420554600,2022.15,2030.25,1992.44,2002.61,4460110000,4460110000
1420641000,2005.55,2029.61,2005.55,2025.9,3805480000,3805480000
1420727400,2030.61,2064.08,2030.61,2062.14,3934010000,3934010000
1420813800,2063.45,2064.43,2038.33,2044.81,3364140000,3364140000
1421073000,2046.13,2049.3,2022.58,2028.26,3456460000,3456460000
1421159400,2031.58,2056.93,2008.25,2023.03,4107300000,4107300000
1421245800,2018.4,2018.4,1988.44,2011.27,4378680000,4378680000
1421332200,2013.75,2021.35,1991.47,1992.67,4276720000,4276720000
1421418600,1992.25,2020.46,1988.12,2019.42,4056410000,4056410000
1421764200,2020.76,2028.94,2004.49,2022.55,3944340000,3944340000
1421850600,2020.19,2038.29,2012.04,2032.12,3730070000,3730070000
1421937000,2034.3,2064.62,2026.38,2063.15,4176050000,4176050000
1422023400,2062.98,2062.98,2050.54,2051.82,3573560000,3573560000
1422282600,2050.42,2057.62,2040.97,2057.09,3465760000,3465760000
1422369000,2047.86,2047.86,2019.91,2029.55,3329810000,3329810000
1422455400,2032.34,2042.49,2001.49,2002.16,4067530000,4067530000
1422541800,2002.45,2024.64,1989.18,2021.25,4127140000,4127140000
1422628200,2019.35,2023.32,1993.38,1994.99,4568650000,4568650000
1422887400,1996.67,2021.66,1980.9,2020.85,4008330000,4008330000
1422973800,2022.71,2050.3,2022.71,2050.03,4615900000,4615900000
1423060200,2048.86,2054.74,2036.72,2041.51,4141920000,4141920000
1423146600,2043.45,2063.55,2043.45,2062.52,3821990000,3821990000
1423233000,2062.28,2072.4,2049.97,2055.47,4232970000,4232970000
1423492200,2053.47,2056.16,2041.88,2046.74,3549540000,3549540000
1423578600,2049.38,2070.86,2048.62,2068.59,3669850000,3669850000
1423665000,2068.55,2073.48,2057.99,2068.53,3596860000,3596860000
1423751400,2069.98,2088.53,2069.98,2088.48,3788350000,3788350000
1423837800,2088.78,2097.03,2086.7,2096.99,3527450000,3527450000
1424183400,2096.47,2101.3,2089.8,2100.34,3361750000,3361750000
1424269800,2099.16,2100.23,2092.15,2099.68,3370020000,3370020000
1424356200,2099.25,2102.13,2090.79,2097.45,3247100000,3247100000
1424442600,2097.65,2110.61,2085.44,2110.3,3281600000,3281600000
1424701800,2109.83,2110.05,2103,2109.66,3093680000,3093680000
1424788200,2109.1,2117.94,2105.87,2115.48,3199840000,3199840000
1424874600,2115.3,2119.59,2109.89,2113.86,3312340000,3312340000
1424961000,2113.91,2113.91,2103.76,2110.74,3408690000,3408690000
1425047400,2110.88,2112.74,2103.75,2104.5,3547380000,3547380000
1425306600,2105.23,2117.52,2104.5,2117.39,3409490000,3409490000
1425393000,2115.76,2115.76,2098.26,2107.78,3262300000,3262300000
1425479400,2107.72,2107.72,2087.62,2098.53,3421110000,3421110000
1425565800,2098.54,2104.25,2095.22,2101.04,3103030000,3103030000
1425652200,2100.91,2100.91,2067.27,2071.26,3853570000,3853570000
1425907800,2072.25,2083.49,2072.21,2079.43,3349090000,3349090000
1425994200,2076.14,2076.14,2044.16,2044.16,3668900000,3668900000
1426080600,2044.69,2050.08,2039.69,2040.24,3406570000,3406570000
1426167000,2041.1,2066.41,2041.1,2065.95,3405860000,3405860000
1426253400,2064.56,2064.56,2041.17,2053.4,3498560000,3498560000
1426512600,2055.35,2081.41,2055.35,2081.19,3295600000,3295600000
1426599000,2080.59,2080.59,2065.08,2074.28,3221840000,3221840000
1426685400,2072.84,2106.85,2061.23,2099.5,4128210000,4128210000
1426771800,2098.69,2098.69,2085.56,2089.27,3305220000,3305220000
1426858200,2090.32,2113.92,2090.32,2108.1,5554120000,5554120000
1427117400,2107.99,2114.86,2104.42,2104.42,3267960000,3267960000
1427203800,2103.94,2107.63,2091.5,2091.5,3189820000,3189820000
1427290200,2093.1,2097.43,2061.05,2061.05,3521140000,3521140000
1427376600,2059.94,2067.15,2045.5,2056.15,3510670000,3510670000
1427463000,2055.78,2062.83,2052.96,2061.02,3008550000,3008550000
1427722200,2064.11,2088.97,2064.11,2086.24,2917690000,2917690000
1427808600,2084.05,2084.05,2067.04,2067.89,3376550000,3376550000
1427895000,2067.63,2067.63,2048.38,2059.69,3543270000,3543270000
1427981400,2060.03,2072.17,2057.32,2066.96,3095960000,3095960000
1428327000,2064.87,2086.99,2056.52,2080.62,3302970000,3302970000
1428413400,2080.79,2089.81,2076.1,2076.33,3065510000,3065510000
1428499800,2076.94,2086.69,2073.3,2081.9,3265330000,3265330000
1428586200,2081.29,2093.31,2074.29,2091.18,3172360000,3172360000
1428672600,2091.51,2102.61,2091.51,2102.06,3156200000,3156200000
1428931800,2102.03,2107.65,2092.33,2092.43,2908420000,2908420000
1429018200,2092.28,2098.62,2083.24,2095.84,3301270000,3301270000
1429104600,2097.82,2111.91,2097.82,2106.63,4013760000,4013760000
1429191000,2105.96,2111.3,2100.02,2104.99,3434120000,3434120000
1429277400,2102.58,2102.58,2072.37,2081.18,3627600000,3627600000
1429536600,2084.11,2103.94,2084.11,2100.4,3000160000,3000160000
1429623000,2102.82,2109.64,2094.38,2097.29,3243410000,3243410000
1429709400,2098.27,2109.98,2091.05,2107.96,3348480000,3348480000
1429795800,2107.21,2120.49,2103.19,2112.93,3636670000,3636670000
1429882200,2112.8,2120.92,2112.8,2117.69,3375780000,3375780000
1430141400,2119.29,2125.92,2107.04,2108.92,3438750000,3438750000
1430227800,2108.35,2116.09,2094.89,2114.76,3546270000,3546270000
1430314200,2112.49,2113.65,2097.41,2106.85,4074970000,4074970000
1430400600,2105.52,2105.52,2077.59,2085.51,4509680000,4509680000
1430487000,2087.38,2108.41,2087.38,2108.29,3379390000,3379390000
1430746200,2110.23,2120.95,2110.23,2114.49,3091580000,3091580000
1430832600,2112.63,2115.24,2088.46,2089.46,3793950000,3793950000
1430919000,2091.26,2098.42,2067.93,2080.15,3792210000,3792210000
1431005400,2079.96,2092.9,2074.99,2088,3676640000,3676640000
1431091800,2092.13,2117.66,2092.13,2116.1,3399440000,3399440000
1431351000,2115.56,2117.69,2104.58,2105.33,2992670000,2992670000
1431437400,2102.87,2105.06,2085.57,2099.12,3139520000,3139520000
1431523800,2099.62,2110.19,2096.04,2098.48,3374260000,3374260000
1431610200,2100.43,2121.45,2100.43,2121.1,3225740000,3225740000
1431696600,2122.07,2123.89,2116.79,2122.73,3092080000,3092080000
1431955800,2121.3,2131.78,2120.01,2129.2,2888190000,2888190000
1432042200,2129.45,2133.02,2124.5,2127.83,3296030000,3296030000
1432128600,2127.79,2134.72,2122.59,2125.85,3025880000,3025880000
1432215000,2125.55,2134.28,2122.95,2130.82,3070460000,3070460000
1432301400,2130.36,2132.15,2126.06,2126.06,2571860000,2571860000
1432647000,2125.34,2125.34,2099.18,2104.2,3342130000,3342130000
1432733400,2105.13,2126.22,2105.13,2123.48,3127960000,3127960000
1432819800,2122.27,2122.27,2112.86,2120.79,2980350000,2980350000
1432906200,2120.66,2120.66,2104.89,2107.39,3927390000,3927390000
1433165400,2108.64,2119.15,2102.54,2111.73,3011710000,3011710000
1433251800,2110.41,2117.59,2099.14,2109.6,3049350000,3049350000
1433338200,2110.64,2121.92,2109.61,2114.07,3099980000,3099980000
1433424600,2112.35,2112.89,2093.23,2095.84,3200050000,3200050000
1433511000,2095.09,2100.99,2085.67,2092.83,3243690000,3243690000
1433770200,2092.34,2093.01,2079.11,2079.28,2917150000,2917150000
1433856600,2079.07,2085.62,2072.14,2080.15,3034580000,3034580000
1433943000,2081.12,2108.5,2081.12,2105.2,3414320000,3414320000
1434029400,2106.24,2115.02,2106.24,2108.86,3128600000,3128600000
1434115800,2107.43,2107.43,2091.33,2094.11,2719400000,2719400000
1434375000,2091.34,2091.34,2072.49,2084.43,3061570000,3061570000
1434461400,2084.26,2097.4,2082.1,2096.29,2919900000,2919900000
1434547800,2097.4,2106.79,2088.86,2100.44,3222240000,3222240000
1434634200,2101.58,2126.65,2101.58,2121.24,3520360000,3520360000
1434720600,2121.03,2121.64,2109.38,2109.99,4449810000,4449810000
1434979800,2112.5,2129.87,2112.5,2122.85,3030020000,3030020000
1435066200,2123.16,2128.03,2119.89,2124.2,3091190000,3091190000
1435152600,2123.33,2125.1,2108.58,2108.58,3102480000,3102480000
1435239000,2109.96,2116.04,2101.78,2102.31,3214610000,3214610000
1435325400,2102.62,2108.92,2095.38,2101.49,5025470000,5025470000
1435584600,2098.63,2098.63,2056.64,2057.64,3678960000,3678960000
1435671000,2061.19,2074.28,2056.32,2063.11,4078540000,4078540000
1435757400,2067,2082.78,2067,2077.42,3727260000,3727260000
1435843800,2078.03,2085.06,2071.02,2076.78,2996540000,2996540000
1436189400,2073.95,2078.61,2058.4,2068.76,3486360000,3486360000
1436275800,2069.52,2083.74,2044.02,2081.34,4458660000,4458660000
1436362200,2077.66,2077.66,2044.66,2046.68,3608780000,3608780000
1436448600,2049.73,2074.28,2049.73,2051.31,3446810000,3446810000
1436535000,2052.74,2081.31,2052.74,2076.62,3065070000,3065070000
1436794200,2080.03,2100.67,2080.03,2099.6,3096730000,3096730000
1436880600,2099.72,2111.98,2098.18,2108.95,3002120000,3002120000
1436967000,2109.01,2114.14,2102.49,2107.4,3261810000,3261810000
1437053400,2110.55,2124.42,2110.55,2124.29,3227080000,3227080000
1437139800,2126.8,2128.91,2119.88,2126.64,3362750000,3362750000
1437399000,2126.85,2132.82,2123.65,2128.28,3245870000,3245870000
1437485400,2127.55,2128.49,2115.4,2119.21,3343690000,3343690000
1437571800,2118.21,2118.51,2110,2114.15,3694070000,3694070000
1437658200,2114.16,2116.87,2098.63,2102.15,3772810000,3772810000
1437744600,2102.24,2106.01,2077.09,2079.65,3870040000,3870040000
1438003800,2078.19,2078.19,2063.52,2067.64,3836750000,3836750000
1438090200,2070.75,2095.6,2069.09,2093.25,4117740000,4117740000
1438176600,2094.7,2110.6,2094.08,2108.57,4038900000,4038900000
1438263000,2106.78,2110.48,2094.97,2108.63,3579410000,3579410000
1438349400,2111.6,2114.24,2102.07,2103.84,3681340000,3681340000
1438608600,2104.49,2105.7,2087.31,2098.04,3476770000,3476770000
1438695000,2097.68,2102.51,2088.6,2093.32,3546710000,3546710000
1438781400,2095.27,2112.66,2095.27,2099.84,3968680000,3968680000
1438867800,2100.75,2103.32,2075.53,2083.56,4246570000,4246570000
1438954200,2082.61,2082.61,2067.91,2077.57,3602320000,3602320000
1439213400,2080.98,2105.35,2080.98,2104.18,3514460000,3514460000
1439299800,2102.66,2102.66,2076.49,2084.07,3708880000,3708880000
1439386200,2081.1,2089.06,2052.09,2086.05,4269130000,4269130000
1439472600,2086.19,2092.93,2078.26,2083.39,3221300000,3221300000
1439559000,2083.15,2092.45,2080.61,2091.54,2795590000,2795590000
1439818200,2089.7,2102.87,2079.3,2102.44,2867690000,2867690000
1439904600,2101.99,2103.47,2094.14,2096.92,2949990000,2949990000
1439991000,2095.69,2096.17,2070.53,2079.61,3512920000,3512920000
1440077400,2076.61,2076.61,2035.73,2035.73,3922470000,3922470000
1440163800,2034.08,2034.08,1970.89,1970.89,5018240000,5018240000
1440423000,1965.15,1965.15,1867.01,1893.21,6612690000,6612690000
1440509400,1898.08,1948.04,1867.08,1867.61,5183560000,5183560000
1440595800,1872.75,1943.09,1872.75,1940.51,5338250000,5338250000
1440682200,1942.77,1989.6,1942.77,1987.66,5006390000,5006390000
1440768600,1986.06,1993.48,1975.19,1988.87,3949080000,3949080000
1441027800,1986.73,1986.73,1965.98,1972.18,3915100000,3915100000
1441114200,1970.09,1970.09,1903.07,1913.85,4371850000,4371850000
1441200600,1916.52,1948.91,1916.52,1948.86,3742620000,3742620000
1441287000,1950.79,1975.01,1944.72,1951.13,3520700000,3520700000
1441373400,1947.76,1947.76,1911.21,1921.22,3167090000,3167090000
1441719000,1927.3,1970.42,1927.3,1969.41,3548650000,3548650000
1441805400,1971.45,1988.63,1937.88,1942.04,3652120000,3652120000
1441891800,1941.59,1965.29,1937.19,1952.29,3626320000,3626320000
1441978200,1951.45,1961.05,1939.19,1961.05,3218590000,3218590000
1442237400,1963.06,1963.06,1948.27,1953.03,3000200000,3000200000
1442323800,1955.1,1983.19,1954.3,1978.09,3239860000,3239860000
1442410200,1978.02,1997.26,1977.93,1995.31,3630680000,3630680000
1442496600,1995.33,2020.86,1986.73,1990.2,4183790000,4183790000
1442583000,1989.66,1989.66,1953.45,1958.03,6021240000,6021240000
1442842200,1960.84,1979.64,1955.8,1966.97,3269350000,3269350000
1442928600,1961.39,1961.39,1929.22,1942.74,3808260000,3808260000
1443015000,1943.24,1949.52,1932.57,1938.76,3190530000,3190530000
1443101400,1934.81,1937.17,1908.92,1932.24,4091530000,4091530000
1443187800,1935.93,1952.89,1921.5,1931.34,3721870000,3721870000
1443447000,1929.18,1929.18,1879.21,1881.77,4326660000,4326660000
1443533400,1881.9,1899.48,1871.91,1884.09,4132390000,4132390000
1443619800,1887.14,1920.53,1887.14,1920.03,4525070000,4525070000
1443706200,1919.65,1927.21,1900.7,1923.82,3983600000,3983600000
1443792600,1921.77,1951.36,1893.7,1951.36,4378570000,4378570000
1444051800,1954.33,1989.17,1954.33,1987.05,4334490000,4334490000
1444138200,1986.63,1991.62,1971.99,1979.92,4202400000,4202400000
1444224600,1982.34,1999.31,1976.44,1995.83,4666470000,4666470000
1444311000,1994.01,2016.5,1987.53,2013.43,3939140000,3939140000
1444397400,2013.73,2020.13,2007.61,2014.89,3706900000,3706900000
1444656600,2015.65,2018.66,2010.55,2017.46,2893250000,2893250000
1444743000,2015,2022.34,2001.78,2003.69,3401920000,3401920000
1444829400,2003.66,2009.56,1990.73,1994.24,3644590000,3644590000
1444915800,1996.47,2024.15,1996.47,2023.86,3746290000,3746290000
1445002200,2024.37,2033.54,2020.46,2033.11,3595430000,3595430000
1445261400,2031.73,2034.45,2022.31,2033.66,3287320000,3287320000
1445347800,2033.13,2039.12,2026.61,2030.77,3331500000,3331500000
1445434200,2033.47,2037.97,2017.22,2018.94,3627790000,3627790000
1445520600,2021.88,2055.2,2021.88,2052.51,4430850000,4430850000
1445607000,2058.19,2079.74,2058.19,2075.15,4108460000,4108460000
1445866200,2075.08,2075.14,2066.53,2071.18,3385800000,3385800000
1445952600,2068.75,2070.37,2058.84,2065.89,4216880000,4216880000
1446039000,2066.48,2090.35,2063.11,2090.35,4698110000,4698110000
1446125400,2088.35,2092.52,2082.63,2089.41,4008940000,4008940000
1446211800,2090,2094.32,2079.34,2079.36,4256200000,4256200000
1446474600,2080.76,2106.2,2080.76,2104.05,3760020000,3760020000
1446561000,2102.63,2116.48,2097.51,2109.79,4272060000,4272060000
1446647400,2110.6,2114.59,2096.98,2102.31,4078870000,4078870000
1446733800,2101.68,2108.78,2090.41,2099.93,4051890000,4051890000
1446820200,2098.6,2101.91,2083.74,2099.2,4369020000,4369020000
1447079400,2096.56,2096.56,2068.24,2078.58,3882350000,3882350000
1447165800,2077.19,2083.67,2069.91,2081.72,3821440000,3821440000
1447252200,2083.41,2086.94,2074.85,2075,3692410000,3692410000
1447338600,2072.29,2072.29,2045.66,2045.97,4016370000,4016370000
1447425000,2044.64,2044.64,2022.02,2023.04,4278750000,4278750000
1447684200,2022.08,2053.22,2019.39,2053.19,3741240000,3741240000
1447770600,2053.67,2066.69,2045.9,2050.44,4427350000,4427350000
1447857000,2051.99,2085.31,2051.99,2083.58,3926390000,3926390000
1447943400,2083.7,2086.74,2078.76,2081.24,3628110000,3628110000
1448029800,2082.82,2097.06,2082.82,2089.17,3929600000,3929600000
1448289000,2089.41,2095.61,2081.39,2086.59,3587980000,3587980000
1448375400,2084.42,2094.12,2070.29,2089.14,3884930000,3884930000
1448461800,2089.3,2093,2086.3,2088.87,2852940000,2852940000
1448634600,2088.82,2093.29,2084.13,2090.11,1466840000,1466840000
1448893800,2090.95,2093.81,2080.41,2080.41,4275030000,4275030000
1448980200,2082.93,2103.37,2082.93,2102.63,3712120000,3712120000
1449066600,2101.71,2104.27,2077.11,2079.51,3950640000,3950640000
1449153000,2080.71,2085,2042.35,2049.62,4306490000,4306490000
1449239400,2051.24,2093.84,2051.24,2091.69,4214910000,4214910000
1449498600,2090.42,2090.42,2066.78,2077.07,4043820000,4043820000
1449585000,2073.39,2073.85,2052.32,2063.59,4173570000,4173570000
1449671400,2061.17,2080.33,2036.53,2047.62,4385250000,4385250000
1449757800,2047.93,2067.65,2045.67,2052.23,3715150000,3715150000
1449844200,2047.27,2047.27,2008.8,2012.37,4301060000,4301060000
1450103400,2013.37,2022.92,1993.26,2021.94,4612440000,4612440000
1450189800,2025.55,2053.87,2025.55,2043.41,4353540000,4353540000
1450276200,2046.5,2076.72,2042.43,2073.07,4635450000,4635450000
1450362600,2073.76,2076.37,2041.66,2041.89,4327390000,4327390000
1450449000,2040.81,2040.81,2005.33,2005.55,6683070000,6683070000
1450708200,2010.27,2022.9,2005.93,2021.15,3760280000,3760280000
1450794600,2023.15,2042.74,2020.49,2038.97,3520860000,3520860000
1450881000,2042.2,2064.73,2042.2,2064.29,3484090000,3484090000
1450967400,2063.52,2067.36,2058.73,2060.99,1411860000,1411860000
1451313000,2057.77,2057.77,2044.2,2056.5,2492510000,2492510000
1451399400,2060.54,2081.56,2060.54,2078.36,2542000000,2542000000
1451485800,2077.34,2077.34,2061.97,2063.36,2367430000,2367430000
1451572200,2060.59,2062.54,2043.62,2043.94,2655330000,2655330000
1451917800,2038.2,2038.2,1989.68,2012.66,4304880000,4304880000
1452004200,2013.78,2021.94,2004.17,2016.71,3706620000,3706620000
1452090600,2011.71,2011.71,1979.05,1990.26,4336660000,4336660000
1452177000,1985.32,1985.32,1938.83,1943.09,5076590000,5076590000
1452263400,1945.97,1960.4,1918.46,1922.03,4664940000,4664940000
1452522600,1926.12,1935.65,1901.1,1923.67,4607290000,4607290000
1452609000,1927.83,1947.38,1914.35,1938.68,4887260000,4887260000
1452695400,1940.34,1950.33,1886.41,1890.28,5087030000,5087030000
1452781800,1891.68,1934.47,1878.93,1921.84,5241110000,5241110000
1452868200,1916.68,1916.68,1857.83,1880.33,5468460000,5468460000
1453213800,1888.66,1901.44,1864.6,1881.33,4928350000,4928350000
1453300200,1876.18,1876.18,1812.29,1859.33,6416070000,6416070000
1453386600,1861.46,1889.85,1848.98,1868.99,5078810000,5078810000
1453473000,1877.4,1908.85,1877.4,1906.9,4901760000,4901760000
1453732200,1906.28,1906.28,1875.97,1877.08,4401380000,4401380000
1453818600,1878.79,1906.73,1878.79,1903.63,4357940000,4357940000
1453905000,1902.52,1916.99,1872.7,1882.95,4754040000,4754040000
1453991400,1885.22,1902.96,1873.65,1893.36,4693010000,4693010000
1454077800,1894,1940.24,1894,1940.24,5497570000,5497570000
1454337000,1936.94,1947.2,1920.3,1939.38,4322530000,4322530000
1454423400,1935.26,1935.26,1897.29,1903.03,4463190000,4463190000
1454509800,1907.07,1918.01,1872.23,1912.53,5172950000,5172950000
1454596200,1911.67,1927.35,1900.52,1915.45,5193320000,5193320000
1454682600,1913.07,1913.07,1872.65,1880.05,4929940000,4929940000
1454941800,1873.25,1873.25,1828.46,1853.44,5636460000,5636460000
1455028200,1848.46,1868.25,1834.94,1852.21,5183220000,5183220000
1455114600,1857.1,1881.6,1850.32,1851.86,4471170000,4471170000
1455201000,1847,1847,1810.1,1829.08,5500800000,5500800000
1455287400,1833.4,1864.78,1833.4,1864.78,4696920000,4696920000
1455633000,1871.44,1895.77,1871.44,1895.58,4570670000,4570670000
1455719400,1898.8,1930.68,1898.8,1926.82,5011540000,5011540000
1455805800,1927.57,1930,1915.09,1917.83,4436490000,4436490000
1455892200,1916.74,1918.78,1902.17,1917.78,4142850000,4142850000
1456151400,1924.44,1946.7,1924.44,1945.5,4054710000,4054710000
1456237800,1942.38,1942.38,1919.44,1921.27,3890650000,3890650000
1456324200,1917.56,1932.08,1891,1929.8,4317250000,4317250000
1456410600,1931.87,1951.83,1925.41,1951.7,4118210000,4118210000
1456497000,1954.95,1962.96,1945.78,1948.05,4348510000,4348510000
1456756200,1947.13,1958.27,1931.81,1932.23,4588180000,4588180000
1456842600,1937.09,1978.35,1937.09,1978.35,4819750000,4819750000
1456929000,1976.6,1986.51,1968.8,1986.45,4666610000,4666610000
1457015400,1985.6,1993.69,1977.37,1993.4,5081700000,5081700000
1457101800,1994.01,2009.13,1986.77,1999.99,6049930000,6049930000
1457361000,1996.11,2006.12,1989.38,2001.76,4968180000,4968180000
1457447400,1996.88,1996.88,1977.43,1979.26,4641650000,4641650000
1457533800,1981.44,1992.69,1979.84,1989.26,4038120000,4038120000
1457620200,1990.97,2005.08,1969.25,1989.57,4376790000,4376790000
1457706600,1994.71,2022.37,1994.71,2022.19,4078620000,4078620000
1457962200,2019.27,2024.57,2012.05,2019.64,3487850000,3487850000
1458048600,2015.27,2015.94,2005.23,2015.93,3560280000,3560280000
1458135000,2014.24,2032.02,2010.04,2027.22,4057020000,4057020000
1458221400,2026.9,2046.24,2022.16,2040.59,4530480000,4530480000
1458307800,2041.16,2052.36,2041.16,2049.58,6503140000,6503140000
1458567000,2047.88,2053.91,2043.14,2051.6,3376600000,3376600000
1458653400,2048.64,2056.6,2040.57,2049.8,3418460000,3418460000
1458739800,2048.55,2048.55,2034.86,2036.71,3639510000,3639510000
1458826200,2032.48,2036.04,2022.49,2035.94,3407720000,3407720000
1459171800,2037.89,2042.67,2031.96,2037.05,2809090000,2809090000
1459258200,2035.75,2055.91,2028.31,2055.01,3822330000,3822330000
1459344600,2058.27,2072.21,2058.27,2063.95,3590310000,3590310000
1459431000,2063.77,2067.92,2057.46,2059.74,3715280000,3715280000
1459517400,2056.62,2075.07,2043.98,2072.78,3749990000,3749990000
1459776600,2073.19,2074.02,2062.57,2066.13,3485710000,3485710000
1459863000,2062.5,2062.5,2042.56,2045.17,4154920000,4154920000
1459949400,2045.56,2067.33,2043.09,2066.66,3750800000,3750800000
1460035800,2063.01,2063.01,2033.8,2041.91,3801250000,3801250000
1460122200,2045.54,2060.63,2041.69,2047.6,3359530000,3359530000
1460381400,2050.23,2062.93,2041.88,2041.99,3567840000,3567840000
1460467800,2043.72,2065.05,2039.74,2061.72,4239740000,4239740000
1460554200,2065.92,2083.18,2065.92,2082.42,4191830000,4191830000
1460640600,2082.89,2087.84,2078.13,2082.78,3765870000,3765870000
1460727000,2083.1,2083.22,2076.31,2080.73,3701450000,3701450000
1460986200,2078.83,2094.66,2073.65,2094.34,3316880000,3316880000
1461072600,2096.05,2104.05,2091.68,2100.8,3896830000,3896830000
1461159000,2101.52,2111.05,2096.32,2102.4,4184880000,4184880000
1461245400,2102.09,2103.78,2088.52,2091.48,4175290000,4175290000
1461331800,2091.49,2094.32,2081.2,2091.58,3790580000,3790580000
1461591000,2089.37,2089.37,2077.52,2087.79,3319740000,3319740000
1461677400,2089.84,2096.87,2085.8,2091.7,3557190000,3557190000
1461763800,2092.33,2099.89,2082.31,2095.15,4100110000,4100110000
1461850200,2090.93,2099.3,2071.62,2075.81,4309840000,4309840000
1461936600,2071.82,2073.85,2052.28,2065.3,4704720000,4704720000
1462195800,2067.17,2083.42,2066.11,2081.43,3841110000,3841110000
1462282200,2077.18,2077.18,2054.89,2063.37,4173390000,4173390000
1462368600,2060.3,2060.3,2045.55,2051.12,4058560000,4058560000
1462455000,2052.95,2060.23,2045.77,2050.63,4008530000,4008530000
1462541400,2047.77,2057.72,2039.45,2057.14,3796350000,3796350000
1462800600,2057.55,2064.15,2054.31,2058.69,3788620000,3788620000
1462887000,2062.63,2084.87,2062.63,2084.39,3600200000,3600200000
1462973400,2083.29,2083.29,2064.46,2064.46,3821980000,3821980000
1463059800,2067.17,2073.99,2053.13,2064.11,3782390000,3782390000
1463146200,2062.5,2066.79,2043.13,2046.61,3579880000,3579880000
1463405400,2046.53,2071.88,2046.53,2066.66,3501360000,3501360000
1463491800,2065.04,2065.69,2040.82,2047.21,4108960000,4108960000
1463578200,2044.38,2060.61,2034.49,2047.63,4101320000,4101320000
1463664600,2044.21,2044.21,2025.91,2040.04,3846770000,3846770000
1463751000,2041.88,2058.35,2041.88,2052.32,3507650000,3507650000
1464010200,2052.23,2055.58,2047.26,2048.04,3055480000,3055480000
1464096600,2052.65,2079.67,2052.65,2076.06,3627340000,3627340000
1464183000,2078.93,2094.73,2078.93,2090.54,3859160000,3859160000
1464269400,2091.44,2094.3,2087.08,2090.1,3230990000,3230990000
1464355800,2090.06,2099.06,2090.06,2099.06,3079150000,3079150000
1464701400,2100.13,2103.48,2088.66,2096.96,4514410000,4514410000
1464787800,2093.94,2100.97,2085.1,2099.33,3525170000,3525170000
1464874200,2097.71,2105.26,2088.59,2105.26,3632720000,3632720000
1464960600,2104.07,2104.07,2085.36,2099.13,3627780000,3627780000
1465219800,2100.83,2113.36,2100.83,2109.41,3442020000,3442020000
1465306200,2110.18,2119.22,2110.18,2112.13,3534730000,3534730000
1465392600,2112.71,2120.55,2112.71,2119.12,3562060000,3562060000
1465479000,2115.65,2117.64,2107.73,2115.48,3290320000,3290320000
1465565400,2109.57,2109.57,2089.96,2096.07,3515010000,3515010000
1465824600,2091.75,2098.12,2078.46,2079.06,3392030000,3392030000
1465911000,2076.65,2081.3,2064.1,2075.32,3759770000,3759770000
1465997400,2077.6,2085.65,2069.8,2071.5,3544720000,3544720000
1466083800,2066.36,2079.62,2050.37,2077.99,3628280000,3628280000
1466170200,2078.2,2078.2,2062.84,2071.22,4952630000,4952630000
1466429400,2075.58,2100.66,2075.58,2083.25,3467440000,3467440000
1466515800,2085.19,2093.66,2083.02,2088.9,3232880000,3232880000
1466602200,2089.75,2099.71,2084.36,2085.45,3168160000,3168160000
1466688600,2092.8,2113.32,2092.8,2113.32,3297940000,3297940000
1466775000,2103.81,2103.81,2032.57,2037.41,7597450000,7597450000
1467034200,2031.45,2031.45,1991.68,2000.54,5431220000,5431220000
1467120600,2006.67,2036.09,2006.67,2036.09,4385810000,4385810000
1467207000,2042.69,2073.13,2042.69,2070.77,4241740000,4241740000
1467293400,2073.17,2098.94,2070,2098.86,4622820000,4622820000
1467379800,2099.34,2108.71,2097.9,2102.95,3458890000,3458890000
1467725400,2095.05,2095.05,2080.86,2088.55,3658380000,3658380000
1467811800,2084.43,2100.72,2074.02,2099.73,3909380000,3909380000
1467898200,2100.42,2109.08,2089.39,2097.9,3604550000,3604550000
1467984600,2106.97,2131.71,2106.97,2129.9,3607500000,3607500000
1468243800,2131.72,2143.16,2131.72,2137.16,3253340000,3253340000
1468330200,2139.5,2155.4,2139.5,2152.14,4097820000,4097820000
1468416600,2153.81,2156.45,2146.21,2152.43,3502320000,3502320000
1468503000,2157.88,2168.99,2157.88,2163.75,3465610000,3465610000
1468589400,2165.13,2169.05,2155.79,2161.74,3122600000,3122600000
1468848600,2162.04,2168.35,2159.63,2166.89,3009310000,3009310000
1468935000,2163.79,2164.63,2159.01,2163.78,2968340000,2968340000
1469021400,2166.1,2175.63,2164.89,2173.02,3211860000,3211860000
1469107800,2172.91,2174.56,2159.75,2165.17,3438900000,3438900000
1469194200,2166.47,2175.11,2163.24,2175.03,3023280000,3023280000
1469453400,2173.71,2173.71,2161.95,2168.48,3057240000,3057240000
1469539800,2168.97,2173.54,2160.18,2169.18,3442350000,3442350000
1469626200,2169.81,2174.98,2159.07,2166.58,3995500000,3995500000
1469712600,2166.05,2172.85,2159.74,2170.06,3664240000,3664240000
1469799000,2168.83,2177.09,2163.49,2173.6,4038840000,4038840000
1470058200,2173.15,2178.29,2166.21,2170.84,3505990000,3505990000
1470144600,2169.94,2170.2,2147.58,2157.03,3848750000,3848750000
1470231000,2156.81,2163.79,2152.56,2163.79,3786530000,3786530000
1470317400,2163.51,2168.19,2159.07,2164.25,3709200000,3709200000
1470403800,2168.79,2182.87,2168.79,2182.87,3663070000,3663070000
1470663000,2183.76,2185.44,2177.85,2180.89,3327550000,3327550000
1470749400,2182.24,2187.66,2178.61,2181.74,3334300000,3334300000
1470835800,2182.81,2183.41,2172,2175.49,3254950000,3254950000
1470922200,2177.97,2188.45,2177.97,2185.79,3423160000,3423160000
1471008600,2183.74,2186.28,2179.42,2184.05,3000660000,3000660000
1471267800,2186.08,2193.81,2186.08,2190.15,3078530000,3078530000
1471354200,2186.24,2186.24,2178.14,2178.15,3196400000,3196400000
1471440600,2177.84,2183.08,2168.5,2182.22,3388910000,3388910000
1471527000,2181.9,2187.03,2180.46,2187.02,3300570000,3300570000
1471613400,2184.24,2185,2175.13,2183.87,3084800000,3084800000
1471872600,2181.58,2185.15,2175.96,2182.64,2777550000,2777550000
1471959000,2187.81,2193.42,2186.8,2186.9,3041490000,3041490000
1472045400,2185.09,2186.66,2171.25,2175.44,3148280000,3148280000
1472131800,2173.29,2179,2169.74,2172.47,2969310000,2969310000
1472218200,2175.1,2187.94,2160.39,2169.04,3342340000,3342340000
1472477400,2170.19,2183.48,2170.19,2180.38,2654780000,2654780000
1472563800,2179.45,2182.27,2170.41,2176.12,3006800000,3006800000
1472650200,2173.56,2173.79,2161.35,2170.95,3766390000,3766390000
1472736600,2171.33,2173.56,2157.09,2170.86,3392120000,3392120000
1472823000,2177.49,2184.87,2173.59,2179.98,3091120000,3091120000
1473168600,2181.61,2186.57,2175.1,2186.48,3447650000,3447650000
1473255000,2185.17,2187.87,2179.07,2186.16,3319420000,3319420000
1473341400,2182.76,2184.94,2177.49,2181.3,3727840000,3727840000
1473427800,2169.08,2169.08,2127.81,2127.81,4233960000,4233960000
1473687000,2120.86,2163.3,2119.12,2159.04,4010480000,4010480000
1473773400,2150.47,2150.47,2120.27,2127.02,4141670000,4141670000
1473859800,2127.86,2141.33,2119.9,2125.77,3664100000,3664100000
1473946200,2125.36,2151.31,2122.36,2147.26,3373720000,3373720000
1474032600,2146.48,2146.48,2131.2,2139.16,5014360000,5014360000
1474291800,2143.99,2153.61,2135.91,2139.12,3163000000,3163000000
1474378200,2145.94,2150.8,2139.17,2139.76,3140730000,3140730000
1474464600,2144.58,2165.11,2139.57,2163.12,3712090000,3712090000
1474551000,2170.94,2179.99,2170.94,2177.18,3552830000,3552830000
1474637400,2173.29,2173.75,2163.97,2164.69,3317190000,3317190000
1474896600,2158.54,2158.54,2145.04,2146.1,3216170000,3216170000
1474983000,2146.04,2161.13,2141.55,2159.93,3437770000,3437770000
1475069400,2161.85,2172.4,2151.79,2171.37,3891460000,3891460000
1475155800,2168.9,2172.67,2145.2,2151.13,4249220000,4249220000
1475242200,2156.51,2175.3,2156.51,2168.27,4173340000,4173340000
1475501400,2164.33,2164.41,2154.77,2161.2,3137550000,3137550000
1475587800,2163.37,2165.46,2144.01,2150.49,3750890000,3750890000
1475674200,2155.15,2163.95,2155.15,2159.73,3906550000,3906550000
1475760600,2158.22,2162.93,2150.28,2160.77,3461550000,3461550000
1475847000,2164.19,2165.86,2144.85,2153.74,3619890000,3619890000
1476106200,2160.39,2169.6,2160.39,2163.66,2916550000,2916550000
1476192600,2161.35,2161.56,2128.84,2136.73,3438270000,3438270000
1476279000,2137.67,2145.36,2132.77,2139.18,2977100000,2977100000
1476365400,2130.26,2138.19,2114.72,2132.55,3580450000,3580450000
1476451800,2139.68,2149.19,2132.98,2132.98,3228150000,3228150000
1476711000,2132.95,2135.61,2124.43,2126.5,2830390000,2830390000
1476797400,2138.31,2144.38,2135.49,2139.6,3170000000,3170000000
1476883800,2140.81,2148.44,2138.15,2144.29,3362670000,3362670000
1476970200,2142.51,2147.18,2133.44,2141.34,3337170000,3337170000
1477056600,2139.43,2142.63,2130.09,2141.16,3448850000,3448850000
1477315800,2148.5,2154.79,2146.91,2151.33,3357320000,3357320000
1477402200,2149.72,2151.44,2141.93,2143.16,3751340000,3751340000
1477488600,2136.97,2145.73,2131.59,2139.43,3775200000,3775200000
1477575000,2144.06,2147.13,2132.52,2133.04,4204830000,4204830000
1477661400,2132.23,2140.72,2119.36,2126.41,4019510000,4019510000
1477920600,2129.78,2133.25,2125.53,2126.15,3922400000,3922400000
1478007000,2128.68,2131.45,2097.85,2111.72,4532160000,4532160000
1478093400,2109.43,2111.76,2094,2097.94,4248580000,4248580000
1478179800,2098.8,2102.56,2085.23,2088.66,3886740000,3886740000
1478266200,2083.79,2099.07,2083.79,2085.18,3837860000,3837860000
1478529000,2100.59,2132,2100.59,2131.52,3736060000,3736060000
1478615400,2129.92,2146.87,2123.56,2139.56,3916930000,3916930000
1478701800,2131.56,2170.1,2125.35,2163.26,6264150000,6264150000
1478788200,2167.49,2182.3,2151.17,2167.48,6451640000,6451640000
1478874600,2162.71,2165.92,2152.49,2164.45,4988050000,4988050000
1479133800,2165.64,2171.36,2156.08,2164.2,5367200000,5367200000
1479220200,2168.29,2180.84,2166.38,2180.39,4543860000,4543860000
1479306600,2177.53,2179.22,2172.2,2176.94,3830590000,3830590000
1479393000,2178.61,2188.06,2176.65,2187.12,3809160000,3809160000
1479479400,2186.85,2189.89,2180.38,2181.9,3572400000,3572400000
1479738600,2186.43,2198.7,2186.43,2198.18,3607010000,3607010000
1479825000,2201.56,2204.8,2194.51,2202.94,3957940000,3957940000
1479911400,2198.55,2204.72,2194.51,2204.72,3418640000,3418640000
1480084200,2206.27,2213.35,2206.27,2213.35,1584600000,1584600000
1480343400,2210.21,2211.14,2200.36,2201.72,3505650000,3505650000
1480429800,2200.76,2210.46,2198.15,2204.66,3706560000,3706560000
1480516200,2204.97,2214.1,2198.81,2198.81,5533980000,5533980000
1480602600,2200.17,2202.6,2187.44,2191.08,5063740000,5063740000
1480689000,2191.12,2197.95,2188.37,2191.95,3779500000,3779500000
1480948200,2200.65,2209.42,2199.97,2204.71,2353018270,2353018270
1481034600,2207.26,2212.78,2202.21,2212.23,2170130800,2170130800
1481121000,2210.72,2241.63,2208.93,2241.35,2734848000,2734848000
1481207400,2241.13,2251.69,2237.57,2246.19,2436820230,2436820230
1481293800,2249.73,2259.8,2249.23,2259.53,2200678360,2200678360
1481553000,2258.83,2264.03,2252.37,2256.96,2358393110,2358393110
1481639400,2263.32,2277.53,2263.32,2271.72,2311255270,2311255270
1481725800,2268.35,2276.2,2248.44,2253.28,2660459790,2660459790
1481812200,2253.77,2272.12,2253.77,2262.03,2428153810,2428153810
1481898600,2266.81,2268.05,2254.24,2258.07,3710589000,3710589000
1482157800,2259.24,2267.47,2258.21,2262.53,1855781420,1855781420
1482244200,2266.5,2272.56,2266.14,2270.76,1797798600,1797798600
1482330600,2270.54,2271.23,2265.15,2265.18,1585087530,1585087530
1482417000,2262.93,2263.18,2256.08,2260.96,1713661490,1713661490
1482503400,2260.25,2263.79,2258.84,2263.79,1082067040,1082067040
1482849000,2266.23,2273.82,2266.15,2268.88,1090974760,1090974760
1482935400,2270.23,2271.31,2249.11,2249.92,1343528460,1343528460
1483021800,2249.5,2254.51,2244.56,2249.26,1264830310,1264830310
1483108200,2251.61,2253.58,2233.62,2238.83,1580595290,1580595290
1483453800,2251.57,2263.88,2245.13,2257.83,2318947700,2318947700
1483540200,2261.6,2272.82,2261.6,2270.75,2097360280,2097360280
1483626600,2268.18,2271.5,2260.45,2269,2187189990,2187189990
1483713000,2271.14,2282.1,2264.06,2276.98,1957181140,1957181140
1483972200,2273.59,2275.49,2268.9,2268.9,1914652520,1914652520
1484058600,2269.72,2279.27,2265.27,2268.9,2138024560,2138024560
1484145000,2268.6,2275.32,2260.83,2275.32,2118289880,2118289880
1484231400,2271.14,2271.78,2254.25,2270.44,1937385140,1937385140
1484317800,2272.74,2278.68,2271.51,2274.64,1780997920,1780997920
1484663400,2269.14,2272.08,2262.81,2267.89,2212200210,2212200210
1484749800,2269.14,2272.01,2263.35,2271.89,1998643920,1998643920
1484836200,2271.9,2274.33,2258.41,2263.69,2041282770,2041282770
1484922600,2269.96,2276.96,2265.01,2271.31,2311814030,2311814030
1485181800,2267.78,2271.78,2257.02,2265.2,1990552390,1990552390
1485268200,2267.88,2284.63,2266.68,2280.07,2229227180,2229227180
1485354600,2288.88,2299.55,2288.88,2298.37,2461512020,2461512020
1485441000,2298.63,2300.99,2294.08,2296.68,2333681820,2333681820
1485527400,2299.02,2299.02,2291.62,2294.69,1999261100,1999261100
1485786600,2286.01,2286.01,2268.04,2280.9,2108083820,2108083820
1485873000,2274.02,2279.09,2267.21,2278.87,2555320210,2555320210
1485959400,2285.59,2289.14,2272.44,2279.55,2478979660,2478979660
1486045800,2276.69,2283.97,2271.65,2280.85,2321960100,2321960100
1486132200,2288.54,2298.31,2287.88,2297.42,2208634270,2208634270
1486391400,2294.28,2296.18,2288.57,2292.56,1902540480,1902540480
1486477800,2295.87,2299.4,2290.16,2293.08,2079166230,2079166230
1486564200,2289.55,2295.91,2285.38,2294.67,2113479930,2113479930
1486650600,2296.7,2311.08,2296.61,2307.87,2118564110,2118564110
1486737000,2312.27,2319.23,2311.1,2316.1,2067124620,2067124620
1486996200,2321.72,2331.58,2321.42,2328.25,1958736590,1958736590
1487082600,2326.12,2337.58,2322.17,2337.58,2161361270,2161361270
1487169000,2335.58,2351.3,2334.81,2349.25,2251620060,2251620060
1487255400,2349.64,2351.31,2338.87,2347.22,2086044780,2086044780
1487341800,2343.01,2351.16,2339.58,2351.16,2119431710,2119431710
1487687400,2354.91,2366.71,2354.91,2365.38,2108632110,2108632110
1487773800,2361.11,2365.13,2358.34,2362.82,1953850310,1953850310
1487860200,2367.5,2368.26,2355.09,2363.81,2200798000,2200798000
1487946600,2355.73,2367.34,2352.87,2367.34,2190395580,2190395580
1488205800,2365.23,2371.54,2361.87,2369.75,1881303610,1881303610
1488292200,2366.08,2367.79,2358.96,2363.64,2538169010,2538169010
1488378600,2380.13,2400.98,2380.13,2395.96,2575918110,2575918110
1488465000,2394.75,2394.75,2380.17,2381.92,2120547990,2120547990
1488551400,2380.92,2383.89,2375.39,2383.12,1832913370,1832913370
1488810600,2375.23,2378.8,2367.98,2375.31,1888989010,1888989010
1488897000,2370.74,2375.12,2365.51,2368.39,1912963510,1912963510
1488983400,2369.81,2373.09,2361.01,2362.98,2085506270,2085506270
1489069800,2363.49,2369.08,2354.54,2364.87,2019165370,2019165370
1489156200,2372.52,2376.86,2363.04,2372.6,2017929800,2017929800
1489411800,2371.56,2374.42,2368.52,2373.47,1822264170,1822264170
1489498200,2368.55,2368.55,2358.18,2365.45,1685090220,1685090220
1489584600,2370.34,2390.01,2368.94,2385.26,2124877750,2124877750
1489671000,2387.71,2388.1,2377.18,2381.38,1878039170,1878039170
1489757400,2383.71,2385.71,2377.64,2378.25,3398204700,3398204700
1490016600,2378.24,2379.55,2369.66,2373.47,1822463500,1822463500
1490103000,2379.32,2381.93,2341.9,2344.02,2637087670,2637087670
1490189400,2343,2351.81,2336.45,2348.45,2138554720,2138554720
1490275800,2345.97,2358.92,2342.13,2345.96,1918716640,1918716640
1490362200,2350.42,2356.22,2335.74,2343.98,1920253680,1920253680
1490621400,2329.11,2344.9,2322.25,2341.59,1931759830,1931759830
1490707800,2339.79,2363.78,2337.63,2358.57,1951313550,1951313550
1490794200,2356.54,2363.36,2352.94,2361.13,1734142860,1734142860
1490880600,2361.31,2370.42,2358.58,2368.06,1848896260,1848896260
1490967000,2364.82,2370.35,2362.6,2362.72,1997043940,1997043940
1491226200,2362.34,2365.87,2344.73,2358.84,2182258160,2182258160
1491312600,2354.76,2360.53,2350.72,2360.16,1820405460,1820405460
1491399000,2366.59,2378.36,2350.52,2352.95,2104797920,2104797920
1491485400,2353.79,2364.16,2348.9,2357.49,1936973650,1936973650
1491571800,2356.59,2363.76,2350.74,2355.54,1730732340,1730732340
1491831000,2357.16,2366.37,2351.5,2357.16,1620328910,1620328910
1491917400,2353.92,2355.22,2337.25,2353.78,1817529610,1817529610
1492003800,2352.15,2352.72,2341.18,2344.93,1897910280,1897910280
1492090200,2341.98,2348.26,2328.95,2328.95,1764747360,1764747360
1492435800,2332.62,2349.14,2332.51,2349.01,1626263720,1626263720
1492522200,2342.53,2348.35,2334.54,2342.19,1903470740,1903470740
1492608600,2346.79,2352.63,2335.05,2338.17,1946832750,1946832750
1492695000,2342.69,2361.37,2340.91,2355.84,2089716230,2089716230
1492781400,2354.74,2356.18,2344.51,2348.69,2071759000,2071759000
1493040600,2370.33,2376.98,2369.19,2374.15,2248662130,2248662130
1493127000,2381.51,2392.48,2381.15,2388.61,2304916840,2304916840
1493213400,2388.98,2398.16,2386.76,2387.45,2223615890,2223615890
1493299800,2389.7,2392.1,2382.68,2388.77,2205559180,2205559180
1493386200,2393.68,2393.68,2382.36,2384.2,2239464720,2239464720
1493645400,2388.5,2394.49,2384.83,2388.33,1893003480,1893003480
1493731800,2391.05,2392.93,2385.82,2391.17,2371688650,2371688650
1493818200,2386.5,2389.82,2379.75,2388.13,2270224280,2270224280
1493904600,2389.79,2391.43,2380.35,2389.52,2236620280,2236620280
1493991000,2392.37,2399.29,2389.38,2399.29,1823789880,1823789880
1494250200,2399.94,2401.36,2393.92,2399.38,1845375120,1845375120
1494336600,2401.58,2403.87,2392.44,2396.92,1855962760,1855962760
1494423000,2396.79,2399.74,2392.79,2399.63,1985193440,1985193440
1494509400,2394.84,2395.72,2381.74,2394.44,2024699570,2024699570
1494595800,2392.44,2392.44,2387.19,2390.9,1786639030,1786639030
1494855000,2393.98,2404.05,2393.94,2402.32,1896371280,1896371280
1494941400,2404.55,2405.77,2396.05,2400.67,2039120190,2039120190
1495027800,2382.95,2384.87,2356.21,2357.03,2717639000,2717639000
1495114200,2354.69,2375.74,2352.72,2365.72,2308543270,2308543270
1495200600,2371.37,2389.06,2370.43,2381.73,2249727650,2249727650
1495459800,2387.21,2395.46,2386.92,2394.02,1858438550,1858438550
1495546200,2397.04,2400.85,2393.88,2398.42,1770956040,1770956040
1495632600,2401.41,2405.58,2397.99,2404.39,1797590260,1797590260
1495719000,2409.54,2418.71,2408.01,2415.07,2010590490,2010590490
1495805400,2414.5,2416.68,2412.2,2415.82,1524512470,1524512470
1496151000,2411.67,2415.26,2409.43,2412.91,1776698940,1776698940
1496237400,2415.63,2415.99,2403.59,2411.8,2610801640,2610801640
1496323800,2415.65,2430.06,2413.54,2430.06,2156064800,2156064800
1496410200,2431.28,2440.23,2427.71,2439.07,2017388180,2017388180
1496669400,2437.83,2439.55,2434.32,2436.1,1742362530,1742362530
1496755800,2431.92,2436.21,2428.12,2429.33,1972388340,1972388340
1496842200,2432.03,2435.28,2424.75,2433.14,2087405920,2087405920
1496928600,2434.27,2439.27,2427.94,2433.79,2247662990,2247662990
1497015000,2436.39,2446.2,2415.7,2431.77,2624857730,2624857730
1497274200,2425.88,2430.38,2419.97,2429.39,2715835500,2715835500
1497360600,2434.15,2441.49,2431.28,2440.35,2078679920,2078679920
1497447000,2443.75,2443.75,2428.34,2437.92,2077560860,2077560860
1497533400,2424.14,2433.95,2418.53,2432.46,2056413020,2056413020
1497619800,2431.24,2433.15,2422.88,2433.15,3474905600,3474905600
1497879000,2442.55,2453.82,2441.79,2453.46,1881642580,1881642580
1497965400,2450.66,2450.66,2436.6,2437.03,1981272780,1981272780
1498051800,2439.31,2442.23,2430.74,2435.61,2194972920,2194972920
1498138200,2437.4,2441.62,2433.27,2434.5,1975028140,1975028140
1498224600,2434.65,2441.4,2431.11,2438.3,2954290800,2954290800
1498483800,2443.32,2450.42,2437.03,2439.07,1807411390,1807411390
1498570200,2436.34,2440.15,2419.38,2419.38,2029472170,2029472170
1498656600,2428.7,2442.97,2428.02,2440.69,1978838400,1978838400
1498743000,2442.38,2442.73,2405.7,2419.7,2437153410,2437153410
1498829400,2429.2,2432.71,2421.65,2423.41,2068473230,2068473230
1499088600,2431.39,2439.17,2428.69,2429.01,1196618810,1196618810
1499261400,2430.78,2434.9,2422.05,2432.54,2001771780,2001771780
1499347800,2423.44,2424.28,2407.7,2409.75,2021300570,2021300570
1499434200,2413.52,2426.92,2413.52,2425.18,1668167770,1668167770
1499693400,2424.51,2432,2422.27,2427.43,1767990680,1767990680
1499779800,2427.35,2429.3,2412.79,2425.53,1732498090,1732498090
1499866200,2435.75,2445.76,2435.75,2443.25,1856436040,1856436040
1499952600,2444.99,2449.32,2441.69,2447.83,1845640420,1845640420
1500039000,2449.16,2463.54,2446.69,2459.27,1667639470,1667639470
1500298200,2459.5,2462.82,2457.16,2459.14,1655943310,1655943310
1500384600,2455.88,2460.92,2450.34,2460.61,1750952400,1750952400
1500471000,2463.85,2473.83,2463.85,2473.83,1849694290,1849694290
1500557400,2475.56,2477.62,2468.43,2473.45,1993809050,1993809050
1500643800,2467.4,2472.54,2465.06,2472.54,1946504700,1946504700
1500903000,2472.04,2473.1,2466.32,2469.91,1943950650,1943950650
1500989400,2477.88,2481.24,2474.91,2477.13,2373902000,2373902000
1501075800,2479.97,2481.69,2474.94,2477.83,2261843220,2261843220
1501162200,2482.76,2484.04,2459.93,2475.42,2677231030,2677231030
1501248600,2469.12,2473.53,2464.66,2472.1,2043353620,2043353620
1501507800,2475.94,2477.96,2468.53,2470.3,2189633780,2189633780
1501594200,2477.1,2478.51,2471.14,2476.35,2076284140,2076284140
1501680600,2480.38,2480.38,2466.48,2477.57,2125483670,2125483670
1501767000,2476.03,2476.03,2468.85,2472.16,2039487380,2039487380
1501853400,2476.88,2480,2472.08,2476.83,1869113810,1869113810
1502112600,2477.14,2480.95,2475.88,2480.91,1639568450,1639568450
1502199000,2478.35,2490.87,2470.32,2474.92,1826290700,1826290700
1502285400,2465.35,2474.41,2462.08,2474.02,1821056070,1821056070
1502371800,2465.38,2465.38,2437.75,2438.21,2079314830,2079314830
1502458200,2441.04,2448.09,2437.85,2441.32,1659262570,1659262570
1502717400,2454.96,2468.22,2454.96,2465.84,1586223590,1586223590
1502803800,2468.66,2468.9,2461.61,2464.61,1689633540,1689633540
1502890200,2468.63,2474.93,2463.86,2468.11,1686069910,1686069910
1502976600,2462.95,2465.02,2430.01,2430.01,1929351130,1929351130
1503063000,2427.64,2440.27,2420.69,2425.55,1962081320,1962081320
1503322200,2425.5,2430.58,2417.35,2428.37,1635773790,1635773790
1503408600,2433.75,2454.77,2433.67,2452.51,1588713900,1588713900
1503495000,2444.88,2448.91,2441.42,2444.04,1583454200,1583454200
1503581400,2447.91,2450.39,2436.19,2438.97,1678956570,1678956570
1503667800,2444.72,2453.96,2442.22,2443.05,1500901040,1500901040
1503927000,2447.35,2449.12,2439.03,2444.24,1466541780,1466541780
1504013400,2431.94,2449.19,2428.2,2446.3,1503811220,1503811220
1504099800,2446.06,2460.31,2443.77,2457.59,1552245820,1552245820
1504186200,2462.65,2475.01,2462.65,2471.65,2076949470,2076949470
1504272600,2474.42,2480.38,2473.85,2476.55,1581548750,1581548750
1504618200,2470.35,2471.97,2446.55,2457.85,2114362530,2114362530
1504704600,2463.83,2469.64,2459.2,2465.54,2049759050,2049759050
1504791000,2468.06,2468.62,2460.29,2465.1,2097113820,2097113820
1504877400,2462.25,2467.11,2459.4,2461.43,2003871860,2003871860
1505136600,2474.52,2488.95,2474.52,2488.11,1933077170,1933077170
1505223000,2491.94,2496.77,2490.37,2496.48,1937393630,1937393630
1505309400,2493.89,2498.37,2492.14,2498.37,1897322880,1897322880
1505395800,2494.56,2498.43,2491.35,2495.62,1916765070,1916765070
1505482200,2495.67,2500.23,2493.16,2500.23,3038855600,3038855600
1505741400,2502.51,2508.32,2499.92,2503.87,1922720630,1922720630
1505827800,2506.29,2507.84,2503.19,2506.65,1920071500,1920071500
1505914200,2506.84,2508.85,2496.67,2508.24,2066413790,2066413790
1506000600,2507.16,2507.16,2499,2500.6,1811929140,1811929140
1506087000,2497.26,2503.47,2496.54,2502.22,1672336530,1672336530
1506346200,2499.39,2502.54,2488.03,2496.66,2033920240,2033920240
1506432600,2501.04,2503.51,2495.12,2496.84,1822049410,1822049410
1506519000,2503.3,2511.75,2495.91,2507.04,2035326230,2035326230
1506605400,2503.41,2510.81,2502.93,2510.06,1782169890,1782169890
1506691800,2509.96,2519.44,2507.99,2519.36,1809911730,1809911730
1506951000,2521.2,2529.23,2520.4,2529.12,1856378180,1856378180
1507037400,2530.34,2535.13,2528.85,2534.58,1737511460,1737511460
1507123800,2533.48,2540.53,2531.8,2537.74,1699097630,1699097630
1507210200,2540.86,2552.51,2540.02,2552.07,1729395630,1729395630
1507296600,2547.44,2549.41,2543.79,2549.33,1642294240,1642294240
1507555800,2551.39,2551.82,2541.6,2544.73,1505566190,1505566190
1507642200,2549.99,2555.23,2544.86,2550.64,1728125190,1728125190
1507728600,2550.62,2555.24,2547.95,2555.24,1817197870,1817197870
1507815000,2552.88,2555.33,2548.31,2550.93,2056842010,2056842010
1507901400,2555.66,2557.65,2552.09,2553.17,1893931190,1893931190
1508160600,2555.57,2559.47,2552.64,2557.64,1736356210,1736356210
1508247000,2557.17,2559.71,2554.69,2559.36,1783193250,1783193250
1508333400,2562.87,2564.11,2559.67,2561.26,1793321510,1793321510
1508419800,2553.39,2562.36,2547.92,2562.1,1896003480,1896003480
1508506200,2567.56,2575.44,2567.56,2575.21,2151131030,2151131030
1508765400,2578.08,2578.29,2564.33,2564.98,2043652240,2043652240
1508851800,2568.66,2572.18,2565.58,2569.13,2163380120,2163380120
1508938200,2566.52,2567.4,2544,2557.15,2467911710,2467911710
1509024600,2560.08,2567.07,2559.8,2560.4,2300758800,2300758800
1509111000,2570.26,2582.98,2565.94,2581.07,2620458660,2620458660
1509370200,2577.75,2580.03,2568.25,2572.83,2274922830,2274922830
1509456600,2575.99,2578.29,2572.15,2575.26,2301425470,2301425470
1509543000,2583.21,2588.4,2574.92,2579.36,2210945340,2210945340
1509629400,2579.46,2581.11,2566.17,2579.85,2416738240,2416738240
1509715800,2581.93,2588.42,2576.77,2587.84,2052553440,2052553440
1509978600,2587.47,2593.38,2585.66,2591.13,2116417420,2116417420
1510065000,2592.11,2597.02,2584.35,2590.64,2089736580,2089736580
1510151400,2588.71,2595.47,2585.02,2594.38,2092332810,2092332810
1510237800,2584,2586.5,2566.33,2584.62,2233489310,2233489310
1510324200,2580.18,2583.81,2575.57,2582.3,2045161760,2045161760
1510583400,2576.53,2587.66,2574.48,2584.84,2099115490,2099115490
1510669800,2577.75,2579.66,2566.56,2578.87,2207475790,2207475790
1510756200,2569.45,2572.84,2557.45,2564.62,2090801480,2090801480
1510842600,2572.95,2590.09,2572.95,2585.64,2046697250,2046697250
1510929000,2582.94,2583.96,2577.62,2578.85,2088322360,2088322360
1511188200,2579.49,2584.64,2578.24,2582.14,1786156940,1786156940
1511274600,2589.17,2601.19,2589.17,2599.03,1920976950,1920976950
1511361000,2600.31,2600.94,2595.23,2597.08,1596057280,1596057280
1511533800,2600.42,2604.21,2600.42,2602.42,728273120,728273120
1511793000,2602.66,2606.41,2598.87,2601.42,1728809900,1728809900
1511879400,2605.94,2627.69,2605.44,2627.04,2068827190,2068827190
1511965800,2627.82,2634.89,2620.32,2626.07,2671027930,2671027930
1512052200,2633.93,2657.74,2633.93,2647.58,3122108600,3122108600
1512138600,2645.1,2650.62,2605.52,2642.22,2497628660,2497628660
1512397800,2657.19,2665.19,2639.03,2639.44,2795997600,2795997600
1512484200,2639.78,2648.72,2627.73,2629.57,2274451410,2274451410
1512570600,2626.24,2634.41,2624.75,2629.27,1926061910,1926061910
1512657000,2628.38,2640.99,2626.53,2636.98,1977524080,1977524080
1512743400,2646.21,2651.65,2644.1,2651.5,1843451000,1843451000
1513002600,2652.19,2660.33,2651.47,2659.99,1811178470,1811178470
1513089000,2661.73,2669.72,2659.78,2664.11,2021583260,2021583260
1513175400,2667.59,2671.88,2662.85,2662.85,2001774690,2001774690
1513261800,2665.87,2668.09,2652.01,2652.01,1997408360,1997408360
1513348200,2660.63,2679.63,2659.14,2675.81,3745745600,3745745600
1513607400,2685.92,2694.97,2685.92,2690.16,2173508050,2173508050
1513693800,2692.71,2694.44,2680.74,2681.47,1951683140,1951683140
1513780200,2688.18,2691.01,2676.11,2679.25,1965565010,1965565010
1513866600,2683.02,2692.64,2682.4,2684.57,1948410030,1948410030
1513953000,2684.22,2685.35,2678.13,2683.34,1426879390,1426879390
1514298600,2679.09,2682.74,2677.96,2680.5,1100330510,1100330510
1514385000,2682.1,2685.64,2678.91,2682.62,1187070870,1187070870
1514471400,2686.1,2687.66,2682.69,2687.54,1131233960,1131233960
1514557800,2689.15,2692.12,2673.61,2673.61,1354525000,1354525000
1514903400,2683.73,2695.89,2682.36,2695.81,1892676820,1892676820
1514989800,2697.85,2714.37,2697.77,2713.06,2247360840,2247360840
1515076200,2719.31,2729.29,2719.07,2723.99,2209734660,2209734660
1515162600,2731.33,2743.45,2727.92,2743.15,1998927820,1998927820
1515421800,2742.67,2748.51,2737.6,2747.71,1965531280,1965531280
1515508200,2751.15,2759.14,2747.86,2751.29,2022846960,2022846960
1515594600,2745.55,2750.8,2736.06,2748.23,2091186560,2091186560
1515681000,2752.97,2767.56,2752.78,2767.56,1975974170,1975974170
1515767400,2770.18,2787.85,2769.64,2786.24,2129410150,2129410150
1516113000,2798.96,2807.54,2768.64,2776.42,2600258930,2600258930
1516199400,2784.99,2807.04,2778.38,2802.56,2419144960,2419144960
1516285800,2802.4,2805.83,2792.56,2798.03,2307360400,2307360400
1516372200,2802.6,2810.33,2798.08,2810.3,2440064590,2440064590
1516631400,2809.16,2833.03,2808.12,2832.97,2162473890,2162473890
1516717800,2835.05,2842.24,2830.59,2839.13,2168016080,2168016080
1516804200,2845.42,2852.97,2824.81,2837.54,2447566190,2447566190
1516890600,2846.24,2848.56,2830.94,2839.25,2317282270,2317282270
1516977000,2847.48,2872.87,2846.18,2872.87,2215919470,2215919470
1517236200,2867.23,2870.62,2851.48,2853.53,2175684060,2175684060
1517322600,2832.74,2837.75,2818.27,2822.43,2405602350,2405602350
1517409000,2832.41,2839.26,2813.04,2823.81,2823741600,2823741600
1517495400,2816.45,2835.96,2812.7,2821.98,2466173550,2466173550
1517581800,2808.92,2808.92,2759.97,2762.13,2721617700,2721617700
1517841000,2741.06,2763.39,2638.17,2648.94,3544117600,3544117600
1517927400,2614.78,2701.04,2593.07,2695.14,4024143800,4024143800
1518013800,2690.95,2727.67,2681.33,2681.66,2838299300,2838299300
1518100200,2685.01,2685.27,2580.56,2581,3249463500,3249463500
1518186600,2601.78,2638.67,2532.69,2619.55,3731314800,3731314800
1518445800,2636.75,2672.61,2622.45,2656,2679600260,2679600260
1518532200,2646.27,2668.84,2637.08,2662.94,2093173110,2093173110
1518618600,2651.21,2702.1,2648.87,2698.63,2420069520,2420069520
1518705000,2713.46,2731.51,2689.82,2731.2,2296146110,2296146110
1518791400,2727.14,2754.42,2725.11,2732.22,2214918720,2214918720
1519137000,2722.99,2737.6,2706.76,2716.26,2135921510,2135921510
1519223400,2720.53,2747.75,2701.29,2701.33,2221587840,2221587840
1519309800,2710.42,2731.26,2697.77,2703.96,2099630390,2099630390
1519396200,2715.8,2747.76,2713.74,2747.3,1869037500,1869037500
1519655400,2757.37,2780.64,2753.78,2779.6,2112406590,2112406590
1519741800,2780.45,2789.15,2744.22,2744.28,2357084280,2357084280
1519828200,2753.78,2761.52,2713.54,2713.83,2606285720,2606285720
1519914600,2715.22,2730.89,2659.65,2677.67,2790764000,2790764000
1520001000,2658.89,2696.25,2647.32,2691.25,2445883840,2445883840
1520260200,2681.06,2728.09,2675.75,2720.94,2341946670,2341946670
1520346600,2730.18,2732.08,2711.26,2728.12,2080635490,2080635490
1520433000,2710.18,2730.6,2701.74,2726.8,2204997480,2204997480
1520519400,2732.75,2740.45,2722.65,2738.97,2047404580,2047404580
1520605800,2752.91,2786.57,2751.54,2786.57,2195651360,2195651360
1520861400,2790.54,2796.98,2779.26,2783.02,2157969180,2157969180
1520947800,2792.31,2801.9,2758.68,2765.31,2353889420,2353889420
1521034200,2774.06,2777.11,2744.38,2749.48,2179975830,2179975830
1521120600,2754.27,2763.03,2741.47,2747.33,1998737400,1998737400
1521207000,2750.57,2761.85,2749.97,2752.01,3459192700,3459192700
1521466200,2741.38,2741.38,2694.59,2712.92,2191394840,2191394840
1521552600,2715.05,2724.22,2710.05,2716.94,2088202410,2088202410
1521639000,2714.99,2739.14,2709.79,2711.93,2074883960,2074883960
1521725400,2691.36,2695.68,2641.59,2643.69,2492921030,2492921030
1521811800,2646.71,2657.67,2585.89,2588.26,2558217930,2558217930
1522071000,2619.35,2661.36,2601.81,2658.55,2434497990,2434497990
1522157400,2667.57,2674.78,2596.12,2612.62,2501316080,2501316080
1522243800,2611.3,2632.65,2593.06,2605,2574191550,2574191550
1522330200,2614.41,2659.07,2609.72,2640.87,2348028810,2348028810
1522675800,2633.45,2638.3,2553.8,2581.88,2468994070,2468994070
1522762200,2592.17,2619.14,2575.49,2614.45,2169555250,2169555250
1522848600,2584.04,2649.86,2573.61,2644.69,2220731180,2220731180
1522935000,2657.36,2672.08,2649.58,2662.84,2008036350,2008036350
1523021400,2645.82,2656.88,2586.27,2604.47,2187111870,2187111870
1523280600,2617.18,2653.55,2610.79,2613.16,1923050590,1923050590
1523367000,2638.41,2665.45,2635.78,2656.87,2132599580,2132599580
1523453400,2643.89,2661.43,2639.25,2642.19,1788526150,1788526150
1523539800,2653.83,2674.72,2653.83,2663.99,1922966390,1922966390
1523626200,2676.9,2680.26,2645.05,2656.3,1823268890,1823268890
1523885400,2670.1,2686.49,2665.16,2677.84,1866870480,1866870480
1523971800,2692.74,2713.34,2692.05,2706.39,1925630580,1925630580
1524058200,2710.11,2717.49,2703.63,2708.64,1965630370,1965630370
1524144600,2701.16,2702.84,2681.9,2693.13,2168636680,2168636680
1524231000,2692.56,2693.94,2660.61,2670.14,2308509070,2308509070
1524490200,2675.4,2682.86,2657.99,2670.29,1858105240,1858105240
1524576600,2680.8,2683.55,2617.32,2634.56,2413969100,2413969100
1524663000,2634.92,2645.3,2612.67,2639.4,2203579980,2203579980
1524749400,2651.65,2676.48,2647.16,2666.94,2543293990,2543293990
1524835800,2675.47,2677.35,2659.01,2669.91,2104565440,2104565440
1525095000,2675.05,2682.92,2648.04,2648.05,2335651560,2335651560
1525181400,2643.64,2655.27,2625.41,2654.8,2185437870,2185437870
1525267800,2654.24,2660.87,2631.7,2635.67,2303620160,2303620160
1525354200,2628.08,2637.14,2594.62,2629.73,2395693080,2395693080
1525440600,2621.45,2670.93,2615.32,2663.42,1915006740,1915006740
1525699800,2669.36,2683.35,2664.7,2672.63,1911248450,1911248450
1525786200,2670.26,2676.34,2655.2,2671.92,2106585850,2106585850
1525872600,2678.12,2701.27,2674.14,2697.79,2083097630,2083097630
1525959000,2705.02,2726.11,2704.54,2723.07,1835353790,1835353790
1526045400,2722.7,2732.86,2717.45,2727.72,1796034170,1796034170
1526304600,2733.37,2742.1,2725.47,2730.13,1820433210,1820433210
1526391000,2718.59,2718.59,2701.91,2711.45,1964096380,1964096380
1526477400,2712.62,2727.76,2712.17,2722.46,1844279670,1844279670
1526563800,2719.71,2731.96,2711.36,2720.13,1863613030,1863613030
1526650200,2717.35,2719.5,2709.18,2712.97,1956929150,1956929150
1526909400,2725.95,2739.19,2725.7,2733.01,1789869040,1789869040
1526995800,2738.34,2742.24,2721.88,2724.44,1907818880,1907818880
1527082200,2713.98,2733.33,2709.54,2733.29,2030186160,2030186160
1527168600,2730.94,2731.97,2707.38,2727.76,1965051550,1965051550
1527255000,2723.6,2727.36,2714.99,2721.33,1683086480,1683086480
1527600600,2705.11,2710.67,2676.81,2689.86,2250972370,2250972370
1527687000,2702.43,2729.34,2702.43,2724.01,2032100560,2032100560
1527773400,2720.98,2722.5,2700.68,2705.27,2746987200,2746987200
1527859800,2718.7,2736.93,2718.7,2734.62,1995116170,1995116170
1528119000,2741.67,2749.16,2740.54,2746.87,1974155390,1974155390
1528205400,2748.46,2752.61,2739.51,2748.8,1982320690,1982320690
1528291800,2753.25,2772.39,2748.46,2772.35,2130321310,2130321310
1528378200,2774.84,2779.9,2760.16,2770.37,2139133020,2139133020
1528464600,2765.84,2779.39,2763.59,2779.03,1813371530,1813371530
1528723800,2780.18,2790.21,2780.17,2782,1917077610,1917077610
1528810200,2785.6,2789.8,2778.78,2786.85,1989893990,1989893990
1528896600,2787.94,2791.47,2774.65,2775.63,2422913940,2422913940
1528983000,2783.21,2789.06,2776.52,2782.49,2271012000,2271012000
1529069400,2777.78,2782.81,2761.73,2779.66,3501178300,3501178300
1529328600,2765.79,2774.99,2757.12,2773.75,2029883490,2029883490
1529415000,2752.01,2765.05,2743.19,2762.59,2214221500,2214221500
1529501400,2769.73,2774.86,2763.91,2767.32,2184211750,2184211750
1529587800,2769.28,2769.28,2744.39,2749.76,2149437120,2149437120
1529674200,2760.79,2764.17,2752.68,2754.88,2887234500,2887234500
1529933400,2742.94,2742.94,2698.67,2717.07,2404385040,2404385040
1530019800,2722.12,2732.91,2715.6,2723.06,2209004200,2209004200
1530106200,2728.45,2746.09,2699.38,2699.63,2277333140,2277333140
1530192600,2698.69,2724.34,2691.99,2716.31,2123739790,2123739790
1530279000,2727.13,2743.26,2718.03,2718.37,2247611940,2247611940
1530538200,2704.95,2727.26,2698.95,2726.71,1774974650,1774974650
1530624600,2733.27,2736.58,2711.16,2713.22,1148652870,1148652870
1530797400,2724.19,2737.83,2716.02,2736.61,1709735880,1709735880
1530883800,2737.68,2764.41,2733.52,2759.82,1570610300,1570610300
1531143000,2768.51,2784.65,2768.51,2784.17,1859165480,1859165480
1531229400,2788.56,2795.58,2786.24,2793.84,1743427930,1743427930
1531315800,2779.82,2785.91,2770.77,2774.02,1806015300,1806015300
1531402200,2783.14,2799.22,2781.53,2798.29,1862928000,1862928000
1531488600,2796.93,2804.53,2791.69,2801.31,1757998400,1757998400
1531747800,2801.43,2803.71,2793.39,2798.43,1791632450,1791632450
1531834200,2789.34,2814.19,2789.24,2809.55,1848700380,1848700380
1531920600,2811.35,2816.76,2805.89,2815.62,1946267160,1946267160
1532007000,2809.37,2812.05,2799.77,2804.49,2110255100,2110255100
1532093400,2804.55,2809.7,2800.01,2801.83,2082882090,2082882090
1532352600,2799.17,2808.61,2795.14,2806.98,1863978310,1863978310
1532439000,2820.68,2829.99,2811.12,2820.4,2183986780,2183986780
1532525400,2817.73,2848.03,2817.73,2846.07,2288128260,2288128260
1532611800,2835.49,2845.57,2835.26,2837.44,2578242520,2578242520
1532698200,2842.35,2843.17,2808.34,2818.82,2343658700,2343658700
1532957400,2819,2821.74,2798.11,2802.6,2240038040,2240038040
1533043800,2809.73,2824.46,2808.06,2816.29,2449761060,2449761060
1533130200,2821.17,2825.83,2805.85,2813.36,2200609140,2200609140
1533216600,2800.48,2829.91,2796.34,2827.22,2040386960,2040386960
1533303000,2829.62,2840.38,2827.37,2840.35,1829936670,1829936670
1533562200,2840.29,2853.29,2835.98,2850.4,1755402890,1755402890
1533648600,2855.92,2863.43,2855.92,2858.45,1792641160,1792641160
1533735000,2856.79,2862.44,2853.09,2857.7,1624654640,1624654640
1533821400,2857.19,2862.48,2851.98,2853.58,1670803070,1670803070
1533907800,2839.64,2842.2,2825.81,2833.28,1817775080,1817775080
1534167000,2835.46,2843.4,2819.88,2821.93,1852090900,1852090900
1534253400,2827.88,2843.11,2826.58,2839.96,1733260850,1733260850
1534339800,2827.95,2827.95,2802.49,2818.37,2170175040,2170175040
1534426200,2831.44,2850.49,2831.44,2840.69,1990092030,1990092030
1534512600,2838.32,2855.63,2833.73,2850.13,1897228860,1897228860
1534771800,2853.93,2859.76,2850.62,2857.05,1673590010,1673590010
1534858200,2861.51,2873.23,2861.32,2862.96,1897094700,1897094700
1534944600,2860.99,2867.54,2856.05,2861.82,1583705460,1583705460
1535031000,2860.29,2868.78,2854.03,2856.98,1653913650,1653913650
1535117400,2862.35,2876.16,2862.35,2874.69,1675497530,1675497530
1535376600,2884.69,2898.25,2884.69,2896.74,2055945920,2055945920
1535463000,2901.45,2903.77,2893.5,2897.52,1788301630,1788301630
1535549400,2900.62,2916.5,2898.4,2914.04,1761496010,1761496010
1535635800,2908.94,2912.46,2895.22,2901.13,1725979530,1725979530
1535722200,2898.37,2906.32,2891.73,2901.52,1806136650,1806136650
1536067800,2896.96,2900.18,2885.13,2896.72,1952726440,1952726440
1536154200,2891.59,2894.21,2876.92,2888.6,2277718450,2277718450
1536240600,2888.64,2892.05,2867.29,2878.05,2025172930,2025172930
1536327000,2868.26,2883.81,2864.12,2871.68,1942169500,1942169500
1536586200,2881.39,2886.93,2875.94,2877.13,1762586060,1762586060
1536672600,2871.57,2892.52,2866.78,2887.89,1880844230,1880844230
1536759000,2888.29,2894.65,2879.2,2888.92,2063572610,2063572610
1536845400,2896.85,2906.76,2896.39,2904.18,2167357830,2167357830
1536931800,2906.38,2908.3,2895.77,2904.98,1896515780,1896515780
1537191000,2903.83,2904.65,2886.16,2888.8,1855645860,1855645860
1537277400,2890.74,2911.17,2890.43,2904.31,1947735430,1947735430
1537363800,2906.6,2912.36,2903.82,2907.95,1942348470,1942348470
1537450200,2919.73,2934.8,2919.73,2930.75,2102348030,2102348030
1537536600,2936.76,2940.91,2927.11,2929.67,3900792000,3900792000
1537795800,2921.83,2923.79,2912.63,2919.37,2105481490,2105481490
1537882200,2921.75,2923.95,2913.7,2915.56,2034744660,2034744660
1537968600,2916.98,2931.15,2903.28,2905.97,2053175000,2053175000
1538055000,2911.65,2927.22,2909.27,2914,1803057920,1803057920
1538141400,2910.03,2920.53,2907.5,2913.98,2193939790,2193939790
1538400600,2926.29,2937.06,2917.91,2924.59,2148843590,2148843590
1538487000,2923.8,2931.42,2919.37,2923.43,2060042940,2060042940
1538573400,2931.69,2939.86,2921.36,2925.51,2101579720,2101579720
1538659800,2919.35,2919.78,2883.92,2901.61,2105861180,2105861180
1538746200,2902.54,2909.64,2869.29,2885.57,2091494760,2091494760
1539005400,2877.53,2889.45,2862.08,2884.43,2013126780,2013126780
1539091800,2882.51,2894.83,2874.27,2880.34,2136559730,2136559730
1539178200,2873.9,2874.02,2784.86,2785.68,2895006300,2895006300
1539264600,2776.87,2795.14,2710.51,2728.37,3309534700,3309534700
1539351000,2770.54,2775.77,2729.44,2767.13,2665303070,2665303070
1539610200,2763.83,2775.99,2749.03,2750.79,2023151750,2023151750
1539696600,2767.05,2813.46,2766.91,2809.92,2137274740,2137274740
1539783000,2811.67,2816.94,2781.81,2809.21,2120418820,2120418820
1539869400,2802,2806.04,2755.18,2768.78,2330696320,2330696320
1539955800,2775.66,2797.77,2760.27,2767.78,2467481150,2467481150
1540215000,2773.94,2778.94,2749.22,2755.88,2219051310,2219051310
1540301400,2721.03,2753.59,2691.43,2740.69,2810569400,2810569400
1540387800,2737.87,2742.59,2651.89,2656.1,3140536400,3140536400
1540474200,2674.88,2722.7,2667.84,2705.57,3062113900,3062113900
1540560600,2667.86,2692.38,2628.16,2658.69,3296391600,3296391600
1540819800,2682.65,2706.85,2603.54,2641.25,2965732000,2965732000
1540906200,2640.68,2685.43,2635.34,2682.63,3337205300,3337205300
1540992600,2705.6,2736.69,2705.6,2711.74,3254301600,3254301600
1541079000,2717.58,2741.67,2708.85,2740.37,2791011600,2791011600
1541165400,2745.45,2756.55,2700.44,2723.06,2848403400,2848403400
1541428200,2726.37,2744.27,2717.94,2738.31,2194666740,2194666740
1541514600,2738.4,2756.82,2737.08,2755.45,2102933250,2102933250
1541601000,2774.13,2815.15,2774.13,2813.89,2449056050,2449056050
1541687400,2806.38,2814.75,2794.99,2806.83,2264117520,2264117520
1541773800,2794.1,2794.1,2764.24,2781.01,2507593530,2507593530
1542033000,2773.93,2775.99,2722,2726.22,2439374450,2439374450
1542119400,2730.05,2754.6,2714.98,2722.18,2355351200,2355351200
1542205800,2737.9,2746.8,2685.75,2701.58,2669619740,2669619740
1542292200,2693.52,2735.38,2670.75,2730.2,2723521900,2723521900
1542378600,2718.54,2746.75,2712.16,2736.27,2693966900,2693966900
1542637800,2730.74,2733.16,2681.09,2690.73,2528464110,2528464110
1542724200,2654.6,2669.44,2631.52,2641.89,2887815900,2887815900
1542810600,2657.74,2670.73,2649.82,2649.93,2052551180,2052551180
1542983400,2633.36,2647.55,2631.09,2632.56,996600640,996600640
1543242600,2649.97,2674.35,2649.97,2673.45,2223763990,2223763990
1543329000,2663.75,2682.53,2655.89,2682.17,2164783700,2164783700
1543415400,2691.45,2744,2684.38,2743.79,2464243920,2464243920
1543501800,2736.97,2753.75,2722.94,2737.76,2102760320,2102760320
1543588200,2737.76,2760.88,2732.76,2760.17,3061710900,3061710900
1543847400,2790.5,2800.18,2773.38,2790.37,2752398100,2752398100
1543933800,2782.43,2785.93,2697.18,2700.06,2990888300,2990888300
1544106600,2663.51,2696.15,2621.53,2695.95,3220645200,3220645200
1544193000,2691.26,2708.54,2623.14,2633.08,2607989520,2607989520
1544452200,2630.86,2647.51,2583.23,2637.72,2521728990,2521728990
1544538600,2664.44,2674.35,2621.3,2636.78,2354563430,2354563430
1544625000,2658.23,2685.44,2650.26,2651.07,2473051770,2473051770
1544711400,2658.7,2670.19,2637.27,2650.54,2364352580,2364352580
1544797800,2629.68,2635.07,2593.84,2599.95,2536288490,2536288490
1545057000,2590.75,2601.13,2530.54,2545.94,2879374600,2879374600
1545143400,2559.9,2573.99,2528.71,2546.16,2748353400,2748353400
1545229800,2547.05,2585.29,2488.96,2506.96,3383318600,3383318600
1545316200,2496.77,2509.63,2441.18,2467.42,3622684000,3622684000
1545402600,2465.38,2504.41,2408.55,2416.62,4946860700,4946860700
1545661800,2400.56,2410.34,2351.1,2351.1,1724366730,1724366730
1545834600,2363.12,2467.76,2346.58,2467.7,2731627200,2731627200
1545921000,2442.5,2489.1,2397.94,2488.83,2552054900,2552054900
1546007400,2498.77,2520.27,2472.89,2485.74,2209845400,2209845400
1546266600,2498.94,2509.24,2482.82,2506.85,1998138060,1998138060
1546439400,2476.96,2519.49,2467.47,2510.03,2233765370,2233765370
1546525800,2491.92,2493.14,2443.96,2447.89,2754752700,2754752700
1546612200,2474.33,2538.07,2474.33,2531.94,2661709790,2661709790
1546871400,2535.61,2566.16,2524.56,2549.69,2526552370,2526552370
1546957800,2568.11,2579.82,2547.56,2574.41,2458286260,2458286260
1547044200,2580,2595.32,2568.89,2584.96,2463516870,2463516870
1547130600,2573.51,2597.82,2562.02,2596.64,2330498010,2330498010
1547217000,2588.11,2596.27,2577.4,2596.26,2063515120,2063515120
1547476200,2580.31,2589.32,2570.41,2582.61,2242883040,2242883040
1547562600,2585.1,2613.08,2585.1,2610.3,2299611810,2299611810
1547649000,2614.75,2625.76,2612.68,2616.1,2417328890,2417328890
1547735400,2609.28,2645.06,2606.36,2635.96,2450727380,2450727380
1547821800,2651.27,2675.47,2647.58,2670.71,2617844980,2617844980
1548167400,2657.88,2657.88,2617.27,2632.9,2590517040,2590517040
1548253800,2643.48,2653.19,2612.86,2638.7,2239098710,2239098710
1548340200,2638.84,2647.2,2627.01,2642.33,2434655640,2434655640
1548426600,2657.44,2672.38,2657.33,2664.76,2499715080,2499715080
1548685800,2644.97,2644.97,2624.06,2643.85,2314399420,2314399420
1548772200,2644.89,2650.93,2631.05,2640,2148988600,2148988600
1548858600,2653.62,2690.44,2648.34,2681.05,2544657930,2544657930
1548945000,2685.49,2708.95,2678.65,2704.1,3383825900,3383825900
1549031400,2702.32,2716.66,2696.88,2706.53,2431455100,2431455100
1549290600,2706.49,2724.99,2698.75,2724.87,2070561800,2070561800
1549377000,2728.34,2738.98,2724.03,2737.7,2175721320,2175721320
1549463400,2735.05,2738.08,2724.15,2731.61,2056291740,2056291740
1549549800,2717.53,2719.32,2687.26,2706.05,2449415200,2449415200
1549636200,2692.36,2708.07,2681.83,2707.88,2219273580,2219273580
1549895400,2712.4,2718.05,2703.79,2709.8,1977782520,1977782520
1549981800,2722.61,2748.19,2722.61,2744.73,2290316190,2290316190
1550068200,2750.3,2761.85,2748.63,2753.03,2141980850,2141980850
1550154600,2743.5,2757.9,2731.23,2745.73,2141245050,2141245050
1550241000,2760.24,2775.66,2760.24,2775.6,2385153250,2385153250
1550586600,2769.28,2787.33,2767.29,2779.76,1984414950,1984414950
1550673000,2779.05,2789.88,2774.06,2784.7,2139229520,2139229520
1550759400,2780.24,2781.58,2764.55,2774.88,1979489000,1979489000
1550845800,2780.67,2794.2,2779.11,2792.67,2087754960,2087754960
1551105000,2804.35,2813.49,2794.99,2796.11,2303642370,2303642370
1551191400,2792.36,2803.12,2789.47,2793.9,2033263150,2033263150
1551277800,2787.5,2795.76,2775.13,2792.38,2053868020,2053868020
1551364200,2788.11,2793.73,2782.51,2784.49,2492903680,2492903680
1551450600,2798.22,2808.02,2787.38,2803.69,2250380360,2250380360
1551709800,2814.37,2816.88,2767.66,2792.81,2245925090,2245925090
1551796200,2794.41,2796.44,2782.97,2789.65,2118384030,2118384030
1551882600,2790.27,2790.27,2768.69,2771.45,2111486430,2111486430
1551969000,2766.53,2767.25,2739.09,2748.93,2280991900,2280991900
1552055400,2730.79,2744.13,2722.27,2743.07,1971521130,1971521130
1552311000,2747.61,2784,2747.61,2783.3,2054706190,2054706190
1552397400,2787.34,2798.32,2786.73,2791.52,1995475490,1995475490
1552483800,2799.78,2821.24,2799.78,2810.92,2162511950,2162511950
1552570200,2810.38,2815,2803.46,2808.48,2052995330,2052995330
1552656600,2810.79,2830.73,2810.79,2822.48,3734916500,3734916500
1552915800,2822.61,2835.41,2821.99,2832.94,2031400900,2031400900
1553002200,2840.76,2852.42,2823.27,2832.57,2243489040,2243489040
1553088600,2831.34,2843.54,2812.43,2824.23,2289335840,2289335840
1553175000,2819.72,2860.31,2817.38,2854.88,2323248430,2323248430
1553261400,2844.52,2846.16,2800.47,2800.71,2485350170,2485350170
1553520600,2796.01,2809.79,2785.02,2798.36,1931448290,1931448290
1553607000,2812.66,2829.87,2803.99,2818.46,1911821670,1911821670
1553693400,2819.72,2825.56,2787.72,2805.37,1918159250,1918159250
1553779800,2809.4,2819.71,2798.77,2815.44,1774788230,1774788230
1553866200,2828.27,2836.03,2819.23,2834.4,2184384250,2184384250
1554125400,2848.63,2869.4,2848.63,2867.19,2065945470,2065945470
1554211800,2868.24,2872.9,2858.75,2867.24,1874915360,1874915360
1554298200,2876.09,2885.25,2865.17,2873.4,2216125460,2216125460
1554384600,2873.99,2881.28,2867.14,2879.39,1740949270,1740949270
1554471000,2884.16,2893.24,2882.99,2892.74,1747286390,1747286390
1554730200,2888.46,2895.95,2880.78,2895.77,1744343430,1744343430
1554816600,2886.58,2886.88,2873.33,2878.2,1712480400,1712480400
1554903000,2881.37,2889.71,2879.13,2888.21,1595773630,1595773630
1554989400,2891.92,2893.42,2881.99,2888.32,1625618350,1625618350
1555075800,2900.86,2910.54,2898.37,2907.41,2175148650,2175148650
1555335000,2908.32,2909.6,2896.48,2905.58,1719879710,1719879710
1555421400,2912.26,2916.06,2900.71,2907.06,2059164390,2059164390
1555507800,2916.04,2918,2895.45,2900.45,2310102580,2310102580
1555594200,2904.81,2908.4,2891.9,2905.03,2079240010,2079240010
1555939800,2898.78,2909.51,2896.35,2907.97,1747453730,1747453730
1556026200,2909.99,2936.31,2908.53,2933.68,2171881380,2171881380
1556112600,2934,2936.83,2926.05,2927.25,2035575780,2035575780
1556199000,2928.99,2933.1,2912.84,2926.17,2089426290,2089426290
1556285400,2925.81,2939.88,2917.56,2939.88,2080498110,2080498110
1556544600,2940.58,2949.52,2939.35,2943.03,1848856710,1848856710
1556631000,2937.14,2948.22,2924.11,2945.83,2364280370,2364280370
1556717400,2952.33,2954.13,2923.36,2923.73,2227214300,2227214300
1556803800,2922.16,2931.68,2900.5,2917.52,2136002300,2136002300
1556890200,2929.21,2947.85,2929.21,2945.64,1880651490,1880651490
1557149400,2908.89,2937.32,2898.21,2932.47,1857443100,1857443100
1557235800,2913.03,2913.03,2862.6,2884.05,2283553860,2283553860
1557322200,2879.61,2897.96,2873.28,2879.42,1919367280,1919367280
1557408600,2859.84,2875.97,2836.4,2870.72,2122567270,2122567270
1557495000,2863.1,2891.31,2825.39,2881.4,2004542780,2004542780
1557754200,2840.19,2840.19,2801.43,2811.87,2324156700,2324156700
1557840600,2820.12,2852.54,2820.12,2834.41,1947348880,1947348880
1557927000,2820.38,2858.68,2815.08,2850.96,1877762470,1877762470
1558013400,2855.8,2892.15,2855.8,2876.32,1925487670,1925487670
1558099800,2858.6,2885.48,2854.23,2859.53,1887749620,1887749620
1558359000,2841.94,2853.86,2831.29,2840.23,1899719090,1899719090
1558445400,2854.02,2868.88,2854.02,2864.36,1802041250,1802041250
1558531800,2856.06,2865.47,2851.11,2856.27,1794215280,1794215280
1558618200,2836.7,2836.7,2805.49,2822.24,2225395780,2225395780
1558704600,2832.41,2841.36,2820.19,2826.06,1601399140,1601399140
1559050200,2830.03,2840.51,2801.58,2802.39,2506867700,2506867700
1559136600,2790.25,2792.03,2766.06,2783.02,2100549010,2100549010
1559223000,2786.94,2799,2776.74,2788.86,1757961170,1757961170
1559309400,2766.15,2768.98,2750.52,2752.06,2206214290,2206214290
1559568600,2751.53,2763.07,2728.81,2744.45,2421191120,2421191120
1559655000,2762.64,2804.49,2762.64,2803.27,2294213170,2294213170
1559741400,2818.09,2827.28,2800.92,2826.15,2031189580,2031189580
1559827800,2828.51,2852.1,2822.45,2843.49,1949547650,1949547650
1559914200,2852.87,2884.97,2852.87,2873.34,1848513800,1848513800
1560173400,2885.83,2904.77,2885.51,2886.73,1854780010,1854780010
1560259800,2903.27,2910.61,2878.53,2885.72,2038179620,2038179620
1560346200,2882.73,2888.57,2874.68,2879.84,1618915590,1618915590
1560432600,2886.24,2895.24,2881.99,2891.64,1638957190,1638957190
1560519000,2886.82,2894.45,2879.62,2886.98,1562976920,1562976920
1560778200,2889.75,2897.27,2887.3,2889.67,1579314340,1579314340
1560864600,2906.71,2930.79,2905.44,2917.75,2003753210,2003753210
1560951000,2920.55,2931.74,2911.43,2926.46,1864220240,1864220240
1561037400,2949.6,2958.06,2931.5,2954.18,2057677850,2057677850
1561123800,2952.71,2964.15,2946.87,2950.46,3033185200,3033185200
1561383000,2951.42,2954.92,2944.05,2945.35,1733220420,1733220420
1561469400,2945.78,2946.52,2916.01,2917.38,2020032890,2020032890
1561555800,2926.07,2932.59,2912.99,2913.78,2005584140,2005584140
1561642200,2919.66,2929.3,2918.57,2924.92,1725782510,1725782510
1561728600,2932.94,2943.98,2929.05,2941.76,2959726100,2959726100
1561987800,2971.41,2977.93,2952.22,2964.33,2042077050,2042077050
1562074200,2964.66,2973.21,2955.92,2973.01,1656797090,1656797090
1562160600,2978.08,2995.84,2977.96,2995.82,1093866710,1093866710
1562333400,2984.25,2994.03,2967.97,2990.41,1287369510,1287369510
1562592600,2979.77,2980.76,2970.09,2975.95,1554002630,1554002630
1562679000,2965.52,2981.9,2963.44,2979.63,1636493100,1636493100
1562765400,2989.3,3002.98,2984.62,2993.07,1643619370,1643619370
1562851800,2999.62,3002.33,2988.8,2999.91,1731135970,1731135970
1562938200,3003.36,3013.92,3001.87,3013.77,1609598300,1609598300
1563197400,3017.8,3017.8,3008.77,3014.3,1604048490,1604048490
1563283800,3012.13,3015.02,3001.15,3004.04,1742567430,1742567430
1563370200,3005.1,3005.26,2984.25,2984.42,1743301030,1743301030
1563456600,2978.87,2998.28,2973.09,2995.11,1793633460,1793633460
1563543000,3004.26,3006.02,2975.86,2976.61,1872665470,1872665470
1563802200,2981.93,2990.71,2976.65,2985.03,1667005220,1667005220
1563888600,2994.74,3005.9,2988.56,3005.47,1870688760,1870688760
1563975000,2998.77,3019.59,2996.82,3019.56,1925226950,1925226950
1564061400,3016.26,3016.31,2997.24,3003.67,1977743260,1977743260
1564147800,3013.25,3027.98,3012.59,3025.86,1807302580,1807302580
1564407000,3024.47,3025.61,3014.3,3020.97,1761304160,1761304160
1564493400,3007.66,3017.19,3000.94,3013.18,1837519860,1837519860
1564579800,3016.22,3017.4,2958.08,2980.38,2731633900,2731633900
1564666200,2980.32,3013.59,2945.23,2953.56,2707086300,2707086300
1564752600,2943.9,2945.5,2914.11,2932.05,2210278480,2210278480
1565011800,2898.07,2898.07,2822.12,2844.74,2614970780,2614970780
1565098200,2861.18,2884.4,2847.42,2881.77,2177203740,2177203740
1565184600,2858.65,2892.17,2825.71,2883.98,2360893680,2360893680
1565271000,2896.21,2938.72,2894.47,2938.09,2209464230,2209464230
1565357400,2930.51,2935.75,2900.15,2918.65,1888617140,1888617140
1565616600,2907.07,2907.58,2873.14,2883.09,1440439050,1440439050
1565703000,2880.72,2943.31,2877.05,2926.32,2129331310,2129331310
1565789400,2894.15,2894.15,2839.64,2840.6,2543385220,2543385220
1565875800,2846.2,2856.67,2825.51,2847.6,2421109980,2421109980
1565962200,2864.74,2893.63,2864.74,2888.68,2063083130,2063083130
1566221400,2913.48,2931,2913.48,2923.65,1779496090,1779496090
1566307800,2919.01,2923.63,2899.6,2900.51,1678619160,1678619160
1566394200,2922.04,2928.73,2917.91,2924.43,1587398600,1587398600
1566480600,2930.94,2939.08,2904.51,2922.95,1586736330,1586736330
1566567000,2911.07,2927.01,2834.97,2847.11,2353651930,2353651930
1566826200,2866.7,2879.27,2856,2878.38,1594021310,1594021310
1566912600,2893.14,2898.79,2860.59,2869.16,1949097480,1949097480
1566999000,2861.28,2890.03,2853.05,2887.94,1657199500,1657199500
1567085400,2910.37,2930.5,2905.67,2924.58,1620492410,1620492410
1567171800,2937.09,2940.43,2913.32,2926.46,1609574620,1609574620
1567517400,2909.01,2914.39,2891.85,2906.27,1709526220,1709526220
1567603800,2924.67,2938.84,2921.86,2937.78,1638025760,1638025760
1567690200,2960.6,2985.86,2960.6,2976,1985626100,1985626100
1567776600,2980.33,2985.03,2972.51,2978.71,1660754920,1660754920
1568035800,2988.43,2989.43,2969.39,2978.43,2109065870,2109065870
1568122200,2971.01,2979.39,2957.01,2979.39,2313900770,2313900770
1568208600,2981.41,3000.93,2975.31,3000.93,2023030990,2023030990
1568295000,3009.08,3020.74,3000.92,3009.57,2110912840,2110912840
1568381400,3012.21,3017.33,3002.9,3007.39,1885111640,1885111640
1568640600,2996.41,3002.19,2990.67,2997.96,1865797040,1865797040
1568727000,2995.67,3006.21,2993.73,3005.7,1835650330,1835650330
1568813400,3001.5,3007.83,2978.57,3006.73,1711314790,1711314790
1568899800,3010.36,3021.99,3003.16,3006.79,1552070560,1552070560
1568986200,3008.42,3016.37,2984.68,2992.07,3239391400,3239391400
1569245400,2983.5,2999.15,2982.23,2991.78,1584858670,1584858670
1569331800,3002.43,3007.98,2957.73,2966.6,2022515180,2022515180
1569418200,2968.35,2989.82,2952.86,2984.87,1755735860,1755735860
1569504600,2985.73,2987.28,2963.71,2977.62,1589729660,1589729660
1569591000,2985.47,2987.31,2945.53,2961.79,1770249090,1770249090
1569850200,2967.07,2983.85,2967.07,2976.74,1663001740,1663001740
1569936600,2983.69,2992.53,2938.7,2940.25,1889536810,1889536810
1570023000,2924.78,2924.78,2874.93,2887.61,2132408790,2132408790
1570109400,2885.38,2911.13,2855.94,2910.63,1879070940,1879070940
1570195800,2918.56,2953.74,2918.56,2952.01,1598498930,1598498930
1570455000,2944.23,2959.75,2935.68,2938.79,1497859580,1497859580
1570541400,2920.4,2925.47,2892.66,2893.06,1831153660,1831153660
1570627800,2911.1,2929.32,2907.41,2919.4,1409636910,1409636910
1570714200,2918.55,2948.46,2917.12,2938.13,1630780750,1630780750
1570800600,2963.07,2993.28,2963.07,2970.27,1952864650,1952864650
1571059800,2965.81,2972.84,2962.94,2966.15,1332783820,1332783820
1571146200,2973.61,3003.28,2973.61,2995.68,1676566150,1676566150
1571232600,2989.68,2997.54,2985.2,2989.69,1740299310,1740299310
1571319000,3000.77,3008.29,2991.79,2997.95,1623369260,1623369260
1571405400,2996.84,3000,2976.31,2986.2,1986308650,1986308650
1571664600,2996.48,3007.33,2995.35,3006.72,1749381230,1749381230
1571751000,3010.73,3014.57,2995.04,2995.99,1843264600,1843264600
1571837400,2994.01,3004.78,2991.21,3004.52,1760876330,1760876330
1571923800,3014.78,3016.07,3000.42,3010.29,1935918850,1935918850
1572010200,3003.32,3027.39,3001.94,3022.55,1773425900,1773425900
1572269400,3032.12,3044.08,3032.12,3039.42,1871168000,1871168000
1572355800,3035.39,3047.87,3034.81,3036.89,1811955800,1811955800
1572442200,3039.74,3050.1,3025.96,3046.77,1968172950,1968172950
1572528600,3046.9,3046.9,3023.19,3037.56,2207521400,2207521400
1572615000,3050.72,3066.95,3050.72,3066.91,1950717140,1950717140
1572877800,3078.96,3085.2,3074.87,3078.27,2114369150,2114369150
1572964200,3080.8,3083.95,3072.15,3074.62,2249853340,2249853340
1573050600,3075.1,3078.34,3065.89,3076.78,2022311720,2022311720
1573137000,3087.02,3097.77,3080.23,3085.18,2160097120,2160097120
1573223400,3081.25,3093.09,3073.58,3093.08,1691974710,1691974710
1573482600,3080.33,3088.33,3075.82,3087.01,1407760570,1407760570
1573569000,3089.28,3102.61,3084.73,3091.84,1682131600,1682131600
1573655400,3084.18,3098.06,3078.8,3094.04,1716744640,1716744640
1573741800,3090.75,3098.2,3083.26,3096.63,1658728240,1658728240
1573828200,3107.92,3120.46,3104.6,3120.46,1868559520,1868559520
1574087400,3117.91,3124.17,3112.06,3122.03,1834376060,1834376060
1574173800,3127.45,3127.64,3113.47,3120.18,1924172380,1924172380
1574260200,3114.66,3118.97,3091.41,3108.46,2372417260,2372417260
1574346600,3108.49,3110.11,3094.55,3103.54,1862138390,1862138390
1574433000,3111.41,3112.87,3099.26,3110.29,1626733210,1626733210
1574692200,3117.44,3133.83,3117.44,3133.64,1904704050,1904704050
1574778600,3134.85,3142.69,3131,3140.52,2493336600,2493336600
1574865000,3145.49,3154.26,3143.41,3153.63,1493045170,1493045170
1575037800,3147.18,3150.3,3139.34,3140.98,836642225,836642225
1575297000,3143.85,3144.31,3110.78,3113.87,1786642210,1786642210
1575383400,3087.41,3094.97,3070.33,3093.2,1991484980,1991484980
1575469800,3103.5,3119.38,3102.53,3112.76,1791049390,1791049390
1575556200,3119.21,3119.45,3103.76,3117.43,1645721930,1645721930
1575642600,3134.62,3150.6,3134.62,3145.91,1699014300,1699014300
1575901800,3141.86,3148.87,3135.46,3135.96,1596216270,1596216270
1575988200,3135.36,3142.12,3126.09,3132.52,1662835230,1662835230
1576074600,3135.75,3143.98,3133.21,3141.63,1711032900,1711032900
1576161000,3141.23,3176.28,3138.47,3168.57,2217305090,2217305090
1576247400,3166.65,3182.68,3156.51,3168.8,1956819990,1956819990
1576506600,3183.63,3197.71,3183.63,3191.45,2164545450,2164545450
1576593000,3195.4,3198.22,3191.03,3192.52,1971590970,1971590970
1576679400,3195.21,3198.48,3191.14,3191.14,2109637090,2109637090
1576765800,3192.32,3205.48,3192.32,3205.37,1923928140,1923928140
1576852200,3223.33,3225.65,3216.03,3221.22,3697537000,3697537000
1577111400,3226.05,3227.78,3222.3,3224.01,1580052420,1580052420
1577197800,3225.45,3226.43,3220.51,3223.38,604560645,604560645
1577370600,3227.2,3240.08,3227.2,3239.91,1047945050,1047945050
1577457000,3247.23,3247.93,3234.37,3240.02,1110175740,1110175740
1577716200,3240.09,3240.92,3216.57,3221.29,1198740750,1198740750
1577802600,3215.18,3231.72,3212.03,3230.78,1285724430,1285724430
1577975400,3244.67,3258.14,3235.53,3257.85,1827686030,1827686030
1578061800,3226.36,3246.15,3222.34,3234.85,1733947880,1733947880
1578321000,3217.55,3246.84,3214.64,3246.28,1872802970,1872802970
1578407400,3241.86,3244.91,3232.43,3237.18,1892856390,1892856390
1578493800,3238.59,3267.07,3236.67,3253.05,1956336830,1956336830
1578580200,3266.03,3275.58,3263.67,3274.7,1839202230,1839202230
1578666600,3281.81,3282.99,3260.86,3265.35,1631680400,1631680400
1578925800,3271.13,3288.13,3268.43,3288.13,1765159090,1765159090
1579012200,3285.35,3294.25,3277.19,3283.15,1969901450,1969901450
1579098600,3282.27,3298.66,3280.69,3289.29,1807140800,1807140800
1579185000,3302.97,3317.11,3302.82,3316.81,1795632380,1795632380
1579271400,3323.66,3329.88,3318.86,3329.62,2148780810,2148780810
1579617000,3321.03,3329.79,3316.61,3320.79,2190847520,2190847520
1579703400,3330.02,3337.77,3320.04,3321.75,1852031180,1852031180
1579789800,3315.77,3326.88,3301.87,3325.54,2034159850,2034159850
1579876200,3333.1,3333.18,3281.53,3295.47,2106787710,2106787710
1580135400,3247.16,3258.85,3234.5,3243.63,2136117900,2136117900
1580221800,3255.35,3285.78,3253.22,3276.24,2023968800,2023968800
1580308200,3289.46,3293.47,3271.89,3273.4,2124923930,2124923930
1580394600,3256.45,3285.91,3242.8,3283.66,2253789000,2253789000
1580481000,3282.33,3282.33,3214.68,3225.52,2678835840,2678835840
1580740200,3235.66,3268.44,3235.66,3248.92,2113052900,2113052900
1580826600,3280.61,3306.92,3280.61,3297.59,2140871720,2140871720
1580913000,3324.91,3337.58,3313.75,3334.69,2252878600,2252878600
1580999400,3344.92,3347.96,3334.39,3345.78,1953737180,1953737180
1581085800,3335.54,3341.42,3322.12,3327.71,1851359690,1851359690
1581345000,3318.28,3352.26,3317.77,3352.09,1735188710,1735188710
1581431400,3365.87,3375.63,3352.72,3357.75,1879876060,1879876060
1581517800,3370.5,3381.47,3369.72,3379.45,2006519340,2006519340
1581604200,3365.9,3385.09,3360.52,3373.94,1909388710,1909388710
1581690600,3378.08,3380.69,3366.15,3380.16,1667357290,1667357290
1582036200,3369.04,3375.01,3355.61,3370.29,1914015420,1914015420
1582122600,3380.39,3393.52,3378.83,3386.15,1725813320,1725813320
1582209000,3380.45,3389.15,3341.02,3373.23,2028505820,2028505820
1582295400,3360.5,3360.76,3328.45,3337.75,2118610220,2118610220
1582554600,3257.61,3259.81,3214.65,3225.89,2745643000,2745643000
1582641000,3238.94,3246.99,3118.77,3128.21,3132889900,3132889900
1582727400,3139.9,3182.51,3108.99,3116.39,2992301100,2992301100
1582813800,3062.54,3097.07,2977.39,2978.76,3935257800,3935257800
1582900200,2916.9,2959.72,2855.84,2954.22,5142324300,5142324300
1583159400,2974.28,3090.96,2945.19,3090.23,3819116700,3819116700
1583245800,3096.46,3136.72,2976.63,3003.37,3871212200,3871212200
1583332200,3045.75,3130.97,3034.38,3130.12,3078036200,3078036200
1583418600,3075.7,3083.04,2999.83,3023.94,3234688700,3234688700
1583505000,2954.2,2985.93,2901.54,2972.37,3910119500,3910119500
1583760600,2863.89,2863.89,2734.43,2746.56,4706064100,4706064100
1583847000,2813.48,2882.59,2734,2882.23,4346012300,4346012300
1583933400,2825.6,2825.6,2707.22,2741.38,4241642900,4241642900
1584019800,2630.86,2660.95,2478.86,2480.64,5218633800,5218633800
1584106200,2569.99,2711.33,2492.37,2711.02,4895408900,4895408900
1584365400,2508.59,2562.98,2380.94,2386.13,4650983400,4650983400
1584451800,2425.66,2553.93,2367.04,2529.19,4826351200,4826351200
1584538200,2436.5,2453.57,2280.52,2398.1,5196783800,5196783800
1584624600,2393.48,2466.97,2319.78,2409.39,4557744400,4557744400
1584711000,2431.94,2453.01,2295.56,2304.92,5264096500,5264096500
1584970200,2290.71,2300.73,2191.86,2237.4,4617078400,4617078400
1585056600,2344.44,2449.71,2344.44,2447.33,4718870100,4718870100
1585143000,2457.77,2571.42,2407.53,2475.56,4881201400,4881201400
1585229400,2501.29,2637.01,2500.72,2630.07,4340887000,4340887000
1585315800,2555.87,2615.91,2520.02,2541.47,3590712100,3590712100
1585575000,2558.98,2631.8,2545.28,2626.65,3370871900,3370871900
1585661400,2614.69,2641.39,2571.15,2584.59,3991879000,3991879000
1585747800,2498.08,2522.75,2447.49,2470.5,3666502400,3666502400
1585834200,2458.54,2533.22,2455.79,2526.9,3870184500,3870184500
1585920600,2514.92,2538.18,2459.96,2488.65,3593003500,3593003500
1586179800,2578.28,2676.85,2574.57,2663.68,4022970300,4022970300
1586266200,2738.65,2756.89,2657.67,2659.41,4218972800,4218972800
1586352600,2685,2760.75,2663.3,2749.98,3343867600,3343867600
1586439000,2776.99,2818.57,2762.36,2789.82,4359302600,4359302600
1586784600,2782.46,2782.46,2721.17,2761.63,2900380800,2900380800
1586871000,2805.1,2851.85,2805.1,2846.06,3113388700,3113388700
1586957400,2795.64,2801.88,2761.54,2783.36,3123468200,3123468200
1587043800,2799.34,2806.51,2764.32,2799.55,3185793700,3185793700
1587130200,2842.43,2879.22,2830.88,2874.56,3554592900,3554592900
1587389400,2845.62,2868.98,2820.43,2823.16,2935031900,2935031900
1587475800,2784.81,2785.54,2727.1,2736.56,3096009700,3096009700
1587562200,2787.89,2815.1,2775.95,2799.31,2779868500,2779868500
1587648600,2810.42,2844.9,2794.26,2797.8,2919383700,2919383700
1587735000,2812.64,2842.71,2791.76,2836.74,2882793400,2882793400
1587994200,2854.65,2887.72,2852.89,2878.48,2795944200,2795944200
1588080600,2909.96,2921.15,2860.71,2863.39,3237748800,3237748800
1588167000,2918.46,2954.86,2912.16,2939.51,3862944900,3862944900
1588253400,2930.91,2930.91,2892.47,2912.43,3721235500,3721235500
1588339800,2869.09,2869.09,2821.61,2830.71,2914265100,2914265100
1588599000,2815.01,2844.24,2797.85,2842.74,2877617900,2877617900
1588685400,2868.88,2898.23,2863.55,2868.44,2974283000,2974283000
1588771800,2883.14,2891.11,2847.65,2848.42,2855444100,2855444100
1588858200,2878.26,2901.92,2876.48,2881.19,2831489300,2831489300
1588944600,2908.83,2932.16,2902.88,2929.8,2617877860,2617877860
1589203800,2915.46,2944.25,2903.44,2930.32,2609806690,2609806690
1589290200,2939.5,2945.82,2869.59,2870.12,2668655090,2668655090
1589376600,2865.86,2874.14,2793.15,2820,3551451200,3551451200
1589463000,2794.54,2852.8,2766.64,2852.5,3348510300,3348510300
1589549400,2829.95,2865.01,2816.78,2863.7,3306748600,3306748600
1589808600,2913.86,2968.09,2913.86,2953.91,3642081500,3642081500
1589895000,2948.59,2964.21,2922.35,2922.94,2858250800,2858250800
1589981400,2953.63,2980.29,2953.63,2971.61,2849677200,2849677200
1590067800,2969.95,2978.5,2938.57,2948.51,2780244100,2780244100
1590154200,2948.05,2956.76,2933.59,2955.45,2185305110,2185305110
1590499800,3004.08,3021.72,2988.17,2991.77,3355998900,3355998900
1590586200,3015.65,3036.25,2969.75,3036.13,3661742900,3661742900
1590672600,3046.61,3068.67,3023.4,3029.73,3140297000,3140297000
1590759000,3025.17,3049.17,2998.61,3044.31,4381828900,4381828900
1591018200,3038.78,3062.18,3031.54,3055.73,2501351430,2501351430
1591104600,3064.78,3081.07,3051.64,3080.82,2807173300,2807173300
1591191000,3098.9,3130.94,3098.9,3122.87,3160241200,3160241200
1591277400,3111.56,3128.91,3090.41,3112.35,3738795800,3738795800
1591363800,3163.84,3211.72,3163.84,3193.93,4795458700,4795458700
1591623000,3199.92,3233.13,3196,3232.39,3698462900,3698462900
1591709400,3213.32,3222.71,3193.11,3207.18,3156921500,3156921500
1591795800,3213.42,3223.27,3181.49,3190.14,3568860900,3568860900
1591882200,3123.53,3123.53,2999.49,3002.1,4123277900,4123277900
1591968600,3071.04,3088.42,2984.47,3041.31,3385763000,3385763000
1592227800,2993.76,3079.76,2965.66,3066.59,3208913300,3208913300
1592314200,3131,3153.45,3076.06,3124.74,3286788800,3286788800
1592400600,3136.13,3141.16,3108.03,3113.49,2483191140,2483191140
1592487000,3101.64,3120,3093.51,3115.34,2399667780,2399667780
1592573400,3140.29,3155.53,3083.11,3097.74,4992777000,4992777000
1592832600,3094.42,3120.92,3079.39,3117.86,2559744790,2559744790
1592919000,3138.7,3154.9,3127.12,3131.29,2719245400,2719245400
1593005400,3114.4,3115.01,3032.13,3050.33,3203219700,3203219700
1593091800,3046.6,3086.25,3024.01,3083.76,2707762300,2707762300
1593178200,3073.2,3073.73,3004.63,3009.05,4385258100,4385258100
1593437400,3018.59,3053.89,2999.74,3053.24,2633408640,2633408640
1593523800,3050.2,3111.51,3047.83,3100.29,2757387700,2757387700
1593610200,3105.92,3128.44,3101.17,3115.86,2697727400,2697727400
1593696600,3143.64,3165.81,3124.52,3130.01,2326767590,2326767590
1594042200,3155.29,3182.59,3155.29,3179.72,2380431980,2380431980
1594128600,3166.44,3184.15,3142.93,3145.32,2287837090,2287837090
1594215000,3153.07,3171.8,3136.53,3169.94,2390189830,2390189830
1594301400,3176.17,3179.78,3115.7,3152.05,2597178290,2597178290
1594387800,3152.47,3186.82,3136.22,3185.04,2407407210,2407407210
1594647000,3205.08,3235.32,3149.43,3155.22,2695331600,2695331600
1594733400,3141.11,3200.95,3127.66,3197.52,2628539060,2628539060
1594819800,3225.98,3238.28,3200.76,3226.56,2841976200,2841976200
1594906200,3208.36,3220.39,3198.59,3215.57,2209581970,2209581970
1594992600,3224.21,3233.52,3205.65,3224.73,2219971190,2219971190
1595251800,3224.29,3258.61,3215.16,3251.84,2171757450,2171757450
1595338200,3268.52,3277.29,3247.77,3257.3,2472394560,2472394560
1595424600,3254.86,3279.32,3253.1,3276.02,2412594520,2412594520
1595511000,3271.64,3279.99,3222.66,3235.66,2737810500,2737810500
1595597400,3218.58,3227.26,3200.05,3215.63,2460013760,2460013760
1595856600,3219.84,3241.43,3214.25,3239.41,2355911000,2355911000
1595943000,3234.27,3243.72,3216.17,3218.44,2235534690,2235534690
1596029400,3227.22,3264.74,3227.22,3258.44,2467083170,2467083170
1596115800,3231.76,3250.92,3204.13,3246.22,2425538880,2425538880
1596202200,3270.45,3272.17,3220.26,3271.12,3065634900,3065634900
1596461400,3288.26,3302.73,3284.53,3294.61,2378355800,2378355800
1596547800,3289.92,3306.84,3286.37,3306.51,2404966030,2404966030
1596634200,3317.37,3330.77,3317.37,3327.77,2446007000,2446007000
1596720600,3323.17,3351.03,3318.14,3349.16,2414278720,2414278720
1596807000,3340.05,3352.54,3328.72,3351.28,2282910040,2282910040
1597066200,3356.04,3363.29,3335.44,3360.47,2566548630,2566548630
1597152600,3370.34,3381.01,3326.44,3333.69,2900493800,2900493800
1597239000,3355.46,3387.89,3355.46,3380.35,2245003450,2245003450
1597325400,3372.95,3387.24,3363.35,3373.43,1964512010,1964512010
1597411800,3368.66,3378.51,3361.64,3372.85,1711020610,1711020610
1597671000,3380.86,3387.59,3379.22,3381.99,1951691960,1951691960
1597757400,3387.04,3395.06,3370.15,3389.78,1794617540,1794617540
1597843800,3392.51,3399.54,3369.66,3374.85,2018139580,2018139580
1597930200,3360.48,3390.8,3354.69,3385.51,1832094270,1832094270
1598016600,3386.01,3399.96,3379.31,3397.16,1994452680,1994452680
1598275800,3418.09,3432.09,3413.13,3431.28,2271749780,2271749780
1598362200,3435.95,3444.21,3425.84,3443.62,2040869580,2040869580
1598448600,3449.97,3481.07,3444.15,3478.73,2003087360,2003087360
1598535000,3485.14,3501.38,3468.35,3484.55,2317902470,2317902470
1598621400,3494.69,3509.23,3484.32,3508.01,2044015620,2044015620
1598880600,3509.73,3514.77,3493.25,3500.31,2543021540,2543021540
1598967000,3507.44,3528.03,3494.6,3526.65,2245334280,2245334280
1599053400,3543.76,3588.11,3535.23,3580.84,2581524590,2581524590
1599139800,3564.74,3564.85,3427.41,3455.06,3193601800,3193601800
1599226200,3453.6,3479.15,3349.63,3426.96,3044871700,3044871700
1599571800,3371.88,3379.97,3329.27,3331.84,3066119500,3066119500
1599658200,3369.82,3424.77,3366.84,3398.96,2508541280,2508541280
1599744600,3412.56,3425.55,3329.25,3339.19,2574758180,2574758180
1599831000,3352.7,3368.95,3310.47,3340.97,2352258970,2352258970
1600090200,3363.56,3402.93,3363.56,3383.54,2363165480,2363165480
1600176600,3407.73,3419.48,3389.25,3401.2,2482004570,2482004570
1600263000,3411.23,3428.92,3384.45,3385.49,2843660500,2843660500
1600349400,3346.86,3375.17,3328.82,3357.01,2740864800,2740864800
1600435800,3357.38,3362.27,3292.4,3319.47,4087680000,4087680000
1600695000,3285.57,3285.57,3229.1,3281.06,2973366800,2973366800
1600781400,3295.75,3320.31,3270.95,3315.57,2364817770,2364817770
1600867800,3320.11,3323.35,3232.57,3236.92,2462124190,2462124190
1600954200,3226.14,3278.7,3209.45,3246.59,2386884280,2386884280
1601040600,3236.66,3306.88,3228.44,3298.46,2180313680,2180313680
1601299800,3333.9,3360.74,3332.91,3351.6,2221021350,2221021350
1601386200,3350.92,3357.92,3327.54,3335.47,1945022670,1945022670
1601472600,3341.21,3393.56,3340.47,3363,2616747160,2616747160
1601559000,3385.87,3397.18,3361.39,3380.8,2355862320,2355862320
1601645400,3338.94,3369.1,3323.69,3348.44,2350090810,2350090810
1601904600,3367.27,3409.57,3367.27,3408.63,2040147540,2040147540
1601991000,3408.74,3431.56,3354.54,3360.95,2549972990,2549972990
1602077400,3384.56,3426.26,3384.56,3419.45,2074262420,2074262420
1602163800,3434.28,3447.28,3428.15,3446.83,2088859740,2088859740
1602250200,3459.67,3482.34,3458.07,3477.13,2227950070,2227950070
1602509400,3500.02,3549.85,3499.61,3534.22,2243800300,2243800300
1602595800,3534.01,3534.01,3500.86,3511.93,2357875710,2357875710
1602682200,3515.47,3527.94,3480.55,3488.67,2183733760,2183733760
1602768600,3453.72,3489.08,3440.89,3483.34,2009665090,2009665090
1602855000,3493.5,3515.76,3480.45,3483.81,2221194570,2221194570
1603114200,3493.66,3502.42,3419.93,3426.92,2190496250,2190496250
1603200600,3439.38,3476.93,3435.65,3443.12,2113617250,2113617250
1603287000,3439.91,3464.86,3433.06,3435.56,2069874910,2069874910
1603373400,3438.5,3460.53,3415.34,3453.49,2386790970,2386790970
1603459800,3464.9,3466.46,3440.45,3465.39,2161970440,2161970440
1603719000,3441.42,3441.42,3364.86,3400.97,2434639910,2434639910
1603805400,3403.15,3409.51,3388.71,3390.68,2377161310,2377161310
1603891800,3342.48,3342.48,3268.89,3271.03,3147816300,3147816300
1603978200,3277.17,3341.05,3259.82,3310.11,2740394500,2740394500
1604064600,3293.59,3304.93,3233.94,3269.96,3007795200,3007795200
1604327400,3296.2,3330.14,3279.74,3310.24,2527875580,2527875580
1604413800,3336.25,3389.49,3336.25,3369.02,2326422790,2326422790
1604500200,3406.46,3486.25,3405.17,3443.44,2903448000,2903448000
1604586600,3485.74,3529.05,3485.74,3510.45,2557809200,2557809200
1604673000,3508.34,3521.58,3484.34,3509.44,2167666490,2167666490
1604932200,3583.04,3645.99,3547.48,3550.5,5064547300,5064547300
1605018600,3543.26,3557.22,3511.91,3545.53,3448216400,3448216400
1605105000,3563.22,3581.16,3557,3572.66,2507688890,2507688890
1605191400,3562.67,3569.02,3518.58,3537.01,2402811380,2402811380
1605277800,3552.57,3593.66,3552.57,3585.15,2273000530,2273000530
1605537000,3600.16,3628.51,3600.16,3626.91,2859253800,2859253800
1605623400,3610.31,3623.11,3588.68,3609.53,2404417310,2404417310
1605709800,3612.09,3619.09,3567.33,3567.79,2683278560,2683278560
1605796200,3559.41,3585.22,3543.84,3581.87,2276561470,2276561470
1605882600,3579.31,3581.23,3556.85,3557.54,2236661930,2236661930
1606141800,3566.82,3589.81,3552.77,3577.59,2513050450,2513050450
1606228200,3594.52,3642.31,3594.52,3635.41,3188008700,3188008700
1606314600,3635.5,3635.5,3617.76,3629.65,2321815050,2321815050
1606487400,3638.55,3644.31,3629.33,3638.35,1222837650,1222837650
1606746600,3634.18,3634.18,3594.39,3621.63,3647661600,3647661600
1606833000,3645.87,3678.45,3645.87,3662.45,2636959820,2636959820
1606919400,3653.78,3670.96,3644.84,3669.01,2374370500,2374370500
1607005800,3668.28,3682.73,3657.17,3666.72,2643146960,2643146960
1607092200,3670.94,3699.2,3670.94,3699.12,2590568700,2590568700
1607351400,3694.73,3697.41,3678.88,3691.96,2342275040,2342275040
1607437800,3683.05,3708.45,3678.83,3702.25,2268154080,2268154080
1607524200,3705.98,3712.39,3660.54,3672.82,2749560100,2749560100
1607610600,3659.13,3678.49,3645.18,3668.1,2390202910,2390202910
1607697000,3656.08,3665.91,3633.4,3663.46,2311662760,2311662760
1607956200,3675.27,3697.61,3645.84,3647.49,2508893730,2508893730
1608042600,3666.41,3695.29,3659.62,3694.62,2512243050,2512243050
1608129000,3696.25,3711.27,3688.57,3701.17,2245020780,2245020780
1608215400,3713.65,3725.12,3710.87,3722.48,2195077600,2195077600
1608301800,3722.39,3726.7,3685.84,3709.41,4274404700,4274404700
1608561000,3684.28,3702.9,3636.48,3694.92,2644225550,2644225550
1608647400,3698.08,3698.26,3676.16,3687.26,2173874860,2173874860
1608733800,3693.42,3711.24,3689.28,3690.01,1825277120,1825277120
1608820200,3694.03,3703.82,3689.32,3703.06,814704870,814704870
1609165800,3723.03,3740.51,3723.03,3735.36,1651103620,1651103620
1609252200,3750.01,3756.12,3723.31,3727.05,1632000000,1632000000
1609338600,3736.19,3744.63,3730.21,3732.05,1536000000,1536000000
1609425000,3733.27,3760.2,3726.88,3756.08,1639000000,1639000000
1609770600,3764.61,3769.99,3662.71,3700.66,2715000000,2715000000
1609857000,3698.02,3737.83,3695.07,3726.87,2329000000,2329000000
1609943400,3712.2,3783.04,3705.34,3748.15,3162000000,3162000000
1610029800,3764.71,3811.55,3764.71,3803.8,2561000000,2561000000
1610116200,3815.05,3826.69,3783.6,3824.69,2358000000,2358000000
1610375400,3803.14,3817.86,3789.02,3799.62,2299000000,2299000000
1610461800,3801.62,3810.78,3776.51,3801.2,2625000000,2625000000
1610548200,3802.23,3820.96,3791.5,3809.85,2321000000,2321000000
1610634600,3814.98,3823.6,3792.86,3795.55,2688000000,2688000000
1610721000,3788.73,3788.73,3749.62,3768.26,2706000000,2706000000
1611066600,3781.88,3804.53,3780.37,3798.92,2447000000,2447000000
1611153000,3816.22,3859.75,3816.22,3851.86,2325000000,2325000000
1611239400,3857.46,3861.45,3845.05,3853.08,2554000000,2554000000
1611325800,3844.24,3852.31,3830.41,3841.48,2281000000,2281000000
1611585000,3851.68,3859.23,3797.16,3855.37,2753000000,2753000000
1611671400,3862.96,3870.9,3847.78,3849.63,2513000000,2513000000
1611757800,3836.83,3836.83,3732.48,3750.78,3783000000,3783000000
1611844200,3755.75,3830.5,3755.75,3787.39,3209000000,3209000000
1611930600,3778.05,3778.05,3694.12,3714.25,3302000000,3302000000
1612189800,3731.17,3784.32,3725.62,3773.87,2422000000,2422000000
1612276200,3791.84,3843.09,3791.84,3826.32,2381000000,2381000000
1612362600,3840.27,3847.51,3816.68,3830.18,2251000000,2251000000
1612449000,3836.66,3872.42,3836.66,3871.75,2347000000,2347000000
1612535400,3878.3,3894.56,3874.93,3886.84,2117000000,2117000000
1612794600,3892.59,3915.77,3892.59,3915.6,2128000000,2128000000
1612881000,3910.49,3918.35,3902.64,3911.24,2052000000,2052000000
1612967400,3920.78,3931.5,3884.94,3909.89,2264000000,2264000000
1613053800,3916.4,3925.99,3890.39,3916.39,2102000000,2102000000
1613140200,3911.65,3937.23,3905.78,3934.84,1800000000,1800000000
1613485800,3939.61,3950.43,3923.85,3932.6,2255000000,2255000000
1613572200,3918.5,3933.61,3900.43,3931.34,2125000000,2125000000
1613658600,3915.86,3921.98,3885.03,3913.98,2002000000,2002000000
1613745000,3921.16,3930.41,3903.07,3906.72,2295000000,2295000000
1614004200,3885.55,3902.92,3874.71,3876.51,2727000000,2727000000
1614090600,3885.55,3895.98,3805.59,3881.38,2935000000,2935000000
1614177000,3873.71,3928.65,3859.6,3925.44,2769000000,2769000000
1614263400,3915.8,3925.02,3814.04,3829.35,2900000000,2900000000
1614349800,3839.66,3861.08,3789.54,3811.16,3090000000,3090000000
1614609000,3842.51,3914.5,3842.51,3901.83,2396000000,2396000000
1614695400,3903.64,3906.41,3868.57,3870.3,2260000000,2260000000
1614781800,3863.99,3874.47,3818.86,3819.73,2707000000,2707000000
1614868200,3818.53,3843.67,3723.34,3768.48,3406000000,3406000000
1614954600,3793.58,3851.69,3730.19,3841.95,3289000000,3289000000
1615213800,3844.39,3881.06,3819.25,3821.36,2971000000,2971000000
1615300200,3851.93,3903.76,3851.93,3875.45,2740000000,2740000000
1615386600,3891.99,3917.35,3885.73,3898.82,2649000000,2649000000
1615473000,3915.54,3960.27,3915.54,3939.35,2553000000,2553000000
1615559400,3924.52,3944.99,3915.21,3943.35,2263000000,2263000000
1615815000,3942.96,3970.08,3923.54,3968.95,2373000000,2373000000
1615901400,3973.59,3981.04,3953.44,3962.72,2357000000,2357000000
1615987800,3949.57,3983.87,3935.74,3974.13,2433000000,2433000000
1616074200,3953.5,3969.62,3910.86,3915.47,2665000000,2665000000
1616160600,3913.14,3930.12,3886.75,3913.11,4488000000,4488000000
1616419800,3916.48,3955.31,3914.16,3940.6,2295000000,2295000000
1616506200,3937.6,3949.13,3901.57,3910.53,2480000000,2480000000
1616592600,3919.93,3942.08,3889.07,3889.15,2388000000,2388000000
1616679000,3879.34,3919.54,3853.5,3909.53,2388000000,2388000000
1616765400,3917.12,3978.19,3917.12,3974.55,2631000000,2631000000
1617024600,3969.31,3981.83,3943.25,3971.1,2363000000,2363000000
1617111000,3963.34,3968.01,3944.35,3958.56,2094000000,2094000000
1617197400,3967.25,3994.41,3966.98,3972.9,2407000000,2407000000
1617283800,3992.78,4020.63,3992.78,4019.88,2139000000,2139000000
1617629400,4034.44,4083.42,4034.44,4077.92,2217000000,2217000000
1617715800,4075.57,4086.23,4068.14,4073.95,2118000000,2118000000
1617802200,4074.29,4083.13,4068.31,4079.96,1920000000,1920000000
1617888600,4089.95,4098.19,4082.54,4097.18,1986000000,1986000000
1617975000,4096.11,4129.48,4095.51,4128.81,1865000000,1865000000
1618234200,4124.71,4131.76,4114.82,4128,1910000000,1910000000
1618320600,4130.1,4148,4124.43,4141.6,2011000000,2011000000
1618407000,4141.58,4151.69,4120.87,4124.67,2078000000,2078000000
1618493400,4139.76,4173.49,4139.76,4170.43,2109000000,2109000000
1618579800,4174.14,4191.31,4170.75,4185.48,2182000000,2182000000
1618839000,4179.8,4180.81,4150.47,4163.27,1964000000,1964000000
1618925400,4159.18,4159.18,4118.38,4134.95,2271000000,2271000000
1619011800,4128.42,4175.02,4126.35,4173.43,2077000000,2077000000
1619098200,4170.46,4179.57,4123.69,4134.99,2377000000,2377000000
1619184600,4138.78,4194.17,4138.78,4180.18,1991000000,1991000000
1619443800,4185.03,4194.19,4182.36,4187.63,1901000000,1901000000
1619530200,4188.25,4193.35,4176.22,4186.73,1997000000,1997000000
1619616600,4185.14,4201.53,4181.78,4183.19,2089000000,2089000000
1619703000,4206.14,4218.78,4176.81,4211.48,2489000000,2489000000
1619789400,4198.1,4198.1,4174.85,4181.18,2410000000,2410000000
1620048600,4191.98,4209.39,4188.03,4192.67,2166000000,2166000000
1620135000,4179.04,4179.04,4128.59,4164.67,2530000000,2530000000
1620221400,4177.06,4187.72,4160.94,4167.6,1741000000,1741000000
1620307800,4169.14,4202.18,4147.33,4201.63,2225000000,2225000000
1620394200,4210.34,4238.04,4201.64,4232.61,2025000000,2025000000
1620653400,4228.29,4236.39,4188.13,4188.44,2292000000,2292000000
1620739800,4150.34,4162.04,4111.53,4152.11,2431000000,2431000000
1620826200,4130.55,4134.73,4056.88,4063.05,2387000000,2387000000
1620912600,4074.99,4131.58,4074.99,4112.51,2157000000,2157000000
1620999000,4129.58,4183.13,4129.58,4173.86,1890000000,1890000000
1621258200,4169.92,4171.92,4142.69,4163.3,2247000000,2247000000
1621344600,4165.94,4169.15,4126.34,4127.84,2274000000,2274000000
1621431000,4098.45,4116.93,4061.41,4115.69,2391000000,2391000000
1621517400,4121.97,4172.8,4121.97,4159.13,2137000000,2137000000
1621603800,4168.61,4188.72,4151.72,4155.87,2153000000,2153000000
1621863000,4170.16,4209.52,4170.16,4197.06,1806000000,1806000000
1621949400,4205.94,4213.42,4182.52,4188.12,2069000000,2069000000
1622035800,4191.59,4202.61,4184.11,4195.98,2039000000,2039000000
1622122200,4201.94,4213.38,4197.78,4200.87,3315000000,3315000000
1622208600,4210.77,4218.36,4203.81,4204.12,1931000000,1931000000
1622554200,4216.52,4234.12,4197.59,4202.03,2056000000,2056000000
1622640600,4206.82,4217.37,4198.27,4208.11,1992000000,1992000000
1622727000,4191.43,4204.39,4167.93,4192.86,2182000000,2182000000
1622813400,4206.05,4233.45,4206.05,4229.88,1835000000,1835000000
1623072600,4229.34,4232.34,4215.66,4226.53,1722000000,1722000000
1623159000,4233.81,4236.74,4208.41,4227.25,2085000000,2085000000
1623245400,4232.99,4237.09,4218.74,4219.54,1782000000,1782000000
1623331800,4228.56,4249.74,4220.34,4239.19,1918000000,1918000000
1623418200,4242.9,4248.38,4232.25,4247.45,1655000000,1655000000
1623677400,4248.31,4255.59,4234.07,4255.16,1810000000,1810000000
1623763800,4255.28,4257.16,4238.35,4246.58,1808000000,1808000000
1623850200,4248.87,4251.89,4202.45,4223.71,2193000000,2193000000
1623936600,4220.37,4232.29,4196.05,4221.85,2543000000,2543000000
1624023000,4204.78,4204.78,4164.4,4166.46,3525000000,3525000000
1624282200,4173.4,4226.24,4173.4,4224.8,1969000000,1969000000
1624368600,4224.61,4255.84,4217.27,4246.43,1756193570,1756193570
1624455000,4249.27,4256.6,4241.43,4241.83,1747940880,1747940880
1624541400,4256.97,4271.28,4256.97,4266.48,1834686260,1834686260
1624627800,4276.28,4286.12,4271.16,4280.69,2514296440,2514296440
1624887000,4284.9,4292.14,4274.67,4290.62,1951561650,1951561650
1624973400,4293.21,4300.52,4287.04,4291.81,1782403750,1782403750
1625059800,4290.65,4302.43,4287.96,4297.49,1918502260,1918502260
1625146200,4300.73,4320.66,4300.73,4319.93,1794813660,1794813660
1625232600,4326.6,4355.43,4326.6,4352.33,1519009220,1519009220
1625578200,4356.46,4356.46,4314.37,4343.53,2033258570,2033258570
1625664600,4351.01,4361.88,4329.79,4358.14,1905410430,1905410430
1625751000,4321.07,4330.88,4289.37,4320.83,2042645810,2042645810
1625837400,4338.55,4371.6,4338.55,4369.54,1756582120,1756582120
1626096600,4372.41,4386.68,4364.03,4384.64,1676323820,1676323820
1626183000,4377.67,4392.37,4366.92,4369.2,1743380240,1743380240
1626269400,4380.11,4393.68,4362.36,4374.31,1991461610,1991461610
1626355800,4369.02,4369.02,4340.7,4360.04,1961682740,1961682740
1626442200,4367.43,4375.09,4322.53,4327.15,1991559040,1991559040
1626701400,4296.4,4296.4,4233.13,4258.49,2840163200,2840163200
1626787800,4265.11,4336.84,4262.05,4323.05,2370000000,2370000000
1626874200,4331.13,4359.7,4331.13,4358.68,2079000000,2079000000
1626960600,4361.27,4369.87,4350.06,4367.49,1818000000,1818000000
1627047000,4381.2,4415.18,4381.2,4411.8,1765000000,1765000000
1627306200,4409.58,4422.73,4405.45,4422.31,1780000000,1780000000
1627392600,4416.38,4416.38,4372.51,4401.47,2035000000,2035000000
1627479000,4402.95,4415.47,4387.01,4400.63,2073000000,2073000000
1627565400,4403.59,4429.97,4403.59,4419.14,1992000000,1992000000
1627651800,4395.12,4412.25,4389.65,4395.27,2196000000,2196000000
1627911000,4406.86,4422.18,4384.81,4387.15,1942000000,1942000000
1627997400,4392.74,4423.79,4373,4423.16,2185000000,2185000000
1628083800,4415.95,4416.17,4400.23,4402.65,2306000000,2306000000
1628170200,4408.86,4429.42,4408.86,4429.09,1953000000,1953000000
1628256600,4429.07,4440.82,4429.07,4436.51,1810000000,1810000000
1628515800,4437.77,4439.39,4424.74,4432.34,1688000000,1688000000
1628602200,4435.79,4445.21,4430.03,4436.74,1896000000,1896000000
1628688600,4442.18,4449.44,4436.42,4447.69,1846000000,1846000000
1628775000,4446.08,4461.77,4435.96,4460.82,1605000000,1605000000
1628861400,4464.84,4468.37,4460.82,4467.99,1515000000,1515000000
1629120600,4461.65,4480.26,4437.66,4479.72,1701000000,1701000000
1629207000,4462.12,4462.12,4417.83,4448.07,1883000000,1883000000
1629293400,4440.94,4454.32,4397.59,4400.27,1892720840,1892720840
1629379800,4382.44,4418.61,4367.73,4405.8,2207012170,2207012170
1629466200,4410.56,4444.35,4406.8,4441.67,1813100780,1813100780
1629725400,4450.29,4489.88,4450.29,4479.53,1854459170,1854459170
1629811800,4484.4,4492.81,4482.28,4486.23,1746057470,1746057470
1629898200,4490.45,4501.71,4485.66,4496.2,1734000000,1734000000
1629984600,4493.75,4495.9,4468.99,4470.01,1633000000,1633000000
1630071000,4474.1,4513.33,4474.1,4509.38,1646000000,1646000000
1630330200,4513.76,4537.36,4513.76,4528.8,1549000000,1549000000
1630416600,4529.75,4531.39,4515.8,4522.69,2122000000,2122000000
1630503000,4531.57,4537.11,4522.02,4524.1,1913000000,1913000000
1630589400,4534.48,4545.85,4524.66,4536.94,1748000000,1748000000
1630675800,4532.42,4541.45,4521.3,4535.42,1510000000,1510000000
1631021400,4532.45,4532.45,4513,4520.02,1755000000,1755000000
1631107800,4518.09,4521.79,4493.95,4514.08,1763000000,1763000000
1631194200,4513.02,4529.9,4492.07,4493.27,1799000000,1799000000
1631280600,4506.92,4520.47,4457.66,4458.57,1835000000,1835000000
1631539800,4474.81,4492.99,4445.7,4468.72,2020000000,2020000000
1631626200,4479.33,4485.68,4435.46,4443.06,1990000000,1990000000
1631712600,4447.49,4486.87,4438.37,4480.69,2076000000,2076000000
1631799000,4477.09,4485.87,4443.8,4473.76,1808000000,1808000000
1631885400,4469.74,4471.52,4427.76,4432.98,3481000000,3481000000
1632144600,4402.95,4402.95,4305.91,4357.72,2511000000,2511000000
1632231000,4381.72,4394.87,4347.96,4354.18,1890000000,1890000000
1632317400,4375.98,4416.75,4375.98,4395.63,1977000000,1977000000
1632403800,4406.75,4465.4,4406.75,4448.99,1947000000,1947000000
1632490200,4438.04,4463.12,4430.27,4455.47,1661000000,1661000000
1632749400,4441.55,4457.3,4436.19,4443.1,2008000000,2008000000
1632835800,4419.54,4419.54,4346.33,4352.64,2368000000,2368000000
1632922200,4366.31,4385.57,4355.08,4359.45,1871000000,1871000000
1633008600,4370.67,4382.55,4306.24,4307.53,2249000000,2249000000
1633095000,4317.16,4375.19,4288.52,4357.05,2174000000,2174000000
1633354200,4348.84,4355.51,4278.94,4300.47,2354000000,2354000000
1633440600,4309.87,4369.23,4309.87,4345.71,2002000000,2002000000
1633527000,4319.57,4365.57,4290.49,4363.56,2039000000,2039000000
1633613400,4383.73,4429.97,4383.73,4399.75,1894000000,1894000000
1633699800,4406.51,4412.02,4386.22,4391.35,1685000000,1685000000
1633959000,4385.44,4415.88,4360.59,4361.2,1665000000,1665000000
1634045400,4368.31,4374.89,4342.09,4350.64,1922000000,1922000000
1634131800,4358.01,4372.87,4329.92,4363.79,1909000000,1909000000
1634218200,4386.75,4439.73,4386.75,4438.25,1905000000,1905000000
1634304600,4447.69,4475.82,4447.69,4471.38,2031000000,2031000000
1634563800,4463.72,4488.75,4447.47,4486.47,1814000000,1814000000
1634650200,4497.34,4520.4,4496.41,4519.64,1680000000,1680000000
1634736600,4524.42,4540.87,4524.4,4536.2,1814000000,1814000000
1634823000,4532.24,4551.44,4526.89,4549.79,1861000000,1861000000
1634909400,4546.12,4559.67,4524,4544.91,1778000000,1778000000
1635168600,4553.69,4572.62,4537.36,4566.49,1792000000,1792000000
1635255000,4578.69,4598.53,4569.17,4574.8,1964000000,1964000000
1635341400,4580.22,4584.57,4551.66,4551.67,2198000000,2198000000
1635427800,4562.84,4597.55,4562.84,4596.41,2139000000,2139000000
1635514200,4572.87,4608.08,4567.59,4605.39,2275000000,2275000000
1635773400,4610.62,4620.34,4595.06,4613.68,1995000000,1995000000
1635859800,4613.34,4635.15,4613.34,4630.66,2119000000,2119000000
1635946200,4630.65,4663.46,4621.19,4660.58,2095000000,2095000000
1636032600,4662.93,4683,4662.59,4680.07,2505000000,2505000000
1636119000,4699.26,4718.5,4681.32,4697.54,2572000000,2572000000
1636381800,4701.48,4714.92,4694.39,4701.69,2163000000,2163000000
1636468200,4707.25,4708.53,4670.87,4685.26,2024000000,2024000000
1636554600,4670.26,4684.85,4630.86,4646.7,2114000000,2114000000
1636641000,4659.39,4664.55,4648.31,4649.26,1714000000,1714000000
1636727400,4655.24,4688.47,4650.77,4682.86,1846000000,1846000000
1636986600,4689.3,4697.42,4672.86,4682.81,1797000000,1797000000
1637073000,4679.42,4714.95,4679.42,4700.91,1880000000,1880000000
1637159400,4701.5,4701.5,4684.41,4688.68,2016000000,2016000000
1637245800,4700.72,4708.8,4672.78,4704.55,2190000000,2190000000
1637332200,4708.44,4717.75,4694.22,4697.95,2395000000,2395000000
1637591400,4712,4743.83,4682.17,4682.95,2404000000,2404000000
1637677800,4678.48,4699.39,4652.66,4690.69,2163000000,2163000000
1637764200,4675.78,4702.87,4659.89,4701.45,1807000000,1807000000
1637937000,4664.63,4664.63,4585.43,4594.61,2082000000,2082000000
1638196200,4628.75,4672.95,4625.26,4655.26,2446000000,2446000000
1638282600,4640.25,4646.02,4560,4567.01,3901000000,3901000000
1638369000,4602.82,4652.94,4510.27,4513.03,3010000000,3010000000
1638455400,4504.73,4595.46,4504.73,4577.09,2770000000,2770000000
1638541800,4589.49,4608.03,4495.12,4538.44,2647000000,2647000000
1638801000,4548.37,4612.6,4540.51,4591.68,2570000000,2570000000
1638887400,4631.97,4694.04,4631.97,4686.76,2400000000,2400000000
1638973800,4690.86,4705.06,4674.52,4701.22,2113000000,2113000000
1639060200,4691,4695.26,4665.98,4667.44,1916000000,1916000000
1639146600,4687.64,4713.57,4670.24,4712.01,2080000000,2080000000
1639405800,4710.3,4710.3,4667.6,4668.98,2377000000,2377000000
1639492200,4642.99,4660.47,4606.52,4634.1,2411000000,2411000000
1639578600,4636.46,4712.6,4611.22,4709.84,2508000000,2508000000
1639665000,4719.13,4731.99,4651.89,4668.66,2676000000,2676000000
1639751400,4652.5,4666.7,4600.22,4620.65,4142000000,4142000000
1640010600,4587.9,4587.9,4531.1,4568.01,2370000000,2370000000
1640097000,4594.96,4651.14,4583.16,4649.22,2219000000,2219000000
1640183400,4650.36,4697.67,4645.53,4696.57,1798000000,1798000000
1640269800,4703.96,4740.74,4703.96,4725.78,1564000000,1564000000
1640615400,4733.99,4791.49,4733.99,4791.18,1465000000,1465000000
1640701800,4795.49,4807.02,4780.04,4786.34,1398000000,1398000000
1640788200,4788.64,4804.06,4778.08,4793.05,1322000000,1322000000
1640874600,4794.23,4808.93,4775.33,4778.74,1318000000,1318000000
1640961000,4775.21,4786.83,4765.75,4766.19,1302000000,1302000000
1641220200,4778.14,4796.64,4758.17,4796.57,2162000000,2162000000
1641306600,4804.51,4818.62,4774.27,4793.53,2778000000,2778000000
1641393000,4787.99,4797.7,4699.44,4700.59,2751000000,2751000000
1641479400,4693.39,4725.01,4671.26,4696.04,2336000000,2336000000
1641565800,4697.66,4707.95,4662.74,4677.04,2374000000,2374000000
1641825000,4655.34,4673.02,4582.24,4670.28,2612000000,2612000000
1641911400,4669.14,4714.13,4638.27,4713.08,2203000000,2203000000
1641997800,4728.59,4748.83,4706.71,4726.36,2062000000,2062000000
1642084200,4733.56,4744.13,4650.29,4659.02,2338000000,2338000000
1642170600,4637.99,4665.13,4614.75,4662.84,2458000000,2458000000
1642516200,4632.24,4632.24,4568.7,4577.1,2676000000,2676000000
1642602600,4588.03,4611.55,4530.2,4532.77,2429000000,2429000000
1642689000,4547.35,4602.11,4477.95,4482.74,2491000000,2491000000
1642775400,4471.38,4494.52,4395.34,4397.95,3152000000,3152000000
1643034600,4356.32,4417.35,4222.62,4410.14,3809000000,3809000000
1643121000,4366.64,4411.01,4287.11,4356.46,2965000000,2965000000
1643207400,4408.43,4453.23,4304.8,4349.92,3182000000,3182000000
1643293800,4380.58,4428.74,4309.5,4326.5,2994000000,2994000000
1643380200,4336.19,4432.72,4292.46,4431.86,2881000000,2881000000
1643639400,4431.79,4516.89,4414.02,4515.54,2896000000,2896000000
1643725800,4519.57,4550.49,4483.53,4546.53,2633000000,2633000000
1643812200,4566.39,4595.31,4544.32,4589.37,2816000000,2816000000
1643898600,4535.41,4542.88,4470.39,4477.43,2602000000,2602000000
1643985000,4482.79,4539.66,4451.5,4500.54,2583000000,2583000000
1644244200,4505.75,4521.86,4471.47,4483.88,2314000000,2314000000
1644330600,4480.02,4531.32,4465.4,4521.55,2415000000,2415000000
1644417000,4547,4590.03,4547,4587.19,2326000000,2326000000
1644503400,4553.24,4588.92,4484.31,4504.07,2616000000,2616000000
1644589800,4506.27,4526.33,4401.41,4418.65,2806000000,2806000000
1644849000,4412.61,4426.22,4364.84,4401.66,2430000000,2430000000
1644935400,4429.28,4472.77,4429.28,4471.08,2258000000,2258000000
1645021800,4455.75,4489.55,4429.68,4475.02,2263000000,2263000000
1645108200,4456.06,4456.06,4373.81,4380.26,2279000000,2279000000
1645194600,4384.57,4394.6,4327.22,4348.88,2538000000,2538000000
1645540200,4332.74,4362.12,4267.11,4304.77,2664000000,2664000000
1645626600,4324.93,4341.51,4221.51,4225.49,2458000000,2458000000
1645713000,4155.77,4294.73,4114.65,4288.69,3529000000,3529000000
1645799400,4298.38,4385.34,4286.83,4384.64,2679000000,2679000000
1646058600,4354.17,4388.84,4315.12,4373.95,3107000000,3107000000
1646145000,4363.14,4378.45,4279.54,4306.27,3111000000,3111000000
1646231400,4322.56,4401.48,4322.56,4386.53,2839000000,2839000000
1646317800,4401.31,4416.78,4345.56,4363.5,2578000000,2578000000
1646404200,4342.12,4342.12,4284.98,4328.88,2947000000,2947000000
1646663400,4327.01,4327.01,4199.85,4201.1,3463000000,3463000000
1646749800,4202.66,4276.94,4157.87,4170.69,3572000000,3572000000
1646836200,4223.1,4299.4,4223.1,4277.87,2971000000,2971000000
1646922600,4252.55,4268.28,4209.8,4259.51,2507000000,2507000000
1647009000,4279.5,4291.01,4200.49,4204.32,2288000000,2288000000
1647264600,4202.75,4247.57,4161.72,4173.12,2664000000,2664000000
1647351000,4188.82,4271.05,4187.9,4262.44,2600000000,2600000000
1647437400,4288.14,4358.9,4251.99,4357.85,2875000000,2875000000
1647523800,4345.11,4412.67,4335.65,4411.66,2365000000,2365000000
1647610200,4407.34,4465.4,4390.57,4463.11,4056000000,4056000000
1647869400,4462.4,4481.75,4424.3,4461.17,2379000000,2379000000
1647955800,4469.1,4522,4469.1,4511.6,2285000000,2285000000
1648042200,4493.1,4501.07,4455.81,4456.23,2134000000,2134000000
1648128600,4469.98,4520.58,4465.17,4520.17,2026000000,2026000000
1648215000,4522.91,4546.03,4501.07,4543.05,1971000000,1971000000
1648474200,4541.09,4575.65,4517.69,4575.51,1973000000,1973000000
1648560600,4602.86,4637.3,4589.66,4631.61,2418000000,2418000000
1648647000,4624.2,4627.77,4581.32,4602.46,2039000000,2039000000
1648733400,4599.02,4603.07,4530.41,4530.42,2584000000,2584000000
1648819800,4540.32,4548.7,4507.57,4545.87,2297000000,2297000000
1649079000,4547.97,4583.5,4539.21,4582.63,2218000000,2218000000
1649165400,4572.45,4593.45,4514.17,4525.11,2385000000,2385000000
1649251800,4494.17,4503.94,4450.04,4481.16,2701000000,2701000000
1649338200,4474.65,4521.16,4450.3,4500.2,2556000000,2556000000
1649424600,4494.15,4520.41,4474.6,4488.27,2202000000,2202000000
1649683800,4462.64,4464.35,4408.38,4412.54,2379000000,2379000000
1649770200,4437.59,4471,4381.34,4397.46,2173000000,2173000000
1649856600,4394.3,4453.92,4392.7,4446.6,2125000000,2125000000
1649943000,4449.12,4460.46,4390.77,4392.6,2437000000,2437000000
1650288600,4385.63,4410.31,4370.3,4391.7,2000000000,2000000000
1650375000,4390.63,4471.03,4390.63,4462.22,2187000000,2187000000
1650461400,4472.26,4488.29,4448.76,4459.46,2310000000,2310000000
1650547800,4489.17,4512.94,4384.47,4393.67,2593000000,2593000000
1650634200,4385.83,4385.83,4267.62,4271.79,2472000000,2472000000
1650893400,4255.34,4299.02,4200.82,4296.13,2816000000,2816000000
1650979800,4278.14,4278.14,4175.04,4175.21,2594000000,2594000000
1651066200,4186.52,4240.71,4162.9,4183.97,2577000000,2577000000
1651152600,4222.58,4308.45,4188.63,4287.49,2713000000,2713000000
1651239000,4253.75,4269.68,4124.28,4131.92,2794000000,2794000000
1651498200,4130.61,4169.81,4062.51,4155.39,2695000000,2695000000
1651584600,4159.78,4200.1,4147.08,4175.47,2455000000,2455000000
1651671000,4181.18,4307.66,4148.91,4300.16,2845000000,2845000000
1651757400,4270.43,4270.43,4106.01,4146.86,2842000000,2842000000
1651843800,4128.17,4157.69,4067.91,4123.35,2705000000,2705000000
1652103000,4081.27,4081.27,3975.48,3991.23,3032000000,3032000000
1652189400,4035.18,4068.82,3958.17,4001.04,2879000000,2879000000
1652275800,3990.08,4049.09,3928.82,3935.19,2718000000,2718000000
1652362200,3903.95,3964.8,3858.87,3930.09,3095000000,3095000000
1652448600,3963.9,4038.88,3963.9,4023.9,2490000000,2490000000
1652707800,4013.02,4046.46,3983.99,4008.02,2171000000,2171000000
1652794200,4052,4090.72,4033.93,4088.84,2418000000,2418000000
1652880600,4051.98,4051.98,3911.91,3923.67,2678000000,2678000000
1652967000,3899,3945.96,3876.58,3900.78,2715000000,2715000000
1653053400,3927.76,3943.42,3810.32,3901.35,2958000000,2958000000
1653312600,3919.42,3981.88,3909.04,3973.76,2353000000,2353000000
1653399000,3942.94,3955.68,3875.13,3941.49,2410000000,2410000000
1653485400,3929.59,3999.33,3925.03,3978.74,2292000000,2292000000
1653571800,3984.6,4075.14,3984.6,4057.85,2375000000,2375000000
1653658200,4077.43,4158.49,4077.43,4158.23,2119000000,2119000000
1654003800,4151.09,4168.34,4104.88,4132.16,3490000000,3490000000
1654090200,4149.78,4166.54,4073.85,4101.24,2140000000,2140000000
1654176600,4095.41,4177.51,4074.37,4176.81,2055000000,2055000000
1654263000,4137.57,4142.67,4098.67,4108.55,1842000000,1842000000
1654522200,4134.72,4168.78,4109.18,4121.44,1853000000,1853000000
1654608600,4096.47,4164.86,4080.19,4160.67,1941000000,1941000000
1654695000,4147.12,4160.14,4107.2,4115.78,1831000000,1831000000
1654781400,4101.65,4119.1,4017.17,4017.81,2022000000,2022000000
1654867800,3974.39,3974.39,3900.16,3900.85,2473000000,2473000000
1655127000,3838.15,3838.15,3734.3,3749.64,3034000000,3034000000
1655213400,3763.52,3778.18,3705.68,3735.47,2616000000,2616000000
1655299800,3764.05,3837.56,3722.3,3790,2730000000,2730000000
1655386200,3728.18,3728.18,3639.77,3666.76,3042000000,3042000000
1655472600,3665.9,3707.71,3636.87,3674.85,4526000000,4526000000
1655818200,3715.31,3779.65,3715.31,3764.8,2553000000,2553000000
1655904600,3733.89,3801.79,3717.69,3759.9,2430000000,2430000000
1655991000,3774.71,3802.58,3743.52,3795.72,2455000000,2455000000
1656077400,3821.75,3913.65,3821.75,3911.73,3271000000,3271000000
1656336600,3920.76,3927.72,3889.66,3900.12,2066000000,2066000000
1656423000,3913,3945.86,3820.14,3821.54,2185000000,2185000000
1656509400,3825.09,3836.5,3799.02,3818.84,2046000000,2046000000
1656595800,3785.99,3818.99,3738.67,3785.39,2639000000,2639000000
1656682200,3781,3829.82,3752.1,3825.32,2129000000,2129000000
1657027800,3792.61,3832.19,3742.06,3831.38,2459000000,2459000000
1657114200,3831.98,3870.91,3809.37,3845.09,2170000000,2170000000
1657200600,3858.85,3910.63,3858.85,3902.63,2054000000,2054000000
1657287000,3888.26,3918.5,3869.34,3899.37,1739000000,1739000000
1657546200,3880.94,3880.94,3847.22,3854.44,1773000000,1773000000
1657632600,3851.95,3873.41,3802.36,3818.79,2101000000,2101000000
1657719000,3779.67,3829.44,3759.07,3801.77,2024000000,2024000000
1657805400,3763.99,3796.41,3721.56,3790.37,2137000000,2137000000
1657891800,3818,3863.62,3817.18,3863.17,2281000000,2281000000
1658151000,3883.79,3902.44,3818.63,3830.86,2142000000,2142000000
1658237400,3860.73,3939.81,3860.73,3936.691,2349000000,2349000000
1658323800,3935.32,3974.13,3922.03,3959.899,2295000000,2295000000
1658410200,3955.47,3999.29,3927.64,3998.949,2467000000,2467000000
1658496600,3998.43,4012.44,3938.86,3961.631,2208000000,2208000000
1658755800,3965.72,3975.3,3943.46,3966.839,1898000000,1898000000
1658842200,3953.22,3953.22,3910.74,3921.049,2083000000,2083000000
1658928600,3951.43,4039.56,3951.43,4023.611,2402000000,2402000000
1659015000,4026.13,4078.95,3992.97,4072.429,2460000000,2460000000
1659101400,4087.33,4140.15,4079.22,4130.289,2830000000,2830000000
1659360600,4112.38,4144.95,4096.02,4118.631,2265000000,2265000000
1659447000,4104.21,4140.47,4079.81,4091.191,2203000000,2203000000
1659533400,4107.96,4167.66,4107.96,4155.171,2404000000,2404000000
1659619800,4154.85,4161.29,4135.42,4151.939,2229000000,2229000000
1659706200,4115.87,4151.58,4107.31,4145.191,2011000000,2011000000
1659965400,4155.93,4186.62,4128.97,4140.05,2068000000,2068000000
1660051800,4133.11,4137.3,4112.09,4122.48,2015000000,2015000000
1660138200,4181.02,4211.03,4177.26,4210.23,2209000000,2209000000
1660224600,4227.4,4257.91,4201.41,4207.28,2046000000,2046000000
1660311000,4225.02,4280.47,4219.78,4280.14,1809000000,1809000000
1660570200,4269.37,4301.79,4256.9,4297.15,1747000000,1747000000
1660656600,4290.46,4325.28,4277.77,4305.19,1886000000,1886000000
1660743000,4280.4,4302.18,4253.08,4274.03,1832000000,1832000000
1660829400,4273.13,4292.53,4261.98,4283.73,1732000000,1732000000
1660915800,4266.31,4266.31,4218.7,4228.49,2011000000,2011000000
1661175000,4195.08,4195.08,4129.86,4138,1938000000,1938000000
1661261400,4133.09,4159.77,4124.03,4128.72,1767000000,1767000000
1661347800,4126.55,4156.56,4119.97,4140.76,1703000000,1703000000
1661434200,4153.26,4200.54,4147.59,4199.11,1829000000,1829000000
1661520600,4198.74,4203.04,4057.66,4057.66,2081000000,2081000000
1661779800,4034.58,4062.99,4017.42,4030.6,1842000000,1842000000
1661866200,4041.25,4044.98,3965.21,3986.15,2037000000,2037000000
1661952600,4000.67,4015.37,3954.53,3954.99,2418000000,2418000000
1662039000,3936.73,3970.23,3903.65,3966.86,2256000000,2256000000
1662125400,3994.66,4018.43,3906.21,3924.27,2066000000,2066000000
1662471000,3930.89,3942.55,3886.75,3908.2,2220000000,2220000000
1662557400,3909.43,3987.89,3906.03,3979.88,2160000000,2160000000
1662643800,3959.94,4010.5,3944.81,4006.19,2253000000,2253000000
1662730200,4022.94,4076.81,4022.94,4067.35,2076000000,2076000000
1662989400,4083.67,4119.28,4083.67,4110.42,2092000000,2092000000
1663075800,4037.12,4037.12,3921.28,3932.68,2577000000,2577000000
1663162200,3940.73,3961.94,3912.18,3946.02,2429000000,2429000000
1663248600,3932.41,3959.14,3888.28,3901.34,2455000000,2455000000
1663335000,3880.95,3880.95,3837.08,3873.32,4056000000,4056000000
1663594200,3849.91,3900.45,3838.5,3899.88,2062000000,2062000000
1663680600,3875.23,3876.01,3827.54,3855.94,2306000000,2306000000
1663767000,3871.4,3907.07,3789.49,3789.94,2434000000,2434000000
1663853400,3782.36,3790.9,3749.45,3758,2411000000,2411000000
1663939800,3727.14,3727.14,3647.47,3693.22,2773000000,2773000000
1664199000,3682.72,3715.67,3644.76,3655.05,2577000000,2577000000
1664285400,3686.44,3717.53,3623.29,3647.28,2523000000,2523000000
1664371800,3651.94,3736.74,3640.61,3719.03,2603000000,2603000000
1664458200,3687.01,3687.01,3610.4,3640.46,2568000000,2568000000
1664544600,3633.48,3671.44,3584.13,3585.61,3102000000,3102000000
1664803800,3609.78,3698.35,3604.93,3678.44,2737000000,2737000000
1664890200,3726.46,3791.92,3726.46,3790.92,2850000000,2850000000
1664976600,3753.25,3806.91,3722.66,3783.29,2482000000,2482000000
1665063000,3771.97,3797.93,3739.22,3744.53,2466000000,2466000000
1665149400,3706.74,3706.74,3620.73,3639.67,2689000000,2689000000
1665408600,3647.51,3652.17,3588.1,3612.4,2355000000,2355000000
1665495000,3595.86,3640.66,3568.45,3588.83,2684000000,2684000000
1665581400,3590.83,3608.34,3573.86,3577.04,2355000000,2355000000
1665667800,3520.37,3685.41,3491.58,3669.89,3176000000,3176000000
1665754200,3690.41,3712,3579.68,3583.08,2645000000,2645000000
1666013400,3638.65,3689.73,3638.65,3677.94,2532000000,2532000000
1666099800,3746.26,3762.79,3686.53,3719.97,2625000000,2625000000
1666186200,3703.11,3728.58,3666.51,3695.15,2359000000,2359000000
1666272600,3689.05,3736,3656.44,3665.77,2617000000,2617000000
1666359000,3657.1,3757.89,3647.42,3752.76,2948000000,2948000000
1666618200,3762.01,3810.74,3741.65,3797.35,2534000000,2534000000
1666704600,3799.44,3862.85,3799.44,3859.1,2645000000,2645000000
1666791000,3825.97,3886.15,3824.07,3830.59,2863000000,2863000000
1666877400,3834.69,3859.95,3803.79,3807.29,2973000000,2973000000
1666963800,3808.26,3905.42,3808.26,3901.07,2876000000,2876000000
1667223000,3881.85,3893.73,3863.18,3871.97,2758000000,2758000000
1667309400,3901.79,3911.79,3843.8,3856.11,2574000000,2574000000
1667395800,3852.9,3894.44,3758.68,3759.68,3054000000,3054000000
1667482200,3733.25,3750.59,3698.15,3719.88,2812000000,2812000000
1667568600,3766.98,3796.34,3708.84,3770.56,2967000000,2967000000
1667831400,3780.71,3813.95,3764.7,3806.79,2442000000,2442000000
1667917800,3817.02,3859.4,3786.28,3828.1,2551000000,2551000000
1668004200,3810.94,3818.2,3744.22,3748.56,2501000000,2501000000
1668090600,3859.89,3958.33,3859.89,3956.38,3317000000,3317000000
1668177000,3963.72,4001.48,3944.82,3992.92,3014000000,3014000000
1668436200,3977.97,4008.97,3956.4,3957.26,2570000000,2570000000
1668522600,4006.41,4028.84,3953.17,3991.74,2757000000,2757000000
1668609000,3976.82,3983.09,3954.34,3958.78,2352000000,2352000000
1668695400,3919.26,3954.33,3906.54,3946.55,2162000000,2162000000
1668781800,3966.39,3979.89,3935.98,3965.33,2195000000,2195000000
1669041000,3956.23,3962,3933.34,3949.95,2068000000,2068000000
1669127400,3965.51,4005.88,3956.88,4003.57,1957000000,1957000000
1669213800,4000.3,4033.78,3998.66,4027.27,1725000000,1725000000
1669386600,4023.34,4034.02,4020.76,4026.11,890000000,890000000
1669645800,4005.36,4012.27,3955.77,3963.95,2061000000,2061000000
1669732200,3964.19,3976.77,3937.65,3957.62,1881000000,1881000000
1669818600,3957.18,4080.11,3938.58,4080.11,3515000000,3515000000
1669905000,4087.14,4100.51,4050.87,4076.58,2253000000,2253000000
1669991400,4040.17,4080.48,4026.63,4071.71,2035000000,2035000000
1670250600,4052.02,4052.45,3984.49,3998.83,2227000000,2227000000
1670337000,3996.63,4001.51,3918.39,3941.25,2340000000,2340000000
1670423400,3933.28,3957.57,3922.68,3933.93,2195000000,2195000000
1670509800,3947.79,3974.19,3935.83,3963.52,2134000000,2134000000
1670596200,3954.17,3977.02,3933.04,3934.39,2058000000,2058000000
1670855400,3939.29,3990.71,3935.3,3990.57,2210000000,2210000000
1670941800,4069.38,4100.96,3993.03,4019.64,3019000000,3019000000
1671028200,4015.54,4053.76,3965.65,3995.33,2531000000,2531000000
1671114600,3958.37,3958.37,3879.45,3895.74,2644000000,2644000000
1671201000,3890.91,3890.91,3827.91,3852.35,4655000000,4655000000
1671460200,3853.79,3854.86,3800.04,3817.65,2236000000,2236000000
1671546600,3810.47,3838.24,3795.62,3821.61,2158000000,2158000000
1671633000,3839.49,3889.82,3839.49,3878.45,2102000000,2102000000
1671719400,3853.26,3853.26,3764.49,3822.38,2322000000,2322000000
1671805800,3815.11,3845.8,3797.01,3844.81,1565000000,1565000000
1672151400,3843.34,3846.65,3813.22,3829.26,1699000000,1699000000
1672237800,3829.56,3848.32,3780.78,3783.23,1717000000,1717000000
1672324200,3805.45,3858.19,3805.45,3849.27,1717000000,1717000000
1672410600,3829.06,3839.85,3800.34,3839.49,1673000000,1673000000
1672756200,3853.29,3878.46,3794.33,3824.13,2298000000,2298000000
1672842600,3840.36,3873.16,3815.77,3852.98,2552000000,2552000000
1672929000,3839.74,3839.74,3802.42,3808.09,2214000000,2214000000
1673015400,3823.37,3906.19,3809.56,3895.07,2429000000,2429000000
1673274600,3910.82,3950.57,3890.42,3892.1,2444000000,2444000000
1673361000,3888.57,3919.83,3877.29,3919.26,2114000000,2114000000
1673447400,3932.35,3970.07,3928.54,3969.6,2315000000,2315000000
1673533800,3977.57,3997.76,3937.56,3983.16,2454000000,2454000000
1673620200,3960.6,4003.95,3947.67,3999.08,2290000000,2290000000
1673965800,3999.28,4015.39,3984.57,3990.98,2437000000,2437000000
1674052200,4002.25,4014.16,3926.59,3928.85,2514000000,2514000000
1674138600,3911.84,3922.94,3885.54,3898.86,2422000000,2422000000
1674225000,3909.04,3972.96,3897.86,3972.6,2584000000,2584000000
1674484200,3978.14,4039.31,3971.64,4019.82,2439000000,2439000000
1674570600,4001.74,4023.92,3989.79,4016.94,2047000000,2047000000
1674657000,3982.71,4019.55,3949.06,4016.21,2370000000,2370000000
1674743400,4036.08,4061.57,4013.29,4060.42,2390000000,2390000000
1674829800,4053.72,4094.21,4048.7,4070.57,2543000000,2543000000
1675089000,4049.27,4063.85,4015.55,4017.76,2283000000,2283000000
1675175400,4020.85,4077.16,4020.44,4076.59,2806000000,2806000000
1675261800,4070.07,4148.95,4037.2,4119.2,2897000000,2897000000
1675348200,4158.68,4195.44,4141.88,4179.75,3315000000,3315000000
1675434600,4136.69,4182.36,4123.36,4136.49,2876000000,2876000000
1675693800,4119.57,4124.63,4093.38,4111.07,2258000000,2258000000
1675780200,4105.35,4176.54,4088.39,4163.99,2567000000,2567000000
1675866600,4153.47,4156.85,4111.67,4117.85,2516000000,2516000000
1675953000,4144.25,4156.23,4069.67,4081.51,2611000000,2611000000
1676039400,4068.92,4094.36,4060.79,4090.45,2291000000,2291000000
1676298600,4096.62,4138.9,4092.67,4137.3,2095000000,2095000000
1676385000,4126.7,4159.77,4095.01,4136.14,2195000000,2195000000
1676471400,4119.5,4148.11,4103.98,4147.61,2095000000,2095000000
1676557800,4114.75,4136.54,4089.49,4090.42,2242000000,2242000000
1676644200,4077.39,4081.51,4047.95,4079.1,2352000000,2352000000
1676989800,4052.35,4052.35,3995.19,3997.35,2314000000,2314000000
1677076200,4001.83,4017.37,3976.9,3991.06,2220000000,2220000000
1677162600,4018.6,4028.3,3969.19,4012.33,2286000000,2286000000
1677249000,3973.24,3978.25,3943.08,3970.05,2160000000,2160000000
1677508200,3992.36,4018.05,3973.55,3982.23,2036000000,2036000000
1677594600,3977.19,3997.5,3968.98,3970.16,2657000000,2657000000
1677681000,3963.34,3971.73,3939.05,3951.4,2189000000,2189000000
1677767400,3938.68,3990.84,3928.16,3981.34,2225000000,2225000000
1677853800,3998.02,4048.29,3995.17,4045.65,2183000000,2183000000
1678113000,4055.15,4078.49,4044.61,4048.43,2138000000,2138000000
1678199400,4048.26,4050,3980.31,3986.36,2225000000,2225000000
1678285800,3987.55,4000.41,3969.76,3992,2018000000,2018000000
1678372200,3998.66,4017.81,3908.7,3918.33,2573000000,2573000000
1678458600,3912.77,3934.05,3846.32,3861.6,3218000000,3218000000
1678714200,3835.12,3905.05,3808.86,3855.77,3964000000,3964000000
1678800600,3894.01,3937.29,3873.63,3919.3,3434000000,3434000000
1678887000,3876.74,3894.26,3838.24,3891.92,3642000000,3642000000
1678973400,3878.93,3964.46,3864.11,3960.29,3566000000,3566000000
1679059800,3958.69,3958.91,3901.27,3916.65,5334000000,5334000000
1679319000,3917.47,3956.62,3916.89,3951.56,2847000000,2847000000
1679405400,3975.89,4009.08,3971.19,4002.86,2901000000,2901000000
1679491800,4002.04,4039.49,3936.17,3936.98,2659000000,2659000000
1679578200,3959.21,4007.66,3919.05,3948.71,2772000000,2772000000
1679664600,3939.21,3972.74,3909.16,3970.98,2554000000,2554000000
1679923800,3982.93,4003.83,3970.49,3977.54,2435000000,2435000000
1680010200,3974.13,3979.2,3951.53,3971.28,1961000000,1961000000
1680096600,3999.53,4030.59,3999.53,4027.8,2239000000,2239000000
1680183000,4046.74,4057.85,4032.1,4050.82,2085000000,2085000000
1680269400,4056.18,4110.75,4056.18,4109.32,2459000000,2459000000
1680528600,4102.2,4127.66,4098.79,4124.5,2345000000,2345000000
1680615000,4128.03,4133.13,4086.87,4100.61,2223000000,2223000000
1680701400,4094.5,4099.69,4072.56,4090.37,2285000000,2285000000
1680787800,4081.15,4107.32,4069.84,4105.03,2050000000,2050000000
1681133400,4085.2,4109.5,4072.55,4109.12,1926000000,1926000000
1681219800,4110.29,4124.26,4102.61,4108.95,1971000000,1971000000
1681306200,4121.72,4134.37,4086.94,4091.96,2190000000,2190000000
1681392600,4100.04,4150.26,4099.4,4146.21,2164000000,2164000000
1681479000,4140.11,4163.19,4113.2,4137.63,2055000000,2055000000
1681738200,4137.17,4151.72,4123.18,4151.31,2110000000,2110000000
1681824600,4164.26,4169.48,4140.36,4154.86,2078000000,2078000000
1681911000,4139.33,4162.57,4134.49,4154.51,2119000000,2119000000
1681997400,4130.48,4148.57,4114.57,4129.8,2421000000,2421000000
1682083800,4132.14,4138.02,4113.86,4133.51,2257000000,2257000000
1682343000,4132.07,4142.41,4117.77,4137.03,2041000000,2041000000
1682429400,4126.43,4126.43,4071.38,4071.62,2509000000,2509000000
1682515800,4087.78,4089.67,4049.35,4056,2638000000,2638000000
1682602200,4075.29,4138.24,4075.29,4135.34,2632000000,2632000000
1682688600,4129.3,4170.06,4127.17,4169.49,2660000000,2660000000
1682947800,4166.79,4186.92,4164.12,4167.88,2217000000,2217000000
1683034200,4164.1,4164.1,4089.72,4119.57,2591000000,2591000000
1683120600,4122.25,4148.3,4088.86,4090.74,2748000000,2748000000
1683207000,4082.55,4082.61,4048.28,4061.23,2819000000,2819000000
1683293400,4084.73,4147.02,4084.73,4136.26,2449000000,2449000000
1683552600,4136.98,4142.3,4123.81,4138.13,2056000000,2056000000
1683639000,4124.25,4130.35,4116.65,4119.18,2038000000,2038000000
1683725400,4143.74,4154.28,4098.92,4137.63,2287000000,2287000000
1683811800,4132.24,4132.8,4109.29,4130.63,2209000000,2209000000
1683898200,4138.54,4143.74,4099.12,4124.07,2065000000,2065000000
1684157400,4126.65,4141.25,4110.27,4136.27,2029000000,2029000000
1684243800,4127.95,4135.54,4109.86,4109.89,2157000000,2157000000
1684330200,4122.85,4164.67,4113.62,4158.78,2390000000,2390000000
1684416600,4157.68,4202.2,4153.5,4198.06,2385000000,2385000000
1684503000,4204.15,4212.91,4180.2,4191.99,2269000000,2269000000
1684762200,4190.78,4209.22,4179.68,4192.62,2187000000,2187000000
1684848600,4176.8,4185.68,4142.54,4145.57,2380000000,2380000000
1684935000,4132.96,4132.96,4103.98,4115.23,2205000000,2205000000
1685021400,4155.71,4165.74,4129.73,4151.27,2720000000,2720000000
1685107800,4156.16,4212.87,4156.16,4205.44,2542000000,2542000000
1685453400,4226.71,4231.1,4192.18,4205.53,2529000000,2529000000
1685539800,4190.74,4195.44,4166.15,4179.84,4026000000,4026000000
1685626200,4183.03,4232.43,4171.64,4221.01,2545000000,2545000000
1685712600,4241.01,4290.67,4241.01,4282.38,2673000000,2673000000
1685971800,4282.99,4299.28,4266.82,4273.78,2220000000,2220000000
1686058200,4271.34,4288.33,4263.09,4283.86,2199000000,2199000000
1686144600,4285.47,4299.19,4263.96,4267.51,2672000000,2672000000
1686231000,4268.69,4298.01,4261.07,4293.92,2179000000,2179000000
1686317400,4304.88,4322.62,4291.7,4298.87,2109000000,2109000000
1686576600,4308.32,4340.13,4304.37,4338.92,2430000000,2430000000
1686663000,4352.61,4375.37,4349.31,4369.02,2495000000,2495000000
1686749400,4366.29,4391.82,4337.85,4372.58,2599000000,2599000000
1686835800,4365.33,4439.2,4362.6,4425.85,2543000000,2543000000
1686922200,4440.95,4448.47,4407.44,4409.6,3916000000,3916000000
1687267800,4396.11,4400.15,4367.19,4388.72,2364000000,2364000000
1687354200,4380.01,4386.22,4360.14,4365.68,2277000000,2277000000
1687440600,4355.4,4382.25,4351.82,4381.9,2052000000,2052000000
1687527000,4354.17,4366.55,4341.34,4348.32,2782000000,2782000000
1687786200,4344.84,4362.06,4328.08,4328.81,2224000000,2224000000
1687872600,4337.36,4384.42,4335,4378.4,2254000000,2254000000
1687959000,4367.48,4390.35,4360.22,4376.85,2245000000,2245000000
1688045400,4374.94,4398.39,4371.97,4396.45,2127000000,2127000000
1688131800,4422.44,4458.48,4422.44,4450.37,2440000000,2440000000
1688391000,4450.48,4456.46,4442.29,4455.58,1219000000,1219000000
1688563800,4442.04,4454.06,4436.61,4446.81,2092000000,2092000000
1688650200,4422.62,4422.62,4385.05,4411.6,2171000000,2171000000
1688736600,4404.54,4440.39,4397.4,4398.96,2071000000,2071000000
1688995800,4394.23,4412.6,4389.92,4409.54,2135000000,2135000000
1689082200,4415.55,4443.64,4408.46,4439.25,2103000000,2103000000
1689168600,4467.69,4488.34,4463.23,4472.15,2298000000,2298000000
1689255000,4491.5,4517.38,4489.36,4510.05,2194000000,2194000000
1689341400,4514.61,4527.76,4499.56,4505.41,2312000000,2312000000
1689600600,4508.86,4532.85,4504.9,4522.78,2313000000,2313000000
1689687000,4521.78,4562.3,4514.59,4554.97,2504000000,2504000000
1689773400,4563.87,4578.43,4557.48,4565.71,2535000000,2535000000
1689859800,4554.38,4564.74,4527.56,4534.86,2562000000,2562000000
1689946200,4550.16,4555,4535.79,4536.35,3018000000,3018000000
1690205400,4543.39,4563.41,4541.29,4554.65,2102000000,2102000000
1690291800,4555.19,4580.62,4552.42,4567.45,2248000000,2248000000
1690378200,4558.96,4582.47,4547.58,4566.74,2280000000,2280000000
1690464600,4598.26,4607.07,4528.56,4537.4,2636000000,2636000000
1690551000,4565.75,4590.16,4564.01,4582.24,2309000000,2309000000
1690810200,4584.82,4594.22,4573.14,4588.97,2363000000,2363000000
1690896600,4578.83,4584.62,4567.53,4576.72,2083000000,2083000000
1690983000,4550.93,4550.93,4505.75,4513.4,2429000000,2429000000
1691069400,4494.27,4519.49,4485.54,4501.88,2293000000,2293000000
1691155800,4513.96,4540.34,4474.55,4478.02,2380000000,2380000000
1691415000,4491.58,4519.84,4491.15,4518.43,2022000000,2022000000
1691501400,4498.03,4503.31,4464.39,4499.39,2135000000,2135000000
1691587800,4501.57,4502.44,4461.33,4467.7,2002000000,2002000000
1691674200,4487.16,4527.37,4457.92,4468.84,2068000000,2068000000
1691760600,4450.69,4476.23,4443.98,4464.06,1822000000,1822000000
1692019800,4458.13,4490.33,4453.44,4489.71,1918000000,1918000000
1692106200,4478.87,4478.87,4432.19,4437.85,1949000000,1949000000
1692192600,4433.79,4449.95,4403.55,4404.32,1956000000,1956000000
1692279000,4416.32,4421.17,4364.83,4370.37,2183000000,2183000000
1692365400,4344.88,4381.82,4335.31,4369.72,2126000000,2126000000
1692624600,4380.28,4407.55,4360.3,4399.76,1977000000,1977000000
1692711000,4415.33,4418.59,4382.77,4387.54,1875000000,1875000000
1692797400,4396.44,4443.18,4396.44,4436.02,1954000000,1954000000
1692883800,4455.16,4458.3,4375.55,4376.32,2038000000,2038000000
1692970200,4389.38,4418.46,4356.29,4405.72,1948000000,1948000000
1693229400,4426.03,4439.56,4414.98,4433.32,1641000000,1641000000
1693315800,4432.75,4500.14,4431.68,4497.64,1909000000,1909000000
1693402200,4500.34,4521.65,4493.59,4514.88,1794000000,1794000000
1693488600,4517.01,4532.26,4507.39,4507.67,2191000000,2191000000
1693575000,4530.6,4541.25,4501.35,4515.78,1925000000,1925000000
1693920600,4510.06,4514.29,4496.01,4496.84,2085000000,2085000000
1694007000,4490.35,4490.35,4442.38,4465.47,2089000000,2089000000
1694093400,4434.55,4457.81,4430.46,4451.15,2363000000,2363000000
1694179800,4451.3,4473.53,4448.38,4457.5,2046000000,2046000000
1694439000,4480.98,4490.77,4467.89,4487.47,2133000000,2133000000
1694525400,4473.27,4487.11,4456.83,4461.91,2157000000,2157000000
1694611800,4462.65,4479.39,4453.52,4467.43,2223000000,2223000000
1694698200,4487.78,4511.99,4478.69,4505.11,2224000000,2224000000
1694784600,4497.98,4497.98,4447.21,4450.33,3943000000,3943000000
1695043800,4445.13,4466.36,4442.11,4453.52,1870000000,1870000000
1695130200,4445.41,4449.85,4416.61,4443.94,1973000000,1973000000
1695216600,4452.81,4461.03,4401.38,4402.21,1953000000,1953000000
1695303000,4374.36,4375.7,4329.17,4330.01,2242000000,2242000000
1695389400,4341.74,4357.4,4316.49,4320.05,2086000000,2086000000
1695648600,4310.62,4338.51,4302.7,4337.45,1824000000,1824000000
1695735000,4312.88,4313.01,4265.98,4273.54,2095000000,2095000000
1695821400,4282.63,4292.07,4238.63,4274.52,2260000000,2260000000
1695907800,4269.65,4317.27,4264.38,4299.69,2213000000,2213000000
1695994200,4328.18,4333.15,4274.86,4288.04,2342000000,2342000000
1696253400,4284.52,4300.58,4260.21,4288.4,2341000000,2341000000
1696339800,4269.75,4281.15,4216.45,4229.46,2398000000,2398000000
1696426200,4233.83,4268.5,4220.48,4263.76,2295000000,2295000000
1696512600,4259.31,4267.13,4225.91,4258.18,2207000000,2207000000
1696599000,4234.79,4324.1,4219.55,4308.49,2442000000,2442000000
1696858200,4289.02,4341.73,4283.79,4335.65,1962000000,1962000000
1696944600,4339.75,4385.46,4339.64,4358.23,2090000000,2090000000
1697031000,4366.59,4378.64,4345.34,4376.94,2084000000,2084000000
1697117400,4380.94,4385.85,4325.43,4349.6,2318000000,2318000000
1697203800,4360.49,4377.1,4311.97,4327.79,2277000000,2277000000
1697463000,4342.37,4383.33,4342.37,4373.62,2097000000,2097000000
1697549400,4345.23,4393.57,4337.54,4373.21,2306000000,2306000000
1697635800,4357.35,4364.2,4303.84,4314.59,2345000000,2345000000
1697722200,4321.36,4339.54,4269.69,4277.99,2602000000,2602000000
1697808600,4273.85,4276.56,4223.03,4224.15,2681000000,2681000000
1698067800,4210.4,4255.84,4189.22,4217.03,2405000000,2405000000
1698154200,4235.79,4259.38,4219.43,4247.69,2421000000,2421000000
1698240600,4232.42,4232.42,4181.42,4186.78,2621000000,2621000000
1698327000,4175.99,4183.6,4127.9,4137.22,2911000000,2911000000
1698413400,4152.93,4156.7,4103.78,4117.36,2758000000,2758000000
1698672600,4139.39,4177.47,4132.94,4166.83,2572000000,2572000000
1698759000,4171.33,4195.55,4153.12,4193.81,2619000000,2619000000
1698845400,4201.27,4245.64,4197.74,4237.87,2741000000,2741000000
1698931800,4268.26,4319.72,4268.26,4317.79,2706000000,2706000000
1699018200,4334.23,4373.62,4334.23,4358.35,2640000000,2640000000
1699281000,4364.27,4372.21,4347.53,4365.99,2121000000,2121000000
1699367400,4366.21,4386.26,4355.41,4378.37,2183000000,2183000000
1699453800,4384.37,4391.2,4359.76,4382.79,2248000000,2248000000
1699540200,4391.41,4393.4,4343.94,4347.36,2301000000,2301000000
1699626600,4364.15,4418.03,4353.34,4415.23,2173000000,2173000000
1699885800,4406.66,4421.76,4393.82,4411.54,1929000000,1929000000
1699972200,4458.97,4508.67,4458.97,4495.71,2604000000,2604000000
1700058600,4505.3,4521.17,4495.31,4502.89,2486000000,2486000000
1700145000,4497.08,4511.99,4487.83,4508.23,2441000000,2441000000
1700231400,4509.55,4520.12,4499.66,4514.03,2212000000,2212000000
1700490600,4511.7,4557.11,4510.36,4547.39,2097000000,2097000000
1700577000,4538.77,4542.14,4525.51,4538.18,1977000000,1977000000
1700663400,4553.04,4568.43,4545.05,4556.63,1865000000,1865000000
1700836200,4555.84,4560.31,4552.8,4559.33,872000000,872000000
1701095400,4554.86,4560.52,4546.32,4550.44,1952000000,1952000000
1701181800,4545.55,4568.14,4540.51,4554.9,2054000000,2054000000
1701268200,4571.84,4587.64,4547.15,4550.57,2376000000,2376000000
1701354600,4554.87,4569.89,4537.24,4567.81,3347000000,3347000000
1701441000,4559.43,4599.39,4554.71,4594.64,2464000000,2464000000
1701700200,4564.37,4572.37,4546.72,4569.77,2361000000,2361000000
1701786600,4557.25,4578.56,4551.68,4567.17,2277000000,2277000000
1701873000,4586.23,4590.74,4546.5,4549.35,2323000000,2323000000
1701959400,4568.84,4590.92,4565.22,4585.58,2369000000,2369000000
1702045800,4576.2,4609.23,4574.06,4604.36,2197000000,2197000000
1702305000,4593.39,4623.71,4593.39,4622.43,2379000000,2379000000
1702391400,4618.3,4643.93,4608.09,4643.69,2287000000,2287000000
1702477800,4646.2,4709.69,4643.23,4707.08,2856000000,2856000000
1702564200,4721.04,4738.57,4694.34,4719.54,3777000000,3777000000
1702650600,4714.23,4725.53,4704.69,4719.18,4785000000,4785000000
1702909800,4725.58,4749.52,4725.58,4740.57,2374000000,2374000000
1702996200,4743.72,4768.69,4743.72,4768.36,2307000000,2307000000
1703082600,4764.73,4778.01,4697.82,4698.34,2423000000,2423000000
1703169000,4724.29,4748.71,4708.35,4746.76,2119000000,2119000000
1703255400,4753.92,4772.94,4736.77,4754.64,1703000000,1703000000
1703601000,4758.86,4784.72,4758.45,4774.74,1399000000,1399000000
1703687400,4773.45,4785.39,4768.9,4781.59,1578000000,1578000000
1703773800,4786.44,4793.3,4780.98,4783.36,1456000000,1456000000
1703860200,4782.88,4788.43,4751.99,4769.82,1657000000,1657000000
1704205800,4745.2,4754.33,4722.67,4742.82,2342000000,2342000000
1704292200,4725.07,4729.29,4699.71,4704.82,2370000000,2370000000
1704378600,4697.42,4726.78,4687.53,4688.69,2280000000,2280000000
1704465000,4690.57,4721.49,4682.11,4697.23,2155000000,2155000000
1704724200,4703.7,4764.54,4699.82,4763.55,2254000000,2254000000
1704810600,4741.93,4765.47,4730.35,4756.51,2183000000,2183000000
1704897000,4759.94,4790.8,4756.2,4783.46,2133000000,2133000000
1704983400,4792.13,4798.5,4739.58,4780.23,2281000000,2281000000
1705069800,4791.18,4802.4,4768.98,4783.84,2199000000,2199000000
1705415400,4772.35,4782.34,4747.12,4765.99,2528000000,2528000000
1705501800,4739.13,4744.23,4714.82,4739.22,2270000000,2270000000
1705588200,4760.1,4785.79,4740.57,4780.95,2510000000,2510000000
1705674600,4796.28,4842.07,4785.87,4839.82,2706000000,2706000000
1705933800,4853.42,4868.41,4844.05,4850.44,2523000000,2523000000
1706020200,4856.8,4866.48,4844.37,4864.61,2349000000,2349000000
1706106600,4888.56,4903.68,4865.94,4868.54,2588000000,2588000000
1706193000,4886.66,4898.15,4869.34,4894.17,2846000000,2846000000
1706279400,4888.91,4906.69,4881.47,4890.96,2312000000,2312000000
1706538600,4892.95,4929.31,4887.4,4927.94,2258000000,2258000000
1706625000,4925.89,4931.09,4916.27,4924.96,2479000000,2479000000
1706711400,4899.19,4906.75,4845.15,4845.66,3174000000,3174000000
1706797800,4861.11,4906.97,4853.52,4906.18,2716000000,2716000000
1706884200,4916.06,4975.29,4907.99,4958.62,2741000000,2741000000
1707143400,4957.19,4957.19,4918.09,4942.82,2516000000,2516000000
1707229800,4950.16,4957.77,4934.88,4954.24,2409000000,2409000000
1707316200,4973.05,4999.89,4969.05,4995.05,2520000000,2520000000
1707402600,4995.16,5000.4,4987.09,4997.92,2396000000,2396000000
1707489000,5004.17,5030.06,5000.34,5026.62,2271000000,2271000000
1707748200,5026.83,5048.39,5016.83,5021.83,2177000000,2177000000
1707834600,4967.94,4971.3,4920.31,4953.16,2509000000,2509000000
1707921000,4976.44,5002.52,4956.45,5000.63,2249000000,2249000000
1708007400,5003.14,5032.72,4999.44,5029.72,2370000000,2370000000
1708093800,5031.13,5038.7,4999.52,5005.56,2243000000,2243000000
1708439400,4989.32,4993.71,4955.02,4975.52,2338000000,2338000000
1708525800,4963.03,4983.21,4946,4981.81,2183000000,2183000000
1708612200,5038.83,5094.39,5038.83,5087.02,2517000000,2517000000
1708698600,5100.92,5111.06,5081.46,5088.79,2199000000,2199000000
1708957800,5093,5097.66,5068.91,5069.54,2159000000,2159000000
1709044200,5074.6,5080.69,5057.29,5078.17,2104000000,2104000000
1709130600,5067.2,5077.37,5058.35,5069.77,2030000000,2030000000
1709217000,5085.36,5104.99,5061.89,5096.28,3029000000,3029000000
1709303400,5098.51,5140.33,5094.16,5137.07,2407000000,2407000000
1709562600,5130.99,5149.67,5127.18,5130.94,2737000000,2737000000
1709649000,5110.52,5114.54,5056.82,5078.64,2575000000,2575000000
1709735400,5108.03,5127.97,5092.22,5104.77,2496000000,2496000000
1709821800,5132.38,5165.62,5128.21,5157.35,2309000000,2309000000
1709908200,5164.46,5189.26,5117.5,5123.68,2350000000,2350000000
1710163800,5111.96,5124.66,5091.14,5117.93,2166000000,2166000000
1710250200,5134.3,5179.87,5114.48,5175.28,2252000000,2252000000
1710336600,5173.49,5179.14,5151.88,5165.3,2354000000,2354000000
1710423000,5175.14,5176.85,5123.3,5150.47,2574000000,2574000000
1710509400,5123.31,5136.86,5104.35,5117.1,4675000000,4675000000
1710768600,5154.77,5175.6,5145.47,5149.43,2277000000,2277000000
1710855000,5139.09,5180.31,5131.59,5178.52,2119000000,2119000000
1710941400,5181.69,5226.19,5171.55,5224.63,2225000000,2225000000
1711027800,5253.43,5261.1,5240.66,5241.54,2440000000,2440000000
1711114200,5242.48,5246.09,5229.87,5234.17,1941000000,1941000000
1711373400,5219.52,5229.09,5216.09,5218.18,1997000000,1997000000
1711459800,5228.85,5235.16,5203.42,5203.57,2198000000,2198000000
1711546200,5226.31,5249.26,5213.92,5248.48,2233000000,2233000000
1711632600,5248.03,5264.85,5245.82,5254.34,2268000000,2268000000
1711978200,5257.97,5263.95,5229.2,5243.78,1930000000,1930000000
1712064600,5204.29,5208.34,5184.05,5205.8,2308000000,2308000000
1712151000,5194.37,5228.75,5194.37,5211.48,2225000000,2225000000
1712237400,5244.05,5256.59,5146.06,5147.2,2453000000,2453000000
1712323800,5158.95,5222.18,5157.21,5204.35,2119000000,2119000000
1712583000,5211.37,5219.57,5197.35,5202.38,1937000000,1937000000
1712669400,5217.03,5224.81,5160.78,5209.92,2000000000,2000000000
1712755800,5167.88,5178.43,5138.7,5160.65,2246000000,2246000000
1712842200,5172.95,5211.78,5138.77,5199.05,2155000000,2155000000
1712928600,5171.51,5175.03,5107.94,5123.4,2319000000,2319000000
1713187800,5149.67,5168.43,5052.47,5061.81,2242000000,2242000000
1713274200,5064.59,5079.84,5039.83,5051.4,2301000000,2301000000
1713360600,5068.97,5077.96,5007.25,5022.22,2247000000,2247000000
1713447000,5031.52,5056.66,5001.89,5011.11,2163000000,2163000000
1713533400,5005.44,5019.02,4953.56,4967.24,2633000000,2633000000
1713792600,4987.33,5038.84,4969.4,5010.59,2265000000,2265000000
1713879000,5028.85,5076.12,5027.96,5070.56,2227000000,2227000000
1713965400,5084.86,5089.48,5047.02,5071.62,2457000000,2457000000
1714051800,5019.88,5057.75,4990.58,5048.41,2637000000,2637000000
1714138200,5084.65,5114.62,5073.14,5099.95,2342000000,2342000000
1714397400,5114.13,5123.49,5088.65,5116.16,2270000000,2270000000
1714483800,5103.78,5110.83,5035.31,5035.7,2656000000,2656000000
1714570200,5029.03,5096.12,5013.45,5018.4,2826000000,2826000000
1714656600,5049.32,5073.21,5011.05,5064.19,2501000000,2501000000
1714743000,5122.78,5139.12,5101.22,5127.8,2329000000,2329000000
1715002200,5142.42,5181,5142.42,5180.73,2115000000,2115000000
1715088600,5187.2,5200.23,5178.96,5187.71,2198000000,2198000000
1715175000,5168.98,5191.95,5165.86,5187.66,2062000000,2062000000
1715261400,5189.03,5215.3,5180.41,5214.07,1900000000,1900000000
1715347800,5225.49,5239.66,5209.68,5222.69,1848000000,1848000000
1715607000,5233.08,5237.26,5211.16,5221.41,1891000000,1891000000
1715693400,5221.1,5250.37,5217.98,5246.69,1967000000,1967000000
1715779800,5263.26,5311.76,5263.26,5308.14,2215000000,2215000000
1715866200,5310.07,5325.49,5296.19,5297.09,2151000000,2151000000
1715952600,5303.1,5305.45,5283.59,5303.26,1915000000,1915000000
1716211800,5305.35,5325.32,5302.4,5308.12,1769000000,1769000000
1716298200,5298.69,5324.32,5297.87,5321.42,1904000000,1904000000
1716384600,5319.28,5323.18,5286.01,5307.02,2027000000,2027000000
1716471000,5340.26,5341.88,5256.93,5267.85,2204000000,2204000000
1716557400,5281.45,5311.65,5278.39,5304.71,1690000000,1690000000
1716903000,5315.91,5315.91,5280.89,5306.03,2036000000,2036000000
1716989400,5278.73,5282.27,5262.7,5266.96,2157000000,2157000000
1717075800,5259.77,5260.21,5222.1,5235.47,2206000000,2206000000
1717162200,5243.21,5280.33,5191.68,5277.5,3699000000,3699000000
1717421400,5297.15,5302.11,5234.32,5283.41,2163000000,2163000000
1717507800,5278.24,5298.8,5257.63,5291.35,2084000000,2084000000
1717594200,5314.48,5354.16,5297.64,5354.04,2072000000,2072000000
1717680600,5357.8,5362.35,5335.36,5352.95,1959000000,1959000000
1717767000,5343.81,5375.08,5331.33,5346.98,1776000000,1776000000
1718026200,5341.22,5365.79,5331.52,5360.78,2344000000,2344000000
1718112600,5353,5375.95,5327.25,5375.31,2203000000,2203000000
1718199000,5409.13,5447.25,5409.13,5421.02,2659000000,2659000000
1718285400,5441.93,5441.93,5402.51,5433.75,2322000000,2322000000
1718371800,5424.08,5432.39,5403.75,5431.61,2188000000,2188000000
1718631000,5431.11,5488.5,5420.4,5473.24,2361000000,2361000000
1718717400,5476.15,5490.38,5471.32,5487.02,2383000000,2383000000
1718890200,5499.99,5505.53,5455.56,5473.16,2806000000,2806000000
1718976600,5466.77,5478.31,5452.03,5464.61,4696000000,4696000000
1719235800,5459.58,5490.66,5447.59,5447.88,2640000000,2640000000
1719322200,5460.73,5472.88,5446.56,5469.29,2457000000,2457000000
1719408600,5460.71,5483.14,5451.87,5477.91,2464000000,2464000000
1719495000,5473.59,5490.81,5467.54,5482.88,2381000000,2381000000
1719581400,5488.48,5523.64,5451.12,5460.49,3783000000,3783000000
1719840600,5471.08,5479.55,5446.53,5475.1,2329000000,2329000000
1719927000,5461.84,5509.69,5458.43,5509.02,2225000000,2225000000
1720013400,5507.44,5539.27,5507.42,5537.01,1539000000,1539000000
1720186200,5537.91,5570.33,5531.63,5567.2,2120000000,2120000000
1720445400,5572.75,5583.11,5562.51,5572.86,2024000000,2024000000
1720531800,5584.24,5590.75,5574.57,5576.97,2346000000,2346000000
1720618200,5591.26,5635.39,5586.44,5633.92,2232000000,2232000000
1720704600,5635.21,5642.45,5576.53,5584.55,2795000000,2795000000
1720791000,5590.76,5655.56,5590.44,5615.34,2456000000,2456000000
1721050200,5638.16,5666.94,5614.75,5631.21,2293000000,2293000000
1721136600,5644.09,5669.67,5639.02,5667.21,2440000000,2440000000
1721223000,5610.07,5622.49,5584.81,5588.28,3065000000,3065000000
1721309400,5608.56,5614.05,5522.81,5544.58,2824000000,2824000000
1721395800,5543.37,5557.5,5497.04,5504.99,2503000000,2503000000
1721655000,5544.54,5570.36,5529.04,5564.4,2385000000,2385000000
1721741400,5565.3,5585.34,5550.9,5555.75,2303000000,2303000000
1721827800,5505.84,5508.04,5419.98,5427.12,2900000000,2900000000
1721914200,5428.7,5491.59,5390.95,5399.23,3405000000,3405000000
1722000600,5433.67,5488.32,5430.7,5459.09,2544000000,2544000000
1722259800,5476.55,5487.74,5444.44,5463.55,2273000000,2273000000
1722346200,5478.73,5489.46,5401.7,5436.45,2889000000,2889000000
1722432600,5505.59,5551.51,5493.75,5522.29,3187000000,3187000000
1722519000,5537.84,5566.16,5410.42,5446.69,3316000000,3316000000
1722605400,5376.63,5383.89,5302.03,5346.55,3875000000,3875000000
1722864600,5151.14,5250.89,5119.26,5186.34,3923000000,3923000000
1722951000,5206.42,5312.34,5193.56,5240.04,3043000000,3043000000
1723037400,5293.13,5330.64,5195.54,5199.51,2870000000,2870000000
1723123800,5252.57,5328.03,5233.85,5319.3,2622000000,2622000000
1723210200,5314.66,5358.67,5300.84,5344.15,2129000000,2129000000
1723469400,5351.88,5371.2,5324.37,5344.38,2187000000,2187000000
1723555800,5376.98,5436.5,5376.98,5434.44,2512000000,2512000000
1723642200,5442.36,5463.22,5415.91,5455.2,2268000000,2268000000
1723728600,5501.13,5546.23,5501.13,5543.21,2576000000,2576000000
1723815000,5530.5,5561.98,5525.17,5554.26,2200000000,2200000000
1724074200,5557.23,5608.3,5550.74,5608.24,2022000000,2022000000
1724160600,5602.88,5620.51,5585.5,5597.11,2033000000,2033000000
1724247000,5603.09,5632.68,5591.57,5620.84,1975000000,1975000000
1724333400,5637.77,5643.22,5560.95,5570.65,2125000000,2125000000
1724419800,5602.49,5641.82,5585.16,5634.6,2077000000,2077000000
1724679000,5639.66,5651.62,5602.34,5616.85,1927000000,1927000000
1724765400,5602.89,5631.18,5593.48,5625.79,1901000000,1901000000
1724851800,5624.51,5627.03,5560.95,5592.19,2069000000,2069000000
1724938200,5607.3,5646.95,5583.71,5591.95,2269000000,2269000000
1725024600,5612.74,5651.37,5581.79,5648.39,2627000000,2627000000
1725370200,5623.89,5623.89,5504.33,5528.92,2809000000,2809000000
1725456600,5506.68,5552.99,5503.66,5520.08,2428000000,2428000000
1725543000,5520.08,5546.3,5480.54,5503.42,2367000000,2367000000
1725629400,5507.33,5522.47,5402.62,5408.43,2714000000,2714000000
1725888600,5442.07,5484.2,5434.49,5471.06,2521000000,2521000000
1725975000,5490.51,5497.91,5441.72,5495.53,2453000000,2453000000
1726061400,5496.42,5560.41,5406.96,5554.14,2729000000,2729000000
1726147800,5557.48,5600.71,5535.5,5595.75,2527000000,2527000000
1726234200,5603.34,5636.27,5601.65,5626.01,2158000000,2158000000
1726493400,5615.21,5636.05,5604.53,5633.08,2232000000,2232000000
1726579800,5655.51,5670.81,5614.05,5634.57,2284000000,2284000000
1726666200,5641.68,5689.75,5615.08,5618.25,2398000000,2398000000
1726752600,5702.63,5733.57,5686.42,5713.65,2669000000,2669000000
1726839000,5709.64,5715.14,5674.49,5702.54,5107000000,5107000000
1727098200,5711.9,5725.36,5704.22,5718.58,2324000000,2324000000
1727184600,5727.66,5735.32,5698.99,5732.94,2462000000,2462000000
1727271000,5733.65,5741.03,5712.06,5722.27,2376000000,2376000000
1727357400,5762.22,5767.37,5721.01,5745.36,2656000000,2656000000
1727443800,5755.36,5763.78,5727.34,5738.16,2242000000,2242000000
1727703000,5726.52,5765.14,5703.53,5762.49,2470000000,2470000000
1727789400,5757.73,5757.73,5681.28,5708.74,2520000000,2520000000
1727875800,5698.14,5719.63,5674,5709.55,2175000000,2175000000
1727962200,5698.19,5718.78,5677.37,5699.95,2169000000,2169000000
1728048600,5737.48,5753.21,5702.83,5751.06,2167000000,2167000000
1728307800,5737.8,5739.34,5686.85,5695.93,2249000000,2249000000
1728394200,5719.14,5757.6,5714.56,5751.14,2235000000,2235000000
1728480600,5751.8,5796.8,5745.02,5792.05,2175000000,2175000000
1728567000,5778.36,5795.03,5764.76,5780.04,2020000000,2020000000
1728653400,5775.09,5822.13,5775.09,5815.04,2098000000,2098000000
1728912600,5829.81,5871.41,5829.57,5859.86,1948000000,1948000000
1728999000,5866.74,5870.36,5804.48,5815.25,2790000000,2790000000
1729085400,5816.58,5846.52,5808.34,5842.48,2253000000,2253000000
1729171800,5875.62,5878.46,5840.25,5841.48,2308000000,2308000000
1729258200,5859.43,5872.17,5846.11,5864.68,2098000000,2098000000
1729517400,5857.82,5866.92,5824.79,5853.97,2023000000,2023000000
1729603800,5832.7,5863.04,5821.17,5851.19,2174000000,2174000000
1729690200,5834.5,5834.85,5762.41,5797.43,2323000000,2323000000
1729776600,5817.8,5817.8,5784.92,5809.87,2230000000,2230000000
1729863000,5826.75,5862.82,5799.98,5808.11,2197000000,2197000000
1730122200,5833.93,5842.92,5823.08,5823.51,2091000000,2091000000
1730208600,5819.68,5847.19,5802.17,5832.91,2537000000,2537000000
1730295000,5832.65,5850.94,5811.28,5813.66,2810000000,2810000000
1730381400,5775.34,5775.34,5702.86,5705.44,3193000000,3193000000
1730467800,5723.22,5772.52,5723.22,5728.81,2645000000,2645000000
1730730600,5725.15,5741.43,5696.51,5712.68,2357000000,2357000000
1730817000,5722.43,5783.44,5722.1,5782.77,2294000000,2294000000
1730903400,5864.89,5936.14,5864.89,5929.03,4041000000,4041000000
1730989800,5947.21,5983.84,5947.21,5973.09,3000000000,3000000000
1731076200,5976.76,6012.45,5976.76,5995.53,2678000000,2678000000
1731335400,6008.86,6017.31,5986.69,6001.34,2605000000,2605000000
1731421800,6003.6,6009.92,5960.08,5984,2497000000,2497000000
1731508200,5985.75,6008.19,5965.91,5985.39,2471000000,2471000000
1731594600,5989.68,5993.88,5942.28,5949.16,2520000000,2520000000
1731681000,5912.79,5915.32,5853.01,5870.63,3195000000,3195000000
1731940200,5874.17,5908.12,5865.95,5893.61,2653000000,2653000000
1732026600,5870.05,5923.51,5855.29,5916.97,2596000000,2596000000
1732113000,5914.34,5920.67,5860.56,5917.12,2441000000,2441000000
1732199400,5940.58,5963.32,5887.26,5948.7,2752000000,2752000000
1732285800,5944.36,5972.9,5944.36,5969.33,2510000000,2510000000
1732545000,5992.28,6020.75,5963.91,5987.38,3643000000,3643000000
1732631400,6001.16,6025.42,5992.27,6021.64,2319000000,2319000000
1732717800,6014.11,6020.16,5984.87,5998.73,2024000000,2024000000
1732890600,6003.98,6044.17,6003.98,6032.39,1382000000,1382000000
1733149800,6040.11,6053.58,6035.33,6047.14,2581000000,2581000000
1733236200,6042.97,6052.07,6033.39,6049.87,2469000000,2469000000
1733322600,6069.39,6089.84,6061.06,6086.48,2544000000,2544000000
1733409000,6089.03,6094.55,6072.9,6075.1,2559000000,2559000000
1733495400,6081.38,6099.97,6079.98,6090.28,2401000000,2401000000
1733754600,6083.01,6088.51,6048.63,6052.84,2849000000,2849000000
1733841000,6057.59,6065.4,6029.89,6034.9,2684000000,2684000000
1733927400,6060.15,6092.59,6060.15,6084.18,2676000000,2676000000
1734013800,6074.29,6079.68,6051.25,6051.25,2294000000,2294000000
1734100200,6068.17,6078.58,6035.77,6051.08,2387000000,2387000000
1734359400,6063.79,6085.19,6059.14,6074.07,2975000000,2975000000
1734445800,6052.55,6057.68,6035.19,6050.6,2857000000,2857000000
1734532200,6047.65,6070.67,5867.79,5872.17,3183000000,3183000000
1734618600,5912.71,5935.52,5866.07,5867.07,3105000000,3105000000
1734705000,5842,5982.06,5832.3,5930.84,5592000000,5592000000
1734964200,5940.25,5978.25,5902.57,5974.08,2205000000,2205000000
1735050600,5984.63,6040.1,5981.44,6040.05,1095000000,1095000000
1735223400,6024.97,6049.75,6007.37,6037.58,1452000000,1452000000
1735309800,6006.17,6006.17,5932.95,5970.85,1766000000,1766000000
1735569000,5920.67,5940.79,5869.16,5906.95,1863000000,1863000000
1735655400,5919.74,5929.74,5868.86,5881.62,1734000000,1734000000
1735828200,5903.26,5935.09,5829.53,5868.56,2146000000,2146000000
1735914600,5891.07,5949.34,5888.66,5942.46,2113000000,2113000000
1736173800,5982.81,6021.04,5960.01,5975.37,2678000000,2678000000
1736260200,5993.26,6000.68,5890.68,5909.02,2612000000,2612000000
1736346600,5910.66,5927.89,5874.78,5918.26,2480000000,2480000000
1736519400,5890.35,5890.35,5807.78,5827.03,2956000000,2956000000
1736778600,5782.02,5838.61,5773.31,5836.21,2647000000,2647000000
1736865000,5859.27,5871.92,5805.42,5842.9,2351000000,2351000000
1736951400,5905.21,5960.61,5905.21,5949.92,2641000000,2641000000
1737037800,5963.61,5964.69,5930.72,5937.35,2452000000,2452000000
1737124200,5995.4,6014.96,5978.44,5996.65,2906000000,2906000000
1737469800,6014.12,6051.51,6006.88,6049.23,2924000000,2924000000
1737556200,6081.39,6100.81,6076.13,6086.36,2820000000,2820000000
1737642600,6076.32,6118.73,6074.67,6118.72,2383000000,2383000000
1737729000,6121.43,6128.18,6088.74,6101.25,2435000000,2435000000
1737988200,5969.04,6017.17,5962.92,6012.29,3997000000,3997000000
1738074600,6026.97,6074.54,5994.63,6067.71,3254000000,3254000000
1738161000,6057.7,6062.83,6012.96,6039.32,2747000000,2747000000
1738247400,6050.75,6086.64,6027.46,6071.18,2987000000,2987000000
1738333800,6096.79,6120.91,6030.93,6040.52,3351000000,3351000000
1738593000,5969.65,6022.13,5923.93,5994.58,3151000000,3151000000
1738679400,5998.14,6042.48,5990.87,6037.89,2950000000,2950000000
1738765800,6020.45,6062.86,6007.06,6061.47,3039000000,3039000000
1738852200,6072.22,6084.03,6046.83,6083.56,3029000000,3029000000
1738938600,6083.13,6101.28,6019.96,6025.98,2846000000,2846000000
1739197800,6046.4,6073.38,6044.84,6066.45,2647000000,2647000000
1739284200,6049.32,6076.28,6042.34,6068.49,2667000000,2667000000
1739370600,6025.08,6063,6003,6051.98,2806000000,2806000000
1739457000,6060.59,6116.91,6050.95,6115.08,2866000000,2866000000
1739543400,6115.52,6127.47,6107.62,6114.62,2743000000,2743000000
1739889000,6121.6,6129.63,6099.51,6129.57,3114000000,3114000000
1739975400,6117.76,6147.43,6111.15,6144.14,2960000000,2960000000
1740061800,6134.5,6134.5,6084.59,6117.51,2938000000,2938000000
1740148200,6114.1,6114.82,6008.56,6013.12,3274000000,3274000000
1740407400,6026.69,6043.65,5977.83,5983.26,3182000000,3182000000
1740493800,5982.73,5992.65,5908.49,5955.26,3367000000,3367000000
1740580200,5970.87,6009.82,5932.69,5956.07,2903000000,2903000000
1740666600,5981.89,5993.69,5858.78,5861.56,3279000000,3279000000
1740753000,5858.93,5959.4,5837.66,5954.51,4070000000,4070000000
1741012200,5968.33,5986.09,5810.91,5849.71,3490000000,3490000000
1741098600,5811.98,5865.08,5732.59,5778.14,4188000000,4188000000
1741185000,5781.36,5860.59,5742.35,5842.62,3197000000,3197000000
1741271400,5785.87,5812.08,5711.64,5738.53,3304000000,3304000000
1741357800,5719.91,5783.01,5666.29,5770.19,3856000000,3856000000
1741613400,5705.37,5705.37,5564.02,5614.55,4273000000,4273000000
1741699800,5603.65,5636.3,5528.41,5572.08,3975000000,3975000000
1741786200,5624.84,5642.19,5546.09,5599.29,3365000000,3365000000
1741872600,5594.45,5597.78,5504.65,5521.53,3289000000,3289000000
1741959000,5563.85,5645.27,5563.85,5638.93,2936000000,2936000000
1742218200,5633.78,5703.52,5631.12,5675.11,2866000000,2866000000
1742304600,5654.53,5654.53,5597.76,5614.65,2793000000,2793000000
1742391000,5632.37,5715.33,5622.2,5675.3,2941000000,2941000000
1742477400,5646.92,5711.15,5632.33,5662.88,2812000000,2812000000
1742563800,5630.73,5670.84,5603.1,5667.57,6045000000,6045000000
1742823000,5718.08,5775.14,5718.08,5767.56,2897000000,2897000000
1742909400,5775.96,5786.95,5760.42,5776.66,2605000000,2605000000
1742995800,5771.66,5783.62,5694.41,5712.21,2770000000,2770000000
1743082200,5695.64,5732.28,5670.94,5693.32,2745000000,2745000000
1743168600,5679.2,5685.89,5572.42,5580.95,2789000000,2789000000
1743427800,5527.91,5627.56,5488.73,5611.84,3508000000,3508000000
1743514200,5597.53,5650.57,5558.52,5633.06,2722000000,2722000000
1743600600,5580.76,5695.31,5571.48,5670.98,2652000000,2652000000
1743687000,5492.74,5499.53,5390.83,5396.51,4941000000,4941000000
1743773400,5292.14,5292.14,5069.9,5074.09,5990000000,5990000000
1744032600,4953.79,5246.57,4835.04,5062.24,6140000000,6140000000
1744119000,5193.57,5267.47,4910.42,4982.78,4974000000,4974000000
1744205400,4965.28,5481.34,4948.43,5456.89,6567000000,6567000000
1744291800,5353.15,5353.15,5115.27,5268.06,4722000000,4722000000
1744378200,5255.56,5381.46,5220.77,5363.35,3651000000,3651000000
1744637400,5441.96,5459.46,5358.02,5405.96,3204000000,3204000000
1744723800,5411.99,5450.41,5386.44,5396.62,2719000000,2719000000
1744810200,5335.75,5367.24,5220.79,5275.71,3292000000,3292000000
1744896600,5305.45,5328.31,5255.58,5282.69,3080000000,3080000000
1745242200,5228.77,5228.77,5101.63,5158.19,2857000000,2857000000
1745328600,5207.67,5309.61,5207.67,5287.77,2948000000,2948000000
1745415000,5395.92,5469.69,5356.17,5375.85,3498000000,3498000000
1745501400,5381.38,5489.4,5371.96,5484.78,3086000000,3086000000
1745587800,5489.73,5528.11,5455.86,5525.22,2894000000,2894000000
1745847000,5529.22,5553.66,5468.64,5528.74,2686000000,2686000000
1745933400,5508.87,5571.95,5505.7,5560.82,2754000000,2754000000
1746019800,5499.44,5581.84,5433.24,5569.07,3534000000,3534000000
1746106200,5625.14,5658.91,5597.35,5604.13,3161000000,3161000000
1746192600,5645.88,5700.7,5642.28,5686.66,2965000000,2965000000
1746451800,5655.32,5683.38,5634.48,5650.37,2590000000,2590000000
1746538200,5605.87,5649.58,5586.04,5606.9,2700000000,2700000000
1746624600,5614.18,5654.73,5578.64,5631.27,3160000000,3160000000
1746711000,5663.6,5720.1,5635.38,5663.95,3165000000,3165000000
1746797400,5679.65,5691.69,5644.15,5659.9,2391000000,2391000000
1747056600,5807.2,5845.37,5786.08,5844.2,3708000000,3708000000
1747143000,5854.15,5906.64,5845.02,5886.54,3442000000,3442000000
1747229400,5896.74,5906.55,5872.11,5892.57,3305000000,3305000000
1747315800,5869.82,5924.21,5865.16,5916.92,3071000000,3071000000
1747402200,5929.09,5958.62,5907.36,5958.37,2843000000,2843000000
1747661400,5902.88,5968.61,5895.69,5963.59,2502000000,2502000000
1747747800,5944.66,5953.06,5909.26,5940.45,2474000000,2474000000
1747834200,5910.18,5938.37,5830.91,5844.62,3061000000,3061000000
1747920600,5841.26,5878.08,5825.82,5842,2730000000,2730000000
1748007000,5781.89,5829.51,5767.41,5802.83,2495000000,2495000000
1748352600,5854.07,5924.33,5854.07,5921.53,2784000000,2784000000
1748439000,5925.54,5939.92,5881.88,5888.56,2513000000,2513000000
1748525400,5939.96,5943.13,5873.8,5912.18,2810000000,2810000000
1748611800,5903.67,5922.14,5843.66,5911.68,4289000000,4289000000
1748871000,5896.68,5937.4,5861.43,5935.95,2661000000,2661000000
1748957400,5938.56,5981.35,5929,5970.36,2877000000,2877000000
1749043800,5978.94,5990.48,5966.11,5970.82,2617000000,2617000000
1749130200,5985.67,5999.7,5921.2,5939.29,3046000000,3046000000
1749216600,5987.06,6016.87,5978.63,6000.37,2495000000,2495000000
1749475800,6004.63,6021.31,5994.18,6005.89,2762000000,2762000000
1749562200,6009.91,6043.01,6000.28,6038.8,2889000000,2889000000
1749648600,6049.38,6059.4,6002.32,6022.25,2913000000,2913000000
1749735000,6009.9,6045.43,6003.88,6045.25,2545000000,2545000000
1749821400,6000.56,6026.16,5963.21,5976.96,2929000000,2929000000
1750080600,6004,6050.83,6004,6033.12,2793000000,2793000000
1750167000,6012.15,6023.25,5974.8,5982.73,2751000000,2751000000
1750253400,5987.93,6018.25,5971.89,5980.86,2893000000,2893000000
1750426200,5999.67,6018.2,5952.56,5967.85,4713000000,4713000000
1750685400,5969.67,6028.77,5943.23,6025.16,3142000000,3142000000
1750771800,6064.68,6101.76,6059.25,6092.19,3215000000,3215000000
1750858200,6104.23,6108.51,6080.09,6092.15,2794000000,2794000000
1750944600,6112.09,6146.52,6107.27,6141.01,2975000000,2975000000
1751031000,6150.7,6187.68,6132.35,6173.08,4177000000,4177000000
1751290200,6192.62,6215.08,6174.97,6204.94,3214000000,3214000000
1751376600,6187.25,6210.78,6177.97,6198.02,3468000000,3468000000
1751463000,6193.88,6227.6,6188.29,6227.41,3065000000,3065000000
1751549400,6246.46,6284.65,6246.46,6279.36,1790000000,1790000000
1751895000,6259.04,6262.07,6201,6229.99,2648000000,2648000000
1751981400,6233.14,6242.7,6217.75,6225.51,2917000000,2917000000
1752067800,6243.33,6269.16,6231.43,6263.25,2757000000,2757000000
1752154200,6266.8,6290.22,6251.44,6280.47,2771000000,2771000000
1752240600,6255.68,6269.44,6237.6,6259.74,2563000000,2563000000
1752499800,6255.15,6273.31,6239.22,6268.55,2651000000,2651000000
1752586200,6295.29,6302.04,6241.68,6243.77,3075000000,3075000000
1752672600,6254.5,6268.12,6201.59,6263.71,2888000000,2888000000
1752759000,6262.27,6304.69,6262.27,6297.35,3009000000,3009000000
1752845400,6313.96,6313.96,6285.27,6296.78,2975000000,2975000000
1753104600,6304.74,6336.08,6303.79,6305.59,2590000000,2590000000
1753191000,6306.6,6316.12,6281.71,6309.63,2945000000,2945000000
1753277400,6326.9,6360.64,6317.49,6358.9,3154000000,3154000000
1753363800,6368.6,6381.31,6360.57,6363.36,3285000000,3285000000
1753450200,6370.01,6395.82,6368.53,6388.65,2949000000,2949000000
1753709400,6397.69,6401.07,6375.79,6389.76,2799000000,2799000000
1753795800,6405.62,6409.26,6363.92,6370.87,3178000000,3178000000
1753882200,6381.23,6396.54,6336.38,6362.89,3245000000,3245000000
1753968600,6427.02,6427.02,6327.64,6339.38,3922000000,3922000000
1754055000,6287.28,6287.28,6212.69,6238,3518000000,3518000000
1754314200,6271.71,6330.69,6271.71,6329.93,2869000000,2869000000
1754400600,6336.63,6346,6289.37,6299.2,3073000000,3073000000
1754487000,6309.3,6352.83,6301.11,6345.05,3205000000,3205000000
1754573400,6379.43,6389.71,6310.32,6339.99,3038000000,3038000000
1754659800,6355.22,6395.16,6355.22,6389.44,2768000000,2768000000
1754919000,6389.67,6407.25,6364.06,6373.46,2779000000,2779000000
1755005400,6395.17,6446.55,6385.76,6445.75,2830000000,2830000000
1755091800,6462.67,6480.28,6445.02,6466.59,3017000000,3017000000
1755178200,6453.46,6473.92,6441.07,6468.53,2686000000,2686000000
1755264600,6477.38,6481.34,6441.85,6449.79,3053000000,3053000000
1755523800,6445.02,6455.35,6437.7,6449.16,2529000000,2529000000
1755610200,6446.24,6456.48,6400.22,6411.36,2840000000,2840000000
1755696600,6406.62,6408.4,6343.86,6395.79,2973000000,2973000000
1755783000,6380.83,6393.65,6352.71,6370.18,2329000000,2329000000
1755869400,6384.59,6478.89,6384.59,6466.92,2971000000,2971000000
1756128600,6457.67,6466.89,6438.06,6439.31,2447000000,2447000000
1756215000,6435.49,6468.37,6429.21,6465.95,2988000000,2988000000
1756301400,6462.26,6487.06,6457.84,6481.41,2758000000,2758000000
1756387800,6483.84,6508.23,6466.96,6501.85,2512000000,2512000000
1756474200,6489.28,6491.08,6444.57,6460.25,2471000000,2471000000
1756819800,6401.51,6416.54,6360.58,6415.53,2772000000,2772000000
1756906200,6445.82,6453.67,6416.17,6448.27,2745000000,2745000000
1756992600,6456.6,6502.54,6445.98,6502.09,2637000000,2637000000
1757079000,6529.08,6532.65,6443.98,6481.51,3115000000,3115000000
1757338200,6498.09,6508.67,6483.29,6495.16,2850000000,2850000000
1757424600,6503.33,6518.23,6483.08,6512.62,2627000000,2627000000
1757511000,6550.29,6555.97,6516.34,6532.03,3113000000,3113000000
1757597400,6554.41,6592.89,6545.8,6587.48,3180000000,3180000000
1757683800,6590.66,6600.21,6579.49,6584.28,2901000000,2901000000
1757943000,6603.49,6619.62,6602.07,6615.29,2820000000,2820000000
1758029400,6624.13,6626.99,6600.11,6606.77,2836000000,2836000000
1758115800,6604.87,6624.39,6551.15,6600.36,2947000000,2947000000
1758202200,6626.85,6656.8,6611.89,6631.95,3412000000,3412000000
1758288600,6647.11,6671.82,6630.31,6664.37,5394000000,5394000000
1758547800,6654.28,6698.88,6648.07,6693.74,3184000000,3184000000
1758634200,6692.44,6699.52,6645.58,6656.93,3031000000,3031000000
1758720600,6669.79,6672.66,6621.76,6637.98,2936000000,2936000000
1758807000,6608.19,6619,6569.22,6604.73,3244000000,3244000000
1758893400,6615.38,6648.97,6604.43,6643.71,2848000000,2848000000
1759152600,6661.58,6677.31,6644.49,6661.2,3012000000,3012000000
1759239000,6656.19,6691.25,6641,6688.47,3432000000,3432000000
1759325400,6664.92,6718.48,6656.2,6711.19,3412000000,3412000000
1759411800,6731.31,6731.94,6693.23,6715.36,2997000000,2997000000
1759498200,6722.14,6750.87,6705.67,6715.78,2846000000,2846000000
1759757400,6733.86,6749.52,6717.78,6740.29,3159000000,3159000000
1759843800,6746.14,6754.49,6699.96,6714.58,2942000000,2942000000
1759930200,6723.87,6755.64,6718.09,6753.71,2811000000,2811000000
1760016600,6760.5,6764.58,6716.17,6735.12,2747000000,2747000000
1760103000,6740.49,6762.4,6550.78,6552.52,3481000000,3481000000
1760362200,6628.27,6668.68,6620.71,6654.71,2662000000,2662000000
1760448600,6592.64,6680.7,6555.07,6644.3,2873000000,2873000000
1760535000,6688.27,6724.12,6612.11,6671.07,2880000000,2880000000
1760621400,6689.02,6709.34,6593.99,6629.08,3237000000,3237000000
1760707800,6611.9,6678.88,6603.76,6664,3041000000,3041000000
1760967000,6690.05,6744.35,6690.05,6735.14,2583000000,2583000000
1761053400,6736.75,6752.16,6722.03,6735.34,3034000000,3034000000
1761139800,6741.34,6741.75,6655.69,6699.41,3368000000,3368000000
1761226200,6703.65,6749.53,6700.14,6738.43,3243000000,3243000000
1761312600,6772.07,6807.11,6772.07,6791.68,3004000000,3004000000
1761571800,6845.46,6877.28,6843.94,6875.15,3208000000,3208000000
1761658200,6897.74,6911.3,6870.73,6890.88,3328000000,3328000000
1761744600,6910.95,6920.34,6851.91,6890.6,3827000000,3827000000
1761831000,6860.5,6880.75,6820.69,6822.35,3798000000,3798000000
1761917400,6874.6,6874.6,6814.26,6840.19,3603000000,3603000000
1762180200,6882.32,6882.32,6820.62,6851.98,3613000000,3613000000
1762266600,6788.52,6820.21,6766.71,6771.54,3696000000,3696000000
1762353000,6769.71,6829.78,6763.11,6796.3,3454000000,3454000000
1762439400,6787.59,6796.68,6707.51,6720.31,3555000000,3555000000
1762525800,6696.18,6730.11,6631.44,6728.81,3463000000,3463000000
1762785000,6785.36,6841.32,6770.56,6832.42,3107000000,3107000000
1762871400,6815.64,6855.13,6806.87,6846.62,2729000000,2729000000
1762957800,6867.77,6869.91,6829.62,6850.93,2913000000,2913000000
1763044200,6826.47,6828.05,6724.72,6737.48,3332000000,3332000000
1763130600,6672.14,6774.31,6646.87,6734.1,3046000000,3046000000
1763389800,6713.61,6754.5,6638.9,6672.42,3086000000,3086000000
1763476200,6641.19,6666.63,6574.32,6617.33,3206000000,3206000000
1763562600,6625.84,6689.75,6603.5,6642.15,3065000000,3065000000
1763649000,6737.93,6770.35,6534.05,6538.77,3618000000,3618000000
1763735400,6555.77,6660.05,6521.92,6602.98,3926000000,3926000000
1763994600,6636.54,6715.75,6630.7,6705.11,4097000000,4097000000
1764081000,6697.03,6776.4,6659.98,6765.89,3187000000,3187000000
1764167400,6793.55,6831.44,6783.87,6812.6,2591000000,2591000000
1764340200,6822.52,6850.86,6819.75,6849.08,1437000000,1437000000
1764599400,6812.3,6843.65,6799.94,6812.62,2686000000,2686000000
1764685800,6830.96,6851.55,6806.71,6829.38,2870000000,2870000000
1764772200,6815.29,6862.42,6810.43,6849.71,2887000000,2887000000
1764858600,6866.47,6866.47,6827.12,6857.13,2895000000,2895000000
1764945000,6866.32,6895.78,6858.29,6870.39,3033000000,3033000000
1765204200,6875.2,6878.27,6827.19,6846.5,3059000000,3059000000
1765290600,6840.61,6864.92,6837.43,6840.5,2704000000,2704000000
1765377000,6833.49,6900.67,6824.69,6886.69,3417000000,3417000000
1765463400,6861.3,6903.46,6833.45,6901.01,3079000000,3079000000
1765549800,6886.85,6899.85,6801.79,6827.42,3086000000,3086000000
1765809000,6860.19,6861.59,6801.49,6816.52,3196000000,3196000000
1765895400,6800.12,6819.27,6759.74,6800.25,3113000000,3113000000
1765981800,6802.88,6812.26,6720.43,6721.42,3356000000,3356000000
1766068200,6778.06,6816.13,6758.5,6774.75,3173000000,3173000000
1766154600,6792.62,6840.02,6792.62,6834.49,5925000000,5925000000
1766413800,6865.21,6882.03,6855.74,6878.48,2537000000,2537000000
1766500200,6872.41,6910.88,6868.81,6909.78,2188000000,2188000000
1766586600,6904.91,6937.32,6904.91,6932.04,1046000000,1046000000
1766759400,6936.02,6945.77,6921.6,6929.95,1426000000,1426000000
1767018600,6903.6,6920.21,6888.76,6905.73,1912000000,1912000000
1767105000,6900.44,6913.25,6893.47,6896.25,1667000000,1667000000
1767191400,6898.82,6901.42,6844.55,6845.49,1646000000,1646000000
1767364200,6878.11,6894.87,6824.31,6858.48,2574000000,2574000000
1767623400,6892.19,6920.38,6891.56,6902.04,3417000000,3417000000
1767709800,6908.03,6948.69,6904.02,6944.83,3270000000,3270000000
1767796200,6945.07,6965.69,6919.19,6920.92,3191000000,3191000000
1767882600,6916.29,6931.28,6899.33,6921.45,3138000000,3138000000
1767969000,6927.83,6978.36,6917.64,6966.29,2925000000,2925000000
1768228200,6944.12,6986.33,6934.07,6977.26,2998000000,2998000000
1768314600,6977.41,6985.83,6938.77,6963.75,3181000000,3181000000
1768401000,6937.41,6941.3,6885.74,6926.59,3341000000,3341000000
1768487400,6969.46,6979.34,6937.93,6944.46,3075000000,3075000000
1768573800,6960.54,6967.3,6925.09,6940,3697000000,3697000000
1768919400,6865.24,6871.17,6789.05,6796.87,3834000000,3834000000
1769005800,6810.71,6910.39,6804.96,6875.61,3754000000,3754000000
1769092200,6914.44,6934.75,6893.62,6913.36,3264000000,3264000000
1769178600,6907.85,6932.96,6895.5,6915.62,3168000000,3168000000
1769437800,6923.23,6964.66,6921.6,6950.22,2952000000,2952000000
1769524200,6965.96,6988.82,6958.83,6978.59,3199000000,3199000000
1769610600,7002,7002.28,6963.46,6978.02,3295000000,3295000000
1769697000,6977.74,6992.84,6870.8,6969.02,3917000000,3917000000
1769783400,6947.27,6964.09,6893.48,6939.02,3947000000,3947000000
1770042600,6916.64,6991.92,6914.34,6976.45,3519000000,3519000000
1770129000,6985.58,6993.08,6862.05,6917.82,4410000000,4410000000
1770215400,6924.5,6936.09,6838.8,6882.71,5066000000,5066000000
1770301800,6837.39,6857.85,6780.13,6798.39,4283000000,4283000000
1770388200,6816.74,6944.89,6816.74,6932.31,3775000000,3775000000
1770647400,6917.26,6980.1,6905.87,6964.81,3311000000,3311000000
1770733800,6974.49,6986.83,6937.53,6941.82,3459000000,3459000000
1770820200,6976.48,6993.48,6911.97,6941.46,3717000000,3717000000
1770906600,6957.54,6973.22,6824.04,6832.77,4429000000,4429000000
1770993000,6834.27,6881.96,6794.55,6836.18,3350000000,3350000000
1771338600,6819.86,6866.99,6775.5,6843.21,3168000000,3168000000
1771425000,6855.48,6909.12,6849.66,6881.32,3013000000,3013000000
1771511400,6861.34,6879.12,6833.06,6861.88,2830000000,2830000000
1771597800,6843.26,6915.86,6836.33,6909.52,3263000000,3263000000
1771857000,6901.25,6916.96,6819.82,6837.74,3176000000,3176000000
1771943400,6837.37,6899.17,6815.43,6890.06,3068000000,3068000000
1772029800,6915.15,6952.51,6915.15,6946.12,3158000000,3158000000
1772116200,6944.74,6947.25,6859.73,6908.87,3393000000,3393000000
1772202600,6856.54,6882.96,6831.74,6878.89,4294000000,4294000000
1772461800,6824.36,6901.01,6796.85,6881.63,3384000000,3384000000
1772548200,6800.26,6840.05,6710.42,6816.62,3462000000,3462000000
1772634600,6831.69,6885.94,6811.64,6869.49,3130000000,3130000000
1772721000,6851.08,6870.43,6770.78,6830.72,3605000000,3605000000
1772807400,6769.03,6773.42,6711.56,6740.01,3326000000,3326000000
1773063000,6699.8,6810.44,6636.04,6795.98,3658000000,3658000000
1773149400,6792.83,6845.08,6759.74,6781.49,3100000000,3100000000
1773235800,6790.09,6811.15,6745.59,6775.79,2892000000,2892000000
1773322200,6740.88,6740.88,6670.4,6672.61,3471000000,3471000000
1773408600,6673.49,6733.3,6623.92,6632.2,2927000000,2927000000
1773667800,6674.37,6729.79,6674.37,6699.37,3007000000,3007000000
1773754200,6722.35,6754.3,6710.8,6716.08,2845000000,2845000000
1773840600,6697.16,6705.18,6621.66,6624.71,2985000000,2985000000
1773927000,6583.12,6636.74,6557.82,6606.48,3226000000,3226000000
1774013400,6594.66,6594.66,6473.52,6506.49,6462000000,6462000000
1774272600,6574.96,6651.62,6565.55,6580.99,3328000000,3328000000
1774359000,6552.09,6595.75,6525.11,6556.36,3016000000,3016000000
1774445400,6598.35,6633.94,6568.41,6591.89,2903000000,2903000000
1774531800,6555.86,6573.22,6473.79,6477.17,2960000000,2960000000
1774618200,6453.89,6453.89,6356.08,6368.86,3115000000,3115000000
1774877400,6403.37,6427.31,6316.91,6343.73,3227000000,3227000000
1774963800,6395.88,6539.05,6395.88,6528.53,3745000000,3745000000
1775050200,6556.56,6609.67,6554.29,6575.33,3283000000,3283000000
1775136600,6512.61,6601.91,6474.94,6582.68,2681000000,2681000000
1775482200,6587.66,6618.13,6579.72,6611.82,2291000000,2291000000
1775568600,6601.93,6618.26,6534.55,6616.84,2692000000,2692000000
1775655000,6754.36,6793.5,6740.28,6782.82,3474000000,3474000000
1775741400,6783.69,6835.31,6761.55,6824.67,2895000000,2895000000
1775827800,6839.24,6845.77,6808.46,6816.9,2742000000,2742000000
1776087000,6806.47,6887,6790.02,6886.23,2830000000,2830000000
1776173400,6910.2,6969.42,6905.17,6967.39,2973000000,2973000000
1776259800,6978.17,7026.24,6967.13,7022.96,3031000000,3031000000
1776346200,7037.78,7051.23,7008.52,7041.29,2945000000,2945000000
1776432600,7074.55,7147.52,7074.55,7126.05,3584000000,3584000000
1776691800,7117.05,7122.65,7084.41,7109.13,2606000000,2606000000
1776778200,7122.64,7137.27,7050.2,7064.02,2923000000,2923000000
1776864600,7102.91,7138.64,7102.91,7137.89,2772000000,2772000000
1776951000,7118.8,7147.78,7046.55,7108.41,3197000000,3197000000
1777037400,7136.48,7168.59,7112.82,7165.07,3143000000,3143000000
1777296600,7152.72,7178.74,7146.72,7173.92,2982000000,2982000000
1777383000,7133.74,7152.52,7115.17,7138.81,2993000000,2993000000
1777469400,7131.61,7145.63,7107.86,7135.96,3213000000,3213000000
1777555800,7168.2,7219.83,7126.15,7209.02,3827000000,3827000000
1777642200,7234.54,7272.52,7229.32,7230.11,2864000000,2864000000
1777901400,7228.38,7244.54,7174.12,7200.76,2907000000,2907000000
1777987800,7233.62,7273.26,7233.62,7259.21,3134000000,3134000000
1778074200,7294.14,7369.22,7294.14,7365.11,3734000000,3734000000
1778160600,7376.78,7385.02,7321.25,7337.1,3492000000,3492000000
1778247000,7362.97,7401.5,7362.97,7398.92,3221000000,3221000000
1778506200,7385.31,7428.97,7384.2,7412.85,3348000000,3348000000
1778592600,7390.63,7409.57,7338.54,7400.97,3190000000,3190000000
1778679000,7409.12,7460.04,7375.13,7444.26,3191000000,3191000000
1778765400,7454.4,7517.12,7454.4,7501.25,2962000000,2962000000
1778851800,7445.11,7454.85,7397.5,7408.49,3246000000,3246000000
1779111000,7415.07,7434.06,7353.17,7403.04,3077000000,3077000000
1779197400,7375.75,7395.32,7333.68,7353.62,3118000000,3118000000
1779283800,7369.19,7435.69,7357.46,7432.96,3077000000,3077000000
1779370200,7410.78,7465.96,7389.48,7445.73,2896000000,2896000000
1779456600,7468.82,7506.32,7463.29,7473.48,2680000000,2680000000
1779802200,7511.79,7539.09,7501.1,7519.11,3027000000,3027000000
1779888600,7526.01,7530.72,7499.72,7520.37,3037000000,3037000000
1779975000,7519.82,7568.72,7508.04,7563.62,3115000000,3115000000
1780061400,7579.33,7599.38,7563.55,7580.05,5113000000,5113000000
1780320600,7582.29,7617.66,7562.61,7599.95,3578000000,3578000000
1780407000,7595.4,7620.9,7582.99,7609.77,3367000000,3367000000
1780493400,7605.31,7605.35,7551.22,7553.67,3377000000,3377000000