time,open,high,low,close,Volume
709306200,258.69499999999994,259.06499999999994,258.645,259.015,0
709392600,258.74499999999995,258.99499999999995,258.66499999999996,258.74499999999995,0
709479000,258.59499999999997,258.765,258.465,258.74499999999995,0
709565400,258.59499999999997,258.79499999999996,258.54499999999996,258.69499999999994,0
709824600,258.5949999999999,258.94499999999994,258.54499999999996,258.8949999999999,0
709911000,258.8949999999999,259.3449999999999,258.74499999999995,259.29499999999996,0
709997400,258.44499999999994,258.74499999999995,258.1449999999999,258.66499999999996,0
710083800,258.5949999999999,258.7149999999999,258.31499999999994,258.6449999999999,0
710429400,258.8949999999999,258.99499999999995,258.0949999999999,258.16499999999996,0
710515800,258.0949999999999,258.69499999999994,258.04499999999996,258.49499999999995,0
710602200,258.44499999999994,258.69499999999994,257.54499999999996,257.5949999999999,0
710688600,257.29499999999996,258.29499999999996,257.29499999999996,257.91499999999996,0
710775000,257.8449999999999,257.99499999999995,257.3949999999999,257.49499999999995,0
711034200,257.29499999999996,257.76499999999993,257.29499999999996,257.4649999999999,0
711120600,257.24499999999995,257.99499999999995,257.2149999999999,257.61499999999995,0
711207000,257.3449999999999,257.8949999999999,257.24499999999995,257.61499999999995,0
711293400,257.54499999999996,258.24499999999995,257.4649999999999,258.2149999999999,0
711379800,258.3449999999999,258.79499999999996,258.26499999999993,258.69499999999994,0
711639000,258.79499999999996,259.19499999999994,258.29499999999996,258.36499999999995,0
711725400,258.44499999999994,258.4649999999999,257.74499999999995,257.8449999999999,0
711811800,257.74499999999995,258.3949999999999,257.6449999999999,258.3449999999999,0
711898200,258.19499999999994,258.41499999999996,257.99499999999995,258.31499999999994,0
711984600,258.29499999999996,258.29499999999996,257.54499999999996,257.74499999999995,0
712243800,257.56499999999994,257.69499999999994,256.94499999999994,257.16499999999996,0
712330200,256.99499999999995,257.31499999999994,256.74499999999995,256.81499999999994,0
712416600,256.94499999999994,257.29499999999996,256.69499999999994,257.01499999999993,0
712503000,257.1449999999999,257.3449999999999,257.0949999999999,257.2149999999999,0
712589400,257.19499999999994,257.19499999999994,256.79499999999996,256.94499999999994,0
712848600,257.49499999999995,258.3949999999999,257.44499999999994,258.29499999999996,0
712935000,258.3949999999999,258.5949999999999,257.8949999999999,258.36499999999995,0
713021400,258.29499999999996,258.66499999999996,258.2149999999999,258.36499999999995,0
713107800,258.36499999999995,258.49499999999995,258.04499999999996,258.0949999999999,0
713194200,258.04499999999996,258.26499999999993,257.69499999999994,257.8449999999999,0
713453400,257.99499999999995,258.24499999999995,257.61499999999995,258.16499999999996,0
713539800,258.11499999999995,258.19499999999994,257.8449999999999,257.94499999999994,0
713626200,257.94499999999994,258.29499999999996,257.94499999999994,258.19499999999994,0
713712600,258.3449999999999,259.5949999999999,258.3449999999999,259.51499999999993,0
713799000,259.5949999999999,259.6449999999999,259.1449999999999,259.44499999999994,0
714058200,259.3449999999999,259.3449999999999,258.8449999999999,258.9649999999999,0
714144600,258.99499999999995,259.54499999999996,258.8949999999999,259.51499999999993,0
714231000,259.49499999999995,259.61499999999995,259.01499999999993,259.4649999999999,0
714317400,259.79499999999996,259.86499999999995,259.26499999999993,259.49499999999995,0
714403800,259.29499999999996,259.3449999999999,258.99499999999995,259.26499999999993,0
714663000,259.04499999999996,259.5949999999999,258.74499999999995,259.41499999999996,0
714749400,259.29499999999996,259.29499999999996,258.94499999999994,259.11499999999995,0
714835800,259.06499999999994,259.44499999999994,259.04499999999996,259.3949999999999,0
714922200,259.4649999999999,259.51499999999993,259.1449999999999,259.26499999999993,0
715008600,259.29499999999996,259.29499999999996,258.99499999999995,259.2149999999999,0
715267800,258.8949999999999,259.19499999999994,258.79499999999996,259.1449999999999,0
715354200,258.8449999999999,259.11499999999995,258.5949999999999,259.0949999999999,0
715440600,259.29499999999996,260.24499999999995,259.24499999999995,260.19499999999994,0
715527000,260.04499999999996,260.3949999999999,259.69499999999994,259.76499999999993,0
715613400,259.76499999999993,260.04499999999996,259.56499999999994,259.8949999999999,0
715959000,259.81499999999994,260.69499999999994,259.76499999999993,260.3449999999999,0
716045400,260.3949999999999,260.5949999999999,260.0949999999999,260.19499999999994,0
716131800,260.3949999999999,260.8949999999999,260.3949999999999,260.66499999999996,0
716218200,260.19499999999994,260.26499999999993,259.3949999999999,259.51499999999993,0
716477400,259.49499999999995,259.8949999999999,259.16499999999996,259.79499999999996,0
716563800,259.8949999999999,260.0949999999999,259.6449999999999,259.8449999999999,0
716650200,259.79499999999996,260.1449999999999,259.6449999999999,259.7149999999999,0
716736600,259.6449999999999,259.8449999999999,259.41499999999996,259.4649999999999,0
716823000,259.3449999999999,259.76499999999993,259.29499999999996,259.61499999999995,0
717082200,259.79499999999996,260.29499999999996,259.74499999999995,260.24499999999995,0
717168600,260.0949999999999,260.29499999999996,259.79499999999996,259.86499999999995,0
717255000,259.69499999999994,260.06499999999994,259.54499999999996,259.79499999999996,0
717341400,259.8949999999999,260.44499999999994,259.8949999999999,260.29499999999996,0
717427800,260.3949999999999,260.54499999999996,260.01499999999993,260.24499999999995,0
717687000,260.24499999999995,260.99499999999995,260.19499999999994,260.94499999999994,0
717773400,260.99499999999995,261.3449999999999,260.8449999999999,261.01499999999993,0
717859800,261.01499999999993,261.51499999999993,260.94499999999994,261.4149999999999,0
717946200,260.8449999999999,262.29499999999996,260.8449999999999,262.2149999999999,0
718032600,262.0949999999999,262.54499999999996,262.01499999999993,262.49499999999995,0
718291800,262.29499999999996,262.3449999999999,261.61499999999995,262.1449999999999,0
718378200,261.99499999999995,261.99499999999995,261.5949999999999,261.79499999999996,0
718464600,261.49499999999995,261.8449999999999,261.4649999999999,261.74499999999995,0
718551000,261.94499999999994,262.3949999999999,261.8449999999999,262.26499999999993,0
718637400,262.26499999999993,262.3449999999999,261.79499999999996,261.8449999999999,0
718896600,262.04499999999996,263.29499999999996,261.9649999999999,263.19499999999994,0
718983000,263.19499999999994,263.49499999999995,262.61499999999995,262.8949999999999,0
719069400,262.79499999999996,263.01499999999993,262.51499999999993,262.79499999999996,0
719155800,262.79499999999996,263.04499999999996,262.5949999999999,262.9649999999999,0
719242200,262.79499999999996,262.81499999999994,262.24499999999995,262.36499999999995,0
719501400,262.3949999999999,262.79499999999996,262.29499999999996,262.76499999999993,0
719587800,262.74499999999995,262.81499999999994,262.29499999999996,262.51499999999993,0
719674200,262.4649999999999,263.1649999999999,262.1449999999999,263.11499999999995,0
719760600,263.1449999999999,263.24499999999995,262.3449999999999,262.36499999999995,0
719847000,262.19499999999994,262.69499999999994,262.19499999999994,262.49499999999995,0
720109800,262.44499999999994,262.79499999999996,262.29499999999996,262.4649999999999,0
720196200,262.69499999999994,262.9149999999999,262.3449999999999,262.44499999999994,0
720282600,262.29499999999996,262.4149999999999,261.04499999999996,261.06499999999994,0
720369000,261.0949999999999,261.3449999999999,260.76499999999993,260.8949999999999,0
720455400,260.8449999999999,261.29499999999996,260.74499999999995,260.9649999999999,0
720714600,260.7149999999999,261.51499999999993,260.7149999999999,261.4149999999999,0
720801000,261.44499999999994,261.69499999999994,261.19499999999994,261.54499999999996,0
720887400,261.5949999999999,261.9649999999999,261.4149999999999,261.69499999999994,0
720973800,261.69499999999994,261.8449999999999,261.4649999999999,261.79499999999996,0
721060200,261.49499999999995,261.74499999999995,261.0949999999999,261.4149999999999,0
721319400,261.44499999999994,261.99499999999995,261.44499999999994,261.79499999999996,0
721405800,261.8949999999999,262.06499999999994,261.2149999999999,261.26499999999993,0
721492200,261.36499999999995,261.69499999999994,261.29499999999996,261.36499999999995,0
721578600,261.54499999999996,261.86499999999995,261.49499999999995,261.79499999999996,0
721665000,261.94499999999994,262.01499999999993,261.6649999999999,261.9649999999999,0
721924200,262.3449999999999,263.31499999999994,262.3449999999999,263.19499999999994,0
722010600,263.04499999999996,263.0949999999999,262.76499999999993,262.8949999999999,0
722097000,262.69499999999994,263.29499999999996,262.6449999999999,263.2149999999999,0
722183400,263.19499999999994,263.5949999999999,262.94499999999994,263.3949999999999,0
722269800,263.3949999999999,263.3949999999999,262.86499999999995,263.1449999999999,0
722529000,263.04499999999996,263.24499999999995,262.5949999999999,263.11499999999995,0
722615400,263.19499999999994,263.24499999999995,262.79499999999996,263.19499999999994,0
722701800,263.3449999999999,263.5949999999999,263.19499999999994,263.4149999999999,0
722874600,263.2949999999999,263.3449999999999,262.7949999999999,262.8949999999999,0
723133800,262.69499999999994,263.0949999999999,262.5449999999999,262.6149999999999,0
723220200,262.7449999999999,263.31499999999994,262.5949999999999,263.26499999999993,0
723306600,263.2449999999999,263.2949999999999,262.2449999999999,262.2949999999999,0
723393000,262.0949999999999,262.5449999999999,261.8449999999999,262.0949999999999,0
723479400,262.0949999999999,262.44499999999994,262.0949999999999,262.26499999999993,0
723738600,262.5449999999999,262.9149999999999,262.5449999999999,262.81499999999994,0
723825000,262.6449999999999,262.7949999999999,262.3949999999999,262.5449999999999,0
723911400,262.4949999999999,262.8949999999999,262.3949999999999,262.7949999999999,0
723997800,262.7949999999999,263.0949999999999,262.56499999999994,262.6649999999999,0
724084200,262.69499999999994,263.1449999999999,262.3949999999999,263.0449999999999,0
724343400,263.0949999999999,263.44499999999994,262.9949999999999,263.26499999999993,0
724429800,263.2449999999999,263.3949999999999,262.8449999999999,262.9949999999999,0
724516200,262.94499999999994,263.1149999999999,262.6449999999999,263.01499999999993,0
724602600,262.7449999999999,263.01499999999993,262.4649999999999,262.56499999999994,0
724689000,262.44499999999994,262.6449999999999,262.2449999999999,262.44499999999994,0
724948200,262.44499999999994,262.7449999999999,262.3949999999999,262.6449999999999,0
725034600,262.6449999999999,263.0449999999999,262.6449999999999,263.01499999999993,0
725121000,262.8449999999999,263.0449999999999,262.7149999999999,262.7949999999999,0
725207400,262.7449999999999,262.9649999999999,262.5949999999999,262.9149999999999,0
725553000,262.9149999999999,263.1449999999999,262.8449999999999,263.06499999999994,0
725639400,262.8949999999999,263.1449999999999,262.7449999999999,262.7949999999999,0
725725800,262.8449999999999,262.9149999999999,262.6649999999999,262.8449999999999,0
725812200,262.7449999999999,262.9649999999999,262.5449999999999,262.8649999999999,0
726157800,262.94499999999994,263.44499999999994,262.8449999999999,262.8949999999999,0
726244200,262.7449999999999,262.7449999999999,261.9949999999999,262.06499999999994,0
726330600,261.6449999999999,262.0949999999999,261.5449999999999,261.69499999999994,0
726417000,261.7449999999999,262.0949999999999,261.69499999999994,262.01499999999993,0
726503400,262.1149999999999,262.6149999999999,261.9949999999999,262.3949999999999,0
726762600,262.6149999999999,263.8949999999999,262.5949999999999,263.8949999999999,0
726849000,264.0449999999999,264.1449999999999,263.44499999999994,263.5949999999999,0
726935400,263.5449999999999,263.5449999999999,263.06499999999994,263.19499999999994,0
727021800,263.2449999999999,263.3949999999999,262.8649999999999,263.2449999999999,0
727108200,263.2449999999999,263.6449999999999,263.01499999999993,263.26499999999993,0
727367400,263.2449999999999,263.44499999999994,262.8949999999999,263.1149999999999,0
727453800,262.9949999999999,263.4149999999999,262.8949999999999,263.2949999999999,0
727540200,263.5449999999999,263.5949999999999,262.9149999999999,263.26499999999993,0
727626600,263.19499999999994,263.19499999999994,262.3949999999999,262.5449999999999,0
727713000,262.6449999999999,263.1449999999999,262.5949999999999,263.0949999999999,0
727972200,263.0949999999999,263.4149999999999,262.9149999999999,263.2449999999999,0
728058600,263.2149999999999,263.2449999999999,262.7949999999999,262.8949999999999,0
728145000,262.8449999999999,263.2949999999999,262.81499999999994,263.2449999999999,0
728231400,263.19499999999994,263.2449999999999,262.8949999999999,262.9149999999999,0
728317800,263.01499999999993,263.5449999999999,263.01499999999993,263.3949999999999,0
728577000,263.19499999999994,263.56499999999994,263.0449999999999,263.2949999999999,0
728663400,263.3949999999999,263.44499999999994,262.9649999999999,263.0449999999999,0
728749800,262.8949999999999,263.3649999999999,262.69499999999994,263.06499999999994,0
728836200,263.0949999999999,263.19499999999994,262.8449999999999,262.8949999999999,0
728922600,262.8949999999999,263.1149999999999,262.3449999999999,262.4149999999999,0
729181800,262.2949999999999,262.7949999999999,262.1449999999999,262.56499999999994,0
729268200,262.6449999999999,263.2449999999999,262.6449999999999,263.1449999999999,0
729354600,263.4949999999999,264.5449999999999,263.4949999999999,264.4149999999999,0
729441000,264.5949999999999,264.5949999999999,264.19499999999994,264.3949999999999,0
729527400,264.3949999999999,264.7449999999999,264.0449999999999,264.5949999999999,0
729873000,265.0949999999999,265.0949999999999,264.1449999999999,264.44499999999994,0
729959400,264.44499999999994,264.5949999999999,264.06499999999994,264.26499999999993,0
730045800,264.26499999999993,264.5449999999999,264.0949999999999,264.4149999999999,0
730132200,264.2949999999999,264.44499999999994,264.1449999999999,264.3449999999999,0
730391400,264.4149999999999,264.5949999999999,264.3449999999999,264.44499999999994,0
730477800,264.69499999999994,265.1449999999999,264.56499999999994,264.6149999999999,0
730564200,264.7449999999999,264.9649999999999,264.51499999999993,264.69499999999994,0
730650600,264.7449999999999,265.3449999999999,264.5949999999999,265.2149999999999,0
730737000,265.0949999999999,265.5949999999999,265.0449999999999,265.1149999999999,0
730996200,264.7949999999999,265.06499999999994,264.7149999999999,264.9949999999999,0
731082600,264.9149999999999,265.8449999999999,264.9149999999999,265.7149999999999,0
731169000,265.44499999999994,265.8449999999999,265.3449999999999,265.51499999999993,0
731255400,265.7949999999999,265.94499999999994,265.3949999999999,265.6649999999999,0
731341800,265.69499999999994,267.0449999999999,265.51499999999993,266.8449999999999,0
731601000,266.9149999999999,268.3449999999999,266.8649999999999,268.3449999999999,0
731687400,268.8449999999999,269.3949999999999,267.6449999999999,267.9649999999999,0
731773800,267.8949999999999,268.19499999999994,267.4949999999999,267.8449999999999,0
731860200,267.8949999999999,268.44499999999994,267.7449999999999,268.0449999999999,0
731946600,267.9949999999999,268.2949999999999,267.44499999999994,267.4949999999999,0
732205800,267.69499999999994,268.9949999999999,267.69499999999994,268.6649999999999,0
732292200,268.8949999999999,269.3649999999999,268.69499999999994,268.7949999999999,0
732378600,268.5949999999999,268.81499999999994,268.3949999999999,268.4649999999999,0
732465000,269.5949999999999,269.9649999999999,269.3949999999999,269.9649999999999,0
732551400,270.4649999999999,271.4649999999999,270.4649999999999,271.4649999999999,0
732810600,272.4949999999999,272.4949999999999,270.69499999999994,271.19499999999994,0
732897000,271.1449999999999,271.1449999999999,270.3949999999999,270.4149999999999,0
732983400,269.8949999999999,269.9649999999999,268.9949999999999,269.0449999999999,0
733069800,268.8949999999999,269.6449999999999,268.69499999999994,269.3449999999999,0
733156200,269.44499999999994,270.7949999999999,269.2449999999999,270.19499999999994,0
733415400,268.69499999999994,269.32499999999993,268.69499999999994,268.7449999999999,0
733501800,269.0249999999999,269.32499999999993,268.5449999999999,268.94499999999994,0
733588200,269.2449999999999,270.44499999999994,269.2449999999999,270.44499999999994,0
733674600,270.5249999999999,270.9949999999999,270.07499999999993,270.2449999999999,0
733761000,269.9749999999999,270.19499999999994,269.0249999999999,269.1449999999999,0
734016600,268.9249999999999,268.9249999999999,267.6449999999999,267.6449999999999,0
734103000,267.6249999999999,268.2749999999999,267.19499999999994,268.2249999999999,0
734189400,268.4749999999999,268.4749999999999,267.2749999999999,267.3449999999999,0
734275800,267.4249999999999,267.69499999999994,267.0249999999999,267.5249999999999,0
734621400,267.57499999999993,268.0949999999999,267.5249999999999,267.9749999999999,0
734707800,267.9749999999999,268.19499999999994,267.5249999999999,267.9249999999999,0
734794200,267.4249999999999,268.82499999999993,267.4249999999999,268.4249999999999,0
734880600,268.3749999999999,268.69499999999994,267.6749999999999,267.7249999999999,0
734967000,267.57499999999993,267.7249999999999,266.2249999999999,266.2249999999999,0
735226200,265.4249999999999,266.4749999999999,265.3749999999999,266.44499999999994,0
735312600,266.57499999999993,266.7949999999999,266.1249999999999,266.3449999999999,0
735399000,266.32499999999993,266.7249999999999,266.0949999999999,266.4949999999999,0
735485400,266.9249999999999,267.07499999999993,266.32499999999993,266.3949999999999,0
735571800,266.3949999999999,266.3949999999999,265.2249999999999,265.32499999999993,0
735831000,265.5249999999999,266.2449999999999,265.5249999999999,265.9949999999999,0
735917400,265.9749999999999,266.44499999999994,265.6749999999999,266.2749999999999,0
736003800,266.2249999999999,266.5249999999999,265.9249999999999,266.1249999999999,0
736090200,266.0249999999999,266.57499999999993,265.82499999999993,266.5249999999999,0
736176600,266.2249999999999,266.2249999999999,265.5249999999999,265.57499999999993,0
736435800,265.57499999999993,267.07499999999993,265.5249999999999,266.82499999999993,0
736522200,267.5249999999999,267.5249999999999,266.32499999999993,266.7749999999999,0
736608600,266.7749999999999,266.8749999999999,266.2749999999999,266.2949999999999,0
736695000,266.1249999999999,266.5949999999999,266.07499999999993,266.4949999999999,0
736781400,266.2249999999999,266.6249999999999,266.2249999999999,266.3949999999999,0
737040600,266.57499999999993,266.6749999999999,264.8949999999999,264.8949999999999,0
737127000,264.8749999999999,265.44499999999994,264.6749999999999,265.1749999999999,0
737213400,265.2249999999999,265.69499999999994,265.2249999999999,265.5449999999999,0
737299800,265.57499999999993,265.9249999999999,265.44499999999994,265.7449999999999,0
737386200,265.8749999999999,266.32499999999993,265.69499999999994,266.1249999999999,0
737645400,266.2249999999999,266.4749999999999,266.0449999999999,266.1749999999999,0
737731800,265.9749999999999,266.07499999999993,265.69499999999994,265.8949999999999,0
737818200,265.82499999999993,266.4249999999999,265.82499999999993,266.2749999999999,0
737904600,266.32499999999993,267.5249999999999,266.2749999999999,267.4949999999999,0
737991000,267.6249999999999,267.69499999999994,267.0249999999999,267.07499999999993,0
738250200,266.82499999999993,267.32499999999993,266.82499999999993,267.0949999999999,0
738336600,267.2749999999999,267.57499999999993,266.9249999999999,267.2449999999999,0
738423000,267.4249999999999,267.57499999999993,266.82499999999993,267.0249999999999,0
738509400,267.0049999999999,267.1549999999999,265.6249999999999,265.9049999999999,0
738595800,265.9049999999999,265.9049999999999,264.8549999999999,265.0049999999999,0
738941400,265.0049999999999,265.2049999999999,264.4549999999999,264.6249999999999,0
739027800,264.6249999999999,264.8549999999999,264.4749999999999,264.6549999999999,0
739114200,264.8549999999999,264.9249999999999,264.2049999999999,264.2549999999999,0
739200600,264.1549999999999,264.7249999999999,264.0049999999999,264.6049999999999,0
739459800,264.6049999999999,265.4549999999999,264.6049999999999,265.2049999999999,0
739546200,265.2049999999999,265.4249999999999,264.6049999999999,264.6249999999999,0
739632600,264.7049999999999,265.2049999999999,264.4549999999999,264.9049999999999,0
739719000,264.9049999999999,265.0549999999999,263.8049999999999,264.0049999999999,0
739805400,263.9549999999999,264.2549999999999,263.2549999999999,263.32499999999993,0
740064600,263.4549999999999,264.32499999999993,263.3549999999999,263.9049999999999,0
740151000,263.8049999999999,263.8049999999999,263.0549999999999,263.2749999999999,0
740237400,263.2749999999999,263.57499999999993,263.0049999999999,263.2249999999999,0
740323800,263.4549999999999,263.9549999999999,263.4049999999999,263.6549999999999,0
740410200,264.0049999999999,264.2549999999999,263.7049999999999,263.7249999999999,0
740669400,264.1549999999999,264.2049999999999,263.7549999999999,264.0549999999999,0
740755800,264.2549999999999,264.4049999999999,263.4549999999999,263.5249999999999,0
740842200,263.3549999999999,264.3749999999999,263.3549999999999,264.32499999999993,0
740928600,264.3049999999999,264.6049999999999,264.1049999999999,264.3749999999999,0
741015000,264.1049999999999,264.1049999999999,263.1749999999999,263.6749999999999,0
741274200,263.6549999999999,263.7749999999999,263.4049999999999,263.5549999999999,0
741360600,263.3549999999999,263.5549999999999,262.5049999999999,262.7249999999999,0
741447000,262.7049999999999,263.2049999999999,262.5549999999999,262.7549999999999,0
741533400,264.2549999999999,264.2549999999999,264.2549999999999,264.2549999999999,0
741619800,264.7549999999999,265.7049999999999,263.9549999999999,265.6549999999999,0
741879000,265.7049999999999,265.8049999999999,265.7049999999999,265.8049999999999,0
741965400,266.5549999999999,266.5549999999999,265.5249999999999,265.7749999999999,0
742051800,265.6049999999999,266.1049999999999,265.5049999999999,265.8049999999999,0
742138200,265.6549999999999,265.7549999999999,265.1749999999999,265.3549999999999,0
742224600,264.9549999999999,265.32499999999993,264.5049999999999,265.07499999999993,0
742483800,265.2049999999999,265.5549999999999,264.7749999999999,265.32499999999993,0
742570200,265.5049999999999,265.6749999999999,265.0249999999999,265.07499999999993,0
742656600,265.07499999999993,265.2749999999999,264.6249999999999,264.7249999999999,0
742743000,264.6049999999999,264.7249999999999,264.1249999999999,264.4049999999999,0
742829400,264.4049999999999,264.7749999999999,264.1549999999999,264.32499999999993,0
743088600,264.5049999999999,265.5549999999999,264.4549999999999,265.0049999999999,0
743175000,264.9049999999999,265.0049999999999,264.2749999999999,264.4549999999999,0
743261400,264.4049999999999,265.0549999999999,264.4049999999999,264.82499999999993,0
743347800,264.8549999999999,265.4549999999999,264.7549999999999,265.3549999999999,0
743434200,265.3549999999999,266.0549999999999,265.3049999999999,265.9749999999999,0
743693400,266.1549999999999,266.2549999999999,265.4049999999999,265.5549999999999,0
743779800,265.7549999999999,266.0549999999999,265.3549999999999,265.8549999999999,0
743866200,265.7049999999999,265.7549999999999,265.2549999999999,265.6749999999999,0
743952600,265.8049999999999,266.5049999999999,265.7049999999999,266.4749999999999,0
744039000,266.5049999999999,266.6549999999999,266.1749999999999,266.32499999999993,0
744298200,266.2549999999999,267.3049999999999,266.2049999999999,266.8549999999999,0
744384600,266.9549999999999,267.07499999999993,266.4049999999999,267.0249999999999,0
744471000,266.9049999999999,267.0049999999999,266.3549999999999,266.9549999999999,0
744557400,266.8549999999999,266.9549999999999,266.5249999999999,266.9049999999999,0
744643800,266.9049999999999,267.7549999999999,266.7549999999999,267.7049999999999,0
744903000,267.6049999999999,267.6049999999999,266.2049999999999,266.2049999999999,0
744989400,266.0049999999999,266.2549999999999,265.0049999999999,265.4249999999999,0
745075800,265.4549999999999,266.0049999999999,265.4049999999999,265.5249999999999,0
745162200,265.5249999999999,266.1749999999999,265.2549999999999,266.1549999999999,0
745248600,266.1549999999999,266.4049999999999,265.9049999999999,266.1049999999999,0
745507800,266.2049999999999,266.2549999999999,265.6749999999999,265.8749999999999,0
745594200,265.9549999999999,266.2549999999999,265.4549999999999,266.1749999999999,0
745680600,266.0549999999999,266.7249999999999,265.8049999999999,266.7049999999999,0
745767000,266.7049999999999,266.8549999999999,266.4549999999999,266.5249999999999,0
745853400,266.9049999999999,266.9049999999999,266.2249999999999,266.3749999999999,0
746112600,266.3049999999999,266.3049999999999,265.8549999999999,265.9749999999999,0
746199000,265.82499999999993,266.1549999999999,265.6549999999999,266.0249999999999,0
746285400,266.0049999999999,266.6049999999999,265.7249999999999,266.57499999999993,0
746371800,266.9049999999999,267.7249999999999,266.82499999999993,267.6249999999999,0
746458200,267.6049999999999,267.9549999999999,267.3549999999999,267.8049999999999,0
746717400,267.8549999999999,268.0249999999999,267.3549999999999,267.4049999999999,0
746803800,267.4049999999999,267.8749999999999,267.1049999999999,267.7749999999999,0
746890200,267.57499999999993,267.7549999999999,267.3049999999999,267.6049999999999,0
746976600,267.6549999999999,267.82499999999993,267.4249999999999,267.7249999999999,0
747063000,267.7549999999999,268.8549999999999,267.7549999999999,268.82499999999993,0
747408600,268.5049999999999,268.9549999999999,268.3049999999999,268.4749999999999,0
747495000,268.5049999999999,269.9049999999999,268.4749999999999,269.3749999999999,0
747581400,269.3749999999999,269.7049999999999,268.8549999999999,269.2249999999999,0
747667800,269.2549999999999,269.6549999999999,269.0549999999999,269.2749999999999,0
747927000,269.2749999999999,270.7549999999999,269.1549999999999,270.5249999999999,0
748013400,270.6049999999999,270.6049999999999,269.9549999999999,270.3049999999999,0
748099800,270.0049999999999,270.1049999999999,269.2549999999999,269.4749999999999,0
748186200,269.4749999999999,270.4549999999999,269.32499999999993,270.32499999999993,0
748272600,270.1549999999999,270.4549999999999,269.8549999999999,270.1249999999999,0
748531800,269.7049999999999,269.9749999999999,269.2549999999999,269.8749999999999,0
748618200,269.7049999999999,269.7749999999999,268.6049999999999,269.0049999999999,0
748704600,268.7549999999999,269.4549999999999,268.7049999999999,268.9749999999999,0
748791000,269.0049999999999,269.6049999999999,268.4049999999999,269.5549999999999,0
748877400,269.5549999999999,269.6049999999999,268.7749999999999,268.82499999999993,0
749136600,267.9249999999999,268.27499999999986,267.7249999999999,267.9249999999999,0
749223000,267.6249999999999,268.0749999999999,267.5749999999999,267.7449999999999,0
749309400,267.7449999999999,268.4749999999999,267.6949999999999,268.1249999999999,0
749395800,268.1749999999999,268.6749999999999,268.1749999999999,268.27499999999986,0
749482200,269.77499999999986,269.77499999999986,269.77499999999986,269.77499999999986,0
749741400,271.27499999999986,271.27499999999986,270.9749999999999,271.27499999999986,0
749827800,271.6749999999999,271.9249999999999,271.3749999999999,271.6749999999999,0
749914200,271.3749999999999,271.6249999999999,271.02499999999986,271.0949999999999,0
750000600,271.0749999999999,271.3749999999999,270.89499999999987,271.3449999999999,0
750087000,271.1249999999999,271.77499999999986,270.9749999999999,271.6749999999999,0
750346200,271.27499999999986,271.5749999999999,271.1249999999999,271.39499999999987,0
750432600,271.4749999999999,272.3749999999999,271.0749999999999,272.3449999999999,0
750519000,272.0749999999999,272.0749999999999,271.1249999999999,271.2449999999999,0
750605400,270.8749999999999,271.1249999999999,270.5449999999999,270.89499999999987,0
750691800,270.8249999999999,270.8249999999999,270.3749999999999,270.4249999999999,0
750951000,270.27499999999986,271.0449999999999,270.1749999999999,270.8249999999999,0
751037400,270.8749999999999,270.9249999999999,270.4449999999999,270.52499999999986,0
751123800,270.5749999999999,271.1249999999999,269.5749999999999,269.8749999999999,0
751210200,269.77499999999986,269.9449999999999,269.4249999999999,269.8449999999999,0
751296600,269.5749999999999,269.7249999999999,268.77499999999986,269.14499999999987,0
751555800,269.1749999999999,269.6249999999999,268.8249999999999,269.0449999999999,0
751642200,269.27499999999986,269.3749999999999,268.6949999999999,268.8449999999999,0
751728600,268.8449999999999,269.2949999999999,268.6949999999999,268.9749999999999,0
751815000,268.8749999999999,269.3449999999999,268.7249999999999,269.02499999999986,0
751901400,269.52499999999986,269.9749999999999,269.4249999999999,269.9249999999999,0
752164200,270.0749999999999,270.2249999999999,269.9249999999999,270.0949999999999,0
752250600,270.2249999999999,270.2249999999999,269.4749999999999,269.5949999999999,0
752337000,269.27499999999986,269.4749999999999,268.0949999999999,268.0949999999999,0
752423400,267.8749999999999,268.3749999999999,267.6249999999999,267.7449999999999,0
752509800,267.9249999999999,268.2449999999999,267.8749999999999,268.0749999999999,0
752769000,267.9749999999999,268.5949999999999,267.9749999999999,268.0749999999999,0
752855400,268.02499999999986,268.2949999999999,267.27499999999986,267.4449999999999,0
752941800,267.27499999999986,267.6749999999999,266.7249999999999,267.0449999999999,0
753028200,267.1749999999999,267.4949999999999,267.14499999999987,267.4449999999999,0
753114600,267.4749999999999,267.8749999999999,267.4749999999999,267.64499999999987,0
753373800,267.8749999999999,267.9749999999999,267.39499999999987,267.4949999999999,0
753460200,267.1249999999999,267.1749999999999,266.4949999999999,266.64499999999987,0
753546600,266.3749999999999,266.6949999999999,266.0449999999999,266.4249999999999,0
753633000,266.27499999999986,266.9449999999999,266.2449999999999,266.64499999999987,0
753719400,266.5749999999999,266.6249999999999,265.77499999999986,266.2249999999999,0
753978600,266.3249999999999,266.8449999999999,266.2249999999999,266.77499999999986,0
754065000,266.5749999999999,266.64499999999987,266.1249999999999,266.14499999999987,0
754151400,266.4249999999999,266.77499999999986,266.27499999999986,266.5749999999999,0
754324200,266.90499999999986,267.0549999999999,266.3049999999999,266.40499999999986,0
754583400,266.5549999999999,266.70499999999987,266.15499999999986,266.27499999999986,0
754669800,266.1049999999999,266.15499999999986,265.40499999999986,265.5749999999999,0
754756200,265.5549999999999,266.1049999999999,265.3549999999999,265.97499999999985,0
754842600,265.90499999999986,265.95499999999987,265.4249999999999,265.6049999999999,0
754929000,265.8049999999999,265.8549999999999,265.1249999999999,265.5049999999999,0
755188200,265.5549999999999,266.0049999999999,265.40499999999986,265.72499999999985,0
755274600,265.8049999999999,265.97499999999985,265.5049999999999,265.9249999999999,0
755361000,266.0049999999999,266.22499999999985,265.65499999999986,265.8749999999999,0
755447400,265.7549999999999,265.7549999999999,265.1749999999999,265.45499999999987,0
755533800,265.27499999999986,265.72499999999985,265.2549999999999,265.6749999999999,0
755793000,265.90499999999986,266.02499999999986,265.52499999999986,265.8249999999999,0
755879400,265.8549999999999,266.2549999999999,265.40499999999986,265.5749999999999,0
755965800,265.2549999999999,265.5549999999999,264.97499999999985,265.45499999999987,0
756052200,265.2549999999999,265.3049999999999,264.7549999999999,264.8749999999999,0
756138600,264.90499999999986,265.27499999999986,264.8549999999999,265.1249999999999,0
756397800,265.0549999999999,265.3549999999999,264.90499999999986,265.0049999999999,0
756484200,264.90499999999986,265.1049999999999,264.8049999999999,264.90499999999986,0
756570600,264.6049999999999,264.6049999999999,264.1049999999999,264.15499999999986,0
756657000,264.3549999999999,264.5049999999999,264.2549999999999,264.40499999999986,0
757002600,264.40499999999986,264.7549999999999,264.3749999999999,264.6049999999999,0
757089000,264.70499999999987,264.70499999999987,263.8249999999999,263.95499999999987,0
757175400,263.90499999999986,264.27499999999986,263.72499999999985,263.95499999999987,0
757261800,264.0049999999999,264.5049999999999,263.8249999999999,264.3549999999999,0
757348200,264.3549999999999,264.5549999999999,264.3049999999999,264.45499999999987,0
757607400,264.65499999999986,264.70499999999987,264.1049999999999,264.3249999999999,0
757693800,264.40499999999986,265.0549999999999,264.3549999999999,264.77499999999986,0
757780200,264.77499999999986,264.95499999999987,264.3749999999999,264.77499999999986,0
757866600,264.70499999999987,265.8049999999999,264.6049999999999,265.7549999999999,0
757953000,265.8549999999999,266.1049999999999,265.45499999999987,265.8049999999999,0
758212200,265.8549999999999,266.0749999999999,265.45499999999987,265.47499999999985,0
758298600,265.70499999999987,266.3049999999999,265.6049999999999,266.27499999999986,0
758385000,266.3049999999999,266.3749999999999,265.95499999999987,266.1749999999999,0
758471400,266.20499999999987,266.3249999999999,265.8549999999999,266.20499999999987,0
758557800,266.20499999999987,267.02499999999986,266.1749999999999,266.97499999999985,0
758817000,267.40499999999986,267.8249999999999,267.3049999999999,267.6249999999999,0
758903400,267.6249999999999,267.6249999999999,266.8549999999999,266.8749999999999,0
758989800,266.8049999999999,266.90499999999986,266.47499999999985,266.65499999999986,0
759076200,266.6049999999999,266.9249999999999,266.40499999999986,266.5549999999999,0
759162600,266.5549999999999,267.0549999999999,266.5049999999999,267.02499999999986,0
759421800,266.7549999999999,267.3249999999999,266.65499999999986,267.1249999999999,0
759508200,267.2549999999999,268.40499999999986,267.2549999999999,268.0749999999999,0
759594600,268.1049999999999,268.40499999999986,267.8549999999999,267.9249999999999,0
759681000,267.8749999999999,268.0749999999999,267.6249999999999,267.7549999999999,0
759767400,267.90499999999986,269.2549999999999,267.8049999999999,268.5549999999999,0
760026600,268.8549999999999,269.6749999999999,268.4749999999999,269.45499999999987,0
760113000,269.40499999999986,269.45499999999987,268.8249999999999,268.95499999999987,0
760199400,269.0549999999999,269.6049999999999,268.5549999999999,269.40499999999986,0
760285800,268.8549999999999,269.1749999999999,268.5549999999999,268.77499999999986,0
760372200,268.7549999999999,269.0549999999999,268.0049999999999,268.27499999999986,0
760631400,268.3049999999999,268.6049999999999,268.2549999999999,268.4749999999999,0
760717800,268.45499999999987,268.5049999999999,267.7549999999999,267.8049999999999,0
760804200,267.7549999999999,268.0049999999999,267.2549999999999,267.27499999999986,0
760890600,267.3549999999999,267.4749999999999,267.02499999999986,267.3249999999999,0
760977000,267.3249999999999,267.6049999999999,266.9249999999999,267.2549999999999,0
761236200,267.20499999999987,267.6249999999999,267.1049999999999,267.40499999999986,0
761322600,267.7549999999999,268.0049999999999,267.5549999999999,267.9249999999999,0
761409000,267.90499999999986,268.0749999999999,267.65499999999986,268.02499999999986,0
761495400,268.0049999999999,268.02499999999986,267.0549999999999,267.1049999999999,0
761581800,267.0049999999999,267.20499999999987,266.70499999999987,267.0749999999999,0
761927400,267.2549999999999,267.95499999999987,267.15499999999986,267.90499999999986,0
762013800,267.7249999999999,267.95499999999987,267.20499999999987,267.3049999999999,0
762100200,267.20499999999987,267.8049999999999,267.1749999999999,267.65499999999986,0
762186600,267.90499999999986,268.0549999999999,267.52499999999986,267.6249999999999,0
762445800,267.45499999999987,267.45499999999987,267.0549999999999,267.2549999999999,0
762532200,266.95499999999987,266.9749999999999,266.65499999999986,266.7249999999999,0
762618600,266.65499999999986,266.7249999999999,265.8749999999999,265.9749999999999,0
762705000,266.1049999999999,266.3049999999999,266.0049999999999,266.0749999999999,0
762791400,266.2549999999999,266.5749999999999,266.2549999999999,266.4249999999999,0
763050600,266.40499999999986,266.4249999999999,266.0549999999999,266.20499999999987,0
763137000,266.3049999999999,266.70499999999987,266.27499999999986,266.5749999999999,0
763223400,266.7549999999999,266.8549999999999,266.1749999999999,266.2249999999999,0
763309800,266.2249999999999,266.3549999999999,265.8049999999999,265.8749999999999,0
763396200,265.45499999999987,265.6249999999999,264.3749999999999,264.40499999999986,0
763655400,264.3749999999999,264.8549999999999,264.3549999999999,264.6749999999999,0
763741800,264.7549999999999,265.0049999999999,264.45499999999987,264.5049999999999,0
763828200,264.5049999999999,264.9249999999999,264.4749999999999,264.7249999999999,0
763914600,264.52499999999986,264.6049999999999,264.1049999999999,264.2549999999999,0
764001000,264.15499999999986,264.65499999999986,264.1249999999999,264.6049999999999,0
764260200,264.4249999999999,264.8749999999999,264.3549999999999,264.6249999999999,0
764346600,264.5749999999999,264.8049999999999,264.5049999999999,264.70499999999987,0
764433000,264.8549999999999,265.1049999999999,264.6249999999999,265.02499999999986,0
764519400,264.8549999999999,265.0049999999999,264.70499999999987,264.8749999999999,0
764605800,264.8749999999999,265.15499999999986,264.8749999999999,265.1049999999999,0
764865000,263.9849999999999,264.20499999999987,263.8549999999999,264.0049999999999,0
764951400,263.9849999999999,264.3049999999999,263.6549999999999,263.70499999999987,0
765037800,263.5849999999999,263.6349999999999,262.9849999999999,263.0849999999999,0
765124200,263.4849999999999,263.6849999999999,263.2349999999999,263.4349999999999,0
765466200,263.7349999999999,264.0549999999999,263.5349999999999,263.8049999999999,0
765552600,263.8849999999999,263.9849999999999,263.3349999999999,263.4049999999999,0
765639000,263.0849999999999,263.3049999999999,262.8849999999999,263.0349999999999,0
765725400,262.9849999999999,263.4349999999999,262.8349999999999,263.0549999999999,0
765811800,262.9349999999999,262.9849999999999,262.3349999999999,262.45499999999987,0
766071000,262.4049999999999,262.7549999999999,262.3849999999999,262.5549999999999,0
766157400,263.1849999999999,263.2849999999999,262.95499999999987,262.9849999999999,0
766243800,262.8349999999999,262.9849999999999,262.1349999999999,262.2549999999999,0
766330200,261.8849999999999,262.6349999999999,261.8849999999999,262.5049999999999,0
766416600,262.5049999999999,263.1849999999999,262.4349999999999,263.1349999999999,0
766675800,263.3849999999999,263.7849999999999,263.1849999999999,263.7349999999999,0
766762200,263.5349999999999,263.8849999999999,263.20499999999987,263.3849999999999,0
766848600,263.20499999999987,263.5549999999999,262.9849999999999,263.0849999999999,0
766935000,262.8849999999999,263.1849999999999,262.7349999999999,263.1049999999999,0
767021400,263.0849999999999,263.4849999999999,263.0349999999999,263.4049999999999,0
767280600,263.5049999999999,263.5349999999999,262.8849999999999,263.0349999999999,0
767367000,262.7349999999999,262.7349999999999,261.5549999999999,261.6049999999999,0
767539800,261.4849999999999,261.8349999999999,261.20499999999987,261.3349999999999,0
767626200,261.8349999999999,262.0049999999999,261.70499999999987,261.8049999999999,0
767885400,261.5849999999999,261.6849999999999,260.9349999999999,261.0549999999999,0
767971800,261.0849999999999,261.6849999999999,261.0049999999999,261.6349999999999,0
768058200,261.4849999999999,261.5849999999999,260.1349999999999,260.3349999999999,0
768144600,260.2349999999999,260.2849999999999,259.1849999999999,259.5349999999999,0
768231000,259.0849999999999,259.2349999999999,258.6849999999999,259.0549999999999,0
768490200,259.4349999999999,260.2849999999999,259.2549999999999,259.9349999999999,0
768576600,260.0349999999999,260.0849999999999,259.3849999999999,259.5349999999999,0
768663000,259.7349999999999,260.45499999999987,259.7349999999999,260.3049999999999,0
768749400,260.4349999999999,260.7349999999999,260.2349999999999,260.3849999999999,0
768835800,260.45499999999987,260.5049999999999,259.4349999999999,260.2549999999999,0
769095000,260.2349999999999,261.2849999999999,260.1049999999999,261.20499999999987,0
769181400,261.1349999999999,261.1349999999999,260.6049999999999,261.0349999999999,0
769267800,260.8349999999999,260.8849999999999,259.5849999999999,259.6849999999999,0
769354200,259.5849999999999,259.9349999999999,259.1349999999999,259.7549999999999,0
769440600,259.9849999999999,260.2349999999999,258.2549999999999,259.6549999999999,0
769699800,259.6549999999999,260.5049999999999,259.0849999999999,260.1849999999999,0
769786200,260.0549999999999,260.0549999999999,258.7349999999999,258.8049999999999,0
769872600,258.1849999999999,258.7849999999999,257.4849999999999,257.6349999999999,0
769959000,257.5349999999999,258.5349999999999,257.3849999999999,258.0049999999999,0
770045400,258.1349999999999,258.5349999999999,257.8349999999999,258.0849999999999,0
770391000,258.3849999999999,258.8849999999999,257.8549999999999,257.9549999999999,0
770477400,258.0849999999999,258.1849999999999,257.4349999999999,257.6849999999999,0
770563800,257.4349999999999,257.5349999999999,256.9849999999999,257.4849999999999,0
770650200,257.4349999999999,257.4849999999999,256.6349999999999,256.6849999999999,0
770909400,257.0349999999999,258.1349999999999,257.0349999999999,258.0849999999999,0
770995800,258.2349999999999,258.2349999999999,257.4049999999999,257.6349999999999,0
771082200,257.3349999999999,257.3349999999999,256.7849999999999,257.0849999999999,0
771168600,257.1349999999999,257.6849999999999,257.0849999999999,257.3849999999999,0
771255000,257.4349999999999,258.3849999999999,257.3849999999999,258.1049999999999,0
771514200,258.3349999999999,259.2849999999999,258.1849999999999,259.0349999999999,0
771600600,258.7849999999999,258.8349999999999,258.1849999999999,258.6049999999999,0
771687000,258.4349999999999,259.2849999999999,258.3849999999999,259.1049999999999,0
771773400,259.3349999999999,259.7349999999999,258.9049999999999,259.6049999999999,0
771859800,259.6849999999999,259.7849999999999,259.1349999999999,259.6549999999999,0
772119000,259.6549999999999,259.8349999999999,258.7849999999999,259.2049999999999,0
772205400,258.9349999999999,258.9349999999999,258.2349999999999,258.6349999999999,0
772291800,258.4549999999999,258.6849999999999,257.4849999999999,257.6849999999999,0
772378200,256.7349999999999,257.2849999999999,256.5349999999999,257.0349999999999,0
772464600,257.0849999999999,257.8549999999999,257.0849999999999,257.7849999999999,0
772723800,257.7849999999999,257.88499999999993,256.8349999999999,257.0349999999999,0
772810200,256.88499999999993,257.6049999999999,256.5849999999999,257.1849999999999,0
772896600,257.1849999999999,257.4849999999999,256.8349999999999,257.2549999999999,0
772983000,257.1049999999999,257.6849999999999,257.0349999999999,257.13499999999993,0
773069400,255.6349999999999,255.6349999999999,255.6349999999999,255.6349999999999,0
773415000,255.6349999999999,255.7349999999999,254.33499999999992,254.43499999999992,0
773501400,254.2849999999999,255.05499999999992,254.2349999999999,254.65499999999992,0
773587800,254.9849999999999,255.58499999999992,254.7849999999999,255.33499999999992,0
773674200,255.43499999999992,255.58499999999992,255.15499999999992,255.3849999999999,0
773933400,255.5349999999999,256.38499999999993,255.5349999999999,256.3049999999999,0
774019800,256.0849999999999,256.38499999999993,255.80499999999992,256.0349999999999,0
774106200,255.8849999999999,256.38499999999993,255.33499999999992,256.3349999999999,0
774192600,256.0849999999999,256.88499999999993,255.7849999999999,256.5849999999999,0
774279000,256.5849999999999,256.88499999999993,256.1849999999999,256.3549999999999,0
774538200,256.1549999999999,256.5849999999999,255.95499999999993,256.2849999999999,0
774624600,256.2049999999999,256.8349999999999,256.2049999999999,256.5549999999999,0
774711000,256.5349999999999,256.7849999999999,256.2849999999999,256.4849999999999,0
774797400,256.5349999999999,257.2849999999999,256.5349999999999,257.1849999999999,0
774883800,257.13499999999993,257.8049999999999,257.13499999999993,257.5849999999999,0
775143000,257.5849999999999,257.9849999999999,256.88499999999993,257.88499999999993,0
775229400,257.8349999999999,258.1849999999999,257.5349999999999,258.1549999999999,0
775315800,257.7849999999999,257.9549999999999,257.5549999999999,257.88499999999993,0
775402200,257.9149999999999,258.4649999999999,257.5149999999999,258.2349999999999,0
775488600,258.6149999999999,258.7649999999999,258.2649999999999,258.5849999999999,0
775747800,258.5649999999999,258.5849999999999,258.1149999999999,258.3349999999999,0
775834200,258.2649999999999,258.2649999999999,257.3149999999999,257.5649999999999,0
775920600,257.4649999999999,257.5349999999999,256.4649999999999,256.7349999999999,0
776007000,256.7649999999999,257.8149999999999,256.7649999999999,257.7149999999999,0
776093400,257.9649999999999,258.3649999999999,257.9649999999999,258.2349999999999,0
776352600,258.4649999999999,258.5649999999999,257.8649999999999,258.5149999999999,0
776439000,258.1649999999999,258.4649999999999,257.7349999999999,257.8349999999999,0
776525400,257.7849999999999,258.1149999999999,257.5349999999999,257.6149999999999,0
776611800,257.8149999999999,258.0149999999999,257.6149999999999,257.7149999999999,0
776698200,257.7649999999999,257.8849999999999,257.1849999999999,257.2349999999999,0
776957400,257.2649999999999,257.2649999999999,256.5149999999999,256.5849999999999,0
777043800,256.2649999999999,256.4849999999999,256.0149999999999,256.2649999999999,0
777130200,256.4149999999999,256.9649999999999,256.4149999999999,256.5349999999999,0
777216600,256.7649999999999,256.8849999999999,255.6849999999999,256.1149999999999,0
777303000,256.1649999999999,256.1649999999999,255.3349999999999,255.4349999999999,0
777562200,255.4149999999999,255.81499999999988,255.2649999999999,255.5849999999999,0
777648600,255.6649999999999,255.7649999999999,255.3649999999999,255.56499999999988,0
777735000,255.71499999999992,256.1649999999999,255.6349999999999,256.0649999999999,0
777821400,256.0649999999999,256.0649999999999,255.6649999999999,255.6849999999999,0
777907800,255.46499999999992,255.46499999999992,254.96499999999992,255.0149999999999,0
778167000,254.9149999999999,255.31499999999988,254.8649999999999,255.1849999999999,0
778253400,255.2649999999999,255.7649999999999,255.0149999999999,255.6849999999999,0
778339800,255.46499999999992,255.6149999999999,254.6649999999999,254.8349999999999,0
778426200,254.81499999999988,255.1149999999999,254.56499999999988,255.06499999999988,0
778512600,254.96499999999992,254.96499999999992,254.1349999999999,254.4349999999999,0
778858200,254.1849999999999,255.46499999999992,254.0149999999999,255.3349999999999,0
778944600,255.21499999999992,255.6349999999999,254.9149999999999,255.2849999999999,0
779031000,255.5149999999999,255.56499999999988,254.7349999999999,254.8649999999999,0
779117400,255.1149999999999,255.1649999999999,254.8649999999999,254.8849999999999,0
779376600,254.8849999999999,254.9149999999999,254.56499999999988,254.6649999999999,0
779463000,254.6649999999999,255.1149999999999,254.6649999999999,255.0149999999999,0
779549400,255.06499999999988,255.3649999999999,254.81499999999988,254.9149999999999,0
779635800,254.8649999999999,254.8649999999999,253.81499999999988,253.8349999999999,0
779722200,253.8349999999999,254.06499999999988,253.5849999999999,253.96499999999992,0
779981400,253.6649999999999,253.81499999999988,253.2849999999999,253.56499999999988,0
780067800,253.7649999999999,253.81499999999988,253.06499999999988,253.21499999999992,0
780154200,253.4149999999999,253.56499999999988,253.0149999999999,253.1149999999999,0
780240600,253.1149999999999,253.4849999999999,253.1149999999999,253.31499999999988,0
780327000,253.3649999999999,253.6149999999999,253.2349999999999,253.5349999999999,0
780586200,253.6149999999999,254.0149999999999,253.5849999999999,253.9149999999999,0
780672600,253.9149999999999,253.9149999999999,253.3349999999999,253.4649999999999,0
780759000,253.3649999999999,253.4649999999999,252.7349999999999,252.8849999999999,0
780845400,252.7849999999999,252.9649999999999,252.31499999999988,252.3849999999999,0
780931800,252.3849999999999,252.6149999999999,251.7649999999999,252.0149999999999,0
781191000,251.9149999999999,252.4149999999999,251.6349999999999,251.9649999999999,0
781277400,252.1349999999999,252.2649999999999,251.2649999999999,251.56499999999988,0
781363800,251.5149999999999,251.6649999999999,250.9149999999999,250.9649999999999,0
781450200,251.0849999999999,251.5149999999999,250.7149999999999,251.4349999999999,0
781536600,251.6149999999999,251.9149999999999,251.1649999999999,251.1849999999999,0
781795800,251.3649999999999,251.56499999999988,250.9649999999999,251.1349999999999,0
781882200,251.5149999999999,251.7349999999999,251.1649999999999,251.2649999999999,0
781968600,251.5149999999999,251.5149999999999,250.3649999999999,250.4149999999999,0
782055000,250.31499999999988,250.7149999999999,250.1649999999999,250.56499999999988,0
782141400,250.2649999999999,250.3649999999999,249.2849999999999,249.4849999999999,0
782400600,249.2149999999999,249.4649999999999,248.81499999999988,249.0149999999999,0
782487000,248.81499999999988,249.3849999999999,248.6849999999999,249.0349999999999,0
782573400,249.5149999999999,249.7649999999999,249.2149999999999,249.31499999999988,0
782659800,249.6149999999999,249.7349999999999,249.1349999999999,249.2649999999999,0
782746200,249.2649999999999,249.3649999999999,248.4149999999999,248.6349999999999,0
783005400,248.7149999999999,249.2849999999999,248.56499999999988,249.1849999999999,0
783091800,249.3849999999999,249.81499999999988,248.9649999999999,249.0149999999999,0
783178200,249.1149999999999,249.4349999999999,248.8649999999999,249.3649999999999,0
783264600,249.1149999999999,250.5149999999999,248.8649999999999,250.3649999999999,0
783351000,250.3649999999999,251.31499999999988,250.1649999999999,251.0149999999999,0
783613800,250.9149999999999,251.06499999999988,250.4149999999999,250.8849999999999,0
783700200,250.7149999999999,250.7149999999999,249.4349999999999,249.7149999999999,0
783786600,249.6149999999999,250.1149999999999,249.3849999999999,249.8849999999999,0
783873000,249.6149999999999,250.1649999999999,249.1349999999999,249.7849999999999,0
783959400,249.9149999999999,250.0149999999999,248.9149999999999,249.0149999999999,0
784218600,248.6149999999999,248.6849999999999,248.2149999999999,248.31499999999988,0
784305000,248.2149999999999,248.6649999999999,248.1149999999999,248.2649999999999,0
784391400,248.6149999999999,248.6649999999999,248.1149999999999,248.5149999999999,0
784477800,249.06499999999988,249.3849999999999,248.9149999999999,249.2349999999999,0
784564200,249.3349999999999,249.7649999999999,248.9149999999999,249.4849999999999,0
784823400,249.81499999999988,250.0149999999999,249.2149999999999,249.5149999999999,0
784909800,249.31499999999988,249.4849999999999,249.0149999999999,249.0849999999999,0
784996200,248.5849999999999,248.6649999999999,247.6149999999999,247.6349999999999,0
785082600,248.0149999999999,248.1149999999999,247.7349999999999,247.9649999999999,0
785169000,248.1649999999999,248.56499999999988,248.1349999999999,248.2649999999999,0
785428200,248.2649999999999,248.5149999999999,247.6849999999999,247.8649999999999,0
785514600,247.31499999999988,247.56499999999988,247.2149999999999,247.4149999999999,0
785601000,247.31499999999988,247.4849999999999,247.1149999999999,247.2649999999999,0
785773800,247.4149999999999,247.63499999999988,247.3649999999999,247.51499999999987,0
786033000,247.81499999999988,247.8649999999999,247.06499999999988,247.1849999999999,0
786119400,247.2149999999999,247.76499999999987,247.06499999999988,247.7149999999999,0
786205800,247.3649999999999,247.4649999999999,246.9849999999999,247.3649999999999,0
786292200,247.4649999999999,247.7149999999999,247.31499999999988,247.4849999999999,0
786378600,248.26499999999987,248.26499999999987,247.6649999999999,247.7349999999999,0
786637800,247.56499999999988,248.4649999999999,247.56499999999988,248.2149999999999,0
786724200,248.31499999999988,248.38499999999988,247.76499999999987,248.03499999999988,0
786810600,248.51499999999987,248.51499999999987,247.7149999999999,247.9649999999999,0
786897000,247.9649999999999,248.4149999999999,247.9649999999999,248.1649999999999,0
786983400,248.2349999999999,249.4149999999999,248.01499999999987,249.0849999999999,0
787242600,249.3649999999999,250.1649999999999,249.26499999999987,249.9149999999999,0
787329000,249.9149999999999,250.26499999999987,249.4849999999999,249.81499999999988,0
787415400,249.81499999999988,250.06499999999988,249.7149999999999,249.88499999999988,0
787501800,250.26499999999987,251.38499999999988,250.13499999999988,251.06499999999988,0
787588200,251.31499999999988,252.3649999999999,250.8649999999999,251.03499999999988,0
787847400,251.1649999999999,251.2149999999999,250.5849999999999,250.88499999999988,0
787933800,250.7149999999999,250.9149999999999,250.53499999999988,250.76499999999987,0
788020200,250.76499999999987,251.6149999999999,250.76499999999987,251.1849999999999,0
788106600,251.9149999999999,252.26499999999987,251.56499999999988,251.9849999999999,0
788193000,252.06499999999988,252.28499999999988,251.6649999999999,251.88499999999988,0
788538600,251.6649999999999,252.03499999999988,251.4349999999999,251.9649999999999,0
788625000,251.9149999999999,252.56499999999988,251.9149999999999,252.53499999999988,0
788711400,252.4149999999999,252.6849999999999,252.06499999999988,252.4349999999999,0
788797800,252.6649999999999,252.9149999999999,252.06499999999988,252.31499999999988,0
789143400,252.51499999999987,252.6649999999999,252.01499999999987,252.2149999999999,0
789229800,252.1649999999999,252.1649999999999,251.1649999999999,251.1849999999999,0
789316200,251.1849999999999,251.4849999999999,250.9149999999999,251.28499999999988,0
789402600,251.4649999999999,251.81499999999988,249.9649999999999,250.06499999999988,0
789661800,250.56499999999988,250.8349999999999,250.2149999999999,250.6649999999999,0
789748200,251.01499999999987,252.1649999999999,250.7149999999999,251.88499999999988,0
789834600,252.1649999999999,252.56499999999988,251.6149999999999,252.2349999999999,0
789921000,252.3649999999999,252.53499999999988,251.76499999999987,251.88499999999988,0
790007400,251.6149999999999,251.7149999999999,251.13499999999988,251.2349999999999,0
790266600,251.06499999999988,252.3649999999999,251.06499999999988,252.28499999999988,0
790353000,252.56499999999988,252.81499999999988,252.03499999999988,252.13499999999988,0
790439400,252.56499999999988,253.6149999999999,252.51499999999987,253.56499999999988,0
790525800,253.53499999999988,253.6149999999999,253.1149999999999,253.3649999999999,0
790612200,253.3649999999999,253.78499999999988,253.1849999999999,253.6649999999999,0
790871400,253.5849999999999,254.01499999999987,253.4849999999999,253.81499999999988,0
790957800,253.81499999999988,253.81499999999988,253.1649999999999,253.2349999999999,0
791044200,253.31499999999988,253.5149999999999,253.1149999999999,253.3849999999999,0
791130600,253.5149999999999,254.0149999999999,253.4649999999999,253.8849999999999,0
791217000,254.06499999999988,254.06499999999988,253.1649999999999,253.3349999999999,0
791476200,253.0149999999999,253.2849999999999,252.81499999999988,253.1149999999999,0
791562600,252.9649999999999,252.9649999999999,252.3649999999999,252.5149999999999,0
791649000,251.8649999999999,252.1649999999999,251.6149999999999,251.7349999999999,0
791735400,251.9149999999999,252.1149999999999,251.5149999999999,252.0849999999999,0
791821800,252.06499999999988,252.3349999999999,251.2649999999999,251.5149999999999,0
792081000,251.5149999999999,252.1349999999999,251.4149999999999,251.7849999999999,0
792167400,252.06499999999988,252.2649999999999,251.7149999999999,251.8849999999999,0
792253800,252.1649999999999,252.2149999999999,251.3649999999999,251.6649999999999,0
792340200,251.8649999999999,252.0849999999999,251.6649999999999,251.9149999999999,0
792426600,251.9849999999999,252.0349999999999,251.0349999999999,251.2649999999999,0
792685800,251.2349999999999,251.6649999999999,251.06499999999988,251.2349999999999,0
792772200,251.1849999999999,251.5149999999999,251.06499999999988,251.3349999999999,0
792858600,251.3649999999999,251.4649999999999,250.8849999999999,251.1649999999999,0
792945000,251.1849999999999,251.3649999999999,250.9649999999999,251.1349999999999,0
793031400,251.06499999999988,251.1649999999999,250.7649999999999,251.06499999999988,0
793377000,250.9649999999999,251.3649999999999,250.56499999999988,251.31499999999988,0
793463400,251.6649999999999,251.7349999999999,251.4349999999999,251.6149999999999,0
793549800,251.56499999999988,252.06499999999988,251.31499999999988,252.0149999999999,0
793636200,251.9149999999999,252.0149999999999,251.7149999999999,251.7649999999999,0
793895400,251.56499999999988,252.0149999999999,251.4149999999999,251.9849999999999,0
793981800,251.9149999999999,252.7149999999999,251.8849999999999,252.6149999999999,0
794068200,252.6149999999999,252.81499999999988,252.4149999999999,252.6849999999999,0
794154600,252.8649999999999,252.8849999999999,252.1149999999999,252.4149999999999,0
794241000,252.3349999999999,252.4649999999999,252.0149999999999,252.3349999999999,0
794500200,252.4149999999999,252.4649999999999,252.06499999999988,252.3349999999999,0
794586600,252.31499999999988,252.6149999999999,252.1149999999999,252.5149999999999,0
794673000,252.4649999999999,252.5849999999999,251.7149999999999,251.7649999999999,0
794759400,251.5149999999999,252.8649999999999,251.4649999999999,252.81499999999988,0
794845800,252.81499999999988,253.2849999999999,252.5349999999999,253.1649999999999,0
795105000,253.06499999999988,253.2849999999999,252.81499999999988,252.8649999999999,0
795191400,252.7149999999999,254.2649999999999,252.6149999999999,254.2349999999999,0
795277800,254.0149999999999,254.5349999999999,253.9149999999999,254.3649999999999,0
795364200,254.31499999999988,254.3649999999999,253.7149999999999,254.0149999999999,0
795450600,253.81499999999988,253.8649999999999,253.1349999999999,253.5149999999999,0
795709800,253.1149999999999,253.5149999999999,252.7649999999999,253.2649999999999,0
795796200,253.1649999999999,253.6649999999999,252.9649999999999,253.1349999999999,0
795882600,253.4149999999999,253.6349999999999,253.0149999999999,253.2349999999999,0
795969000,253.0149999999999,253.1149999999999,251.7349999999999,251.7349999999999,0
796055400,250.3649999999999,251.3649999999999,250.2349999999999,250.3649999999999,0
796314600,250.3949999999999,250.69499999999988,249.44499999999988,250.06499999999988,0
796401000,250.19499999999988,250.3949999999999,249.84499999999989,250.1449999999999,0
796487400,249.84499999999989,249.9149999999999,249.0149999999999,249.44499999999988,0
796573800,249.2649999999999,249.34499999999989,248.94499999999988,249.19499999999988,0
796660200,249.1449999999999,249.8649999999999,248.94499999999988,249.44499999999988,0
796915800,249.5449999999999,250.8949999999999,249.4649999999999,250.84499999999989,0
797002200,250.84499999999989,250.84499999999989,250.3949999999999,250.7149999999999,0
797088600,250.94499999999988,251.19499999999988,250.2949999999999,250.34499999999989,0
797175000,250.2949999999999,250.9949999999999,250.2949999999999,250.5449999999999,0
797261400,250.6449999999999,250.84499999999989,250.3949999999999,250.6649999999999,0
797520600,250.6449999999999,251.6449999999999,250.1449999999999,251.4149999999999,0
797607000,251.34499999999989,251.5449999999999,250.7449999999999,250.7949999999999,0
797693400,250.4949999999999,250.94499999999988,250.0149999999999,250.7649999999999,0
797779800,250.7449999999999,251.0449999999999,250.56499999999988,250.84499999999989,0
798125400,250.84499999999989,251.34499999999989,250.59499999999989,250.7649999999999,0
798211800,250.44499999999988,250.6449999999999,249.94499999999988,250.5149999999999,0
798298200,250.69499999999988,250.94499999999988,250.19499999999988,250.56499999999988,0
798384600,250.2949999999999,250.4649999999999,249.59499999999989,249.7149999999999,0
798471000,249.4949999999999,249.8949999999999,249.2649999999999,249.7949999999999,0
798730200,249.5449999999999,250.84499999999989,249.2949999999999,250.6449999999999,0
798816600,250.6449999999999,250.9949999999999,250.2949999999999,250.5449999999999,0
798903000,250.2449999999999,250.2649999999999,249.0449999999999,249.0449999999999,0
798989400,248.69499999999988,249.2949999999999,248.4649999999999,249.1449999999999,0
799075800,248.9949999999999,249.1449999999999,248.7649999999999,248.84499999999989,0
799335000,248.59499999999989,249.4949999999999,248.44499999999988,249.4149999999999,0
799421400,249.31499999999988,249.3949999999999,247.9949999999999,248.2649999999999,0
799507800,248.2949999999999,248.56499999999988,248.0149999999999,248.4149999999999,0
799594200,248.5449999999999,248.8949999999999,247.1449999999999,247.4949999999999,0
799680600,247.84499999999989,247.94499999999988,247.0149999999999,247.7149999999999,0
799939800,247.3949999999999,247.3949999999999,246.44499999999988,246.5449999999999,0
800026200,246.69499999999988,248.0449999999999,246.6649999999999,247.94499999999988,0
800112600,247.9949999999999,248.4149999999999,247.7149999999999,247.8949999999999,0
800199000,247.9949999999999,248.2949999999999,247.44499999999988,247.9949999999999,0
800285400,247.84499999999989,247.84499999999989,247.2949999999999,247.5449999999999,0
800544600,247.9949999999999,248.6449999999999,247.94499999999988,248.2149999999999,0
800631000,248.44499999999988,248.69499999999988,248.0449999999999,248.56499999999988,0
800717400,248.6449999999999,249.94499999999988,248.34499999999989,249.8649999999999,0
800803800,249.81499999999988,250.0449999999999,249.5449999999999,249.7449999999999,0
800890200,250.2949999999999,250.84499999999989,250.0449999999999,250.7649999999999,0
801149400,250.69499999999988,250.69499999999988,250.1649999999999,250.2949999999999,0
801235800,250.2949999999999,251.1449999999999,249.94499999999988,250.9149999999999,0
801322200,250.3949999999999,251.2649999999999,250.34499999999989,251.06499999999988,0
801408600,250.84499999999989,250.94499999999988,249.9949999999999,250.06499999999988,0
801495000,250.09499999999989,250.34499999999989,249.8949999999999,250.06499999999988,0
801840600,249.9149999999999,250.2149999999999,249.4649999999999,249.6649999999999,0
801927000,249.7649999999999,250.81499999999988,249.7149999999999,250.6849999999999,0
802013400,250.7149999999999,251.1149999999999,250.4149999999999,250.5149999999999,0
802099800,250.4149999999999,250.5849999999999,250.1149999999999,250.1849999999999,0
802359000,250.31499999999988,251.31499999999988,250.2649999999999,251.2349999999999,0
802445400,251.2349999999999,251.81499999999988,250.6349999999999,251.6149999999999,0
802531800,251.3649999999999,251.4149999999999,250.4649999999999,250.6649999999999,0
802618200,250.5149999999999,251.0149999999999,250.3349999999999,250.7849999999999,0
802704600,250.8649999999999,251.4649999999999,250.56499999999988,251.1849999999999,0
802963800,251.1849999999999,251.7649999999999,251.0149999999999,251.6349999999999,0
803050200,251.6649999999999,252.06499999999988,251.4649999999999,251.7149999999999,0
803136600,251.7849999999999,251.9649999999999,251.31499999999988,251.5849999999999,0
803223000,251.8849999999999,252.2149999999999,251.7649999999999,252.0849999999999,0
803309400,252.1649999999999,252.2849999999999,251.9149999999999,252.1149999999999,0
803568600,252.2149999999999,253.6149999999999,252.2149999999999,253.6149999999999,0
803655000,253.6649999999999,253.8649999999999,253.1849999999999,253.5349999999999,0
803741400,253.4149999999999,254.06499999999988,253.2349999999999,253.9649999999999,0
803827800,253.3649999999999,253.6349999999999,253.06499999999988,253.56499999999988,0
803914200,253.5149999999999,254.7649999999999,253.4649999999999,254.6149999999999,0
804173400,254.5149999999999,254.5149999999999,253.8649999999999,254.0849999999999,0
804259800,253.7849999999999,253.8349999999999,253.4849999999999,253.6849999999999,0
804346200,253.63499999999988,253.7849999999999,253.4049999999999,253.7049999999999,0
804432600,253.5849999999999,253.7049999999999,253.38499999999988,253.6049999999999,0
804519000,253.4849999999999,253.8349999999999,253.3349999999999,253.4549999999999,0
804778200,252.38499999999988,253.1849999999999,251.9549999999999,251.9549999999999,0
804951000,251.5349999999999,251.7849999999999,251.0349999999999,251.0849999999999,0
805037400,251.13499999999988,252.1849999999999,251.0849999999999,251.7349999999999,0
805123800,252.0349999999999,252.5349999999999,251.8349999999999,252.3049999999999,0
805383000,252.4049999999999,252.7049999999999,251.7049999999999,252.1049999999999,0
805469400,252.2849999999999,252.9549999999999,252.2849999999999,252.4849999999999,0
805555800,252.75499999999988,252.9049999999999,252.0849999999999,252.2849999999999,0
805642200,252.63499999999988,252.6849999999999,251.88499999999988,251.9549999999999,0
805728600,251.88499999999988,252.6049999999999,251.88499999999988,252.25499999999988,0
805987800,252.1849999999999,253.3349999999999,252.0349999999999,253.3049999999999,0
806074200,253.13499999999988,253.6049999999999,253.0349999999999,253.4849999999999,0
806160600,253.0849999999999,253.5849999999999,252.6849999999999,252.88499999999988,0
806247000,252.9349999999999,253.1849999999999,252.7849999999999,252.88499999999988,0
806333400,253.0349999999999,254.0549999999999,253.0349999999999,253.9849999999999,0
806592600,253.9849999999999,254.4849999999999,253.6849999999999,254.4549999999999,0
806679000,254.8349999999999,255.4349999999999,254.5549999999999,255.38499999999988,0
806765400,255.2349999999999,255.2849999999999,254.7049999999999,255.0349999999999,0
806851800,255.0349999999999,255.63499999999988,254.5849999999999,255.6049999999999,0
806938200,255.4549999999999,255.6049999999999,255.02499999999992,255.4249999999999,0
807197400,255.4249999999999,255.4249999999999,254.5549999999999,255.0749999999999,0
807283800,254.90499999999992,255.02499999999992,254.40499999999992,254.6749999999999,0
807370200,254.65499999999992,255.3249999999999,254.6049999999999,255.2249999999999,0
807456600,255.1049999999999,255.1749999999999,254.5549999999999,254.65499999999992,0
807543000,254.65499999999992,255.5049999999999,254.6049999999999,255.15499999999992,0
807802200,255.1049999999999,255.4549999999999,254.8049999999999,255.2549999999999,0
807888600,255.5049999999999,255.5549999999999,253.7549999999999,253.7549999999999,0
807975000,253.65499999999992,253.7549999999999,252.9549999999999,253.2049999999999,0
808061400,253.2549999999999,253.8049999999999,253.2049999999999,253.62499999999991,0
808147800,253.7549999999999,253.9249999999999,253.4549999999999,253.5749999999999,0
808407000,254.0049999999999,254.3049999999999,253.8049999999999,254.0749999999999,0
808493400,254.2049999999999,254.40499999999992,253.90499999999992,254.15499999999992,0
808579800,254.15499999999992,254.4549999999999,253.8049999999999,254.3249999999999,0
808666200,254.2549999999999,254.9249999999999,254.2549999999999,254.87499999999991,0
808752600,254.9249999999999,255.6049999999999,254.90499999999992,255.4249999999999,0
809011800,255.4549999999999,256.6549999999999,255.3049999999999,256.4249999999999,0
809098200,256.5049999999999,256.5549999999999,255.9749999999999,256.2249999999999,0
809184600,256.0549999999999,256.2749999999999,255.90499999999992,256.2249999999999,0
809271000,256.1549999999999,256.2249999999999,255.7049999999999,256.0249999999999,0
809357400,256.1049999999999,256.57499999999993,256.0249999999999,256.3049999999999,0
809616600,256.4549999999999,256.5549999999999,255.15499999999992,255.4249999999999,0
809703000,255.2549999999999,255.37499999999991,254.8049999999999,255.3249999999999,0
809789400,255.2049999999999,255.3049999999999,254.37499999999991,254.9549999999999,0
809875800,254.9549999999999,255.5549999999999,254.6749999999999,255.5049999999999,0
809962200,255.3549999999999,255.4549999999999,255.2049999999999,255.37499999999991,0
810307800,255.40499999999992,256.0249999999999,255.0749999999999,255.9749999999999,0
810394200,256.1549999999999,256.7549999999999,255.8049999999999,256.4549999999999,0
810480600,256.6049999999999,256.9749999999999,256.3749999999999,256.9049999999999,0
810567000,256.9049999999999,257.0549999999999,256.5049999999999,256.7249999999999,0
810826200,256.6549999999999,257.0249999999999,256.1749999999999,256.9549999999999,0
810912600,256.9049999999999,257.4549999999999,256.6049999999999,257.2249999999999,0
810999000,256.9249999999999,257.0049999999999,256.6249999999999,256.6549999999999,0
811085400,256.4049999999999,256.9049999999999,256.1049999999999,256.7049999999999,0
811171800,256.9549999999999,257.6049999999999,256.9049999999999,257.5049999999999,0
811431000,257.4549999999999,257.7549999999999,257.2049999999999,257.5249999999999,0
811517400,257.2549999999999,257.5049999999999,257.1549999999999,257.3749999999999,0
811603800,257.3049999999999,257.6549999999999,256.9749999999999,257.5549999999999,0
811690200,257.4549999999999,258.3549999999999,257.2749999999999,258.1549999999999,0
811776600,257.8549999999999,258.1049999999999,257.4249999999999,257.9049999999999,0
812035800,257.7549999999999,258.0049999999999,257.1049999999999,257.4049999999999,0
812122200,257.2049999999999,257.2749999999999,256.5049999999999,257.0049999999999,0
812208600,257.0049999999999,257.1349999999999,256.70499999999987,257.0849999999999,0
812295000,257.0849999999999,257.3849999999999,256.8049999999999,256.9049999999999,0
812381400,256.9849999999999,257.6349999999999,256.9849999999999,257.4349999999999,0
812640600,257.0849999999999,257.0849999999999,256.1349999999999,256.2549999999999,0
812727000,256.1349999999999,256.70499999999987,255.9549999999999,256.6549999999999,0
812813400,256.7349999999999,256.95499999999987,256.4849999999999,256.8549999999999,0
812899800,257.0349999999999,257.7549999999999,257.0049999999999,257.6549999999999,0
812986200,257.7349999999999,257.7549999999999,257.1549999999999,257.1849999999999,0
813245400,256.7349999999999,257.1049999999999,256.4849999999999,256.8349999999999,0
813331800,256.95499999999987,257.2349999999999,256.6349999999999,257.1549999999999,0
813418200,257.4349999999999,257.5049999999999,256.95499999999987,257.1849999999999,0
813504600,257.4049999999999,257.4849999999999,256.3349999999999,256.4049999999999,0
813591000,256.3349999999999,256.5349999999999,255.7349999999999,256.1049999999999,0
813850200,256.3349999999999,257.1349999999999,256.2349999999999,256.8849999999999,0
813936600,256.95499999999987,257.1849999999999,256.6849999999999,256.9849999999999,0
814023000,256.9849999999999,257.1549999999999,256.4349999999999,256.9849999999999,0
814109400,256.9349999999999,256.9349999999999,256.2349999999999,256.2849999999999,0
814195800,255.9349999999999,256.2349999999999,255.5849999999999,255.6549999999999,0
814455000,255.5349999999999,255.6549999999999,255.2349999999999,255.38499999999988,0
814541400,255.38499999999988,255.75499999999988,255.1849999999999,255.63499999999988,0
814627800,255.5849999999999,255.7349999999999,255.1849999999999,255.4849999999999,0
814714200,255.63499999999988,255.7049999999999,255.0349999999999,255.2849999999999,0
814800600,255.13499999999988,255.5849999999999,255.0849999999999,255.38499999999988,0
815063400,255.3349999999999,255.5849999999999,255.1849999999999,255.2849999999999,0
815149800,255.0349999999999,255.1049999999999,254.4549999999999,254.5349999999999,0
815236200,254.2349999999999,254.2849999999999,253.0849999999999,253.2849999999999,0
815322600,252.9849999999999,253.5349999999999,252.7349999999999,253.1849999999999,0
815409000,253.2349999999999,253.5349999999999,253.0849999999999,253.2049999999999,0
815668200,253.38499999999988,253.9049999999999,253.38499999999988,253.8049999999999,0
815754600,254.0349999999999,254.2049999999999,253.8349999999999,254.0849999999999,0
815841000,253.9849999999999,254.13499999999988,253.6849999999999,253.8049999999999,0
815927400,253.5849999999999,254.50499999999988,253.38499999999988,254.4549999999999,0
816013800,254.2849999999999,254.5849999999999,254.1849999999999,254.25499999999988,0
816273000,254.7849999999999,255.38499999999988,254.63499999999988,255.3549999999999,0
816359400,255.13499999999988,255.4849999999999,255.0849999999999,255.13499999999988,0
816445800,255.2349999999999,255.5849999999999,254.9049999999999,255.1549999999999,0
816532200,254.9049999999999,254.9349999999999,254.5549999999999,254.6049999999999,0
816618600,254.63499999999988,254.9349999999999,254.6049999999999,254.9049999999999,0
816877800,254.88499999999988,255.1549999999999,254.63499999999988,254.8549999999999,0
816964200,254.7849999999999,254.9849999999999,254.2849999999999,254.8549999999999,0
817050600,255.13499999999988,255.2849999999999,254.8549999999999,254.8549999999999,0
817223400,254.7849999999999,255.2849999999999,254.7549999999999,255.1349999999999,0
817482600,255.1349999999999,255.3849999999999,254.9349999999999,255.0549999999999,0
817569000,254.83499999999992,255.0349999999999,254.7349999999999,254.8849999999999,0
817655400,254.7349999999999,255.15499999999992,254.7349999999999,255.0349999999999,0
817741800,255.1849999999999,256.4049999999999,255.1349999999999,256.1549999999999,0
817828200,256.2349999999999,256.7849999999999,256.0349999999999,256.6349999999999,0
818087400,256.5849999999999,257.9849999999999,256.4849999999999,257.7349999999999,0
818173800,257.6349999999999,257.7549999999999,257.1849999999999,257.3349999999999,0
818260200,257.2349999999999,258.2349999999999,257.1349999999999,257.8049999999999,0
818346600,257.6349999999999,258.3349999999999,257.5849999999999,258.2549999999999,0
818433000,258.3549999999999,258.7849999999999,258.1349999999999,258.2049999999999,0
818692200,258.0849999999999,258.2549999999999,257.7549999999999,257.8849999999999,0
818778600,258.0849999999999,258.0849999999999,257.4349999999999,257.5349999999999,0
818865000,257.9349999999999,258.8849999999999,257.8549999999999,258.6049999999999,0
818951400,258.3849999999999,258.4849999999999,257.8349999999999,258.0849999999999,0
819037800,257.8849999999999,258.6549999999999,257.6549999999999,257.9349999999999,0
819297000,257.8849999999999,258.2349999999999,257.6849999999999,258.1349999999999,0
819383400,258.1349999999999,258.1849999999999,257.3349999999999,257.5549999999999,0
819469800,257.5849999999999,257.8049999999999,257.1349999999999,257.2549999999999,0
819556200,257.0849999999999,257.4849999999999,256.9349999999999,257.4349999999999,0
819642600,257.4349999999999,258.2049999999999,257.4349999999999,258.1349999999999,0
819988200,258.1349999999999,258.3549999999999,257.9849999999999,258.1849999999999,0
820074600,257.9849999999999,258.1849999999999,257.6549999999999,257.7049999999999,0
820161000,257.4349999999999,258.0349999999999,257.3349999999999,257.9549999999999,0
820247400,256.4549999999999,256.4549999999999,256.4549999999999,256.4549999999999,0
820593000,254.9549999999999,254.9549999999999,254.9549999999999,254.9549999999999,0
820679400,253.4549999999999,253.6849999999999,253.4549999999999,253.4549999999999,0
820765800,252.9849999999999,253.7549999999999,252.9849999999999,253.58499999999992,0
820852200,253.7349999999999,254.08499999999992,253.58499999999992,253.8049999999999,0
821111400,253.83499999999992,253.90499999999992,253.5349999999999,253.65499999999992,0
821197800,253.4849999999999,253.5349999999999,252.83499999999992,253.2549999999999,0
821284200,253.0549999999999,253.3549999999999,252.9849999999999,253.2349999999999,0
821370600,253.3849999999999,254.0549999999999,253.3849999999999,254.0049999999999,0
821457000,253.9349999999999,254.08499999999992,253.4349999999999,253.5549999999999,0
821716200,253.4349999999999,253.6849999999999,253.2349999999999,253.40499999999992,0
821802600,253.33499999999992,254.08499999999992,253.2849999999999,253.8849999999999,0
821889000,254.0349999999999,254.1049999999999,253.33499999999992,253.5049999999999,0
821975400,253.4849999999999,253.4849999999999,252.4849999999999,253.3049999999999,0
822061800,253.3849999999999,253.4349999999999,252.6049999999999,252.7549999999999,0
822321000,252.5549999999999,253.1349999999999,252.3849999999999,253.08499999999992,0
822407400,253.0349999999999,253.40499999999992,252.90499999999992,253.3549999999999,0
822493800,253.5349999999999,253.90499999999992,253.2849999999999,253.65499999999992,0
822580200,253.6849999999999,254.4349999999999,253.4549999999999,254.33499999999992,0
822666600,254.3549999999999,254.7549999999999,254.0349999999999,254.15499999999992,0
822925800,254.33499999999992,254.83499999999992,254.0349999999999,254.4549999999999,0
823012200,254.58499999999992,254.58499999999992,254.0549999999999,254.2849999999999,0
823098600,254.7849999999999,255.1349999999999,253.2849999999999,253.7349999999999,0
823185000,253.9849999999999,254.2849999999999,253.3849999999999,254.2049999999999,0
823271400,254.0349999999999,254.4849999999999,253.9849999999999,254.40499999999992,0
823530600,254.33499999999992,255.08499999999992,253.9849999999999,255.0549999999999,0
823617000,254.9349999999999,255.8849999999999,254.6849999999999,255.8549999999999,0
823703400,255.6849999999999,256.7549999999999,255.6849999999999,256.7049999999999,0
823789800,256.7049999999999,256.8349999999999,256.2349999999999,256.7049999999999,0
823876200,256.6349999999999,256.9349999999999,256.3349999999999,256.8349999999999,0
824135400,256.6349999999999,257.1849999999999,256.4849999999999,257.1349999999999,0
824221800,257.1849999999999,257.1849999999999,256.6849999999999,256.8049999999999,0
824308200,256.5349999999999,256.5349999999999,255.3849999999999,255.5049999999999,0
824394600,255.3849999999999,255.9549999999999,255.3849999999999,255.6849999999999,0
824481000,255.7849999999999,256.2549999999999,255.5349999999999,256.1549999999999,0
824826600,256.3849999999999,256.6349999999999,255.7849999999999,256.1349999999999,0
824913000,255.83499999999992,255.83499999999992,255.4549999999999,255.58499999999992,0
824999400,255.08499999999992,256.2349999999999,255.08499999999992,256.1849999999999,0
825085800,256.0849999999999,256.3849999999999,255.5349999999999,256.0349999999999,0
825345000,256.3349999999999,257.0349999999999,256.2549999999999,256.8549999999999,0
825431400,256.5349999999999,256.9049999999999,256.2349999999999,256.8549999999999,0
825517800,256.7849999999999,257.5049999999999,256.5849999999999,257.4349999999999,0
825604200,257.3849999999999,257.9849999999999,257.1849999999999,257.9349999999999,0
825690600,257.9549999999999,257.9849999999999,257.0849999999999,257.1849999999999,0
825949800,257.1849999999999,257.9049999999999,256.8849999999999,257.8549999999999,0
826036200,257.7849999999999,258.1549999999999,257.5549999999999,257.6549999999999,0
826122600,257.6549999999999,258.2349999999999,257.3549999999999,257.8849999999999,0
826209000,257.8349999999999,258.4849999999999,257.6049999999999,258.1349999999999,0
826295400,257.9349999999999,258.3549999999999,257.6049999999999,258.2849999999999,0
826554600,258.1849999999999,258.8849999999999,257.9849999999999,258.6549999999999,0
826641000,258.4849999999999,258.6549999999999,258.0049999999999,258.5349999999999,0
826727400,258.8349999999999,259.0549999999999,258.4349999999999,258.5849999999999,0
826813800,258.6349999999999,258.6849999999999,257.6849999999999,257.9849999999999,0
826900200,257.8349999999999,258.8849999999999,257.7849999999999,258.8549999999999,0
827159400,258.6349999999999,259.4349999999999,258.4549999999999,259.3549999999999,0
827245800,259.1849999999999,259.1849999999999,258.6549999999999,259.0549999999999,0
827332200,258.8349999999999,259.0849999999999,258.4349999999999,259.0049999999999,0
827418600,258.9349999999999,259.3349999999999,258.9349999999999,259.2049999999999,0
827505000,259.2549999999999,260.1849999999999,259.1549999999999,260.1549999999999,0
827764200,260.2849999999999,260.5349999999999,259.7349999999999,260.4549999999999,0
827850600,259.8349999999999,260.1849999999999,259.7349999999999,260.1049999999999,0
827937000,259.9049999999999,260.4749999999999,259.8049999999999,260.4049999999999,0
828023400,260.2049999999999,260.3049999999999,259.9749999999999,260.0249999999999,0
828109800,259.8049999999999,260.1049999999999,259.5049999999999,259.9549999999999,0
828369000,260.9049999999999,261.4549999999999,260.6049999999999,261.4549999999999,0
828455400,261.3049999999999,261.4549999999999,260.9549999999999,261.1549999999999,0
828541800,260.8549999999999,261.9549999999999,260.8049999999999,261.3549999999999,0
828628200,261.2049999999999,262.2549999999999,261.0549999999999,262.0049999999999,0
828970200,262.1049999999999,263.5049999999999,262.1049999999999,263.5049999999999,0
829056600,263.5049999999999,263.7549999999999,262.4049999999999,263.1049999999999,0
829143000,263.0549999999999,264.0549999999999,262.8749999999999,264.0249999999999,0
829229400,263.8049999999999,263.9049999999999,262.5249999999999,263.4249999999999,0
829315800,262.9049999999999,263.2049999999999,262.4049999999999,262.6549999999999,0
829575000,262.6049999999999,263.4049999999999,262.4049999999999,262.8749999999999,0
829661400,262.9049999999999,264.3049999999999,262.9049999999999,264.2549999999999,0
829747800,263.9049999999999,263.9049999999999,262.8549999999999,263.57499999999993,0
829834200,263.3049999999999,264.3549999999999,263.0249999999999,263.1549999999999,0
829920600,263.3049999999999,264.3549999999999,263.3049999999999,264.07499999999993,0
830179800,264.5049999999999,265.0249999999999,264.1049999999999,264.8549999999999,0
830266200,264.9749999999999,265.0549999999999,263.9549999999999,264.07499999999993,0
830352600,264.0049999999999,264.3749999999999,263.5549999999999,263.9049999999999,0
830439000,263.9549999999999,264.1049999999999,262.4049999999999,262.4049999999999,0
830525400,260.9049999999999,262.7549999999999,260.9049999999999,262.1549999999999,0
830784600,262.1049999999999,263.6549999999999,262.1049999999999,263.4549999999999,0
830871000,263.6549999999999,264.9549999999999,263.3049999999999,264.8549999999999,0
830957400,265.0049999999999,265.6049999999999,264.3049999999999,265.4549999999999,0
831043800,265.7049999999999,265.9549999999999,264.5049999999999,264.7249999999999,0
831130200,264.6549999999999,265.5049999999999,264.5049999999999,265.4049999999999,0
831389400,265.7049999999999,266.6049999999999,265.7049999999999,265.9049999999999,0
831475800,266.0549999999999,267.0049999999999,266.0249999999999,266.7749999999999,0
831562200,267.1549999999999,267.5049999999999,266.5549999999999,266.9549999999999,0
831648600,267.2049999999999,267.8749999999999,266.7049999999999,267.7749999999999,0
831735000,267.6049999999999,268.3049999999999,267.2549999999999,268.2049999999999,0
831994200,268.2549999999999,269.6049999999999,268.2549999999999,269.3749999999999,0
832080600,269.1049999999999,269.6749999999999,268.8549999999999,269.4049999999999,0
832167000,269.6249999999999,270.2049999999999,269.5049999999999,270.1549999999999,0
832253400,269.9549999999999,270.1549999999999,269.2049999999999,269.7749999999999,0
832339800,269.6549999999999,271.2549999999999,269.6249999999999,271.2249999999999,0
832599000,271.2549999999999,271.82499999999993,270.6549999999999,271.7749999999999,0
832685400,271.3049999999999,271.4749999999999,270.2749999999999,270.2749999999999,0
832771800,270.0549999999999,270.3549999999999,269.2549999999999,269.57499999999993,0
832858200,269.5049999999999,269.5049999999999,268.07499999999993,268.07499999999993,0
832944600,267.8049999999999,268.0049999999999,266.9549999999999,267.2049999999999,0
833290200,267.0049999999999,267.8049999999999,266.3049999999999,267.6249999999999,0
833376600,267.5049999999999,267.6049999999999,266.1249999999999,266.5249999999999,0
833463000,265.8049999999999,267.1049999999999,265.5549999999999,266.7249999999999,0
833549400,266.5049999999999,267.7049999999999,266.5049999999999,267.2249999999999,0
833808600,267.3549999999999,268.1249999999999,267.3049999999999,267.8049999999999,0
833895000,267.9049999999999,268.4749999999999,267.4049999999999,268.3549999999999,0
833981400,268.3549999999999,268.8049999999999,267.8749999999999,268.3749999999999,0
834067800,268.1049999999999,268.2049999999999,266.8749999999999,267.8749999999999,0
834154200,267.5049999999999,268.4749999999999,266.6749999999999,267.6749999999999,0
834413400,267.5549999999999,268.4549999999999,267.2049999999999,268.3749999999999,0
834499800,268.2049999999999,268.2549999999999,266.8749999999999,267.3749999999999,0
834586200,267.1549999999999,267.6549999999999,266.3549999999999,266.4249999999999,0
834672600,266.6049999999999,266.8549999999999,265.2749999999999,266.0049999999999,0
834759000,265.7049999999999,266.8049999999999,265.5049999999999,266.7549999999999,0
835018200,266.6049999999999,267.07499999999993,265.7049999999999,265.7549999999999,0
835104600,265.5049999999999,265.5049999999999,264.2549999999999,264.2549999999999,0
835191000,263.8549999999999,264.4249999999999,262.9049999999999,263.1549999999999,0
835277400,263.1549999999999,264.2049999999999,263.1549999999999,263.9549999999999,0
835363800,263.8549999999999,264.5549999999999,263.6549999999999,264.32499999999993,0
835623000,264.6549999999999,265.5549999999999,264.6549999999999,265.3049999999999,0
835709400,265.4549999999999,265.5049999999999,264.6249999999999,264.82499999999993,0
835795800,264.8049999999999,265.07499999999993,264.4749999999999,264.9549999999999,0
835882200,265.1049999999999,265.62499999999994,264.3549999999999,264.4249999999999,0
835968600,264.4049999999999,264.6049999999999,263.2049999999999,263.32499999999993,0
836227800,264.82499999999993,264.82499999999993,264.82499999999993,264.82499999999993,0
836314200,266.32499999999993,266.32499999999993,266.1049999999999,266.30499999999995,0
836400600,266.3549999999999,267.1049999999999,266.1549999999999,267.05499999999995,0
836573400,267.1049999999999,268.55499999999995,267.00499999999994,268.50499999999994,0
836832600,268.6549999999999,268.80499999999995,268.1549999999999,268.3549999999999,0
836919000,268.0249999999999,268.1549999999999,267.37499999999994,267.50499999999994,0
837005400,267.30499999999995,267.7249999999999,267.00499999999994,267.5249999999999,0
837091800,267.6549999999999,268.6549999999999,267.6549999999999,268.1049999999999,0
837178200,268.3549999999999,269.6049999999999,268.3549999999999,269.3549999999999,0
837437400,269.7049999999999,270.4249999999999,269.7049999999999,270.12499999999994,0
837523800,270.12499999999994,270.2049999999999,269.4249999999999,269.8549999999999,0
837610200,269.80499999999995,270.30499999999995,269.25499999999994,270.05499999999995,0
837696600,270.4049999999999,270.50499999999994,268.6049999999999,268.75499999999994,0
837783000,269.05499999999995,269.9549999999999,268.9549999999999,269.6749999999999,0
838042200,269.75499999999994,269.80499999999995,269.2749999999999,269.57499999999993,0
838128600,269.2049999999999,269.2049999999999,268.7049999999999,268.9549999999999,0
838215000,269.1049999999999,270.12499999999994,268.9549999999999,269.6049999999999,0
838301400,269.6049999999999,271.05499999999995,269.4049999999999,270.7749999999999,0
838387800,270.9749999999999,272.2749999999999,270.8549999999999,271.9049999999999,0
838647000,272.25499999999994,272.55499999999995,272.00499999999994,272.4049999999999,0
838733400,272.4549999999999,272.80499999999995,272.1049999999999,272.4549999999999,0
838819800,272.30499999999995,272.55499999999995,271.3549999999999,271.57499999999993,0
838906200,271.8549999999999,272.4549999999999,271.6549999999999,272.3549999999999,0
838992600,272.3549999999999,272.9549999999999,272.30499999999995,272.80499999999995,0
839251800,273.3549999999999,273.75499999999994,273.3549999999999,273.5249999999999,0
839338200,273.6049999999999,274.80499999999995,273.5249999999999,274.7249999999999,0
839424600,274.7249999999999,274.92499999999995,273.6049999999999,274.55499999999995,0
839511000,274.4549999999999,275.2049999999999,274.25499999999994,274.5249999999999,0
839597400,274.32499999999993,274.50499999999994,273.9549999999999,274.42499999999995,0
839856600,273.82499999999993,274.7249999999999,273.55499999999995,274.57499999999993,0
839943000,274.30499999999995,274.4549999999999,273.8549999999999,274.2249999999999,0
840029400,273.9049999999999,273.9049999999999,273.1049999999999,273.32499999999993,0
840115800,273.1049999999999,273.1549999999999,272.30499999999995,272.4049999999999,0
840202200,272.1049999999999,273.32499999999993,272.05499999999995,273.1049999999999,0
840461400,273.30499999999995,273.50499999999994,272.80499999999995,273.00499999999994,0
840547800,272.75499999999994,272.75499999999994,271.50499999999994,271.50499999999994,0
840634200,271.25499999999994,271.75499999999994,271.05499999999995,271.3549999999999,0
840720600,271.30499999999995,271.87499999999994,271.05499999999995,271.6549999999999,0
840807000,271.9549999999999,272.3549999999999,271.87499999999994,272.32499999999993,0
841066200,272.8549999999999,273.0249999999999,272.25499999999994,272.6049999999999,0
841152600,272.6049999999999,272.6049999999999,271.6049999999999,271.75499999999994,0
841239000,271.4549999999999,271.9049999999999,271.1049999999999,271.12499999999994,0
841325400,270.6049999999999,271.1049999999999,270.2049999999999,270.3549999999999,0
841411800,270.2049999999999,270.4549999999999,269.75499999999994,270.37499999999994,0
841757400,270.37499999999994,270.8549999999999,270.2249999999999,270.37499999999994,0
841843800,270.1049999999999,270.67499999999995,269.92499999999995,270.6049999999999,0
841930200,270.8549999999999,271.9049999999999,270.8549999999999,271.6049999999999,0
842016600,271.6049999999999,272.0249999999999,271.50499999999994,271.7249999999999,0
842275800,271.9049999999999,272.2749999999999,271.7249999999999,271.75499999999994,0
842362200,271.57499999999993,272.75499999999994,271.30499999999995,272.2749999999999,0
842448600,272.1049999999999,272.9049999999999,272.1049999999999,272.8549999999999,0
842535000,273.00499999999994,273.7049999999999,272.6549999999999,273.3549999999999,0
842621400,273.55499999999995,273.80499999999995,273.05499999999995,273.5249999999999,0
842880600,273.4049999999999,273.7249999999999,272.6549999999999,272.75499999999994,0
842967000,272.4549999999999,272.6049999999999,272.00499999999994,272.57499999999993,0
843053400,272.3549999999999,273.7049999999999,272.3549999999999,273.4749999999999,0
843139800,273.4749999999999,274.3549999999999,273.3549999999999,274.07499999999993,0
843226200,274.30499999999995,275.30499999999995,274.30499999999995,275.25499999999994,0
843485400,275.30499999999995,275.30499999999995,274.7749999999999,275.12499999999994,0
843571800,274.9049999999999,275.4049999999999,274.6049999999999,275.17499999999995,0
843658200,275.05499999999995,275.42499999999995,274.7749999999999,275.12499999999994,0
843744600,275.6549999999999,275.9749999999999,275.32499999999993,275.3549999999999,0
843831000,275.25499999999994,275.4549999999999,274.75499999999994,274.80499999999995,0
844090200,275.55499999999995,276.30499999999995,275.4049999999999,275.55499999999995,0
844176600,275.55499999999995,276.00499999999994,275.35499999999996,275.5249999999999,0
844263000,275.35499999999996,276.42499999999995,275.12499999999994,276.37499999999994,0
844349400,276.85499999999996,277.05499999999995,276.05499999999995,276.55499999999995,0
844435800,276.32499999999993,276.4049999999999,275.85499999999996,276.05499999999995,0
844695000,275.80499999999995,275.9549999999999,275.4549999999999,275.7249999999999,0
844781400,275.80499999999995,276.75499999999994,275.80499999999995,276.2249999999999,0
844867800,276.25499999999994,276.7249999999999,275.1549999999999,275.75499999999994,0
844954200,275.85499999999996,275.9049999999999,274.80499999999995,274.9549999999999,0
845040600,274.85499999999996,274.85499999999996,273.55499999999995,273.6549999999999,0
845299800,273.6549999999999,273.85499999999996,272.4049999999999,272.50499999999994,0
845386200,272.60499999999996,273.25499999999994,272.50499999999994,273.2049999999999,0
845472600,272.9549999999999,273.4549999999999,272.4049999999999,272.4549999999999,0
845559000,272.30499999999995,273.37499999999994,272.2049999999999,272.9549999999999,0
845645400,272.80499999999995,273.2249999999999,272.35499999999996,272.60499999999996,0
845904600,272.35499999999996,272.50499999999994,271.80499999999995,271.85499999999996,0
845991000,271.4549999999999,271.75499999999994,270.35499999999996,270.35499999999996,0
846077400,269.9049999999999,270.7049999999999,269.75499999999994,270.62499999999994,0
846163800,270.4549999999999,270.80499999999995,269.87499999999994,270.2749999999999,0
846250200,270.10499999999996,271.07499999999993,270.10499999999996,270.7049999999999,0
846513000,271.4549999999999,272.17499999999995,271.1549999999999,272.12499999999994,0
846599400,272.2049999999999,272.4549999999999,271.82499999999993,272.30499999999995,0
846685800,272.4549999999999,273.30499999999995,272.30499999999995,273.2049999999999,0
846772200,273.4049999999999,273.4049999999999,272.4049999999999,272.6549999999999,0
846858600,273.1549999999999,274.1549999999999,273.00499999999994,274.1549999999999,0
847117800,273.85499999999996,274.7049999999999,273.7049999999999,274.2049999999999,0
847204200,273.85499999999996,274.7049999999999,273.75499999999994,274.4549999999999,0
847290600,274.35499999999996,275.1549999999999,274.35499999999996,275.05499999999995,0
847377000,275.10499999999996,275.2049999999999,274.50499999999994,274.9549999999999,0
847463400,275.35499999999996,275.75499999999994,274.9549999999999,275.75499999999994,0
847722600,275.60499999999996,276.7749999999999,275.4749999999999,276.17499999999995,0
847809000,276.2049999999999,276.7049999999999,275.55499999999995,276.4749999999999,0
847895400,276.4549999999999,276.4549999999999,275.50499999999994,275.57499999999993,0
847981800,275.75499999999994,277.07499999999993,275.75499999999994,277.07499999999993,0
848068200,277.05499999999995,277.07499999999993,276.4049999999999,276.9049999999999,0
848327400,276.75499999999994,277.2049999999999,276.35499999999996,276.50499999999994,0
848413800,276.55499999999995,277.10499999999996,276.35499999999996,276.75499999999994,0
848500200,276.75499999999994,277.55499999999995,276.35499999999996,276.4749999999999,0
848586600,276.05499999999995,276.10499999999996,275.1549999999999,275.75499999999994,0
848673000,275.6549999999999,276.30499999999995,275.55499999999995,276.2249999999999,0
848932200,276.07499999999993,276.87499999999994,275.87499999999994,276.37499999999994,0
849018600,276.37499999999994,277.32499999999993,276.17499999999995,277.12499999999994,0
849105000,277.4749999999999,277.9749999999999,277.2249999999999,277.82499999999993,0
849277800,277.82499999999993,278.19499999999994,277.7249999999999,277.9749999999999,0
849537000,278.37499999999994,278.82499999999993,277.9749999999999,278.3949999999999,0
849623400,278.2249999999999,278.2249999999999,277.37499999999994,277.3949999999999,0
849709800,276.8949999999999,277.82499999999993,276.32499999999993,276.49499999999995,0
849796200,276.04499999999996,276.9749999999999,276.04499999999996,276.79499999999996,0
849882600,276.62499999999994,276.7249999999999,276.07499999999993,276.5949999999999,0
850141800,276.37499999999994,277.2249999999999,276.37499999999994,277.1449999999999,0
850228200,276.7249999999999,276.82499999999993,275.275,275.4749999999999,0
850314600,275.3949999999999,275.57499999999993,274.42499999999995,274.57499999999993,0
850401000,274.62499999999994,275.12499999999994,274.49499999999995,275.025,0
850487400,275.32499999999993,275.8949999999999,274.525,275.7249999999999,0
850746600,275.62499999999994,276.12499999999994,275.275,275.37499999999994,0
850833000,275.57499999999993,275.74499999999995,274.9749999999999,275.07499999999993,0
850919400,274.9749999999999,275.19499999999994,274.82499999999993,275.07499999999993,0
851005800,275.32499999999993,275.32499999999993,274.32499999999993,274.79499999999996,0
851092200,274.62499999999994,275.9749999999999,274.44499999999994,275.69499999999994,0
851351400,275.4749999999999,275.775,275.24499999999995,275.54499999999996,0
851437800,275.67499999999995,275.8449999999999,275.32499999999993,275.7249999999999,0
851610600,275.82499999999993,276.525,275.57499999999993,276.37499999999994,0
851697000,276.4749999999999,277.42499999999995,276.2249999999999,277.12499999999994,0
851956200,279.12499999999994,279.12499999999994,279.12499999999994,279.12499999999994,0
852042600,279.62499999999994,279.92499999999995,278.79499999999996,278.8449999999999,0
852215400,278.37499999999994,278.525,277.87499999999994,278.32499999999993,0
852301800,277.32499999999993,278.275,277.32499999999993,278.07499999999993,0
852561000,277.9749999999999,278.87499999999994,277.87499999999994,278.49499999999995,0
852647400,278.2249999999999,278.49499999999995,277.74499999999995,278.29499999999996,0
852733800,278.12499999999994,278.4749999999999,277.12499999999994,277.275,0
852820200,277.275,277.7249999999999,276.87499999999994,277.24499999999995,0
852906600,277.525,277.57499999999993,276.62499999999994,277.32499999999993,0
853165800,277.37499999999994,277.82499999999993,276.7249999999999,276.74499999999995,0
853252200,276.57499999999993,277.3949999999999,276.42499999999995,277.3449999999999,0
853338600,277.32499999999993,277.5949999999999,276.9749999999999,277.2249999999999,0
853425000,277.32499999999993,277.32499999999993,275.7249999999999,275.92499999999995,0
853511400,275.87499999999994,275.87499999999994,275.275,275.37499999999994,0
853770600,275.12499999999994,275.87499999999994,275.12499999999994,275.55499999999995,0
853857000,275.67499999999995,276.1549999999999,275.6049999999999,275.92499999999995,0
853943400,276.3549999999999,276.4749999999999,275.7749999999999,276.05499999999995,0
854029800,276.25499999999994,277.3549999999999,276.1049999999999,276.9049999999999,0
854116200,277.05499999999995,277.17499999999995,276.7049999999999,276.87499999999994,0
854375400,277.1049999999999,277.9049999999999,276.7249999999999,277.7049999999999,0
854461800,277.55499999999995,277.80499999999995,276.9749999999999,277.05499999999995,0
854548200,276.75499999999994,276.8549999999999,275.8549999999999,276.2249999999999,0
854634600,276.2049999999999,276.9049999999999,276.2049999999999,276.4049999999999,0
854721000,276.2049999999999,276.2049999999999,274.9549999999999,275.4549999999999,0
854980200,275.6049999999999,276.1049999999999,275.6049999999999,276.0249999999999,0
855066600,276.1049999999999,276.1049999999999,275.00499999999994,275.4749999999999,0
855153000,275.7049999999999,275.8549999999999,275.05499999999995,275.50499999999994,0
855239400,275.1549999999999,275.3549999999999,274.4049999999999,274.4049999999999,0
855325800,274.25499999999994,274.80499999999995,274.1049999999999,274.75499999999994,0
855585000,274.4549999999999,274.62499999999994,273.87499999999994,274.00499999999994,0
855671400,273.80499999999995,274.6549999999999,273.75499999999994,274.55499999999995,0
855757800,274.80499999999995,275.17499999999995,274.4549999999999,275.12499999999994,0
855844200,275.00499999999994,275.32499999999993,274.7749999999999,275.1049999999999,0
855930600,274.80499999999995,274.80499999999995,273.6049999999999,273.9049999999999,0
856276200,273.6549999999999,273.6549999999999,272.7049999999999,272.7749999999999,0
856362600,272.6549999999999,273.4749999999999,272.6549999999999,273.4049999999999,0
856449000,273.1049999999999,274.05499999999995,273.1049999999999,273.75499999999994,0
856535400,273.7049999999999,273.8549999999999,272.6549999999999,273.6549999999999,0
856794600,274.30499999999995,275.6549999999999,274.30499999999995,275.3549999999999,0
856881000,275.30499999999995,275.4549999999999,274.6549999999999,275.17499999999995,0
856967400,275.17499999999995,276.00499999999994,274.8549999999999,275.7249999999999,0
857053800,275.9549999999999,276.25499999999994,274.8549999999999,275.6549999999999,0
857140200,275.2049999999999,275.5249999999999,274.8549999999999,275.17499999999995,0
857399400,275.00499999999994,275.1049999999999,274.50499999999994,274.7749999999999,0
857485800,274.8549999999999,275.25499999999994,273.75499999999994,273.87499999999994,0
857572200,273.50499999999994,273.7049999999999,271.87499999999994,271.87499999999994,0
857658600,270.9549999999999,271.2049999999999,270.3549999999999,270.8549999999999,0
857745000,270.80499999999995,271.50499999999994,270.4049999999999,270.92499999999995,0
858004200,271.00499999999994,271.25499999999994,270.6049999999999,270.80499999999995,0
858090600,271.05499999999995,271.2749999999999,269.6049999999999,269.87499999999994,0
858177000,269.9549999999999,270.17499999999995,269.4049999999999,269.7749999999999,0
858263400,269.6549999999999,270.3549999999999,269.4049999999999,270.12499999999994,0
858349800,270.3549999999999,271.1049999999999,270.25499999999994,270.80499999999995,0
858609000,271.1049999999999,271.55499999999995,270.80499999999995,271.07499999999993,0
858695400,271.155,271.30499999999995,270.25499999999994,270.30499999999995,0
858781800,269.6049999999999,269.9549999999999,269.4549999999999,269.905,0
858868200,271.905,271.905,271.3549999999999,271.905,0
858954600,273.25499999999994,273.905,273.155,273.905,0
859213800,274.75499999999994,275.905,274.75499999999994,275.905,0
859300200,275.4549999999999,275.55499999999995,274.2049999999999,274.6049999999999,0
859386600,274.75499999999994,275.25499999999994,274.30499999999995,274.7049999999999,0
859473000,274.82499999999993,275.155,274.50499999999994,274.7749999999999,0
859818600,275.30499999999995,276.2049999999999,274.9549999999999,275.62499999999994,0
859905000,275.50499999999994,275.50499999999994,274.17499999999995,274.4549999999999,0
859991400,274.4549999999999,274.55499999999995,273.7749999999999,274.07499999999993,0
860077800,276.07499999999993,276.07499999999993,275.37499999999994,276.07499999999993,0
860164200,275.2049999999999,276.155,274.75499999999994,275.67499999999995,0
860419800,275.4749999999999,275.67499999999995,274.8549999999999,275.1049999999999,0
860506200,274.75499999999994,275.2049999999999,274.32499999999993,274.7249999999999,0
860592600,274.8549999999999,276.00499999999994,274.75499999999994,275.37499999999994,0
860679000,276.55499999999995,276.655,276.00499999999994,276.405,0
860765400,276.4549999999999,276.50499999999994,275.655,276.2049999999999,0
861024600,276.30499999999995,276.75499999999994,275.62499999999994,276.4549999999999,0
861111000,276.30499999999995,277.155,275.9749999999999,276.82499999999993,0
861197400,277.25499999999994,277.655,276.7749999999999,277.2049999999999,0
861283800,277.80499999999995,279.2049999999999,277.55499999999995,279.2049999999999,0
861370200,279.05499999999995,279.4549999999999,278.30499999999995,279.07499999999993,0
861629400,278.50499999999994,279.07499999999993,278.2049999999999,279.00499999999994,0
861715800,278.75499999999994,279.00499999999994,278.1049999999999,278.75499999999994,0
861802200,278.6049999999999,279.2249999999999,278.2749999999999,278.7049999999999,0
861888600,278.905,280.3549999999999,278.50499999999994,279.12499999999994,0
861975000,278.6049999999999,278.7049999999999,277.92499999999995,278.17499999999995,0
862234200,278.05499999999995,278.155,277.3549999999999,277.655,0
862320600,278.00499999999994,278.5249999999999,277.3549999999999,277.405,0
862407000,277.30499999999995,277.67499999999995,277.07499999999993,277.30499999999995,0
862493400,277.55499999999995,278.9549999999999,277.37499999999994,278.7049999999999,0
862579800,278.3549999999999,278.5249999999999,277.7049999999999,277.75499999999994,0
862839000,277.405,277.4549999999999,276.4549999999999,277.25499999999994,0
862925400,277.57499999999993,278.42499999999995,277.2049999999999,278.2749999999999,0
863011800,278.6049999999999,279.2049999999999,277.8549999999999,278.12499999999994,0
863098200,278.00499999999994,278.7749999999999,277.75499999999994,278.6049999999999,0
863184600,278.7049999999999,279.25499999999994,278.50499999999994,278.75499999999994,0
863443800,278.9549999999999,279.5249999999999,278.2049999999999,278.42499999999995,0
863530200,278.3549999999999,278.50499999999994,277.75499999999994,277.80499999999995,0
863616600,277.80499999999995,278.25499999999994,277.155,277.2249999999999,0
863703000,276.87499999999994,277.30499999999995,276.00499999999994,276.07499999999993,0
863789400,275.655,276.00499999999994,274.75499999999994,274.80499999999995,0
864048600,275.0049999999999,275.32499999999993,274.5049999999999,275.0249999999999,0
864135000,275.1049999999999,275.6249999999999,274.4749999999999,274.57499999999993,0
864221400,274.2549999999999,275.1049999999999,274.1549999999999,274.9749999999999,0
864307800,275.2049999999999,275.2549999999999,274.30499999999995,274.4549999999999,0
864394200,274.6549999999999,274.7549999999999,273.5049999999999,273.7249999999999,0
864739800,273.4549999999999,274.7749999999999,273.2049999999999,274.2549999999999,0
864826200,273.9049999999999,273.9549999999999,272.2549999999999,272.3549999999999,0
864912600,272.1049999999999,273.07499999999993,271.7049999999999,272.7249999999999,0
864999000,272.55499999999995,273.30499999999995,272.1049999999999,273.05499999999995,0
865258200,272.9549999999999,274.30499999999995,272.9549999999999,274.2049999999999,0
865344600,274.2549999999999,274.7049999999999,273.6249999999999,274.55499999999995,0
865431000,274.8749999999999,275.1549999999999,274.30499999999995,274.7749999999999,0
865517400,275.0049999999999,275.1049999999999,273.7549999999999,274.2049999999999,0
865603800,274.2049999999999,274.4249999999999,273.6549999999999,273.7549999999999,0
865863000,273.80499999999995,274.2249999999999,272.30499999999995,272.55499999999995,0
865949400,272.80499999999995,273.0049999999999,272.3749999999999,272.8549999999999,0
866035800,273.30499999999995,273.6249999999999,273.1549999999999,273.2249999999999,0
866122200,272.9049999999999,272.9049999999999,271.4049999999999,271.7549999999999,0
866208600,271.6049999999999,272.4549999999999,271.1549999999999,272.4249999999999,0
866467800,272.4049999999999,273.4049999999999,272.4049999999999,273.2749999999999,0
866554200,273.6049999999999,274.4049999999999,273.6049999999999,274.32499999999993,0
866640600,274.2749999999999,274.9749999999999,273.62499999999994,274.7749999999999,0
866727000,274.7249999999999,275.62499999999994,274.62499999999994,274.74499999999995,0
866813400,274.3449999999999,274.8449999999999,274.0249999999999,274.6449999999999,0
867072600,275.32499999999993,275.4749999999999,274.57499999999993,274.74499999999995,0
867159000,275.07499999999993,275.17499999999995,274.32499999999993,274.7749999999999,0
867245400,274.4749999999999,274.62499999999994,274.17499999999995,274.4749999999999,0
867331800,274.2249999999999,274.44499999999994,273.82499999999993,274.24499999999995,0
867418200,274.4749999999999,275.57499999999993,274.2749999999999,275.2749999999999,0
867677400,277.2749999999999,277.2749999999999,277.2749999999999,277.2749999999999,0
867763800,277.82499999999993,277.82499999999993,276.42499999999995,276.67499999999995,0
867850200,276.42499999999995,276.57499999999993,275.7249999999999,276.32499999999993,0
867936600,276.5249999999999,277.12499999999994,276.2249999999999,276.94499999999994,0
868282200,277.2249999999999,277.2249999999999,275.1449999999999,275.42499999999995,0
868368600,275.2749999999999,275.74499999999995,274.8949999999999,275.17499999999995,0
868455000,275.32499999999993,276.12499999999994,274.92499999999995,275.9749999999999,0
868541400,275.7749999999999,276.49499999999995,275.67499999999995,276.04499999999996,0
868627800,276.12499999999994,276.9749999999999,276.12499999999994,276.7749999999999,0
868887000,276.9749999999999,277.17499999999995,276.37499999999994,276.4749999999999,0
868973400,276.87499999999994,277.37499999999994,275.7249999999999,276.29499999999996,0
869059800,276.62499999999994,276.67499999999995,275.62499999999994,275.9749999999999,0
869146200,275.9749999999999,276.67499999999995,275.67499999999995,276.1449999999999,0
869232600,276.12499999999994,276.4749999999999,275.7749999999999,276.42499999999995,0
869491800,276.4749999999999,276.6449999999999,275.42499999999995,275.8949999999999,0
869578200,275.67499999999995,275.7749999999999,274.37499999999994,274.5249999999999,0
869664600,274.19499999999994,274.92499999999995,274.07499999999993,274.49499999999995,0
869751000,274.57499999999993,275.67499999999995,274.5249999999999,275.6449999999999,0
869837400,275.62499999999994,276.37499999999994,275.29499999999996,276.1449999999999,0
870096600,276.1449999999999,276.19499999999994,275.5249999999999,275.6449999999999,0
870183000,275.67499999999995,277.0249999999999,275.57499999999993,276.3449999999999,0
870269400,276.17499999999995,276.2749999999999,275.57499999999993,276.07499999999993,0
870355800,276.2249999999999,277.5249999999999,276.2249999999999,277.2249999999999,0
870442200,277.4749999999999,277.7749999999999,276.8949999999999,277.6449999999999,0
870701400,277.4749999999999,278.07499999999993,277.2249999999999,277.99499999999995,0
870787800,277.42499999999995,277.5249999999999,275.99499999999995,275.99499999999995,0
870874200,275.57499999999993,275.57499999999993,274.49499999999995,274.7749999999999,0
870960600,274.87499999999994,275.2749999999999,274.42499999999995,275.07499999999993,0
871047000,275.12499999999994,275.12499999999994,274.17499999999995,274.5949999999999,0
871306200,274.57499999999993,275.07499999999993,273.7749999999999,273.92499999999995,0
871392600,274.0249999999999,274.2749999999999,273.7249999999999,274.12499999999994,0
871479000,274.0249999999999,274.62499999999994,273.82499999999993,273.99499999999995,0
871565400,274.32499999999993,275.24499999999995,274.17499999999995,275.0949999999999,0
871651800,275.07499999999993,275.29499999999996,273.0949999999999,273.0949999999999,0
871911000,272.67499999999995,272.82499999999993,271.6449999999999,271.92499999999995,0
871997400,271.9749999999999,272.7249999999999,271.92499999999995,272.2749999999999,0
872083800,272.29499999999996,272.57499999999993,271.62499999999994,272.44499999999994,0
872170200,272.07499999999993,272.6449999999999,272.07499999999993,272.32499999999993,0
872256600,272.07499999999993,273.12499999999994,271.92499999999995,273.0949999999999,0
872515800,272.82499999999993,273.42499999999995,272.82499999999993,272.99499999999995,0
872602200,272.2749999999999,272.4749999999999,271.04499999999996,271.42499999999995,0
872688600,271.17499999999995,271.82499999999993,270.9749999999999,271.3949999999999,0
872775000,272.0249999999999,272.82499999999993,271.9749999999999,272.57499999999993,0
872861400,272.3949999999999,272.69499999999994,272.32499999999993,272.5249999999999,0
873207000,272.87499999999994,273.17499999999995,271.94499999999994,272.32499999999993,0
873293400,272.57499999999993,273.87499999999994,272.4749999999999,273.69499999999994,0
873379800,273.37499999999994,273.67499999999995,272.2249999999999,272.29499999999996,0
873466200,272.4749999999999,272.92499999999995,272.12499999999994,272.8449999999999,0
873725400,272.82499999999993,272.8449999999999,272.2749999999999,272.29499999999996,0
873811800,272.0249999999999,272.0249999999999,271.0249999999999,271.44499999999994,0
873898200,271.4749999999999,271.8449999999999,271.17499999999995,271.74499999999995,0
873984600,271.7249999999999,272.17499999999995,270.99499999999995,272.12499999999994,0
874071000,272.57499999999993,273.24499999999995,272.37499999999994,272.82499999999993,0
874330200,273.07499999999993,273.37499999999994,272.49499999999995,273.07499999999993,0
874416600,273.42499999999995,273.8449999999999,273.07499999999993,273.79499999999996,0
874503000,273.74499999999995,274.04499999999996,273.395,273.4649999999999,0
874589400,273.56499999999994,273.94499999999994,273.29499999999996,273.31499999999994,0
874675800,272.8449999999999,272.94499999999994,272.145,272.29499999999996,0
874935000,272.54499999999996,272.5949999999999,272.04499999999996,272.2149999999999,0
875021400,271.8449999999999,272.145,271.29499999999996,272.04499999999996,0
875107800,271.99499999999995,272.54499999999996,271.74499999999995,271.94499999999994,0
875194200,271.74499999999995,272.04499999999996,271.5949999999999,271.81499999999994,0
875280600,271.79499999999996,272.24499999999995,271.395,271.645,0
875539800,271.74499999999995,272.49499999999995,271.29499999999996,271.66499999999996,0
875626200,272.04499999999996,272.06499999999994,269.66499999999996,269.66499999999996,0
875712600,269.49499999999995,270.09499999999997,269.3949999999999,269.49499999999995,0
875799000,269.84499999999997,270.1449999999999,269.59499999999997,269.7149999999999,0
875885400,270.04499999999996,270.24499999999995,269.6449999999999,269.7149999999999,0
876144600,269.74499999999995,269.84499999999997,268.9649999999999,269.24499999999995,0
876231000,269.19499999999994,269.49499999999995,268.6449999999999,269.01499999999993,0
876317400,268.8949999999999,269.1449999999999,268.2149999999999,268.29499999999996,0
876403800,268.34499999999997,268.74499999999995,268.09499999999997,268.2149999999999,0
876490200,267.8949999999999,268.61499999999995,267.74499999999995,268.01499999999993,0
876749400,268.01499999999993,268.49499999999995,267.84499999999997,268.44499999999994,0
876835800,268.41499999999996,268.94499999999994,268.1449999999999,268.91499999999996,0
876922200,268.79499999999996,268.79499999999996,267.51499999999993,268.04499999999996,0
877008600,268.3949999999999,268.69499999999994,268.06499999999994,268.24499999999995,0
877095000,268.44499999999994,268.54499999999996,267.04499999999996,267.11499999999995,0
877354200,267.24499999999995,267.41499999999996,266.26499999999993,266.31499999999994,0
877440600,266.6449999999999,266.84499999999997,266.36499999999995,266.41499999999996,0
877527000,266.74499999999995,267.19499999999994,266.54499999999996,266.81499999999994,0
877613400,266.81499999999994,267.56499999999994,266.59499999999997,267.3949999999999,0
877699800,267.79499999999996,269.3949999999999,267.79499999999996,269.2149999999999,0
877962600,269.24499999999995,269.69499999999994,268.4649999999999,268.69499999999994,0
878049000,268.09499999999997,268.44499999999994,267.16499999999996,267.84499999999997,0
878135400,268.04499999999996,268.29499999999996,267.74499999999995,267.8949999999999,0
878221800,268.19499999999994,269.09499999999997,268.04499999999996,269.06499999999994,0
878308200,269.29499999999996,269.44499999999994,268.3949999999999,268.4649999999999,0
878567400,268.79499999999996,268.79499999999996,268.04499999999996,268.19499999999994,0
878653800,268.54499999999996,268.6449999999999,267.59499999999997,268.36499999999995,0
878740200,268.44499999999994,269.01499999999993,268.26499999999993,268.34499999999997,0
878826600,268.24499999999995,268.41499999999996,267.56499999999994,268.29499999999996,0
878913000,267.79499999999996,267.94499999999994,267.1449999999999,267.2149999999999,0
879172200,267.19499999999994,267.44499999999994,266.8949999999999,267.3949999999999,0
879258600,267.29499999999996,267.51499999999993,267.06499999999994,267.34499999999997,0
879345000,267.79499999999996,268.44499999999994,266.99499999999995,268.34499999999997,0
879431400,268.44499999999994,268.99499999999995,268.04499999999996,268.8949999999999,0
879517800,268.94499999999994,269.09499999999997,268.44499999999994,268.66499999999996,0
879777000,268.59499999999997,269.16499999999996,268.54499999999996,268.91499999999996,0
879863400,268.6449999999999,269.44499999999994,268.6449999999999,269.34499999999997,0
879949800,269.1449999999999,269.3949999999999,268.69499999999994,268.74499999999995,0
880036200,268.79499999999996,269.09499999999997,268.59499999999997,268.76499999999993,0
880122600,268.74499999999995,268.99499999999995,268.19499999999994,268.26499999999993,0
880381800,268.24499999999995,268.24499999999995,266.59499999999997,266.99499999999995,0
880468200,267.09499999999997,267.29499999999996,266.74499999999995,267.16499999999996,0
880554600,267.16499999999996,267.69499999999994,266.84499999999997,267.04499999999996,0
880727400,267.1449999999999,267.19499999999994,266.6449999999999,266.9649999999999,0
880986600,266.56499999999994,266.86499999999995,266.3949999999999,266.7149999999999,0
881073000,266.54499999999996,266.94499999999994,266.29499999999996,266.41499999999996,0
881159400,266.3949999999999,266.81499999999994,266.3949999999999,266.59499999999997,0
881245800,266.84499999999997,267.29499999999996,266.84499999999997,267.11499999999995,0
881332200,267.1449999999999,267.26499999999993,266.84499999999997,267.09499999999997,0
881591400,267.04499999999996,267.09499999999997,266.41499999999996,266.7149999999999,0
881677800,266.6449999999999,267.44499999999994,266.34499999999997,267.1449999999999,0
881764200,266.84499999999997,267.2149999999999,266.59499999999997,267.06499999999994,0
881850600,266.99499999999995,267.8949999999999,266.8949999999999,267.3949999999999,0
881937000,266.99499999999995,267.94499999999994,266.84499999999997,267.2149999999999,0
882196200,266.69499999999994,266.81499999999994,266.1449999999999,266.36499999999995,0
882282600,266.49499999999995,266.94499999999994,266.16499999999996,266.8949999999999,0
882369000,266.6449999999999,266.79499999999996,266.34499999999997,266.51499999999993,0
882455400,266.54499999999996,266.59499999999997,265.9649999999999,266.11499999999995,0
882541800,265.8949999999999,266.01499999999993,265.41499999999996,265.9649999999999,0
882801000,265.79499999999996,265.79499999999996,265.41499999999996,265.54499999999996,0
882887400,265.44499999999994,265.94499999999994,265.3949999999999,265.44499999999994,0
882973800,265.34499999999997,265.6449999999999,265.31499999999994,265.4649999999999,0
883146600,265.3949999999999,265.79499999999996,265.3949999999999,265.69499999999994,0
883405800,265.41499999999996,265.44499999999994,264.61499999999995,264.74499999999995,0
883492200,264.49499999999995,264.49499999999995,264.1449999999999,264.34499999999997,0
883578600,264.24499999999995,264.41499999999996,264.04499999999996,264.19499999999994,0
883751400,264.24499999999995,264.24499999999995,263.54499999999996,264.01499999999993,0
884010600,264.04499999999996,264.09499999999997,263.56499999999994,263.69499999999994,0
884097000,263.79499999999996,264.01499999999993,263.24499999999995,263.8949999999999,0
884183400,263.74499999999995,264.19499999999994,263.49499999999995,264.1449999999999,0
884269800,263.59499999999997,263.6449999999999,262.69499999999994,262.94499999999994,0
884356200,263.1449999999999,263.59499999999997,263.09499999999997,263.51499999999993,0
884615400,263.74499999999995,264.81499999999994,263.51499999999993,264.09499999999997,0
884701800,264.09499999999997,264.61499999999995,263.6449999999999,264.3949999999999,0
884788200,264.24499999999995,264.29499999999996,263.56499999999994,264.04499999999996,0
884874600,263.74499999999995,263.74499999999995,262.6449999999999,262.99499999999995,0
884961000,263.19499999999994,263.41499999999996,262.69499999999994,262.74499999999995,0
885306600,262.99499999999995,263.56499999999994,262.99499999999995,263.44499999999994,0
885393000,263.395,263.895,263.36499999999995,263.515,0
885479400,263.44499999999994,265.515,263.44499999999994,265.465,0
885565800,265.54499999999996,266.79499999999996,265.29499999999996,266.645,0
885825000,266.84499999999997,266.84499999999997,265.79499999999996,265.94499999999994,0
885911400,265.645,265.79499999999996,265.19499999999994,265.515,0
885997800,265.29499999999996,265.645,264.99499999999995,265.16499999999996,0
886084200,264.895,265.34499999999997,264.645,264.94499999999994,0
886170600,265.145,265.49499999999995,264.74499999999995,265.06499999999994,0
886429800,265.04499999999996,265.04499999999996,264.145,264.145,0
886516200,263.94499999999994,264.29499999999996,263.69499999999994,263.86499999999995,0
886602600,263.24499999999995,263.94499999999994,263.24499999999995,263.895,0
886689000,263.69499999999994,263.69499999999994,262.69499999999994,262.86499999999995,0
886775400,262.74499999999995,263.34499999999997,262.54499999999996,263.06499999999994,0
887034600,263.04499999999996,263.54499999999996,262.79499999999996,263.06499999999994,0
887121000,262.69499999999994,262.69499999999994,261.24499999999995,261.29499999999996,0
887207400,261.19499999999994,261.395,260.59499999999997,260.895,0
887293800,261.04499999999996,261.74499999999995,260.895,261.41499999999996,0
887380200,261.69499999999994,262.09499999999997,261.34499999999997,261.91499999999996,0
887725800,261.74499999999995,261.94499999999994,259.91499999999996,259.91499999999996,0
887812200,259.44499999999994,259.895,258.69499999999994,259.84499999999997,0
887898600,259.79499999999996,259.84499999999997,258.765,259.395,0
887985000,259.645,260.44499999999994,259.49499999999995,259.645,0
888244200,258.895,258.895,257.645,257.645,0
888330600,257.59499999999997,257.59499999999997,255.64499999999998,256.645,0
888417000,256.44499999999994,257.29499999999996,255.89499999999998,256.11499999999995,0
888503400,255.94499999999996,256.765,254.94499999999996,256.015,0
888589800,256.69499999999994,256.91499999999996,256.145,256.465,0
888849000,256.59499999999997,256.715,255.59499999999997,256.145,0
888935400,256.145,256.19499999999994,254.74499999999995,255.34499999999997,0
889021800,255.11499999999995,255.74499999999995,254.94499999999996,255.31499999999997,0
889108200,255.39499999999998,256.16499999999996,255.14499999999998,255.91499999999996,0
889194600,256.645,256.94499999999994,255.54499999999996,255.69499999999996,0
889453800,256.19499999999994,256.24499999999995,254.84499999999997,255.21499999999997,0
889540200,255.54499999999996,255.74499999999995,254.99499999999995,255.09499999999997,0
889626600,255.44499999999996,255.94499999999996,255.41499999999996,255.69499999999996,0
889713000,255.74499999999995,256.44499999999994,254.99499999999995,256.215,0
889799400,256.645,256.645,255.69499999999996,256.34499999999997,0
890058600,255.74499999999995,255.89499999999998,255.24499999999995,255.46499999999997,0
890145000,255.79499999999996,256.49499999999995,255.49499999999995,256.31499999999994,0
890231400,256.54499999999996,258.31499999999994,256.44499999999994,258.215,0
890317800,258.24499999999995,258.515,257.44499999999994,257.66499999999996,0
890404200,257.66499999999996,258.145,257.44499999999994,257.94499999999994,0
890663400,257.94499999999994,258.74499999999995,257.84499999999997,258.61499999999995,0
890749800,258.54499999999996,258.59499999999997,257.765,258.015,0
890836200,257.54499999999996,257.94499999999994,257.06499999999994,257.11499999999995,0
890922600,257.145,257.59499999999997,256.84499999999997,257.16499999999996,0
891009000,257.04499999999996,259.16499999999996,257.04499999999996,258.99499999999995,0
891268200,258.94499999999994,259.54499999999996,258.29499999999996,259.515,0
891354600,259.895,260.145,259.29499999999996,260.015,0
891441000,259.645,259.74499999999995,258.94499999999994,259.56499999999994,0
891527400,259.145,259.29499999999996,257.84499999999997,258.29499999999996,0
891613800,257.645,259.19499999999994,257.24499999999995,258.91499999999996,0
891869400,258.515,258.74499999999995,257.94499999999994,258.145,0
891955800,258.19499999999994,259.34499999999997,258.19499999999994,259.09499999999997,0
892042200,260.24499999999995,260.24499999999995,259.16499999999996,259.81499999999994,0
892128600,259.94499999999994,260.49499999999995,259.44499999999994,260.265,0
892474200,260.44499999999994,261.49499999999995,260.34499999999997,261.215,0
892560600,261.04499999999996,261.215,260.59499999999997,260.765,0
892647000,260.44499999999994,260.44499999999994,259.59499999999997,259.66499999999996,0
892733400,259.765,260.49499999999995,259.69499999999994,260.44499999999994,0
892819800,260.395,260.44499999999994,259.99499999999995,260.015,0
893079000,260.24499999999995,262.015,260.24499999999995,261.79499999999996,0
893165400,261.34499999999997,261.395,259.895,260.515,0
893251800,260.44499999999994,260.91499999999996,260.145,260.59499999999997,0
893338200,260.69499999999994,261.34499999999997,260.56499999999994,260.715,0
893424600,260.69499999999994,260.69499999999994,259.61499999999995,260.215,0
893683800,259.94499999999994,260.74499999999995,259.69499999999994,260.645,0
893770200,260.645,260.645,260.145,260.41499999999996,0
893856600,260.465,260.465,260.015,260.31499999999994,0
893943000,260.145,260.34499999999997,259.91499999999996,259.965,0
894029400,260.34499999999997,261.54499999999996,260.11499999999995,261.24499999999995,0
894288600,261.645,261.895,261.145,261.515,0
894375000,261.49499999999995,261.61499999999995,260.895,261.29499999999996,0
894461400,261.34499999999997,261.69499999999994,260.965,261.09499999999997,0
894547800,260.895,260.91499999999996,260.31499999999994,260.895,0
894634200,261.04499999999996,261.41499999999996,260.79499999999996,260.965,0
894893400,261.29499999999996,261.94499999999994,261.16499999999996,261.715,0
894979800,261.54499999999996,261.56499999999994,261.09499999999997,261.24499999999995,0
895066200,261.19499999999994,261.24499999999995,260.59499999999997,261.11499999999995,0
895152600,261.145,262.395,261.09499999999997,262.29499999999996,0
895239000,262.395,262.54499999999996,261.895,262.24499999999995,0
895498200,262.47499999999997,262.645,262.145,262.42499999999995,0
895584600,262.775,262.79499999999996,261.22499999999997,261.245,0
895671000,261.42499999999995,261.67499999999995,260.67499999999995,260.875,0
895757400,260.47499999999997,260.645,259.745,260.04499999999996,0
895843800,259.995,260.895,259.995,260.825,0
896189400,260.72499999999997,261.025,260.275,260.495,0
896275800,260.47499999999997,260.625,259.325,259.54499999999996,0
896362200,259.325,260.025,259.275,259.875,0
896448600,260.025,260.395,259.825,260.325,0
896707800,260.375,261.47499999999997,260.04499999999996,261.325,0
896794200,261.525,262.84499999999997,261.42499999999995,262.125,0
896880600,262.375,262.47499999999997,261.745,262.04499999999996,0
896967000,262.125,262.825,261.92499999999995,262.59499999999997,0
897053400,262.525,263.22499999999997,262.145,263.075,0
897312600,263.125,263.67499999999995,262.92499999999995,263.09499999999997,0
897399000,263.025,263.42499999999995,262.67499999999995,263.04499999999996,0
897485400,262.625,262.79499999999996,262.275,262.745,0
897571800,262.34499999999997,262.625,262.125,262.245,0
897658200,262.075,263.17499999999995,261.84499999999997,263.04499999999996,0
897917400,262.97499999999997,263.59499999999997,262.825,263.09499999999997,0
898003800,263.22499999999997,263.375,262.575,263.325,0
898090200,263.47499999999997,263.625,262.67499999999995,262.695,0
898176600,262.375,262.825,261.925,262.625,0
898263000,262.725,262.975,262.445,262.795,0
898522200,262.775,262.775,262.175,262.34499999999997,0
898608600,261.575,261.925,261.275,261.575,0
898695000,261.225,261.575,260.825,261.395,0
898781400,261.395,261.475,260.925,261.045,0
898867800,261.125,261.475,260.975,261.125,0
899127000,260.725,260.895,260.025,260.09499999999997,0
899213400,259.825,259.875,258.295,258.395,0
899299800,258.275,259.025,257.875,258.045,0
899386200,258.225,258.425,257.575,257.795,0
899731800,258.275,258.725,258.225,258.545,0
899818200,258.275,259.125,258.175,258.575,0
899904600,258.375,258.545,257.975,258.225,0
899991000,257.875,257.925,256.425,256.695,0
900077400,256.375,256.775,254.725,254.745,0
900336600,254.875,255.175,253.245,253.945,4859
900423000,254.125,254.675,254.075,254.175,4788
900509400,254.675,255.02499999999998,253.52499999999998,253.795,3351
900595800,253.875,254.825,253.795,254.575,3410
900682200,255.225,255.725,255.02499999999998,255.445,3004
900941400,255.39499999999998,255.445,253.445,253.765,2684
901027800,253.695,254.14499999999998,253.445,253.815,1162
901114200,253.89499999999998,254.29500000000002,253.595,253.695,2766
901200600,252.945,253.245,251.695,252.89499999999998,1648
901287000,253.095,253.695,252.89499999999998,253.365,2626
901546200,253.345,253.945,252.64499999999998,252.79500000000002,1795
901632600,252.79500000000002,253.39499999999998,252.39499999999998,253.345,1269
901719000,253.095,253.265,252.64499999999998,253.065,1281
901805400,252.745,253.315,252.695,252.995,1389
901891800,252.995,253.265,251.995,252.04500000000002,2805
902151000,251.79500000000002,252.445,250.195,252.14499999999998,4097
902237400,252.195,252.665,251.29500000000002,252.495,3667
902323800,252.79500000000002,253.29500000000002,252.29500000000002,252.815,4401
902410200,253.39499999999998,254.495,252.845,254.445,4952
902496600,254.595,254.995,253.945,254.445,2705
902755800,254.595,254.595,253.615,254.115,2861
902842200,253.745,253.815,252.445,252.515,4109
902928600,252.595,253.715,252.29500000000002,253.665,5656
903015000,253.995,255.345,253.865,255.165,5541
903101400,254.995,256.045,253.995,254.245,3801
903360600,253.89499999999998,254.04500000000002,252.695,253.095,3584
903447000,253.095,253.965,252.495,253.665,2725
903533400,253.495,253.915,253.14499999999998,253.265,2183
903619800,253.39499999999998,253.39499999999998,252.745,252.845,4444
903706200,252.345,252.54500000000002,251.04500000000002,251.265,0
903965400,251.095,251.695,250.79500000000002,251.195,4444
904051800,250.495,250.745,249.64499999999998,250.345,3410
904138200,250.29500000000002,250.915,249.79500000000002,250.79500000000002,4190
904224600,250.495,250.915,249.715,250.665,3835
904311000,250.595,250.595,248.845,248.865,4579
904570200,248.495,248.64499999999998,246.865,246.865,5548
904656600,245.79500000000002,246.715,244.995,246.315,4152
904743000,246.79500000000002,247.865,246.745,247.54500000000002,4349
904829400,247.445,248.04500000000002,245.595,246.89499999999998,2106
904915800,247.595,247.695,246.64499999999998,246.715,2780
905261400,247.29500000000002,247.64499999999998,246.845,247.565,3826
905347800,247.79500000000002,248.79500000000002,247.79500000000002,248.54500000000002,4593
905434200,248.595,249.495,247.945,247.965,4030
905520600,248.345,249.845,248.345,248.415,3976
905779800,247.89499999999998,249.39499999999998,247.845,249.015,4277
905866200,249.79500000000002,250.845,249.64499999999998,250.765,0
905952600,251.595,251.845,250.415,250.465,2811
906039000,250.445,250.715,249.845,250.495,3449
906125400,250.395,250.395,249.065,249.565,2359
906384600,249.395,250.54500000000002,249.245,250.095,1884
906471000,250.495,250.645,249.79500000000002,249.945,2240
906557400,249.745,250.245,249.495,249.815,2864
906643800,249.645,249.995,249.245,249.595,2864
906730200,249.395,249.76500000000001,249.26500000000001,249.41500000000002,3503
906989400,249.29500000000002,250.54500000000002,249.29500000000002,250.445,3867
907075800,250.54500000000002,251.29500000000002,250.345,250.695,3156
907162200,251.145,251.395,250.04500000000002,250.145,4786
907248600,250.345,250.345,248.945,249.26500000000001,3390
907335000,249.145,249.54500000000002,248.865,249.04500000000002,3192
907594200,248.445,248.695,248.145,248.215,6093
907680600,247.945,248.995,247.79500000000002,248.345,4518
907767000,248.595,250.345,248.595,250.345,5386
907853400,250.595,251.645,249.895,249.995,4590
907939800,251.04500000000002,251.895,250.245,251.395,0
908199000,251.54500000000002,252.145,251.095,251.465,6107
908285400,251.29500000000002,253.465,251.095,253.465,6610
908371800,253.845,254.345,252.145,252.29500000000002,5515
908458200,252.54500000000002,252.715,251.395,252.095,3802
908544600,252.04500000000002,252.495,251.195,251.595,4107
908803800,250.54500000000002,250.895,249.895,250.115,3017
908890200,249.995,250.645,249.945,250.16500000000002,3178
908976600,250.29500000000002,251.115,250.29500000000002,250.865,4936
909063000,251.095,251.095,249.695,250.04500000000002,5306
909149400,249.945,250.745,249.565,250.245,3772
909412200,249.745,249.79500000000002,249.195,249.315,4828
909498600,249.145,249.845,248.645,249.595,4609
909585000,249.29500000000002,249.595,248.565,248.695,6137
909671400,248.445,249.04500000000002,247.345,247.41500000000002,4437
909757800,247.445,247.565,246.965,247.145,7020
910017000,246.845,246.945,245.145,245.145,6216
910103400,244.645,245.395,244.29500000000002,245.26500000000001,5130
910189800,245.095,246.495,245.04500000000002,245.945,6282
910276200,245.745,245.745,244.29500000000002,244.945,6747
910362600,245.095,246.945,244.995,245.595,3823
910621800,245.845,246.115,245.445,245.51500000000001,4413
910708200,245.245,245.365,244.465,244.615,5209
910794600,244.54500000000002,244.91500000000002,243.845,243.895,6230
910881000,243.54500000000002,244.195,243.345,244.04500000000002,5171
910967400,243.945,244.445,242.895,242.945,4899
911226600,242.54500000000002,242.79500000000002,241.26500000000001,241.495,6054
911313000,241.495,242.045,241.14499999999998,241.84499999999997,2852
911399400,241.84499999999997,242.59499999999997,241.695,241.86499999999998,5037
911485800,241.945,242.265,240.71499999999997,240.84499999999997,4025
911572200,240.89499999999998,240.89499999999998,239.34499999999997,239.445,5386
911831400,238.495,238.795,237.445,237.495,4345
911917800,238.09499999999997,238.995,237.89499999999998,238.745,3027
912004200,238.59499999999997,240.195,238.545,239.39499999999998,2293
912177000,239.39499999999998,239.495,238.695,238.765,4090
912436200,238.745,239.665,238.445,239.36499999999998,4650
912522600,239.195,241.09499999999997,239.09499999999997,241.015,4480
912609000,241.09499999999997,241.09499999999997,240.045,240.565,3842
912695400,240.64499999999998,240.765,239.695,239.84499999999997,3929
912781800,239.59499999999997,240.045,239.065,239.61499999999998,6110
913041000,238.995,239.295,237.61499999999998,237.61499999999998,6634
913127400,236.295,237.14499999999998,236.045,236.14499999999998,8802
913213800,236.045,236.545,234.14499999999998,234.86499999999998,8259
913300200,234.74499999999998,234.84499999999997,232.86499999999998,232.86499999999998,7513
913386600,231.39499999999998,231.945,230.86499999999998,230.86499999999998,9411
913645800,230.295,232.86499999999998,229.49499999999998,232.86499999999998,5408
913732200,232.545,232.595,230.86499999999998,230.86499999999998,8473
913818600,228.86499999999998,232.86499999999998,228.86499999999998,230.74499999999998,6629
913905000,231.345,232.345,230.64499999999998,230.945,4184
913991400,231.39499999999998,232.39499999999998,231.14499999999998,232.165,4393
914250600,231.795,231.845,230.295,231.065,3387
914337000,232.045,232.74499999999998,231.49499999999998,232.315,4226
914423400,232.99499999999998,234.195,232.89499999999998,233.565,1928
914509800,233.845,234.095,233.345,233.86499999999998,3915
914855400,233.89499999999998,235.745,233.345,235.195,3692
914941800,234.89499999999998,235.64499999999998,234.74499999999998,235.09499999999997,4259
915028200,235.495,236.59499999999997,235.14499999999998,236.045,3157
915114600,235.89499999999998,236.09499999999997,235.315,235.445,4431
915460200,235.59499999999997,235.59499999999997,233.445,233.515,4772
915546600,233.89499999999998,235.515,233.445,235.515,0
915633000,237.515,237.515,237.295,237.515,7013
915719400,239.295,239.515,237.995,239.515,7290
915805800,239.34499999999997,241.045,238.89499999999998,239.995,6050
916065000,239.795,241.995,239.445,241.995,6217
916151400,242.39499999999998,243.995,242.245,243.995,7933
916237800,243.695,245.295,242.39499999999998,242.945,5884
916324200,243.295,244.245,242.945,243.46499999999997,5884
916410600,243.46499999999997,244.14499999999998,242.09499999999997,242.745,4542
916756200,241.575,242.075,240.925,241.745,2464
916842600,241.575,243.745,241.575,243.745,3583
916929000,244.125,244.825,243.475,243.775,4516
917015400,243.925,245.625,243.675,245.375,3913
917274600,244.475,244.975,243.425,244.895,3540
917361000,244.375,244.875,243.825,243.895,4250
917447400,243.375,243.375,241.895,242.29500000000002,4458
917533800,242.225,244.29500000000002,242.025,243.925,3670
917620200,243.575,244.275,243.075,243.395,4300
917879400,243.025,244.975,242.525,243.995,3343
917965800,243.375,244.675,243.375,243.895,5923
918052200,243.575,245.475,243.325,244.29500000000002,4417
918138600,245.825,246.29500000000002,245.575,246.29500000000002,8275
918225000,246.675,248.29500000000002,246.175,248.29500000000002,5393
918484200,248.375,249.275,247.925,248.625,4730
918570600,248.525,248.625,247.525,247.945,4166
918657000,247.375,247.925,246.875,247.225,3809
918743400,246.875,247.525,246.525,246.645,3174
918829800,246.645,247.225,246.275,247.145,3608
919175400,246.525,246.525,245.625,245.79500000000002,4467
919261800,245.625,246.275,244.625,245.645,3096
919348200,245.575,246.125,245.025,245.425,3345
919434600,245.475,246.325,244.925,246.195,3725
919693800,245.925,246.725,245.475,246.175,4067
919780200,245.875,246.475,245.525,245.625,6339
919866600,245.175,245.175,243.675,243.79500000000002,5607
919953000,243.525,244.725,243.275,244.525,4577
920039400,244.075,244.275,243.175,243.375,3797
920298600,243.075,243.875,242.975,243.845,4076
920385000,243.575,244.125,243.29500000000002,243.425,0
920471400,243.075,243.175,242.475,242.925,5382
920557800,242.825,244.245,242.825,243.79500000000002,3313
920644200,243.925,244.025,243.125,243.195,4107
920903400,243.625,243.775,242.875,242.945,3971
920989800,242.945,243.125,242.54500000000002,242.925,4466
921076200,242.925,243.775,242.475,243.675,3809
921162600,243.175,243.54500000000002,242.925,243.04500000000002,4389
921249000,242.525,242.745,242.075,242.445,3462
921508200,241.975,242.125,241.245,241.445,3771
921594600,240.975,241.745,240.875,241.29500000000002,3396
921681000,241.375,241.975,241.075,241.345,2768
921767400,241.345,242.775,241.345,242.645,4957
921853800,242.425,243.375,242.07500000000002,243.275,3710
922113000,243.175,244.375,243.07500000000002,244.245,3149
922199400,244.275,244.57500000000002,243.525,243.875,2698
922285800,243.97500000000002,244.875,243.32500000000002,243.625,3050
922372200,243.625,243.675,242.775,243.525,2348
922458600,243.425,243.97500000000002,243.09500000000003,243.895,3133
922717800,241.895,242.875,241.895,241.895,6420
922804200,241.125,241.57500000000002,240.07500000000002,240.245,3104
922890600,240.32500000000002,240.875,240.245,240.525,3655
922977000,240.47500000000002,241.525,240.375,241.125,4639
923319000,240.97500000000002,242.59500000000003,240.925,242.275,7507
923405400,242.675,243.375,242.425,243.07500000000002,4241
923491800,242.675,242.72500000000002,242.125,242.175,4698
923578200,242.04500000000002,242.925,241.82500000000002,241.925,4051
923664600,242.22500000000002,243.025,241.97500000000002,242.895,4366
923923800,242.775,244.175,242.775,243.995,4909
924010200,243.47500000000002,243.82500000000002,242.94500000000002,243.525,4964
924096600,243.54500000000002,243.925,241.925,242.09500000000003,5478
924183000,242.22500000000002,242.22500000000002,241.375,241.775,5378
924269400,241.875,242.925,241.875,242.84500000000003,4284
924528600,242.97500000000002,243.79500000000002,242.97500000000002,243.395,6368
924615000,243.525,244.425,243.495,244.145,4282
924701400,243.375,244.025,243.245,243.895,3684
924787800,243.625,244.425,243.44500000000002,243.775,5413
924874200,243.875,245.775,243.57500000000002,245.775,6155
925133400,245.875,246.425,245.32500000000002,246.34500000000003,4464
925219800,246.175,246.375,245.525,245.895,4858
925306200,246.32500000000002,247.275,245.94500000000002,247.22500000000002,5719
925392600,247.07500000000002,247.425,246.675,246.745,3797
925479000,247.07500000000002,247.32500000000002,246.47500000000002,247.245,3624
925738200,247.675,247.675,246.69500000000002,246.745,3312
925824600,246.625,246.625,246.025,246.19500000000002,5717
925911000,246.07500000000002,247.025,245.875,246.07500000000002,6231
925997400,245.97500000000002,247.875,245.57500000000002,247.09500000000003,6231
926083800,247.125,248.72500000000002,247.07500000000002,248.645,5452
926343000,248.875,249.09500000000003,248.125,248.875,4560
926429400,248.925,249.07500000000002,248.025,248.145,5670
926515800,247.675,248.425,247.175,248.025,4400
926602200,247.875,248.275,247.425,248.22500000000002,5109
926688600,248.175,248.375,246.925,247.04500000000002,5952
926947800,246.875,246.875,245.57500000000002,246.145,6228
927034200,245.995,246.745,245.69500000000002,246.245,4136
927120600,244.94500000000002,245.745,244.54500000000002,244.64500000000004,2420
927207000,244.84500000000003,244.995,244.245,244.81500000000003,1497
927293400,244.84500000000003,245.365,244.59500000000003,245.14500000000004,3743
927552600,244.89500000000004,244.94500000000002,243.14500000000004,243.14500000000004,4124
927639000,242.44500000000002,242.89500000000004,241.89500000000004,242.56500000000003,3077
927725400,242.54500000000002,243.745,242.54500000000002,243.31500000000003,4137
927811800,243.04500000000002,243.19500000000002,241.31500000000003,241.31500000000003,3694
927898200,241.31500000000003,242.44500000000002,240.69500000000002,241.94500000000002,2747
928243800,241.44500000000002,241.745,240.76500000000001,240.96500000000003,3447
928330200,240.745,241.54500000000002,240.69500000000002,240.865,2833
928416600,241.245,241.84500000000003,241.19500000000002,241.41500000000002,3345
928503000,241.84500000000003,242.76500000000001,241.84500000000003,242.39500000000004,4041
928762200,242.245,243.14500000000004,242.14500000000004,242.46500000000003,4656
928848600,242.66500000000002,242.66500000000002,241.495,241.615,7225
928935000,241.495,241.615,239.79500000000002,240.615,6536
929021400,240.245,240.245,239.34500000000003,239.81500000000003,5140
929107800,239.44500000000002,240.54500000000002,239.44500000000002,240.39500000000004,5254
929367000,240.29500000000002,240.34500000000003,238.69500000000002,239.59500000000003,4519
929453400,238.79500000000002,238.79500000000002,237.59500000000003,237.71500000000003,4583
929539800,237.245,238.09500000000003,237.09500000000003,237.71500000000003,4301
929626200,237.34500000000003,237.34500000000003,235.71500000000003,236.115,3298
929712600,236.56500000000003,237.06500000000003,236.31500000000003,236.71500000000003,4463
929971800,236.31500000000003,236.46500000000003,234.71500000000003,235.985,2992
930058200,236.66500000000002,236.76500000000004,236.08500000000004,236.56500000000003,3225
930144600,236.31500000000003,237.01500000000004,235.66500000000002,235.76500000000004,3736
930231000,235.96500000000003,236.06500000000003,233.76500000000004,233.76500000000004,3761
930317400,234.21500000000003,234.46500000000003,233.21500000000003,233.38500000000002,665
930576600,231.38500000000002,231.38500000000002,231.38500000000002,231.38500000000002,3461
930663000,229.38500000000002,229.46500000000003,229.38500000000002,229.38500000000002,7904
930749400,229.06500000000003,229.41500000000002,227.38500000000002,227.63500000000002,6637
930835800,227.46500000000003,227.865,225.735,227.66500000000002,5211
930922200,228.16500000000002,228.41500000000002,226.735,227.63500000000002,5211
931267800,227.16500000000002,228.21500000000003,226.21500000000003,227.56500000000003,5357
931354200,227.56500000000003,229.56500000000003,227.365,229.56500000000003,6524
931440600,229.615,230.51500000000004,228.96500000000003,229.13500000000002,5817
931527000,229.365,230.21500000000003,227.13500000000002,229.18500000000003,7077
931786200,229.66500000000002,230.46500000000003,227.56500000000003,229.03500000000003,5504
931872600,228.06500000000003,228.18500000000003,227.16500000000002,227.485,6079
931959000,227.56500000000003,229.485,227.56500000000003,229.01500000000004,5104
932045400,228.66500000000002,230.26500000000004,228.41500000000002,229.96500000000003,4717
932131800,230.26500000000004,230.365,229.16500000000002,230.13500000000002,3596
932391000,230.46500000000003,230.46500000000003,229.21500000000003,229.81500000000003,3768
932477400,230.06500000000003,230.21500000000003,227.81500000000003,227.91500000000002,3277
932563800,228.06500000000003,228.96500000000003,226.865,228.31500000000003,3742
932650200,228.21500000000003,230.31500000000003,228.21500000000003,230.31500000000003,4615
932736600,230.96500000000003,232.115,230.43500000000003,231.96500000000003,3170
932995800,231.76500000000004,231.91500000000002,230.41500000000002,231.08500000000004,3833
933082200,230.91500000000002,231.26500000000004,229.485,230.615,2648
933168600,231.115,231.41500000000002,229.865,230.26500000000004,2963
933255000,230.06500000000003,230.81500000000003,229.31500000000003,230.13500000000002,3286
933341400,230.365,231.865,230.115,231.41500000000002,2468
933600600,233.06500000000003,233.41500000000002,232.96500000000003,233.41500000000002,4484
933687000,234.56500000000003,234.71500000000003,232.81500000000003,232.91500000000002,3457
933773400,233.21500000000003,234.06500000000003,232.81500000000003,233.21500000000003,3101
933859800,233.88500000000002,233.88500000000002,232.16500000000002,232.865,3255
933946200,232.76500000000004,234.28500000000003,232.51500000000004,233.66500000000002,3051
934205400,233.56500000000003,234.46500000000003,233.21500000000003,233.71500000000003,4306
934291800,233.96500000000003,235.21500000000003,233.76500000000004,234.83500000000004,3896
934378200,234.81500000000003,234.865,233.58500000000004,233.63500000000002,3218
934464600,232.66500000000002,233.56500000000003,232.66500000000002,232.96500000000003,3263
934551000,233.26500000000004,233.56500000000003,232.26500000000004,233.21500000000003,2044
934810200,232.76500000000004,233.56500000000003,232.66500000000002,233.485,4197
934896600,233.41500000000002,234.115,231.76500000000004,231.91500000000002,5574
934983000,232.01500000000004,232.01500000000004,230.21500000000003,230.46500000000003,3038
935069400,230.56500000000003,231.51500000000004,230.56500000000003,231.26500000000004,4330
935155800,231.96500000000003,232.76500000000004,231.41500000000002,232.71500000000003,6367
935415000,233.16500000000002,234.615,233.06500000000003,234.485,4569
935501400,234.485,234.81500000000003,233.51500000000004,233.93500000000003,3989
935587800,234.01500000000004,235.16500000000002,234.01500000000004,234.26500000000004,3138
935674200,233.96500000000003,233.96500000000003,232.96500000000003,233.21500000000003,2237
935760600,232.96500000000003,233.56500000000003,232.81500000000003,233.03500000000003,3230
936019800,232.81500000000003,234.26500000000004,232.38500000000002,233.83500000000004,3872
936106200,233.71500000000003,234.68500000000003,233.33500000000004,233.865,0
936192600,233.76500000000004,235.01500000000004,233.71500000000003,234.93500000000003,3097
936279000,235.115,235.16500000000002,234.365,235.115,2830
936365400,234.81500000000003,234.81500000000003,233.865,233.91500000000002,2574
936711000,233.76500000000004,234.43500000000003,233.365,234.21500000000003,4522
936797400,233.91500000000002,234.01500000000004,233.115,233.365,5407
936883800,233.365,233.81500000000003,231.365,231.365,6557
936970200,230.91500000000002,231.83500000000004,230.41500000000002,231.28500000000003,4363
937229400,231.46500000000003,231.96500000000003,230.91500000000002,231.03500000000003,6793
937315800,230.91500000000002,231.21500000000003,229.03500000000003,231.16500000000002,5630
937402200,231.06500000000003,232.615,230.66500000000002,230.83500000000004,3684
937488600,230.76500000000004,231.51500000000004,229.66500000000002,230.58500000000004,3454
937575000,230.865,232.01500000000001,230.71500000000003,231.56500000000003,2940
937834200,231.81500000000003,232.91500000000002,231.71500000000003,232.16500000000002,3733
937920600,232.71500000000003,233.01500000000001,232.01500000000001,232.56500000000003,3435
938007000,232.66500000000002,233.21500000000003,232.56500000000003,232.96500000000003,3249
938093400,233.51500000000001,233.76500000000001,232.96500000000003,233.68500000000003,3490
938179800,233.71500000000003,234.51500000000001,233.26500000000001,234.21500000000003,4187
938439000,235.71500000000003,236.21500000000003,235.71500000000003,236.21500000000003,6374
938525400,235.91500000000002,236.76500000000001,234.96500000000003,235.485,3897
938611800,235.31500000000003,235.91500000000002,235.21500000000003,235.76500000000001,3045
938698200,235.81500000000003,235.91500000000002,235.06500000000003,235.53500000000003,4707
938784600,235.81500000000003,237.115,235.81500000000003,236.71500000000003,4440
939043800,236.51500000000001,236.615,235.21500000000003,236.16500000000002,4751
939130200,235.615,235.615,234.235,234.33500000000004,4680
939216600,233.615,234.26500000000001,233.21500000000003,233.615,6533
939303000,233.865,235.615,233.76500000000001,234.66500000000002,4260
939389400,234.71500000000003,235.235,234.115,234.21500000000003,3004
939648600,233.71500000000003,234.21500000000003,233.365,233.78500000000003,5705
939735000,233.81500000000003,235.78500000000003,233.81500000000003,235.66500000000002,6254
939821400,236.26500000000001,237.06500000000003,236.115,236.485,6127
939907800,236.26500000000001,236.41500000000002,234.88500000000002,236.31500000000003,5459
939994200,236.28500000000003,236.81500000000003,235.365,236.01500000000001,4009
940253400,236.01500000000001,236.91500000000002,235.53500000000003,236.13500000000002,7221
940339800,236.13500000000002,237.96500000000003,235.865,237.88500000000002,6012
940426200,237.88500000000002,238.21500000000003,236.56500000000003,236.83500000000004,4604
940512600,237.235,237.71500000000003,236.51500000000001,237.66500000000002,4552
940599000,238.01500000000001,238.56500000000003,237.66500000000002,238.16500000000002,5714
940858200,238.21500000000003,238.615,237.21500000000003,237.365,4916
940944600,237.46500000000003,237.56500000000003,236.76500000000001,237.16500000000002,5885
941031000,236.615,236.615,235.21500000000003,235.31500000000003,4959
941117400,234.81500000000003,235.365,234.51500000000001,234.865,3041
941203800,235.41500000000002,235.81500000000003,235.26500000000001,235.43500000000003,4443
941466600,234.66500000000002,235.01500000000001,233.865,234.13500000000002,4323
941553000,233.81500000000003,234.76500000000001,233.76500000000001,234.63500000000002,3961
941639400,234.21500000000003,234.66500000000002,233.66500000000002,233.76500000000001,4104
941725800,233.81500000000003,234.33500000000004,233.43500000000003,234.115,4354
941812200,234.06500000000003,234.91500000000002,234.01500000000001,234.46500000000003,6261
942071400,234.51500000000001,235.63500000000002,233.615,235.51500000000001,7624
942157800,235.51500000000001,237.46500000000003,235.365,237.06500000000003,7503
942244200,237.615,238.46500000000003,237.16500000000002,237.28500000000003,3956
942330600,237.615,238.08500000000004,237.01500000000001,237.235,5562
942417000,237.91500000000002,239.235,237.91500000000002,239.235,6591
942676200,239.615,240.88500000000002,239.615,240.16500000000002,4868
942762600,239.91500000000002,240.56500000000003,239.63500000000002,240.28500000000003,4054
942849000,240.485,240.535,239.005,239.885,1965
942935400,239.285,239.735,238.885,239.485,2511
943021800,239.285,240.735,238.835,240.60500000000002,3099
943281000,239.935,240.785,239.785,240.755,4798
943367400,241.085,242.255,240.785,241.935,3900
943453800,242.035,243.055,241.835,242.405,1825
943626600,242.635,243.385,242.385,242.985,3885
943885800,243.485,243.585,241.935,242.735,4546
943972200,242.185,242.505,241.435,241.85500000000002,4868
944058600,242.085,243.085,241.835,242.035,4792
944145000,241.485,242.485,240.985,242.335,4473
944231400,242.185,243.135,242.035,242.935,3078
944490600,242.885,243.585,242.585,242.985,4664
944577000,242.935,243.085,241.685,241.955,5979
944663400,241.985,243.485,241.735,242.735,4491
944749800,242.685,242.885,242.235,242.705,6531
944836200,242.335,243.285,240.985,241.085,5184
945095400,241.285,241.655,240.585,240.685,5306
945181800,240.885,242.035,240.435,241.755,3417
945268200,241.985,242.685,241.585,242.235,2828
945354600,242.685,242.685,241.735,241.835,3005
945441000,241.535,242.085,241.135,241.685,1316
945700200,241.685,241.885,241.255,241.335,1881
945786600,241.535,241.935,241.435,241.635,1501
945873000,241.785,241.955,241.285,241.385,1154
945959400,241.285,241.685,241.185,241.505,1067
946305000,241.435,241.735,241.435,241.505,2940
946391400,241.185,241.185,239.685,240.285,3305
946477800,239.885,240.285,239.585,239.755,2387
946564200,239.635,240.535,239.60500000000002,240.185,2387
946650600,239.61,240.535,239.61,240.185,4645
946909800,240.635,241.985,240.635,241.655,3851
946996200,241.385,241.535,240.705,241.305,3562
947082600,240.985,241.585,240.685,240.755,3588
947169000,240.535,241.235,240.235,240.85500000000002,5251
947255400,241.685,242.435,241.235,241.305,5486
947514600,241.835,242.285,241.285,241.335,4011
947601000,241.585,242.055,241.385,241.705,5134
947687400,241.485,241.935,240.385,240.485,4119
947773800,240.685,241.255,240.435,240.505,5237
947860200,240.685,241.885,240.135,241.835,3664
948205800,241.53499999999997,242.08499999999998,241.23499999999999,242.03499999999997,4310
948292200,242.23499999999999,243.435,242.23499999999999,242.78499999999997,2626
948378600,243.08499999999998,243.28499999999997,242.53499999999997,243.23499999999999,4267
948465000,243.385,244.08499999999998,243.08499999999998,244.03499999999997,2956
948724200,243.78499999999997,243.98499999999999,243.355,243.635,0
948810600,243.78499999999997,243.98499999999999,242.98499999999999,243.105,3117
948897000,243.385,243.78499999999997,243.03499999999997,243.505,4656
948983400,243.685,243.885,242.58499999999998,242.73499999999999,3568
949069800,242.98499999999999,243.885,242.73499999999999,243.755,5175
949329000,243.98499999999999,244.385,243.435,244.23499999999999,5292
949415400,244.03499999999997,244.65499999999997,243.885,244.505,4141
949501800,244.385,244.70499999999998,243.635,243.755,6491
949588200,243.78499999999997,244.98499999999999,243.40499999999997,244.90499999999997,4691
949674600,244.935,245.435,244.635,245.135,3884
949933800,245.135,245.435,244.935,245.355,6394
950020200,245.105,245.15499999999997,243.55499999999998,243.83499999999998,6863
950106600,243.53499999999997,243.685,242.78499999999997,242.935,4789
950193000,242.98499999999999,243.685,242.685,243.08499999999998,3862
950279400,243.28499999999997,244.005,242.98499999999999,243.385,7891
950538600,243.185,243.185,241.385,241.385,9889
950625000,241.08499999999998,241.185,239.98499999999999,240.005,5266
950711400,240.58499999999998,241.70499999999998,240.58499999999998,241.33499999999998,3329
950797800,241.635,241.83499999999998,240.935,241.03499999999997,2036
950884200,241.03499999999997,241.48499999999999,240.95499999999998,241.20499999999998,4124
951229800,241.20499999999998,242.28499999999997,241.20499999999998,241.635,5128
951316200,241.135,241.23499999999999,240.135,240.185,5737
951402600,239.885,241.185,239.78499999999997,241.03499999999997,3528
951489000,240.885,241.935,240.605,241.635,4496
951748200,241.635,242.58499999999998,241.605,242.33499999999998,3094
951834600,241.885,242.135,241.48499999999999,242.05499999999998,3977
951921000,241.65499999999997,242.45499999999998,241.635,241.98499999999999,3885
952007400,242.48499999999999,242.855,241.83499999999998,242.255,4699
952093800,242.435,243.435,242.23499999999999,243.33499999999998,4739
952353000,243.73499999999999,244.23499999999999,243.385,244.135,4822
952439400,244.385,244.40499999999997,243.435,243.58499999999998,5384
952525800,243.58499999999998,244.58499999999998,243.385,243.435,6684
952612200,243.48499999999999,244.885,243.28499999999997,244.73499999999999,7035
952698600,244.885,246.185,244.40499999999997,246.03499999999997,5752
952957800,245.885,246.23499999999999,245.505,245.885,3042
953044200,245.78499999999997,246.28499999999997,245.685,246.23499999999999,3931
953130600,246.08499999999998,246.58499999999998,245.83499999999998,246.255,2910
953217000,246.48499999999999,246.58499999999998,245.55499999999998,245.78499999999997,2992
953303400,245.78499999999997,246.78499999999997,245.58499999999998,246.65499999999997,3756
953562600,246.935,246.935,245.78499999999997,246.73499999999999,2497
953649000,246.435,246.58499999999998,245.935,246.385,2751
953735400,245.73499999999999,246.28499999999997,245.53499999999997,246.08499999999998,3535
953821800,245.98499999999999,246.185,245.185,245.685,3336
953908200,245.73499999999999,246.355,245.58499999999998,246.255,5050
954167400,246.255,247.98499999999999,246.135,247.65499999999997,5612
954253800,247.685,248.40499999999997,247.65499999999997,248.15499999999997,5095
954340200,247.935,248.23499999999999,247.385,248.135,8125
954426600,248.40499999999997,249.48499999999999,248.03499999999997,249.28499999999997,4878
954513000,249.48499999999999,249.48499999999999,248.73499999999999,248.885,3371
954768600,248.98499999999999,249.28499999999997,248.28499999999997,249.005,6214
954855000,248.935,248.98499999999999,247.435,248.185,4477
954941400,247.935,248.78499999999997,247.58499999999998,248.05499999999998,3481
955027800,247.885,248.53499999999997,247.885,248.255,5746
955114200,248.48499999999999,250.03499999999997,248.48499999999999,249.73499999999999,6746
955373400,250.03499999999997,250.73499999999999,249.78499999999997,250.135,5221
955459800,249.78499999999997,250.135,248.83499999999998,249.105,4525
955546200,249.385,250.885,249.385,250.80499999999998,4073
955632600,250.70499999999998,250.98499999999999,250.48499999999999,250.78499999999997,3401
955719000,250.73499999999999,251.03499999999997,250.23499999999999,250.90499999999997,2348
955978200,250.385,250.48499999999999,249.935,250.08499999999998,4306
956064600,249.73499999999999,251.435,249.65499999999997,251.385,3785
956151000,251.28499999999997,252.135,251.105,251.78499999999997,2817
956237400,251.78499999999997,252.58499999999998,251.28499999999997,252.435,4237
956583000,252.33499999999998,253.28499999999997,252.15499999999997,253.20499999999998,4083
956669400,253.03499999999997,253.53499999999997,252.53499999999997,253.08499999999998,4548
956755800,252.98499999999999,253.83499999999998,252.65499999999997,253.20499999999998,3697
956842200,253.15499999999997,253.385,252.605,252.78499999999997,3250
956928600,252.685,253.03499999999997,252.28499999999997,252.385,3581
957187800,251.635,252.255,251.53499999999997,252.185,2718
957274200,252.255,252.385,251.855,252.005,5389
957360600,251.03499999999997,251.08499999999998,250.005,250.005,7469
957447000,249.135,250.80499999999998,248.95499999999998,250.58499999999998,4704
957533400,250.23499999999999,250.78499999999997,250.03499999999997,250.385,5446
957792600,250.185,250.935,249.33499999999998,249.90499999999997,6437
957879000,250.385,250.45499999999998,248.885,249.185,6230
957965400,248.33499999999998,249.08499999999998,247.885,248.55499999999998,5447
958051800,248.03499999999997,248.685,247.855,248.48499999999999,5164
958138200,248.58499999999998,249.48499999999999,248.48499999999999,248.58499999999998,6176
958397400,247.98499999999999,248.08499999999998,246.58499999999998,246.58499999999998,5379
958483800,245.935,247.135,245.83499999999998,246.635,4447
958570200,247.23499999999999,247.55499999999998,246.605,246.755,2905
958656600,246.635,247.135,246.40499999999997,246.48499999999999,4860
958743000,245.73499999999999,246.03499999999997,244.53499999999997,244.65499999999997,2988
959002200,244.78499999999997,245.03499999999997,244.03499999999997,244.95499999999998,2310
959088600,245.33499999999998,245.83499999999998,245.08499999999998,245.605,4410
959175000,245.135,245.385,243.73499999999999,244.28499999999997,2551
959261400,244.28499999999997,244.73499999999999,244.03499999999997,244.40499999999997,2351
959347800,244.385,245.58499999999998,243.95499999999998,245.40499999999997,2047
959693400,245.08499999999998,245.33499999999998,244.385,244.435,4010
959779800,244.58499999999998,246.08499999999998,244.53499999999997,245.33499999999998,3099
959866200,245.23499999999999,245.635,244.935,245.435,4130
959952600,245.73499999999999,247.08499999999998,245.685,246.935,3266
960211800,247.53499999999997,247.53499999999997,246.65499999999997,247.30499999999998,5311
960298200,247.78499999999997,248.08499999999998,246.98499999999999,247.98499999999999,6075
960384600,247.48499999999999,247.58499999999998,246.435,246.83499999999998,5796
960471000,247.30499999999998,247.58499999999998,246.03499999999997,246.15499999999997,5808
960557400,246.83499999999998,247.48499999999999,246.58499999999998,247.105,5543
960816600,247.385,247.385,245.28499999999997,245.78499999999997,5786
960903000,245.08499999999998,245.08499999999998,243.98499999999999,244.635,5380
960989400,244.135,244.855,243.885,244.505,4543
961075800,244.385,245.05499999999998,243.885,244.65499999999997,4735
961162200,245.385,246.65499999999997,245.28499999999997,246.48499999999999,2687
961421400,246.53499999999997,247.135,246.08499999999998,247.05499999999998,1930
961507800,247.10499999999996,247.20499999999998,246.65499999999997,246.77499999999998,2604
961594200,246.95499999999998,247.075,246.40499999999997,246.85499999999996,2292
961680600,247.05499999999998,247.30499999999998,246.80499999999998,247.075,5695
961767000,247.30499999999998,248.95499999999998,247.30499999999998,248.45499999999998,5990
962026200,248.15499999999997,248.255,246.85499999999996,247.075,4215
962112600,246.65499999999997,246.92499999999998,245.65499999999997,246.005,3582
962199000,246.20499999999998,246.80499999999998,245.90499999999997,246.755,4107
962285400,246.80499999999998,247.65499999999997,246.65499999999997,247.255,3514
962371800,247.255,247.40499999999997,246.20499999999998,246.325,3142
962631000,246.45499999999998,246.60499999999996,245.505,245.90499999999997,4373
962803800,245.80499999999998,245.80499999999998,244.95499999999998,245.45499999999998,4822
962890200,246.30499999999998,246.80499999999998,245.85499999999996,246.72499999999997,5471
962976600,246.755,248.17499999999998,246.55499999999998,247.80499999999998,4097
963235800,247.70499999999998,247.70499999999998,246.95499999999998,247.05499999999998,6051
963322200,246.80499999999998,246.80499999999998,245.05499999999998,245.05499999999998,8462
963408600,244.005,244.10499999999996,243.05499999999998,243.05499999999998,7441
963495000,242.85499999999996,243.70499999999998,242.72499999999997,242.80499999999998,7441
963581400,243.60499999999996,244.20499999999998,243.40499999999997,244.17499999999998,4554
963840600,244.255,244.255,243.05499999999998,243.20499999999998,4370
963927000,243.05499999999998,243.70499999999998,242.95499999999998,243.45499999999998,2948
964013400,243.35499999999996,243.35499999999996,241.85499999999996,242.35499999999996,2197
964099800,242.55499999999998,243.70499999999998,242.45499999999998,243.65499999999997,1893
964186200,243.255,243.80499999999998,242.40499999999997,242.52499999999998,1981
964445400,242.60499999999996,243.40499999999997,242.35499999999996,242.87499999999997,1923
964531800,243.10499999999996,243.37499999999997,242.65499999999997,242.92499999999998,1779
964618200,242.45499999999998,243.15499999999997,242.255,242.87499999999997,2923
964704600,243.30499999999998,244.30499999999998,243.30499999999998,244.17499999999998,2363
964791000,244.05499999999998,244.65499999999997,244.02499999999998,244.22499999999997,1861
965050200,244.255,244.505,243.30499999999998,243.505,4658
965136600,243.15499999999997,243.15499999999997,241.55499999999998,241.575,4067
965223000,241.755,242.255,241.55499999999998,241.97499999999997,2825
965309400,241.85499999999996,242.70499999999998,241.65499999999997,241.67499999999998,2630
965395800,241.85499999999996,242.80499999999998,241.77499999999998,242.52499999999998,2743
965655000,242.15499999999997,242.92499999999998,241.92499999999998,242.80499999999998,4142
965741400,242.255,242.255,241.20499999999998,241.255,3824
965827800,240.95499999999998,241.755,240.87499999999997,241.35499999999996,2680
965914200,241.05499999999998,241.755,240.90499999999997,241.52499999999998,2893
966000600,241.55499999999998,242.20499999999998,241.255,242.005,2992
966259800,241.35499999999996,241.70499999999998,241.05499999999998,241.10499999999996,4495
966346200,240.35499999999996,240.505,239.10499999999996,239.10499999999996,3612
966432600,238.15499999999997,238.60499999999996,237.72499999999997,238.47499999999997,2757
966519000,238.80499999999998,239.45499999999998,238.80499999999998,239.12499999999997,1938
966605400,239.60499999999996,239.90499999999997,239.47499999999997,239.60499999999996,2399
966864600,239.65499999999997,240.05499999999998,239.05499999999998,239.60499999999996,3332
966951000,239.755,240.20499999999998,238.45499999999998,238.505,3604
967037400,237.755,239.15499999999997,237.755,238.97499999999997,2383
967123800,239.35499999999996,239.55499999999998,238.90499999999997,239.35499999999996,2957
967210200,239.45499999999998,239.505,238.55499999999998,239.255,2949
967469400,238.95499999999998,239.77499999999998,238.70499999999998,239.60499999999996,3717
967555800,239.005,239.005,237.60499999999996,237.62499999999997,3399
967642200,237.505,238.40499999999997,237.27499999999998,238.325,3286
967728600,238.55499999999998,239.05499999999998,238.30499999999998,238.97499999999997,2031
967815000,238.97499999999997,239.42499999999998,238.85499999999996,239.075,4704
968160600,239.40499999999997,240.30499999999998,239.40499999999997,240.17499999999998,3584
968247000,240.35499999999996,240.575,240.05499999999998,240.325,3923
968333400,240.22499999999997,240.22499999999997,239.15499999999997,239.755,3099
968419800,240.255,240.35499999999996,239.65499999999997,240.20499999999998,2931
968679000,240.10499999999996,240.15499999999997,239.37499999999997,239.42499999999998,5358
968765400,239.60499999999996,240.65499999999997,239.35499999999996,240.20499999999998,5689
968851800,240.075,240.77499999999998,239.67499999999998,240.17499999999998,4443
968938200,240.40499999999997,240.755,239.95499999999998,240.47499999999997,3707
969024600,240.755,241.10499999999996,240.47499999999997,240.72499999999997,3713
969283800,240.725,240.825,240.075,240.39499999999998,1990
969370200,240.325,240.52499999999998,239.875,240.345,3204
969456600,240.325,241.225,240.325,241.17499999999998,3157
969543000,241.475,242.045,241.17499999999998,242.02499999999998,2754
969629400,241.92499999999998,242.42499999999998,241.67499999999998,242.295,3366
969888600,242.325,243.075,242.17499999999998,242.325,2357
969975000,242.14499999999998,242.64499999999998,241.875,242.575,2868
970061400,242.325,243.325,242.27499999999998,243.195,4179
970147800,243.27499999999998,243.77499999999998,243.125,243.445,3554
970234200,243.695,243.89499999999998,243.39499999999998,243.77499999999998,4259
970493400,243.975,244.02499999999998,243.045,243.27499999999998,4008
970579800,242.975,243.17499999999998,242.375,242.52499999999998,2975
970666200,242.475,242.995,242.245,242.625,4800
970752600,242.42499999999998,243.125,242.17499999999998,242.995,3421
970839000,242.77499999999998,242.875,241.975,242.075,2297
971098200,241.875,242.575,241.725,242.17499999999998,5257
971184600,242.52499999999998,243.475,242.495,243.375,3367
971271000,243.42499999999998,243.745,243.17499999999998,243.39499999999998,5097
971357400,243.725,244.52499999999998,243.475,244.39499999999998,4705
971443800,244.64499999999998,244.745,243.075,243.245,3810
971703000,243.42499999999998,243.42499999999998,242.075,242.17499999999998,3420
971789400,242.075,242.92499999999998,241.875,242.795,1792
971875800,242.42499999999998,242.975,242.27499999999998,242.875,4444
971962200,243.02499999999998,243.375,241.17499999999998,241.475,3862
972048600,241.625,242.045,241.375,241.77499999999998,3102
972307800,241.575,242.77499999999998,241.575,242.725,4032
972394200,242.375,243.195,241.995,243.14499999999998,4281
972480600,242.475,242.475,241.325,241.52499999999998,4796
972567000,241.325,241.67499999999998,240.875,241.045,3847
972653400,240.825,241.475,240.595,240.64499999999998,2976
972916200,240.52499999999998,240.975,240.17499999999998,240.325,3285
973002600,240.125,240.825,240.075,240.745,3810
973089000,240.67499999999998,241.17499999999998,240.595,241.02499999999998,2381
973175400,240.77499999999998,241.27499999999998,240.77499999999998,240.845,4990
973261800,241.075,242.475,240.975,242.14499999999998,4868
973521000,242.075,243.125,241.975,242.89499999999998,4654
973607400,242.89499999999998,242.89499999999998,241.825,241.875,4809
973693800,241.92499999999998,242.225,241.595,241.77499999999998,4381
973780200,241.875,242.325,241.52499999999998,242.14499999999998,3749
973866600,242.345,242.67499999999998,241.875,242.345,3416
974125800,242.325,242.595,241.975,242.295,7287
974212200,242.575,244.195,242.575,244.125,2951
974298600,244.075,244.27499999999998,243.42499999999998,243.67499999999998,3309
974385000,243.825,244.02499999999998,243.27499999999998,243.595,2276
974471400,243.625,243.92499999999998,243.42499999999998,243.795,2920
974730600,243.92499999999998,244.125,243.095,243.27499999999998,2476
974817000,243.325,243.875,243.225,243.67499999999998,2061
974903400,243.825,244.325,243.725,244.125,2705
975076200,244.375,244.575,244.125,244.27499999999998,3672
975335400,244.27499999999998,244.27499999999998,243.575,243.625,2937
975421800,243.475,243.67499999999998,242.975,243.14499999999998,3031
975508200,243.42499999999998,243.725,242.975,243.02499999999998,2920
975594600,242.975,243.575,242.725,243.495,3456
975681000,243.725,244.075,243.475,243.845,6875
975940200,244.075,245.39499999999998,243.875,245.125,7695
976026600,245.375,245.975,245.095,245.67499999999998,5196
976113000,245.825,246.295,245.625,246.125,4066
976199400,246.125,246.17499999999998,245.52499999999998,245.595,3943
976285800,245.725,246.125,245.445,245.945,4673
976545000,246.27499999999998,246.745,245.875,245.995,4292
976631400,245.92499999999998,245.975,245.27499999999998,245.625,4724
976717800,245.725,245.875,245.475,245.625,4919
976804200,245.575,245.575,244.875,245.27499999999998,4504
976890600,244.825,245.075,244.475,244.67499999999998,2619
977149800,244.825,245.245,244.625,244.89499999999998,5484
977236200,244.625,244.625,243.225,243.52499999999998,4452
977322600,242.825,243.39499999999998,242.77499999999998,243.075,3324
977409000,242.92499999999998,243.17499999999998,242.595,242.67499999999998,3180
977495400,242.67499999999998,243.825,242.67499999999998,243.39499999999998,1688
977841000,243.075,243.125,242.725,242.795,3114
977927400,242.575,242.825,242.325,242.545,3407
978013800,242.625,242.995,242.575,242.92499999999998,3271
978100200,242.475,243.725,242.375,243.64499999999998,2912
978445800,243.325,244.075,242.875,243.995,4149
978532200,243.475,243.845,243.375,243.39499999999998,4436
978618600,242.975,244.225,242.825,244.02499999999998,4946
978705000,244.075,244.575,243.575,244.045,3951
978964200,244.125,244.325,243.445,243.575,4646
979050600,243.27499999999998,243.77499999999998,243.17499999999998,243.575,5812
979137000,243.075,243.27499999999998,242.475,242.825,6571
979223400,242.625,243.92499999999998,242.27499999999998,243.625,3911
979309800,243.575,243.995,243.325,243.52499999999998,3313
979655400,243.125,243.495,242.52499999999998,242.795,4515
979741800,242.92499999999998,244.325,242.92499999999998,244.195,3733
979828200,244.175,244.575,243.625,243.945,3313
979914600,244.275,244.725,243.975,244.595,2893
980173800,244.925,245.075,244.225,244.345,4440
980260200,243.925,243.925,242.345,242.345,4551
980346600,242.125,242.525,241.645,241.725,3930
980433000,241.975,242.375,241.525,241.845,4781
980519400,242.125,243.075,242.125,242.925,3177
980778600,243.125,243.275,241.925,242.075,3154
980865000,242.175,242.625,241.725,242.245,3692
980951400,242.325,242.695,241.775,242.025,4842
981037800,242.775,243.925,242.675,243.775,3346
981124200,243.375,243.745,243.275,243.54500000000002,3637
981383400,243.975,243.975,242.975,243.125,3010
981469800,242.975,243.325,242.675,242.895,3651
981556200,242.675,242.675,241.975,242.075,5494
981642600,241.875,242.775,241.275,241.495,4035
981729000,241.695,242.325,241.475,241.895,0
981988200,241.875,241.875,241.175,241.825,0
982074600,241.825,242.625,241.495,242.275,5512
982161000,242.325,243.675,241.925,243.475,8840
982247400,243.225,244.825,243.175,244.095,4849
982333800,244.425,245.275,244.225,244.845,6141
982679400,245.075,245.875,244.695,245.745,6522
982765800,245.925,246.645,245.625,246.495,4714
982852200,246.375,246.945,246.025,246.845,4378
982938600,247.075,247.225,246.225,246.995,3786
983197800,247.125,247.375,246.29500000000002,247.29500000000002,7887
983284200,247.325,248.425,247.275,248.095,4961
983370600,247.825,248.245,247.075,247.675,5770
983457000,247.975,249.075,247.975,248.725,5770
983543400,249.175,249.275,248.175,248.695,4529
983802600,249.375,250.695,249.375,250.445,5930
983889000,249.675,250.675,249.375,250.225,4779
983975400,249.675,249.675,248.525,248.875,4415
984061800,248.475,248.725,247.925,248.025,4415
984148200,247.925,248.175,247.695,247.925,3080
984407400,247.925,248.845,247.875,247.975,4023
984493800,249.975,249.975,248.075,248.525,3786
984580200,249.875,249.925,248.695,249.695,5450
984666600,249.875,251.025,249.575,250.54500000000002,5222
984753000,251.425,252.475,251.29500000000002,252.425,4826
985012200,252.225,252.54500000000002,250.425,250.575,5293
985098600,251.375,251.675,248.82500000000002,249.425,4612
985185000,249.97500000000002,251.125,249.775,250.145,2405
985271400,250.07500000000002,251.175,249.875,251.145,3127
985357800,252.375,253.145,251.925,252.525,1879
985617000,252.175,252.425,251.32500000000002,251.525,2528
985703400,251.72500000000002,252.57500000000002,251.47500000000002,252.495,2672
985789800,251.97500000000002,252.07500000000002,250.495,251.04500000000002,3330
985876200,250.57500000000002,251.425,250.57500000000002,250.925,4545
985962600,250.57500000000002,251.775,249.775,250.675,4185
986218200,251.675,252.675,251.675,252.675,4771
986304600,252.775,253.84500000000003,252.495,253.07500000000002,3984
986391000,253.175,254.125,252.775,253.82500000000002,5162
986477400,254.07500000000002,254.775,253.97500000000002,254.29500000000002,4263
986563800,254.125,254.175,252.525,253.145,2603
986823000,252.675,253.47500000000002,252.495,253.395,3183
986909400,253.07500000000002,253.775,252.82500000000002,253.525,4810
986995800,253.625,254.32500000000002,252.875,253.425,2262
987082200,253.175,253.79500000000002,253.07500000000002,253.59500000000003,3314
987427800,254.07500000000002,254.925,253.57500000000002,254.84500000000003,3006
987514200,254.675,254.72500000000002,254.22500000000002,254.445,3647
987600600,254.275,254.275,253.04500000000002,253.195,4487
987687000,252.675,253.745,252.29500000000002,253.645,2634
987773400,253.82500000000002,254.47500000000002,253.625,254.09500000000003,2178
988032600,254.32500000000002,254.495,253.625,254.145,3260
988119000,254.425,254.47500000000002,252.775,252.84500000000003,6514
988205400,252.625,252.675,250.84500000000003,250.84500000000003,3752
988291800,250.675,251.525,250.34500000000003,250.925,3810
988378200,250.57500000000002,251.375,250.29500000000002,250.775,3721
988637400,250.175,250.425,249.175,249.245,4336
988723800,249.425,250.07500000000002,249.375,249.875,5070
988810200,250.375,250.675,247.925,248.525,3792
988896600,248.675,249.07500000000002,248.32500000000002,248.745,3285
988983000,248.875,249.375,248.275,248.97500000000002,3856
989242200,249.175,249.47500000000002,248.775,249.025,3281
989328600,249.625,249.82500000000002,249.125,249.175,4638
989415000,249.07500000000002,249.125,248.22500000000002,248.59500000000003,4381
989501400,249.07500000000002,250.275,248.675,250.22500000000002,3614
989587800,250.22500000000002,250.495,249.82500000000002,250.22500000000002,3316
989847000,250.125,250.925,250.125,250.47500000000002,3586
989933400,250.275,250.275,249.22500000000002,249.775,3362
990019800,249.925,250.275,248.925,248.97500000000002,3233
990106200,249.675,250.22500000000002,248.97500000000002,249.745,1966
990192600,249.695,249.945,248.845,249.395,1299
990451800,249.595,249.895,248.895,249.015,1491
990538200,248.995,248.995,248.04500000000002,248.145,1983
990624600,248.195,248.995,247.79500000000002,248.66500000000002,1605
990711000,248.395,249.245,248.245,248.565,2763
990797400,248.445,248.745,247.145,247.79500000000002,2959
991143000,248.195,249.79500000000002,248.195,249.79500000000002,4388
991229400,250.29500000000002,251.29500000000002,250.04500000000002,251.04500000000002,3678
991315800,251.04500000000002,251.215,250.515,251.095,4101
991402200,251.245,252.245,251.245,251.815,2464
991661400,252.095,252.29500000000002,251.595,251.815,2599
991747800,251.995,252.065,251.29500000000002,251.41500000000002,2641
991834200,251.145,251.695,250.91500000000002,251.595,2928
991920600,251.995,252.245,251.465,252.115,4167
992007000,252.595,253.345,252.595,253.095,3030
992266200,253.445,253.995,253.195,253.765,5026
992352600,254.095,254.495,253.41500000000002,254.215,3330
992439000,254.395,254.695,254.095,254.365,2790
992525400,254.595,254.645,253.465,253.695,3023
992611800,254.095,254.645,253.995,254.245,2751
992871000,254.395,254.395,253.345,253.91500000000002,5015
992957400,253.84500000000003,254.99500000000003,253.59500000000003,254.29500000000002,3596
993043800,254.49500000000003,255.19500000000002,254.29500000000002,254.615,5378
993130200,254.74500000000003,255.69500000000002,254.74500000000003,255.44500000000002,4163
993216600,255.24500000000003,255.44500000000002,255.115,255.29500000000002,4749
993475800,255.39500000000004,256.64500000000004,255.39500000000004,256.295,5183
993562200,256.39500000000004,256.995,256.14500000000004,256.495,4131
993648600,256.545,256.595,255.69500000000002,255.74500000000003,2929
993735000,255.64500000000004,255.79500000000002,255.24500000000003,255.74500000000003,3362
993821400,255.99500000000003,256.19500000000005,255.39500000000004,256.14500000000004,4067
994080600,258.14500000000004,258.14500000000004,257.345,257.71500000000003,3935
994167000,256.995,257.39500000000004,256.39500000000004,256.545,3565
994339800,257.14500000000004,257.14500000000004,256.46500000000003,256.94500000000005,4442
994426200,257.295,258.14500000000004,257.295,257.745,4986
994685400,257.545,257.69500000000005,256.64500000000004,256.89500000000004,8269
994771800,257.14500000000004,257.295,254.99500000000003,255.21500000000003,4491
994858200,254.94500000000002,255.54500000000002,254.94500000000002,255.34500000000003,5211
994944600,255.04500000000002,255.24500000000003,254.44500000000002,254.89500000000004,5294
995031000,255.29500000000002,256.295,255.29500000000002,255.76500000000004,2857
995290200,255.89500000000004,256.045,255.29500000000002,255.39500000000004,2872
995376600,256.095,256.26500000000004,255.69500000000002,255.74500000000003,2772
995463000,255.77500000000003,255.77500000000003,254.79500000000004,255.57500000000005,2864
995549400,255.62500000000003,256.225,255.27500000000003,256.14500000000004,1555
995635800,256.12500000000006,256.225,255.47500000000002,255.82500000000005,2657
995895000,256.12500000000006,256.27500000000003,254.14500000000004,254.37500000000003,6472
995981400,253.82500000000005,254.87500000000003,253.44500000000005,254.67500000000004,4417
996067800,254.82500000000005,255.52500000000003,254.42500000000004,255.42500000000004,3771
996154200,255.57500000000005,256.07500000000005,255.27500000000003,255.89500000000004,3729
996240600,255.97500000000002,256.37500000000006,255.64500000000004,256.245,3057
996499800,256.27500000000003,256.52500000000003,255.72500000000002,256.095,4277
996586200,256.27500000000003,256.87500000000006,255.87500000000003,256.69500000000005,4784
996672600,256.925,257.07500000000005,256.62500000000006,256.845,3895
996759000,257.07500000000005,257.095,255.57500000000005,255.89500000000004,2821
996845400,256.12500000000006,256.495,255.97500000000002,256.44500000000005,3171
997104600,256.44500000000005,256.925,255.42500000000004,255.54500000000004,5432
997191000,256.02500000000003,256.425,255.12500000000003,255.89500000000004,2708
997277400,255.67500000000004,256.225,255.37500000000003,256.14500000000004,3712
997363800,255.92500000000004,256.62500000000006,255.57500000000005,255.64500000000004,6648
997450200,255.77500000000003,257.64500000000004,255.69500000000005,257.64500000000004,4996
997709400,258.12500000000006,258.925,257.77500000000003,258.795,6630
997795800,258.87500000000006,258.87500000000006,257.225,257.37500000000006,2380
997882200,257.77500000000003,257.925,257.57500000000005,257.87500000000006,2451
997968600,257.925,258.225,257.295,257.82500000000005,1915
998055000,257.77500000000003,257.82500000000005,257.32500000000005,257.44500000000005,3223
998314200,256.52500000000003,257.02500000000003,256.32500000000005,256.64500000000004,8034
998400600,256.77500000000003,256.82500000000005,254.64500000000004,254.67500000000004,4612
998487000,254.42500000000004,255.42500000000004,254.37500000000003,255.29500000000004,2662
998573400,255.14500000000004,255.52500000000003,254.77500000000003,255.27500000000003,3330
998659800,255.02500000000003,255.94500000000005,255.02500000000003,255.74500000000003,4711
998919000,254.92500000000004,255.29500000000004,253.79500000000004,253.84500000000003,4542
999005400,253.57500000000005,254.19500000000005,253.44500000000005,253.59500000000003,3072
999091800,253.42500000000004,254.62500000000003,253.37500000000003,254.52500000000003,3451
999178200,254.22500000000002,254.47500000000002,253.27500000000003,253.34500000000003,3146
999264600,253.32500000000005,254.87500000000003,253.32500000000005,254.77500000000003,4498
999610200,254.92500000000004,256.225,254.92500000000004,256.14500000000004,4401
999696600,255.87500000000003,256.975,255.57500000000005,256.57500000000005,3567
999783000,256.37500000000006,257.02500000000003,256.175,256.87500000000006,3185
999869400,256.725,256.87500000000006,256.02500000000003,256.37500000000006,4747
1000128600,256.62500000000006,257.27500000000003,256.425,256.94500000000005,35
1000215000,256.94500000000005,256.94500000000005,256.94500000000005,256.94500000000005,0
1000301400,256.94500000000005,256.94500000000005,256.94500000000005,256.94500000000005,4476
1000387800,256.675,257.675,256.32500000000005,257.62500000000006,5133
1000474200,257.82500000000005,258.27500000000003,257.52500000000003,257.595,4440
1000733400,257.62500000000006,258.12500000000006,257.27500000000003,257.57500000000005,3897
1000819800,257.725,258.02500000000003,257.225,257.69500000000005,5147
1000906200,257.545,257.64500000000004,255.69500000000005,255.77500000000003,4290
1000992600,256.02500000000003,256.17500000000007,255.12500000000006,255.82500000000005,3439
1001079000,255.42500000000004,256.37500000000006,255.22500000000002,256.19500000000005,5045
1001338200,256.52500000000003,256.89500000000004,255.72500000000002,255.84500000000003,5637
1001424600,255.72500000000002,256.07500000000005,254.52500000000003,254.79500000000004,4272
1001511000,254.47500000000002,255.42500000000004,254.32500000000005,254.69500000000005,2120
1001597400,254.42500000000004,255.14500000000004,254.22500000000002,254.54500000000004,3369
1001683800,255.02500000000003,256.17500000000007,254.92500000000004,255.74500000000003,4927
1001943000,257.74500000000006,257.74500000000006,257.225,257.74500000000006,0
1002029400,257.92500000000007,258.24500000000006,257.44500000000005,258.19500000000005,6161
1002115800,258.02500000000003,258.07500000000005,256.77500000000003,257.045,3419
1002202200,257.12500000000006,257.49500000000006,256.725,257.19500000000005,3635
1002288600,257.32500000000005,257.44500000000005,256.12500000000006,256.19500000000005,4314
1002547800,256.32500000000005,256.42500000000007,255.57500000000005,255.79500000000004,6364
1002634200,255.82500000000005,256.02500000000003,254.32500000000005,254.52500000000003,10499
1002720600,253.92500000000004,254.52500000000003,252.52500000000003,252.62500000000006,6625
1002807000,252.62500000000006,253.22500000000002,252.62500000000006,252.84500000000003,4016
1002893400,252.54500000000004,253.07500000000005,251.92500000000004,252.17500000000004,4345
1003152600,251.62500000000006,251.62500000000006,250.17500000000004,250.17500000000004,6002
1003239000,249.92500000000004,251.27500000000003,249.77500000000003,251.14500000000004,3513
1003325400,250.87500000000006,251.62500000000006,250.87500000000006,251.29500000000004,2823
1003411800,250.97500000000002,251.87500000000006,250.87500000000006,251.39500000000004,3345
1003498200,251.27500000000003,251.67500000000004,250.92500000000004,250.97500000000002,2700
1003757400,250.32500000000005,250.82500000000005,250.14500000000004,250.54500000000004,3885
1003843800,250.32500000000005,251.07500000000005,249.97500000000002,250.24500000000003,6021
1003930200,249.97500000000002,250.09500000000003,248.24500000000003,248.62500000000006,5438
1004016600,248.12500000000006,248.77500000000003,247.62500000000006,248.49500000000003,4273
1004103000,248.42500000000004,249.29500000000004,248.37500000000006,248.77500000000003,3247
1004365800,249.17500000000004,250.74500000000003,249.17500000000004,250.57500000000005,3411
1004452200,250.42500000000004,250.72500000000002,249.97500000000002,250.57500000000005,4806
1004538600,250.67500000000004,252.57500000000005,250.67500000000004,252.57500000000005,5202
1004625000,252.47500000000002,253.52500000000003,252.42500000000004,253.02500000000003,4469
1004711400,253.62500000000006,253.87500000000006,253.07500000000005,253.79500000000004,5071
1004970600,253.92500000000004,254.07500000000005,253.14500000000004,253.74500000000003,4712
1005057000,253.22500000000002,253.22500000000002,251.74500000000003,251.94500000000005,4732
1005143400,251.67500000000004,252.02500000000003,251.02500000000003,251.72500000000002,4462
1005229800,251.92500000000004,252.37500000000006,251.57500000000005,252.24500000000003,4446
1005316200,252.02500000000003,252.02500000000003,250.24500000000003,250.24500000000003,5637
1005575400,249.07500000000005,250.02500000000003,248.37500000000006,248.79500000000004,6122
1005661800,249.27500000000003,250.79500000000004,249.17500000000004,249.32500000000005,5263
1005748200,248.92500000000004,249.67500000000004,248.42500000000004,249.59500000000003,4560
1005834600,249.67500000000004,250.67500000000004,249.67500000000004,250.39500000000004,5470
1005921000,250.39500000000004,250.39500000000004,248.39500000000004,248.97500000000002,4667
1006180200,249.42500000000004,250.07500000000005,249.42500000000004,249.44500000000005,2074
1006266600,249.42500000000004,249.77500000000003,248.87500000000006,248.97500000000002,2275
1006353000,248.67500000000004,249.27500000000003,248.02500000000003,248.77500000000003,1583
1006525800,249.27500000000003,249.52500000000003,249.07500000000005,249.39500000000004,1672
1006785000,249.52500000000003,249.82500000000005,249.02500000000003,249.32500000000005,3385
1006871400,249.07500000000005,249.62500000000006,248.42500000000004,249.49500000000003,3060
1006957800,249.87500000000006,250.42500000000004,249.72500000000002,250.02500000000003,3138
1007044200,249.87500000000006,249.92500000000004,249.04500000000004,249.59500000000003,3355
1007130600,249.77500000000003,250.52500000000003,249.57500000000005,250.42500000000004,3768
1007389800,250.07500000000005,250.22500000000002,248.87500000000006,249.19500000000005,5809
1007476200,248.67500000000004,248.87500000000006,247.59500000000003,248.37500000000006,5397
1007562600,248.22500000000002,248.77500000000003,247.69500000000005,247.82500000000005,5882
1007649000,247.17500000000004,248.57500000000005,247.07500000000005,248.22500000000002,4335
1007735400,248.17500000000004,248.84500000000003,247.77500000000003,248.07500000000005,4456
1007994600,247.17500000000004,247.42500000000004,246.32500000000005,246.77500000000003,5781
1008081000,246.29500000000004,247.57500000000005,246.22500000000002,247.22500000000002,2988
1008167400,246.57500000000005,247.07500000000005,246.17500000000004,246.52500000000003,3649
1008253800,246.77500000000003,247.99500000000003,246.77500000000003,247.79500000000004,2976
1008340200,247.89500000000004,248.42500000000004,247.67500000000004,248.37500000000006,2201
1008599400,248.34500000000003,248.77500000000003,248.12500000000006,248.69500000000005,2650
1008685800,248.62500000000006,248.67500000000004,247.79500000000004,248.49500000000003,2213
1008772200,248.52500000000003,248.52500000000003,247.67500000000004,247.82500000000005,1660
1008858600,247.67500000000004,248.39500000000004,247.67500000000004,248.22500000000002,4306
1008945000,248.57500000000005,250.12500000000006,248.57500000000005,249.82500000000005,3130
1009204200,250.37500000000006,251.07500000000005,249.97500000000002,250.94500000000005,3489
1009377000,251.37500000000006,251.37500000000006,250.32500000000005,250.64500000000004,3919
1009463400,250.82500000000005,251.37500000000006,250.62500000000006,251.29500000000004,2723
1009549800,251.42500000000004,251.57500000000005,250.79500000000004,251.47500000000002,3858
1009809000,252.47500000000002,252.47500000000002,251.47500000000002,252.22500000000002,4130
1009981800,252.02500000000003,252.34500000000003,250.97500000000002,251.74500000000003,3107
1010068200,251.67500000000004,251.67500000000004,250.72500000000002,250.77500000000003,2759
1010154600,250.67500000000004,250.67500000000004,250.12500000000006,250.47500000000002,3636
1010413800,250.57500000000005,250.72500000000002,249.87500000000006,250.47500000000002,4734
1010500200,250.72500000000002,250.97500000000002,249.72500000000002,249.84500000000003,4010
1010586600,249.72500000000002,249.97500000000002,249.52500000000003,249.64500000000004,4446
1010673000,250.57500000000005,251.32500000000005,250.47500000000002,251.07500000000005,4047
1010759400,251.07500000000005,251.54500000000004,250.62500000000006,251.07500000000005,3636
1011018600,251.27500000000003,251.27500000000003,250.27500000000003,250.42500000000004,4091
1011105000,250.97500000000002,251.72500000000002,250.82500000000005,251.39500000000004,4363
1011191400,251.52500000000003,251.94500000000005,251.07500000000005,251.39500000000004,2607
1011277800,251.72500000000002,251.92500000000004,251.42500000000004,251.49500000000003,3568
1011364200,251.59500000000003,251.89500000000004,251.29500000000004,251.81500000000005,4347
1011709800,252.29500000000004,252.29500000000004,249.99500000000003,250.09500000000003,3628
1011796200,250.14500000000004,250.59500000000003,249.71500000000003,250.29500000000004,3757
1011882600,250.29500000000004,251.54500000000004,250.19500000000005,251.36500000000004,2653
1011969000,251.24500000000003,251.89500000000004,251.24500000000003,251.61500000000004,2437
1012228200,251.09500000000003,251.56500000000005,250.99500000000003,251.39500000000004,2973
1012314600,251.29500000000004,251.54500000000004,250.69500000000005,251.21500000000003,3492
1012401000,250.89500000000004,251.64500000000004,250.46500000000003,251.59500000000003,3239
1012487400,251.29500000000004,251.59500000000003,250.69500000000005,251.29500000000004,4375
1012573800,251.69500000000005,252.59500000000003,251.24500000000003,252.49500000000003,4936
1012833000,252.54500000000004,252.94500000000005,252.09500000000003,252.24500000000003,4206
1012919400,252.29500000000004,253.19500000000005,252.24500000000003,253.11500000000004,5399
1013005800,252.79500000000004,252.96500000000003,252.19500000000005,252.36500000000004,6114
1013092200,252.59500000000003,252.99500000000003,251.39500000000004,251.64500000000004,3825
1013178600,251.79500000000004,252.39500000000004,251.49500000000003,252.31500000000005,6602
1013437800,251.79500000000004,251.89500000000004,250.39500000000004,250.56500000000005,7274
1013524200,250.09500000000003,250.39500000000004,249.76500000000004,249.84500000000003,4905
1013610600,250.04500000000004,250.76500000000004,249.99500000000003,250.66500000000005,3185
1013697000,250.84500000000003,250.86500000000004,250.09500000000003,250.14500000000004,3832
1013783400,250.19500000000005,250.34500000000003,249.46500000000003,249.51500000000004,3243
1014129000,249.59500000000003,250.36500000000004,249.31500000000005,250.06500000000005,2267
1014215400,250.11500000000004,250.54500000000004,249.99500000000003,250.46500000000003,2767
1014301800,250.09500000000003,250.19500000000005,249.54500000000004,249.59500000000003,3624
1014388200,249.59500000000003,249.91500000000005,249.19500000000005,249.79500000000004,2493
1014647400,249.54500000000004,249.54500000000004,249.06500000000005,249.16500000000005,3348
1014733800,249.04500000000004,249.06500000000005,248.79500000000004,249.04500000000004,3693
1014820200,249.09500000000003,250.44500000000005,249.09500000000003,250.11500000000004,594
1014906600,250.14500000000004,250.81500000000005,249.91500000000005,250.74500000000003,3554
1014993000,250.69500000000005,250.69500000000005,250.09500000000003,250.26500000000004,0
1015252200,250.09500000000003,250.27000000000004,249.99500000000003,250.04500000000004,0
1015338600,249.54500000000004,249.54500000000004,249.09500000000003,249.19500000000005,0
1015425000,248.89500000000004,249.19500000000005,248.09500000000003,248.09500000000003,0
1015511400,248.59500000000003,248.99500000000003,248.39500000000004,248.79500000000004,0
1015597800,248.64500000000004,248.64500000000004,248.29500000000004,248.44500000000005,0
1015857000,248.32000000000005,248.42000000000004,247.97000000000003,247.97000000000003,0
1015943400,247.74500000000003,247.94500000000005,247.64500000000004,247.67000000000004,0
1016029800,247.59500000000003,247.59500000000003,247.02000000000004,247.09500000000003,0
1016116200,247.17000000000004,247.22000000000003,246.59500000000003,247.12000000000003,0
1016202600,245.47000000000003,245.62000000000003,245.42000000000004,245.47000000000003,0
1016461800,245.35000000000002,245.35000000000002,243.67000000000004,244.17000000000004,0
1016548200,243.45000000000005,243.45000000000005,243.45000000000005,243.45000000000005,0
1016634600,243.97500000000002,243.97500000000002,243.97500000000002,243.97500000000002,0
1016721000,243.90000000000003,243.90000000000003,243.90000000000003,243.90000000000003,0
1016807400,243.12500000000003,243.12500000000003,243.12500000000003,243.12500000000003,0
1017066600,243.55000000000004,243.55000000000004,243.55000000000004,243.55000000000004,0
1017153000,242.32500000000005,242.32500000000005,242.32500000000005,242.32500000000005,0
1017239400,241.97500000000002,241.97500000000002,241.97500000000002,241.97500000000002,0
1017325800,241.65000000000003,241.65000000000003,241.65000000000003,241.65000000000003,0
1017671400,241.90000000000003,241.90000000000003,241.90000000000003,241.90000000000003,0
1017757800,241.65000000000003,241.67500000000004,241.47500000000002,241.67500000000004,0
1017844200,240.92500000000004,240.92500000000004,240.92500000000004,240.92500000000004,0
1017930600,238.92500000000004,238.92500000000004,238.92500000000004,238.92500000000004,0
1018017000,238.00000000000003,238.00000000000003,238.00000000000003,238.00000000000003,0
1018272600,236.52500000000003,236.52500000000003,236.52500000000003,236.52500000000003,0
1018359000,237.02500000000003,237.02500000000003,237.02500000000003,237.02500000000003,0
1018445400,235.02500000000003,235.02500000000003,235.02500000000003,235.02500000000003,0
1018531800,233.02500000000003,233.02500000000003,233.02500000000003,233.02500000000003,0
1018618200,234.00000000000003,234.00000000000003,234.00000000000003,234.00000000000003,0
1018877400,235.90000000000003,235.90000000000003,235.45000000000005,235.45000000000005,0
1018963800,235.77500000000003,235.77500000000003,235.77500000000003,235.77500000000003,0
1019050200,236.85000000000002,237.22500000000002,236.85000000000002,237.12500000000003,0
1019136600,237.60000000000002,237.60000000000002,237.60000000000002,237.60000000000002,0
1019223000,238.05000000000004,238.05000000000004,238.05000000000004,238.05000000000004,0
1019482200,236.65000000000003,236.65000000000003,236.65000000000003,236.65000000000003,0
1019568600,234.65000000000003,234.65000000000003,234.65000000000003,234.65000000000003,0
1019655000,234.97500000000002,234.97500000000002,234.97500000000002,234.97500000000002,0
1019741400,235.32500000000005,235.32500000000005,235.32500000000005,235.32500000000005,0
1019827800,233.90000000000003,233.90000000000003,233.90000000000003,233.90000000000003,0
1020087000,232.25000000000003,232.25000000000003,232.25000000000003,232.25000000000003,0
1020173400,232.12500000000003,233.20000000000005,231.85000000000002,233.20000000000005,0
1020259800,233.17500000000004,233.17500000000004,233.17500000000004,233.17500000000004,0
1020346200,234.42500000000004,234.42500000000004,234.42500000000004,234.42500000000004,0
1020432600,234.40000000000003,234.40000000000003,234.40000000000003,234.40000000000003,0
1020691800,234.95000000000005,235.05000000000004,234.05000000000004,234.77500000000003,0
1020778200,234.90000000000003,234.90000000000003,233.65000000000003,233.90000000000003,0
1020864600,233.60000000000002,233.60000000000002,233.60000000000002,233.60000000000002,0
1020951000,233.87500000000003,233.87500000000003,233.87500000000003,233.87500000000003,0
1021037400,234.77500000000003,234.77500000000003,234.77500000000003,234.77500000000003,0
1021296600,235.50000000000003,235.50000000000003,235.50000000000003,235.50000000000003,0
1021383000,234.62500000000003,234.62500000000003,234.62500000000003,234.62500000000003,0
1021469400,234.92500000000004,234.92500000000004,234.92500000000004,234.92500000000004,0
1021555800,234.50000000000003,234.52500000000003,233.97500000000002,233.97500000000002,0
1021642200,234.32500000000005,234.32500000000005,234.32500000000005,234.32500000000005,0
1021901400,232.32500000000005,232.32500000000005,232.32500000000005,232.32500000000005,0
1021987800,230.32500000000005,230.32500000000005,230.32500000000005,230.32500000000005,0
1022074200,229.92500000000004,229.92500000000004,229.92500000000004,229.92500000000004,0
1022160600,230.07500000000005,230.07500000000005,230.07500000000005,230.07500000000005,0
1022247000,229.75000000000006,229.75000000000006,229.75000000000006,229.75000000000006,0
1022592600,227.75000000000006,227.75000000000006,227.75000000000006,227.75000000000006,0
1022679000,227.60000000000002,227.60000000000002,227.60000000000002,227.60000000000002,0
1022765400,227.22500000000002,227.22500000000002,227.22500000000002,227.22500000000002,0
1022851800,228.32500000000005,228.32500000000005,228.32500000000005,228.32500000000005,0
1023111000,228.97500000000002,228.97500000000002,228.97500000000002,228.97500000000002,0
1023197400,227.85000000000002,227.85000000000002,227.85000000000002,227.85000000000002,0
1023283800,228.12500000000006,228.12500000000006,228.12500000000006,228.12500000000006,0
1023370200,229.32500000000005,229.77500000000003,229.05000000000004,229.67500000000004,0
1023456600,229.60000000000002,230.00000000000006,229.32500000000005,229.32500000000005,0
1023715800,227.40000000000003,227.40000000000003,227.40000000000003,227.40000000000003,0
1023802200,227.55000000000004,227.55000000000004,227.55000000000004,227.55000000000004,0
1023888600,228.10000000000002,228.10000000000002,228.10000000000002,228.10000000000002,0
1023975000,229.55000000000004,229.72500000000002,229.37500000000006,229.72500000000002,0
1024061400,229.62500000000006,229.62500000000006,229.62500000000006,229.62500000000006,0
1024320600,230.40000000000003,230.40000000000003,230.40000000000003,230.40000000000003,0
1024407000,231.52500000000003,231.52500000000003,231.52500000000003,231.52500000000003,0
1024493400,231.07500000000005,231.07500000000005,231.07500000000005,231.07500000000005,0
1024579800,231.87500000000006,231.87500000000006,231.87500000000006,231.87500000000006,0
1024666200,231.02500000000003,231.02500000000003,231.02500000000003,231.02500000000003,0
1024925400,230.87500000000006,230.87500000000006,230.87500000000006,230.87500000000006,0
1025011800,229.52500000000003,229.52500000000003,229.52500000000003,229.52500000000003,0
1025098200,229.12500000000006,229.12500000000006,229.12500000000006,229.12500000000006,0
1025184600,229.05000000000004,229.05000000000004,229.05000000000004,229.05000000000004,0
1025271000,229.42500000000004,229.42500000000004,229.42500000000004,229.42500000000004,0
1025530200,231.42500000000004,231.42500000000004,231.42500000000004,231.42500000000004,0
1025616600,232.10000000000005,232.10000000000005,232.10000000000005,232.10000000000005,0
1025703000,232.05000000000004,232.05000000000004,232.05000000000004,232.05000000000004,0
1025875800,234.05000000000004,234.05000000000004,234.05000000000004,234.05000000000004,0
1026135000,233.65000000000003,233.65000000000003,233.65000000000003,233.65000000000003,0
1026221400,232.27500000000003,232.27500000000003,232.27500000000003,232.27500000000003,0
1026307800,233.55000000000004,233.55000000000004,233.55000000000004,233.55000000000004,0
1026394200,234.12500000000006,234.12500000000006,234.12500000000006,234.12500000000006,0
1026480600,234.05000000000004,234.05000000000004,234.05000000000004,234.05000000000004,0
1026739800,235.10000000000005,235.10000000000005,235.10000000000005,235.10000000000005,0
1026826200,233.55000000000004,233.55000000000004,233.55000000000004,233.55000000000004,0
1026912600,232.50000000000006,232.50000000000006,232.50000000000006,232.50000000000006,0
1026999000,233.57500000000005,233.57500000000005,233.57500000000005,233.57500000000005,0
1027085400,233.425,233.425,233.425,233.425,0
1027344600,231.925,231.925,231.925,231.925,0
1027431000,232.00000000000003,232.00000000000003,232.00000000000003,232.00000000000003,0
1027517400,231.22500000000002,231.22500000000002,231.22500000000002,231.22500000000002,0
1027603800,232.27500000000003,232.27500000000003,232.27500000000003,232.27500000000003,0
1027690200,232.175,232.175,232.175,232.175,0
1027949400,232.00000000000003,232.00000000000003,232.00000000000003,232.00000000000003,0
1028035800,232.425,232.425,232.425,232.425,0
1028122200,232.32500000000005,232.32500000000005,232.32500000000005,232.32500000000005,0
1028208600,230.40000000000003,230.40000000000003,230.40000000000003,230.40000000000003,0
1028295000,229.62500000000003,229.62500000000003,229.62500000000003,229.62500000000003,0
1028554200,228.87500000000003,228.87500000000003,228.87500000000003,228.87500000000003,0
1028640600,229.10000000000002,229.10000000000002,229.10000000000002,229.10000000000002,0
1028727000,228.675,228.675,228.675,228.675,0
1028813400,229.82500000000005,229.82500000000005,229.675,229.675,0
1028899800,230.07500000000005,230.07500000000005,230.07500000000005,230.07500000000005,0
1029159000,228.27500000000003,228.27500000000003,228.27500000000003,228.27500000000003,0
1029245400,228.07500000000005,228.07500000000005,228.07500000000005,228.07500000000005,0
1029331800,227.72500000000002,227.72500000000002,227.72500000000002,227.72500000000002,0
1029418200,227.40000000000003,227.40000000000003,227.40000000000003,227.40000000000003,0
1029504600,227.20000000000005,227.20000000000005,227.20000000000005,227.20000000000005,0
1029763800,227.22500000000002,227.22500000000002,227.22500000000002,227.22500000000002,0
1029850200,225.22500000000002,225.22500000000002,225.22500000000002,225.22500000000002,0
1029936600,225.50000000000003,225.50000000000003,225.50000000000003,225.50000000000003,0
1030023000,225.62500000000003,225.62500000000003,225.62500000000003,225.62500000000003,0
1030109400,225.175,225.175,225.175,225.175,0
1030368600,223.25000000000003,223.25000000000003,223.25000000000003,223.25000000000003,0
1030455000,222.85000000000002,222.85000000000002,222.85000000000002,222.85000000000002,0
1030541400,220.85000000000002,220.85000000000002,220.85000000000002,220.85000000000002,0
1030627800,221.27500000000003,221.27500000000003,221.27500000000003,221.27500000000003,0
1030714200,221.50000000000003,221.50000000000003,221.50000000000003,221.50000000000003,0
1031059800,220.67500000000004,220.67500000000004,220.67500000000004,220.67500000000004,0
1031146200,222.10000000000002,222.45000000000002,222.10000000000002,222.45000000000002,0
1031232600,223.32500000000005,223.32500000000005,223.32500000000005,223.32500000000005,0
1031319000,224.32500000000005,224.32500000000005,224.32500000000005,224.32500000000005,0
1031578200,223.175,223.175,223.175,223.175,0
1031664600,225.175,225.175,225.175,225.175,0
1031751000,225.70000000000005,225.70000000000005,225.70000000000005,225.70000000000005,0
1031837400,225.87500000000003,225.87500000000003,225.87500000000003,225.87500000000003,0
1031923800,226.15000000000003,226.15000000000003,226.15000000000003,226.15000000000003,0
1032183000,226.35000000000002,226.35000000000002,226.35000000000002,226.35000000000002,0
1032269400,226.37500000000006,226.37500000000006,226.37500000000006,226.37500000000006,0
1032355800,227.00000000000006,227.00000000000006,227.00000000000006,227.00000000000006,0
1032442200,227.40000000000003,227.40000000000003,227.40000000000003,227.40000000000003,0
1032528600,227.02500000000003,227.02500000000003,227.02500000000003,227.02500000000003,0
1032787800,225.02500000000003,225.02500000000003,225.02500000000003,225.02500000000003,0
1032874200,225.97500000000002,225.97500000000002,225.97500000000002,225.97500000000002,0
1032960600,227.55000000000004,227.55000000000004,227.55000000000004,227.55000000000004,0
1033047000,228.05000000000004,228.05000000000004,228.05000000000004,228.05000000000004,0
1033133400,227.92500000000004,227.92500000000004,227.92500000000004,227.92500000000004,0
1033392600,229.60000000000002,229.60000000000002,229.60000000000002,229.60000000000002,0
1033479000,228.50000000000006,228.50000000000006,228.50000000000006,228.50000000000006,0
1033565400,229.75000000000006,229.75000000000006,229.75000000000006,229.75000000000006,0
1033651800,229.87500000000006,229.87500000000006,229.87500000000006,229.87500000000006,0
1033738200,229.45000000000005,229.45000000000005,228.65000000000003,228.65000000000003,0
1033997400,227.47500000000002,227.47500000000002,227.47500000000002,227.47500000000002,0
1034083800,229.40000000000003,229.40000000000003,229.40000000000003,229.40000000000003,0
1034170200,229.55000000000004,229.55000000000004,229.55000000000004,229.55000000000004,0
1034256600,230.00000000000006,230.00000000000006,230.00000000000006,230.00000000000006,0
1034343000,229.30000000000004,229.30000000000004,229.30000000000004,229.30000000000004,0
1034602200,231.15000000000003,231.15000000000003,231.15000000000003,231.15000000000003,0
1034688600,231.70000000000005,231.70000000000005,231.70000000000005,231.70000000000005,0
1034775000,231.22500000000002,231.22500000000002,231.22500000000002,231.22500000000002,0
1034861400,230.70000000000005,230.70000000000005,230.70000000000005,230.70000000000005,0
1034947800,230.17500000000004,230.17500000000004,230.17500000000004,230.17500000000004,0
1035207000,229.20000000000005,229.20000000000005,229.20000000000005,229.20000000000005,0
1035293400,229.30000000000004,229.30000000000004,229.30000000000004,229.30000000000004,0
1035379800,231.00000000000006,231.00000000000006,231.00000000000006,231.00000000000006,0
1035466200,229.32500000000005,229.32500000000005,229.32500000000005,229.32500000000005,0
1035552600,230.22500000000002,230.60000000000002,229.55000000000004,229.65000000000003,0
1035815400,230.30000000000004,230.30000000000004,230.30000000000004,230.30000000000004,0
1035901800,229.15000000000003,229.15000000000003,229.15000000000003,229.15000000000003,0
1035988200,231.15000000000003,231.15000000000003,231.15000000000003,231.15000000000003,0
1036074600,231.77500000000003,231.77500000000003,231.77500000000003,231.77500000000003,0
1036161000,232.05000000000004,232.05000000000004,232.05000000000004,232.05000000000004,0
1036420200,232.35000000000002,232.35000000000002,232.35000000000002,232.35000000000002,0
1036506600,233.50000000000003,233.50000000000003,233.50000000000003,233.50000000000003,0
1036593000,233.80000000000004,233.80000000000004,233.80000000000004,233.80000000000004,0
1036679400,234.20000000000005,234.20000000000005,234.20000000000005,234.20000000000005,0
1036765800,234.75000000000003,234.75000000000003,234.75000000000003,234.75000000000003,0
1037025000,235.75000000000003,235.75000000000003,235.75000000000003,235.75000000000003,0
1037111400,234.12500000000003,234.12500000000003,234.12500000000003,234.12500000000003,0
1037197800,234.27500000000003,234.27500000000003,234.27500000000003,234.27500000000003,0
1037284200,233.40000000000003,233.40000000000003,233.40000000000003,233.40000000000003,0
1037370600,234.35000000000002,234.35000000000002,234.35000000000002,234.35000000000002,0
1037629800,233.80000000000004,233.80000000000004,233.80000000000004,233.80000000000004,0
1037716200,235.10000000000002,235.10000000000002,235.10000000000002,235.10000000000002,0
1037802600,235.70000000000005,235.70000000000005,235.70000000000005,235.70000000000005,0
1037889000,234.65000000000003,234.65000000000003,234.65000000000003,234.65000000000003,0
1037975400,235.55000000000004,235.55000000000004,235.55000000000004,235.55000000000004,0
1038234600,235.40000000000003,235.40000000000003,235.40000000000003,235.40000000000003,0
1038321000,235.45000000000005,235.45000000000005,235.45000000000005,235.45000000000005,0
1038407400,236.00000000000003,236.00000000000003,236.00000000000003,236.00000000000003,0
1038580200,236.10000000000002,236.10000000000002,236.10000000000002,236.10000000000002,0
1038839400,236.22500000000002,236.22500000000002,236.22500000000002,236.22500000000002,0
1038925800,236.82500000000005,236.90000000000003,236.60000000000002,236.60000000000002,0
1039012200,236.42500000000004,236.42500000000004,236.42500000000004,236.42500000000004,0
1039098600,236.70000000000005,236.70000000000005,236.70000000000005,236.70000000000005,0
1039185000,235.22500000000002,235.22500000000002,235.22500000000002,235.22500000000002,0
1039444200,233.22500000000002,233.22500000000002,233.22500000000002,233.22500000000002,0
1039530600,232.35000000000002,232.35000000000002,232.35000000000002,232.35000000000002,0
1039617000,234.35000000000002,234.35000000000002,234.35000000000002,234.35000000000002,0
1039703400,233.87500000000003,233.87500000000003,233.87500000000003,233.87500000000003,0
1039789800,234.15000000000003,234.15000000000003,234.15000000000003,234.15000000000003,0
1040049000,233.72500000000002,233.72500000000002,233.72500000000002,233.72500000000002,0
1040135400,234.22500000000002,234.22500000000002,234.22500000000002,234.22500000000002,0
1040221800,233.12500000000003,233.12500000000003,233.12500000000003,233.12500000000003,0
1040308200,233.80000000000004,233.80000000000004,233.80000000000004,233.80000000000004,0
1040394600,233.70000000000005,233.70000000000005,233.70000000000005,233.70000000000005,0
1040653800,235.05000000000004,235.05000000000004,235.05000000000004,235.05000000000004,0
1040740200,235.05000000000004,235.05000000000004,235.05000000000004,235.05000000000004,0
1040913000,235.87500000000003,235.87500000000003,235.87500000000003,235.87500000000003,0
1040999400,235.40000000000003,235.40000000000003,235.40000000000003,235.40000000000003,0
1041258600,235.45000000000005,235.45000000000005,235.45000000000005,235.45000000000005,0
1041345000,233.50000000000003,233.50000000000003,233.50000000000003,233.50000000000003,0
1041517800,233.90000000000003,234.12500000000003,233.57500000000005,233.72500000000002,0
1041604200,234.75000000000003,234.97500000000002,234.70000000000005,234.97500000000002,0
1041863400,234.50000000000003,234.55000000000004,233.67500000000004,233.67500000000004,0
1041949800,233.65000000000003,233.65000000000003,233.65000000000003,233.65000000000003,0
1042036200,234.02500000000003,234.02500000000003,234.02500000000003,234.02500000000003,0
1042122600,235.22500000000002,235.22500000000002,235.12500000000003,235.12500000000003,0
1042209000,234.35000000000002,234.65000000000003,234.35000000000002,234.65000000000003,0
1042468200,234.37500000000003,234.37500000000003,234.37500000000003,234.37500000000003,0
1042554600,235.37500000000003,235.40000000000003,234.72500000000002,234.72500000000002,0
1042641000,233.02500000000003,233.02500000000003,233.02500000000003,233.02500000000003,0
1042727400,233.72500000000002,233.72500000000002,233.72500000000002,233.72500000000002,0
1042813800,232.35000000000002,232.35000000000002,231.95000000000002,231.95000000000002,0
1043159400,231.25000000000003,231.25000000000003,231.25000000000003,231.25000000000003,0
1043245800,232.32500000000002,232.32500000000002,232.32500000000002,232.32500000000002,0
1043332200,231.77500000000003,231.77500000000003,231.77500000000003,231.77500000000003,0
1043418600,231.925,232.12500000000003,231.87500000000003,232.12500000000003,0
1043677800,231.72500000000002,231.77500000000003,230.82500000000002,230.87500000000003,0
1043764200,230.72500000000002,231.02500000000003,230.52500000000003,230.87500000000003,0
1043850600,231.72500000000002,232.87500000000003,231.70000000000002,232.675,0
1043937000,232.72500000000002,232.85000000000002,232.07500000000002,232.25000000000003,0
1044023400,232.925,233.27500000000003,232.57500000000002,232.57500000000002,0
1044282600,232.27500000000003,232.27500000000003,230.57500000000002,230.77500000000003,0
1044369000,229.925,229.925,228.87500000000003,229.675,0
1044455400,229.72500000000002,229.72500000000002,229.72500000000002,229.72500000000002,0
1044541800,229.32500000000002,229.32500000000002,229.32500000000002,229.32500000000002,0
1044628200,229.425,230.02500000000003,229.25000000000003,229.50000000000003,0
1044887400,229.97500000000002,230.60000000000002,229.97500000000002,230.60000000000002,0
1044973800,230.32500000000002,230.32500000000002,229.77500000000003,230.00000000000003,0
1045060200,229.35000000000002,229.35000000000002,228.02500000000003,228.02500000000003,0
1045146600,228.37500000000003,228.675,228.22500000000002,228.675,0
1045233000,228.37500000000003,228.37500000000003,228.175,228.175,0
1045578600,228.82500000000002,228.925,228.37500000000003,228.57500000000002,0
1045665000,228.40000000000003,229.02500000000003,228.40000000000003,228.87500000000003,0
1045751400,228.77500000000003,228.925,228.40000000000003,228.675,0
1045837800,228.32500000000002,229.77500000000003,227.77500000000003,229.65000000000003,0
1046097000,229.45000000000002,230.07500000000002,229.175,229.95000000000002,0
1046183400,229.27500000000003,229.37500000000003,228.97500000000002,229.02500000000003,0
1046269800,229.07500000000002,229.70000000000002,228.8,229.675,0
1046356200,229.37500000000003,229.52500000000003,228.925,229.00000000000003,0
1046442600,229.3,230.675,229.3,230.27500000000003,0
1046701800,230.12500000000003,230.27500000000003,229.55,230.10000000000002,0
1046788200,228.77500000000003,229.05,228.50000000000003,228.87500000000003,0
1046874600,228.62500000000003,229.55,228.175,228.35000000000002,0
1046961000,228.22500000000002,228.22500000000002,226.425,227.60000000000002,0
1047047400,227.925,228.02500000000003,227.425,227.65000000000003,0
1047306600,227.95000000000002,228.15000000000003,227.22500000000002,227.35000000000002,0
1047393000,227.62500000000003,228.05,226.925,228.05,0
1047479400,227.925,228.62500000000003,227.77500000000003,228.37500000000003,0
1047565800,228.37500000000003,228.77500000000003,227.97500000000002,228.37500000000003,0
1047652200,228.22500000000002,228.87500000000003,228.175,228.65000000000003,0
1047911400,228.22500000000002,228.22500000000002,226.925,226.925,0
1047997800,226.95000000000002,227.47500000000002,226.95000000000002,227.27500000000003,0
1048084200,228.62500000000003,228.925,228.32500000000002,228.82500000000002,0
1048170600,228.95000000000005,228.95000000000005,228.75000000000003,228.75000000000003,0
1048257000,228.55000000000004,228.55000000000004,228.50000000000003,228.50000000000003,0
1048516200,226.70000000000005,226.70000000000005,226.70000000000005,226.70000000000005,0
1048602600,226.12500000000003,226.12500000000003,225.80000000000004,225.92500000000004,0
1048689000,225.80000000000004,225.80000000000004,224.12500000000003,224.90000000000003,0
1048775400,224.90000000000003,225.00000000000003,224.50000000000003,225.00000000000003,0
1048861800,225.10000000000002,225.12500000000003,224.40000000000003,224.90000000000003,0
1049121000,225.45000000000005,225.50000000000003,225.40000000000003,225.50000000000003,0
1049207400,224.40000000000003,224.40000000000003,223.60000000000002,223.60000000000002,0
1049293800,224.95000000000005,225.50000000000003,224.92500000000004,225.50000000000003,0
1049380200,225.85000000000002,226.10000000000002,225.15000000000003,226.00000000000003,0
1049466600,226.55000000000004,227.25000000000003,226.55000000000004,226.90000000000003,0
1049722200,226.70000000000005,227.00000000000003,226.42500000000004,226.80000000000004,0
1049808600,226.15000000000003,226.80000000000004,226.15000000000003,226.25000000000003,0
1049895000,225.95000000000005,225.95000000000005,225.60000000000002,225.72500000000002,0
1049981400,225.15000000000003,225.25000000000003,224.40000000000003,224.70000000000005,0
1050067800,225.00000000000003,225.67500000000004,224.65000000000003,225.47500000000002,0
1050327000,225.15000000000003,225.62500000000003,224.90000000000003,224.97500000000002,0
1050413400,224.80000000000004,225.65000000000003,224.75000000000003,225.55000000000004,0
1050499800,225.35000000000002,225.47500000000002,225.25000000000003,225.42500000000004,0
1050586200,226.10000000000002,226.30000000000004,226.10000000000002,226.27500000000003,0
1050931800,226.80000000000004,227.55000000000004,226.80000000000004,226.95000000000005,0
1051018200,226.25000000000003,226.70000000000005,226.20000000000005,226.70000000000005,0
1051104600,226.32500000000005,227.77500000000003,226.20000000000005,227.77500000000003,0
1051191000,227.92500000000004,228.75000000000003,227.90000000000003,228.62500000000003,0
1051277400,228.67500000000004,229.42500000000004,228.67500000000004,228.90000000000003,0
1051536600,229.42500000000004,229.57500000000005,228.80000000000004,229.42500000000004,0
1051623000,228.95000000000005,229.37500000000003,228.60000000000002,229.37500000000003,0
1051709400,229.07500000000005,229.92500000000004,228.85000000000002,229.92500000000004,0
1051795800,230.17500000000004,230.22500000000002,230.02500000000003,230.02500000000003,0
1051882200,230.55000000000004,231.70000000000005,230.55000000000004,231.70000000000005,0
1052141400,231.92500000000004,232.05000000000004,231.45000000000005,231.92500000000004,0
1052227800,231.62500000000003,231.65000000000003,231.17500000000004,231.47500000000002,0
1052314200,231.17500000000004,231.17500000000004,230.40000000000003,230.72500000000002,0
1052400600,230.92500000000004,231.35000000000002,230.67500000000004,231.35000000000002,0
1052487000,231.65000000000003,232.57500000000005,231.65000000000003,232.37500000000003,0
1052746200,232.77500000000003,232.77500000000003,232.27500000000003,232.52500000000003,0
1052832600,232.07500000000005,232.35000000000002,231.75000000000003,231.75000000000003,0
1052919000,231.85000000000002,232.75000000000003,231.82500000000005,232.75000000000003,0
1053005400,232.12500000000003,232.17500000000004,232.12500000000003,232.17500000000004,0
1053091800,233.10000000000002,234.02500000000003,233.05000000000004,234.02500000000003,0
1053351000,234.57500000000005,234.57500000000005,234.57500000000005,234.57500000000005,0
1053437400,234.37500000000003,234.37500000000003,234.37500000000003,234.37500000000003,0
1053523800,233.22500000000002,233.22500000000002,233.22500000000002,233.22500000000002,0
1053610200,232.675,232.77500000000003,232.675,232.77500000000003,0
1053696600,232.32500000000005,232.32500000000005,232.32500000000005,232.32500000000005,0
1054042200,232.10000000000002,232.10000000000002,231.72500000000002,231.72500000000002,0
1054128600,232.40000000000003,233.72500000000002,232.40000000000003,233.72500000000002,0
1054215000,234.35000000000002,234.35000000000002,234.35000000000002,234.35000000000002,0
1054301400,234.37500000000003,235.15000000000003,234.35000000000002,235.15000000000003,0
1054560600,235.15000000000003,235.15000000000003,235.15000000000003,235.15000000000003,0
1054647000,234.925,235.12500000000003,234.925,235.12500000000003,0
1054733400,235.95000000000005,235.95000000000005,235.95000000000005,235.95000000000005,0
1054819800,236.02500000000003,236.02500000000003,235.55,235.55,0
1054906200,235.87500000000003,236.12500000000003,235.87500000000003,235.97500000000002,0
1055165400,236.32500000000005,236.32500000000005,236.07500000000005,236.07500000000005,0
1055251800,236.425,236.425,235.87500000000003,235.87500000000003,0
1055338200,235.82500000000005,235.82500000000005,233.87500000000003,233.87500000000003,0
1055424600,233.675,233.675,233.675,233.675,0
1055511000,235.55,235.55,235.55,235.55,0
1055770200,234.35000000000002,234.35000000000002,234.35000000000002,234.35000000000002,0
1055856600,233.95000000000005,233.95000000000005,233.95000000000005,233.95000000000005,0
1055943000,235.00000000000003,235.00000000000003,235.00000000000003,235.00000000000003,0
1056029400,234.15000000000003,234.15000000000003,234.15000000000003,234.15000000000003,0
1056115800,233.57500000000005,233.57500000000005,233.57500000000005,233.57500000000005,0
1056375000,233.05000000000004,233.05000000000004,233.05000000000004,233.05000000000004,0
1056461400,233.17500000000004,233.17500000000004,233.17500000000004,233.17500000000004,0
1056547800,232.77500000000003,233.52500000000003,232.77500000000003,233.52500000000003,0
1056634200,232.92500000000004,232.92500000000004,232.92500000000004,232.92500000000004,0
1056720600,233.45000000000005,233.45000000000005,233.45000000000005,233.45000000000005,0
1056979800,231.87500000000003,231.87500000000003,231.87500000000003,231.87500000000003,0
1057066200,232.20000000000005,232.20000000000005,232.20000000000005,232.20000000000005,0
1057152600,232.25000000000003,232.25000000000003,232.25000000000003,232.25000000000003,0
1057239000,233.80000000000004,233.80000000000004,233.80000000000004,233.80000000000004,0
1057584600,234.82500000000005,235.30000000000004,234.62500000000003,234.62500000000003,0
1057671000,234.00000000000003,234.00000000000003,233.75000000000003,233.75000000000003,0
1057757400,232.97500000000002,233.05000000000004,232.67500000000004,233.02500000000003,0
1057843800,233.27500000000003,233.50000000000003,233.27500000000003,233.40000000000003,0
1057930200,232.90000000000003,233.07500000000005,231.92500000000004,232.87500000000003,0
1058189400,231.60000000000002,231.60000000000002,231.05000000000004,231.05000000000004,0
1058275800,231.05000000000004,231.05000000000004,230.12500000000003,230.52500000000003,0
1058362200,230.60000000000002,230.60000000000002,230.60000000000002,230.60000000000002,0
1058448600,230.60000000000002,230.60000000000002,229.67500000000004,230.22500000000002,0
1058535000,230.17500000000004,230.17500000000004,229.75000000000006,229.75000000000006,0
1058794200,229.60000000000005,229.60000000000005,229.60000000000005,229.60000000000005,0
1058880600,230.10000000000005,230.15000000000003,227.95000000000005,227.95000000000005,0
1058967000,227.00000000000006,227.00000000000006,227.00000000000006,227.00000000000006,0
1059053400,227.50000000000006,227.50000000000006,227.50000000000006,227.50000000000006,0
1059139800,228.07500000000005,228.07500000000005,228.07500000000005,228.07500000000005,0
1059399000,226.80000000000004,226.80000000000004,226.20000000000005,226.62500000000006,0
1059485400,226.90000000000003,226.90000000000003,225.82500000000005,225.82500000000005,0
1059571800,225.90000000000003,225.90000000000003,225.90000000000003,225.90000000000003,0
1059658200,225.87500000000006,225.87500000000006,225.87500000000006,225.87500000000006,0
1059744600,225.70000000000005,225.70000000000005,225.70000000000005,225.70000000000005,0
1060003800,226.37500000000006,226.37500000000006,226.37500000000006,226.37500000000006,0
1060090200,226.42500000000004,226.90000000000003,226.40000000000003,226.90000000000003,0
1060263000,228.00000000000006,228.12500000000006,227.35000000000005,228.12500000000006,0
1060349400,229.15000000000003,229.15000000000003,229.15000000000003,229.15000000000003,0
1060608600,228.80000000000004,228.80000000000004,228.25000000000006,228.80000000000004,0
1060695000,227.50000000000006,227.50000000000006,227.40000000000003,227.42500000000004,0
1060781400,227.35000000000005,227.65000000000003,226.90000000000003,227.65000000000003,0
1060867800,226.72500000000005,226.72500000000005,226.72500000000005,226.72500000000005,0
1060954200,226.35000000000005,226.35000000000005,226.22500000000005,226.22500000000005,0
1061213400,227.15000000000003,227.15000000000003,227.15000000000003,227.15000000000003,0
1061299800,227.07500000000005,228.00000000000006,226.90000000000003,228.00000000000006,0
1061386200,228.45000000000005,228.50000000000006,228.32500000000005,228.32500000000005,0
1061472600,227.50000000000006,227.50000000000006,227.50000000000006,227.50000000000006,0
1061559000,227.65000000000003,227.92500000000004,227.60000000000005,227.92500000000004,0
1061818200,228.42500000000004,228.42500000000004,228.42500000000004,228.42500000000004,0
1061904600,228.32500000000005,228.32500000000005,228.32500000000005,228.32500000000005,0
1061991000,228.75000000000006,228.92500000000004,228.75000000000006,228.92500000000004,0
1062077400,228.50000000000006,229.65000000000003,228.40000000000003,228.77500000000003,0
1062163800,229.10000000000005,229.42500000000004,228.90000000000003,229.35000000000005,0
1062509400,229.60000000000005,229.75000000000006,229.42500000000004,229.75000000000006,0
1062595800,230.10000000000005,230.40000000000003,230.10000000000005,230.35000000000005,0
1062682200,230.07500000000005,230.65000000000003,230.05000000000004,230.65000000000003,0
1062768600,232.45000000000005,232.45000000000005,232.37500000000006,232.37500000000006,0
1063027800,233.40000000000003,233.40000000000003,233.40000000000003,233.40000000000003,0
1063114200,234.40000000000003,234.40000000000003,233.12500000000006,233.12500000000006,0
1063200600,233.95000000000005,234.10000000000005,233.80000000000004,233.80000000000004,0
1063287000,234.85000000000005,235.05000000000004,234.85000000000005,234.95000000000005,0
1063373400,233.15000000000003,233.15000000000003,232.97500000000005,232.97500000000005,0
1063632600,232.75000000000006,233.27500000000003,232.75000000000006,233.27500000000003,0
1063719000,233.65000000000003,233.70000000000005,232.72500000000005,232.72500000000005,0
1063805400,233.72500000000005,233.72500000000005,233.72500000000005,233.72500000000005,0
1063891800,234.87500000000006,234.87500000000006,234.87500000000006,234.87500000000006,0
1063978200,234.45000000000005,235.15000000000003,234.45000000000005,235.15000000000003,0
1064237400,234.92500000000007,234.92500000000007,234.92500000000007,234.92500000000007,0
1064323800,234.05000000000007,234.42500000000007,233.95000000000005,234.42500000000007,0
1064410200,233.65000000000006,233.65000000000006,233.65000000000006,233.65000000000006,0
1064496600,233.97500000000005,233.97500000000005,233.97500000000005,233.97500000000005,0
1064583000,232.72500000000005,232.72500000000005,232.72500000000005,232.72500000000005,0
1064842200,230.72500000000005,230.72500000000005,230.72500000000005,230.72500000000005,0
1064928600,230.47500000000005,230.47500000000005,230.47500000000005,230.47500000000005,0
1065015000,231.80000000000007,231.80000000000007,231.80000000000007,231.80000000000007,0
1065101400,231.42500000000007,231.85000000000005,231.42500000000007,231.57500000000005,0
1065187800,231.20000000000005,231.20000000000005,231.20000000000005,231.20000000000005,0
1065447000,231.97500000000005,231.97500000000005,231.97500000000005,231.97500000000005,0
1065533400,231.35000000000005,233.00000000000006,231.32500000000005,232.82500000000005,0
1065619800,233.57500000000005,234.82500000000005,233.57500000000005,234.82500000000005,0
1065706200,233.70000000000005,233.70000000000005,233.70000000000005,233.70000000000005,0
1065792600,235.17500000000007,235.17500000000007,235.17500000000007,235.17500000000007,0
1066051800,237.17500000000007,237.17500000000007,237.17500000000007,237.17500000000007,0
1066138200,235.90000000000006,235.90000000000006,235.90000000000006,235.90000000000006,0
1066224600,237.90000000000006,237.90000000000006,237.90000000000006,237.90000000000006,0
1066311000,235.90000000000006,235.90000000000006,235.90000000000006,235.90000000000006,0
1066397400,236.45000000000005,236.45000000000005,236.45000000000005,236.45000000000005,0
1066656600,234.55000000000007,234.55000000000007,234.55000000000007,234.55000000000007,0
1066743000,232.55000000000007,232.55000000000007,232.55000000000007,232.55000000000007,0
1066829400,230.57500000000005,230.57500000000005,230.55000000000007,230.55000000000007,0
1066915800,229.05000000000007,229.70000000000005,228.70000000000005,229.62500000000006,0
1067002200,229.32500000000005,229.32500000000005,229.32500000000005,229.32500000000005,0
1067265000,229.45000000000005,229.45000000000005,229.45000000000005,229.45000000000005,0
1067351400,228.60000000000005,228.60000000000005,228.22500000000005,228.35000000000005,0
1067437800,228.62500000000006,229.52500000000006,228.27500000000006,229.52500000000006,0
1067524200,230.17500000000007,230.55000000000007,229.12500000000006,229.42500000000007,0
1067610600,230.20000000000005,230.20000000000005,230.20000000000005,230.20000000000005,0
1067869800,230.82500000000005,231.07500000000005,229.52500000000006,229.52500000000006,0
1067956200,229.95000000000005,230.10000000000005,229.62500000000006,230.10000000000005,0
1068042600,230.65000000000006,230.77500000000006,229.67500000000007,229.80000000000007,0
1068129000,230.12500000000006,230.20000000000005,230.05000000000007,230.05000000000007,0
1068215400,230.82500000000005,231.57500000000005,230.25000000000006,230.25000000000006,0
1068474600,229.97500000000005,230.75000000000006,229.55000000000007,229.55000000000007,0
1068561000,229.15000000000006,229.67500000000007,227.62500000000006,227.62500000000006,0
1068647400,227.27500000000006,227.62500000000006,226.95000000000005,226.95000000000005,0
1068733800,227.12500000000006,227.57500000000005,226.72500000000005,226.92500000000007,0
1068820200,226.87500000000006,227.57500000000005,226.87500000000006,227.22500000000005,0
1069079400,227.05000000000007,227.05000000000007,227.05000000000007,227.05000000000007,0
1069165800,227.55000000000007,227.72500000000008,227.55000000000007,227.67500000000007,0
1069252200,225.67500000000007,225.67500000000007,225.67500000000007,225.67500000000007,0
1069338600,225.00000000000006,225.25000000000006,224.65000000000006,225.05000000000007,0
1069425000,225.35000000000008,225.35000000000008,224.70000000000007,224.87500000000006,0
1069684200,225.20000000000007,225.35000000000008,224.35000000000008,224.35000000000008,0
1069770600,224.00000000000006,224.67500000000007,223.60000000000008,223.87500000000006,0
1069857000,224.35000000000008,224.35000000000008,223.37500000000006,224.00000000000006,0
1070029800,225.22500000000008,226.00000000000006,225.22500000000008,226.00000000000006,0
1070289000,226.87500000000006,227.60000000000008,226.80000000000007,227.45000000000007,0
1070375400,227.17500000000007,227.17500000000007,226.40000000000006,226.95000000000007,0
1070461800,226.72500000000008,226.72500000000008,225.07500000000007,225.15000000000006,0
1070548200,224.45000000000007,224.45000000000007,223.95000000000007,223.95000000000007,0
1070634600,224.40000000000006,224.67500000000007,224.35000000000008,224.60000000000008,0
1070893800,225.20000000000007,225.20000000000007,225.20000000000007,225.20000000000007,0
1070980200,224.57500000000007,224.57500000000007,223.20000000000007,223.20000000000007,0
1071066600,223.30000000000007,223.50000000000006,223.05000000000007,223.50000000000006,0
1071153000,223.65000000000006,224.22500000000008,223.45000000000007,224.05000000000007,0
1071239400,223.95000000000007,223.95000000000007,223.07500000000007,223.07500000000007,0
1071498600,223.32500000000007,223.67500000000007,223.32500000000007,223.60000000000008,0
1071585000,223.40000000000006,223.75000000000006,222.55000000000007,222.55000000000007,0
1071671400,222.87500000000006,223.25000000000006,222.87500000000006,223.12500000000006,0
1071757800,222.17500000000007,222.42500000000007,221.97500000000008,222.25000000000006,0
1071844200,221.95000000000007,224.10000000000008,221.77500000000006,224.10000000000008,0
1072103400,223.90000000000006,224.57500000000007,223.90000000000006,224.55000000000007,0
1072189800,224.27500000000006,224.30000000000007,223.72500000000008,223.87500000000006,0
1072276200,222.40000000000006,222.80000000000007,221.87500000000006,222.00000000000006,0
1072449000,222.70000000000007,224.00000000000006,222.70000000000007,224.00000000000006,0
1072708200,224.55000000000007,225.05000000000007,224.05000000000007,224.72500000000008,0
1072794600,224.25000000000006,225.02500000000006,224.15000000000006,224.60000000000008,0
1072881000,224.22500000000008,224.22500000000008,224.22500000000008,224.22500000000008,0
1073053800,226.22500000000008,226.22500000000008,226.22500000000008,226.22500000000008,0
1073313000,226.50000000000006,226.75000000000006,226.12500000000006,226.75000000000006,0
1073399400,224.82500000000007,225.45000000000007,224.82500000000007,225.45000000000007,0
1073485800,225.07500000000007,225.72500000000008,225.00000000000006,225.72500000000008,0
1073572200,225.35000000000008,225.37500000000006,224.77500000000006,224.77500000000006,0
1073658600,224.60000000000008,224.60000000000008,224.55000000000007,224.55000000000007,0
1073917800,224.70000000000007,224.85000000000008,222.57500000000007,222.57500000000007,0
1074004200,222.67500000000007,223.50000000000006,222.67500000000007,223.22500000000008,0
1074090600,223.87500000000006,224.67500000000007,223.80000000000007,224.00000000000006,0
1074177000,224.42500000000007,224.60000000000008,224.15000000000006,224.60000000000008,0
1074263400,224.95000000000007,225.55000000000007,224.95000000000007,225.55000000000007,0
1074609000,225.62500000000009,225.62500000000009,225.62500000000009,225.62500000000009,0
1074695400,225.47500000000008,225.47500000000008,225.22500000000008,225.22500000000008,0
1074781800,225.72500000000008,225.85000000000008,224.1500000000001,224.1500000000001,0
1074868200,224.42500000000007,224.42500000000007,224.42500000000007,224.42500000000007,0
1075127400,224.87500000000009,224.87500000000009,223.82500000000007,223.82500000000007,0
1075213800,224.55000000000007,224.55000000000007,224.42500000000007,224.47500000000008,0
1075300200,224.17500000000007,225.32500000000007,224.07500000000007,225.32500000000007,0
1075386600,225.22500000000008,225.47500000000008,224.7750000000001,225.32500000000007,0
1075473000,226.62500000000009,226.80000000000007,226.57500000000007,226.67500000000007,0
1075732200,226.47500000000008,227.85000000000008,226.47500000000008,227.47500000000008,0
1075818600,226.82500000000007,226.82500000000007,226.82500000000007,226.82500000000007,0
1075905000,227.1500000000001,227.1500000000001,226.32500000000007,226.35000000000008,0
1075991400,227.0250000000001,228.1500000000001,227.0250000000001,227.95000000000007,0
1076077800,227.95000000000007,228.32500000000007,227.95000000000007,228.32500000000007,0
1076337000,228.32500000000007,228.32500000000007,228.32500000000007,228.32500000000007,0
1076423400,227.35000000000008,227.35000000000008,226.32500000000007,226.32500000000007,0
1076509800,227.37500000000009,227.6500000000001,227.37500000000009,227.6500000000001,0
1076596200,227.2750000000001,227.5250000000001,225.67500000000007,225.85000000000008,0
1076682600,226.10000000000008,226.17500000000007,225.75000000000009,226.17500000000007,0
1077028200,226.2750000000001,226.7750000000001,225.95000000000007,226.07500000000007,0
1077114600,226.37500000000009,226.6500000000001,226.00000000000009,226.00000000000009,0
1077201000,226.47500000000008,227.62500000000009,226.47500000000008,227.17500000000007,0
1077287400,227.87500000000009,227.97500000000008,227.32500000000007,227.57500000000007,0
1077546600,227.92500000000007,228.50000000000009,227.20000000000007,228.50000000000009,0
1077633000,228.6500000000001,229.12500000000009,228.45000000000007,228.45000000000007,0
1077719400,228.25000000000009,228.42500000000007,227.60000000000008,227.60000000000008,0
1077805800,228.5250000000001,229.12500000000009,228.5250000000001,229.12500000000009,0
1077892200,229.47500000000008,229.55000000000007,229.42500000000007,229.50000000000009,0
1078151400,229.7750000000001,229.7750000000001,229.7750000000001,229.7750000000001,0
1078237800,230.07500000000007,230.62500000000009,230.07500000000007,230.30000000000007,0
1078324200,228.82500000000007,228.82500000000007,228.32500000000007,228.37500000000009,0
1078410600,227.7750000000001,227.97500000000008,227.7750000000001,227.95000000000007,0
1078497000,229.20000000000007,229.4000000000001,229.10000000000008,229.4000000000001,0
1078756200,228.67500000000007,228.67500000000007,228.67500000000007,228.67500000000007,0
1078842600,229.67500000000007,229.7750000000001,229.67500000000007,229.7750000000001,0
1078929000,230.12500000000009,230.12500000000009,230.12500000000009,230.12500000000009,0
1079015400,230.92500000000007,231.20000000000007,230.92500000000007,231.20000000000007,0
1079101800,231.55000000000007,231.80000000000007,231.25000000000009,231.80000000000007,0
1079361000,231.92500000000007,232.17500000000007,231.4000000000001,231.60000000000008,0
1079447400,232.42500000000007,232.7750000000001,232.42500000000007,232.7750000000001,0
1079533800,232.62500000000009,232.62500000000009,231.55000000000007,231.55000000000007,0
1079620200,233.1500000000001,233.22500000000008,233.1500000000001,233.22500000000008,0
1079706600,233.95000000000007,233.95000000000007,233.95000000000007,233.95000000000007,0
1079965800,233.1500000000001,233.1500000000001,233.1500000000001,233.1500000000001,0
1080052200,233.2750000000001,233.2750000000001,233.2750000000001,233.2750000000001,0
1080138600,232.92500000000007,233.12500000000006,232.1500000000001,232.1500000000001,0
1080225000,232.4000000000001,233.47500000000008,232.4000000000001,233.47500000000008,0
1080311400,233.47500000000008,233.60000000000008,233.47500000000008,233.60000000000008,0
1080570600,235.60000000000008,235.60000000000008,235.60000000000008,235.60000000000008,0
1080657000,236.47500000000008,236.47500000000008,236.47500000000008,236.47500000000008,0
1080743400,236.47500000000008,236.47500000000008,236.47500000000008,236.47500000000008,0
1080829800,236.22500000000008,236.22500000000008,236.22500000000008,236.22500000000008,0
1080916200,234.62500000000006,234.62500000000006,234.62500000000006,234.62500000000006,0
1081171800,234.4000000000001,234.70000000000007,233.82500000000007,234.70000000000007,0
1081258200,234.97500000000008,236.6500000000001,234.97500000000008,236.6500000000001,0
1081344600,235.60000000000008,235.9000000000001,235.5250000000001,235.5250000000001,0
1081431000,235.92500000000007,236.97500000000008,235.87500000000006,236.97500000000008,0
1081776600,237.4000000000001,238.07500000000007,237.4000000000001,237.6500000000001,0
1081863000,237.22500000000008,237.22500000000008,235.6500000000001,235.6500000000001,0
1081949400,236.50000000000006,236.62500000000006,236.50000000000006,236.62500000000006,0
1082035800,236.97500000000008,236.97500000000008,234.62500000000006,234.62500000000006,0
1082122200,233.72500000000008,233.72500000000008,232.62500000000006,232.62500000000006,0
1082381400,232.50000000000006,232.50000000000006,232.50000000000006,232.50000000000006,0
1082467800,233.32500000000007,233.97500000000008,232.37500000000006,232.42500000000007,0
1082554200,233.07500000000007,233.32500000000007,232.37500000000006,232.45000000000007,0
1082640600,233.32500000000007,233.72500000000008,233.32500000000007,233.5250000000001,0
1082727000,234.20000000000007,234.30000000000007,233.12500000000006,233.55000000000007,0
1082986200,234.00000000000006,234.50000000000006,234.00000000000006,234.50000000000006,0
1083072600,233.20000000000007,233.75000000000006,232.55000000000007,233.10000000000008,0
1083159000,233.57500000000007,234.47500000000008,233.57500000000007,234.47500000000008,0
1083245400,233.9000000000001,233.9000000000001,233.9000000000001,233.9000000000001,0
1083331800,235.00000000000006,235.9000000000001,235.00000000000006,235.9000000000001,0
1083591000,236.67500000000007,236.67500000000007,236.67500000000007,236.67500000000007,0
1083677400,235.92500000000007,236.00000000000006,235.55000000000007,235.67500000000007,0
1083763800,236.95000000000007,236.95000000000007,236.17500000000007,236.17500000000007,0
1083850200,236.35000000000008,236.35000000000008,235.35000000000008,235.35000000000008,0
1083936600,235.47500000000008,236.10000000000008,235.35000000000008,236.10000000000008,0
1084195800,236.92500000000007,236.92500000000007,236.22500000000008,236.32500000000007,0
1084282200,238.32500000000007,238.32500000000007,238.32500000000007,238.32500000000007,0
1084368600,238.9000000000001,238.9000000000001,237.00000000000006,237.00000000000006,0
1084455000,237.72500000000008,237.72500000000008,237.72500000000008,237.72500000000008,0
1084541400,237.0250000000001,237.55000000000007,237.0250000000001,237.55000000000007,0
1084800600,236.32500000000007,236.32500000000007,236.32500000000007,236.32500000000007,0
1084887000,237.10000000000008,237.30000000000007,237.10000000000008,237.1500000000001,0
1084973400,236.55000000000007,236.87500000000006,236.55000000000007,236.87500000000006,0
1085059800,236.95000000000007,237.1500000000001,236.00000000000006,236.00000000000006,0
1085146200,236.7750000000001,236.7750000000001,236.7750000000001,236.7750000000001,0
1085405400,237.37500000000006,237.37500000000006,237.37500000000006,237.37500000000006,0
1085491800,236.10000000000008,236.10000000000008,235.67500000000007,235.67500000000007,0
1085578200,234.80000000000007,234.80000000000007,234.80000000000007,234.80000000000007,0
1085664600,236.37500000000006,236.37500000000006,236.37500000000006,236.37500000000006,0
1085751000,237.35000000000008,237.35000000000008,237.35000000000008,237.35000000000008,0
1086096600,238.2750000000001,238.2750000000001,238.25000000000006,238.25000000000006,0
1086183000,237.72500000000008,237.82500000000007,237.72500000000008,237.82500000000007,0
1086269400,239.82500000000007,239.82500000000007,239.82500000000007,239.82500000000007,0
1086355800,239.7750000000001,239.7750000000001,239.7750000000001,239.7750000000001,0
1086615000,239.5250000000001,239.5250000000001,239.5250000000001,239.5250000000001,0
1086701400,238.37500000000006,238.37500000000006,238.37500000000006,238.37500000000006,0
1086787800,237.55000000000007,237.55000000000007,237.55000000000007,237.55000000000007,0
1086874200,238.4000000000001,238.4000000000001,238.4000000000001,238.4000000000001,0
1086960600,238.4000000000001,238.4000000000001,238.4000000000001,238.4000000000001,0
1087219800,238.72500000000008,238.72500000000008,238.72500000000008,238.72500000000008,0
1087306200,237.95000000000007,237.95000000000007,237.95000000000007,237.95000000000007,0
1087392600,238.4000000000001,238.4000000000001,238.4000000000001,238.4000000000001,0
1087479000,239.17500000000007,239.17500000000007,239.17500000000007,239.17500000000007,0
1087565400,240.05000000000007,240.05000000000007,240.05000000000007,240.05000000000007,0
1087824600,239.50000000000006,239.50000000000006,239.50000000000006,239.50000000000006,0
1087911000,238.57500000000007,238.57500000000007,238.57500000000007,238.57500000000007,0
1087997400,239.60000000000008,239.60000000000008,239.60000000000008,239.60000000000008,0
1088083800,238.05000000000007,238.05000000000007,238.05000000000007,238.05000000000007,0
1088170200,238.52500000000006,238.52500000000006,238.52500000000006,238.52500000000006,0
1088429400,238.00000000000006,238.70000000000007,238.00000000000006,238.70000000000007,0
1088515800,238.90000000000006,239.05000000000007,238.90000000000006,239.05000000000007,0
1088602200,239.87500000000006,239.87500000000006,239.87500000000006,239.87500000000006,0
1088688600,239.55000000000007,239.55000000000007,239.55000000000007,239.55000000000007,0
1088775000,240.10000000000008,240.10000000000008,240.10000000000008,240.10000000000008,0
1089120600,239.82500000000007,239.82500000000007,239.82500000000007,239.82500000000007,0
1089207000,238.27500000000006,238.27500000000006,238.27500000000006,238.27500000000006,0
1089293400,238.50000000000006,238.50000000000006,238.50000000000006,238.50000000000006,0
1089379800,239.37500000000006,239.37500000000006,239.37500000000006,239.37500000000006,0
1089639000,239.50000000000006,239.50000000000006,239.50000000000006,239.50000000000006,0
1089725400,238.67500000000007,238.67500000000007,238.67500000000007,238.67500000000007,0
1089811800,239.50000000000006,239.50000000000006,238.82500000000007,238.82500000000007,0
1089898200,236.82500000000007,236.82500000000007,236.82500000000007,236.82500000000007,0
1089984600,236.35000000000008,236.35000000000008,236.25000000000006,236.32500000000007,0
1090243800,236.90000000000006,237.20000000000007,236.90000000000006,237.20000000000007,0
1090330200,237.15000000000006,237.15000000000006,237.15000000000006,237.15000000000006,0
1090416600,236.40000000000006,236.40000000000006,236.40000000000006,236.40000000000006,0
1090503000,236.62500000000006,236.62500000000006,236.62500000000006,236.62500000000006,0
1090589400,237.05000000000007,237.50000000000006,237.05000000000007,237.40000000000006,0
1090848600,238.60000000000008,239.40000000000006,238.50000000000006,239.40000000000006,0
1090935000,239.77500000000006,241.20000000000007,239.77500000000006,241.20000000000007,0
1091021400,240.57500000000007,240.57500000000007,240.57500000000007,240.57500000000007,0
1091107800,240.60000000000008,242.00000000000006,240.60000000000008,241.77500000000006,0
1091194200,241.15000000000006,241.15000000000006,241.15000000000006,241.15000000000006,0
1091453400,242.35000000000008,242.40000000000006,242.27500000000006,242.27500000000006,0
1091539800,241.17500000000007,241.17500000000007,241.17500000000007,241.17500000000007,0
1091626200,241.80000000000007,242.12500000000006,241.70000000000007,242.12500000000006,0
1091712600,242.07500000000007,242.07500000000007,242.07500000000007,242.07500000000007,0
1091799000,242.67500000000007,242.67500000000007,242.67500000000007,242.67500000000007,0
1092058200,241.85000000000008,241.85000000000008,241.85000000000008,241.85000000000008,0
1092144600,241.15000000000006,241.30000000000007,240.77500000000006,240.77500000000006,0
1092231000,239.85000000000008,239.85000000000008,238.95000000000007,238.95000000000007,0
1092317400,239.00000000000006,239.00000000000006,238.72500000000008,238.72500000000008,0
1092403800,240.25000000000006,240.25000000000006,240.25000000000006,240.25000000000006,0
1092663000,238.92500000000007,238.92500000000007,238.25000000000006,238.25000000000006,0
1092749400,237.27500000000006,237.40000000000006,237.12500000000006,237.12500000000006,0
1092835800,236.72500000000008,236.72500000000008,236.72500000000008,236.72500000000008,0
1092922200,237.25000000000006,237.25000000000006,237.25000000000006,237.25000000000006,0
1093008600,237.70000000000007,237.70000000000007,237.70000000000007,237.70000000000007,0
1093267800,236.92500000000007,236.97500000000008,236.62500000000006,236.62500000000006,0
1093354200,235.20000000000007,235.20000000000007,235.20000000000007,235.20000000000007,0
1093440600,234.82500000000007,236.10000000000008,234.47500000000008,235.25000000000006,0
1093527000,234.95000000000007,234.95000000000007,234.85000000000008,234.90000000000006,0
1093613400,235.40000000000006,235.70000000000007,235.35000000000008,235.65000000000006,0
1093872600,235.67500000000007,236.95000000000007,235.67500000000007,236.95000000000007,0
1093959000,237.82500000000007,237.90000000000006,237.82500000000007,237.90000000000006,0
1094045400,237.52500000000006,238.72500000000008,237.52500000000006,238.72500000000008,0
1094131800,238.45000000000007,238.45000000000007,237.20000000000007,237.25000000000006,0
1094218200,237.32500000000007,237.32500000000007,237.32500000000007,237.32500000000007,0
1094563800,237.05000000000007,237.05000000000007,237.05000000000007,237.05000000000007,0
1094650200,236.47500000000008,236.47500000000008,236.47500000000008,236.47500000000008,0
1094736600,238.35000000000008,238.35000000000008,237.52500000000006,237.52500000000006,0
1094823000,237.97500000000008,237.97500000000008,237.97500000000008,237.97500000000008,0
1095082200,239.00000000000006,239.00000000000006,239.00000000000006,239.00000000000006,0
1095168600,239.62500000000006,239.62500000000006,239.62500000000006,239.62500000000006,0
1095255000,240.57500000000007,240.57500000000007,240.57500000000007,240.57500000000007,0
1095341400,241.92500000000007,241.92500000000007,241.92500000000007,241.92500000000007,0
1095427800,243.45000000000005,243.45000000000005,243.45000000000005,243.45000000000005,0
1095687000,244.32500000000005,244.32500000000005,244.32500000000005,244.32500000000005,0
1095773400,244.35000000000005,244.35000000000005,244.20000000000005,244.20000000000005,0
1095859800,243.55000000000007,244.05000000000007,243.55000000000007,244.05000000000007,0
1095946200,245.82500000000005,245.82500000000005,245.82500000000005,245.82500000000005,0
1096032600,245.45000000000005,245.45000000000005,245.45000000000005,245.45000000000005,0
1096291800,243.45000000000005,243.45000000000005,243.45000000000005,243.45000000000005,0
1096378200,242.45000000000005,242.45000000000005,242.45000000000005,242.45000000000005,0
1096464600,243.20000000000005,243.20000000000005,243.20000000000005,243.20000000000005,0
1096551000,243.75000000000006,243.75000000000006,243.75000000000006,243.75000000000006,0
1096637400,243.30000000000007,243.30000000000007,243.30000000000007,243.30000000000007,0
1096896600,241.37500000000006,241.37500000000006,241.37500000000006,241.37500000000006,0
1096983000,240.37500000000006,240.37500000000006,240.37500000000006,240.37500000000006,0
1097069400,241.42500000000007,241.42500000000007,241.42500000000007,241.42500000000007,0
1097155800,240.70000000000005,240.70000000000005,240.70000000000005,240.70000000000005,0
1097242200,241.32500000000005,241.32500000000005,241.32500000000005,241.32500000000005,0
1097501400,241.62500000000006,241.62500000000006,240.92500000000007,240.92500000000007,0
1097587800,238.92500000000007,238.92500000000007,238.92500000000007,238.92500000000007,0
1097674200,239.30000000000007,239.30000000000007,239.30000000000007,239.30000000000007,0
1097760600,239.47500000000005,239.47500000000005,239.47500000000005,239.47500000000005,0
1097847000,241.47500000000005,241.47500000000005,241.47500000000005,241.47500000000005,0
1098106200,239.72500000000005,239.72500000000005,239.72500000000005,239.72500000000005,0
1098192600,241.12500000000006,241.12500000000006,241.12500000000006,241.12500000000006,0
1098279000,240.52500000000006,240.52500000000006,240.52500000000006,240.52500000000006,0
1098365400,241.62500000000006,241.77500000000006,241.57500000000005,241.77500000000006,0
1098451800,241.67500000000007,241.92500000000007,240.82500000000005,240.82500000000005,0
1098711000,240.00000000000006,240.72500000000005,240.00000000000006,240.12500000000006,0
1098797400,241.15000000000006,241.57500000000005,240.85000000000005,240.85000000000005,0
1098883800,240.22500000000005,240.62500000000006,239.92500000000007,240.47500000000005,0
1098970200,240.97500000000005,240.97500000000005,240.97500000000005,240.97500000000005,0
1099056600,242.07500000000005,242.07500000000005,242.07500000000005,242.07500000000005,0
1099319400,242.37500000000006,243.80000000000007,242.27500000000006,243.80000000000007,0
1099405800,244.10000000000005,244.65000000000006,243.82500000000005,244.47500000000005,0
1099492200,246.47500000000005,246.47500000000005,246.47500000000005,246.47500000000005,0
1099578600,248.47500000000005,248.47500000000005,248.47500000000005,248.47500000000005,0
1099665000,246.87500000000006,246.87500000000006,246.87500000000006,246.87500000000006,0
1099924200,246.72500000000005,246.72500000000005,246.72500000000005,246.72500000000005,0
1100010600,246.52500000000006,246.52500000000006,246.52500000000006,246.52500000000006,0
1100097000,248.52500000000006,248.52500000000006,248.37500000000006,248.52500000000006,0
1100183400,248.37500000000006,249.10000000000005,247.92500000000007,249.10000000000005,0
1100269800,250.10000000000005,250.10000000000005,250.10000000000005,250.10000000000005,0
1100529000,249.50000000000006,249.97500000000005,249.40000000000006,249.40000000000006,0
1100615400,249.00000000000006,249.00000000000006,249.00000000000006,249.00000000000006,0
1100701800,248.57500000000005,248.57500000000005,248.57500000000005,248.57500000000005,0
1100788200,248.87500000000006,248.87500000000006,248.87500000000006,248.87500000000006,0
1100874600,249.10000000000005,249.10000000000005,249.10000000000005,249.10000000000005,0
1101133800,249.72500000000005,249.72500000000005,249.72500000000005,249.72500000000005,0
1101220200,250.12500000000006,250.12500000000006,250.12500000000006,250.12500000000006,0
1101306600,250.97500000000005,250.97500000000005,250.97500000000005,250.97500000000005,0
1101479400,250.97500000000005,250.97500000000005,250.97500000000005,250.97500000000005,0
1101738600,251.80000000000004,251.80000000000004,251.80000000000004,251.80000000000004,0
1101825000,252.85000000000005,252.85000000000005,252.85000000000005,252.85000000000005,0
1101911400,251.60000000000005,251.60000000000005,251.60000000000005,251.60000000000005,0
1101997800,251.62500000000006,251.62500000000006,251.62500000000006,251.62500000000006,0
1102084200,251.02500000000003,251.02500000000003,251.02500000000003,251.02500000000003,0
1102343400,249.02500000000003,249.02500000000003,249.02500000000003,249.02500000000003,0
1102429800,248.07500000000005,248.07500000000005,248.07500000000005,248.07500000000005,0
1102516200,248.00000000000006,248.00000000000006,248.00000000000006,248.00000000000006,0
1102602600,247.37500000000006,247.37500000000006,247.37500000000006,247.37500000000006,0
1102689000,247.57500000000005,247.67500000000004,247.30000000000004,247.30000000000004,0
1102948200,248.15000000000003,248.15000000000003,247.87500000000006,247.87500000000006,0
1103034600,246.77500000000003,246.97500000000005,246.77500000000003,246.95000000000005,0
1103121000,246.60000000000005,248.15000000000003,246.40000000000003,248.15000000000003,0
1103207400,247.97500000000005,249.02500000000003,247.60000000000005,249.02500000000003,0
1103293800,248.72500000000005,249.55000000000004,248.72500000000005,249.55000000000004,0
1103553000,249.02500000000003,249.02500000000003,248.80000000000004,248.80000000000004,0
1103639400,248.32500000000005,248.80000000000004,248.32500000000005,248.80000000000004,0
1103725800,248.70000000000005,248.80000000000004,248.70000000000005,248.80000000000004,0
1103812200,249.17500000000004,249.50000000000006,248.90000000000003,249.50000000000006,0
1104157800,249.05000000000004,250.47500000000005,249.05000000000004,250.47500000000005,0
1104244200,249.17500000000004,249.45000000000005,249.17500000000004,249.45000000000005,0
1104330600,251.05000000000004,251.05000000000004,251.05000000000004,251.05000000000004,0
1104417000,251.00000000000006,252.10000000000005,250.85000000000005,252.10000000000005,0
1104503400,252.10000000000005,252.10000000000005,252.10000000000005,252.10000000000005,0
1104762600,252.70000000000005,252.77500000000003,252.12500000000006,252.40000000000003,0
1104849000,252.50000000000006,252.50000000000006,251.55000000000004,252.20000000000005,0
1104935400,251.45000000000005,251.62500000000006,251.02500000000003,251.45000000000005,0
1105021800,250.75000000000006,252.50000000000006,250.70000000000005,251.50000000000006,0
1105108200,251.55000000000004,252.05000000000004,250.65000000000003,250.65000000000003,0
1105367400,250.65000000000003,251.10000000000005,250.12500000000006,250.75000000000006,0
1105453800,250.75000000000006,252.75000000000006,250.62500000000006,252.75000000000006,0
1105540200,252.45000000000005,253.30000000000004,251.50000000000006,251.50000000000006,0
1105626600,251.70000000000005,252.20000000000005,251.10000000000005,251.90000000000003,0
1105713000,251.85000000000005,252.62500000000006,251.85000000000005,252.47500000000005,0
1106058600,252.70000000000005,252.80000000000004,251.10000000000005,251.27500000000003,0
1106145000,251.70000000000005,251.70000000000005,250.90000000000003,251.47500000000005,0
1106231400,249.67500000000007,249.67500000000007,249.67500000000007,249.67500000000007,0
1106317800,250.00000000000006,250.65000000000006,250.00000000000006,250.65000000000006,0
1106577000,250.10000000000008,250.35000000000008,250.10000000000008,250.35000000000008,0
1106663400,250.55000000000007,250.70000000000007,249.95000000000007,250.70000000000007,0
1106749800,250.92500000000007,250.92500000000007,249.55000000000007,249.55000000000007,0
1106836200,249.15000000000006,249.37500000000006,248.75000000000006,249.37500000000006,0
1106922600,249.70000000000007,249.70000000000007,249.35000000000008,249.35000000000008,0
1107181800,249.80000000000007,249.80000000000007,248.90000000000006,249.60000000000008,0
1107268200,249.35000000000008,249.35000000000008,248.72500000000008,249.17500000000007,0
1107354600,248.65000000000006,248.65000000000006,247.17500000000007,247.17500000000007,0
1107441000,247.22500000000008,247.25000000000006,246.70000000000007,247.25000000000006,0
1107527400,247.95000000000007,247.95000000000007,246.65000000000006,247.05000000000007,0
1107786600,247.55000000000007,248.40000000000006,247.37500000000006,248.40000000000006,0
1107873000,248.82500000000007,248.82500000000007,248.05000000000007,248.05000000000007,0
1107959400,248.15000000000006,248.37500000000006,247.82500000000007,247.82500000000007,0
1108045800,247.80000000000007,247.80000000000007,245.82500000000007,245.82500000000007,0
1108132200,246.57500000000007,246.57500000000007,246.57500000000007,246.57500000000007,0
1108391400,246.60000000000008,247.22500000000008,246.60000000000008,246.62500000000006,0
1108477800,246.10000000000008,247.05000000000007,246.10000000000008,247.05000000000007,0
1108564200,247.65000000000006,248.75000000000006,247.65000000000006,247.95000000000007,0
1108650600,247.80000000000007,248.32500000000007,247.47500000000008,247.90000000000006,0
1108737000,247.62500000000006,247.72500000000008,246.92500000000007,246.92500000000007,0
1109082600,247.05000000000007,247.60000000000008,247.05000000000007,247.60000000000008,0
1109169000,249.00000000000006,249.57500000000007,249.00000000000006,249.47500000000008,0
1109255400,248.92500000000007,249.70000000000007,248.92500000000007,248.95000000000007,0
1109341800,248.45000000000007,248.45000000000007,247.55000000000007,248.20000000000007,0
1109601000,248.40000000000006,248.47500000000008,248.00000000000006,248.27500000000006,0
1109687400,248.25000000000006,249.55000000000007,248.25000000000006,249.30000000000007,0
1109773800,249.60000000000008,249.90000000000006,248.70000000000007,248.70000000000007,0
1109860200,249.10000000000008,250.15000000000006,249.10000000000008,250.15000000000006,0
1109946600,250.15000000000006,250.15000000000006,249.70000000000007,249.70000000000007,0
1110205800,250.25000000000006,250.67500000000007,248.35000000000008,249.55000000000007,0
1110292200,250.17500000000007,250.22500000000008,249.50000000000006,250.15000000000006,0
1110378600,250.00000000000006,250.00000000000006,248.25000000000006,248.62500000000006,0
1110465000,247.25000000000006,247.35000000000008,246.62500000000006,246.62500000000006,0
1110551400,246.12500000000006,246.80000000000007,246.07500000000007,246.42500000000007,0
1110810600,246.65000000000006,246.80000000000007,244.50000000000006,244.62500000000006,0
1110897000,244.40000000000006,245.25000000000006,244.15000000000006,244.62500000000006,0
1110983400,245.15000000000006,246.45000000000007,245.15000000000006,245.32500000000007,0
1111069800,245.35000000000008,245.35000000000008,243.32500000000007,244.62500000000006,0
1111156200,243.7750000000001,244.22500000000008,243.25000000000009,243.9500000000001,0
1111415400,243.5750000000001,244.9000000000001,243.5750000000001,244.8250000000001,0
1111501800,244.3250000000001,244.3250000000001,243.8250000000001,243.8250000000001,0
1111588200,242.8250000000001,242.8250000000001,242.4250000000001,242.6750000000001,0
1111674600,242.9250000000001,242.97500000000008,242.5750000000001,242.6500000000001,0
1112020200,242.97500000000008,242.97500000000008,241.97500000000008,242.85000000000008,0
1112106600,243.5250000000001,244.1500000000001,243.47500000000008,243.9500000000001,0
1112193000,243.5750000000001,243.97500000000008,243.4250000000001,243.4250000000001,0
1112279400,243.6750000000001,243.8250000000001,243.12500000000009,243.8000000000001,0
1112365800,244.60000000000008,245.3250000000001,244.60000000000008,245.3250000000001,0
1112621400,244.9000000000001,244.9000000000001,244.2750000000001,244.37500000000009,0
1112707800,243.2750000000001,243.5250000000001,242.72500000000008,242.75000000000009,0
1112794200,242.72500000000008,242.72500000000008,241.2750000000001,241.2750000000001,0
1112880600,241.5250000000001,241.6750000000001,240.5250000000001,241.35000000000008,0
1112967000,241.4250000000001,243.3250000000001,241.4250000000001,242.22500000000008,0
1113226200,243.22500000000008,243.22500000000008,241.5750000000001,242.4500000000001,0
1113312600,242.5250000000001,242.87500000000009,242.1750000000001,242.1750000000001,0
1113399000,242.9250000000001,242.9250000000001,241.7750000000001,241.85000000000008,0
1113485400,241.8250000000001,241.8250000000001,241.37500000000009,241.7750000000001,0
1113571800,242.4250000000001,242.4250000000001,242.4250000000001,242.4250000000001,0
1113831000,241.22500000000008,241.4250000000001,241.0250000000001,241.22500000000008,5675
1113917400,241.3250000000001,242.22500000000008,240.5250000000001,242.2000000000001,5115
1114003800,242.72500000000008,243.22500000000008,241.9250000000001,242.9000000000001,6470
1114090200,242.0750000000001,242.5500000000001,242.00000000000009,242.00000000000009,5252
1114176600,241.5250000000001,241.5250000000001,240.3000000000001,240.4250000000001,7438
1114435800,240.8250000000001,240.8250000000001,239.3250000000001,239.6750000000001,10850
1114522200,239.97500000000008,241.3000000000001,239.97500000000008,241.2750000000001,9813
1114608600,241.2750000000001,241.5250000000001,240.87500000000009,241.4500000000001,6037
1114695000,241.5250000000001,242.0750000000001,241.22500000000008,241.22500000000008,5033
1114781400,242.5250000000001,242.5250000000001,241.97500000000008,241.97500000000008,6938
1115040600,241.9500000000001,241.9500000000001,241.9500000000001,241.9500000000001,6572
1115127000,241.22500000000008,241.9000000000001,239.9500000000001,241.10000000000008,8508
1115213400,241.47500000000008,241.5250000000001,241.12500000000009,241.35000000000008,9174
1115299800,241.0750000000001,241.75000000000009,241.0750000000001,241.75000000000009,7605
1115386200,241.22500000000008,241.35000000000008,240.4500000000001,240.6750000000001,13673
1115645400,240.5250000000001,241.1750000000001,239.6500000000001,239.6500000000001,11984
1115731800,239.5250000000001,239.8250000000001,239.22500000000008,239.8250000000001,10909
1115818200,241.4500000000001,241.4500000000001,240.75000000000009,240.75000000000009,13281
1115904600,241.50000000000009,241.6500000000001,241.0250000000001,241.0250000000001,8935
1115991000,239.9500000000001,240.35000000000008,239.7000000000001,240.35000000000008,7988
1116250200,239.9250000000001,240.3250000000001,239.7750000000001,240.22500000000008,3839
1116336600,240.8250000000001,240.8250000000001,239.72500000000008,240.4250000000001,4811
1116423000,239.0250000000001,239.0250000000001,238.47500000000008,238.47500000000008,8071
1116509400,238.3250000000001,238.37500000000009,237.9500000000001,238.00000000000009,5543
1116595800,238.07500000000007,238.07500000000007,236.00000000000009,236.4000000000001,8152
1116855000,236.32500000000007,236.57500000000007,235.57500000000007,235.57500000000007,7489
1116941400,235.7750000000001,236.1500000000001,235.47500000000008,235.55000000000007,8564
1117027800,235.72500000000008,236.12500000000009,235.32500000000007,235.97500000000008,7927
1117114200,236.70000000000007,236.70000000000007,235.7750000000001,235.7750000000001,6632
1117200600,236.00000000000009,236.45000000000007,236.00000000000009,236.45000000000007,2999
1117546200,236.62500000000009,237.07500000000007,236.30000000000007,236.37500000000009,6951
1117632600,236.07500000000007,236.07500000000007,234.87500000000009,235.2750000000001,10662
1117719000,234.32500000000007,234.32500000000007,233.37500000000009,234.12500000000009,9122
1117805400,234.4000000000001,234.4000000000001,232.92500000000007,232.92500000000007,8214
1118064600,233.80000000000007,234.0250000000001,233.57500000000007,233.57500000000007,5986
1118151000,233.32500000000007,233.32500000000007,233.05000000000007,233.05000000000007,11518
1118237400,233.47500000000008,234.0250000000001,233.47500000000008,234.0250000000001,9637
1118323800,234.5250000000001,234.67500000000007,233.82500000000007,233.82500000000007,11166
1118410200,234.62500000000009,234.62500000000009,233.30000000000007,233.30000000000007,10014
1118669400,234.17500000000007,234.17500000000007,233.60000000000008,233.7750000000001,10881
1118755800,234.30000000000007,234.37500000000009,232.30000000000007,232.30000000000007,8670
1118842200,232.2750000000001,232.87500000000009,232.12500000000009,232.80000000000007,8006
1118928600,232.5250000000001,232.92500000000007,232.30000000000007,232.92500000000007,6428
1119015000,233.0250000000001,233.12500000000009,230.92500000000007,230.92500000000007,6214
1119274200,231.7750000000001,231.7750000000001,231.7750000000001,231.7750000000001,6756
1119360600,231.42500000000007,231.42500000000007,231.42500000000007,231.42500000000007,7224
1119447000,231.30000000000007,231.30000000000007,230.7750000000001,230.7750000000001,5014
1119533400,231.17500000000007,231.17500000000007,231.17500000000007,231.17500000000007,4270
1119619800,231.0250000000001,231.2750000000001,230.5250000000001,230.5250000000001,3465
1119879000,231.32500000000007,232.32500000000007,231.32500000000007,232.10000000000008,6743
1119965400,231.87500000000009,231.87500000000009,230.10000000000008,230.10000000000008,7751
1120051800,231.00000000000009,231.00000000000009,230.5250000000001,230.5250000000001,7553
1120138200,231.72500000000008,231.75000000000009,231.00000000000009,231.00000000000009,7518
1120224600,232.20000000000007,232.62500000000009,231.97500000000008,232.0250000000001,7520
1120570200,233.32500000000007,233.57500000000007,233.00000000000009,233.32500000000007,8907
1120656600,234.1500000000001,234.97500000000008,234.00000000000009,234.70000000000007,12068
1120743000,234.57500000000007,234.57500000000007,233.37500000000009,234.1500000000001,9834
1120829400,233.92500000000007,234.07500000000007,232.80000000000007,232.80000000000007,11237
1121088600,233.10000000000008,233.10000000000008,231.67500000000007,231.67500000000007,14341
1121175000,231.85000000000008,232.07500000000007,231.70000000000007,232.0250000000001,11176
1121261400,232.2750000000001,232.95000000000007,232.2750000000001,232.82500000000007,12425
1121347800,232.70000000000007,232.70000000000007,232.0250000000001,232.0250000000001,11607
1121434200,232.07500000000007,232.37500000000009,230.87500000000009,231.72500000000008,9152
1121693400,231.72500000000008,232.10000000000008,231.72500000000008,232.10000000000008,7082
1121779800,232.90000000000006,233.10000000000008,232.80000000000007,232.82500000000005,5913
1121866200,232.92500000000007,232.92500000000007,232.55000000000007,232.55000000000007,6877
1121952600,233.05000000000007,233.15000000000006,232.70000000000005,233.00000000000006,4977
1122039000,233.10000000000008,233.10000000000008,232.10000000000008,232.10000000000008,5045
1122298200,232.00000000000006,232.22500000000008,231.95000000000005,231.95000000000005,6045
1122384600,232.57500000000005,232.95000000000005,230.87500000000006,230.87500000000006,10801
1122471000,230.65000000000006,230.90000000000006,230.47500000000008,230.77500000000006,6147
1122557400,230.80000000000007,231.45000000000005,230.80000000000007,231.00000000000006,5865
1122643800,231.20000000000005,231.70000000000005,231.20000000000005,231.67500000000007,5090
1122903000,232.40000000000006,233.67500000000007,232.40000000000006,233.67500000000007,10917
1122989400,234.10000000000008,234.77500000000006,233.67500000000007,234.77500000000006,11580
1123075800,234.80000000000007,234.95000000000005,234.22500000000008,234.22500000000008,8493
1123162200,234.15000000000006,234.37500000000006,233.65000000000006,234.37500000000006,5563
1123248600,233.75000000000006,234.92500000000007,233.75000000000006,234.92500000000007,5837
1123507800,234.80000000000007,235.20000000000005,233.60000000000008,233.60000000000008,7870
1123594200,233.42500000000007,233.97500000000008,233.37500000000006,233.37500000000006,5855
1123680600,233.17500000000007,233.17500000000007,232.30000000000007,232.30000000000007,5374
1123767000,232.50000000000006,232.50000000000006,232.17500000000007,232.30000000000007,3491
1123853400,232.45000000000005,232.67500000000007,232.45000000000005,232.67500000000007,3968
1124112600,233.15000000000006,234.45000000000005,233.15000000000006,234.35000000000008,7419
1124199000,234.55000000000007,234.95000000000005,234.22500000000008,234.90000000000006,5169
1124285400,235.75000000000006,235.85000000000008,234.90000000000006,235.17500000000007,10680
1124371800,235.20000000000005,235.50000000000006,235.15000000000006,235.47500000000008,5582
1124458200,236.05000000000007,237.10000000000008,236.05000000000007,236.30000000000007,10582
1124717400,236.85000000000008,237.15000000000006,236.35000000000008,236.57500000000005,7332
1124803800,236.90000000000006,236.90000000000006,235.72500000000008,235.82500000000005,6144
1124890200,235.75000000000006,236.27500000000006,235.62500000000006,235.95000000000005,6780
1124976600,236.22500000000008,237.90000000000006,236.22500000000008,237.47500000000008,7368
1125063000,237.80000000000007,238.40000000000006,237.60000000000008,238.37500000000006,7814
1125322200,238.17500000000007,238.25000000000006,237.65000000000006,238.05000000000007,6056
1125408600,238.35000000000008,238.45000000000005,237.65000000000006,237.97500000000008,7243
1125495000,238.50000000000006,238.97500000000008,237.85000000000008,237.85000000000008,10067
1125581400,237.50000000000006,237.52500000000006,236.20000000000005,236.20000000000005,11184
1125667800,236.40000000000006,236.40000000000006,235.80000000000007,235.80000000000007,6370
1126013400,236.10000000000008,237.07500000000005,236.10000000000008,236.67500000000007,6880
1126099800,236.70000000000005,236.82500000000005,235.90000000000006,236.02500000000006,6393
1126186200,236.30000000000007,237.05000000000007,236.30000000000007,236.90000000000006,11667
1126272600,237.57500000000005,238.90000000000006,237.57500000000005,238.90000000000006,11474
1126531800,239.20000000000005,239.20000000000005,238.45000000000005,239.20000000000005,17191
1126618200,239.07500000000005,239.50000000000006,239.05000000000007,239.22500000000008,13168
1126704600,239.00000000000006,239.00000000000006,237.97500000000008,237.97500000000008,11588
1126791000,238.05000000000007,238.57500000000005,237.60000000000008,238.57500000000005,8319
1126877400,239.30000000000007,239.52500000000006,238.35000000000008,238.65000000000006,7549
1127136600,238.42500000000007,238.97500000000008,238.42500000000007,238.97500000000008,6884
1127223000,239.02500000000006,239.80000000000007,238.77500000000006,239.80000000000007,8160
1127309400,239.67500000000007,239.75000000000006,238.87500000000006,238.87500000000006,8270
1127395800,238.92500000000007,239.02500000000006,238.62500000000006,238.82500000000007,5803
1127482200,239.77500000000006,239.77500000000006,239.47500000000008,239.57500000000007,6990
1127741400,239.67500000000007,239.72500000000008,239.67500000000007,239.72500000000008,7356
1127827800,239.22500000000008,239.27500000000006,238.95000000000007,238.95000000000007,7131
1127914200,239.07500000000007,239.77500000000006,239.05000000000007,239.77500000000006,8532
1128000600,239.97500000000008,240.70000000000007,239.97500000000008,240.07500000000007,8289
1128087000,240.30000000000007,240.52500000000006,240.02500000000006,240.02500000000006,7572
1128346200,240.37500000000006,242.02500000000006,240.37500000000006,241.67500000000007,10333
1128432600,241.67500000000007,242.12500000000006,241.42500000000007,241.47500000000008,10081
1128519000,241.40000000000006,242.00000000000006,241.20000000000007,242.00000000000006,7477
1128605400,241.62500000000006,241.70000000000007,240.00000000000006,241.05000000000007,8571
1128691800,241.57500000000007,242.27500000000006,241.17500000000007,241.70000000000007,6471
1128951000,241.87500000000006,241.92500000000007,241.20000000000007,241.20000000000007,5383
1129037400,240.85000000000008,240.85000000000008,240.17500000000007,240.17500000000007,8357
1129123800,240.22500000000008,240.22500000000008,239.05000000000007,239.05000000000007,9396
1129210200,239.22500000000008,239.27500000000006,238.87500000000006,239.20000000000007,5986
1129296600,238.97500000000008,239.02500000000006,238.17500000000007,238.17500000000007,10619
1129555800,238.07500000000007,238.42500000000007,236.67500000000007,237.00000000000006,9763
1129642200,237.07500000000007,237.47500000000008,236.57500000000007,237.02500000000006,8381
1129728600,237.02500000000006,238.15000000000006,236.77500000000006,237.75000000000006,9439
1129815000,237.42500000000007,237.42500000000007,236.47500000000008,236.90000000000006,8482
1129901400,237.62500000000006,237.62500000000006,237.05000000000007,237.45000000000007,6180
1130160600,237.27500000000006,237.67500000000007,236.87500000000006,237.62500000000006,4889
1130247000,237.52500000000006,237.97500000000008,237.22500000000008,237.87500000000006,5431
1130333400,237.72500000000008,238.12500000000006,236.75000000000006,236.75000000000006,7382
1130419800,236.32500000000007,236.67500000000007,235.97500000000008,236.12500000000006,7910
1130506200,236.40000000000006,237.67500000000007,236.37500000000006,237.62500000000006,8037
1130769000,237.80000000000007,238.67500000000007,237.67500000000007,238.35000000000008,9511
1130855400,237.97500000000008,238.07500000000007,237.45000000000007,237.52500000000006,9251
1130941800,237.92500000000007,238.77500000000006,237.92500000000007,238.47500000000008,8684
1131028200,238.62500000000006,238.92500000000007,238.12500000000006,238.55000000000007,9401
1131114600,238.57500000000007,238.95000000000007,238.15000000000006,238.95000000000007,6802
1131373800,239.47500000000008,240.42500000000007,239.45000000000007,240.42500000000007,16626
1131460200,240.07500000000007,240.30000000000007,239.90000000000006,239.90000000000006,15623
1131546600,240.47500000000008,240.87500000000006,240.42500000000007,240.85000000000008,14155
1131633000,241.00000000000006,241.00000000000006,239.80000000000007,239.80000000000007,15332
1131719400,240.07500000000007,240.20000000000007,239.92500000000007,240.10000000000008,12136
1131978600,240.37500000000006,240.37500000000006,239.87500000000006,240.02500000000006,5536
1132065000,239.77500000000006,240.52500000000006,239.57500000000007,240.52500000000006,7576
1132151400,240.62500000000006,240.62500000000006,239.62500000000006,239.77500000000006,9049
1132237800,239.45000000000007,239.45000000000007,238.92500000000007,238.92500000000007,7255
1132324200,239.45000000000007,239.45000000000007,239.4000000000001,239.4000000000001,6257
1132583400,238.4000000000001,238.4000000000001,237.47500000000008,237.47500000000008,9998
1132669800,238.12500000000009,238.22500000000008,237.80000000000007,238.22500000000008,6768
1132756200,238.80000000000007,238.9000000000001,238.50000000000009,238.50000000000009,5008
1132929000,238.80000000000007,239.4000000000001,238.75000000000009,239.4000000000001,2644
1133188200,239.97500000000008,240.80000000000007,239.97500000000008,240.60000000000008,11797
1133274600,240.37500000000009,240.37500000000009,239.45000000000007,239.67500000000007,9006
1133361000,239.1500000000001,240.30000000000007,239.1500000000001,240.20000000000007,10416
1133447400,240.4000000000001,240.80000000000007,240.17500000000007,240.80000000000007,9651
1133533800,240.82500000000007,241.05000000000007,239.00000000000009,239.07500000000007,14744
1133793000,238.87500000000009,239.30000000000007,238.57500000000007,239.17500000000007,9332
1133879400,238.57500000000007,238.6500000000001,238.25000000000009,238.6500000000001,9732
1133965800,238.85000000000008,239.10000000000008,238.07500000000007,238.9000000000001,9453
1134052200,239.80000000000007,240.30000000000007,239.30000000000007,239.47500000000008,15473
1134138600,239.20000000000007,239.45000000000007,238.75000000000009,238.75000000000009,7748
1134397800,238.60000000000008,238.87500000000009,238.37500000000009,238.70000000000007,6966
1134484200,239.20000000000007,239.87500000000009,239.20000000000007,239.42500000000007,9193
1134570600,239.22500000000008,239.70000000000007,238.92500000000007,239.0250000000001,7501
1134657000,237.9000000000001,238.35000000000008,237.10000000000008,237.22500000000008,11786
1134743400,236.87500000000009,237.55000000000007,236.87500000000009,237.17500000000007,8487
1135002600,236.95000000000007,237.75000000000009,236.70000000000007,237.4000000000001,6489
1135089000,237.80000000000007,238.50000000000009,237.75000000000009,238.00000000000009,6341
1135175400,238.25000000000009,238.25000000000009,237.9000000000001,238.12500000000009,5997
1135261800,237.95000000000007,238.35000000000008,237.95000000000007,238.12500000000009,6195
1135348200,238.05000000000007,238.35000000000008,238.05000000000007,238.10000000000008,2680
1135693800,237.80000000000007,237.95000000000007,237.55000000000007,237.7750000000001,3067
1135780200,237.55000000000007,238.05000000000007,237.50000000000009,237.97500000000008,4213
1135866600,237.85000000000008,237.87500000000009,237.50000000000009,237.87500000000009,6965
1135953000,237.70000000000007,238.25000000000009,237.70000000000007,238.12500000000009,5958
1136298600,238.20000000000007,238.20000000000007,236.62500000000009,237.50000000000009,9914
1136385000,237.70000000000007,237.70000000000007,236.75000000000009,236.9000000000001,8252
1136471400,237.1500000000001,237.47500000000008,236.70000000000007,237.47500000000008,8572
1136557800,237.50000000000009,238.05000000000007,237.25000000000009,237.32500000000007,10075
1136817000,237.6500000000001,238.1500000000001,237.20000000000007,237.5250000000001,13477
1136903400,237.10000000000008,237.22500000000008,235.5250000000001,235.5250000000001,21204
1136989800,235.25000000000009,235.25000000000009,233.5250000000001,233.5250000000001,17241
1137076200,233.45000000000007,233.6500000000001,232.62500000000009,232.62500000000009,27152
1137162600,232.60000000000008,232.82500000000007,231.67500000000007,231.85000000000008,19402
1137508200,232.35000000000008,232.80000000000007,232.00000000000009,232.32500000000007,14009
1137594600,232.25000000000006,232.25000000000006,230.60000000000008,230.70000000000007,15205
1137681000,231.55000000000007,231.55000000000007,230.87500000000006,231.2750000000001,12422
1137767400,231.45000000000007,231.60000000000008,231.25000000000006,231.60000000000008,10130
1138026600,231.32500000000007,231.50000000000006,230.82500000000007,231.47500000000008,10337
1138113000,231.20000000000007,231.20000000000007,229.80000000000007,229.80000000000007,11326
1138199400,229.4000000000001,229.62500000000006,229.0250000000001,229.45000000000007,13298
1138285800,229.20000000000007,229.72500000000008,229.20000000000007,229.62500000000006,9627
1138372200,229.70000000000007,229.70000000000007,228.95000000000007,229.0250000000001,8980
1138631400,228.95000000000007,229.5250000000001,228.95000000000007,229.5250000000001,8596
1138717800,229.75000000000006,229.75000000000006,228.92500000000007,229.5250000000001,13167
1138804200,229.80000000000007,229.85000000000008,229.35000000000008,229.72500000000008,9694
1138890600,229.30000000000007,229.30000000000007,227.72500000000008,227.7750000000001,11214
1138977000,227.37500000000006,228.45000000000007,226.92500000000007,228.42500000000007,9647
1139236200,228.47500000000008,229.0250000000001,228.42500000000007,229.0250000000001,6285
1139322600,229.37500000000006,229.7750000000001,229.1500000000001,229.45000000000007,10924
1139409000,229.55000000000007,230.07500000000007,229.55000000000007,229.87500000000006,10347
1139495400,229.7750000000001,230.00000000000006,229.30000000000007,229.92500000000007,9853
1139581800,230.50000000000006,231.92500000000007,230.45000000000007,230.50000000000006,8725
1139841000,230.4000000000001,230.5250000000001,230.22500000000008,230.30000000000007,7547
1139927400,230.75000000000006,230.75000000000006,230.4000000000001,230.62500000000006,7900
1140013800,230.80000000000007,231.12500000000006,228.62500000000006,229.17500000000007,14711
1140100200,229.70000000000007,229.70000000000007,228.85000000000008,229.32500000000007,7496
1140186600,229.57500000000007,230.95000000000007,229.57500000000007,230.87500000000006,8667
1140532200,231.20000000000007,231.20000000000007,230.6500000000001,230.95000000000007,7329
1140618600,230.9000000000001,230.9000000000001,229.05000000000007,229.72500000000008,9990
1140705000,230.00000000000006,230.20000000000007,229.25000000000006,229.6500000000001,8507
1140791400,229.75000000000006,229.75000000000006,228.80000000000007,229.12500000000006,7718
1141050600,229.45000000000007,229.82500000000007,229.20000000000007,229.82500000000007,8338
1141137000,229.12500000000006,229.55000000000007,228.95000000000007,229.17500000000007,10904
1141223400,230.05000000000007,230.55000000000007,229.85000000000008,230.4000000000001,14820
1141309800,230.67500000000007,230.9000000000001,229.70000000000007,229.70000000000007,11721
1141396200,230.20000000000007,230.35000000000008,229.60000000000008,229.70000000000007,8902
1141655400,229.75000000000006,229.97500000000008,228.47500000000008,228.47500000000008,15441
1141741800,228.1500000000001,228.1500000000001,226.70000000000007,227.10000000000008,22227
1141828200,227.10000000000008,227.20000000000007,226.42500000000007,226.85000000000008,20474
1141914600,226.55000000000007,227.00000000000006,226.35000000000008,226.35000000000008,16721
1142001000,226.45000000000007,226.80000000000007,226.20000000000007,226.2750000000001,19939
1142260200,226.70000000000007,227.42500000000007,226.60000000000008,227.42500000000007,17564
1142346600,227.45000000000007,227.60000000000008,225.42500000000007,225.42500000000007,13417
1142433000,225.50000000000006,226.10000000000008,225.10000000000008,225.85000000000008,11187
1142519400,225.9000000000001,226.12500000000006,225.1500000000001,226.12500000000006,8671
1142605800,226.55000000000007,227.05000000000007,225.62500000000006,226.80000000000007,7557
1142865000,226.72500000000008,226.75000000000006,226.02500000000006,226.60000000000008,8831
1142951400,226.75000000000006,226.75000000000006,225.27500000000006,226.15000000000006,9606
1143037800,225.77500000000006,225.77500000000006,224.77500000000006,225.32500000000005,9068
1143124200,225.80000000000007,226.92500000000007,225.32500000000005,226.92500000000007,9718
1143210600,226.67500000000007,227.47500000000008,226.50000000000006,227.35000000000008,8532
1143469800,227.27500000000006,227.32500000000005,226.12500000000006,226.55000000000007,5966
1143556200,226.05000000000007,226.45000000000005,225.77500000000006,226.02500000000006,4736
1143642600,226.12500000000006,226.57500000000005,225.92500000000007,225.92500000000007,5107
1143729000,226.02500000000006,226.52500000000006,225.57500000000005,226.52500000000006,5697
1143815400,226.32500000000005,226.32500000000005,225.05000000000007,225.05000000000007,7444
1144071000,225.77500000000006,226.57500000000005,225.05000000000007,225.65000000000006,9328
1144157400,225.17500000000007,225.52500000000006,223.65000000000006,223.82500000000005,14893
1144243800,224.22500000000008,224.37500000000006,223.60000000000008,224.27500000000006,11810
1144330200,224.25000000000006,224.25000000000006,223.77500000000006,223.85000000000008,7445
1144416600,223.45000000000005,224.02500000000006,223.27500000000006,223.60000000000008,8935
1144675800,224.17500000000007,224.17500000000007,222.87500000000006,222.87500000000006,7254
1144762200,222.57500000000005,223.37500000000006,222.50000000000006,223.37500000000006,7893
1144848600,224.02500000000006,224.52500000000006,223.95000000000005,224.30000000000007,8178
1144935000,224.47500000000008,224.57500000000005,224.12500000000006,224.57500000000005,6248
1145280600,224.47500000000008,225.27500000000006,224.30000000000007,224.40000000000006,5991
1145367000,224.05000000000007,224.77500000000006,223.92500000000007,224.50000000000006,8072
1145453400,224.82500000000005,225.42500000000007,224.52500000000006,225.22500000000008,8168
1145539800,225.57500000000005,225.80000000000007,225.32500000000005,225.80000000000007,10581
1145626200,226.02500000000006,226.35000000000008,225.77500000000006,225.95000000000005,8325
1145885400,226.42500000000007,226.42500000000007,225.37500000000006,225.37500000000006,8806
1145971800,225.47500000000008,225.47500000000008,224.90000000000006,225.10000000000008,8505
1146058200,225.52500000000006,226.12500000000006,224.92500000000007,225.97500000000008,9808
1146144600,225.47500000000008,225.62500000000006,225.12500000000006,225.60000000000008,7828
1146231000,225.57500000000005,227.60000000000008,225.30000000000007,226.77500000000006,16403
1146490200,227.17500000000007,227.17500000000007,226.47500000000008,226.65000000000006,9238
1146576600,226.37500000000006,226.37500000000006,225.02500000000006,225.47500000000008,12066
1146663000,225.82500000000005,226.22500000000008,225.57500000000005,225.75000000000006,10250
1146749400,225.65000000000006,225.97500000000008,223.75000000000006,225.20000000000005,10804
1146835800,225.70000000000005,226.27500000000006,225.47500000000008,226.15000000000006,17058
1147095000,226.22500000000008,226.67500000000007,225.17500000000007,226.42500000000007,19511
1147181400,226.70000000000005,227.72500000000008,226.70000000000005,227.22500000000008,23588
1147267800,227.17500000000007,227.72500000000008,227.07500000000005,227.27500000000006,21858
1147354200,226.87500000000006,227.57500000000005,226.45000000000005,226.87500000000006,17664
1147440600,226.77500000000006,226.80000000000007,226.32500000000005,226.80000000000007,10900
1147699800,226.97500000000008,227.25000000000006,226.30000000000007,226.37500000000006,6811
1147786200,226.17500000000007,227.15000000000006,225.82500000000005,227.15000000000006,276
1147872600,227.37500000000006,227.82500000000005,227.14500000000007,227.47500000000008,8569
1147959000,227.80000000000007,228.15000000000006,227.37500000000006,227.70000000000005,11518
1148045400,227.37500000000006,228.27500000000006,226.02500000000006,227.90000000000006,13752
1148304600,228.10000000000008,228.27500000000006,227.15000000000006,227.25000000000006,10757
1148391000,226.52500000000006,226.65000000000006,225.17500000000007,225.35000000000008,14846
1148477400,225.50000000000006,225.70000000000005,225.35000000000008,225.35000000000008,8143
1148563800,225.22500000000008,225.52500000000006,224.52500000000006,224.95000000000005,7540
1148650200,225.05000000000007,225.57500000000005,225.05000000000007,225.50000000000006,7452
1148995800,225.87500000000006,226.97500000000008,225.82500000000005,226.90000000000006,11509
1149082200,226.62500000000006,226.82500000000005,226.62500000000006,226.70000000000005,12790
1149168600,227.27500000000006,229.67500000000007,227.27500000000006,228.87500000000006,20154
1149255000,228.52500000000006,229.17500000000007,228.52500000000006,229.17500000000007,11946
1149514200,229.62500000000006,230.45000000000005,229.62500000000006,230.45000000000005,14363
1149600600,230.27500000000006,230.27500000000006,229.67500000000007,230.10000000000008,11872
1149687000,230.52500000000006,230.90000000000006,230.15000000000006,230.42500000000007,23470
1149773400,230.42500000000007,231.60000000000008,230.42500000000007,231.60000000000008,26902
1149859800,231.82500000000005,231.82500000000005,230.97500000000008,230.97500000000008,25935
1150119000,231.05000000000007,231.47500000000008,230.52500000000006,231.15000000000006,20069
1150205400,232.00000000000006,234.15000000000006,231.87500000000006,233.42500000000007,22967
1150291800,233.42500000000007,233.70000000000005,233.07500000000005,233.52500000000006,14693
1150378200,235.05000000000007,235.97500000000008,234.62500000000006,235.67500000000007,15652
1150464600,236.12500000000006,236.12500000000006,235.12500000000006,235.75000000000006,8210
1150723800,236.57500000000005,237.37500000000006,236.37500000000006,237.20000000000005,7736
1150810200,237.17500000000007,237.17500000000007,235.60000000000008,235.60000000000008,15499
1150896600,235.87500000000006,235.87500000000006,233.72500000000008,234.20000000000005,19958
1150983000,234.97500000000008,235.52500000000006,234.95000000000005,235.25000000000006,11106
1151069400,234.77500000000006,235.07500000000005,233.80000000000007,233.80000000000007,10521
1151328600,234.07500000000005,234.67500000000007,232.82500000000005,234.50000000000006,11364
1151415000,233.80000000000007,235.10000000000008,233.67500000000007,234.55000000000007,10266
1151501400,233.70000000000005,233.80000000000007,233.20000000000005,233.40000000000006,8689
1151587800,233.77500000000006,234.50000000000006,233.02500000000006,233.25000000000006,12274
1151674200,233.57500000000005,234.80000000000007,233.57500000000005,234.15000000000006,12536
1151933400,234.57500000000005,234.87500000000006,234.27500000000006,234.55000000000007,8195
1152106200,234.70000000000005,235.45000000000005,234.70000000000005,235.45000000000005,7452
1152192600,234.92500000000007,235.05000000000007,234.40000000000006,234.62500000000006,11772
1152279000,233.72500000000008,233.72500000000008,232.27500000000006,232.50000000000006,16212
1152538200,232.50000000000006,232.50000000000006,231.27500000000006,231.32500000000005,22261
1152624600,231.52500000000006,231.92500000000007,231.25000000000006,231.62500000000006,21812
1152711000,231.77500000000006,231.87500000000006,231.02500000000006,231.30000000000007,19458
1152797400,231.22500000000008,233.05000000000007,231.07500000000005,232.67500000000007,23487
1152883800,232.30000000000007,232.65000000000006,231.67500000000007,231.72500000000008,21802
1153143000,231.97500000000008,232.20000000000005,231.47500000000008,232.20000000000005,12455
1153229400,232.82500000000005,232.85000000000005,231.22500000000005,231.22500000000005,10576
1153315800,230.85000000000005,231.42500000000007,230.37500000000006,231.42500000000007,10177
1153402200,231.05000000000007,231.22500000000005,230.70000000000005,230.70000000000005,10597
1153488600,230.70000000000005,231.05000000000007,230.70000000000005,230.95000000000005,7897
1153747800,230.95000000000005,231.50000000000006,230.45000000000005,231.20000000000005,8108
1153834200,230.85000000000005,231.10000000000005,230.25000000000006,230.30000000000007,11693
1153920600,230.25000000000006,230.80000000000007,230.25000000000006,230.77500000000006,8955
1154007000,231.50000000000006,232.45000000000005,231.30000000000007,232.30000000000007,11422
1154093400,232.50000000000006,233.70000000000005,232.50000000000006,232.95000000000005,12666
1154352600,233.45000000000005,233.95000000000005,233.25000000000006,233.25000000000006,12239
1154439000,232.72500000000005,233.20000000000005,232.57500000000005,232.77500000000006,7532
1154525400,233.30000000000007,233.37500000000006,232.90000000000006,233.22500000000005,7537
1154611800,233.50000000000006,233.60000000000005,232.30000000000007,232.30000000000007,8950
1154698200,232.70000000000005,233.25000000000006,232.70000000000005,233.15000000000006,9090
1154957400,233.35000000000005,235.05000000000007,233.35000000000005,234.80000000000007,14977
1155043800,234.80000000000007,235.15000000000006,234.70000000000005,235.00000000000006,11790
1155130200,234.55000000000007,234.85000000000005,234.15000000000006,234.15000000000006,10363
1155216600,235.00000000000006,236.35000000000005,235.00000000000006,235.90000000000006,19116
1155303000,236.00000000000006,236.27500000000006,235.85000000000005,236.00000000000006,11317
1155562200,235.82500000000005,236.00000000000006,235.57500000000005,236.00000000000006,8252
1155648600,236.05000000000007,236.05000000000007,234.65000000000006,234.65000000000006,10199
1155735000,235.00000000000006,236.30000000000007,234.60000000000005,236.27500000000006,11477
1155821400,236.70000000000005,237.50000000000006,236.70000000000005,237.22500000000005,10108
1155907800,237.92500000000007,238.50000000000006,237.80000000000007,237.82500000000005,14302
1156167000,238.20000000000005,238.60000000000005,238.00000000000006,238.55000000000007,8829
1156253400,238.40000000000006,238.80000000000007,238.10000000000005,238.50000000000006,8301
1156339800,238.45000000000005,238.85000000000005,237.67500000000007,237.67500000000007,11177
1156426200,237.65000000000006,238.15000000000006,237.35000000000005,237.92500000000007,8412
1156512600,237.25000000000006,237.30000000000007,236.50000000000006,236.52500000000006,10620
1156771800,236.90000000000006,237.15000000000006,236.60000000000005,236.90000000000006,7034
1156858200,236.65000000000006,236.95000000000005,236.25000000000006,236.87500000000006,7511
1156944600,237.35000000000005,238.80000000000007,237.35000000000005,238.10000000000005,10949
1157031000,237.50000000000006,238.40000000000006,237.35000000000005,238.40000000000006,12988
1157117400,238.35000000000005,238.75000000000006,238.05000000000007,238.05000000000007,12327
1157463000,238.90000000000006,239.90000000000006,238.90000000000006,239.57500000000005,9919
1157549400,239.35000000000005,239.60000000000005,238.85000000000005,239.32500000000005,9555
1157635800,238.90000000000006,238.90000000000006,238.30000000000007,238.57500000000005,11501
1157722200,238.32500000000005,238.32500000000005,237.65000000000006,238.05000000000007,19320
1157981400,237.95000000000005,238.55000000000007,237.80000000000007,238.50000000000006,17731
1158067800,239.00000000000006,239.20000000000005,238.82500000000005,239.00000000000006,18454
1158154200,238.65000000000006,238.65000000000006,237.40000000000006,237.42500000000007,26506
1158240600,236.70000000000005,237.00000000000006,236.22500000000005,236.25000000000006,27951
1158327000,236.50000000000006,237.55000000000007,236.50000000000006,237.50000000000006,13730
1158586200,237.15000000000006,237.15000000000006,235.72500000000008,235.72500000000008,13209
1158672600,235.75000000000006,236.35000000000008,235.70000000000007,236.17500000000007,12451
1158759000,235.25000000000006,235.65000000000006,235.25000000000006,235.32500000000007,9409
1158845400,235.25000000000006,235.65000000000006,235.17500000000007,235.20000000000007,8614
1158931800,234.25000000000006,234.45000000000007,233.80000000000007,234.35000000000008,14422
1159191000,234.65000000000006,234.85000000000008,233.72500000000008,233.72500000000008,10568
1159277400,233.60000000000008,234.20000000000007,233.60000000000008,234.02500000000006,9108
1159363800,233.57500000000007,234.00000000000006,233.45000000000007,233.67500000000007,9747
1159450200,234.50000000000006,234.62500000000006,233.85000000000008,234.10000000000008,9339
1159536600,234.05000000000007,234.92500000000007,234.02500000000006,234.90000000000006,10280
1159795800,234.85000000000008,235.15000000000006,234.35000000000008,234.50000000000006,10655
1159882200,234.80000000000007,235.55000000000007,234.37500000000006,234.80000000000007,10471
1159968600,235.20000000000007,235.65000000000006,234.67500000000007,234.67500000000007,14711
1160055000,234.90000000000006,235.85000000000008,234.90000000000006,235.40000000000006,11434
1160141400,235.35000000000008,235.35000000000008,233.67500000000007,233.67500000000007,14434
1160400600,233.45000000000007,233.45000000000007,232.95000000000007,233.22500000000008,13283
1160487000,233.75000000000006,234.15000000000006,233.25000000000006,233.30000000000007,11078
1160573400,233.57500000000007,234.02500000000006,233.55000000000007,233.87500000000006,10181
1160659800,234.80000000000007,236.27500000000006,234.55000000000007,235.05000000000007,19549
1160746200,235.65000000000006,235.92500000000007,234.82500000000007,235.10000000000008,9289
1161005400,235.55000000000007,236.05000000000007,234.70000000000007,234.85000000000008,7774
1161091800,234.30000000000007,234.90000000000006,233.65000000000006,233.77500000000006,10252
1161178200,233.50000000000006,233.70000000000007,232.92500000000007,233.30000000000007,10861
1161264600,233.10000000000008,233.10000000000008,232.40000000000006,232.72500000000008,11152
1161351000,232.67500000000007,233.57500000000007,232.60000000000008,233.40000000000006,10875
1161610200,233.25000000000006,234.20000000000007,233.25000000000006,234.07500000000007,8571
1161696600,234.25000000000006,234.35000000000008,233.65000000000006,233.90000000000006,7696
1161783000,234.15000000000006,235.55000000000007,234.15000000000006,235.52500000000006,17330
1161869400,236.35000000000008,238.52500000000006,236.27500000000006,238.52500000000006,19803
1161955800,238.55000000000007,238.95000000000007,238.00000000000006,238.65000000000006,15682
1162218600,238.85000000000008,239.37500000000006,238.30000000000007,239.30000000000007,10488
1162305000,239.30000000000007,239.80000000000007,238.20000000000007,239.00000000000006,14866
1162391400,239.10000000000008,239.10000000000008,238.40000000000006,238.45000000000007,11417
1162477800,237.95000000000007,239.95000000000007,237.90000000000006,238.65000000000006,18206
1162564200,238.60000000000008,238.65000000000006,237.90000000000006,238.22500000000008,9797
1162823400,238.25000000000006,238.65000000000006,237.90000000000006,238.57500000000007,11640
1162909800,238.30000000000007,238.70000000000007,237.82500000000007,238.67500000000007,22012
1162996200,238.35000000000008,239.77500000000006,238.12500000000006,239.35000000000008,22631
1163082600,239.17500000000007,239.17500000000007,238.42500000000007,238.75000000000006,23249
1163169000,238.05000000000007,238.05000000000007,236.95000000000007,237.02500000000006,25177
1163428200,236.55000000000007,236.55000000000007,235.17500000000007,235.27500000000006,30354
1163514600,235.05000000000007,235.85000000000008,234.80000000000007,235.72500000000008,17231
1163601000,235.27500000000006,235.40000000000006,234.92500000000007,235.00000000000006,11647
1163687400,235.45000000000007,236.22500000000008,235.20000000000007,236.10000000000008,8788
1163773800,235.75000000000006,235.97500000000005,235.35000000000005,235.50000000000006,8889
1164033000,236.07500000000005,236.87500000000006,236.07500000000005,236.52500000000003,7818
1164119400,237.17500000000004,237.37500000000006,236.92500000000004,237.12500000000006,7931
1164205800,237.17500000000004,237.35000000000005,236.87500000000006,237.15000000000003,6492
1164378600,237.47500000000005,237.52500000000003,237.32500000000005,237.50000000000006,3516
1164637800,237.40000000000003,237.57500000000005,236.32500000000005,236.32500000000005,12114
1164724200,236.17500000000004,236.32500000000005,235.02500000000003,235.10000000000005,9037
1164810600,234.62500000000006,235.52500000000003,234.60000000000005,235.27500000000003,9653
1164897000,235.35000000000005,235.97500000000005,235.27500000000003,235.75000000000006,12158
1164983400,235.87500000000006,236.00000000000006,234.95000000000005,235.00000000000006,8795
1165242600,235.00000000000006,235.12500000000006,233.42500000000004,233.42500000000004,17924
1165329000,233.70000000000005,235.00000000000006,233.70000000000005,234.50000000000006,13540
1165415400,234.82500000000005,235.72500000000005,233.90000000000003,234.42500000000004,10067
1165501800,234.42500000000004,235.37500000000006,234.42500000000004,234.85000000000005,9046
1165588200,234.80000000000004,235.47500000000005,234.60000000000005,234.85000000000005,12450
1165847400,234.70000000000005,234.70000000000005,233.77500000000003,234.07500000000005,8520
1165933800,233.67500000000004,234.15000000000003,233.37500000000006,233.95000000000005,10924
1166020200,233.52500000000003,234.67500000000004,233.37500000000006,234.10000000000005,9576
1166106600,233.87500000000006,234.02500000000003,232.57500000000005,232.82500000000005,11802
1166193000,232.75000000000006,233.17500000000004,232.35000000000005,232.82500000000005,8678
1166452200,232.57500000000005,232.87500000000006,232.40000000000003,232.45000000000005,6596
1166538600,233.02500000000003,233.75000000000006,233.02500000000003,233.30000000000004,6896
1166625000,233.27500000000003,233.67500000000004,232.87500000000006,233.02500000000003,7738
1166711400,232.82500000000005,233.52500000000003,232.82500000000005,233.27500000000003,4334
1166797800,233.27500000000003,233.77500000000003,233.17500000000004,233.62500000000006,4648
1167143400,233.72500000000005,233.85000000000005,230.85000000000005,232.92500000000004,6703
1167229800,233.12500000000006,233.32500000000005,232.60000000000005,233.05000000000004,6926
1167316200,232.77500000000003,233.55000000000004,232.52500000000003,232.62500000000006,7466
1167402600,232.40000000000003,232.45000000000005,231.92500000000004,232.27500000000003,138
1167834600,231.87500000000006,231.87500000000006,229.72500000000005,230.07500000000005,18523
1167921000,230.17500000000004,233.07500000000005,230.07500000000005,230.87500000000006,14796
1168007400,231.17500000000004,231.45000000000005,230.77500000000003,230.97500000000005,10878
1168266600,230.97500000000005,231.47500000000005,230.57500000000005,230.87500000000006,15180
1168353000,230.62500000000006,230.87500000000006,230.15000000000003,230.32500000000005,23947
1168439400,230.30000000000004,231.72500000000005,230.02500000000003,231.12500000000006,25671
1168525800,231.25000000000006,231.37500000000006,230.92500000000004,231.07500000000005,25220
1168612200,231.07500000000005,231.65000000000003,230.95000000000005,230.95000000000005,22831
1168957800,231.17500000000004,231.97500000000005,230.57500000000005,231.20000000000005,20959
1169044200,231.77500000000003,232.67500000000004,231.65000000000003,232.45000000000005,18350
1169130600,232.45000000000005,232.92500000000004,232.00000000000006,232.20000000000005,10233
1169217000,232.12500000000006,232.70000000000005,231.75000000000006,232.15000000000003,12062
1169476200,232.55000000000004,233.30000000000004,231.10000000000002,231.10000000000002,12939
1169562600,231.45000000000005,232.10000000000002,230.85000000000002,231.85000000000002,9116
1169649000,232.17500000000004,233.22500000000002,231.45000000000005,233.22500000000002,12150
1169735400,233.22500000000002,234.32500000000005,233.15000000000003,234.05000000000004,21339
1169821800,234.05000000000004,234.70000000000005,233.95000000000005,234.40000000000003,13702
1170081000,234.40000000000003,235.00000000000006,234.17500000000004,234.25000000000006,11284
1170167400,234.15000000000003,234.15000000000003,233.55000000000004,233.80000000000004,9881
1170253800,234.00000000000006,234.82500000000005,234.00000000000006,234.77500000000003,12391
1170340200,234.77500000000003,235.05000000000004,234.12500000000006,234.25000000000006,11458
1170426600,234.25000000000006,235.25000000000006,234.05000000000004,234.85000000000002,12157
1170685800,235.10000000000002,235.62500000000006,234.12500000000006,234.12500000000006,10337
1170772200,234.12500000000006,234.22500000000002,233.45000000000005,233.87500000000006,13808
1170858600,234.05000000000004,234.87500000000006,233.35000000000002,233.35000000000002,14126
1170945000,233.35000000000002,233.45000000000005,232.40000000000003,232.67500000000004,14193
1171031400,232.75000000000006,233.85000000000002,232.70000000000005,233.40000000000003,11181
1171290600,233.80000000000004,234.77500000000003,233.72500000000002,234.07500000000005,8156
1171377000,234.55000000000004,234.55000000000004,233.60000000000002,233.82500000000005,9159
1171463400,234.05000000000004,235.60000000000002,234.00000000000006,235.42500000000004,13734
1171549800,235.55000000000004,235.77500000000003,235.05000000000004,235.25000000000006,13889
1171636200,235.55000000000004,235.95000000000005,235.05000000000004,235.05000000000004,13889
1171895400,235.55000000000004,235.95000000000005,235.05000000000004,235.05000000000004,9455
1171981800,234.55000000000004,234.55000000000004,233.37500000000006,233.40000000000003,11219
1172068200,233.40000000000003,233.75000000000006,233.00000000000006,233.52500000000003,9767
1172154600,233.45000000000005,234.02500000000003,233.35000000000002,233.57500000000005,10082
1172241000,233.47500000000002,233.65000000000003,232.75000000000006,233.30000000000004,11779
1172500200,233.15000000000003,233.92500000000004,233.00000000000006,233.42500000000004,10849
1172586600,233.30000000000004,233.97500000000002,232.80000000000004,233.97500000000002,10511
1172673000,233.75000000000006,235.35000000000002,233.65000000000003,234.30000000000004,15738
1172759400,234.02500000000003,234.02500000000003,232.60000000000002,232.67500000000004,17101
1172845800,232.57500000000005,233.52500000000003,232.20000000000005,232.90000000000003,14119
1173105000,232.65000000000003,232.65000000000003,231.40000000000003,231.55000000000004,13569
1173191400,231.62500000000006,232.05000000000004,231.55000000000004,231.55000000000004,14303
1173277800,231.45000000000005,232.45000000000005,231.30000000000004,232.22500000000002,20738
1173364200,232.90000000000003,235.22500000000002,232.90000000000003,234.30000000000004,28824
1173450600,234.20000000000005,234.80000000000004,233.92500000000004,234.50000000000006,23740
1173706200,235.05000000000004,235.05000000000004,233.95000000000005,234.50000000000006,23410
1173792600,234.30000000000004,234.85000000000002,234.00000000000006,234.00000000000006,21942
1173879000,233.30000000000004,233.35000000000002,232.00000000000006,232.77500000000003,17135
1173965400,232.67500000000004,233.00000000000006,232.35000000000002,232.42500000000004,11287
1174051800,231.62500000000006,231.62500000000006,230.67500000000004,230.95000000000005,11875
1174311000,230.77500000000003,231.60000000000002,230.65000000000003,230.92500000000004,11135
1174397400,231.50000000000006,231.50000000000006,230.65000000000003,230.65000000000003,10920
1174483800,229.80000000000004,230.10000000000002,229.60000000000002,229.85000000000002,10645
1174570200,229.85000000000002,230.92500000000004,229.85000000000002,230.62500000000006,10961
1174656600,230.45000000000005,230.50000000000006,229.87500000000006,230.07500000000005,8447
1174915800,230.50000000000006,231.45000000000005,230.50000000000006,230.55000000000004,8499
1175002200,230.60000000000002,230.70000000000005,229.85000000000002,230.07500000000005,8045
1175088600,229.90000000000003,230.20000000000005,229.85000000000002,230.20000000000005,5300
1175175000,230.20000000000005,230.85000000000002,230.20000000000005,230.37500000000006,5955
1175261400,230.10000000000002,231.70000000000005,228.20000000000005,231.70000000000005,12773
1175520600,231.37500000000006,231.92500000000004,231.05000000000004,231.82500000000005,14457
1175607000,232.00000000000006,232.90000000000003,231.60000000000002,232.37500000000006,12364
1175693400,232.27500000000003,232.27500000000003,231.65000000000003,231.90000000000003,8441
1175779800,232.10000000000002,232.70000000000005,231.70000000000005,231.90000000000003,9740
1175866200,231.90000000000003,231.90000000000003,231.90000000000003,231.90000000000003,224
1176125400,232.05000000000004,232.32500000000005,231.80000000000004,232.12500000000006,6897
1176211800,232.12500000000006,232.45000000000005,231.85000000000002,232.22500000000002,7010
1176298200,232.22500000000002,233.00000000000006,232.02500000000003,232.70000000000005,11974
1176384600,232.77500000000003,233.65000000000003,232.77500000000003,232.85000000000002,10300
1176471000,232.55000000000004,233.50000000000006,232.55000000000004,233.30000000000004,7734
1176730200,233.90000000000003,234.35000000000002,233.65000000000003,234.15000000000003,11936
1176816600,234.30000000000004,234.40000000000003,233.72500000000002,233.75000000000006,8522
1176903000,233.30000000000004,233.55000000000004,232.90000000000003,232.90000000000003,8851
1176989400,233.32500000000005,234.00000000000006,233.20000000000005,233.90000000000003,9162
1177075800,234.05000000000004,234.20000000000005,232.95000000000005,233.35000000000002,8132
1177335000,233.50000000000006,233.65000000000003,232.60000000000002,232.80000000000004,7431
1177421400,233.00000000000006,233.17500000000004,231.70000000000005,231.75000000000006,8477
1177507800,231.75000000000006,232.85000000000002,231.57500000000005,232.45000000000005,11339
1177594200,232.47500000000002,232.87500000000006,231.20000000000005,231.47500000000002,9632
1177680600,231.65000000000003,232.00000000000006,230.57500000000005,230.87500000000006,11669
1177939800,231.17500000000004,231.80000000000004,231.10000000000002,231.40000000000003,12557
1178026200,231.62500000000006,231.85000000000002,230.80000000000004,231.82500000000005,13174
1178112600,232.12500000000006,232.25000000000006,230.40000000000003,230.50000000000006,13833
1178199000,230.30000000000004,230.70000000000005,229.60000000000002,229.82500000000005,14569
1178285400,229.80000000000004,231.30000000000004,229.55000000000004,231.12500000000006,13831
1178544600,230.65000000000003,231.95000000000005,230.65000000000003,231.17500000000004,20049
1178631000,231.02500000000003,231.17500000000004,230.40000000000003,230.80000000000004,20180
1178717400,230.70000000000005,231.05000000000004,230.15000000000003,230.67500000000004,18183
1178803800,230.85000000000002,231.10000000000002,230.45000000000005,230.95000000000005,19867
1178890200,231.00000000000006,231.50000000000006,230.87500000000006,231.27500000000003,14943
1179149400,231.37500000000006,231.37500000000006,230.45000000000005,230.80000000000004,9865
1179235800,230.55000000000004,231.12500000000006,230.52500000000003,230.85000000000002,10373
1179322200,231.10000000000002,231.92500000000004,230.85000000000002,231.90000000000003,11695
1179408600,231.92500000000004,232.22500000000002,231.57500000000005,231.92500000000004,8465
1179495000,232.07500000000005,232.07500000000005,231.40000000000003,231.62500000000006,5994
1179754200,231.55000000000004,231.60000000000005,230.97500000000005,231.27500000000003,5588
1179840600,231.35000000000005,231.35000000000005,230.37500000000006,230.45000000000005,8235
1179927000,230.35000000000005,230.67500000000004,230.05000000000004,230.45000000000005,8847
1180013400,230.45000000000005,231.05000000000004,230.45000000000005,230.87500000000006,5716
1180099800,230.87500000000006,230.87500000000006,230.30000000000004,230.35000000000005,6735
1180445400,230.05000000000004,231.02500000000003,230.05000000000004,230.87500000000006,8081
1180531800,230.87500000000006,231.40000000000003,230.82500000000005,231.37500000000006,8872
1180618200,231.15000000000003,231.47500000000005,230.85000000000005,231.47500000000005,8368
1180704600,230.95000000000005,232.35000000000005,230.95000000000005,232.10000000000005,15856
1180963800,232.35000000000005,232.35000000000005,232.32500000000005,232.32500000000005,11883
1181050200,232.32500000000005,232.75000000000006,232.10000000000005,232.45000000000005,9810
1181136600,232.25000000000006,232.25000000000006,231.20000000000005,231.20000000000005,13503
1181223000,231.17500000000004,231.55000000000004,230.85000000000005,230.90000000000003,18643
1181309400,230.85000000000005,231.05000000000004,230.52500000000003,230.70000000000005,16414
1181568600,230.75000000000006,231.37500000000006,230.70000000000005,231.35000000000005,15670
1181655000,231.55000000000004,233.02500000000003,231.55000000000004,232.62500000000006,23843
1181741400,233.00000000000006,233.05000000000004,232.05000000000004,232.22500000000005,19743
1181827800,232.90000000000003,233.40000000000003,232.47500000000005,233.35000000000005,13192
1181914200,233.30000000000004,233.90000000000003,233.30000000000004,233.40000000000003,10769
1182173400,233.37500000000006,233.65000000000003,232.30000000000004,232.65000000000003,11294
1182259800,232.72500000000002,232.72500000000002,231.52500000000003,231.87500000000003,14331
1182346200,231.82500000000005,232.27500000000003,231.27500000000003,231.37500000000003,10948
1182432600,231.45000000000005,231.70000000000005,230.97500000000002,230.97500000000002,10446
1182519000,231.17500000000004,231.20000000000005,229.80000000000004,229.90000000000003,14979
1182778200,229.67500000000004,230.37500000000003,229.67500000000004,230.10000000000002,11189
1182864600,229.82500000000005,230.02500000000003,228.82500000000005,228.85000000000002,15306
1182951000,228.82500000000005,229.25000000000003,228.52500000000003,229.17500000000004,14725
1183037400,229.02500000000003,229.30000000000004,228.70000000000005,229.07500000000005,11524
1183123800,228.92500000000004,229.32500000000005,228.07500000000005,228.20000000000005,16713
1183383000,227.77500000000003,227.77500000000003,227.12500000000003,227.40000000000003,19359
1183469400,227.00000000000003,228.02500000000003,226.97500000000002,227.72500000000002,19359
1183555800,227.00000000000003,228.02500000000003,226.97500000000002,227.72500000000002,13529
1183642200,228.30000000000004,228.57500000000005,227.82500000000005,228.12500000000003,9144
1183728600,228.50000000000003,228.75000000000003,227.37500000000003,227.62500000000003,14391
1183987800,227.62500000000003,227.92500000000004,227.27500000000003,227.37500000000003,18537
1184074200,227.65000000000003,228.47500000000002,227.32500000000005,228.32500000000005,24006
1184160600,228.10000000000002,229.10000000000002,227.92500000000004,228.60000000000002,20256
1184247000,228.92500000000004,231.60000000000002,228.62500000000003,231.60000000000002,23067
1184333400,232.05000000000004,232.62500000000003,230.77500000000003,230.97500000000002,32158
1184592600,230.80000000000004,231.12500000000003,230.07500000000005,230.50000000000003,15105
1184679000,230.42500000000004,233.47500000000002,230.35000000000002,231.55000000000004,23577
1184765400,231.57500000000005,233.55000000000004,231.15000000000003,233.40000000000003,29307
1184851800,232.85000000000002,233.50000000000003,232.05000000000004,233.05000000000004,15005
1184938200,232.75000000000003,233.70000000000005,232.42500000000004,232.62500000000003,13880
1185197400,232.75000000000003,233.25000000000003,232.00000000000003,232.82500000000005,12994
1185283800,232.82500000000005,233.27500000000003,231.70000000000005,232.00000000000003,10058
1185370200,232.25000000000003,232.82500000000005,231.30000000000004,232.62500000000003,14055
1185456600,232.20000000000005,235.52500000000003,231.55000000000004,231.70000000000005,23742
1185543000,231.67500000000004,233.97500000000002,229.92500000000004,233.20000000000005,12713
1185802200,233.20000000000005,235.12500000000003,233.20000000000005,234.45000000000005,10024
1185888600,234.07500000000005,236.15000000000003,234.07500000000005,235.85000000000002,14108
1185975000,235.75000000000003,235.90000000000003,234.82500000000005,235.22500000000002,13789
1186061400,235.15000000000003,236.45000000000005,234.80000000000004,235.35000000000002,14504
1186147800,235.35000000000002,238.35000000000002,235.35000000000002,238.25000000000003,18443
1186407000,238.17500000000004,238.17500000000004,235.35000000000002,235.70000000000005,18812
1186493400,236.05000000000004,236.05000000000004,233.15000000000003,233.22500000000002,13812
1186579800,233.32500000000005,234.30000000000004,232.35000000000002,232.60000000000002,13079
1186666200,232.45000000000005,232.95000000000005,231.40000000000003,231.85000000000002,14679
1186752600,231.80000000000004,232.05000000000004,230.47500000000002,231.45000000000005,9770
1187011800,231.35000000000002,232.50000000000003,231.20000000000005,232.05000000000004,8097
1187098200,232.27500000000003,232.42500000000004,230.15000000000003,230.45000000000005,12677
1187184600,230.40000000000003,231.15000000000003,228.82500000000005,229.22500000000002,13681
1187271000,229.20000000000005,229.55000000000004,226.37500000000003,227.62500000000003,17898
1187357400,228.30000000000004,228.60000000000002,227.70000000000005,227.92500000000004,9096
1187616600,228.00000000000003,228.50000000000003,227.50000000000003,227.75000000000003,7102
1187703000,227.80000000000004,229.10000000000002,227.70000000000005,228.85000000000002,8292
1187789400,229.02500000000003,229.40000000000003,228.25000000000003,228.45000000000005,7286
1187875800,228.20000000000005,229.22500000000002,227.95000000000005,229.12500000000003,7623
1187962200,229.05000000000004,232.05000000000004,228.55000000000004,231.30000000000004,15064
1188221400,231.30000000000004,231.30000000000004,228.30000000000004,228.35000000000002,13291
1188307800,228.15000000000003,228.82500000000005,227.50000000000003,228.55000000000004,10679
1188394200,228.25000000000003,229.20000000000005,228.07500000000005,228.40000000000003,8248
1188480600,228.15000000000003,228.95000000000005,228.05000000000004,228.50000000000003,6216
1188567000,228.65000000000003,228.77500000000003,227.47500000000002,227.47500000000002,7658
1188912600,227.50000000000003,228.60000000000002,227.50000000000003,227.72500000000002,11929
1188999000,228.00000000000003,228.10000000000002,226.55000000000004,226.55000000000004,11010
1189085400,226.82500000000005,227.30000000000004,226.45000000000005,226.65000000000003,7970
1189171800,226.80000000000004,227.05000000000004,226.25000000000003,226.95000000000005,7694
1189431000,227.45000000000005,227.80000000000004,226.70000000000005,227.10000000000002,17175
1189517400,227.05000000000004,227.20000000000005,226.35000000000002,226.50000000000003,16689
1189603800,226.40000000000003,226.85000000000002,225.70000000000005,225.85000000000002,18596
1189690200,226.15000000000003,226.55000000000004,225.97500000000002,226.05000000000004,14965
1189776600,226.25000000000003,226.90000000000003,225.90000000000003,226.20000000000005,19246
1190035800,226.22500000000005,226.60000000000005,224.25000000000006,224.72500000000005,18099
1190122200,224.60000000000005,224.77500000000003,222.72500000000005,223.57500000000005,15101
1190208600,223.55000000000004,223.87500000000006,222.42500000000004,222.77500000000003,11888
1190295000,222.67500000000004,223.37500000000006,221.87500000000006,222.35000000000005,11990
1190381400,222.25000000000006,222.50000000000006,220.87500000000006,221.37500000000006,11637
1190640600,221.27500000000003,222.05000000000004,220.70000000000005,220.90000000000003,9647
1190727000,220.87500000000006,220.95000000000005,219.72500000000005,219.87500000000006,12391
1190813400,219.87500000000006,220.57500000000005,219.37500000000006,219.97500000000005,12370
1190899800,219.72500000000005,220.70000000000005,219.30000000000004,220.10000000000005,18207
1190986200,220.17500000000004,220.75000000000006,219.57500000000005,219.82500000000005,12469
1191245400,218.67500000000004,218.67500000000004,216.85000000000005,217.12500000000006,18865
1191331800,217.22500000000005,217.67500000000004,216.57500000000005,216.95000000000005,12753
1191418200,217.12500000000006,218.32500000000005,217.07500000000005,218.17500000000004,11941
1191504600,218.12500000000006,218.60000000000005,217.12500000000006,217.65000000000003,12619
1191591000,217.82500000000005,217.97500000000005,216.97500000000005,217.87500000000006,8997
1191850200,217.07500000000005,217.12500000000006,217.05000000000004,217.05000000000004,8702
1191936600,217.17500000000004,217.72500000000005,216.67500000000004,217.30000000000004,9718
1192023000,217.52500000000003,218.57500000000005,217.12500000000006,217.35000000000005,7757
1192109400,217.52500000000003,218.62500000000006,217.20000000000005,218.10000000000005,8283
1192195800,218.32500000000005,219.12500000000006,215.67500000000004,215.85000000000005,13133
1192455000,216.22500000000005,216.57500000000005,215.30000000000004,215.90000000000003,8113
1192541400,215.90000000000003,216.67500000000004,215.17500000000004,215.30000000000004,8285
1192627800,215.30000000000004,215.70000000000005,214.47500000000005,214.57500000000005,8307
1192714200,215.22500000000005,215.77500000000003,214.67500000000004,214.95000000000005,9811
1192800600,215.12500000000006,215.47500000000005,214.50000000000006,214.50000000000006,7128
1193059800,214.45000000000005,214.67500000000004,213.97500000000005,214.47500000000005,5339
1193146200,214.67500000000004,214.90000000000003,213.62500000000006,213.85000000000005,9045
1193232600,213.67500000000004,213.92500000000004,212.82500000000005,212.92500000000004,11848
1193319000,212.90000000000003,213.32500000000005,212.15000000000003,212.17500000000004,9052
1193405400,212.57500000000005,212.67500000000004,211.77500000000003,212.10000000000005,8136
1193664600,212.17500000000004,212.97500000000005,211.92500000000004,212.05000000000004,6575
1193751000,211.97500000000005,212.17500000000004,211.22500000000005,211.47500000000005,10121
1193837400,211.22500000000005,211.97500000000005,211.05000000000004,211.45000000000005,10437
1193923800,211.37500000000006,211.52500000000003,209.67500000000004,209.82500000000005,14131
1194010200,210.12500000000006,210.52500000000003,209.87500000000006,210.00000000000006,8416
1194273000,209.90000000000003,210.22500000000005,209.37500000000006,209.60000000000005,9122
1194359400,209.82500000000005,210.07500000000005,208.65000000000003,208.70000000000005,11006
1194445800,208.92500000000004,209.37500000000006,208.57500000000005,209.05000000000004,18416
1194532200,209.07500000000005,209.42500000000004,208.57500000000005,209.05000000000004,17394
1194618600,208.85000000000005,211.97500000000005,208.67500000000004,211.47500000000005,28847
1194877800,211.37500000000006,211.57500000000005,209.92500000000004,210.12500000000006,24129
1194964200,210.25000000000006,212.07500000000005,210.12500000000006,211.62500000000006,23953
1195050600,211.37500000000006,211.37500000000006,210.42500000000004,210.52500000000003,13811
1195137000,210.65000000000003,211.07500000000005,210.25000000000006,210.37500000000006,15933
1195223400,210.27500000000003,210.77500000000003,209.95000000000005,210.10000000000005,8588
1195482600,209.87500000000006,210.20000000000005,208.22500000000005,209.90000000000003,12406
1195569000,210.20000000000005,212.70000000000005,210.10000000000005,212.70000000000005,20144
1195655400,212.20000000000005,212.95000000000005,211.87500000000006,212.45000000000005,20144
1195741800,212.20000000000005,212.95000000000005,211.87500000000006,212.45000000000005,11598
1195828200,212.20000000000005,213.25000000000006,211.55000000000004,212.52500000000003,7516
1196087400,212.72500000000005,213.15000000000003,211.95000000000005,212.27500000000003,8964
1196173800,212.20000000000005,212.35000000000005,211.45000000000005,211.90000000000003,9861
1196260200,211.70000000000005,212.75000000000006,211.50000000000006,212.52500000000003,9151
1196346600,212.75000000000006,213.45000000000005,212.45000000000005,212.55000000000004,10620
1196433000,212.70000000000005,213.20000000000005,211.85000000000005,212.00000000000006,12753
1196692200,212.00000000000006,212.60000000000005,210.85000000000005,210.92500000000004,18464
1196778600,210.90000000000003,210.95000000000005,209.70000000000005,210.02500000000003,16339
1196865000,209.87500000000006,213.02500000000003,209.85000000000005,210.80000000000004,12170
1196951400,210.50000000000006,211.15000000000003,210.37500000000006,210.90000000000003,6987
1197037800,211.05000000000004,212.00000000000006,210.75000000000006,211.40000000000003,7077
1197297000,211.75000000000006,213.62500000000006,211.65000000000003,213.05000000000004,17105
1197383400,213.15000000000003,213.37500000000006,212.32500000000005,212.72500000000005,9039
1197469800,212.75000000000006,212.75000000000006,210.20000000000005,211.45000000000005,9765
1197556200,211.20000000000005,211.70000000000005,211.05000000000004,211.12500000000006,7562
1197642600,211.30000000000004,211.55000000000004,209.45000000000005,209.87500000000006,16625
1197901800,209.40000000000003,209.75000000000006,208.92500000000004,208.95000000000005,9714
1197988200,209.00000000000006,209.80000000000004,208.92500000000004,209.52500000000003,8867
1198074600,209.45000000000005,209.95000000000005,209.30000000000004,209.80000000000004,7421
1198161000,209.55000000000004,209.97500000000005,209.25000000000006,209.60000000000005,6175
1198247400,209.55000000000004,209.90000000000003,209.42500000000004,209.42500000000004,5035
1198506600,209.55000000000004,209.60000000000005,209.30000000000004,209.50000000000006,2460
1198679400,209.30000000000004,210.55000000000004,209.20000000000005,209.67500000000004,5578
1198765800,209.55000000000004,209.67500000000004,208.45000000000005,208.97500000000005,7425
1198852200,208.60000000000005,208.70000000000005,206.82500000000005,207.00000000000006,18003
1199111400,206.90000000000003,207.80000000000004,206.70000000000005,207.57500000000005,8576
1199284200,207.45000000000005,207.47500000000005,206.15000000000003,206.87500000000006,11868
1199370600,207.00000000000006,207.00000000000006,206.05000000000004,206.17500000000004,8300
1199457000,206.00000000000006,206.70000000000005,205.75000000000006,206.10000000000005,8300
1199716200,205.95000000000005,206.17500000000004,205.10000000000005,205.40000000000003,10078
1199802600,205.45000000000005,205.85000000000005,205.02500000000003,205.57500000000005,19618
1199889000,205.52500000000003,206.35000000000005,205.35000000000005,206.22500000000005,26007
1199975400,206.12500000000006,206.50000000000006,205.15000000000003,205.22500000000005,25920
1200061800,205.50000000000006,205.72500000000005,203.65000000000003,203.70000000000005,25330
1200321000,204.20000000000005,204.70000000000005,203.65000000000003,203.80000000000004,24182
1200407400,203.95000000000005,204.70000000000005,203.90000000000003,204.35000000000005,17683
1200493800,204.07500000000005,204.60000000000005,203.57500000000005,204.15000000000003,13475
1200580200,204.60000000000005,205.92500000000004,204.35000000000005,204.90000000000003,12416
1200666600,204.90000000000003,205.40000000000003,204.60000000000005,204.77500000000003,8694
1201012200,204.75000000000006,205.35000000000005,203.40000000000003,204.60000000000005,9183
1201098600,205.10000000000005,205.82500000000005,204.10000000000005,204.12500000000006,13673
1201185000,204.40000000000003,205.50000000000006,203.87500000000006,204.12500000000006,15832
1201271400,204.35000000000005,205.10000000000005,204.15000000000003,204.30000000000007,8855
1201530600,204.50000000000006,205.95000000000005,204.00000000000006,205.85000000000005,12432
1201617000,205.90000000000003,208.70000000000005,205.70000000000005,207.97500000000005,22826
1201703400,208.37500000000006,208.70000000000005,207.27500000000003,208.45000000000005,13743
1201789800,208.50000000000006,209.05000000000007,207.72500000000005,208.80000000000007,15476
1201876200,209.00000000000006,210.00000000000006,208.85000000000005,209.02500000000003,16925
1202135400,209.17500000000007,209.77500000000003,208.87500000000006,209.55000000000007,12938
1202221800,209.60000000000005,210.00000000000006,208.40000000000003,208.50000000000006,13136
1202308200,208.62500000000006,209.02500000000003,207.65000000000003,207.80000000000007,11712
1202394600,207.80000000000007,207.97500000000005,206.97500000000005,207.05000000000007,10996
1202481000,207.00000000000006,207.75000000000006,206.80000000000007,207.22500000000005,9005
1202740200,207.35000000000005,208.30000000000007,206.97500000000005,207.42500000000007,7487
1202826600,207.75000000000006,208.95000000000005,207.57500000000005,208.22500000000005,12411
1202913000,208.10000000000005,208.87500000000006,206.42500000000007,206.50000000000006,18840
1202999400,206.80000000000007,207.27500000000003,206.35000000000005,206.65000000000003,16680
1203085800,206.70000000000005,207.40000000000003,206.55000000000007,206.55000000000007,16680
1203345000,206.70000000000005,207.40000000000003,206.55000000000007,206.55000000000007,11544
1203431400,206.55000000000007,207.25000000000006,206.30000000000007,206.87500000000006,8118
1203517800,206.75000000000006,207.85000000000005,206.37500000000006,207.42500000000007,13500
1203604200,207.35000000000005,207.77500000000003,205.95000000000005,206.35000000000005,13906
1203690600,206.60000000000005,206.75000000000006,205.65000000000003,205.85000000000005,11221
1203949800,205.00000000000006,205.00000000000006,202.85000000000005,202.85000000000005,17325
1204036200,202.95000000000005,203.65000000000003,202.85000000000005,203.10000000000005,11342
1204122600,203.15000000000003,203.82500000000005,202.45000000000005,203.32500000000005,13931
1204209000,203.37500000000006,203.80000000000007,202.77500000000003,203.60000000000005,13041
1204295400,203.45000000000005,203.85000000000005,202.00000000000006,202.30000000000007,20531
1204554600,202.05000000000007,202.35000000000005,200.85000000000005,201.15000000000003,17413
1204641000,201.07500000000005,201.20000000000005,199.10000000000005,199.20000000000005,14831
1204727400,199.45000000000005,200.00000000000006,199.05000000000007,199.12500000000006,14259
1204813800,199.40000000000003,201.07500000000005,199.40000000000003,199.75000000000006,16998
1204900200,200.10000000000005,200.80000000000007,199.80000000000007,200.20000000000005,24101
1205155800,200.15000000000003,200.60000000000005,199.75000000000006,200.07500000000005,17922
1205242200,200.20000000000005,201.25000000000006,200.05000000000007,200.65000000000003,17983
1205328600,200.85000000000005,201.05000000000007,199.57500000000005,200.10000000000005,21421
1205415000,199.97500000000005,200.10000000000005,199.20000000000005,199.55000000000007,20030
1205501400,199.20000000000005,199.20000000000005,197.05000000000007,197.37500000000006,21347
1205760600,197.45000000000005,199.20000000000005,197.45000000000005,198.27500000000003,19362
1205847000,198.32500000000005,198.92500000000004,197.82500000000005,198.72500000000002,13582
1205933400,198.20000000000005,198.62500000000006,197.27500000000003,198.25000000000006,12036
1206019800,197.87500000000006,199.22500000000002,197.57500000000005,199.20000000000005,17007
1206365400,199.15000000000003,199.75000000000006,198.62500000000006,198.62500000000006,9886
1206451800,199.17500000000004,199.92500000000004,198.75000000000006,199.72500000000002,12756
1206538200,199.47500000000002,199.95000000000005,197.82500000000005,198.07500000000005,12186
1206624600,198.07500000000005,199.12500000000006,197.42500000000004,197.50000000000006,14653
1206711000,197.52500000000003,197.80000000000004,196.82500000000005,197.50000000000006,9184
1206970200,194.50000000000006,195.50000000000006,194.50000000000006,195.07500000000005,14819
1207056600,194.82500000000005,195.12500000000006,193.37500000000006,193.55000000000004,16029
1207143000,193.55000000000004,194.32500000000005,193.12500000000006,193.72500000000002,10323
1207229400,194.32500000000005,196.72500000000002,194.32500000000005,196.72500000000002,12057
1207315800,197.52500000000003,199.70000000000005,197.22500000000002,199.35000000000002,13130
1207575000,199.50000000000006,199.85000000000002,198.45000000000005,199.17500000000004,12896
1207661400,199.12500000000006,199.47500000000002,198.30000000000004,198.40000000000003,11300
1207747800,198.62500000000006,199.05000000000004,197.57500000000005,197.67500000000004,11317
1207834200,197.87500000000006,198.07500000000005,196.87500000000006,197.27500000000003,12849
1207920600,197.67500000000004,198.77500000000003,197.40000000000003,198.32500000000005,10854
1208179800,198.37500000000006,199.62500000000006,197.57500000000005,199.05000000000004,13786
1208266200,199.62500000000006,202.05000000000004,199.62500000000006,201.22500000000002,20086
1208352600,200.95000000000005,201.82500000000005,200.50000000000006,201.10000000000002,12915
1208439000,201.80000000000004,202.30000000000004,199.92500000000004,200.07500000000005,15762
1208525400,200.57500000000005,201.67500000000004,200.22500000000002,201.47500000000002,13446
1208784600,201.37500000000006,201.47500000000002,199.92500000000004,200.10000000000002,15170
1208871000,200.12500000000006,201.37500000000006,199.67500000000004,200.80000000000004,11809
1208957400,201.40000000000003,203.12500000000006,201.27500000000003,202.55000000000004,16488
1209043800,203.07500000000005,203.07500000000005,200.92500000000004,202.12500000000006,18415
1209130200,202.82500000000005,204.30000000000004,202.35000000000002,203.47500000000002,17914
1209389400,203.62500000000006,203.85000000000002,202.15000000000003,202.57500000000005,12726
1209475800,202.87500000000006,202.87500000000006,199.57500000000005,199.67500000000004,18657
1209562200,200.02500000000003,201.12500000000006,199.80000000000004,200.60000000000002,14834
1209648600,200.87500000000006,201.20000000000005,197.65000000000003,198.22500000000002,20544
1209735000,199.02500000000003,199.55000000000004,198.62500000000006,199.07500000000005,12473
1209994200,199.47500000000002,201.05000000000004,199.32500000000005,200.32500000000005,10714
1210080600,200.97500000000002,202.02500000000003,200.52500000000003,201.87500000000006,13673
1210167000,201.92500000000004,203.07500000000005,200.92500000000004,202.40000000000003,20182
1210253400,202.82500000000005,204.12500000000006,202.82500000000005,203.60000000000002,19676
1210339800,203.67500000000004,204.42500000000004,203.55000000000004,204.00000000000006,19899
1210599000,204.02500000000003,205.20000000000005,203.42500000000004,204.15000000000003,21387
1210685400,205.07500000000005,205.72500000000002,204.47500000000002,204.80000000000004,22206
1210771800,205.07500000000005,205.52500000000003,203.82500000000005,205.30000000000004,13617
1210858200,205.07500000000005,205.62500000000006,204.20000000000005,204.20000000000005,13127
1210944600,204.32500000000005,205.20000000000005,203.12500000000006,203.47500000000002,11446
1211203800,203.47500000000002,203.47500000000002,202.52500000000003,203.32500000000005,9306
1211290200,203.12500000000006,203.82500000000005,203.12500000000006,203.67500000000004,9793
1211376600,203.52500000000003,204.07500000000005,203.17500000000004,203.35000000000002,9782
1211463000,203.57500000000005,203.77500000000003,203.10000000000002,203.50000000000006,7761
1211549400,203.82500000000005,205.20000000000005,203.62500000000006,204.37500000000006,10019
1211895000,204.50000000000006,204.87500000000006,202.72500000000002,203.20000000000005,11447
1211981400,203.27500000000003,203.67500000000004,202.77500000000003,203.27500000000003,8418
1212067800,203.22500000000002,204.62500000000006,202.92500000000004,203.47500000000002,13007
1212154200,203.62500000000006,205.70000000000005,203.62500000000006,205.32500000000005,16155
1212413400,205.42500000000004,205.47500000000002,202.32500000000005,203.42500000000004,19184
1212499800,203.27500000000003,203.72500000000002,202.72500000000002,203.50000000000006,12856
1212586200,203.07500000000005,203.32500000000005,202.00000000000006,202.52500000000003,17279
1212672600,202.87500000000006,203.82500000000005,202.62500000000006,202.72500000000002,16803
1212759000,202.97500000000002,203.40000000000003,200.90000000000003,201.22500000000002,28179
1213018200,201.32500000000005,201.72500000000002,200.00000000000006,200.15000000000003,24774
1213104600,200.22500000000002,201.02500000000003,199.90000000000003,200.32500000000005,23453
1213191000,199.92500000000004,201.47500000000002,199.67500000000004,200.85000000000002,20519
1213277400,200.42500000000004,200.95000000000005,200.20000000000005,200.30000000000004,17748
1213363800,200.72500000000002,201.95000000000005,200.62500000000006,200.82500000000005,13086
1213623000,200.85000000000002,201.32500000000005,199.85000000000002,200.10000000000002,13961
1213709400,200.80000000000004,202.42500000000004,200.80000000000004,201.85000000000002,14717
1213795800,201.70000000000005,202.40000000000003,201.35000000000002,201.77500000000003,11676
1213882200,202.10000000000002,202.62500000000003,200.60000000000002,201.15000000000003,15284
1213968600,201.75000000000003,204.15000000000003,201.70000000000005,204.15000000000003,20220
1214227800,204.47500000000002,204.70000000000005,203.00000000000003,203.05,16851
1214314200,203.3,203.45000000000005,201.25000000000003,201.60000000000002,14102
1214400600,201.55,201.65000000000003,199.425,199.70000000000005,20397
1214487000,200.10000000000002,200.35000000000002,198.25000000000003,198.37500000000003,17188
1214573400,198.45000000000005,198.8,198.07500000000005,198.40000000000003,14772
1214832600,197.45000000000005,198.40000000000003,196.3,198.40000000000003,18477
1214919000,196.32500000000005,197.20000000000005,195.8,196.00000000000003,18270
1215005400,196.35000000000002,197.37500000000003,196.25000000000003,197.00000000000003,12208
1215091800,196.8,197.20000000000005,196.35000000000002,196.65000000000003,8631
1215437400,196.35000000000002,197.00000000000003,195.90000000000003,196.02500000000003,12881
1215523800,196.50000000000003,196.70000000000005,195.95000000000005,196.40000000000003,19193
1215610200,196.8,199.20000000000005,196.70000000000005,198.70000000000005,25948
1215696600,198.8,200.90000000000003,198.60000000000002,200.57500000000005,30356
1215783000,200.62500000000003,201.15000000000003,199.15000000000003,200.35000000000002,19752
1216042200,200.32500000000005,201.15000000000003,200.05,200.45000000000005,23707
1216128600,199.97500000000002,201.425,199.97500000000002,200.77500000000003,16551
1216215000,201.22500000000002,202.87500000000003,200.40000000000003,202.27500000000003,17921
1216301400,202.75000000000003,203.05,201.40000000000003,202.40000000000003,17119
1216387800,202.8,203.52500000000003,201.90000000000003,202.15000000000003,15259
1216647000,202.22500000000002,202.95000000000005,201.15000000000003,202.85000000000002,13325
1216733400,202.97500000000002,203.75000000000003,202.675,203.35000000000002,13538
1216819800,203.60000000000002,203.60000000000002,201.70000000000005,202.40000000000003,16786
1216906200,202.925,203.65000000000003,202.425,203.52500000000003,15482
1216992600,203.55,204.02500000000003,203.15000000000003,203.32500000000005,12070
1217251800,203.40000000000003,204.00000000000003,202.40000000000003,202.85000000000002,11403
1217338200,202.82500000000005,203.25000000000003,200.925,201.75000000000003,11924
1217424600,201.75000000000003,202.70000000000005,201.10000000000002,202.05,9513
1217511000,202.3,204.65000000000003,202.3,203.85000000000002,18629
1217597400,204.50000000000003,205.175,202.55,204.12500000000003,16815
1217856600,204.50000000000003,205.00000000000003,203.57500000000005,204.45000000000005,13967
1217943000,204.32500000000005,205.35000000000002,204.00000000000003,204.00000000000003,17990
1218029400,204.85000000000002,206.90000000000003,204.60000000000002,206.40000000000003,20615
1218115800,206.8,207.75000000000003,205.57500000000005,206.47500000000002,19566
1218202200,207.50000000000003,208.37500000000003,206.95000000000005,207.40000000000003,18770
1218461400,207.45000000000005,208.10000000000002,206.60000000000002,206.70000000000005,10049
1218547800,206.85000000000002,207.00000000000003,203.70000000000005,205.35000000000002,15564
1218634200,205.90000000000003,206.15000000000003,205.10000000000002,205.72500000000002,10746
1218720600,205.8,206.50000000000003,205.50000000000003,205.57500000000005,8223
1218807000,206.10000000000002,206.32500000000005,204.70000000000005,205.05,12782
1219066200,205.25000000000003,206.00000000000003,205.12500000000003,205.3,8167
1219152600,205.75000000000003,205.95000000000005,204.45000000000005,204.75000000000003,8845
1219239000,204.50000000000003,205.25000000000003,203.70000000000005,204.60000000000002,9705
1219325400,204.00000000000003,205.07500000000005,203.10000000000002,204.27500000000003,9137
1219411800,203.95000000000005,204.20000000000005,203.12500000000003,203.25000000000003,10345
1219671000,203.35000000000002,203.675,202.57500000000005,203.50000000000003,7518
1219757400,203.10000000000002,203.52500000000003,202.12500000000003,203.00000000000003,7539
1219843800,202.25000000000003,202.35000000000002,200.00000000000003,200.00000000000003,11720
1219930200,199.37500000000003,199.37500000000003,197.925,198.02500000000003,18434
1220016600,197.90000000000003,198.87500000000003,197.75000000000003,197.925,14736
1220362200,197.70000000000005,199.8,197.57500000000005,199.05,13358
1220448600,199.20000000000005,199.925,197.925,198.15000000000003,14653
1220535000,198.25000000000003,199.00000000000003,197.85000000000002,198.52500000000003,15261
1220621400,198.52500000000003,199.62500000000003,198.425,198.925,13047
1220880600,198.95000000000005,199.50000000000003,198.05,198.35000000000002,16213
1220967000,198.02500000000003,198.37500000000003,196.25000000000003,196.40000000000003,21146
1221053400,196.60000000000002,197.3,196.00000000000003,197.00000000000003,22015
1221139800,196.95000000000005,198.47500000000002,196.10000000000002,198.12500000000003,23217
1221226200,198.00000000000003,198.32500000000005,195.425,195.60000000000002,25472
1221485400,195.72500000000002,197.3,195.65000000000003,196.85000000000002,17023
1221571800,197.00000000000003,197.27500000000003,195.00000000000003,196.97500000000002,16475
1221658200,196.72500000000002,198.37500000000003,196.37500000000003,197.32500000000005,17877
1221744600,197.62500000000003,198.175,195.10000000000002,195.925,22101
1221831000,196.12500000000003,197.675,196.12500000000003,196.925,10827
1222090200,197.22500000000002,198.55,197.22500000000002,198.22500000000002,11890
1222176600,197.77500000000003,198.02500000000003,196.90000000000003,197.175,10443
1222263000,197.00000000000003,197.62500000000003,196.675,197.10000000000002,10116
1222349400,197.02500000000003,197.45000000000005,196.925,197.00000000000003,8257
1222435800,197.00000000000003,197.57500000000005,196.00000000000003,196.925,8035
1222695000,196.10000000000002,196.3,195.52500000000003,195.925,13228
1222781400,195.925,196.65000000000003,194.52500000000003,195.07500000000005,13763
1222867800,195.35000000000002,195.65000000000003,193.32500000000005,193.85000000000002,15243
1222954200,193.77500000000003,193.82500000000005,191.02500000000003,192.27500000000003,14202
1223040600,192.35000000000002,193.52500000000003,191.37500000000003,191.75000000000003,9031
1223299800,190.72500000000002,191.15000000000003,189.65000000000003,190.70000000000005,11469
1223386200,191.05,192.675,190.675,192.3,11451
1223472600,192.37500000000003,193.45000000000005,192.02500000000003,192.77500000000003,12524
1223559000,192.07500000000005,192.57500000000005,191.425,192.00000000000003,9750
1223645400,191.425,192.00000000000003,190.27500000000003,190.75000000000003,13226
1223904600,191.175,193.72500000000002,191.175,191.97500000000002,12447
1223991000,192.27500000000003,192.8,191.07500000000005,191.37500000000003,12044
1224077400,191.12500000000003,191.15000000000003,188.37500000000003,188.95000000000005,14030
1224163800,188.15000000000003,188.15000000000003,186.32500000000005,186.85000000000002,11180
1224250200,187.75000000000003,188.75000000000003,187.15000000000003,187.175,9624
1224509400,187.62500000000003,188.37500000000003,187.07500000000005,187.12500000000003,7474
1224595800,187.27500000000003,189.175,186.95000000000005,188.65000000000003,12166
1224682200,188.72500000000002,189.07500000000005,187.57500000000005,188.52500000000003,11673
1224768600,188.77500000000003,189.57500000000005,188.40000000000003,188.8,10540
1224855000,189.12500000000003,189.50000000000003,186.87500000000003,189.37500000000003,11206
1225114200,189.32500000000005,190.05,188.60000000000002,189.425,9422
1225200600,188.97500000000002,189.45000000000005,188.50000000000003,188.925,10245
1225287000,188.97500000000002,189.57500000000005,187.47500000000002,188.45000000000005,11380
1225373400,187.62500000000003,187.87500000000003,186.72500000000002,186.87500000000003,12928
1225459800,186.90000000000003,187.37500000000003,185.675,185.675,17387
1225722600,185.8,186.07500000000005,184.97500000000002,185.27500000000003,12460
1225809000,185.675,185.82500000000005,184.77500000000003,185.3,13253
1225895400,184.82500000000005,185.85000000000002,184.675,185.35000000000002,12573
1225981800,185.25000000000003,186.77500000000003,185.175,185.70000000000005,10973
1226068200,186.50000000000003,186.82500000000005,186.00000000000003,186.27500000000003,16237
1226327400,185.925,186.32500000000005,185.57500000000005,185.87500000000003,23187
1226413800,186.07500000000005,186.37500000000003,185.27500000000003,185.85000000000002,16492
1226500200,186.32500000000005,187.27500000000003,186.22500000000002,186.32500000000005,19471
1226586600,186.425,187.45000000000005,186.25000000000003,187.07500000000005,20721
1226673000,187.10000000000002,187.12500000000003,186.37500000000003,186.45000000000005,11289
1226932200,186.37500000000003,186.62500000000003,185.675,185.925,12126
1227018600,185.925,186.425,185.65000000000003,186.07500000000005,7830
1227105000,186.27500000000003,187.02500000000003,186.22500000000002,186.77500000000003,10994
1227191400,186.95000000000005,188.85000000000002,185.50000000000003,188.55,18907
1227277800,188.10000000000002,189.05,187.87500000000003,187.97500000000002,8049
1227537000,188.675,189.27500000000003,188.47500000000002,188.62500000000003,6349
1227623400,188.55,188.95000000000005,187.65000000000003,188.47500000000002,8166
1227709800,189.02500000000003,190.27500000000003,188.82500000000005,189.65000000000003,9516
1227882600,190.05,190.925,189.70000000000005,190.90000000000003,6631
1228141800,190.72500000000002,190.72500000000002,189.02500000000003,189.22500000000002,10318
1228228200,189.50000000000003,190.00000000000003,188.925,189.35000000000002,9000
1228314600,189.45000000000005,189.47500000000002,188.00000000000003,188.25000000000003,9320
1228401000,188.27500000000003,188.55,187.07500000000005,187.52500000000003,10765
1228487400,187.175,188.37500000000003,186.87500000000003,188.07500000000005,17466
1228746600,188.00000000000003,190.35000000000002,187.925,188.00000000000003,11709
1228833000,188.02500000000003,188.82500000000005,187.45000000000005,188.00000000000003,12085
1228919400,187.87500000000003,188.40000000000003,186.40000000000003,187.00000000000003,11928
1229005800,186.62500000000003,186.87500000000003,185.425,186.25000000000003,13373
1229092200,186.25000000000003,186.60000000000002,185.82500000000005,186.15000000000003,8885
1229351400,186.35000000000002,186.75000000000003,186.27500000000003,186.45000000000005,7167
1229437800,186.65000000000003,186.85000000000002,185.97500000000002,186.32500000000005,9797
1229524200,185.925,186.8,185.37500000000003,186.50000000000003,8580
1229610600,186.52500000000003,186.65000000000003,186.10000000000002,186.35000000000002,5959
1229697000,186.425,186.47500000000002,185.55,185.57500000000005,9819
1229956200,185.52500000000003,185.675,184.675,184.77500000000003,12058
1230042600,184.77500000000003,185.35000000000002,184.50000000000003,185.07500000000005,6064
1230129000,184.97500000000002,185.175,184.45000000000005,184.72500000000002,4838
1230301800,184.675,184.675,182.72500000000002,182.82500000000005,10146
1230561000,182.87500000000003,183.60000000000002,182.82500000000005,183.02500000000003,9087
1230647400,182.97500000000002,183.85000000000002,182.90000000000003,183.60000000000002,7263
1230733800,183.37500000000003,184.75000000000003,182.77500000000003,184.75000000000003,12390
1230906600,184.75000000000003,187.75000000000003,184.75000000000003,187.72500000000002,15191
1231165800,187.82500000000005,187.82500000000005,186.27500000000003,186.55,15383
1231252200,186.65000000000003,188.40000000000003,186.57500000000005,187.82500000000005,17235
1231338600,188.37500000000003,189.175,187.22500000000002,187.425,15854
1231425000,187.425,187.675,186.02500000000003,186.3,21522
1231511400,187.02500000000003,187.02500000000003,186.22500000000002,186.32500000000005,16073
1231770600,186.22500000000002,186.57500000000005,185.22500000000002,185.35000000000002,19960
1231857000,185.35000000000002,185.60000000000002,185.12500000000003,185.32500000000005,18993
1231943400,185.32500000000005,185.35000000000002,182.32500000000005,183.8,23254
1232029800,183.62500000000003,183.8,182.97500000000002,183.70000000000005,10306
1232116200,183.62500000000003,184.60000000000002,183.425,183.82500000000005,8052
1232461800,183.95000000000005,184.27500000000003,183.07500000000005,183.50000000000003,10470
1232548200,183.50000000000003,183.90000000000003,182.20000000000005,183.15000000000003,10019
1232634600,183.70000000000005,184.10000000000002,183.10000000000002,183.20000000000005,8190
1232721000,183.25000000000003,183.25000000000003,181.82500000000005,182.20000000000005,8996
1232980200,182.50000000000003,182.50000000000003,180.50000000000003,180.57500000000002,12349
1233066600,180.60000000000002,180.87500000000003,178.05,178.50000000000003,14862
1233153000,178.60000000000002,179.57500000000002,178.20000000000002,179.15000000000003,14495
1233239400,179.15000000000003,179.25000000000003,178.8,179.05,10357
1233325800,178.82500000000002,181.05,178.50000000000003,180.77500000000003,11376
1233585000,180.40000000000003,180.8,179.3,179.47500000000002,10431
1233671400,179.3,180.32500000000002,178.20000000000002,179.95000000000002,11138
1233757800,180.22500000000002,180.425,178.20000000000002,178.675,12449
1233844200,178.55,178.675,177.60000000000002,178.05,15529
1233930600,177.75000000000003,178.925,177.75000000000003,178.20000000000002,9197
1234189800,178.00000000000003,178.52500000000003,177.77500000000003,177.87500000000003,6585
1234276200,178.37500000000003,180.55,178.22500000000002,180.10000000000002,12701
1234362600,180.00000000000003,180.425,179.72500000000002,180.07500000000002,7880
1234449000,180.10000000000002,181.8,180.00000000000003,181.60000000000002,13072
1234535400,181.55,181.8,181.175,181.55,6351
1234881000,181.05,181.22500000000002,178.55,178.85000000000002,11110
1234967400,178.52500000000003,179.52500000000003,177.90000000000003,178.60000000000002,11732
1235053800,177.925,178.8,177.47500000000002,178.37500000000003,10020
1235140200,178.50000000000003,178.8,175.70000000000002,175.75000000000003,12134
1235399400,175.925,176.45000000000002,175.55,176.02500000000003,8849
1235485800,175.40000000000003,175.75000000000003,174.675,175.50000000000003,8507
1235572200,175.40000000000003,177.12500000000003,174.82500000000002,176.90000000000003,9614
1235658600,177.15000000000003,177.3,176.40000000000003,176.77500000000003,7325
1235745000,176.82500000000002,178.87500000000003,176.40000000000003,178.70000000000002,15423
1236004200,178.72500000000002,178.77500000000003,177.62500000000003,178.07500000000002,10757
1236090600,177.8,179.12500000000003,177.8,178.65000000000003,11834
1236177000,178.8,180.60000000000002,178.57500000000002,180.12500000000003,15816
1236263400,179.87500000000003,180.45000000000002,179.40000000000003,180.22500000000002,9678
1236349800,179.62500000000003,180.675,178.925,180.3,19842
1236605400,180.3,180.95000000000002,179.95000000000002,180.22500000000002,17176
1236691800,180.02500000000003,180.27500000000003,177.70000000000002,178.32500000000002,18789
1236778200,178.40000000000003,178.925,177.97500000000002,178.12500000000003,16500
1236864600,178.25000000000003,180.22500000000002,178.02500000000003,180.02500000000003,18706
1236951000,180.20000000000002,181.55,180.12500000000003,181.00000000000003,15898
1237210200,180.70000000000002,181.25000000000003,179.87500000000003,180.55,10962
1237296600,180.05,180.60000000000002,179.52500000000003,179.95000000000002,9898
1237383000,180.07500000000002,180.425,179.70000000000002,180.05,8188
1237469400,180.10000000000002,181.47500000000002,180.10000000000002,180.52500000000003,10095
1237555800,181.02500000000003,181.3,179.175,179.35000000000002,6880
1237815000,179.57500000000005,179.75000000000003,177.175,178.20000000000005,12424
1237901400,178.52500000000003,178.72500000000002,177.82500000000005,178.72500000000002,5615
1237987800,178.72500000000002,178.72500000000002,177.32500000000005,178.3,6300
1238074200,177.37500000000003,178.02500000000003,176.97500000000002,177.35000000000002,9568
1238160600,177.27500000000003,177.77500000000003,176.60000000000002,176.97500000000002,6784
1238419800,176.175,176.82500000000005,176.10000000000002,176.55,7799
1238506200,176.52500000000003,178.3,176.25000000000003,177.97500000000002,18137
1238592600,177.52500000000003,178.07500000000005,176.50000000000003,177.02500000000003,13976
1238679000,176.95000000000005,178.07500000000005,176.70000000000005,177.675,9026
1238765400,178.57500000000005,179.47500000000002,177.85000000000002,179.22500000000002,8446
1239024600,179.22500000000002,179.37500000000003,177.87500000000003,178.32500000000005,7887
1239111000,177.95000000000005,179.55,177.65000000000003,179.02500000000003,9875
1239197400,179.27500000000003,179.57500000000005,178.37500000000003,178.925,7857
1239283800,178.97500000000002,180.40000000000003,178.925,179.85000000000002,10705
1239629400,179.87500000000003,180.00000000000003,179.3,179.675,6032
1239715800,179.72500000000002,179.82500000000005,178.02500000000003,178.175,11273
1239802200,178.32500000000005,179.05,177.57500000000005,178.62500000000003,11266
1239888600,178.97500000000002,179.675,178.75000000000003,178.85000000000002,10297
1239975000,178.97500000000002,179.40000000000003,178.77500000000003,179.20000000000005,5970
1240234200,178.77500000000003,178.77500000000003,177.25000000000003,177.87500000000003,11269
1240320600,177.87500000000003,178.65000000000003,177.8,177.97500000000002,7681
1240407000,178.425,178.57500000000005,176.925,177.95000000000005,13425
1240493400,177.32500000000005,177.72500000000002,176.82500000000005,177.45000000000005,9251
1240579800,177.62500000000003,178.425,177.02500000000003,177.22500000000002,13703
1240839000,174.40000000000003,174.52500000000003,174.22500000000002,174.22500000000002,16108
1240925400,173.72500000000002,174.175,171.22500000000002,171.87500000000003,32104
1241011800,171.675,172.55,170.925,172.32500000000005,19354
1241098200,171.52500000000003,171.675,169.37500000000003,170.10000000000002,21166
1241184600,169.57500000000005,172.05,169.47500000000002,171.15000000000003,16290
1241443800,170.425,170.65000000000003,169.05000000000004,169.35000000000002,15276
1241530200,169.07500000000005,171.47500000000002,168.97500000000002,170.37500000000003,13882
1241616600,171.05,172.925,171.05,172.675,16237
1241703000,172.57500000000005,172.925,171.77500000000003,172.35000000000002,17172
1241789400,172.425,174.22500000000002,172.425,173.77500000000003,17779
1242048600,173.87500000000003,174.12500000000003,173.175,173.35000000000002,14189
1242135000,173.37500000000003,175.00000000000003,173.37500000000003,174.50000000000003,20094
1242221400,174.87500000000003,175.05,173.02500000000003,173.52500000000003,18955
1242307800,173.37500000000003,173.82500000000005,172.47500000000002,172.57500000000005,11298
1242394200,172.77500000000003,173.27500000000003,171.97500000000002,172.10000000000002,9162
1242653400,171.82500000000005,172.52500000000003,170.77500000000003,172.07500000000005,11960
1242739800,172.10000000000002,172.52500000000003,171.22500000000002,171.62500000000003,6809
1242826200,171.42500000000004,172.02500000000003,171.02500000000003,171.97500000000002,8226
1242912600,171.42500000000004,171.52500000000003,170.07500000000005,170.37500000000003,7384
1242999000,171.17500000000004,171.27500000000003,170.70000000000005,171.10000000000002,5018
1243344600,171.37500000000003,171.42500000000004,170.57500000000005,170.70000000000005,5000
1243431000,170.70000000000005,170.92500000000004,170.02500000000003,170.15000000000003,5401
1243517400,170.12500000000003,170.85000000000002,170.12500000000003,170.65000000000003,5319
1243603800,170.67500000000004,170.67500000000004,167.95000000000005,169.15000000000003,13857
1243863000,169.02500000000003,169.77500000000003,167.57500000000005,168.67500000000004,11012
1243949400,167.62500000000003,167.77500000000003,165.67500000000004,165.67500000000004,7689
1244035800,164.90000000000003,165.00000000000003,163.25000000000003,163.87500000000003,14035
1244122200,163.50000000000003,164.80000000000004,163.37500000000003,164.10000000000002,10187
1244208600,164.70000000000005,165.22500000000002,162.85000000000002,163.60000000000002,13028
1244467800,163.65000000000003,164.12500000000003,162.80000000000004,163.02500000000003,12560
1244554200,162.82500000000005,163.52500000000003,162.25000000000003,162.27500000000003,14661
1244640600,162.47500000000002,163.12500000000003,161.40000000000003,161.87500000000003,17504
1244727000,162.17500000000004,164.10000000000002,161.92500000000004,163.52500000000003,21259
1244813400,163.62500000000003,164.07500000000005,162.97500000000002,163.32500000000005,11468
1245072600,163.60000000000002,163.60000000000002,161.52500000000003,161.92500000000004,9458
1245159000,161.82500000000005,162.42500000000004,161.62500000000003,161.80000000000004,7259
1245245400,162.27500000000003,163.87500000000003,162.07500000000005,163.47500000000002,9225
1245331800,162.67500000000004,163.27500000000003,162.12500000000006,163.07500000000005,9192
1245418200,163.15000000000003,166.07500000000005,162.95000000000005,165.72500000000002,14474
1245677400,165.42500000000004,165.52500000000003,164.20000000000005,164.77500000000003,11046
1245763800,164.72500000000002,165.27500000000003,163.25000000000006,164.37500000000006,9741
1245850200,163.80000000000004,164.20000000000005,162.05000000000004,162.75000000000006,11549
1245936600,162.42500000000004,163.47500000000002,161.87500000000006,162.72500000000002,8792
1246023000,162.20000000000005,163.30000000000004,161.15000000000003,161.62500000000006,10676
1246282200,161.82500000000005,163.20000000000005,161.25000000000006,162.55000000000004,12845
1246368600,163.17500000000004,164.67500000000004,162.62500000000006,164.57500000000005,21452
1246455000,163.52500000000003,165.20000000000005,163.42500000000004,164.62500000000006,14959
1246541400,165.12500000000006,165.35000000000002,163.57500000000005,165.07500000000005,10104
1246627800,165.07500000000005,165.07500000000005,165.07500000000005,165.07500000000005,10104
1246887000,165.12500000000006,166.72500000000002,165.12500000000006,165.97500000000002,11991
1246973400,165.82500000000005,166.37500000000006,165.32500000000005,166.12500000000006,11178
1247059800,165.80000000000004,166.02500000000003,164.67500000000004,164.95000000000005,17372
1247146200,164.75000000000006,167.95000000000005,164.75000000000006,167.62500000000006,27131
1247232600,168.52500000000003,168.72500000000002,167.40000000000003,167.52500000000003,17822
1247491800,167.62500000000006,168.57500000000005,166.87500000000006,166.92500000000004,19351
1247578200,167.47500000000002,168.07500000000005,167.12500000000006,167.52500000000003,16632
1247664600,167.67500000000004,168.80000000000004,167.07500000000005,167.95000000000005,17019
1247751000,168.62500000000006,169.42500000000004,168.42500000000004,169.15000000000003,9486
1247837400,169.15000000000003,169.47500000000002,167.97500000000002,168.60000000000002,8660
1248096600,168.60000000000002,168.80000000000004,168.12500000000006,168.52500000000003,7188
1248183000,168.40000000000003,168.40000000000003,165.70000000000005,166.20000000000005,11737
1248269400,166.00000000000006,166.75000000000006,164.70000000000005,165.37500000000006,8840
1248355800,165.30000000000004,165.35000000000002,163.62500000000006,164.45000000000005,8079
1248442200,164.15000000000003,164.17500000000004,162.25000000000006,162.62500000000006,7547
1248701400,162.65000000000003,163.07500000000005,161.35000000000002,162.80000000000004,7819
1248787800,162.30000000000004,162.47500000000002,159.80000000000004,160.75000000000006,11913
1248874200,160.00000000000006,161.60000000000002,159.80000000000004,161.15000000000003,9980
1248960600,160.90000000000003,161.32500000000005,160.10000000000002,160.65000000000003,10765
1249047000,160.85000000000002,163.10000000000002,160.85000000000002,161.95000000000005,10764
1249306200,161.85000000000002,161.87500000000006,159.65000000000003,160.10000000000002,10044
1249392600,159.65000000000003,160.62500000000006,157.37500000000006,158.17500000000004,13227
1249479000,157.90000000000003,158.90000000000003,155.67500000000004,158.25000000000006,13617
1249565400,157.80000000000004,157.80000000000004,155.25000000000006,155.62500000000006,11216
1249651800,155.02500000000003,155.17500000000004,152.67500000000004,152.95000000000005,16239
1249911000,153.05000000000004,154.12500000000006,152.77500000000003,153.05000000000004,9816
1249997400,153.90000000000003,154.15000000000003,152.00000000000006,152.40000000000003,11484
1250083800,152.07500000000005,153.17500000000004,151.45000000000005,152.02500000000003,12491
1250170200,151.62500000000006,153.70000000000005,151.62500000000006,153.45000000000005,8698
1250256600,152.95000000000005,153.45000000000005,152.55000000000004,152.70000000000005,8466
1250515800,152.45000000000005,153.20000000000005,151.70000000000005,152.75000000000006,8598
1250602200,152.52500000000003,154.90000000000003,151.10000000000002,152.57500000000005,14619
1250688600,152.10000000000002,154.10000000000002,151.60000000000002,153.80000000000004,13577
1250775000,153.80000000000004,155.05000000000004,153.25000000000006,154.97500000000002,10187
1250861400,154.95000000000005,156.05000000000004,154.57500000000005,155.90000000000003,8693
1251120600,156.45000000000005,156.90000000000003,154.72500000000002,154.87500000000006,10215
1251207000,154.87500000000006,156.85000000000002,154.85000000000002,156.35000000000002,12264
1251293400,156.72500000000002,157.05000000000004,154.45000000000005,155.10000000000002,11230
1251379800,155.25000000000006,156.85000000000002,154.87500000000006,155.95000000000005,11991
1251466200,156.60000000000002,157.57500000000005,155.80000000000004,156.12500000000006,9619
1251725400,155.35000000000002,156.65000000000003,155.35000000000002,156.20000000000005,8197
1251811800,156.17500000000004,157.85000000000002,156.07500000000005,157.55000000000004,12537
1251898200,157.10000000000002,157.52500000000003,156.35000000000002,156.87500000000006,10870
1251984600,157.25000000000006,159.20000000000005,157.07500000000005,157.82500000000005,15025
1252071000,157.55000000000004,158.80000000000004,157.55000000000004,158.55000000000004,15025
1252330200,157.55000000000004,158.80000000000004,157.55000000000004,158.55000000000004,8794
1252416600,158.60000000000002,159.60000000000002,158.30000000000004,159.02500000000003,12531
1252503000,159.17500000000004,160.00000000000006,159.05000000000004,159.50000000000006,17871
1252589400,160.05000000000004,162.10000000000002,159.77500000000003,160.47500000000002,21927
1252675800,160.62500000000006,161.30000000000004,159.80000000000004,160.52500000000003,19921
1252935000,160.30000000000004,160.35000000000002,158.82500000000005,159.00000000000006,18473
1253021400,159.35000000000002,161.75000000000006,158.80000000000004,161.47500000000002,21174
1253107800,161.75000000000006,162.20000000000005,160.45000000000005,160.50000000000006,14846
1253194200,160.62500000000006,161.77500000000003,160.27500000000003,161.07500000000005,16580
1253280600,161.27500000000003,161.70000000000005,159.00000000000006,159.35000000000002,14603
1253539800,158.67500000000004,158.92500000000004,158.12500000000006,158.42500000000004,10649
1253626200,158.45000000000005,158.95000000000005,157.57500000000005,157.80000000000004,12186
1253712600,157.60000000000002,159.52500000000003,157.20000000000005,159.10000000000002,13842
1253799000,158.55000000000004,159.05000000000004,158.30000000000004,158.40000000000003,6106
1253885400,158.32500000000005,158.40000000000003,157.65000000000003,158.07500000000005,7301
1254144600,158.20000000000005,159.50000000000006,158.20000000000005,158.77500000000003,10143
1254231000,158.92500000000004,159.87500000000006,158.85000000000002,159.22500000000002,7975
1254317400,158.85000000000002,159.05000000000004,157.60000000000002,158.65000000000003,15928
1254403800,158.40000000000003,159.25000000000006,157.35000000000002,157.67500000000004,13386
1254490200,158.32500000000005,158.45000000000005,157.57500000000005,157.60000000000002,8573
1254749400,157.40000000000003,157.40000000000003,156.47500000000002,156.65000000000003,13036
1254835800,156.60000000000002,159.07500000000005,156.45000000000005,158.17500000000004,15211
1254922200,158.12500000000006,161.10000000000002,158.00000000000006,160.80000000000004,19287
1255008600,160.72500000000002,162.97500000000002,160.40000000000003,162.57500000000005,22262
1255095000,162.72500000000002,162.92500000000004,161.47500000000002,161.82500000000005,13536
1255354200,161.97500000000002,163.27500000000003,161.90000000000003,162.87500000000006,16367
1255440600,163.25000000000006,163.37500000000006,161.72500000000002,162.72500000000002,14323
1255527000,163.15000000000003,163.77500000000003,162.67500000000004,163.30000000000004,13167
1255613400,163.60000000000002,163.77500000000003,162.82500000000005,163.52500000000003,11871
1255699800,163.52500000000003,163.67500000000004,162.60000000000002,163.15000000000003,10404
1255959000,163.12500000000006,163.75000000000006,162.70000000000005,163.10000000000002,10147
1256045400,163.20000000000005,164.00000000000006,161.15000000000003,161.92500000000004,19982
1256131800,162.25000000000006,163.10000000000002,162.02500000000003,162.72500000000002,11907
1256218200,162.72500000000002,163.10000000000002,162.32500000000005,162.77500000000003,7689
1256304600,162.95000000000005,163.30000000000004,161.82500000000005,162.07500000000005,9862
1256563800,162.22500000000002,162.87500000000006,161.87500000000006,162.50000000000006,8148
1256650200,162.90000000000003,164.72500000000002,162.50000000000006,164.47500000000002,21114
1256736600,164.60000000000002,165.05000000000004,163.70000000000005,165.00000000000006,13886
1256823000,165.05000000000004,166.67500000000004,164.85000000000002,166.25000000000006,21890
1256909400,166.05000000000004,166.47500000000002,165.45000000000005,165.75000000000006,13963
1257172200,165.75000000000006,167.22500000000002,165.60000000000002,166.77500000000003,14485
1257258600,166.70000000000005,167.32500000000005,166.20000000000005,166.60000000000002,14466
1257345000,166.75000000000006,167.20000000000005,166.22500000000002,166.85000000000002,11789
1257431400,167.05000000000004,167.45000000000005,165.62500000000006,165.65000000000003,13061
1257517800,165.72500000000002,166.05000000000004,164.67500000000004,164.75000000000006,18788
1257777000,164.80000000000004,165.20000000000005,164.52500000000003,164.85000000000002,18698
1257863400,164.70000000000005,165.12500000000006,164.27500000000003,164.67500000000004,18590
1257949800,164.87500000000006,165.45000000000005,164.57500000000005,164.65000000000003,16323
1258036200,164.57500000000005,164.65000000000003,163.35000000000002,163.50000000000006,21443
1258122600,163.60000000000002,164.35000000000002,163.42500000000004,164.05000000000004,12798
1258381800,163.77500000000003,164.55000000000004,163.77500000000003,164.00000000000006,11364
1258468200,164.25000000000006,165.90000000000003,163.45000000000005,165.62500000000006,13960
1258554600,165.80000000000007,166.35000000000005,165.47500000000005,165.87500000000006,8669
1258641000,165.57500000000005,165.60000000000005,164.57500000000005,164.92500000000004,6820
1258727400,165.15000000000003,166.65000000000003,164.97500000000005,166.02500000000003,8871
1258986600,166.45000000000005,167.95000000000005,166.45000000000005,167.17500000000007,10103
1259073000,166.95000000000005,168.02500000000003,166.80000000000007,167.65000000000003,8432
1259159400,167.75000000000006,169.55000000000007,167.75000000000006,169.30000000000007,17209
1259332200,169.30000000000007,169.72500000000005,168.40000000000003,168.97500000000005,8640
1259591400,169.20000000000005,169.35000000000005,168.00000000000006,168.52500000000003,12957
1259677800,168.62500000000006,169.22500000000005,168.30000000000007,168.60000000000005,10898
1259764200,168.32500000000005,168.70000000000005,167.75000000000006,168.30000000000007,10553
1259850600,168.45000000000005,169.50000000000006,166.95000000000005,166.95000000000005,19549
1259937000,167.52500000000003,168.65000000000003,167.25000000000006,168.40000000000003,12320
1260196200,168.52500000000003,169.35000000000005,167.75000000000006,168.20000000000005,10633
1260282600,168.02500000000003,168.20000000000005,166.37500000000006,166.77500000000003,13604
1260369000,167.35000000000005,167.82500000000005,166.50000000000006,166.72500000000005,10864
1260455400,167.00000000000006,167.40000000000003,165.50000000000006,167.07500000000005,12097
1260541800,167.22500000000005,167.65000000000003,166.42500000000007,167.07500000000005,9364
1260801000,167.15000000000003,168.12500000000006,167.10000000000005,167.52500000000003,11401
1260887400,167.70000000000005,169.35000000000005,167.32500000000005,169.07500000000005,15837
1260973800,169.10000000000005,169.42500000000007,167.95000000000005,168.47500000000005,9805
1261060200,168.07500000000005,168.25000000000006,166.92500000000007,167.20000000000005,8518
1261146600,167.57500000000005,167.57500000000005,166.72500000000005,166.77500000000003,7549
1261405800,166.82500000000005,167.15000000000003,165.57500000000005,165.87500000000006,10031
1261492200,165.60000000000005,166.50000000000006,165.30000000000004,166.40000000000003,8628
1261578600,166.37500000000006,167.47500000000005,166.37500000000006,167.32500000000005,7477
1261665000,167.35000000000005,167.57500000000005,165.40000000000003,165.45000000000005,7469
1262010600,165.60000000000005,166.52500000000003,165.60000000000005,166.35000000000005,6799
1262097000,166.45000000000005,167.25000000000006,166.35000000000005,167.07500000000005,10407
1262183400,167.10000000000005,167.57500000000005,166.67500000000007,167.27500000000003,9100
1262269800,166.85000000000005,167.90000000000003,166.80000000000007,167.25000000000006,8918
1262615400,167.57500000000005,168.07500000000005,167.15000000000003,167.50000000000006,11089
1262701800,167.77500000000003,169.45000000000005,167.35000000000005,169.25000000000006,20267
1262788200,169.17500000000007,169.52500000000003,168.00000000000006,168.22500000000005,15048
1262874600,168.47500000000005,169.70000000000005,168.47500000000005,168.75000000000006,16863
1262961000,169.07500000000005,169.55000000000007,168.57500000000005,168.90000000000003,18687
1263220200,168.90000000000003,169.07500000000005,167.97500000000005,168.32500000000005,20146
1263306600,168.10000000000005,168.42500000000007,167.20000000000005,168.05000000000007,17883
1263393000,168.15000000000003,170.80000000000007,168.15000000000003,170.62500000000006,25224
1263479400,170.72500000000005,171.20000000000005,170.17500000000007,170.70000000000005,27782
1263565800,171.17500000000007,171.82500000000005,170.57500000000005,171.62500000000006,18934
1263911400,171.87500000000006,172.65000000000003,171.87500000000006,172.37500000000006,12058
1263997800,172.25000000000006,172.25000000000006,170.65000000000003,171.72500000000002,16288
1264084200,171.82500000000005,172.35000000000002,170.15000000000003,171.00000000000006,17342
1264170600,170.40000000000003,171.02500000000003,170.02500000000003,170.32500000000005,11466
1264429800,170.12500000000006,170.15000000000003,168.67500000000004,168.85000000000002,12518
1264516200,168.67500000000004,168.75000000000006,166.87500000000006,167.02500000000003,16625
1264602600,167.02500000000003,167.72500000000002,166.65000000000003,167.30000000000004,13660
1264689000,167.12500000000006,167.87500000000006,166.77500000000003,167.75000000000006,9675
1264775400,167.60000000000002,168.22500000000002,166.87500000000006,166.95000000000005,13454
1265034600,166.75000000000006,166.90000000000003,164.02500000000003,164.50000000000006,19150
1265121000,164.50000000000006,165.72500000000002,164.20000000000005,165.20000000000005,15078
1265207400,165.60000000000002,165.65000000000003,165.00000000000006,165.42500000000004,11915
1265293800,165.07500000000005,165.52500000000003,164.45000000000005,165.27500000000003,9440
1265380200,165.47500000000002,165.82500000000005,164.60000000000002,165.07500000000005,14061
1265639400,165.60000000000002,167.55000000000004,165.42500000000004,167.12500000000006,15764
1265725800,167.45000000000005,167.95000000000005,166.12500000000006,166.20000000000005,19254
1265812200,166.20000000000005,166.85000000000002,166.07500000000005,166.52500000000003,9922
1265898600,166.32500000000005,166.67500000000004,165.65000000000003,166.02500000000003,13088
1265985000,165.90000000000003,166.92500000000004,165.90000000000003,166.55000000000004,9003
1266330600,166.65000000000003,167.62500000000006,166.22500000000002,166.62500000000006,8228
1266417000,166.70000000000005,167.62500000000006,166.32500000000005,167.55000000000004,12541
1266503400,167.55000000000004,168.90000000000003,167.20000000000005,168.62500000000006,16428
1266589800,169.05000000000004,169.20000000000005,167.90000000000003,168.00000000000006,11493
1266849000,168.50000000000006,169.15000000000003,168.47500000000002,168.65000000000003,9898
1266935400,168.80000000000004,169.30000000000004,167.37500000000006,167.80000000000004,13535
1267021800,168.35000000000002,169.17500000000004,167.90000000000003,168.70000000000005,15495
1267108200,168.77500000000003,170.70000000000005,168.57500000000005,170.47500000000002,20778
1267194600,170.57500000000005,171.27500000000003,170.32500000000005,171.15000000000003,14684
1267453800,171.27500000000003,171.92500000000004,171.02500000000003,171.30000000000004,15725
1267540200,171.65000000000003,171.77500000000003,170.30000000000004,170.80000000000004,13981
1267626600,170.85000000000002,172.10000000000002,170.35000000000002,171.75000000000006,18698
1267713000,171.95000000000005,172.50000000000006,171.55000000000004,171.92500000000004,16242
1267799400,171.92500000000004,172.47500000000002,171.35000000000002,171.45000000000005,15965
1268058600,171.47500000000002,171.77500000000003,171.10000000000002,171.15000000000003,15111
1268145000,171.15000000000003,171.65000000000003,170.60000000000002,170.75000000000006,16413
1268231400,170.80000000000004,171.32500000000005,170.60000000000002,170.90000000000003,18761
1268317800,170.97500000000002,171.10000000000002,169.87500000000006,170.22500000000002,23870
1268404200,170.35000000000002,171.72500000000002,170.32500000000005,171.00000000000006,13042
1268659800,171.10000000000002,171.10000000000002,169.90000000000003,170.15000000000003,10555
1268746200,170.32500000000005,170.52500000000003,169.40000000000003,170.10000000000002,11728
1268832600,170.20000000000005,170.65000000000003,169.85000000000002,169.95000000000005,9038
1268919000,170.45000000000005,171.65000000000003,170.25000000000006,171.22500000000002,11192
1269005400,170.85000000000002,171.52500000000003,170.35000000000002,170.87500000000006,7598
1269264600,170.87500000000006,171.80000000000004,170.75000000000006,171.15000000000003,7363
1269351000,171.22500000000002,171.55000000000004,170.07500000000005,170.35000000000002,7194
1269437400,170.30000000000004,170.35000000000002,168.92500000000004,169.02500000000003,10341
1269523800,169.27500000000003,169.70000000000005,167.77500000000003,167.92500000000004,9304
1269610200,167.77500000000003,168.07500000000005,166.32500000000005,166.32500000000005,16427
1269869400,169.32500000000005,169.32500000000005,169.20000000000005,169.32500000000005,7715
1269955800,170.82500000000005,171.67500000000004,169.90000000000003,171.35000000000002,12551
1270042200,171.47500000000002,172.52500000000003,171.02500000000003,171.20000000000005,17633
1270128600,171.32500000000005,172.25000000000006,171.20000000000005,171.67500000000004,7
1270474200,172.17500000000004,173.95000000000005,172.17500000000004,173.35000000000002,12675
1270560600,173.40000000000003,174.12500000000006,172.42500000000004,172.60000000000002,17386
1270647000,173.30000000000004,174.20000000000005,172.57500000000005,172.90000000000003,13250
1270733400,173.10000000000002,173.70000000000005,172.20000000000005,173.02500000000003,16462
1270819800,173.17500000000004,173.80000000000004,172.47500000000002,172.67500000000004,11917
1271079000,172.77500000000003,172.80000000000004,172.05000000000004,172.27500000000003,9284
1271165400,172.22500000000002,174.20000000000005,172.00000000000006,173.77500000000003,15749
1271251800,174.17500000000004,174.35000000000002,173.07500000000005,173.25000000000006,11898
1271338200,173.62500000000006,175.10000000000002,173.35000000000002,174.37500000000006,18002
1271424600,175.12500000000006,175.15000000000003,174.20000000000005,174.45000000000005,12080
1271683800,174.55000000000004,174.87500000000006,173.70000000000005,174.65000000000003,9550
1271770200,174.65000000000003,174.95000000000005,173.72500000000002,173.80000000000004,10686
1271856600,173.87500000000006,175.60000000000002,173.85000000000002,175.37500000000006,13700
1271943000,175.40000000000003,176.10000000000002,174.55000000000004,175.25000000000006,13109
1272029400,176.02500000000003,176.10000000000002,172.30000000000004,173.47500000000002,15885
1272288600,173.60000000000002,173.87500000000006,172.45000000000005,172.57500000000005,11809
1272375000,172.92500000000004,174.55000000000004,172.62500000000006,173.25000000000006,17748
1272461400,173.30000000000004,173.80000000000004,172.20000000000005,172.90000000000003,13418
1272547800,172.82500000000005,173.25000000000006,171.95000000000005,172.12500000000006,12222
1272634200,172.80000000000004,175.02500000000003,172.57500000000005,174.62500000000006,16520
1272893400,175.22500000000002,175.50000000000006,174.07500000000005,175.22500000000002,16180
1272979800,175.40000000000003,175.40000000000003,174.25000000000006,175.05000000000004,13960
1273066200,174.97500000000002,175.22500000000002,172.52500000000003,172.77500000000003,23060
1273152600,172.80000000000004,174.37500000000006,171.60000000000002,172.40000000000003,24633
1273239000,172.05000000000004,174.12500000000006,171.75000000000006,173.82500000000005,19930
1273498200,173.90000000000003,174.30000000000004,173.00000000000006,174.15000000000003,19696
1273584600,174.00000000000006,174.10000000000002,172.70000000000005,173.62500000000006,21777
1273671000,173.62500000000006,174.30000000000004,173.20000000000005,173.95000000000005,20120
1273757400,174.10000000000002,174.22500000000002,172.82500000000005,172.90000000000003,22643
1273843800,173.05000000000004,173.10000000000002,171.57500000000005,171.85000000000002,14749
1274103000,171.65000000000003,171.80000000000004,169.80000000000004,169.80000000000004,23479
1274189400,169.87500000000006,170.70000000000005,169.50000000000006,170.07500000000005,9979
1274275800,169.87500000000006,171.65000000000003,169.35000000000005,171.17500000000004,17048
1274362200,170.95000000000005,171.20000000000005,169.62500000000006,170.07500000000005,11324
1274448600,170.22500000000005,171.17500000000004,168.77500000000003,170.47500000000005,9840
1274707800,170.47500000000005,170.92500000000004,170.05000000000004,170.57500000000005,6344
1274794200,170.45000000000005,170.60000000000005,169.42500000000004,170.20000000000005,7847
1274880600,169.95000000000005,171.05000000000004,169.92500000000004,170.80000000000004,6317
1274967000,170.65000000000003,171.42500000000004,170.57500000000005,170.90000000000003,8527
1275053400,170.97500000000005,171.90000000000003,170.57500000000005,170.80000000000004,11523
1275399000,170.42500000000004,171.45000000000005,169.77500000000003,170.95000000000005,11136
1275485400,170.57500000000005,171.20000000000005,170.20000000000005,170.37500000000006,17103
1275571800,170.37500000000006,171.02500000000003,169.70000000000005,169.82500000000005,12974
1275658200,170.00000000000006,170.00000000000006,167.87500000000006,167.92500000000004,18880
1275917400,167.92500000000004,167.92500000000004,165.75000000000006,166.22500000000005,26318
1276003800,165.72500000000005,166.72500000000005,165.72500000000005,166.40000000000003,18239
1276090200,166.45000000000005,167.60000000000005,166.30000000000004,166.67500000000004,21016
1276176600,166.32500000000005,166.90000000000003,165.62500000000006,165.90000000000003,22864
1276263000,166.12500000000006,167.20000000000005,165.75000000000006,166.75000000000006,17279
1276522200,167.15000000000003,168.90000000000003,167.10000000000005,168.25000000000006,15563
1276608600,167.75000000000006,168.52500000000003,167.20000000000005,168.32500000000005,12098
1276695000,168.22500000000005,169.25000000000006,168.15000000000003,169.10000000000005,10727
1276781400,168.92500000000004,169.20000000000005,168.30000000000004,168.55000000000004,8848
1276867800,168.75000000000003,169.37500000000003,168.55000000000004,169.05000000000004,8227
1277127000,169.50000000000003,171.05000000000004,169.50000000000003,170.75000000000003,12183
1277213400,170.75000000000003,171.50000000000003,170.35000000000002,170.90000000000003,10858
1277299800,170.90000000000003,171.30000000000004,170.12500000000003,170.62500000000003,8662
1277386200,170.42500000000004,171.05000000000004,169.65000000000003,169.65000000000003,12601
1277472600,169.85000000000002,170.72500000000002,169.67500000000004,170.32500000000005,14422
1277731800,170.57500000000005,170.62500000000003,168.30000000000004,168.57500000000005,19010
1277818200,168.57500000000005,168.62500000000003,167.07500000000005,167.35000000000002,16159
1277904600,167.45000000000005,169.62500000000003,167.12500000000003,168.05000000000004,18996
1277991000,168.05000000000004,169.00000000000003,167.10000000000002,168.25000000000003,15340
1278077400,168.35000000000002,168.45000000000005,166.40000000000003,166.45000000000005,12997
1278423000,166.50000000000003,167.35000000000002,166.50000000000003,166.67500000000004,13398
1278509400,166.75000000000003,167.70000000000005,166.45000000000005,167.22500000000002,15163
1278595800,167.22500000000002,167.80000000000004,166.90000000000003,167.30000000000004,17527
1278682200,167.80000000000004,167.90000000000003,166.27500000000003,166.42500000000004,21426
1278941400,166.40000000000003,166.60000000000002,165.70000000000005,165.85000000000002,20507
1279027800,165.92500000000004,166.35000000000002,165.50000000000003,165.75000000000003,18319
1279114200,165.55000000000004,168.05000000000004,165.42500000000004,167.82500000000005,28696
1279200600,167.15000000000003,167.85000000000002,166.75000000000003,167.22500000000002,14553
1279287000,167.45000000000005,168.57500000000005,167.22500000000002,168.10000000000002,12372
1279546200,168.40000000000003,169.35000000000002,167.82500000000005,168.17500000000004,9884
1279632600,168.25000000000003,168.52500000000003,166.82500000000005,166.90000000000003,15252
1279719000,167.22500000000002,168.30000000000004,166.62500000000003,168.02500000000003,9794
1279805400,168.15000000000003,169.30000000000004,168.10000000000002,168.80000000000004,12672
1279891800,168.92500000000004,169.50000000000003,168.82500000000005,169.42500000000004,9202
1280151000,169.42500000000004,169.62500000000003,167.75000000000003,167.87500000000003,12007
1280237400,168.40000000000003,168.90000000000003,168.12500000000003,168.62500000000003,11277
1280323800,168.40000000000003,169.87500000000003,168.27500000000003,169.35000000000002,10811
1280410200,169.67500000000004,170.80000000000004,169.47500000000002,170.47500000000002,16674
1280496600,170.05000000000004,171.42500000000004,169.95000000000005,171.42500000000004,15060
1280755800,171.50000000000003,172.47500000000002,171.17500000000004,172.00000000000003,18296
1280842200,172.20000000000005,172.35000000000002,171.17500000000004,171.32500000000005,13498
1280928600,171.72500000000002,171.90000000000003,170.92500000000004,171.35000000000002,15739
1281015000,171.22500000000002,171.22500000000002,168.35000000000002,168.42500000000004,21954
1281101400,167.87500000000003,168.20000000000005,166.47500000000002,166.47500000000002,17788
1281360600,166.22500000000002,166.87500000000003,165.65000000000003,165.70000000000005,17191
1281447000,166.20000000000005,166.72500000000002,166.05000000000004,166.47500000000002,11927
1281533400,166.47500000000002,166.72500000000002,165.65000000000003,166.05000000000004,13468
1281619800,166.67500000000004,167.55000000000004,166.10000000000002,167.02500000000003,11976
1281706200,167.37500000000003,168.02500000000003,166.52500000000003,167.05000000000004,13778
1281965400,167.35000000000002,167.87500000000003,166.72500000000002,167.25000000000003,11538
1282051800,167.10000000000002,168.47500000000002,166.90000000000003,167.92500000000004,13507
1282138200,168.37500000000003,170.92500000000004,168.12500000000003,170.47500000000002,27970
1282224600,171.15000000000003,171.75000000000003,169.90000000000003,170.25000000000003,18940
1282311000,170.25000000000003,170.30000000000004,169.20000000000005,169.60000000000002,11465
1282570200,170.20000000000005,171.10000000000002,169.90000000000003,170.62500000000003,11729
1282656600,170.90000000000003,170.92500000000004,168.97500000000002,169.67500000000004,14099
1282743000,169.90000000000003,170.85000000000002,169.05000000000004,169.50000000000003,15010
1282829400,169.20000000000005,169.87500000000003,167.65000000000003,168.20000000000005,14805
1282915800,167.95000000000005,168.00000000000003,167.12500000000003,167.22500000000002,14412
1283175000,167.40000000000003,168.07500000000005,167.20000000000005,167.27500000000003,9289
1283261400,167.60000000000002,168.77500000000003,167.00000000000003,167.55000000000004,24139
1283347800,167.35000000000002,167.62500000000003,166.50000000000003,167.35000000000002,15086
1283434200,167.50000000000003,169.42500000000004,167.35000000000002,168.82500000000005,19736
1283520600,169.30000000000004,170.05000000000004,169.15000000000003,169.60000000000002,14718
1283866200,169.60000000000002,169.80000000000004,167.77500000000003,168.00000000000003,20657
1283952600,168.15000000000003,169.07500000000005,167.92500000000004,168.70000000000005,20675
1284039000,168.80000000000004,170.15000000000003,168.57500000000005,169.77500000000003,24152
1284125400,169.52500000000003,170.45000000000005,169.30000000000004,169.65000000000003,21014
1284384600,169.45000000000005,169.75000000000003,168.67500000000004,168.70000000000005,21088
1284471000,169.05000000000004,171.40000000000003,168.85000000000002,171.10000000000002,27872
1284557400,170.95000000000005,172.05000000000004,170.70000000000005,171.65000000000003,18565
1284643800,171.50000000000003,172.05000000000004,169.87500000000003,170.60000000000002,14438
1284730200,170.90000000000003,171.55000000000004,170.60000000000002,170.72500000000002,12985
1284989400,170.72500000000002,171.72500000000002,170.50000000000003,171.55000000000004,10778
1285075800,171.67500000000004,172.77500000000003,171.45000000000005,171.85000000000002,20321
1285162200,171.55000000000004,172.12500000000003,170.85000000000002,171.10000000000002,14214
1285248600,171.17500000000004,171.97500000000002,170.60000000000002,170.80000000000004,13536
1285335000,170.62500000000003,172.22500000000002,170.62500000000003,171.22500000000002,15715
1285594200,170.97500000000002,171.62500000000003,170.92500000000004,171.55000000000004,10083
1285680600,171.40000000000003,172.17500000000004,170.32500000000005,170.67500000000004,15481
1285767000,170.52500000000003,170.52500000000003,168.32500000000005,168.62500000000003,30379
1285853400,168.77500000000003,169.82500000000005,168.20000000000005,169.65000000000003,26108
1285939800,169.65000000000003,169.77500000000003,167.42500000000004,167.65000000000003,23835
1286199000,167.47500000000002,167.50000000000003,166.52500000000003,166.67500000000004,20116
1286285400,167.02500000000003,167.50000000000003,166.60000000000002,167.02500000000003,14690
1286371800,166.85000000000002,167.30000000000004,166.55000000000004,166.97500000000002,15442
1286458200,166.57500000000005,167.15000000000003,165.32500000000005,166.07500000000005,25643
1286544600,166.00000000000003,168.92500000000004,165.95000000000005,168.62500000000003,24729
1286803800,168.90000000000003,168.90000000000003,167.22500000000002,167.40000000000003,17171
1286890200,167.45000000000005,167.97500000000002,166.90000000000003,167.55000000000004,16163
1286976600,167.40000000000003,167.55000000000004,166.02500000000003,166.47500000000002,18513
1287063000,166.10000000000002,166.12500000000003,163.52500000000003,163.62500000000003,26087
1287149400,163.85000000000002,164.20000000000005,163.35000000000002,163.67500000000004,14101
1287408600,163.72500000000002,163.75000000000003,162.37500000000003,162.80000000000004,12592
1287495000,162.85000000000002,163.77500000000003,162.27500000000003,162.97500000000002,15063
1287581400,162.67500000000004,164.22500000000002,162.55000000000004,163.50000000000003,15951
1287667800,163.10000000000002,164.72500000000002,162.82500000000005,164.10000000000002,14248
1287754200,164.37500000000003,165.70000000000005,163.87500000000003,165.42500000000004,18027
1288013400,165.15000000000003,165.17500000000004,163.12500000000003,163.22500000000002,16820
1288099800,163.40000000000003,164.37500000000003,163.25000000000003,163.45000000000005,13374
1288186200,163.42500000000004,163.45000000000005,162.15000000000003,162.62500000000003,19254
1288272600,162.25000000000003,162.57500000000005,161.37500000000003,161.82500000000005,16605
1288359000,162.17500000000004,162.22500000000002,160.90000000000003,160.97500000000002,16934
1288618200,161.22500000000002,161.30000000000004,159.92500000000004,159.97500000000002,16505
1288704600,161.05000000000004,161.32500000000005,160.05000000000004,160.97500000000002,18773
1288791000,160.95000000000005,162.35000000000002,160.70000000000005,161.55000000000004,20893
1288877400,161.57500000000005,163.10000000000002,161.30000000000004,162.40000000000003,18842
1288963800,162.65000000000003,162.95000000000005,161.57500000000005,161.72500000000002,18842
1289226600,161.67500000000004,162.60000000000002,161.45000000000005,161.92500000000004,19600
1289313000,161.95000000000005,162.72500000000002,161.27500000000003,161.32500000000005,20880
1289399400,161.42500000000004,163.37500000000003,161.42500000000004,163.02500000000003,25179
1289485800,162.87500000000003,164.45000000000005,162.85000000000002,163.90000000000003,26766
1289572200,163.75000000000003,164.42500000000004,163.07500000000005,163.75000000000003,22028
1289831400,163.55000000000004,164.62500000000003,163.35000000000002,164.40000000000003,13721
1289917800,164.27500000000003,164.60000000000002,162.22500000000002,163.10000000000002,16865
1290004200,163.20000000000005,163.97500000000002,162.75000000000006,163.62500000000006,8672
1290090600,163.75000000000006,165.47500000000002,163.60000000000002,165.27500000000003,11030
1290177000,165.97500000000002,166.52500000000003,164.90000000000003,166.32500000000005,12425
1290436200,166.32500000000005,167.15000000000003,166.10000000000002,166.40000000000003,9710
1290522600,166.37500000000006,166.65000000000003,165.30000000000004,166.37500000000006,11096
1290609000,166.47500000000002,167.32500000000005,166.42500000000004,167.07500000000005,7553
1290781800,167.07500000000005,167.50000000000006,166.10000000000002,166.62500000000006,6291
1291041000,166.57500000000005,166.57500000000005,165.35000000000002,165.70000000000005,14384
1291127400,165.70000000000005,166.00000000000006,164.75000000000006,165.25000000000006,17290
1291213800,165.00000000000006,166.22500000000002,164.55000000000004,164.72500000000002,12383
1291300200,164.55000000000004,165.97500000000002,164.45000000000005,165.47500000000002,13218
1291386600,165.87500000000006,166.10000000000002,165.10000000000002,166.05000000000004,11850
1291645800,165.77500000000003,165.82500000000005,164.65000000000003,164.72500000000002,11999
1291732200,164.52500000000003,165.35000000000002,164.22500000000002,164.80000000000004,12277
1291818600,164.85000000000002,165.70000000000005,164.27500000000003,165.15000000000003,13564
1291905000,165.65000000000003,165.95000000000005,164.97500000000002,165.37500000000006,11006
1291991400,165.60000000000002,165.60000000000002,164.55000000000004,164.62500000000006,10190
1292250600,164.67500000000004,166.75000000000006,164.67500000000004,165.80000000000004,16168
1292337000,165.75000000000006,165.87500000000006,164.85000000000002,165.60000000000002,12538
1292423400,165.62500000000006,166.00000000000006,164.55000000000004,164.67500000000004,13170
1292509800,164.62500000000006,164.62500000000006,163.70000000000005,164.05000000000004,13570
1292596200,164.30000000000004,165.87500000000006,164.07500000000005,165.42500000000004,13407
1292855400,165.42500000000004,165.77500000000003,164.82500000000005,165.55000000000004,9597
1292941800,165.25000000000006,165.82500000000005,164.85000000000002,165.45000000000005,8665
1293028200,165.47500000000002,168.42500000000004,165.37500000000006,168.35000000000002,28832
1293114600,168.25000000000006,168.57500000000005,167.70000000000005,168.20000000000005,10589
1293460200,168.25000000000006,168.67500000000004,167.85000000000002,168.32500000000005,7538
1293546600,167.95000000000005,168.47500000000002,167.45000000000005,168.10000000000002,8769
1293633000,168.12500000000006,169.37500000000006,167.97500000000002,169.07500000000005,13861
1293719400,169.27500000000003,169.37500000000006,168.25000000000006,168.32500000000005,9976
1293805800,168.57500000000005,169.47500000000002,168.30000000000004,169.22500000000002,8893
1294065000,169.07500000000005,169.20000000000005,167.35000000000002,167.45000000000005,15626
1294151400,167.47500000000002,167.85000000000002,166.75000000000006,166.77500000000003,17147
1294237800,166.82500000000005,168.15000000000003,166.57500000000005,167.50000000000006,13893
1294324200,167.97500000000002,169.57500000000005,167.80000000000004,169.25000000000006,21290
1294410600,168.95000000000005,169.17500000000004,168.12500000000006,168.90000000000003,20663
1294669800,169.05000000000004,169.97500000000002,168.97500000000002,169.17500000000004,23402
1294756200,169.37500000000006,169.92500000000004,169.17500000000004,169.45000000000005,21556
1294842600,169.60000000000002,170.77500000000003,169.60000000000002,170.60000000000002,24887
1294929000,170.72500000000002,170.77500000000003,169.10000000000002,169.77500000000003,27124
1295015400,169.87500000000006,170.07500000000005,168.52500000000003,169.00000000000006,13622
1295361000,169.20000000000005,171.15000000000003,169.10000000000002,170.45000000000005,14517
1295447400,170.57500000000005,171.22500000000002,169.90000000000003,170.12500000000006,14645
1295533800,170.32500000000005,170.75000000000006,169.35000000000002,170.47500000000002,11809
1295620200,170.50000000000006,171.62500000000006,170.30000000000004,170.30000000000004,13722
1295879400,170.32500000000005,170.45000000000005,169.60000000000002,169.97500000000002,10009
1295965800,170.02500000000003,171.37500000000006,169.90000000000003,170.85000000000002,21184
1296052200,170.87500000000006,173.85000000000002,170.72500000000002,173.85000000000002,30373
1296138600,174.22500000000002,175.82500000000005,173.57500000000005,173.75000000000006,32127
1296225000,174.00000000000006,176.02500000000003,173.85000000000002,175.35000000000002,18904
1296484200,175.82500000000005,178.27500000000003,175.75000000000006,177.72500000000002,30251
1296570600,177.32500000000005,177.42500000000004,175.42500000000004,176.87500000000006,20990
1296657000,176.65000000000003,177.70000000000005,175.10000000000002,175.12500000000006,15784
1296743400,175.32500000000005,175.92500000000004,174.22500000000002,175.27500000000003,22799
1296829800,175.35000000000002,175.75000000000006,174.45000000000005,175.37500000000006,12934
1297089000,175.50000000000006,176.07500000000005,174.95000000000005,175.55000000000004,12707
1297175400,175.67500000000004,175.67500000000004,174.50000000000006,174.97500000000002,13419
1297261800,174.97500000000002,175.87500000000006,174.52500000000003,174.97500000000002,15724
1297348200,175.20000000000005,177.80000000000004,174.65000000000003,177.42500000000004,24783
1297434600,177.05000000000004,177.30000000000004,176.10000000000002,176.10000000000002,17982
1297693800,176.02500000000003,176.37500000000006,175.17500000000004,176.17500000000004,15874
1297780200,176.22500000000002,177.07500000000005,175.80000000000004,176.27500000000003,11300
1297866600,176.27500000000003,178.72500000000002,175.27500000000003,175.62500000000006,22297
1297953000,175.50000000000006,176.57500000000005,174.75000000000006,175.90000000000003,18000
1298039400,175.92500000000004,177.37500000000006,175.80000000000004,176.00000000000006,15431
1298385000,176.45000000000005,177.67500000000004,175.65000000000003,176.00000000000006,19808
1298471400,176.02500000000003,176.37500000000006,173.80000000000004,174.70000000000005,19603
1298557800,174.87500000000006,175.60000000000002,173.05000000000004,173.22500000000002,24089
1298644200,173.05000000000004,174.37500000000006,173.02500000000003,173.92500000000004,15915
1298903400,173.82500000000005,173.92500000000004,172.32500000000005,172.52500000000003,18126
1298989800,172.57500000000005,173.27500000000003,171.47500000000002,171.82500000000005,19285
1299076200,171.67500000000004,172.30000000000004,171.05000000000004,171.97500000000002,18533
1299162600,172.15000000000003,172.87500000000006,171.75000000000006,172.52500000000003,18590
1299249000,172.22500000000002,172.77500000000003,171.47500000000002,172.20000000000005,21959
1299508200,172.20000000000005,172.20000000000005,170.00000000000006,170.12500000000006,29592
1299594600,170.42500000000004,173.12500000000006,169.92500000000004,172.85000000000002,32983
1299681000,173.12500000000006,173.72500000000002,172.35000000000002,173.47500000000002,30309
1299767400,173.42500000000004,174.35000000000002,172.47500000000002,173.57500000000005,26613
1299853800,173.25000000000006,173.47500000000002,171.32500000000005,171.87500000000006,22514
1300109400,171.57500000000005,171.62500000000006,168.92500000000004,169.67500000000004,21122
1300195800,170.02500000000003,170.10000000000002,167.80000000000004,168.60000000000002,20689
1300282200,168.55000000000004,170.10000000000002,168.42500000000004,169.02500000000003,13914
1300368600,169.70000000000005,172.02500000000003,169.15000000000003,171.87500000000006,12820
1300455000,172.30000000000004,174.20000000000005,171.87500000000006,174.02500000000003,12200
1300714200,174.17500000000004,175.50000000000006,174.17500000000004,175.17500000000004,10604
1300800600,175.50000000000006,175.80000000000004,174.75000000000006,175.65000000000003,11127
1300887000,175.70000000000005,176.02500000000003,174.35000000000005,174.72500000000005,13299
1300973400,174.60000000000005,175.62500000000006,174.20000000000005,175.37500000000006,7428
1301059800,175.45000000000005,177.92500000000004,175.45000000000005,177.90000000000003,16868
1301319000,177.42500000000004,177.72500000000005,177.10000000000005,177.45000000000005,10691
1301405400,177.47500000000005,178.32500000000005,177.40000000000003,177.67500000000004,10376
1301491800,177.85000000000005,178.12500000000006,174.67500000000004,177.35000000000005,18901
1301578200,176.97500000000005,178.27500000000003,176.30000000000004,178.07500000000005,13946
1301664600,178.37500000000006,178.55000000000004,176.80000000000004,177.77500000000003,10781
1301923800,177.77500000000003,178.50000000000006,177.15000000000003,178.05000000000004,13465
1302010200,178.37500000000006,178.50000000000006,176.52500000000003,177.45000000000005,15956
1302096600,177.82500000000005,177.97500000000005,175.22500000000005,175.70000000000005,16045
1302183000,175.20000000000005,176.02500000000003,173.72500000000005,174.30000000000004,20598
1302269400,174.55000000000004,175.30000000000004,174.45000000000005,174.85000000000005,12859
1302528600,174.82500000000005,176.15000000000003,174.82500000000005,175.25000000000006,16053
1302615000,175.47500000000005,175.47500000000005,173.10000000000005,173.55000000000004,15493
1302701400,173.90000000000003,176.27500000000003,173.90000000000003,175.65000000000003,17564
1302787800,175.80000000000004,177.20000000000005,174.92500000000004,176.82500000000005,14857
1302874200,176.65000000000003,176.65000000000003,174.67500000000004,175.27500000000003,15447
1303133400,174.85000000000005,175.87500000000006,174.52500000000003,175.47500000000005,10289
1303219800,175.30000000000004,176.60000000000005,175.25000000000006,176.22500000000005,10120
1303306200,176.20000000000005,177.10000000000005,174.97500000000005,175.60000000000005,17589
1303392600,175.87500000000006,176.42500000000004,174.17500000000004,174.25000000000006,13804
1303738200,174.60000000000005,174.62500000000006,172.37500000000006,172.72500000000005,21718
1303824600,172.62500000000006,173.12500000000006,170.62500000000006,171.30000000000004,24301
1303911000,171.50000000000006,172.05000000000004,170.47500000000005,170.90000000000003,19045
1303997400,170.47500000000005,170.85000000000005,169.65000000000003,170.70000000000005,20066
1304083800,170.27500000000003,170.67500000000004,168.87500000000006,169.42500000000004,23630
1304343000,169.80000000000004,170.52500000000003,169.02500000000003,169.67500000000004,17292
1304429400,169.27500000000003,169.55000000000004,166.67500000000004,166.67500000000004,24527
1304515800,166.65000000000003,167.32500000000005,166.05000000000004,166.35000000000005,21791
1304602200,166.77500000000003,167.47500000000005,165.55000000000004,166.62500000000006,25596
1304688600,166.92500000000004,167.10000000000005,166.10000000000005,166.57500000000005,25032
1304947800,166.95000000000005,167.42500000000004,166.10000000000005,166.85000000000005,23229
1305034200,166.92500000000004,168.10000000000005,166.75000000000006,167.67500000000004,25509
1305120600,168.07500000000005,168.42500000000004,167.15000000000003,167.42500000000004,24620
1305207000,167.82500000000005,168.75000000000006,167.50000000000006,168.40000000000003,24508
1305293400,168.77500000000003,169.02500000000003,168.00000000000006,168.75000000000006,20510
1305552600,168.82500000000005,169.25000000000006,167.60000000000005,167.80000000000004,16670
1305639000,168.17500000000004,168.42500000000004,167.07500000000005,168.07500000000005,14739
1305725400,167.35000000000002,167.55000000000004,165.75000000000006,166.60000000000002,11808
1305811800,166.32500000000005,167.07500000000005,165.77500000000003,166.67500000000004,11094
1305898200,166.60000000000002,167.40000000000003,166.47500000000002,167.37500000000006,7751
1306157400,165.92500000000004,166.22500000000002,164.37500000000006,164.37500000000006,6392
1306243800,163.67500000000004,163.90000000000003,161.65000000000003,161.97500000000002,14423
1306330200,161.80000000000004,163.22500000000002,161.80000000000004,162.45000000000005,10091
1306416600,162.72500000000002,163.10000000000002,162.25000000000006,162.32500000000005,8490
1306503000,162.20000000000005,164.15000000000003,162.17500000000004,163.65000000000003,10273
1306848600,164.05000000000004,165.70000000000005,163.90000000000003,164.97500000000002,12056
1306935000,164.55000000000004,165.10000000000002,163.15000000000003,164.20000000000005,15123
1307021400,164.20000000000005,164.95000000000005,162.50000000000006,163.02500000000003,13751
1307107800,163.32500000000005,163.60000000000002,162.40000000000003,162.90000000000003,11582
1307367000,163.22500000000002,163.22500000000002,161.92500000000004,162.80000000000004,13545
1307453400,161.80000000000004,164.90000000000003,161.70000000000005,164.55000000000004,23658
1307539800,164.50000000000006,167.17500000000004,164.12500000000006,166.40000000000003,29771
1307626200,166.90000000000003,168.82500000000005,166.57500000000005,168.02500000000003,26618
1307712600,168.00000000000006,169.00000000000006,167.92500000000004,168.27500000000003,17434
1307971800,168.57500000000005,169.02500000000003,167.60000000000002,168.57500000000005,19278
1308058200,168.40000000000003,170.00000000000006,167.90000000000003,169.50000000000006,14699
1308144600,169.52500000000003,170.80000000000004,169.40000000000003,170.30000000000004,12996
1308231000,170.72500000000002,170.85000000000002,169.82500000000005,170.55000000000004,8139
1308317400,169.95000000000005,171.22500000000002,169.57500000000005,170.70000000000005,9999
1308576600,171.05000000000007,172.95000000000005,170.97500000000005,172.52500000000003,13528
1308663000,172.62500000000006,174.20000000000005,172.47500000000005,173.82500000000005,16187
1308749400,173.60000000000005,173.90000000000003,172.22500000000005,173.17500000000007,13759
1308835800,172.22500000000005,172.90000000000003,170.77500000000003,171.75000000000006,16256
1308922200,172.32500000000005,173.10000000000005,170.30000000000007,171.05000000000007,19457
1309181400,170.05000000000007,170.10000000000005,168.05000000000007,168.20000000000005,17133
1309267800,168.45000000000005,169.35000000000005,167.85000000000005,168.20000000000005,16174
1309354200,167.85000000000005,169.85000000000005,167.85000000000005,169.02500000000003,16422
1309440600,169.10000000000005,169.72500000000005,167.10000000000005,167.52500000000003,24334
1309527000,167.27500000000003,169.27500000000003,166.97500000000005,169.00000000000006,14145
1309872600,169.35000000000005,169.77500000000003,168.65000000000003,169.20000000000005,13716
1309959000,169.32500000000005,170.15000000000003,169.27500000000003,169.45000000000005,17100
1310045400,170.00000000000006,172.45000000000005,169.85000000000005,172.12500000000006,26338
1310131800,171.37500000000006,172.45000000000005,171.12500000000006,172.02500000000003,25042
1310391000,171.72500000000005,175.02500000000003,171.45000000000005,175.02500000000003,23445
1310477400,174.80000000000007,175.30000000000007,173.45000000000005,173.77500000000003,26016
1310563800,174.20000000000005,175.80000000000007,173.67500000000007,175.12500000000006,26526
1310650200,174.67500000000007,175.52500000000003,173.25000000000006,174.02500000000003,18397
1310736600,174.20000000000005,175.75000000000006,173.75000000000006,174.80000000000007,15066
1310995800,175.35000000000005,175.57500000000005,171.80000000000007,173.45000000000005,13180
1311082200,173.67500000000007,175.45000000000005,173.67500000000007,174.82500000000005,11277
1311168600,174.32500000000005,174.95000000000005,173.40000000000003,173.55000000000007,9701
1311255000,173.72500000000005,174.35000000000005,173.20000000000005,173.80000000000007,6919
1311341400,174.02500000000003,176.32500000000005,173.97500000000005,175.72500000000005,15845
1311600600,175.95000000000005,176.52500000000003,174.95000000000005,175.62500000000006,10939
1311687000,175.87500000000006,176.12500000000006,173.50000000000006,174.85000000000005,13658
1311773400,174.85000000000005,175.50000000000006,173.97500000000005,174.57500000000005,10828
1311859800,174.05000000000007,175.82500000000005,174.05000000000007,175.60000000000005,9222
1311946200,175.55000000000007,175.85000000000005,174.65000000000003,175.55000000000007,13117
1312205400,175.85000000000005,176.67500000000007,175.00000000000006,176.15000000000003,10184
1312291800,176.52500000000003,177.15000000000003,175.57500000000005,175.82500000000005,15232
1312378200,175.97500000000005,176.25000000000006,173.20000000000005,175.40000000000003,20064
1312464600,176.10000000000005,176.40000000000003,174.62500000000006,175.90000000000003,15077
1312551000,175.12500000000006,175.80000000000007,174.50000000000006,175.00000000000006,12743
1312810200,174.65000000000003,174.90000000000003,173.25000000000006,173.47500000000005,14532
1312896600,173.65000000000003,174.07500000000005,171.70000000000005,172.27500000000003,20374
1312983000,172.65000000000003,172.92500000000007,169.97500000000005,170.00000000000006,26362
1313069400,170.25000000000006,172.00000000000006,169.70000000000005,171.25000000000006,20432
1313155800,171.37500000000006,172.75000000000006,170.90000000000003,172.62500000000006,12717
1313415000,172.80000000000007,173.45000000000005,172.60000000000005,173.12500000000006,19499
1313501400,173.37500000000006,173.85000000000005,171.95000000000005,172.55000000000007,14276
1313587800,172.32500000000005,172.35000000000005,170.45000000000005,170.55000000000007,17662
1313674200,170.97500000000005,170.97500000000005,169.55000000000007,169.97500000000005,16017
1313760600,169.90000000000003,171.85000000000005,169.30000000000007,171.52500000000003,13475
1314019800,171.70000000000005,172.50000000000006,171.50000000000006,172.15000000000003,10422
1314106200,171.65000000000003,171.90000000000003,170.80000000000007,171.37500000000006,12359
1314192600,171.40000000000003,171.70000000000005,170.20000000000005,170.20000000000005,15322
1314279000,170.32500000000005,171.05000000000007,170.00000000000006,170.37500000000006,19748
1314365400,170.35000000000005,170.87500000000006,169.87500000000006,170.25000000000006,15328
1314624600,170.57500000000005,170.57500000000005,169.32500000000005,169.55000000000007,12968
1314711000,169.35000000000005,169.62500000000006,168.55000000000007,168.85000000000005,16727
1314797400,168.62500000000006,169.07500000000005,168.17500000000007,168.65000000000003,19057
1314883800,168.40000000000003,168.82500000000005,167.60000000000005,168.32500000000005,22289
1314970200,168.10000000000005,169.37500000000006,167.70000000000005,168.95000000000005,14355
1315315800,168.55000000000007,168.65000000000003,166.22500000000005,166.50000000000006,21430
1315402200,166.75000000000006,168.47500000000005,166.50000000000006,168.00000000000006,21355
1315488600,168.27500000000003,169.95000000000005,168.27500000000003,169.95000000000005,24969
1315575000,169.75000000000006,170.80000000000007,169.12500000000006,170.40000000000003,24306
1315834200,170.05000000000007,170.55000000000007,169.45000000000005,169.82500000000005,17555
1315920600,169.97500000000005,171.00000000000006,169.90000000000003,170.30000000000007,23000
1316007000,170.52500000000003,172.10000000000005,170.22500000000005,171.60000000000005,22686
1316093400,171.95000000000005,172.65000000000003,171.77500000000003,172.15000000000003,20170
1316179800,172.35000000000005,172.75000000000006,170.50000000000006,170.50000000000006,14924
1316439000,170.77500000000003,170.77500000000003,168.92500000000007,169.60000000000005,20815
1316525400,169.72500000000005,170.85000000000005,169.65000000000003,170.75000000000006,17542
1316611800,170.75000000000006,172.00000000000006,170.75000000000006,171.87500000000006,19456
1316698200,171.12500000000006,171.45000000000005,169.35000000000005,169.77500000000003,21748
1316784600,170.12500000000006,171.75000000000006,169.97500000000005,171.50000000000006,16616
1317043800,171.50000000000006,171.92500000000007,170.72500000000005,170.77500000000003,14684
1317130200,170.80000000000007,172.27500000000003,170.77500000000003,171.25000000000006,15289
1317216600,171.15000000000003,171.92500000000007,169.65000000000003,171.25000000000006,18085
1317303000,170.10000000000005,174.25000000000006,170.02500000000003,173.75000000000006,34050
1317389400,174.32500000000005,175.77500000000003,173.27500000000003,175.57500000000005,37901
1317648600,175.72500000000005,176.07500000000005,174.22500000000005,174.57500000000005,22219
1317735000,174.90000000000003,175.47500000000005,174.32500000000005,174.62500000000006,19178
1317821400,174.97500000000005,176.65000000000003,174.92500000000007,176.20000000000005,18576
1317907800,176.17500000000007,177.15000000000003,175.70000000000005,177.00000000000006,17559
1317994200,176.60000000000005,177.67500000000007,176.57500000000005,177.17500000000007,17252
1318253400,177.02500000000003,177.57500000000005,175.30000000000007,175.52500000000003,17946
1318339800,175.57500000000005,175.90000000000003,174.55000000000007,174.55000000000007,17522
1318426200,174.92500000000007,175.50000000000006,174.70000000000005,175.22500000000005,16207
1318512600,175.45000000000005,176.80000000000007,175.02500000000003,175.80000000000007,16908
1318599000,176.65000000000003,178.50000000000006,176.55000000000007,177.85000000000005,21649
1318858200,177.95000000000005,178.92500000000007,177.22500000000005,178.47500000000005,21581
1318944600,178.40000000000003,179.25000000000006,178.07500000000005,178.72500000000005,17296
1319031000,178.80000000000007,179.12500000000006,177.70000000000005,177.85000000000005,19102
1319117400,178.32500000000005,178.62500000000006,176.55000000000007,177.75000000000006,15487
1319203800,177.75000000000006,178.25000000000006,176.80000000000007,177.42500000000007,12979
1319463000,177.30000000000007,177.57500000000005,176.22500000000005,176.60000000000005,14316
1319549400,176.60000000000005,176.82500000000005,175.00000000000006,175.62500000000006,18341
1319635800,175.15000000000003,175.62500000000006,174.62500000000006,174.80000000000007,18957
1319722200,174.95000000000005,175.87500000000006,174.27500000000003,174.42500000000007,19553
1319808600,174.87500000000006,175.20000000000005,174.37500000000006,174.45000000000005,14658
1320067800,174.45000000000005,176.22500000000005,174.32500000000005,175.25000000000006,17106
1320154200,175.35000000000005,176.67500000000007,174.37500000000006,175.32500000000005,17032
1320240600,175.77500000000003,175.95000000000005,174.52500000000003,174.65000000000003,15343
1320327000,174.55000000000007,175.07500000000005,173.55000000000007,174.37500000000006,17150
1320413400,174.57500000000005,174.90000000000003,173.80000000000007,174.62500000000006,15789
1320676200,174.67500000000007,174.67500000000007,173.17500000000007,173.40000000000003,27886
1320762600,173.50000000000006,173.50000000000006,172.90000000000003,173.00000000000006,24263
1320849000,173.00000000000006,173.37500000000006,172.55000000000007,172.92500000000007,23068
1320935400,172.92500000000007,174.87500000000006,172.82500000000005,173.52500000000003,30693
1321021800,173.72500000000005,174.52500000000003,173.22500000000005,174.22500000000005,19671
1321281000,174.37500000000006,175.12500000000006,173.97500000000005,174.35000000000005,14859
1321367400,174.77500000000003,175.05000000000007,173.27500000000003,174.22500000000005,19733
1321453800,174.17500000000007,174.17500000000007,173.07500000000005,173.32500000000005,15283
1321540200,173.60000000000005,175.12500000000006,173.32500000000005,174.82500000000005,15339
1321626600,174.57500000000005,175.42500000000007,174.32500000000005,175.37500000000006,14123
1321885800,175.37500000000006,175.90000000000003,174.80000000000007,175.40000000000003,13038
1321972200,175.27500000000003,175.97500000000005,175.12500000000006,175.50000000000006,10148
1322058600,175.47500000000005,176.07500000000005,174.95000000000005,175.85000000000005,14593
1322231400,176.37500000000006,176.65000000000003,175.90000000000003,176.20000000000005,11638
1322490600,176.40000000000003,176.60000000000005,174.92500000000007,174.97500000000005,15688
1322577000,175.12500000000006,175.90000000000003,174.72500000000005,175.60000000000005,16013
1322663400,175.52500000000003,176.77500000000003,175.30000000000007,175.97500000000005,18563
1322749800,176.15000000000003,176.35000000000005,174.65000000000003,174.67500000000007,19457
1322836200,174.87500000000006,175.20000000000005,173.50000000000006,173.62500000000006,15095
1323095400,173.60000000000005,173.60000000000005,172.25000000000006,172.52500000000003,14116
1323181800,172.40000000000003,173.80000000000007,172.17500000000007,173.47500000000005,18302
1323268200,173.52500000000003,173.60000000000005,172.95000000000005,173.20000000000005,12114
1323354600,173.05000000000007,173.32500000000005,171.62500000000006,171.65000000000003,16864
1323441000,171.72500000000005,172.12500000000006,170.75000000000006,170.82500000000005,16395
1323700200,170.82500000000005,171.62500000000006,170.10000000000005,171.00000000000006,16598
1323786600,171.10000000000005,171.10000000000005,170.40000000000003,170.80000000000007,12305
1323873000,170.70000000000005,171.17500000000007,170.15000000000003,170.72500000000005,12013
1323959400,170.77500000000003,170.85000000000005,169.75000000000006,169.82500000000005,15133
1324045800,169.85000000000005,169.87500000000006,167.02500000000003,167.55000000000007,20506
1324305000,167.60000000000005,169.15000000000003,167.55000000000007,168.75000000000006,14852
1324391400,168.67500000000007,168.75000000000006,168.17500000000007,168.50000000000006,10514
1324477800,168.37500000000006,168.45000000000005,167.67500000000007,167.67500000000007,12170
1324564200,167.90000000000003,169.10000000000005,167.77500000000003,168.95000000000005,14068
1324650600,169.00000000000006,170.47500000000005,168.92500000000007,170.25000000000006,12963
1324996200,170.25000000000006,170.35000000000005,169.72500000000005,170.15000000000003,8062
1325082600,170.27500000000003,170.92500000000007,169.47500000000005,169.95000000000005,12003
1325169000,169.75000000000006,169.87500000000006,168.25000000000006,168.37500000000006,15279
1325255400,168.92500000000007,169.47500000000005,168.65000000000003,168.70000000000005,13109
1325601000,169.12500000000006,170.05000000000007,169.12500000000006,169.92500000000007,16788
1325687400,170.20000000000005,170.40000000000003,168.97500000000005,169.57500000000005,15580
1325773800,169.50000000000006,169.50000000000006,168.05000000000007,168.25000000000006,21296
1325860200,168.25000000000006,168.97500000000005,168.25000000000006,168.30000000000007,17094
1326119400,168.55000000000007,168.60000000000005,167.45000000000005,167.77500000000003,25490
1326205800,168.12500000000006,168.80000000000007,167.82500000000005,168.70000000000005,23543
1326292200,168.30000000000007,168.40000000000003,167.17500000000007,167.30000000000007,24482
1326378600,167.37500000000006,168.77500000000003,167.35000000000005,168.35000000000005,24560
1326465000,168.67500000000007,170.22500000000005,168.55000000000007,170.00000000000006,32035
1326810600,170.20000000000005,170.65000000000003,169.87500000000006,170.17500000000007,16855
1326897000,170.27500000000003,171.02500000000003,170.17500000000007,170.70000000000005,10752
1326983400,170.85000000000005,171.10000000000005,170.22500000000005,170.27500000000003,11487
1327069800,170.25000000000006,170.95000000000005,169.82500000000005,169.82500000000005,12880
1327329000,170.30000000000007,171.55000000000007,170.30000000000007,171.27500000000003,12117
1327415400,171.27500000000003,172.02500000000003,170.60000000000005,170.62500000000006,17657
1327501800,170.77500000000003,171.60000000000005,170.65000000000003,171.00000000000006,11683
1327588200,170.95000000000005,171.77500000000003,169.20000000000005,169.57500000000005,21070
1327674600,169.92500000000007,170.32500000000005,169.00000000000006,170.15000000000003,16115
1327933800,169.72500000000005,170.40000000000003,169.32500000000005,169.92500000000007,10245
1328020200,170.22500000000005,171.72500000000005,170.22500000000005,171.65000000000003,15985
1328106600,171.67500000000007,173.35000000000005,171.62500000000006,173.12500000000006,25727
1328193000,173.12500000000006,173.55000000000007,172.30000000000007,172.52500000000003,17835
1328279400,172.32500000000005,173.17500000000007,171.45000000000005,171.70000000000005,13993
1328538600,171.35000000000005,172.35000000000005,171.12500000000006,171.32500000000005,14884
1328625000,171.15000000000003,171.97500000000005,171.05000000000007,171.87500000000006,16971
1328711400,171.82500000000005,172.12500000000006,171.45000000000005,171.72500000000005,11368
1328797800,171.62500000000006,173.07500000000005,171.50000000000006,172.42500000000007,16297
1328884200,172.42500000000007,172.47500000000005,171.07500000000005,171.07500000000005,13951
1329143400,171.47500000000005,171.92500000000007,170.65000000000003,170.75000000000006,14673
1329229800,170.97500000000005,172.47500000000005,170.77500000000003,172.40000000000003,17382
1329316200,172.40000000000003,172.57500000000005,171.65000000000003,171.67500000000007,15282
1329402600,172.47500000000005,173.32500000000005,172.42500000000007,173.00000000000006,17742
1329489000,172.75000000000006,173.45000000000005,172.47500000000005,173.15000000000003,13187
1329834600,172.97500000000005,173.05000000000007,172.30000000000007,172.60000000000005,12378
1329921000,172.60000000000005,173.75000000000006,172.47500000000005,173.10000000000005,16655
1330007400,173.02500000000003,173.35000000000005,172.17500000000007,172.37500000000006,20340
1330093800,172.57500000000005,173.12500000000006,172.42500000000007,172.50000000000006,14908
1330353000,172.50000000000006,172.50000000000006,171.17500000000007,171.42500000000007,16578
1330439400,171.32500000000005,171.57500000000005,170.55000000000007,170.80000000000007,17498
1330525800,171.10000000000005,172.30000000000007,170.47500000000005,172.20000000000005,23985
1330612200,171.62500000000006,173.25000000000006,171.02500000000003,172.97500000000005,22724
1330698600,172.97500000000005,173.50000000000006,172.97500000000005,173.20000000000005,22573
1330957800,173.17500000000007,173.20000000000005,171.95000000000005,172.20000000000005,19576
1331044200,172.00000000000006,172.00000000000006,169.40000000000003,169.55000000000007,35307
1331130600,169.85000000000005,170.35000000000005,169.40000000000003,170.12500000000006,33090
1331217000,170.15000000000003,170.92500000000007,170.00000000000006,170.52500000000003,28488
1331303400,170.12500000000006,170.75000000000006,169.80000000000007,170.60000000000005,25059
1331559000,170.55000000000007,170.57500000000005,169.47500000000005,170.07500000000005,23392
1331645400,170.22500000000005,170.70000000000005,169.65000000000003,170.45000000000005,24640
1331731800,170.45000000000005,170.65000000000003,170.10000000000005,170.17500000000007,14844
1331818200,170.50000000000006,170.77500000000003,169.60000000000005,169.67500000000007,14017
1331904600,169.62500000000006,169.70000000000005,168.60000000000005,168.65000000000003,13244
1332163800,168.87500000000006,169.10000000000005,168.47500000000005,168.80000000000007,14210
1332250200,168.62500000000006,168.62500000000006,167.70000000000005,168.05000000000007,14761
1332336600,167.80000000000007,168.60000000000005,167.45000000000005,167.60000000000005,19855
1332423000,167.77500000000003,168.47500000000005,167.57500000000005,168.22500000000005,17407
1332509400,168.22500000000005,168.30000000000007,166.92500000000007,167.62500000000006,16787
1332768600,167.62500000000006,168.37500000000006,167.17500000000007,168.30000000000007,20306
1332855000,168.32500000000005,169.42500000000007,168.05000000000007,169.12500000000006,23722
1332941400,169.20000000000005,169.27500000000003,167.27500000000003,167.57500000000005,16286
1333027800,167.52500000000003,167.52500000000003,165.25000000000006,165.47500000000005,23783
1333114200,165.47500000000005,166.82500000000005,165.22500000000005,165.80000000000007,21641
1333373400,166.10000000000005,167.70000000000005,166.10000000000005,167.57500000000005,24050
1333459800,167.70000000000005,167.75000000000006,166.65000000000003,167.05000000000007,15770
1333546200,166.72500000000005,168.05000000000007,166.65000000000003,167.40000000000003,19467
1333632600,167.67500000000007,169.02500000000003,167.60000000000005,168.92500000000007,122
1333978200,168.77500000000003,170.10000000000005,168.67500000000007,169.00000000000006,19297
1334064600,168.82500000000005,169.20000000000005,168.00000000000006,168.75000000000006,18492
1334151000,168.27500000000003,169.05000000000007,167.55000000000007,168.05000000000007,18390
1334237400,168.55000000000007,169.10000000000005,168.35000000000005,168.62500000000006,18263
1334323800,168.45000000000005,168.47500000000005,165.62500000000006,165.62500000000006,21865
1334583000,165.47500000000005,165.47500000000005,163.72500000000005,164.12500000000006,22174
1334669400,164.47500000000005,165.25000000000006,163.57500000000005,165.17500000000007,25348
1334755800,164.50000000000006,165.07500000000005,162.72500000000005,162.75000000000006,24005
1334842200,163.02500000000003,164.25000000000006,163.02500000000003,164.17500000000007,20113
1334928600,164.20000000000005,164.30000000000007,162.67500000000007,162.80000000000007,17180
1335187800,162.85000000000005,163.75000000000006,162.02500000000003,163.20000000000005,20628
1335274200,163.30000000000007,163.50000000000006,161.77500000000003,161.95000000000005,22455
1335360600,162.72500000000005,163.30000000000007,162.42500000000007,162.97500000000005,16712
1335447000,162.57500000000005,163.62500000000006,162.10000000000005,162.82500000000005,17358
1335533400,162.70000000000005,162.82500000000005,161.92500000000007,162.00000000000006,15134
1335792600,161.77500000000003,161.95000000000005,161.10000000000005,161.32500000000005,22154
1335879000,161.72500000000005,161.95000000000005,161.02500000000003,161.25000000000006,23928
1335965400,161.45000000000005,161.77500000000003,159.57500000000005,159.85000000000005,23052
1336051800,159.85000000000005,161.32500000000005,159.70000000000005,160.32500000000005,23057
1336138200,160.35000000000005,160.67500000000007,158.42500000000007,159.12500000000006,31678
1336397400,159.15000000000003,159.92500000000007,158.32500000000005,159.80000000000007,26733
1336483800,159.55000000000007,160.27500000000003,158.90000000000003,159.70000000000005,28434
1336570200,159.67500000000007,160.90000000000003,159.10000000000005,160.25000000000006,27496
1336656600,160.15000000000003,160.60000000000005,159.57500000000005,159.90000000000003,25368
1336743000,160.25000000000006,161.27500000000003,159.57500000000005,160.70000000000005,25486
1337002200,160.80000000000007,161.27500000000003,160.30000000000007,160.77500000000003,24201
1337088600,161.25000000000006,162.32500000000005,160.95000000000005,161.80000000000007,25697
1337175000,161.90000000000003,162.15000000000003,161.25000000000006,161.90000000000003,18979
1337261400,161.77500000000003,163.25000000000006,161.65000000000003,162.82500000000005,23123
1337347800,163.02500000000003,163.20000000000005,161.77500000000003,162.65000000000003,16508
1337607000,162.62500000000006,162.62500000000006,161.10000000000005,161.12500000000006,14925
1337693400,161.10000000000005,161.27500000000003,159.65000000000003,160.22500000000005,17563
1337779800,159.77500000000003,160.30000000000004,158.32500000000005,159.62500000000006,27370
1337866200,159.42500000000004,160.50000000000006,159.37500000000006,160.10000000000005,17789
1337952600,160.15000000000003,160.97500000000005,160.10000000000005,160.65000000000003,15102
1338298200,160.97500000000005,161.95000000000005,160.67500000000004,161.75000000000006,14379
1338384600,161.60000000000005,162.60000000000005,160.87500000000006,162.07500000000005,19143
1338471000,162.42500000000004,165.07500000000005,162.42500000000004,165.07500000000005,28881
1338557400,165.07500000000005,166.15000000000003,164.45000000000005,165.65000000000003,22339
1338816600,165.67500000000004,166.22500000000005,164.62500000000006,165.12500000000006,21112
1338903000,164.97500000000005,166.00000000000006,164.57500000000005,165.65000000000003,17586
1338989400,165.57500000000005,166.77500000000003,165.30000000000004,166.77500000000003,26495
1339075800,166.47500000000005,167.67500000000004,166.35000000000005,167.40000000000003,23597
1339162200,167.05000000000004,167.80000000000004,166.70000000000005,167.00000000000006,23046
1339421400,167.02500000000003,167.80000000000004,166.90000000000003,167.75000000000006,21273
1339507800,167.70000000000005,168.07500000000005,166.37500000000006,166.87500000000006,24155
1339594200,166.80000000000004,168.47500000000005,166.30000000000004,168.02500000000003,23742
1339680600,168.35000000000005,169.22500000000005,168.22500000000005,168.60000000000005,20334
1339767000,168.60000000000005,168.80000000000004,166.92500000000004,167.10000000000005,18074
1340026200,167.80000000000004,169.97500000000005,167.80000000000004,169.52500000000003,19885
1340112600,169.52500000000003,169.77500000000003,168.92500000000007,169.07500000000005,13474
1340199000,169.10000000000005,169.57500000000005,168.10000000000005,168.45000000000005,11889
1340285400,168.45000000000005,169.07500000000005,168.10000000000005,168.42500000000007,12092
1340371800,168.30000000000007,168.60000000000005,167.17500000000007,167.67500000000007,13968
1340631000,167.67500000000007,168.75000000000006,164.85000000000005,165.45000000000005,20976
1340717400,165.17500000000007,165.75000000000006,164.40000000000003,165.30000000000007,19744
1340803800,165.25000000000006,168.30000000000007,164.45000000000005,168.00000000000006,27308
1340890200,167.97500000000005,170.57500000000005,167.80000000000007,170.20000000000005,31413
1340976600,170.02500000000003,171.30000000000007,169.55000000000007,171.07500000000005,27732
1341235800,171.45000000000005,172.62500000000006,170.47500000000005,171.27500000000003,21016
1341322200,170.80000000000007,171.35000000000005,170.57500000000005,171.17500000000007,13911
1341495000,170.42500000000007,170.72500000000005,169.02500000000003,169.17500000000007,19164
1341581400,169.52500000000003,170.60000000000005,169.37500000000006,169.60000000000005,16175
1341840600,169.45000000000005,171.02500000000003,169.05000000000007,170.25000000000006,29891
1341927000,169.67500000000007,170.00000000000006,168.32500000000005,168.37500000000006,29134
1342013400,168.62500000000006,168.90000000000003,167.37500000000006,167.60000000000005,27205
1342099800,167.82500000000005,169.27500000000003,167.70000000000005,168.57500000000005,26304
1342186200,168.15000000000003,168.15000000000003,166.62500000000006,166.70000000000005,26667
1342445400,166.87500000000006,167.10000000000005,165.97500000000005,166.72500000000005,19707
1342531800,166.62500000000006,167.20000000000005,166.17500000000007,166.25000000000006,16345
1342618200,166.30000000000007,169.15000000000006,165.90000000000006,168.62500000000006,18968
1342704600,169.07500000000005,169.80000000000007,168.40000000000006,168.57500000000005,21540
1342791000,168.45000000000005,169.00000000000006,168.12500000000006,168.37500000000006,17635
1343050200,167.87500000000006,168.07500000000005,167.27500000000006,167.42500000000007,11508
1343136600,167.50000000000006,167.80000000000007,166.15000000000006,166.60000000000008,16415
1343223000,166.95000000000005,169.35000000000008,166.90000000000006,168.77500000000006,15846
1343309400,169.20000000000005,170.35000000000008,168.87500000000006,170.00000000000006,16094
1343395800,169.95000000000005,170.77500000000006,169.45000000000005,169.90000000000006,18896
1343655000,170.05000000000007,171.07500000000005,169.90000000000006,170.55000000000007,18417
1343741400,170.55000000000007,171.57500000000005,168.67500000000007,168.87500000000006,25994
1343827800,168.97500000000008,169.17500000000007,167.92500000000007,168.30000000000007,21887
1343914200,168.50000000000006,168.60000000000008,166.80000000000007,166.80000000000007,18979
1344000600,167.07500000000005,167.20000000000005,164.37500000000006,164.42500000000007,22842
1344259800,164.57500000000005,164.82500000000005,163.70000000000005,163.75000000000006,14724
1344346200,164.25000000000006,164.75000000000006,163.47500000000008,163.50000000000006,17863
1344432600,164.02500000000006,164.47500000000008,163.40000000000006,164.20000000000005,21488
1344519000,164.40000000000006,165.37500000000006,164.10000000000008,164.52500000000006,22609
1344605400,164.55000000000007,164.75000000000006,164.05000000000007,164.10000000000008,14512
1344864600,164.40000000000006,166.17500000000007,164.37500000000006,165.62500000000006,16853
1344951000,165.72500000000008,166.35000000000008,165.10000000000008,166.00000000000006,17245
1345037400,166.12500000000006,166.30000000000007,164.10000000000008,164.17500000000007,16149
1345123800,164.32500000000005,164.75000000000006,163.87500000000006,164.20000000000005,11613
1345210200,164.10000000000008,165.52500000000006,163.92500000000007,164.77500000000006,10668
1345469400,165.02500000000006,165.02500000000006,164.30000000000007,164.47500000000008,8076
1345555800,164.72500000000008,164.75000000000006,164.10000000000008,164.37500000000006,9563
1345642200,164.15000000000006,164.27500000000006,161.62500000000006,161.75000000000006,21151
1345728600,161.72500000000008,162.52500000000006,160.65000000000006,161.15000000000006,20544
1345815000,161.15000000000006,161.55000000000007,160.67500000000007,160.95000000000005,11683
1346074200,161.22500000000008,162.05000000000007,161.10000000000008,161.82500000000005,11789
1346160600,161.77500000000006,162.15000000000006,161.55000000000007,161.82500000000005,10025
1346247000,161.77500000000006,162.80000000000007,161.12500000000006,162.27500000000006,16547
1346333400,162.37500000000006,163.05000000000007,162.07500000000005,162.72500000000008,14020
1346419800,162.80000000000007,162.92500000000007,161.37500000000006,162.75000000000006,23441
1346765400,162.75000000000006,162.90000000000006,161.87500000000006,162.77500000000006,17891
1346851800,162.45000000000005,163.80000000000007,161.75000000000006,162.20000000000005,25918
1346938200,162.17500000000007,162.32500000000005,160.10000000000008,160.32500000000005,27281
1347024600,160.25000000000006,160.35000000000008,158.95000000000005,159.92500000000007,27357
1347283800,159.87500000000006,161.57500000000005,159.87500000000006,161.15000000000006,27278
1347370200,161.10000000000008,161.80000000000007,160.50000000000006,161.30000000000007,29263
1347456600,161.87500000000006,162.20000000000005,160.95000000000005,162.00000000000006,23559
1347543000,161.60000000000008,162.75000000000006,161.47500000000008,162.12500000000006,24299
1347629400,162.05000000000007,163.05000000000007,161.70000000000005,162.60000000000008,21457
1347888600,162.30000000000007,162.55000000000007,161.45000000000005,162.05000000000007,17639
1347975000,161.90000000000006,163.17500000000007,161.75000000000006,162.90000000000006,23815
1348061400,162.37500000000006,163.62500000000006,161.95000000000005,163.42500000000007,18783
1348147800,163.42500000000007,163.87500000000006,162.55000000000007,162.90000000000006,20339
1348234200,163.32500000000005,163.80000000000007,163.05000000000007,163.67500000000007,17644
1348493400,163.42500000000007,164.32500000000005,163.20000000000005,164.05000000000007,20062
1348579800,164.22500000000008,164.57500000000005,163.30000000000007,163.35000000000008,16317
1348666200,163.40000000000006,163.72500000000008,162.60000000000008,163.07500000000005,20689
1348752600,163.20000000000005,163.52500000000006,162.20000000000005,162.30000000000007,18220
1348839000,162.47500000000008,163.52500000000006,162.10000000000008,162.45000000000005,21375
1349098200,162.50000000000006,164.12500000000006,162.47500000000008,163.82500000000005,22008
1349184600,163.95000000000005,165.85000000000008,163.87500000000006,165.55000000000007,25967
1349271000,165.85000000000008,166.45000000000005,164.50000000000006,164.57500000000005,33128
1349357400,164.57500000000005,166.02500000000006,164.50000000000006,164.75000000000006,26095
1349443800,165.20000000000005,165.50000000000006,164.50000000000006,165.25000000000006,18741
1349703000,165.35000000000008,166.37500000000006,165.05000000000007,165.57500000000005,16846
1349789400,165.72500000000008,166.17500000000007,165.07500000000005,165.50000000000006,20757
1349875800,165.97500000000008,166.95000000000005,165.85000000000008,166.80000000000007,22490
1349962200,166.55000000000007,166.70000000000005,165.25000000000006,166.20000000000005,25111
1350048600,166.40000000000006,167.17500000000007,166.10000000000008,167.07500000000005,14421
1350307800,166.75000000000006,167.55000000000007,166.75000000000006,167.25000000000006,14257
1350394200,167.17500000000007,167.50000000000006,166.77500000000006,167.30000000000007,13176
1350480600,167.22500000000008,168.12500000000006,167.00000000000006,167.87500000000006,18424
1350567000,167.92500000000007,168.10000000000008,167.25000000000006,167.55000000000007,19878
1350653400,167.85000000000008,168.50000000000006,167.70000000000005,168.32500000000005,17993
1350912600,168.32500000000005,168.40000000000006,167.10000000000008,167.37500000000006,17748
1350999000,167.35000000000008,167.37500000000006,166.50000000000006,166.82500000000005,17649
1351085400,166.65000000000006,167.50000000000006,166.32500000000005,166.95000000000005,17876
1351171800,166.97500000000008,167.37500000000006,166.35000000000008,166.82500000000005,15090
1351258200,167.02500000000006,167.95000000000005,166.82500000000005,167.60000000000008,21925
1351517400,167.30000000000007,167.30000000000007,165.52500000000006,166.50000000000006,17377
1351603800,166.62500000000006,167.05000000000007,166.42500000000007,166.80000000000007,13055
1351690200,166.87500000000006,167.97500000000008,166.62500000000006,166.97500000000008,28736
1351776600,167.17500000000007,168.15000000000006,166.55000000000007,166.57500000000005,26810
1351863000,166.90000000000006,167.27500000000006,166.20000000000005,166.45000000000005,19836
1352125800,166.57500000000005,166.72500000000008,165.57500000000005,165.62500000000006,23960
1352212200,165.85000000000008,166.67500000000007,165.37500000000006,166.27500000000006,19955
1352298600,166.35000000000008,169.17500000000007,166.00000000000006,168.80000000000007,40386
1352385000,168.60000000000008,169.45000000000005,168.45000000000005,168.90000000000006,29905
1352471400,168.82500000000005,169.65000000000006,168.60000000000008,169.45000000000005,24503
1352730600,169.50000000000006,169.57500000000005,168.87500000000006,169.02500000000006,19664
1352817000,169.30000000000007,170.05000000000007,168.90000000000006,169.20000000000005,30824
1352903400,169.22500000000008,169.27500000000006,168.45000000000005,168.80000000000007,19322
1352989800,168.62500000000006,169.10000000000008,168.37500000000006,168.77500000000006,16518
1353076200,168.90000000000006,169.42500000000007,168.67500000000007,169.02500000000006,10978
1353335400,169.57500000000005,170.45000000000005,169.42500000000007,170.00000000000006,14845
1353421800,169.92500000000007,170.55000000000007,169.72500000000008,170.27500000000006,11500
1353508200,170.12500000000006,170.82500000000005,169.65000000000006,169.70000000000005,15258
1353681000,169.67500000000007,170.75000000000006,169.55000000000007,169.95000000000005,9344
1353940200,170.00000000000006,170.67500000000007,169.37500000000006,169.55000000000007,16252
1354026600,169.50000000000006,170.00000000000006,168.87500000000006,169.30000000000007,17528
1354113000,169.85000000000008,170.40000000000006,169.57500000000005,170.15000000000006,17674
1354199400,170.07500000000005,170.77500000000006,169.37500000000006,169.70000000000005,21115
1354285800,169.47500000000008,169.75000000000006,168.92500000000007,169.50000000000006,22388
1354545000,169.70000000000005,170.35000000000008,168.20000000000005,168.25000000000006,27448
1354631400,168.25000000000006,168.67500000000007,167.75000000000006,168.10000000000008,22082
1354717800,168.12500000000006,168.80000000000007,167.80000000000007,168.22500000000008,14845
1354804200,168.15000000000006,168.25000000000006,166.75000000000006,167.02500000000006,21991
1354890600,166.80000000000007,166.97500000000008,165.77500000000006,166.05000000000007,23656
1355149800,166.12500000000006,166.72500000000008,165.90000000000006,166.50000000000006,13604
1355236200,166.55000000000007,167.05000000000007,166.20000000000005,166.72500000000008,16269
1355322600,167.00000000000006,168.47500000000008,166.62500000000006,168.22500000000008,22287
1355409000,168.27500000000006,168.87500000000006,168.10000000000008,168.47500000000008,17879
1355495400,168.52500000000006,168.82500000000005,167.87500000000006,167.97500000000008,13310
1355754600,167.92500000000007,168.05000000000007,167.32500000000005,167.32500000000005,11309
1355841000,167.45000000000005,168.72500000000008,167.07500000000005,167.85000000000008,13809
1355927400,168.42500000000007,169.35000000000008,168.05000000000007,169.15000000000006,15294
1356013800,169.00000000000006,169.25000000000006,168.52500000000006,169.02500000000006,12690
1356100200,168.80000000000007,169.55000000000007,168.60000000000008,169.47500000000008,12174
1356359400,169.47500000000008,170.25000000000006,169.27500000000006,170.12500000000006,11189
1356532200,170.25000000000006,170.37500000000006,169.65000000000006,170.02500000000006,7352
1356618600,169.82500000000005,169.92500000000007,169.22500000000008,169.60000000000008,12360
1356705000,169.57500000000005,169.90000000000006,168.92500000000007,168.95000000000005,12505
1356964200,168.10000000000008,168.65000000000006,167.42500000000007,168.30000000000007,16789
1357137000,168.77500000000006,168.97500000000008,167.90000000000006,168.75000000000006,20178
1357223400,168.87500000000006,170.00000000000006,168.32500000000005,168.97500000000008,24858
1357309800,169.27500000000006,169.77500000000006,168.60000000000008,168.80000000000007,19257
1357569000,168.72500000000008,169.40000000000006,168.40000000000006,168.87500000000006,17940
1357655400,168.95000000000005,169.57500000000005,168.45000000000005,168.92500000000007,27821
1357741800,168.60000000000008,168.65000000000006,166.75000000000006,166.77500000000006,35480
1357828200,167.25000000000006,167.60000000000008,166.87500000000006,167.17500000000007,25376
1357914600,167.30000000000007,167.40000000000006,166.70000000000005,166.77500000000006,22467
1358173800,167.02500000000006,167.97500000000008,166.85000000000008,167.80000000000007,28851
1358260200,167.85000000000008,168.22500000000008,167.57500000000005,167.82500000000005,15665
1358346600,167.80000000000007,168.17500000000007,167.57500000000005,167.72500000000008,11774
1358433000,167.97500000000008,168.85000000000008,167.75000000000006,168.52500000000006,18897
1358519400,168.50000000000006,169.15000000000006,168.32500000000005,168.52500000000006,17306
1358865000,168.55000000000007,168.95000000000005,168.42500000000007,168.72500000000008,8947
1358951400,168.75000000000006,168.87500000000006,167.47500000000008,168.45000000000005,22710
1359037800,168.77500000000006,170.60000000000008,168.70000000000005,170.12500000000006,29856
1359124200,169.82500000000005,170.17500000000007,169.27500000000006,169.37500000000006,17445
1359383400,169.62500000000006,170.02500000000006,169.37500000000006,169.50000000000006,16065
1359469800,169.57500000000005,170.32500000000005,169.17500000000007,170.07500000000005,17278
1359556200,169.92500000000007,170.75000000000006,169.42500000000007,169.70000000000005,19314
1359642600,169.65000000000006,170.45000000000005,169.52500000000006,169.80000000000007,18445
1359729000,169.80000000000007,170.60000000000008,169.07500000000005,169.20000000000005,20293
1359988200,169.40000000000006,169.62500000000006,168.12500000000006,168.80000000000007,22045
1360074600,168.55000000000007,168.72500000000008,167.97500000000008,168.15000000000006,19948
1360161000,168.07500000000005,168.27500000000006,166.40000000000006,166.70000000000005,25397
1360247400,166.50000000000006,167.15000000000006,166.25000000000006,166.97500000000008,24905
1360333800,166.97500000000008,167.15000000000006,166.45000000000005,166.57500000000005,19845
1360593000,166.52500000000006,167.17500000000007,166.12500000000006,166.82500000000005,17873
1360679400,166.95000000000005,167.12500000000006,165.95000000000005,166.45000000000005,21791
1360765800,166.45000000000005,166.77500000000006,165.92500000000007,166.25000000000006,14797
1360852200,166.02500000000006,166.10000000000008,164.60000000000008,164.77500000000006,21051
1360938600,164.82500000000005,165.05000000000007,164.02500000000006,164.70000000000005,17977
1361284200,164.55000000000007,164.70000000000005,163.35000000000008,163.50000000000006,21080
1361370600,163.50000000000006,164.05000000000007,162.55000000000007,163.40000000000006,24627
1361457000,163.47500000000008,163.67500000000007,162.15000000000006,162.82500000000005,21876
1361543400,162.65000000000006,163.35000000000008,162.07500000000005,162.10000000000008,16015
1361802600,161.95000000000005,162.72500000000008,161.35000000000008,162.35000000000008,16657
1361889000,162.42500000000007,162.60000000000008,161.42500000000007,162.02500000000006,19481
1361975400,162.02500000000006,162.25000000000006,161.20000000000005,161.45000000000005,21982
1362061800,161.42500000000007,161.87500000000006,161.07500000000005,161.45000000000005,20046
1362148200,161.70000000000005,162.17500000000007,161.47500000000008,161.57500000000005,19731
1362407400,161.62500000000006,161.65000000000006,160.50000000000006,160.75000000000006,18314
1362493800,160.87500000000006,161.17500000000007,159.12500000000006,159.70000000000005,23002
1362580200,159.25000000000006,160.27500000000006,158.72500000000008,159.70000000000005,24862
1362666600,159.92500000000007,162.62500000000006,159.92500000000007,162.25000000000006,37452
1362753000,161.85000000000008,162.80000000000007,161.47500000000008,162.47500000000008,32335
1363008600,162.25000000000006,162.27500000000006,161.30000000000007,161.60000000000008,27706
1363095000,161.57500000000005,162.42500000000007,161.30000000000007,161.90000000000006,25527
1363181400,161.80000000000007,162.30000000000007,160.82500000000005,161.10000000000008,27505
1363267800,161.42500000000007,161.62500000000006,160.45000000000005,161.32500000000005,18738
1363354200,160.92500000000007,161.20000000000005,159.95000000000005,160.12500000000006,16100
1363613400,159.87500000000006,160.10000000000005,159.35000000000005,159.75000000000006,13888
1363699800,159.62500000000006,160.07500000000005,158.30000000000007,159.07500000000005,17858
1363786200,158.85000000000005,159.65000000000003,157.90000000000003,159.30000000000007,26247
1363872600,159.25000000000006,160.50000000000006,158.87500000000006,160.35000000000005,17435
1363959000,160.40000000000003,160.62500000000006,159.65000000000003,160.52500000000003,12530
1364218200,160.40000000000003,162.30000000000007,160.12500000000006,161.57500000000005,15552
1364304600,161.82500000000005,162.40000000000003,161.65000000000003,161.87500000000006,16261
1364391000,162.05000000000007,162.05000000000007,160.42500000000007,161.47500000000005,16857
1364477400,161.45000000000005,162.10000000000005,161.17500000000007,161.87500000000006,19315
1364823000,161.30000000000007,162.85000000000005,160.97500000000005,162.37500000000006,17990
1364909400,162.35000000000005,163.25000000000006,162.15000000000003,162.65000000000003,20384
1364995800,162.40000000000003,163.47500000000005,161.87500000000006,163.27500000000003,20779
1365082200,163.30000000000007,163.67500000000007,162.07500000000005,162.82500000000005,20169
1365168600,162.60000000000005,162.80000000000007,160.07500000000005,160.50000000000006,18208
1365427800,160.62500000000006,161.55000000000007,160.52500000000003,161.35000000000005,17998
1365514200,161.35000000000005,161.40000000000003,160.40000000000003,160.65000000000003,14346
1365600600,160.80000000000007,161.55000000000007,160.17500000000007,160.30000000000007,17050
1365687000,160.70000000000005,161.07500000000005,160.05000000000007,160.25000000000006,15280
1365773400,160.45000000000005,160.77500000000003,159.82500000000005,160.70000000000005,13099
1366032600,160.17500000000007,160.17500000000007,158.97500000000005,159.40000000000003,14695
1366119000,159.37500000000006,160.07500000000005,159.12500000000006,159.82500000000005,13546
1366205400,159.87500000000006,161.42500000000007,159.40000000000003,161.15000000000003,17232
1366291800,161.00000000000006,161.77500000000003,160.87500000000006,161.40000000000003,13752
1366378200,161.37500000000006,161.47500000000005,160.65000000000003,161.00000000000006,9856
1366637400,160.67500000000007,160.77500000000003,159.92500000000007,160.25000000000006,11478
1366723800,160.57500000000005,161.12500000000006,160.07500000000005,160.37500000000006,13167
1366810200,160.52500000000003,161.95000000000005,160.50000000000006,161.80000000000007,18643
1366896600,161.85000000000005,162.95000000000005,161.60000000000005,162.62500000000006,20943
1366983000,162.42500000000007,163.35000000000005,162.30000000000007,163.32500000000005,15152
1367242200,163.42500000000007,163.87500000000006,162.67500000000007,162.95000000000005,17536
1367328600,162.92500000000007,163.65000000000003,162.45000000000005,163.37500000000006,16508
1367415000,163.27500000000003,163.97500000000005,162.77500000000003,163.75000000000006,19349
1367501400,163.90000000000003,164.17500000000007,163.20000000000005,163.62500000000006,19270
1367587800,163.45000000000005,163.80000000000007,162.85000000000005,162.97500000000005,16988
1367847000,162.90000000000003,163.47500000000005,161.97500000000005,162.12500000000006,23983
1367933400,162.22500000000005,162.67500000000007,161.97500000000005,162.10000000000005,28127
1368019800,162.50000000000006,162.95000000000005,162.32500000000005,162.57500000000005,20112
1368106200,162.57500000000005,162.67500000000007,161.20000000000005,161.37500000000006,29133
1368192600,161.32500000000005,161.65000000000003,160.80000000000007,161.30000000000007,22773
1368451800,161.30000000000007,162.27500000000003,161.20000000000005,161.72500000000005,24408
1368538200,161.75000000000006,163.80000000000007,161.65000000000003,163.40000000000003,24794
1368624600,163.45000000000005,164.25000000000006,162.47500000000005,162.72500000000005,23764
1368711000,162.95000000000005,164.27500000000003,162.95000000000005,163.67500000000007,22211
1368797400,164.02500000000003,164.55000000000007,161.55000000000007,162.32500000000005,25148
1369056600,162.85000000000008,163.30000000000007,162.47500000000008,162.87500000000006,10295
1369143000,163.00000000000006,163.52500000000006,162.32500000000005,163.10000000000008,12169
1369229400,163.25000000000006,165.00000000000006,163.15000000000006,164.77500000000006,17875
1369315800,164.65000000000006,164.92500000000007,164.00000000000006,164.37500000000006,14431
1369402200,164.37500000000006,165.12500000000006,164.12500000000006,164.65000000000006,12726
1369747800,164.72500000000008,165.35000000000008,164.30000000000007,164.70000000000005,15170
1369834200,164.40000000000006,165.45000000000005,164.20000000000005,164.35000000000008,16619
1369920600,164.45000000000005,165.72500000000008,164.37500000000006,164.82500000000005,19686
1370007000,165.17500000000007,165.57500000000005,164.77500000000006,165.20000000000005,15480
1370266200,165.52500000000006,165.62500000000006,164.60000000000008,164.90000000000006,16525
1370352600,164.97500000000008,166.32500000000005,164.92500000000007,166.10000000000008,23035
1370439000,166.10000000000008,166.35000000000008,165.50000000000006,165.92500000000007,18129
1370525400,165.90000000000006,167.75000000000006,165.90000000000006,167.17500000000007,27095
1370611800,167.12500000000006,167.90000000000006,166.87500000000006,167.55000000000007,21740
1370871000,167.95000000000005,170.55000000000007,167.82500000000005,169.25000000000006,39880
1370957400,169.60000000000008,171.25000000000006,169.60000000000008,170.50000000000006,33144
1371043800,170.80000000000007,171.42500000000007,169.90000000000006,170.52500000000006,29738
1371130200,171.10000000000008,171.12500000000006,169.90000000000006,170.00000000000006,21344
1371216600,169.95000000000005,170.15000000000006,168.65000000000006,169.37500000000006,18943
1371475800,169.37500000000006,169.77500000000006,168.97500000000008,169.30000000000007,9197
1371562200,169.32500000000005,170.42500000000007,169.32500000000005,169.95000000000005,15142
1371648600,170.15000000000006,172.15000000000006,170.05000000000007,171.02500000000006,24786
1371735000,170.80000000000007,171.37500000000006,170.42500000000007,170.92500000000007,18868
1371821400,170.77500000000006,170.90000000000006,169.52500000000006,170.10000000000008,19697
1372080600,169.92500000000007,172.05000000000007,169.85000000000008,170.67500000000007,22803
1372167000,170.72500000000008,171.05000000000007,170.15000000000006,170.35000000000008,19379
1372253400,170.57500000000005,171.17500000000007,169.92500000000007,170.30000000000007,22685
1372339800,170.77500000000006,172.50000000000006,170.75000000000006,172.05000000000007,23659
1372426200,172.05000000000007,172.37500000000006,170.05000000000007,170.10000000000008,27224
1372685400,170.30000000000007,171.12500000000006,169.40000000000006,169.65000000000006,25444
1372771800,169.55000000000007,169.85000000000008,168.65000000000006,169.27500000000006,21396
1372858200,169.00000000000006,170.10000000000008,168.82500000000005,169.50000000000006,18300
1373031000,169.52500000000006,170.47500000000008,169.25000000000006,170.40000000000006,19773
1373290200,170.50000000000006,170.57500000000005,168.05000000000007,168.20000000000005,33804
1373376600,168.20000000000005,168.57500000000005,167.57500000000005,167.82500000000005,25674
1373463000,167.82500000000005,169.27500000000006,167.72500000000008,168.35000000000008,28721
1373549400,168.25000000000006,168.50000000000006,167.82500000000005,167.92500000000007,21684
1373635800,167.82500000000005,167.87500000000006,167.05000000000007,167.55000000000007,30008
1373895000,168.00000000000006,169.15000000000006,167.97500000000008,168.20000000000005,18706
1373981400,168.07500000000005,169.35000000000008,167.95000000000005,168.95000000000005,17775
1374067800,169.00000000000006,169.32500000000005,168.17500000000007,168.45000000000005,13665
1374154200,168.60000000000005,169.12500000000006,168.22500000000005,168.80000000000007,14898
1374240600,168.77500000000003,168.92500000000007,167.85000000000005,168.15000000000003,12821
1374499800,167.95000000000005,168.77500000000003,167.87500000000006,168.45000000000005,11383
1374586200,168.77500000000003,169.57500000000005,168.62500000000006,169.50000000000006,18526
1374672600,169.50000000000006,169.90000000000003,168.90000000000003,169.80000000000007,16449
1374759000,169.37500000000006,170.12500000000006,169.02500000000003,169.15000000000003,18917
1374845400,169.52500000000003,169.60000000000005,167.85000000000005,167.97500000000005,18117
1375104600,168.12500000000006,168.27500000000003,167.15000000000003,167.67500000000007,13774
1375191000,167.45000000000005,167.47500000000005,166.10000000000005,166.37500000000006,21938
1375277400,166.75000000000006,166.97500000000005,166.42500000000007,166.50000000000006,15456
1375363800,166.50000000000006,167.32500000000005,166.45000000000005,167.07500000000005,15677
1375450200,167.07500000000005,167.65000000000003,166.97500000000005,167.12500000000006,12648
1375709400,167.12500000000006,168.92500000000007,167.02500000000003,168.67500000000007,18510
1375795800,168.85000000000005,169.77500000000003,168.85000000000005,169.62500000000006,23800
1375882200,169.67500000000007,170.17500000000007,168.00000000000006,168.10000000000005,26313
1375968600,168.87500000000006,169.02500000000003,168.07500000000005,168.42500000000007,15272
1376055000,168.12500000000006,168.35000000000005,167.75000000000006,168.15000000000003,12743
1376314200,168.25000000000006,169.75000000000006,168.07500000000005,169.37500000000006,16262
1376400600,169.40000000000003,170.05000000000007,169.20000000000005,169.70000000000005,16138
1376487000,169.92500000000007,171.55000000000007,169.92500000000007,171.32500000000005,22795
1376573400,171.40000000000003,171.52500000000003,169.97500000000005,170.47500000000005,19530
1376659800,170.55000000000007,170.80000000000007,169.75000000000006,169.90000000000003,14722
1376919000,169.90000000000003,170.00000000000006,169.37500000000006,169.65000000000003,10293
1377005400,169.65000000000003,170.30000000000007,169.45000000000005,170.12500000000006,11706
1377091800,170.02500000000003,170.12500000000006,168.70000000000005,169.00000000000006,16408
1377178200,168.85000000000005,168.92500000000007,167.45000000000005,167.57500000000005,22574
1377264600,167.67500000000007,168.47500000000005,166.97500000000005,168.27500000000003,17187
1377523800,168.75000000000006,169.30000000000007,168.72500000000005,169.20000000000005,10928
1377610200,169.05000000000007,170.02500000000003,168.80000000000007,169.75000000000006,15648
1377696600,169.75000000000006,169.80000000000007,169.10000000000005,169.22500000000005,13905
1377783000,168.97500000000005,170.60000000000005,168.92500000000007,170.50000000000006,24329
1377869400,170.50000000000006,171.10000000000005,170.10000000000005,170.80000000000007,23116
1378215000,170.75000000000006,171.35000000000005,170.35000000000005,171.17500000000007,20612
1378301400,171.25000000000006,172.65000000000003,170.95000000000005,172.30000000000007,30720
1378387800,172.25000000000006,173.70000000000005,171.97500000000005,172.57500000000005,33795
1378474200,172.67500000000007,174.20000000000005,172.42500000000007,174.07500000000005,33242
1378733400,174.07500000000005,174.35000000000005,173.50000000000006,174.05000000000007,26652
1378819800,174.05000000000007,174.27500000000003,173.30000000000007,174.02500000000003,35098
1378906200,174.77500000000003,174.77500000000003,172.92500000000007,173.47500000000005,41453
1378992600,173.37500000000006,174.12500000000006,173.10000000000005,173.37500000000006,29887
1379079000,173.75000000000006,174.45000000000005,173.17500000000007,173.87500000000006,31152
1379338200,174.47500000000005,175.40000000000003,174.25000000000006,175.30000000000007,23089
1379424600,174.87500000000006,175.27500000000006,173.75000000000006,174.35000000000008,19892
1379511000,174.35000000000008,174.90000000000006,173.67500000000007,174.77500000000006,20647
1379597400,174.60000000000008,174.87500000000006,173.92500000000007,174.12500000000006,14412
1379683800,174.12500000000006,174.27500000000006,172.72500000000008,172.90000000000006,19539
1379943000,173.12500000000006,173.42500000000007,172.82500000000005,173.25000000000006,14519
1380029400,173.37500000000006,175.72500000000008,173.32500000000005,174.90000000000006,32744
1380115800,174.80000000000007,175.82500000000005,174.72500000000008,175.42500000000007,19826
1380202200,175.27500000000006,175.32500000000005,173.92500000000007,174.55000000000007,18983
1380288600,174.87500000000006,175.30000000000007,174.45000000000005,174.95000000000005,17415
1380547800,173.40000000000006,173.82500000000005,173.10000000000008,173.45000000000005,24915
1380634200,173.35000000000008,173.67500000000007,172.32500000000005,172.72500000000008,25109
1380720600,172.77500000000006,173.45000000000005,172.77500000000006,173.00000000000006,13048
1380807000,173.12500000000006,173.90000000000006,172.97500000000008,173.60000000000008,15015
1380893400,173.72500000000008,174.70000000000005,173.42500000000007,174.45000000000005,17639
1381152600,174.50000000000006,175.07500000000005,174.15000000000006,174.70000000000005,16269
1381239000,174.70000000000005,175.12500000000006,174.42500000000007,175.02500000000006,14664
1381325400,175.02500000000006,175.30000000000007,173.20000000000005,173.35000000000008,28229
1381411800,173.27500000000006,173.85000000000008,172.82500000000005,173.47500000000008,20679
1381498200,173.60000000000008,173.77500000000006,173.20000000000005,173.32500000000005,12526
1381757400,173.27500000000006,173.57500000000005,172.90000000000006,173.17500000000007,8296
1381843800,173.22500000000008,175.25000000000006,172.95000000000005,174.62500000000006,24014
1381930200,174.45000000000005,175.87500000000006,174.40000000000006,175.62500000000006,18878
1382016600,175.45000000000005,176.72500000000008,175.00000000000006,175.27500000000006,22309
1382103000,175.82500000000005,175.82500000000005,174.00000000000006,174.77500000000006,19224
1382362200,174.77500000000006,174.77500000000006,174.12500000000006,174.30000000000007,11345
1382448600,174.50000000000006,175.85000000000008,174.40000000000006,175.40000000000006,14587
1382535000,175.45000000000005,175.55000000000007,174.67500000000007,174.97500000000008,11154
1382621400,174.87500000000006,176.67500000000007,174.77500000000006,176.42500000000007,21580
1382707800,176.47500000000008,177.50000000000006,176.32500000000005,177.25000000000006,16932
1382967000,177.07500000000005,178.92500000000007,176.87500000000006,178.77500000000006,21508
1383053400,178.80000000000007,179.02500000000006,178.02500000000006,178.17500000000007,17011
1383139800,178.17500000000007,179.12500000000006,176.72500000000008,177.22500000000008,25254
1383226200,177.17500000000007,177.22500000000008,175.90000000000006,176.00000000000006,24531
1383312600,176.27500000000006,176.32500000000005,175.15000000000006,175.17500000000007,19006
1383575400,175.20000000000005,175.57500000000005,174.92500000000007,175.15000000000006,22408
1383661800,175.07500000000005,175.92500000000007,174.80000000000007,175.07500000000005,24218
1383748200,174.97500000000008,174.97500000000008,174.07500000000005,174.17500000000007,24094
1383834600,174.42500000000007,174.82500000000005,173.85000000000008,174.37500000000006,27082
1383921000,174.62500000000006,175.35000000000008,174.52500000000006,174.95000000000005,22122
1384180200,174.97500000000008,175.27500000000006,174.65000000000006,174.87500000000006,24939
1384266600,174.80000000000007,175.27500000000006,173.87500000000006,174.02500000000006,27829
1384353000,174.12500000000006,174.22500000000008,172.92500000000007,173.20000000000005,28624
1384439400,173.02500000000006,173.02500000000006,172.07500000000005,172.42500000000007,21723
1384525800,172.50000000000006,173.15000000000006,172.27500000000006,172.72500000000008,14158
1384785000,172.47500000000008,172.92500000000007,172.07500000000005,172.35000000000008,8052
1384871400,172.22500000000008,172.60000000000008,171.85000000000008,172.35000000000008,14803
1384957800,172.25000000000006,173.87500000000006,172.07500000000005,173.37500000000006,12388
1385044200,173.65000000000006,173.80000000000007,172.82500000000005,173.02500000000006,12243
1385130600,172.72500000000008,173.05000000000007,172.10000000000008,172.12500000000006,14428
1385389800,172.17500000000007,173.02500000000006,171.97500000000008,172.25000000000006,11259
1385476200,172.37500000000006,173.17500000000007,172.22500000000008,172.85000000000008,12390
1385562600,173.15000000000006,173.85000000000008,172.80000000000007,172.92500000000007,14700
1385735400,172.92500000000007,173.27500000000006,172.27500000000006,173.02500000000006,8230
1385994600,172.85000000000008,173.42500000000007,172.57500000000005,172.90000000000006,13378
1386081000,173.05000000000007,173.20000000000005,171.22500000000008,171.42500000000007,22328
1386167400,171.55000000000007,171.92500000000007,170.72500000000008,171.45000000000005,20178
1386253800,171.22500000000008,171.57500000000005,170.75000000000006,171.12500000000006,14823
1386340200,171.20000000000005,171.70000000000005,170.32500000000005,171.45000000000005,19135
1386599400,171.45000000000005,173.25000000000006,171.25000000000006,172.30000000000007,18436
1386685800,172.25000000000006,172.40000000000006,170.92500000000007,171.17500000000007,17098
1386772200,171.12500000000006,171.37500000000006,169.75000000000006,170.22500000000008,22511
1386858600,170.42500000000007,170.90000000000006,170.12500000000006,170.45000000000005,19494
1386945000,170.32500000000005,170.40000000000006,169.35000000000008,169.62500000000006,15699
1387204200,169.40000000000006,169.45000000000005,168.87500000000006,169.07500000000005,12386
1387290600,169.15000000000006,169.42500000000007,168.00000000000006,168.10000000000008,15392
1387377000,168.55000000000007,169.20000000000005,168.50000000000006,168.80000000000007,13441
1387463400,168.72500000000008,169.05000000000007,168.50000000000006,168.82500000000005,7927
1387549800,168.62500000000006,168.92500000000007,168.30000000000007,168.70000000000005,14177
1387809000,168.70000000000005,168.97500000000008,168.55000000000007,168.65000000000006,5754
1387895400,168.72500000000008,168.80000000000007,167.82500000000005,168.32500000000005,8152
1388068200,168.12500000000006,168.35000000000008,167.67500000000007,167.75000000000006,7590
1388154600,167.95000000000005,168.32500000000005,167.85000000000008,168.10000000000008,9668
1388413800,168.65000000000006,168.70000000000005,167.32500000000005,167.42500000000007,14308
1388500200,167.57500000000005,168.25000000000006,167.10000000000008,167.87500000000006,12817
1388673000,168.57500000000005,169.85000000000008,168.45000000000005,169.52500000000006,25007
1388759400,169.40000000000006,169.87500000000006,168.97500000000008,169.12500000000006,14154
1389018600,168.90000000000006,169.17500000000007,168.55000000000007,169.07500000000005,15497
1389105000,168.90000000000006,168.95000000000005,167.65000000000006,167.97500000000008,21837
1389191400,168.05000000000007,168.42500000000007,167.47500000000008,168.02500000000006,21592
1389277800,167.90000000000006,168.20000000000005,166.95000000000005,167.70000000000005,31267
1389364200,167.85000000000008,168.67500000000007,167.40000000000006,168.27500000000006,23763
1389623400,168.52500000000006,168.52500000000006,167.62500000000006,167.82500000000005,21374
1389709800,167.97500000000008,168.82500000000005,167.52500000000006,168.45000000000005,23601
1389796200,168.57500000000005,169.45000000000005,168.57500000000005,169.05000000000007,16799
1389882600,168.95000000000005,169.50000000000006,168.85000000000008,169.32500000000005,12326
1389969000,169.22500000000008,169.45000000000005,167.92500000000007,168.62500000000006,10455
1390314600,168.77500000000003,169.40000000000003,168.55000000000007,169.10000000000005,17543
1390401000,169.15000000000003,169.80000000000007,168.32500000000005,169.70000000000005,22878
1390487400,169.67500000000007,170.35000000000005,168.87500000000006,169.67500000000007,16858
1390573800,169.92500000000007,170.80000000000007,169.92500000000007,170.75000000000006,16502
1390833000,170.65000000000003,171.22500000000005,169.97500000000005,171.02500000000003,16415
1390919400,171.07500000000005,171.17500000000007,170.00000000000006,170.30000000000007,16134
1391005800,170.27500000000003,170.75000000000006,170.12500000000006,170.52500000000003,10296
1391092200,170.80000000000007,170.85000000000005,169.77500000000003,170.35000000000005,11962
1391178600,170.62500000000006,171.67500000000007,170.35000000000005,171.52500000000003,24750
1391437800,171.52500000000003,171.55000000000007,169.50000000000006,169.57500000000005,21952
1391524200,169.77500000000003,170.22500000000005,169.55000000000007,169.85000000000005,11451
1391610600,170.22500000000005,171.97500000000005,170.05000000000007,171.72500000000005,20748
1391697000,171.72500000000005,171.95000000000005,170.75000000000006,170.92500000000007,17713
1391783400,170.95000000000005,171.50000000000006,170.90000000000003,171.45000000000005,10303
1392042600,171.27500000000003,171.60000000000005,171.12500000000006,171.47500000000005,10456
1392129000,171.32500000000005,171.52500000000003,170.52500000000003,170.90000000000003,13032
1392215400,171.05000000000007,171.80000000000007,170.22500000000005,171.10000000000005,20650
1392301800,171.20000000000005,172.12500000000006,171.10000000000005,171.65000000000003,20208
1392388200,172.10000000000005,173.02500000000003,171.90000000000003,172.90000000000003,19078
1392733800,173.22500000000005,174.30000000000007,173.22500000000005,174.10000000000005,14297
1392820200,173.97500000000005,174.65000000000003,173.87500000000006,173.92500000000007,16758
1392906600,174.05000000000007,174.87500000000006,173.22500000000005,174.55000000000007,17198
1392993000,174.85000000000005,176.20000000000005,174.72500000000005,176.07500000000005,20492
1393252200,176.22500000000005,176.55000000000007,175.90000000000003,175.97500000000005,16415
1393338600,176.07500000000005,177.50000000000006,175.67500000000007,177.30000000000007,19216
1393425000,177.47500000000005,178.37500000000006,177.40000000000003,177.75000000000006,24378
1393511400,177.72500000000005,180.75000000000006,177.70000000000005,180.57500000000005,30611
1393597800,181.22500000000005,183.57500000000005,180.92500000000007,183.57500000000005,31605
1393857000,183.67500000000007,186.57500000000005,183.22500000000005,185.40000000000003,39112
1393943400,185.75000000000006,188.40000000000003,184.50000000000006,188.40000000000003,25819
1394029800,189.30000000000007,191.40000000000003,185.97500000000005,187.45000000000005,42686
1394116200,188.25000000000006,189.70000000000005,188.25000000000006,189.12500000000006,22214
1394202600,189.47500000000005,191.00000000000006,188.52500000000003,189.72500000000005,26995
1394458200,190.57500000000005,192.72500000000005,190.50000000000006,192.72500000000005,25096
1394544600,193.52500000000003,195.30000000000007,191.90000000000003,193.82500000000005,39972
1394631000,194.15000000000003,194.35000000000005,191.92500000000007,192.65000000000003,36648
1394717400,193.55000000000007,195.65000000000003,192.90000000000003,195.65000000000003,31243
1394803800,196.17500000000007,196.62500000000006,194.57500000000005,196.02500000000003,24453
1395063000,197.27500000000003,199.02500000000003,197.22500000000005,198.42500000000007,20121
1395149400,198.95000000000005,201.07500000000005,197.77500000000003,200.65000000000003,24208
1395235800,200.45000000000005,201.02500000000003,198.62500000000006,199.90000000000003,21534
1395322200,200.42500000000007,200.52500000000003,198.17500000000007,198.45000000000005,21016
1395408600,198.57500000000005,200.30000000000007,197.25000000000006,197.97500000000002,19009
1395667800,197.40000000000003,197.50000000000006,195.27500000000003,195.85000000000002,19823
1395754200,195.90000000000003,195.90000000000003,192.85000000000005,192.85000000000005,19515
1395840600,192.50000000000006,195.30000000000007,190.65000000000003,193.95000000000005,22342
1395927000,194.62500000000006,196.95000000000005,194.15000000000003,196.95000000000005,10513
1396013400,198.00000000000006,199.87500000000006,197.00000000000006,197.22500000000002,15857
1396272600,194.22500000000005,195.42500000000007,194.22500000000005,194.82500000000005,16847
1396359000,194.85000000000005,196.50000000000006,194.02500000000003,195.25000000000006,16785
1396445400,195.42500000000007,195.82500000000005,192.25000000000006,192.45000000000005,19397
1396531800,192.65000000000003,192.65000000000003,189.55000000000007,191.20000000000005,23078
1396618200,190.45000000000005,190.45000000000005,188.20000000000005,188.20000000000005,16842
1396877400,187.67500000000007,189.57500000000005,187.52500000000003,189.32500000000005,14932
1396963800,188.95000000000005,188.95000000000005,186.32500000000005,186.40000000000003,14250
1397050200,186.50000000000006,189.40000000000003,183.57500000000005,189.40000000000003,24980
1397136600,188.15000000000003,189.92500000000007,187.60000000000005,188.80000000000007,15044
1397223000,188.15000000000003,189.45000000000005,187.42500000000007,188.87500000000006,11327
1397482200,188.92500000000007,190.62500000000006,187.77500000000003,190.30000000000007,9503
1397568600,190.35000000000005,192.32500000000005,188.85000000000005,190.17500000000007,20399
1397655000,189.10000000000005,192.27500000000003,188.90000000000003,191.42500000000007,15135
1397741400,190.90000000000003,193.15000000000003,190.62500000000006,192.47500000000005,15100
1398087000,192.50000000000006,192.62500000000006,189.95000000000005,190.00000000000006,14159
1398173400,189.97500000000005,191.45000000000005,189.12500000000006,190.90000000000003,20542
1398259800,190.87500000000006,193.90000000000003,190.30000000000007,193.90000000000003,21417
1398346200,194.12500000000006,195.35000000000005,192.90000000000003,193.20000000000005,21711
1398432600,193.07500000000005,193.37500000000006,191.87500000000006,192.17500000000007,13682
1398691800,191.70000000000005,193.32500000000005,190.65000000000003,191.87500000000006,16449
1398778200,191.65000000000003,193.67500000000007,191.32500000000005,192.92500000000007,14189
1398864600,192.07500000000005,192.15000000000003,190.17500000000007,190.77500000000003,24866
1398951000,190.65000000000003,191.50000000000006,189.67500000000007,190.45000000000005,20306
1399037400,189.75000000000006,190.85000000000005,189.27500000000003,189.87500000000006,16708
1399296600,189.85000000000005,190.65000000000003,189.30000000000007,190.00000000000006,9788
1399383000,190.35000000000005,192.35000000000005,190.25000000000006,190.87500000000006,20032
1399469400,190.37500000000006,190.55000000000007,188.47500000000005,188.82500000000005,29529
1399555800,188.52500000000003,189.07500000000005,187.57500000000005,187.80000000000007,27254
1399642200,188.30000000000007,188.60000000000005,187.45000000000005,187.82500000000005,25656
1399901400,187.30000000000007,187.40000000000003,186.40000000000003,186.65000000000003,27531
1399987800,186.95000000000005,188.27500000000003,185.77500000000003,187.25000000000006,27707
1400074200,187.50000000000006,190.22500000000005,186.97500000000005,188.22500000000005,27341
1400160600,188.45000000000005,188.65000000000003,186.60000000000005,187.07500000000005,18161
1400247000,186.85000000000005,187.40000000000003,186.27500000000003,186.57500000000005,11950
1400506200,186.50000000000006,187.52500000000003,185.70000000000005,187.00000000000006,9225
1400592600,187.25000000000006,187.37500000000006,185.90000000000003,186.50000000000006,12047
1400679000,187.37500000000006,188.60000000000005,186.62500000000006,188.15000000000003,11898
1400765400,187.65000000000003,188.27500000000003,186.55000000000004,186.65000000000003,10439
1400851800,186.52500000000003,186.82500000000005,185.00000000000006,185.05000000000004,11498
1401197400,185.32500000000005,186.37500000000006,184.37500000000006,184.75000000000006,9474
1401283800,184.37500000000006,184.37500000000006,181.75000000000006,182.60000000000005,15185
1401370200,183.02500000000003,183.15000000000003,181.20000000000005,181.92500000000004,11750
1401456600,182.30000000000004,182.35000000000005,180.92500000000004,181.80000000000004,11404
1401715800,181.55000000000004,182.80000000000004,180.87500000000006,182.37500000000006,13905
1401802200,182.65000000000003,184.05000000000004,182.27500000000003,183.62500000000006,15372
1401888600,183.62500000000006,183.65000000000003,181.82500000000005,182.82500000000005,15517
1401975000,182.80000000000004,184.02500000000003,181.62500000000006,183.50000000000006,16616
1402061400,183.87500000000006,186.50000000000006,183.52500000000003,186.30000000000004,23692
1402320600,186.52500000000003,187.95000000000005,185.92500000000004,187.27500000000003,20832
1402407000,188.02500000000003,188.20000000000005,186.17500000000004,186.47500000000005,20206
1402493400,187.05000000000004,187.50000000000006,185.75000000000006,186.35000000000005,19020
1402579800,186.22500000000005,187.82500000000005,185.67500000000004,187.25000000000006,21277
1402666200,187.72500000000005,189.15000000000003,187.47500000000005,188.32500000000005,14870
1402925400,188.55000000000004,188.62500000000006,185.32500000000005,185.57500000000005,15682
1403011800,185.70000000000005,186.75000000000003,184.42500000000004,185.35000000000005,18726
1403098200,184.92500000000004,186.30000000000004,183.37500000000006,184.57500000000005,20176
1403184600,185.95000000000005,187.57500000000005,185.95000000000005,187.05000000000004,13543
1403271000,187.77500000000003,188.17500000000004,186.40000000000003,186.45000000000005,14302
1403530200,186.77500000000003,186.97500000000005,185.82500000000005,186.27500000000003,12956
1403616600,186.65000000000003,189.20000000000005,186.55000000000004,188.37500000000003,22875
1403703000,188.87500000000003,189.12500000000003,185.37500000000003,185.95000000000005,23607
1403789400,185.62500000000003,186.67500000000004,184.97500000000002,186.10000000000005,13353
1403875800,185.85000000000005,187.45000000000005,185.50000000000003,187.12500000000003,15635
1404135000,190.07500000000005,190.12500000000003,189.30000000000004,190.12500000000003,17138
1404221400,190.30000000000004,190.67500000000004,187.20000000000005,187.72500000000005,22395
1404307800,187.30000000000004,188.77500000000003,186.80000000000004,187.65000000000003,19772
1404394200,187.92500000000004,189.37500000000003,187.75000000000003,188.90000000000003,13995
1404739800,189.35000000000005,190.37500000000003,188.95000000000005,189.12500000000003,14598
1404826200,189.40000000000003,189.57500000000005,186.90000000000003,187.15000000000003,26847
1404912600,187.42500000000004,188.92500000000004,185.30000000000004,186.90000000000003,33351
1404999000,187.30000000000004,187.72500000000005,184.42500000000004,185.25000000000006,23820
1405085400,184.90000000000003,186.27500000000003,183.92500000000004,185.97500000000005,22274
1405344600,186.80000000000004,188.52500000000003,186.52500000000003,187.65000000000003,22231
1405431000,187.85000000000005,188.32500000000005,187.00000000000003,188.02500000000003,13734
1405517400,188.32500000000005,188.50000000000003,187.40000000000003,187.82500000000005,17899
1405603800,187.75000000000003,188.25000000000003,185.57500000000005,186.15000000000003,19007
1405690200,186.05000000000004,186.35000000000002,185.32500000000005,185.97500000000002,14429
1405949400,185.97500000000002,186.05000000000004,184.65000000000003,185.12500000000006,15713
1406035800,184.70000000000005,186.52500000000003,183.57500000000005,185.87500000000006,17543
1406122200,185.47500000000002,185.67500000000004,182.87500000000006,182.87500000000006,10187
1406208600,181.97500000000002,182.15000000000003,179.87500000000006,180.32500000000005,17314
1406295000,180.52500000000003,181.27500000000003,178.75000000000006,179.70000000000005,11099
1406554200,180.32500000000005,180.42500000000004,178.22500000000002,179.05000000000004,10484
1406640600,178.22500000000002,179.00000000000006,177.60000000000002,178.50000000000006,17429
1406727000,178.50000000000006,179.17500000000004,175.50000000000006,176.12500000000006,24457
1406813400,175.47500000000002,178.27500000000003,174.80000000000004,175.60000000000002,22229
1406899800,174.87500000000006,176.47500000000002,174.80000000000004,175.25000000000006,13608
1407159000,175.22500000000002,176.97500000000002,174.82500000000005,176.05000000000004,16726
1407245400,175.82500000000005,176.32500000000005,173.65000000000003,174.10000000000002,19826
1407331800,173.92500000000004,176.17500000000004,173.62500000000006,174.62500000000006,15186
1407418200,174.35000000000002,174.35000000000002,171.62500000000006,172.67500000000004,22708
1407504600,172.30000000000004,173.75000000000006,169.92500000000004,171.75000000000006,21398
1407763800,171.42500000000004,172.67500000000004,170.72500000000002,172.60000000000002,20856
1407850200,171.35000000000002,171.55000000000004,169.60000000000002,169.60000000000002,23103
1407936600,169.15000000000003,170.37500000000006,168.47500000000002,169.82500000000005,20952
1408023000,168.52500000000003,168.62500000000006,166.82500000000005,167.67500000000004,24533
1408109400,168.12500000000006,170.20000000000005,166.72500000000002,167.37500000000006,21402
1408368600,166.77500000000003,167.92500000000004,165.67500000000004,167.52500000000003,17896
1408455000,167.47500000000002,168.95000000000005,166.82500000000005,167.25000000000006,16146
1408541400,167.05000000000004,167.27500000000003,164.40000000000003,164.92500000000004,20515
1408627800,164.72500000000002,167.47500000000002,162.87500000000006,166.05000000000004,29479
1408714200,166.12500000000006,167.20000000000005,164.95000000000005,165.30000000000004,18786
1408973400,165.22500000000002,166.40000000000003,165.17500000000004,165.87500000000006,16190
1409059800,165.60000000000002,167.85000000000002,165.32500000000005,167.52500000000003,23260
1409146200,167.37500000000006,169.60000000000002,167.02500000000003,168.35000000000002,21832
1409232600,167.70000000000005,168.72500000000002,167.07500000000005,167.90000000000003,16792
1409319000,168.47500000000002,170.90000000000003,168.45000000000005,170.55000000000004,26570
1409664600,171.32500000000005,173.55000000000004,171.17500000000004,172.30000000000004,27913
1409751000,172.70000000000005,174.67500000000004,172.12500000000006,173.52500000000003,25223
1409837400,174.45000000000005,176.52500000000003,174.15000000000003,175.07500000000005,35140
1409923800,176.17500000000004,178.07500000000005,175.57500000000005,178.05000000000004,26291
1410183000,178.55000000000004,178.57500000000005,175.22500000000002,175.50000000000006,32182
1410269400,175.82500000000005,178.50000000000006,175.47500000000002,178.20000000000005,28504
1410355800,178.92500000000004,179.80000000000004,177.62500000000006,179.52500000000003,31200
1410442200,179.70000000000005,179.97500000000002,178.50000000000006,178.80000000000004,24295
1410528600,178.90000000000003,178.90000000000003,176.82500000000005,178.12500000000006,25251
1410787800,178.42500000000004,179.15000000000003,177.32500000000005,178.50000000000006,13343
1410874200,179.10000000000002,179.82500000000005,177.07500000000005,179.30000000000004,15842
1410960600,179.37500000000006,180.10000000000002,176.30000000000004,177.27500000000003,16279
1411047000,176.37500000000006,178.75000000000006,174.27500000000003,177.17500000000004,22182
1411133400,178.15000000000003,178.87500000000006,177.77500000000003,178.22500000000002,15596
1411392600,178.17500000000004,179.45000000000005,177.90000000000003,179.07500000000005,10520
1411479000,178.77500000000003,179.67500000000004,177.17500000000004,178.62500000000006,13037
1411565400,178.72500000000002,179.62500000000006,178.00000000000006,178.57500000000005,13532
1411651800,178.27500000000003,178.27500000000003,175.62500000000006,176.97500000000002,14216
1411738200,176.65000000000003,177.95000000000005,176.22500000000002,177.85000000000002,13987
1411997400,175.07500000000005,178.67500000000004,174.97500000000002,178.22500000000002,19748
1412083800,178.17500000000004,179.32500000000005,176.87500000000006,177.90000000000003,14330
1412170200,177.62500000000006,178.57500000000005,176.07500000000005,178.25000000000006,19869
1412256600,178.00000000000006,178.77500000000003,177.00000000000006,178.30000000000004,13985
1412343000,178.32500000000005,179.00000000000006,175.80000000000004,176.40000000000003,15258
1412602200,177.07500000000005,179.40000000000003,176.87500000000006,179.25000000000006,16955
1412688600,179.47500000000002,180.67500000000004,177.27500000000003,177.72500000000002,18840
1412775000,177.60000000000002,179.37500000000006,177.27500000000003,178.55000000000004,12735
1412861400,179.07500000000005,180.45000000000005,178.77500000000003,179.00000000000006,15827
1412947800,178.75000000000006,179.10000000000002,177.50000000000006,177.77500000000003,11517
1413207000,177.77500000000003,178.75000000000006,177.62500000000006,178.00000000000006,8242
1413293400,177.77500000000003,178.70000000000005,176.90000000000003,178.30000000000004,12904
1413379800,177.72500000000002,177.85000000000002,175.30000000000004,175.30000000000004,14698
1413466200,174.57500000000005,175.22500000000002,172.77500000000003,173.70000000000005,20202
1413552600,173.07500000000005,174.77500000000003,172.72500000000002,173.95000000000005,12413
1413811800,173.47500000000002,173.77500000000003,171.95000000000005,172.52500000000003,14054
1413898200,172.02500000000003,172.92500000000004,171.22500000000002,171.82500000000005,14080
1413984600,171.47500000000002,173.60000000000002,171.40000000000003,173.12500000000006,14546
1414071000,172.87500000000006,173.17500000000004,171.40000000000003,172.10000000000002,15162
1414157400,171.70000000000005,174.02500000000003,171.10000000000002,173.62500000000006,14230
1414416600,173.72500000000002,173.72500000000002,172.17500000000004,172.42500000000004,14533
1414503000,172.87500000000006,173.97500000000002,172.80000000000004,173.57500000000005,15674
1414589400,173.37500000000006,173.87500000000006,171.32500000000005,171.97500000000002,18419
1414675800,172.57500000000005,172.92500000000004,169.52500000000003,170.57500000000005,19734
1414762200,171.12500000000006,171.77500000000003,170.57500000000005,171.40000000000003,12231
1415025000,171.65000000000003,172.35000000000002,171.45000000000005,172.22500000000002,13460
1415111400,172.47500000000002,173.40000000000003,171.17500000000004,171.35000000000002,18307
1415197800,171.27500000000003,171.57500000000005,170.05000000000004,170.50000000000006,15803
1415284200,170.95000000000005,171.62500000000006,170.50000000000006,171.02500000000003,14773
1415370600,171.67500000000004,173.07500000000005,171.47500000000002,172.15000000000003,24538
1415629800,172.52500000000003,173.65000000000003,171.95000000000005,172.92500000000004,20094
1415716200,172.85000000000002,173.67500000000004,172.07500000000005,173.27500000000003,24257
1415802600,173.62500000000006,174.55000000000004,173.00000000000006,174.05000000000004,27463
1415889000,174.20000000000005,175.60000000000002,173.90000000000003,174.65000000000003,26436
1415975400,174.77500000000003,176.57500000000005,174.45000000000005,176.05000000000004,16622
1416234600,176.27500000000003,176.37500000000006,175.12500000000006,175.92500000000004,12383
1416321000,175.70000000000005,175.70000000000005,173.57500000000005,174.42500000000004,11609
1416407400,174.05000000000004,175.22500000000002,173.92500000000004,174.95000000000005,11865
1416493800,174.87500000000006,174.87500000000006,173.20000000000005,174.20000000000005,15662
1416580200,174.45000000000005,174.57500000000005,173.45000000000005,173.75000000000006,13002
1416839400,174.15000000000003,175.15000000000003,173.75000000000006,173.80000000000004,13322
1416925800,174.12500000000006,174.77500000000003,172.55000000000004,173.12500000000006,15182
1417012200,172.92500000000004,173.27500000000003,172.52500000000003,172.85000000000002,9570
1417185000,172.90000000000003,173.25000000000006,171.10000000000002,171.52500000000003,8229
1417444200,171.10000000000002,172.55000000000004,170.12500000000006,172.22500000000002,18335
1417530600,172.10000000000002,173.02500000000003,171.42500000000004,172.30000000000004,16631
1417617000,171.52500000000003,172.10000000000002,169.85000000000002,170.17500000000004,17674
1417703400,170.17500000000004,170.50000000000006,169.20000000000005,169.92500000000004,15476
1417789800,169.80000000000004,169.90000000000003,168.37500000000006,168.92500000000004,16372
1418049000,168.80000000000004,168.90000000000003,167.90000000000003,168.42500000000004,13159
1418135400,168.20000000000005,168.50000000000006,167.55000000000004,167.90000000000003,12316
1418221800,168.40000000000003,169.22500000000002,167.42500000000004,167.85000000000002,12877
1418308200,167.90000000000003,168.45000000000005,167.50000000000006,167.65000000000003,11655
1418394600,167.42500000000004,168.02500000000003,166.37500000000006,166.55000000000004,12654
1418653800,166.87500000000006,167.05000000000004,165.65000000000003,166.57500000000005,12510
1418740200,166.22500000000002,167.15000000000003,163.57500000000005,164.97500000000002,14412
1418826600,163.40000000000003,164.25000000000006,161.97500000000002,163.77500000000003,16693
1418913000,163.75000000000006,166.20000000000005,163.57500000000005,165.17500000000004,12622
1418999400,165.17500000000004,165.80000000000004,164.35000000000002,165.20000000000005,9705
1419258600,165.45000000000005,165.67500000000004,163.42500000000004,163.55000000000004,13454
1419345000,163.70000000000005,165.57500000000005,163.50000000000006,164.95000000000005,11271
1419431400,164.87500000000006,165.05000000000004,164.17500000000004,164.60000000000002,6392
1419604200,164.82500000000005,165.17500000000004,163.60000000000002,164.85000000000002,8655
1419863400,165.40000000000003,165.52500000000003,164.65000000000003,165.10000000000002,10980
1419949800,165.00000000000006,165.30000000000004,164.30000000000004,164.47500000000002,10291
1420036200,165.20000000000005,165.77500000000003,164.12500000000006,164.50000000000006,12687
1420209000,164.25000000000006,165.10000000000002,164.22500000000002,164.60000000000002,11628
1420468200,164.92500000000004,164.95000000000005,162.92500000000004,163.22500000000002,21192
1420554600,163.27500000000003,163.27500000000003,161.45000000000005,161.87500000000006,16681
1420641000,161.90000000000003,163.17500000000004,161.45000000000005,162.62500000000006,16126
1420727400,162.47500000000002,163.00000000000006,161.17500000000004,161.47500000000002,25931
1420813800,161.60000000000002,162.45000000000005,161.10000000000002,162.32500000000005,24014
1421073000,162.05000000000004,162.05000000000004,159.72500000000002,159.95000000000005,29596
1421159400,159.95000000000005,160.25000000000006,158.32500000000005,158.47500000000002,29047
1421245800,159.00000000000006,159.80000000000004,158.45000000000005,159.32500000000005,29358
1421332200,159.37500000000006,159.90000000000003,158.65000000000003,158.92500000000004,17762
1421418600,159.10000000000002,159.10000000000002,157.45000000000005,157.80000000000004,16711
1421764200,157.60000000000002,157.60000000000002,154.80000000000004,154.80000000000004,13236
1421850600,155.20000000000005,155.37500000000006,153.67500000000004,154.35000000000002,13662
1421937000,154.67500000000004,155.22500000000002,151.95000000000005,153.00000000000006,19135
1422023400,151.77500000000003,152.05000000000004,150.12500000000006,150.77500000000003,24031
1422282600,151.47500000000002,153.77500000000003,151.02500000000003,152.77500000000003,20243
1422369000,153.32500000000005,154.35000000000002,151.32500000000005,152.17500000000004,17621
1422455400,151.25000000000006,155.17500000000004,150.97500000000002,155.07500000000005,21515
1422541800,154.85000000000002,155.45000000000005,152.77500000000003,153.32500000000005,20700
1422628200,153.15000000000003,153.80000000000004,151.90000000000003,152.37500000000006,19412
1422887400,151.92500000000004,152.62500000000006,150.92500000000004,151.05000000000004,17996
1422973800,151.07500000000005,151.65000000000003,150.05000000000004,151.00000000000006,22434
1423060200,150.17500000000004,150.37500000000006,148.00000000000006,148.25000000000006,19101
1423146600,147.85000000000002,147.85000000000002,146.27500000000003,146.40000000000003,18265
1423233000,146.87500000000006,149.40000000000003,146.75000000000006,149.40000000000003,17963
1423492200,148.42500000000004,148.62500000000006,146.40000000000003,146.87500000000006,17905
1423578600,146.75000000000006,147.87500000000006,145.75000000000006,146.70000000000005,14594
1423665000,146.12500000000006,146.17500000000004,143.80000000000004,143.95000000000005,18680
1423751400,144.12500000000006,145.42500000000004,143.85000000000005,144.62500000000006,16847
1423837800,144.57500000000005,146.97500000000002,144.05000000000004,146.15000000000003,18141
1424183400,146.65000000000003,146.67500000000004,143.87500000000006,144.12500000000006,17571
1424269800,143.92500000000004,146.00000000000006,143.35000000000005,144.35000000000002,19955
1424356200,145.32500000000005,147.35000000000002,145.32500000000005,147.17500000000004,19126
1424442600,147.62500000000006,148.97500000000002,146.42500000000004,147.52500000000003,22975
1424701800,147.90000000000003,150.02500000000003,147.62500000000006,148.45000000000005,22983
1424788200,148.70000000000005,149.40000000000003,147.50000000000006,148.70000000000005,19769
1424874600,149.27500000000003,149.65000000000003,148.75000000000006,149.45000000000005,17959
1424961000,149.00000000000006,149.22500000000002,146.67500000000004,147.27500000000003,18615
1425047400,146.72500000000002,148.27500000000003,146.32500000000005,147.60000000000002,20985
1425306600,148.52500000000003,148.97500000000002,147.40000000000003,147.80000000000004,17940
1425393000,147.67500000000004,147.95000000000005,145.40000000000003,145.72500000000002,22065
1425479400,145.37500000000006,148.67500000000004,144.27500000000003,148.12500000000006,31847
1425565800,148.80000000000004,148.82500000000005,146.67500000000004,146.95000000000005,16387
1425652200,146.62500000000006,146.62500000000006,145.37500000000006,146.25000000000006,23443
1425907800,146.12500000000006,146.52500000000003,145.50000000000006,146.20000000000005,20607
1425994200,145.92500000000004,146.20000000000005,145.20000000000005,146.10000000000002,20140
1426080600,145.92500000000004,146.02500000000003,143.45000000000005,144.25000000000006,28381
1426167000,143.77500000000003,144.05000000000004,141.25000000000006,142.42500000000004,33525
1426253400,142.17500000000004,142.62500000000006,141.57500000000005,142.22500000000005,19055
1426512600,141.67500000000004,142.52500000000003,140.85000000000005,142.32500000000005,15594
1426599000,142.22500000000005,143.17500000000004,141.85000000000005,141.90000000000003,15166
1426685400,141.87500000000006,142.42500000000004,140.55000000000004,140.82500000000005,14777
1426771800,140.00000000000006,140.77500000000003,139.27500000000003,140.22500000000005,17906
1426858200,140.35000000000005,141.42500000000004,139.35000000000005,139.55000000000004,13204
1427117400,139.55000000000004,140.30000000000004,139.05000000000004,139.32500000000005,11136
1427203800,139.40000000000003,141.17500000000004,137.75000000000006,140.37500000000006,24090
1427290200,140.00000000000006,140.90000000000003,138.95000000000005,140.30000000000004,14667
1427376600,140.20000000000005,141.32500000000005,140.07500000000005,140.85000000000005,10957
1427463000,140.92500000000004,141.32500000000005,140.40000000000003,140.70000000000005,9045
1427722200,139.95000000000005,142.50000000000006,139.75000000000006,141.25000000000006,13593
1427808600,141.20000000000005,143.47500000000005,141.20000000000005,141.50000000000006,20216
1427895000,141.05000000000004,142.35000000000005,141.02500000000003,141.95000000000005,12165
1427981400,142.05000000000004,142.30000000000004,140.20000000000005,141.40000000000003,15372
1428327000,141.45000000000005,142.67500000000004,141.40000000000003,142.30000000000004,7833
1428413400,142.72500000000005,143.05000000000004,141.72500000000005,142.05000000000004,9838
1428499800,141.95000000000005,142.92500000000004,141.67500000000004,142.80000000000004,11376
1428586200,142.97500000000005,143.25000000000006,141.95000000000005,142.50000000000006,13989
1428672600,142.77500000000003,144.20000000000005,142.52500000000003,143.85000000000005,17120
1428931800,143.95000000000005,145.45000000000005,143.95000000000005,144.47500000000005,15387
1429018200,144.45000000000005,144.82500000000005,143.55000000000004,144.17500000000004,12512
1429104600,144.52500000000003,144.55000000000004,141.17500000000004,141.17500000000004,22060
1429191000,141.27500000000003,142.42500000000004,141.17500000000004,142.07500000000005,17338
1429277400,141.80000000000004,142.07500000000005,141.40000000000003,141.97500000000005,10908
1429536600,142.20000000000005,142.27500000000003,140.72500000000005,141.22500000000005,13835
1429623000,140.85000000000005,143.60000000000005,140.80000000000004,143.30000000000004,21111
1429709400,143.05000000000004,143.20000000000005,141.22500000000005,141.65000000000003,17519
1429795800,141.77500000000003,144.55000000000004,141.72500000000005,144.02500000000003,19465
1429882200,144.40000000000003,145.40000000000003,143.45000000000005,145.15000000000003,17448
1430141400,145.30000000000004,145.97500000000005,144.72500000000005,145.10000000000005,15860
1430227800,145.20000000000005,146.12500000000006,145.17500000000004,145.60000000000005,15293
1430314200,146.15000000000003,147.52500000000003,145.92500000000004,146.90000000000003,16338
1430400600,147.57500000000005,148.32500000000005,146.07500000000005,147.12500000000006,28238
1430487000,147.65000000000003,147.65000000000003,146.45000000000005,146.95000000000005,15591
1430746200,146.75000000000006,147.85000000000005,146.72500000000005,147.52500000000003,12639
1430832600,147.72500000000005,149.25000000000006,147.72500000000005,148.45000000000005,21162
1430919000,149.20000000000005,150.17500000000004,148.90000000000003,149.75000000000006,24123
1431005400,150.05000000000004,150.15000000000003,148.97500000000005,149.20000000000005,20972
1431091800,149.60000000000005,150.75000000000006,148.60000000000005,150.52500000000003,21728
1431351000,150.70000000000005,150.70000000000005,149.60000000000005,149.97500000000005,20128
1431437400,150.20000000000005,151.02500000000003,149.25000000000006,150.75000000000006,25206
1431523800,150.77500000000003,150.80000000000004,149.72500000000005,150.47500000000005,20055
1431610200,150.35000000000005,150.57500000000005,149.30000000000004,149.65000000000003,16836
1431696600,149.80000000000004,149.80000000000004,147.97500000000005,149.05000000000004,15971
1431955800,148.52500000000003,148.62500000000006,147.47500000000002,147.85000000000002,9946
1432042200,147.72500000000002,148.55000000000004,146.52500000000003,147.30000000000004,9834
1432128600,147.67500000000004,148.67500000000004,147.12500000000006,148.47500000000002,6988
1432215000,148.12500000000006,149.82500000000005,147.70000000000005,148.97500000000002,11361
1432301400,148.92500000000004,149.42500000000004,148.70000000000005,148.85000000000002,6098
1432647000,148.87500000000006,148.95000000000005,147.80000000000004,147.92500000000004,7796
1432733400,148.22500000000002,149.32500000000005,148.02500000000003,148.45000000000005,8143
1432819800,148.95000000000005,150.07500000000005,148.52500000000003,149.75000000000006,15252
1432906200,149.42500000000004,149.92500000000004,147.65000000000003,148.57500000000005,20594
1433165400,148.82500000000005,149.62500000000006,148.32500000000005,149.47500000000002,12493
1433251800,149.25000000000006,149.55000000000004,148.25000000000006,148.92500000000004,14151
1433338200,149.12500000000006,149.12500000000006,147.05000000000004,147.60000000000002,15740
1433424600,147.25000000000006,147.25000000000006,145.62500000000006,145.72500000000002,15584
1433511000,145.62500000000006,147.00000000000006,145.52500000000003,146.25000000000006,19116
1433770200,146.40000000000003,146.65000000000003,145.80000000000004,146.10000000000002,16774
1433856600,146.12500000000006,146.27500000000003,144.50000000000006,145.10000000000002,21109
1433943000,145.57500000000005,145.97500000000002,144.80000000000004,145.00000000000006,22848
1434029400,145.17500000000004,145.25000000000006,143.87500000000006,144.30000000000004,23459
1434115800,144.25000000000006,144.25000000000006,143.05000000000004,143.17500000000004,15520
1434375000,143.07500000000005,143.07500000000005,141.15000000000003,142.32500000000005,14732
1434461400,142.12500000000006,142.92500000000004,141.95000000000005,142.27500000000003,12757
1434547800,142.80000000000004,143.27500000000003,142.40000000000003,143.12500000000006,10306
1434634200,143.37500000000006,143.72500000000002,142.30000000000004,142.75000000000006,14499
1434720600,142.65000000000003,142.65000000000003,140.40000000000003,140.57500000000005,15153
1434979800,140.20000000000005,140.20000000000005,137.92500000000004,139.12500000000006,16129
1435066200,139.60000000000002,140.80000000000004,138.80000000000004,139.00000000000006,13882
1435152600,138.87500000000006,139.75000000000006,138.87500000000006,139.10000000000002,12745
1435239000,139.65000000000003,139.72500000000002,138.37500000000006,138.90000000000003,11809
1435325400,139.35000000000002,140.10000000000002,138.82500000000005,139.57500000000005,15220
1435584600,138.72500000000002,139.80000000000004,138.02500000000003,138.52500000000003,23113
1435671000,139.20000000000005,141.52500000000003,138.80000000000004,141.12500000000006,27802
1435757400,140.95000000000005,142.57500000000005,140.95000000000005,141.60000000000002,22198
1435843800,141.90000000000003,143.42500000000004,141.77500000000003,143.12500000000006,17664
1436189400,143.17500000000004,143.50000000000006,142.47500000000002,142.75000000000006,15131
1436275800,143.30000000000004,144.02500000000003,142.37500000000006,143.10000000000002,17781
1436362200,143.22500000000002,143.45000000000005,141.05000000000004,142.55000000000004,29239
1436448600,142.95000000000005,143.02500000000003,139.75000000000006,140.02500000000003,26714
1436535000,140.30000000000004,141.22500000000002,139.92500000000004,140.40000000000003,21746
1436794200,140.32500000000005,141.32500000000005,137.40000000000003,140.70000000000005,25504
1436880600,141.02500000000003,143.62500000000006,140.92500000000004,142.67500000000004,25935
1436967000,142.65000000000003,143.15000000000003,141.67500000000004,142.05000000000004,15873
1437053400,142.22500000000002,143.15000000000003,141.77500000000003,142.75000000000006,16065
1437139800,142.87500000000006,142.97500000000002,142.10000000000002,142.42500000000004,11275
1437399000,142.65000000000003,142.87500000000003,141.82500000000005,141.92500000000004,9026
1437485400,142.20000000000005,142.45000000000005,140.72500000000002,141.37500000000003,13830
1437571800,141.97500000000002,144.37500000000006,141.95000000000005,144.37500000000006,21669
1437658200,144.15000000000003,144.67500000000004,143.60000000000002,143.67500000000004,11555
1437744600,144.05000000000004,144.35000000000002,142.82500000000005,143.00000000000006,10858
1438003800,142.67500000000004,143.45000000000005,141.37500000000003,142.52500000000003,14156
1438090200,142.47500000000002,144.92500000000004,142.02500000000003,144.02500000000003,13680
1438176600,144.62500000000006,146.40000000000003,144.57500000000005,145.05000000000004,19564
1438263000,145.25000000000006,146.15000000000003,144.32500000000005,144.67500000000004,11088
1438349400,144.62500000000006,144.62500000000006,142.02500000000003,142.70000000000005,19641
1438608600,143.10000000000002,145.07500000000005,142.97500000000002,144.30000000000004,16244
1438695000,144.97500000000002,146.67500000000004,144.30000000000004,146.32500000000005,19610
1438781400,146.32500000000005,146.47500000000002,144.70000000000005,145.75000000000006,15013
1438867800,146.02500000000003,146.12500000000006,143.12500000000006,143.42500000000004,16785
1438954200,142.92500000000004,144.25000000000006,142.85000000000002,143.10000000000002,14604
1439213400,143.47500000000002,143.57500000000005,141.67500000000004,141.95000000000005,14965
1439299800,142.05000000000004,142.32500000000005,141.22500000000002,141.32500000000005,15288
1439386200,141.85000000000002,143.07500000000005,141.82500000000005,142.35000000000002,16314
1439472600,142.92500000000004,144.60000000000002,142.62500000000003,144.02500000000003,19602
1439559000,144.57500000000005,144.97500000000002,143.80000000000004,144.32500000000005,13587
1439818200,144.82500000000005,145.75000000000006,144.60000000000002,145.25000000000006,11526
1439904600,145.20000000000005,145.45000000000005,144.22500000000002,145.10000000000002,10019
1439991000,145.10000000000002,145.15000000000003,143.27500000000003,144.97500000000002,17696
1440077400,144.27500000000003,144.52500000000003,143.12500000000006,143.72500000000002,12226
1440163800,143.22500000000002,143.95000000000005,141.60000000000002,141.80000000000004,16798
1440423000,140.67500000000004,144.80000000000004,140.57500000000005,144.80000000000004,21023
1440509400,145.70000000000005,146.82500000000005,145.12500000000006,146.47500000000002,22897
1440595800,146.50000000000006,146.80000000000004,145.52500000000003,145.97500000000002,14983
1440682200,146.05000000000004,146.27500000000003,145.60000000000002,146.02500000000003,10241
1440768600,145.75000000000006,146.02500000000003,144.97500000000002,145.40000000000003,14027
1441027800,145.65000000000003,147.55000000000004,145.37500000000006,147.00000000000006,14912
1441114200,147.27500000000003,147.72500000000002,146.02500000000003,146.95000000000005,18038
1441200600,147.27500000000003,148.95000000000005,147.05000000000004,148.75000000000006,21034
1441287000,148.67500000000004,148.87500000000006,147.90000000000003,148.42500000000004,13055
1441373400,148.47500000000002,148.87500000000006,147.92500000000004,148.12500000000006,12742
1441719000,148.47500000000002,148.47500000000002,147.65000000000003,147.75000000000006,18192
1441805400,148.05000000000004,148.35000000000002,147.27500000000003,147.90000000000003,22008
1441891800,148.12500000000006,148.30000000000004,147.40000000000003,147.52500000000003,15874
1441978200,147.52500000000003,147.60000000000002,146.07500000000005,146.30000000000004,21899
1442237400,146.37500000000006,146.75000000000006,145.32500000000005,145.80000000000004,16953
1442323800,145.92500000000004,148.75000000000006,145.75000000000006,148.35000000000002,21172
1442410200,148.52500000000003,148.90000000000003,146.52500000000003,147.22500000000002,20040
1442496600,147.55000000000004,150.00000000000003,147.30000000000004,149.50000000000003,14183
1442583000,149.20000000000005,149.70000000000005,148.42500000000004,149.30000000000004,12203
1442842200,149.32500000000005,150.35000000000002,149.32500000000005,150.12500000000003,12190
1442928600,150.30000000000004,150.35000000000002,149.47500000000002,149.90000000000003,12196
1443015000,150.30000000000004,150.65000000000003,149.00000000000003,149.37500000000003,12036
1443101400,149.30000000000004,151.05000000000004,148.75000000000003,150.97500000000002,17907
1443187800,150.55000000000004,151.70000000000005,150.35000000000002,150.92500000000004,14728
1443447000,151.35000000000002,151.60000000000002,150.42500000000004,150.90000000000003,9980
1443533400,150.95000000000005,152.42500000000004,150.95000000000005,152.20000000000005,12589
1443619800,151.85000000000002,152.75000000000003,151.65000000000003,151.87500000000003,14310
1443706200,151.77500000000003,151.77500000000003,149.15000000000003,149.67500000000004,23244
1443792600,149.97500000000002,151.32500000000005,149.70000000000005,150.52500000000003,13999
1444051800,150.70000000000005,151.10000000000002,149.45000000000005,149.87500000000003,10439
1444138200,150.30000000000004,152.22500000000002,150.20000000000005,151.87500000000003,16916
1444224600,152.45000000000005,152.62500000000003,150.75000000000003,151.12500000000003,18436
1444311000,151.45000000000005,151.75000000000003,150.35000000000002,151.30000000000004,11399
1444397400,151.80000000000004,152.42500000000004,151.15000000000003,151.27500000000003,11840
1444656600,151.47500000000002,152.27500000000003,151.47500000000002,151.65000000000003,8734
1444743000,152.12500000000003,153.52500000000003,151.90000000000003,152.72500000000002,21493
1444829400,152.75000000000003,153.22500000000002,151.55000000000004,151.97500000000002,15531
1444915800,152.10000000000002,152.27500000000003,151.30000000000004,151.97500000000002,12640
1445002200,151.67500000000004,151.82500000000005,150.40000000000003,150.72500000000002,14344
1445261400,150.52500000000003,151.87500000000003,150.17500000000004,151.12500000000003,16289
1445347800,151.55000000000004,153.97500000000002,151.40000000000003,153.00000000000003,24100
1445434200,153.65000000000003,153.92500000000004,151.80000000000004,152.17500000000004,21700
1445520600,152.97500000000002,153.17500000000004,151.15000000000003,151.60000000000002,12459
1445607000,151.15000000000003,151.42500000000004,148.60000000000002,148.75000000000003,34239
1445866200,148.77500000000003,149.65000000000003,147.77500000000003,148.00000000000003,17707
1445952600,147.75000000000003,148.12500000000003,145.97500000000002,146.40000000000003,21561
1446039000,146.35000000000002,147.27500000000003,145.57500000000005,146.55000000000004,21094
1446125400,146.50000000000003,146.87500000000003,144.42500000000004,145.02500000000003,21606
1446211800,144.65000000000003,146.30000000000004,144.17500000000004,144.35000000000002,22125
1446474600,144.15000000000003,144.57500000000005,142.25000000000003,143.37500000000003,21579
1446561000,143.45000000000005,144.22500000000002,142.32500000000005,143.37500000000003,21559
1446647400,142.77500000000003,143.65000000000003,142.30000000000004,142.52500000000003,16752
1446733800,142.85000000000002,143.72500000000002,140.02500000000003,140.55000000000004,25774
1446820200,140.55000000000004,141.15000000000003,139.07500000000005,140.15000000000003,25206
1447079400,140.17500000000004,140.20000000000005,138.25000000000003,138.87500000000003,22779
1447165800,138.87500000000003,140.05000000000004,137.95000000000005,138.70000000000005,28095
1447252200,139.20000000000005,141.62500000000003,139.10000000000002,141.32500000000005,27715
1447338600,141.15000000000003,142.30000000000004,140.52500000000003,141.25000000000003,25214
1447425000,141.57500000000005,142.00000000000003,138.92500000000004,139.95000000000005,18869
1447684200,140.32500000000005,140.32500000000005,136.95000000000005,136.95000000000005,18393
1447770600,136.90000000000003,139.87500000000003,136.87500000000003,139.27500000000003,13451
1447857000,139.40000000000003,140.90000000000003,138.90000000000003,139.17500000000004,14720
1447943400,138.70000000000005,140.10000000000002,138.70000000000005,139.62500000000003,9766
1448029800,139.90000000000003,142.00000000000003,139.87500000000003,141.22500000000002,13383
1448289000,141.40000000000003,142.55000000000004,141.00000000000003,141.17500000000004,9859
1448375400,141.17500000000004,141.72500000000002,140.10000000000002,140.40000000000003,12204
1448461800,141.10000000000002,141.60000000000002,140.42500000000004,140.97500000000002,11143
1448634600,140.85000000000002,140.85000000000002,140.10000000000002,140.57500000000005,6014
1448893800,140.45000000000005,140.50000000000003,138.67500000000004,139.70000000000005,15072
1448980200,139.95000000000005,142.70000000000005,139.90000000000003,142.67500000000004,21482
1449066600,142.72500000000002,142.95000000000005,141.75000000000003,142.05000000000004,12390
1449153000,142.02500000000003,142.87500000000003,140.55000000000004,141.72500000000002,13065
1449239400,141.72500000000002,142.15000000000003,140.55000000000004,142.00000000000003,12479
1449498600,141.12500000000003,141.35000000000002,139.87500000000003,140.42500000000004,14805
1449585000,139.97500000000002,142.60000000000002,139.52500000000003,141.27500000000003,18807
1449671400,140.80000000000004,142.35000000000002,140.60000000000002,142.15000000000003,11794
1449757800,141.72500000000002,142.45000000000005,141.72500000000002,142.12500000000003,9217
1449844200,141.90000000000003,144.65000000000003,141.90000000000003,143.45000000000005,17647
1450103400,143.17500000000004,143.72500000000002,142.12500000000003,143.02500000000003,11149
1450189800,142.65000000000003,143.02500000000003,141.27500000000003,141.82500000000005,15754
1450276200,142.10000000000002,142.15000000000003,140.25000000000003,140.80000000000004,11192
1450362600,140.30000000000004,140.30000000000004,137.85000000000002,138.67500000000004,20357
1450449000,139.00000000000003,141.20000000000005,139.00000000000003,139.52500000000003,12300
1450708200,139.87500000000003,140.75000000000003,139.25000000000003,139.35000000000002,9619
1450794600,139.50000000000003,140.40000000000003,139.50000000000003,139.75000000000003,8442
1450881000,140.27500000000003,142.07500000000005,139.67500000000004,140.67500000000004,9609
1450967400,141.50000000000003,142.25000000000003,141.10000000000002,141.20000000000005,5647
1451313000,141.45000000000005,142.55000000000004,141.30000000000004,142.02500000000003,8612
1451399400,141.92500000000004,142.37500000000003,141.52500000000003,142.05000000000004,9263
1451485800,142.05000000000004,142.80000000000004,141.87500000000003,142.67500000000004,10532
1451572200,142.75000000000003,142.97500000000002,142.15000000000003,142.70000000000005,11529
1451917800,142.77500000000003,142.92500000000004,140.97500000000002,142.32500000000005,13829
1452004200,142.35000000000002,144.37500000000003,142.35000000000002,144.00000000000003,21164
1452090600,143.77500000000003,144.40000000000003,143.55000000000004,143.72500000000002,14744
1452177000,143.92500000000004,144.32500000000005,141.85000000000002,142.45000000000005,20977
1452263400,142.50000000000003,143.85000000000002,142.20000000000005,142.75000000000003,22763
1452522600,142.52500000000003,142.82500000000005,141.77500000000003,142.60000000000002,18425
1452609000,143.07500000000005,144.95000000000005,143.02500000000003,144.80000000000004,28141
1452695400,145.00000000000003,145.52500000000003,144.05000000000004,144.52500000000003,21541
1452781800,144.62500000000003,145.57500000000005,144.32500000000005,145.25000000000003,19109
1452868200,144.92500000000004,145.35000000000002,144.22500000000002,144.92500000000004,9965
1453213800,145.32500000000002,145.47500000000002,144.925,145.20000000000002,9665
1453300200,145.15000000000003,145.45000000000002,143.87500000000003,144.55,10270
1453386600,144.77500000000003,146.675,144.07500000000002,146.50000000000003,14722
1453473000,146.175,147.15000000000003,146.15000000000003,146.47500000000002,12079
1453732200,146.85000000000002,147.32500000000002,146.05,146.25000000000003,13574
1453818600,146.47500000000002,147.32500000000002,145.97500000000002,147.07500000000002,10744
1453905000,147.37500000000003,148.02500000000003,147.22500000000002,147.95000000000002,13517
1453991400,147.95000000000002,148.45000000000002,146.60000000000002,147.175,18033
1454077800,147.37500000000003,148.50000000000003,147.27500000000003,148.175,15945
1454337000,148.35000000000002,148.60000000000002,147.3,148.175,15447
1454423400,147.52500000000003,147.75000000000003,146.47500000000002,146.57500000000002,16315
1454509800,146.72500000000002,147.37500000000003,146.57500000000002,147.15000000000003,13668
1454596200,147.12500000000003,148.07500000000002,146.90000000000003,147.72500000000002,12920
1454682600,147.62500000000003,148.20000000000002,147.40000000000003,147.77500000000003,11728
1454941800,147.47500000000002,148.425,146.97500000000002,147.20000000000002,12633
1455028200,146.87500000000003,147.72500000000002,146.675,147.10000000000002,13294
1455114600,147.675,147.87500000000003,145.675,145.82500000000002,18758
1455201000,145.70000000000002,147.32500000000002,145.37500000000003,146.925,18613
1455287400,146.97500000000002,148.25000000000003,146.75000000000003,147.85000000000002,15868
1455633000,147.65000000000003,148.27500000000003,147.52500000000003,147.62500000000003,11745
1455719400,147.70000000000002,148.85000000000002,147.15000000000003,148.62500000000003,17511
1455805800,148.8,149.70000000000002,147.75000000000003,148.25000000000003,22571
1455892200,147.55,147.87500000000003,145.82500000000002,146.37500000000003,20850
1456151400,146.27500000000003,146.87500000000003,145.82500000000002,146.72500000000002,12490
1456237800,146.47500000000002,148.22500000000002,146.05,147.425,15977
1456324200,147.47500000000002,149.05,146.70000000000002,148.95000000000002,21628
1456410600,149.07500000000002,149.32500000000002,148.20000000000002,148.60000000000002,14020
1456497000,148.62500000000003,148.675,147.52500000000003,148.32500000000002,13940
1456756200,147.95000000000002,148.175,147.15000000000003,147.45000000000002,17968
1456842600,147.72500000000002,147.95000000000002,147.20000000000002,147.87500000000003,10790
1456929000,148.25000000000003,148.27500000000003,147.37500000000003,147.52500000000003,11924
1457015400,147.50000000000003,148.05,146.60000000000002,147.82500000000002,16852
1457101800,148.20000000000002,148.85000000000002,147.925,148.27500000000003,16056
1457361000,148.32500000000002,148.425,146.75000000000003,147.52500000000003,23001
1457447400,147.65000000000003,147.675,146.95000000000002,147.25000000000003,18363
1457533800,147.32500000000002,149.675,146.95000000000002,149.57500000000002,30418
1457620200,149.27500000000003,150.35000000000002,149.22500000000002,149.65000000000003,21059
1457706600,149.97500000000002,150.175,149.10000000000002,149.3,18698
1457962200,149.15000000000003,149.175,147.82500000000002,148.25000000000003,15328
1458048600,148.35000000000002,148.675,147.85000000000002,148.20000000000002,9230
1458135000,148.07500000000002,149.40000000000003,147.45000000000002,148.77500000000003,11986
1458221400,148.85000000000002,149.22500000000002,148.10000000000002,148.77500000000003,9236
1458307800,148.675,148.95000000000002,148.425,148.87500000000003,9686
1458567000,148.52500000000003,148.65000000000003,146.75000000000003,146.82500000000002,12423
1458653400,146.82500000000002,147.97500000000002,146.55,147.82500000000002,10323
1458739800,147.55,147.925,147.35000000000002,147.75000000000003,10096
1458826200,148.37500000000003,148.425,144.97500000000002,145.82500000000002,15751
1459171800,145.55,148.37500000000003,145.55,147.425,12343
1459258200,147.425,148.05,147.32500000000002,147.90000000000003,11773
1459344600,147.87500000000003,148.175,146.00000000000003,146.52500000000003,12443
1459431000,146.65000000000003,147.00000000000003,145.07500000000002,145.82500000000002,13682
1459517400,145.82500000000002,146.175,143.77500000000003,144.35000000000002,16971
1459776600,144.60000000000002,144.70000000000002,143.65000000000003,143.70000000000002,10658
1459863000,143.87500000000003,145.02500000000003,143.50000000000003,143.97500000000002,12554
1459949400,144.175,145.10000000000002,143.97500000000002,144.95000000000002,8134
1460035800,145.15000000000003,145.62500000000003,144.20000000000002,145.05,12977
1460122200,144.8,145.925,144.27500000000003,145.85000000000002,12665
1460381400,145.77500000000003,145.87500000000003,144.47500000000002,144.60000000000002,11484
1460467800,144.60000000000002,145.10000000000002,143.90000000000003,144.175,11082
1460554200,144.175,144.32500000000002,142.55,143.07500000000002,18729
1460640600,143.175,143.27500000000003,141.85000000000002,142.10000000000002,14139
1460727000,142.25000000000003,142.675,141.77500000000003,142.60000000000002,14436
1460986200,142.85000000000002,143.37500000000003,142.10000000000002,142.8,12607
1461072600,143.27500000000003,143.95000000000002,143.02500000000003,143.90000000000003,13090
1461159000,144.47500000000002,144.925,144.20000000000002,144.57500000000002,11884
1461245400,144.675,144.8,143.62500000000003,144.50000000000003,13027
1461331800,144.87500000000003,145.425,143.675,143.8,15129
1461591000,143.87500000000003,143.90000000000003,142.55,143.425,14126
1461677400,143.82500000000002,143.82500000000002,142.52500000000003,142.8,12807
1461763800,143.05,144.72500000000002,143.05,144.45000000000002,15537
1461850200,144.97500000000002,145.82500000000002,144.77500000000003,145.75000000000003,17520
1461936600,145.55,146.72500000000002,145.07500000000002,146.675,21190
1462195800,147.175,147.82500000000002,146.75000000000003,147.675,15557
1462282200,147.70000000000002,148.10000000000002,147.07500000000002,147.90000000000003,15736
1462368600,147.90000000000003,147.90000000000003,146.50000000000003,146.8,17866
1462455000,147.175,147.70000000000002,147.00000000000003,147.3,13110
1462541400,147.22500000000002,147.22500000000002,146.00000000000003,146.25000000000003,20886
1462800600,146.32500000000002,146.82500000000002,144.90000000000003,145.12500000000003,19859
1462887000,145.50000000000003,146.175,145.37500000000003,145.77500000000003,17718
1462973400,146.22500000000002,147.87500000000003,145.82500000000002,147.8,25243
1463059800,147.97500000000002,148.45000000000002,147.87500000000003,147.97500000000002,20458
1463146200,148.27500000000003,148.37500000000003,146.3,146.925,15259
1463405400,147.12500000000003,148.12500000000003,146.55,148.00000000000003,12512
1463491800,148.20000000000002,148.25000000000003,147.27500000000003,147.72500000000002,11787
1463578200,147.62500000000003,147.675,145.85000000000002,146.22500000000002,8745
1463664600,145.85000000000002,146.10000000000002,145.07500000000005,145.37500000000003,9105
1463751000,145.25000000000003,145.25000000000003,144.425,144.55,6468
1464010200,144.32500000000005,144.50000000000003,143.27500000000003,143.60000000000002,9596
1464096600,143.70000000000005,143.90000000000003,143.10000000000002,143.675,9325
1464183000,143.87500000000003,144.35000000000002,143.70000000000005,144.12500000000003,8299
1464269400,144.40000000000003,145.97500000000002,144.175,145.57500000000005,13677
1464355800,145.40000000000003,145.55,144.70000000000005,145.37500000000003,7877
1464701400,145.57500000000005,146.65000000000003,145.40000000000003,145.75000000000003,13038
1464787800,145.8,147.22500000000002,145.02500000000003,147.10000000000002,16255
1464874200,147.3,148.77500000000003,147.22500000000002,148.75000000000003,17487
1464960600,149.02500000000003,150.57500000000005,148.85000000000002,150.27500000000003,20711
1465219800,150.52500000000003,151.70000000000005,150.02500000000003,151.10000000000002,17744
1465306200,151.10000000000002,151.95000000000005,150.32500000000005,150.57500000000005,22335
1465392600,151.02500000000003,151.675,150.90000000000003,151.32500000000005,19502
1465479000,151.925,152.05,150.22500000000002,150.32500000000005,22222
1465565400,150.12500000000003,150.62500000000003,149.75000000000003,150.00000000000003,19186
1465824600,149.77500000000003,150.675,149.37500000000003,150.40000000000003,21132
1465911000,150.27500000000003,153.20000000000005,150.22500000000002,152.37500000000003,15286
1465997400,152.97500000000002,153.12500000000003,151.07500000000005,151.12500000000003,12956
1466083800,151.175,151.75000000000003,150.55,151.37500000000003,8398
1466170200,151.32500000000005,151.60000000000002,150.37500000000003,150.47500000000002,9942
1466429400,150.25000000000003,150.47500000000002,149.40000000000003,150.25000000000003,12406
1466515800,150.25000000000003,150.45000000000005,149.62500000000003,149.77500000000003,11071
1466602200,150.175,150.27500000000003,146.925,147.15000000000003,22742
1466688600,147.35000000000002,147.45000000000005,145.75000000000003,146.75000000000003,16860
1466775000,145.75000000000003,146.72500000000002,145.50000000000003,146.27500000000003,11434
1467034200,144.97500000000002,145.425,144.55,144.8,15664
1467120600,144.95000000000005,145.70000000000005,144.47500000000002,145.27500000000003,16252
1467207000,145.57500000000005,145.675,144.35000000000002,144.62500000000003,12980
1467293400,144.675,144.925,143.95000000000005,144.57500000000005,13708
1467379800,144.72500000000002,145.57500000000005,144.175,145.25000000000003,17062
1467725400,145.25000000000003,146.12500000000003,143.47500000000002,144.55,18618
1467811800,144.50000000000003,144.65000000000003,141.82500000000005,141.925,23808
1467898200,141.70000000000005,142.27500000000003,140.87500000000003,141.425,19805
1467984600,141.425,141.425,139.925,140.12500000000003,28104
1468243800,140.12500000000003,140.27500000000003,139.425,139.65000000000003,21755
1468330200,140.32500000000005,141.02500000000003,140.12500000000003,140.47500000000002,21915
1468416600,140.425,141.675,140.32500000000005,140.50000000000003,21840
1468503000,140.15000000000003,140.85000000000002,139.60000000000002,139.90000000000003,23704
1468589400,139.8,139.90000000000003,139.07500000000005,139.22500000000002,12829
1468848600,139.27500000000003,139.50000000000003,138.37500000000003,138.60000000000002,14772
1468935000,138.87500000000003,138.90000000000003,137.425,137.52500000000003,11691
1469021400,137.62500000000003,138.60000000000002,136.97500000000002,137.10000000000002,15993
1469107800,137.10000000000002,137.10000000000002,135.00000000000003,135.50000000000003,15917
1469194200,135.50000000000003,137.25000000000003,135.02500000000003,137.12500000000003,17344
1469453400,137.87500000000003,137.925,136.35000000000002,137.57500000000002,14524
1469539800,137.32500000000002,137.65000000000003,136.425,136.85000000000002,13367
1469626200,136.60000000000002,136.70000000000002,133.87500000000003,134.27500000000003,18004
1469712600,134.07500000000002,134.27500000000003,132.35000000000002,132.425,24094
1469799000,132.45000000000002,133.65000000000003,132.00000000000003,132.27500000000003,18269
1470058200,132.8,134.52500000000003,132.40000000000003,133.82500000000002,18832
1470144600,133.72500000000002,135.07500000000002,133.27500000000003,133.75000000000003,16567
1470231000,133.55,133.90000000000003,132.65000000000003,132.72500000000002,14934
1470317400,132.50000000000003,132.52500000000003,130.8,131.72500000000002,16481
1470403800,131.75000000000003,132.50000000000003,131.40000000000003,131.52500000000003,14681
1470663000,131.425,133.425,131.37500000000003,132.07500000000002,14406
1470749400,132.07500000000002,132.77500000000003,131.32500000000002,131.425,17497
1470835800,131.22500000000002,132.47500000000002,130.85000000000002,132.20000000000002,14306
1470922200,132.62500000000003,134.675,131.50000000000003,131.65000000000003,24925
1471008600,131.8,133.55,131.07500000000002,133.22500000000002,14044
1471267800,133.85000000000002,136.02500000000003,133.65000000000003,135.72500000000002,20530
1471354200,136.12500000000003,136.47500000000002,132.85000000000002,133.07500000000002,21048
1471440600,133.07500000000002,134.27500000000003,132.50000000000003,134.22500000000002,12491
1471527000,133.925,134.87500000000003,133.27500000000003,133.925,12086
1471613400,133.75000000000003,135.62500000000003,133.50000000000003,135.15000000000003,13701
1471872600,135.425,136.25000000000003,134.12500000000003,134.37500000000003,13760
1471959000,134.35000000000002,135.07500000000002,133.37500000000003,133.75000000000003,11258
1472045400,133.95000000000002,134.02500000000003,133.15000000000003,133.55,9528
1472131800,133.425,133.45000000000002,131.60000000000002,131.925,14870
1472218200,132.55,134.925,132.55,134.55,16597
1472477400,134.65000000000003,135.175,134.05,134.60000000000002,11263
1472563800,134.60000000000002,135.52500000000003,134.27500000000003,135.27500000000003,11339
1472650200,135.32500000000002,136.12500000000003,134.85000000000002,136.07500000000002,15619
1472736600,135.97500000000002,137.07500000000002,135.40000000000003,136.55,17476
1472823000,136.55,136.90000000000003,133.75000000000003,133.97500000000002,17898
1473168600,133.35000000000002,133.40000000000003,131.72500000000002,132.15000000000003,20260
1473255000,132.425,134.25000000000003,132.425,134.10000000000002,17762
1473341400,134.72500000000002,135.27500000000003,134.10000000000002,134.22500000000002,23203
1473427800,134.425,134.82500000000002,132.32500000000002,132.45000000000002,23418
1473687000,133.15000000000003,135.20000000000002,132.32500000000002,132.65000000000003,36652
1473773400,132.77500000000003,132.77500000000003,129.8,129.97500000000002,34370
1473859800,130.45000000000002,130.82500000000002,127.92500000000003,128.15000000000003,27835
1473946200,128.47500000000002,129.20000000000002,127.77500000000002,128.37500000000003,18290
1474032600,128.52500000000003,128.925,127.87500000000003,128.70000000000002,13615
1474291800,128.75000000000003,129.20000000000005,126.82500000000003,126.92500000000003,17100
1474378200,127.05000000000003,128.00000000000003,126.37500000000003,127.82500000000003,15280
1474464600,127.82500000000003,128.07500000000005,126.55000000000003,127.00000000000003,18072
1474551000,126.75000000000003,127.85000000000002,126.75000000000003,127.35000000000002,11087
1474637400,127.00000000000003,128.00000000000003,126.85000000000002,127.65000000000003,14087
1474896600,127.45000000000003,127.75000000000003,126.80000000000003,127.35000000000002,14089
1474983000,127.52500000000003,128.05,125.02500000000003,125.20000000000003,18782
1475069400,125.75000000000003,126.20000000000003,124.90000000000003,125.45000000000003,12406
1475155800,125.40000000000003,125.97500000000002,124.95000000000003,125.72500000000002,9195
1475242200,125.70000000000003,125.72500000000002,122.72500000000002,122.72500000000002,21964
1475501400,123.05000000000003,123.75000000000003,122.10000000000002,122.92500000000003,31366
1475587800,123.37500000000003,124.62500000000003,122.05000000000003,122.25000000000003,23332
1475674200,122.75000000000003,123.00000000000003,119.85000000000002,120.20000000000003,24715
1475760600,120.87500000000003,122.57500000000003,120.80000000000003,121.92500000000003,18788
1475847000,122.35000000000002,122.70000000000003,120.92500000000003,121.35000000000002,16971
1476106200,121.70000000000003,121.70000000000003,120.35000000000002,121.12500000000003,15474
1476192600,121.50000000000003,122.52500000000003,121.05000000000003,121.52500000000003,16905
1476279000,121.60000000000002,123.17500000000003,121.57500000000003,122.80000000000003,16480
1476365400,122.50000000000003,123.67500000000003,122.50000000000003,122.92500000000003,14970
1476451800,123.05000000000003,123.05000000000003,120.72500000000002,120.97500000000002,19840
1476711000,121.22500000000002,121.47500000000002,120.00000000000003,120.35000000000002,15837
1476797400,120.45000000000003,121.00000000000003,119.77500000000003,119.87500000000003,13609
1476883800,120.00000000000003,120.75000000000003,119.45000000000003,119.92500000000003,15365
1476970200,120.05000000000003,120.60000000000002,119.80000000000003,119.85000000000002,12752
1477056600,120.37500000000003,121.40000000000003,120.20000000000003,120.60000000000002,16873
1477315800,121.75000000000003,122.50000000000003,121.52500000000003,121.95000000000003,15837
1477402200,122.50000000000003,123.45000000000003,122.35000000000002,123.37500000000003,17893
1477488600,123.45000000000003,123.62500000000003,122.50000000000003,122.95000000000003,13400
1477575000,122.95000000000003,124.72500000000002,122.60000000000002,124.12500000000003,20318
1477661400,124.25000000000003,125.82500000000003,124.20000000000003,125.55000000000003,17886
1477920600,125.57500000000003,126.90000000000003,125.32500000000003,126.70000000000003,22931
1478007000,126.45000000000003,126.87500000000003,124.85000000000002,125.20000000000003,21979
1478093400,125.67500000000003,126.70000000000003,125.30000000000003,126.57500000000003,17626
1478179800,126.20000000000003,126.30000000000003,125.10000000000002,125.75000000000003,16623
1478266200,125.65000000000003,125.70000000000003,123.85000000000002,124.90000000000003,18932
1478529000,125.12500000000003,126.00000000000003,124.72500000000002,125.85000000000002,26992
1478615400,125.95000000000003,126.42500000000003,125.37500000000003,125.72500000000002,27727
1478701800,125.60000000000002,126.17500000000003,124.72500000000002,125.30000000000003,24438
1478788200,125.27500000000003,126.55000000000003,124.30000000000003,126.12500000000003,30552
1478874600,126.15000000000003,127.50000000000003,125.62500000000003,125.87500000000003,27993
1479133800,125.82500000000003,125.82500000000003,124.17500000000003,125.65000000000003,23254
1479220200,125.65000000000003,126.07500000000003,124.47500000000002,124.87500000000003,15526
1479306600,125.02500000000003,127.02500000000003,125.00000000000003,126.77500000000003,23393
1479393000,126.77500000000003,127.12500000000003,125.82500000000003,126.47500000000002,11262
1479479400,126.50000000000003,126.70000000000003,125.77500000000003,126.42500000000003,10239
1479738600,126.45000000000003,128.77500000000003,126.35000000000002,128.62500000000003,16942
1479825000,128.65000000000003,129.05,127.62500000000003,127.80000000000003,15182
1479911400,127.80000000000003,128.62500000000003,127.72500000000002,127.80000000000003,14731
1480084200,128.60000000000002,129.25000000000003,128.27500000000003,129.00000000000003,9204
1480343400,129.22500000000002,129.57500000000005,127.97500000000002,128.07500000000005,16335
1480429800,127.90000000000003,128.02500000000003,126.87500000000003,126.95000000000003,18463
1480516200,127.25000000000003,128.40000000000003,127.15000000000003,127.47500000000002,16854
1480602600,127.50000000000003,127.60000000000002,125.80000000000003,126.32500000000003,23780
1480689000,126.75000000000003,126.85000000000002,125.85000000000002,126.27500000000003,13321
1480948200,126.75000000000003,127.37500000000003,126.50000000000003,127.05000000000003,11694
1481034600,127.60000000000002,129.97500000000002,127.27500000000003,129.72500000000002,25693
1481121000,130.10000000000002,132.15000000000003,130.05,132.00000000000003,30001
1481207400,132.35000000000002,134.675,132.22500000000002,133.07500000000005,32177
1481293800,133.37500000000003,133.95000000000005,132.00000000000003,133.8,24110
1481553000,133.8,134.65000000000003,133.57500000000005,134.425,15719
1481639400,134.425,134.65000000000003,133.40000000000003,134.00000000000003,15024
1481725800,133.95000000000005,134.40000000000003,133.52500000000003,134.02500000000003,11673
1481812200,133.95000000000005,135.20000000000005,133.12500000000003,134.65000000000003,17086
1481898600,135.00000000000003,137.20000000000005,134.82500000000005,136.95000000000005,23283
1482157800,136.97500000000002,138.82500000000005,136.175,138.35000000000002,25043
1482244200,138.10000000000002,138.675,135.90000000000003,136.25000000000003,19463
1482330600,136.07500000000005,137.72500000000002,135.15000000000003,137.15000000000003,15872
1482417000,137.55,138.00000000000003,136.675,136.97500000000002,10214
1482503400,137.32500000000005,137.35000000000002,134.52500000000003,135.45000000000005,15731
1482849000,134.75000000000003,137.12500000000003,134.40000000000003,137.00000000000003,14865
1482935400,137.3,138.37500000000003,136.70000000000005,137.35000000000002,14586
1483021800,137.82500000000005,138.20000000000005,136.40000000000003,136.90000000000003,11497
1483108200,136.85000000000002,138.60000000000002,136.52500000000003,138.40000000000003,16445
1483453800,138.65000000000003,139.15000000000003,135.47500000000002,135.75000000000003,22568
1483540200,136.12500000000003,137.02500000000003,135.55,136.85000000000002,17799
1483626600,137.175,137.85000000000002,136.47500000000002,137.12500000000003,16295
1483713000,137.40000000000003,137.40000000000003,135.82500000000005,136.22500000000002,15871
1483972200,136.37500000000003,136.37500000000003,134.8,136.00000000000003,24484
1484058600,136.45000000000005,138.15000000000003,136.10000000000002,137.3,27021
1484145000,137.50000000000003,138.32500000000005,137.07500000000005,137.85000000000002,26715
1484231400,138.15000000000003,138.47500000000002,137.15000000000003,138.20000000000005,25278
1484317800,138.35000000000002,138.45000000000005,136.97500000000002,137.85000000000002,22091
1484663400,138.20000000000005,138.22500000000002,137.3,138.05,10680
1484749800,138.07500000000005,138.62500000000003,136.37500000000003,137.15000000000003,15122
1484836200,137.15000000000003,137.70000000000005,136.57500000000005,137.3,11756
1484922600,137.27500000000003,137.40000000000003,136.50000000000003,136.8,10149
1485181800,136.82500000000005,136.90000000000003,135.50000000000003,136.10000000000002,12223
1485268200,136.27500000000003,136.65000000000003,135.85000000000002,135.95000000000005,10723
1485354600,136.925,138.75000000000003,136.675,138.47500000000002,21112
1485441000,138.35000000000002,138.90000000000003,135.47500000000002,135.55,23900
1485527400,135.87500000000003,137.12500000000003,134.95000000000005,136.62500000000003,15329
1485786600,136.72500000000002,137.35000000000002,136.15000000000003,136.55,12370
1485873000,136.87500000000003,138.52500000000003,136.75000000000003,137.57500000000005,17535
1485959400,137.85000000000002,138.3,136.55,137.425,16623
1486045800,137.425,138.05,136.70000000000005,137.90000000000003,14984
1486132200,137.90000000000003,138.65000000000003,137.22500000000002,138.57500000000005,14055
1486391400,138.52500000000003,139.72500000000002,138.32500000000005,139.55,18542
1486477800,139.85000000000002,140.675,139.82500000000005,140.50000000000003,20231
1486564200,140.37500000000003,140.97500000000002,139.60000000000002,140.05,16328
1486650600,140.45000000000005,140.57500000000005,138.95000000000005,139.10000000000002,15038
1486737000,139.32500000000005,139.97500000000002,139.00000000000003,139.40000000000003,12739
1486996200,139.40000000000003,140.10000000000002,137.32500000000005,138.02500000000003,18305
1487082600,138.32500000000005,139.95000000000005,138.32500000000005,139.62500000000003,15672
1487169000,140.10000000000002,140.65000000000003,138.97500000000002,139.10000000000002,16741
1487255400,139.40000000000003,140.10000000000002,138.07500000000005,138.15000000000003,19269
1487341800,138.15000000000003,139.45000000000005,138.15000000000003,139.10000000000002,15541
1487687400,139.57500000000005,139.90000000000003,138.57500000000005,138.675,16512
1487773800,138.32500000000005,138.32500000000005,135.85000000000002,136.07500000000005,28106
1487860200,135.82500000000005,135.82500000000005,134.35000000000002,134.90000000000003,24809
1487946600,135.02500000000003,136.55,134.65000000000003,136.35000000000002,19905
1488205800,136.57500000000005,137.32500000000005,136.20000000000005,136.45000000000005,16308
1488292200,136.62500000000003,136.70000000000005,135.50000000000003,135.925,19873
1488378600,136.57500000000005,137.22500000000002,135.85000000000002,136.75000000000003,22076
1488465000,136.87500000000003,137.95000000000005,136.425,136.60000000000002,24238
1488551400,136.32500000000005,136.32500000000005,134.90000000000003,135.07500000000005,20210
1488810600,135.60000000000002,136.50000000000003,135.12500000000003,135.50000000000003,15329
1488897000,135.72500000000002,136.72500000000002,135.27500000000003,136.37500000000003,24696
1488983400,136.47500000000002,137.00000000000003,136.22500000000002,136.75000000000003,24997
1489069800,137.05,137.3,135.87500000000003,136.40000000000003,26674
1489156200,136.425,136.82500000000005,135.40000000000003,136.50000000000003,22138
1489411800,136.72500000000002,138.62500000000003,136.40000000000003,138.55,27483
1489498200,138.75000000000003,139.60000000000002,138.32500000000005,139.15000000000003,19774
1489584600,138.82500000000005,139.10000000000002,138.12500000000003,138.40000000000003,15577
1489671000,138.70000000000005,138.75000000000003,137.70000000000005,138.22500000000002,12891
1489757400,137.82500000000005,138.10000000000002,137.10000000000002,137.37500000000003,13121
1490016600,137.45000000000005,137.60000000000002,136.62500000000003,136.97500000000002,12324
1490103000,137.02500000000003,137.12500000000006,135.67500000000004,135.92500000000004,10161
1490189400,136.10000000000002,136.40000000000003,135.15000000000003,135.35000000000002,12013
1490275800,135.45000000000005,137.37500000000006,133.72500000000002,137.20000000000005,24409
1490362200,137.20000000000005,137.85000000000002,134.62500000000006,135.35000000000002,19171
1490621400,134.90000000000003,134.92500000000004,132.97500000000002,133.12500000000006,17415
1490707800,133.25000000000006,133.35000000000002,131.90000000000003,132.05000000000004,14528
1490794200,132.20000000000005,133.07500000000005,131.85000000000002,132.35000000000002,11821
1490880600,132.12500000000006,134.00000000000006,132.07500000000005,133.85000000000002,15641
1490967000,133.72500000000002,133.72500000000002,132.82500000000005,133.45000000000005,12399
1491226200,133.55000000000004,134.20000000000005,132.12500000000006,132.25000000000006,13183
1491312600,132.17500000000004,132.55000000000004,131.42500000000004,131.57500000000005,11860
1491399000,131.80000000000004,132.30000000000004,131.32500000000005,131.62500000000006,11564
1491485400,131.95000000000005,133.37500000000006,131.67500000000004,133.30000000000004,12932
1491571800,133.02500000000003,133.05000000000004,131.92500000000004,132.37500000000006,14140
1491831000,132.60000000000002,133.02500000000003,131.95000000000005,132.87500000000006,11350
1491917400,132.60000000000002,133.70000000000005,132.22500000000002,133.60000000000002,16242
1492003800,132.90000000000003,133.05000000000004,131.52500000000003,131.87500000000006,16379
1492090200,131.57500000000005,132.27500000000003,131.12500000000006,132.10000000000002,14628
1492435800,132.10000000000002,132.50000000000006,131.50000000000006,131.95000000000005,7087
1492522200,131.95000000000005,132.07500000000005,130.22500000000002,131.10000000000002,17649
1492608600,130.42500000000004,130.50000000000006,129.50000000000006,129.55000000000004,16929
1492695000,129.25000000000006,129.97500000000002,128.15000000000003,128.27500000000003,25126
1492781400,128.42500000000004,128.85000000000002,127.37500000000004,127.92500000000004,19164
1493040600,128.32500000000005,129.22500000000002,127.97500000000004,129.12500000000006,14070
1493127000,129.00000000000006,131.80000000000004,129.00000000000006,131.42500000000004,23151
1493213400,131.42500000000004,132.05000000000004,130.22500000000002,130.35000000000002,17561
1493299800,131.00000000000006,133.25000000000006,130.90000000000003,132.42500000000004,21519
1493386200,132.82500000000005,133.82500000000005,132.42500000000004,133.60000000000002,22466
1493645400,133.60000000000002,133.90000000000003,132.62500000000006,132.87500000000006,13371
1493731800,133.10000000000002,134.07500000000005,132.97500000000002,133.75000000000006,17088
1493818200,134.00000000000006,135.42500000000004,133.97500000000002,135.15000000000003,20853
1493904600,135.35000000000002,136.17500000000004,135.30000000000004,136.07500000000005,18452
1493991000,136.17500000000004,136.70000000000005,135.47500000000002,135.92500000000004,23621
1494250200,136.35000000000002,137.15000000000003,135.77500000000003,136.97500000000002,24730
1494336600,137.20000000000005,138.02500000000003,136.77500000000003,136.97500000000002,27231
1494423000,137.37500000000006,137.55000000000004,136.37500000000006,136.80000000000004,24696
1494509400,137.10000000000002,137.17500000000004,135.97500000000002,136.65000000000003,23355
1494595800,136.75000000000006,137.77500000000003,136.47500000000002,137.55000000000004,17709
1494855000,137.65000000000003,137.85000000000002,136.65000000000003,136.85000000000002,14802
1494941400,136.70000000000005,138.70000000000005,136.02500000000003,138.32500000000005,15728
1495027800,138.82500000000005,139.55000000000004,138.40000000000003,138.50000000000006,15304
1495114200,138.05000000000004,138.90000000000003,137.32500000000005,138.77500000000003,11683
1495200600,138.40000000000003,139.72500000000002,138.15000000000003,139.67500000000004,14088
1495459800,139.55000000000004,140.12500000000006,139.17500000000004,139.55000000000004,12375
1495546200,139.30000000000004,140.00000000000006,138.95000000000005,139.52500000000003,12915
1495632600,139.82500000000005,140.35000000000002,139.12500000000006,139.35000000000002,13008
1495719000,139.17500000000004,140.17500000000004,138.70000000000005,140.07500000000005,13458
1495805400,139.97500000000002,141.52500000000003,139.92500000000004,141.40000000000003,12504
1496151000,141.40000000000003,141.45000000000005,140.27500000000003,140.50000000000006,12040
1496237400,140.80000000000004,142.85000000000002,140.80000000000004,142.52500000000003,22045
1496323800,143.00000000000006,143.02500000000003,141.17500000000004,141.62500000000006,17548
1496410200,141.95000000000005,142.12500000000006,140.92500000000004,141.47500000000002,14047
1496669400,141.37500000000006,141.97500000000002,139.87500000000006,139.92500000000004,16022
1496755800,139.80000000000004,141.47500000000002,139.75000000000006,140.87500000000006,17095
1496842200,140.95000000000005,141.22500000000002,140.25000000000006,140.57500000000005,20591
1496928600,140.45000000000005,142.00000000000006,140.45000000000005,141.70000000000005,16142
1497015000,141.80000000000004,143.00000000000006,141.80000000000004,142.20000000000005,17656
1497274200,141.90000000000003,142.10000000000002,139.67500000000004,140.20000000000005,23564
1497360600,140.62500000000006,142.50000000000006,140.50000000000006,141.77500000000003,24102
1497447000,142.50000000000006,143.17500000000004,141.72500000000002,142.07500000000005,16525
1497533400,142.35000000000002,142.95000000000005,140.22500000000002,141.55000000000004,16410
1497619800,141.70000000000005,142.30000000000004,141.15000000000003,141.82500000000005,11310
1497879000,142.47500000000002,143.87500000000006,142.37500000000006,143.40000000000003,18850
1497965400,143.77500000000003,144.20000000000005,142.70000000000005,143.57500000000005,17713
1498051800,143.87500000000006,144.32500000000005,143.17500000000007,144.15000000000003,17196
1498138200,144.15000000000003,144.30000000000007,141.60000000000005,141.80000000000007,18471
1498224600,141.87500000000006,141.90000000000003,139.82500000000005,140.57500000000005,21540
1498483800,140.67500000000007,142.45000000000005,140.27500000000003,140.60000000000005,18069
1498570200,140.92500000000007,141.15000000000003,139.70000000000005,140.47500000000005,13406
1498656600,140.47500000000005,141.82500000000005,140.35000000000005,141.40000000000003,16331
1498743000,141.77500000000003,143.45000000000005,141.67500000000007,142.67500000000007,20520
1498829400,143.12500000000006,145.67500000000007,143.02500000000003,145.67500000000007,26330
1499088600,145.67500000000007,146.80000000000007,145.42500000000007,146.32500000000005,17931
1499261400,146.82500000000005,147.30000000000007,146.07500000000005,146.50000000000006,19104
1499347800,146.60000000000005,146.75000000000006,144.12500000000006,144.57500000000005,23480
1499434200,144.42500000000007,145.57500000000005,144.42500000000007,145.15000000000003,17272
1499693400,145.22500000000005,145.75000000000006,143.77500000000003,143.92500000000007,22396
1499779800,144.10000000000005,145.00000000000006,143.92500000000007,144.17500000000007,28509
1499866200,144.77500000000003,145.40000000000003,144.42500000000007,144.55000000000007,26615
1499952600,145.00000000000006,145.85000000000005,144.15000000000003,144.45000000000005,25093
1500039000,144.50000000000006,144.50000000000006,141.55000000000007,141.82500000000005,30384
1500298200,141.97500000000005,143.02500000000003,141.70000000000005,142.70000000000005,16340
1500384600,142.82500000000005,143.15000000000006,141.95000000000005,142.52500000000006,17655
1500471000,142.97500000000008,144.20000000000005,142.10000000000008,143.45000000000005,17971
1500557400,143.35000000000008,143.72500000000008,142.42500000000007,142.50000000000006,16469
1500643800,142.52500000000006,143.00000000000006,141.67500000000007,141.87500000000006,15588
1500903000,141.62500000000006,141.65000000000006,140.45000000000005,141.10000000000008,15304
1500989400,141.65000000000006,141.87500000000006,141.27500000000006,141.50000000000006,12007
1501075800,141.65000000000006,142.62500000000006,141.65000000000006,142.30000000000007,15099
1501162200,142.05000000000007,142.50000000000006,141.40000000000006,142.32500000000005,12255
1501248600,142.47500000000008,142.80000000000007,141.02500000000006,141.15000000000006,16106
1501507800,141.15000000000006,141.40000000000006,140.57500000000005,140.67500000000007,14242
1501594200,140.55000000000007,140.72500000000008,138.87500000000006,139.05000000000007,26257
1501680600,139.05000000000007,141.40000000000006,138.77500000000006,140.87500000000006,24196
1501767000,140.75000000000006,140.97500000000008,139.32500000000005,140.15000000000006,21675
1501853400,140.55000000000007,141.60000000000008,140.50000000000006,141.42500000000007,12265
1502112600,141.60000000000008,143.17500000000007,141.27500000000006,142.77500000000006,22640
1502199000,143.20000000000005,143.55000000000007,142.35000000000008,142.40000000000006,20994
1502285400,142.57500000000005,143.40000000000006,142.37500000000006,142.90000000000006,16243
1502371800,142.80000000000007,143.15000000000006,142.27500000000006,142.62500000000006,15119
1502458200,142.85000000000008,143.52500000000006,142.47500000000008,143.27500000000006,13754
1502717400,143.35000000000008,144.12500000000006,143.27500000000006,143.82500000000005,13312
1502803800,144.12500000000006,145.55000000000007,144.02500000000006,145.17500000000007,22671
1502890200,145.25000000000006,145.97500000000008,142.60000000000008,143.42500000000007,28562
1502976600,143.12500000000006,143.12500000000006,141.07500000000005,141.57500000000005,22268
1503063000,141.15000000000006,141.45000000000005,140.07500000000005,140.77500000000006,19372
1503322200,140.15000000000006,140.35000000000008,138.90000000000006,139.32500000000005,17147
1503408600,139.50000000000006,139.80000000000007,138.00000000000006,138.52500000000006,22786
1503495000,138.25000000000006,138.42500000000007,137.42500000000007,138.20000000000005,22213
1503581400,138.20000000000005,138.67500000000007,137.27500000000006,138.42500000000007,22442
1503667800,138.57500000000005,138.95000000000005,137.42500000000007,137.72500000000008,19152
1503927000,137.42500000000007,137.65000000000006,136.22500000000008,136.27500000000006,19352
1504013400,136.27500000000006,136.40000000000006,134.47500000000008,134.87500000000006,20615
1504099800,135.05000000000007,136.35000000000008,134.80000000000007,136.00000000000006,23728
1504186200,136.32500000000005,137.25000000000006,135.92500000000007,136.05000000000007,29372
1504272600,135.95000000000005,137.22500000000008,135.82500000000005,136.10000000000008,22253
1504618200,136.72500000000008,139.10000000000008,136.52500000000006,138.40000000000006,30415
1504704600,138.65000000000006,139.00000000000006,137.90000000000006,138.20000000000005,22805
1504791000,137.47500000000008,137.70000000000005,135.97500000000008,136.10000000000008,27512
1504877400,135.85000000000008,137.60000000000008,135.72500000000008,136.80000000000007,26612
1505136600,136.47500000000008,136.92500000000007,135.90000000000006,136.22500000000008,26815
1505223000,135.37500000000006,135.57500000000005,133.87500000000006,134.10000000000008,34902
1505309400,133.47500000000008,134.62500000000006,132.90000000000006,134.22500000000008,37311
1505395800,134.12500000000006,134.75000000000006,133.25000000000006,133.67500000000007,27210
1505482200,133.25000000000006,135.85000000000008,133.15000000000006,135.62500000000006,30431
1505741400,134.95000000000005,135.87500000000006,134.62500000000006,135.20000000000005,19689
1505827800,135.35000000000008,136.95000000000005,135.07500000000005,136.87500000000006,19631
1505914200,136.15000000000006,137.25000000000006,135.87500000000006,137.07500000000005,24546
1506000600,136.90000000000006,136.97500000000008,134.90000000000006,134.95000000000005,20714
1506087000,134.17500000000007,134.65000000000006,133.65000000000006,133.77500000000006,16710
1506346200,133.45000000000005,134.90000000000006,133.25000000000006,134.57500000000005,17051
1506432600,134.75000000000006,135.47500000000008,134.10000000000008,135.25000000000006,18255
1506519000,135.25000000000006,136.90000000000006,135.07500000000005,136.80000000000007,21210
1506605400,136.45000000000005,137.05000000000007,135.32500000000005,135.42500000000007,16372
1506691800,134.92500000000007,138.32500000000005,134.50000000000006,137.10000000000008,33633
1506951000,136.87500000000006,139.82500000000005,136.77500000000006,139.12500000000006,26414
1507037400,139.35000000000008,140.60000000000008,138.55000000000007,139.22500000000008,34249
1507123800,139.45000000000005,140.05000000000007,138.97500000000008,139.05000000000007,15553
1507210200,139.25000000000006,140.27500000000006,138.87500000000006,139.95000000000005,18955
1507296600,140.05000000000007,140.05000000000007,137.85000000000008,138.07500000000005,17637
1507555800,138.07500000000005,138.47500000000008,137.75000000000006,138.10000000000008,14604
1507642200,138.37500000000006,139.50000000000006,138.37500000000006,138.70000000000005,18119
1507728600,139.30000000000007,140.02500000000006,139.07500000000005,139.65000000000006,17478
1507815000,139.90000000000006,140.27500000000006,138.45000000000005,138.77500000000006,19906
1507901400,138.90000000000006,139.55000000000007,138.67500000000007,139.35000000000008,11498
1508160600,139.65000000000006,141.02500000000006,139.45000000000005,140.85000000000008,19496
1508247000,141.15000000000006,141.65000000000006,139.12500000000006,139.32500000000005,21117
1508333400,139.45000000000005,140.95000000000005,139.45000000000005,140.90000000000006,21048
1508419800,141.15000000000006,141.80000000000007,140.75000000000006,141.40000000000006,18435
1508506200,141.42500000000007,142.07500000000005,141.05000000000007,142.00000000000006,19473
1508765400,142.05000000000007,142.47500000000008,140.60000000000008,140.67500000000007,19106
1508851800,140.65000000000006,141.52500000000006,140.10000000000008,141.17500000000007,18717
1508938200,141.02500000000006,141.82500000000005,140.82500000000005,141.62500000000006,16012
1509024600,141.77500000000006,142.70000000000005,141.25000000000006,142.20000000000005,21981
1509111000,142.15000000000006,142.30000000000007,140.82500000000005,141.60000000000008,18535
1509370200,141.60000000000008,142.45000000000005,141.47500000000008,142.32500000000005,17312
1509456600,142.77500000000006,145.32500000000005,142.57500000000005,145.15000000000006,35287
1509543000,145.10000000000008,145.15000000000006,143.45000000000005,143.75000000000006,28658
1509629400,143.62500000000006,143.62500000000006,142.45000000000005,142.95000000000005,25452
1509715800,143.20000000000005,143.45000000000005,141.92500000000007,142.25000000000006,20563
1509978600,142.22500000000008,142.30000000000007,141.57500000000005,141.77500000000006,19558
1510065000,141.75000000000006,141.75000000000006,140.75000000000006,141.07500000000005,28326
1510151400,141.27500000000006,141.40000000000006,140.50000000000006,140.70000000000005,30054
1510237800,140.72500000000008,141.05000000000007,139.77500000000006,140.32500000000005,32202
1510324200,140.25000000000006,140.25000000000006,139.30000000000007,139.62500000000006,30065
1510583400,139.72500000000008,140.07500000000005,139.07500000000005,139.45000000000005,28349
1510669800,139.55000000000007,139.55000000000007,137.05000000000007,137.12500000000006,25610
1510756200,137.42500000000007,138.37500000000006,136.40000000000006,138.27500000000006,24660
1510842600,138.57500000000005,138.70000000000005,137.02500000000006,137.25000000000006,17829
1510929000,137.20000000000007,138.75000000000006,137.02500000000006,137.75000000000006,14899
1511188200,137.97500000000008,139.62500000000006,137.65000000000006,139.15000000000006,18084
1511274600,139.15000000000006,139.97500000000008,137.47500000000008,137.62500000000006,16186
1511361000,137.82500000000007,139.82500000000007,137.55000000000007,139.77500000000006,9965
1511533800,140.07500000000007,140.82500000000007,140.00000000000006,140.07500000000007,10175
1511793000,140.37500000000006,140.90000000000006,140.22500000000008,140.77500000000006,11279
1511879400,140.77500000000006,142.67500000000007,140.45000000000007,142.20000000000007,21387
1511965800,142.42500000000007,142.92500000000007,141.30000000000007,141.57500000000007,19197
1512052200,141.85000000000008,142.52500000000006,140.27500000000006,140.45000000000007,21197
1512138600,140.65000000000006,141.67500000000007,140.05000000000007,141.40000000000006,18763
1512397800,141.30000000000007,142.47500000000008,140.37500000000006,142.35000000000008,19244
1512484200,142.37500000000006,142.37500000000006,140.82500000000007,141.17500000000007,15131
1512570600,141.12500000000006,141.40000000000006,139.57500000000007,139.62500000000006,17109
1512657000,139.45000000000007,139.97500000000008,138.82500000000007,139.15000000000006,21710
1512743400,139.10000000000008,139.60000000000008,138.52500000000006,139.52500000000006,14655
1513002600,139.42500000000007,139.80000000000007,137.60000000000008,137.70000000000007,20706
1513089000,137.57500000000007,137.72500000000008,137.15000000000006,137.20000000000007,18612
1513175400,137.17500000000007,138.17500000000007,137.00000000000006,137.47500000000008,20175
1513261800,136.92500000000007,139.37500000000006,136.92500000000007,138.30000000000007,19582
1513348200,138.20000000000007,139.30000000000007,137.85000000000008,139.20000000000007,15344
1513607400,139.52500000000006,140.60000000000008,137.97500000000008,138.07500000000007,19760
1513693800,138.25000000000006,138.57500000000007,137.45000000000007,137.57500000000007,13679
1513780200,138.07500000000007,139.35000000000008,137.50000000000006,139.05000000000007,15446
1513866600,139.27500000000006,139.97500000000008,138.82500000000007,139.25000000000006,12418
1513953000,139.57500000000007,140.80000000000007,139.10000000000008,140.65000000000006,14359
1514298600,140.92500000000007,142.35000000000008,140.57500000000007,142.20000000000007,14808
1514385000,142.20000000000007,142.62500000000006,140.97500000000008,141.70000000000007,19199
1514471400,141.77500000000006,142.52500000000006,141.37500000000006,142.22500000000008,15187
1514557800,142.42500000000007,143.12500000000006,142.25000000000006,142.45000000000007,17707
1514903400,142.67500000000007,142.67500000000007,141.35000000000008,141.40000000000006,19308
1514989800,141.77500000000006,141.87500000000006,140.87500000000006,141.72500000000008,18301
1515076200,142.12500000000006,142.47500000000008,141.50000000000006,142.05000000000007,16426
1515162600,142.17500000000007,142.32500000000007,141.57500000000007,142.10000000000008,13320
1515421800,142.35000000000008,144.07500000000007,142.35000000000008,143.65000000000006,30818
1515508200,144.00000000000006,144.12500000000006,143.12500000000006,143.85000000000008,27391
1515594600,144.17500000000007,144.35000000000008,142.25000000000006,143.20000000000007,33375
1515681000,143.17500000000007,143.17500000000007,141.40000000000006,141.65000000000006,30248
1515767400,141.67500000000007,142.50000000000006,141.62500000000006,142.25000000000006,23455
1516113000,142.75000000000006,144.92500000000007,142.72500000000008,144.57500000000007,20011
1516199400,144.32500000000007,144.37500000000006,143.20000000000007,143.40000000000006,15177
1516285800,143.42500000000007,144.10000000000005,143.15000000000006,143.77500000000006,17145
1516372200,143.72500000000005,143.95000000000005,142.90000000000006,143.37500000000006,13247
1516631400,143.40000000000006,143.55000000000007,142.97500000000005,143.00000000000006,10583
1516717800,143.15000000000006,143.45000000000005,142.10000000000005,142.52500000000006,19413
1516804200,142.70000000000005,144.20000000000005,142.12500000000006,143.57500000000005,19713
1516890600,143.95000000000005,144.40000000000006,141.60000000000005,141.70000000000005,21429
1516977000,141.72500000000005,142.25000000000006,141.15000000000006,141.67500000000007,13911
1517236200,141.92500000000007,142.07500000000005,141.17500000000007,141.30000000000007,13060
1517322600,141.27500000000006,141.35000000000005,140.00000000000006,140.77500000000006,20608
1517409000,141.15000000000006,141.27500000000006,139.97500000000005,140.12500000000006,19653
1517495400,140.27500000000006,141.17500000000007,140.10000000000005,140.70000000000005,23634
1517581800,141.07500000000005,142.00000000000006,139.55000000000007,141.42500000000007,21223
1517841000,141.52500000000006,141.85000000000005,140.15000000000006,141.20000000000005,18592
1517927400,140.65000000000006,140.70000000000005,138.47500000000005,139.30000000000007,27098
1518013800,138.57500000000005,138.70000000000005,136.75000000000006,137.10000000000005,29101
1518100200,137.05000000000007,137.52500000000006,136.62500000000006,137.32500000000005,22804
1518186600,137.32500000000005,137.75000000000006,136.70000000000005,136.72500000000005,19018
1518445800,136.57500000000005,138.60000000000005,136.42500000000007,138.40000000000006,25682
1518532200,138.20000000000005,138.30000000000007,137.17500000000007,137.30000000000007,20071
1518618600,137.52500000000006,139.15000000000006,136.95000000000005,138.52500000000006,20213
1518705000,138.60000000000005,139.12500000000006,137.50000000000006,137.60000000000005,18856
1518791400,137.30000000000007,137.32500000000005,135.90000000000006,136.02500000000006,22442
1519137000,136.35000000000005,137.90000000000006,136.17500000000007,137.07500000000005,24558
1519223400,137.75000000000006,138.42500000000007,137.00000000000006,137.77500000000006,17817
1519309800,137.70000000000005,139.42500000000007,137.35000000000005,139.15000000000006,21244
1519396200,139.17500000000007,139.65000000000006,138.75000000000006,139.25000000000006,0
1519655400,139.02500000000006,139.82500000000005,137.77500000000006,137.82500000000005,21413
1519741800,137.95000000000005,138.55000000000007,137.67500000000007,137.82500000000005,20371
1519828200,137.27500000000006,137.37500000000006,135.00000000000006,135.10000000000005,38957
1519914600,135.37500000000006,135.70000000000005,134.75000000000006,134.85000000000005,20884
1520001000,135.32500000000005,135.87500000000006,134.77500000000006,135.45000000000005,21360
1520260200,135.80000000000007,136.97500000000005,135.52500000000006,136.67500000000007,17955
1520346600,137.15000000000006,137.20000000000005,136.00000000000006,136.07500000000005,20921
1520433000,135.95000000000005,136.20000000000005,134.30000000000007,135.67500000000007,34019
1520519400,135.05000000000007,136.05000000000007,134.50000000000006,135.95000000000005,32937
1520605800,135.62500000000006,136.17500000000007,134.87500000000006,135.72500000000005,28945
1520861400,135.37500000000006,135.70000000000005,134.40000000000006,135.55000000000007,25259
1520947800,135.55000000000007,136.72500000000005,135.30000000000007,135.60000000000005,30588
1521034200,135.32500000000005,135.60000000000005,134.50000000000006,134.75000000000006,20596
1521120600,134.27500000000006,134.70000000000005,133.55000000000007,133.60000000000005,21770
1521207000,133.57500000000005,134.40000000000006,133.25000000000006,133.32500000000005,20869
1521466200,133.00000000000006,133.00000000000006,130.90000000000006,131.02500000000006,17818
1521552600,131.10000000000008,131.30000000000007,130.35000000000008,130.95000000000005,16817
1521639000,130.90000000000006,131.82500000000005,130.35000000000008,131.42500000000007,19927
1521725400,131.02500000000006,131.35000000000008,129.10000000000008,129.67500000000007,20305
1521811800,128.52500000000006,129.77500000000006,127.42500000000005,128.35000000000008,26648
1522071000,128.55000000000007,129.92500000000007,128.22500000000008,128.30000000000007,18416
1522157400,128.35000000000008,128.95000000000005,127.92500000000005,128.22500000000008,16933
1522243800,127.15000000000006,131.12500000000006,127.15000000000006,130.82500000000005,23519
1522330200,130.60000000000008,130.95000000000005,129.67500000000007,130.75000000000006,0
1522675800,129.22500000000008,129.55000000000007,127.75000000000006,127.75000000000006,13379
1522762200,127.55000000000005,127.75000000000006,125.10000000000007,125.85000000000007,29731
1522848600,125.42500000000005,127.97500000000007,124.45000000000006,127.47500000000007,26664
1522935000,127.35000000000007,128.45000000000005,127.22500000000007,128.02500000000006,17206
1523021400,127.50000000000006,127.95000000000006,126.55000000000005,127.47500000000007,21168
1523280600,127.17500000000005,130.47500000000008,126.90000000000006,130.07500000000005,25309
1523367000,130.20000000000005,131.20000000000005,129.12500000000006,129.25000000000006,24318
1523453400,129.10000000000008,130.85000000000008,129.10000000000008,129.97500000000008,15511
1523539800,130.10000000000008,131.70000000000005,129.45000000000005,131.45000000000005,22520
1523626200,131.97500000000008,132.30000000000007,131.10000000000008,131.85000000000008,15993
1523885400,131.60000000000008,132.27500000000006,130.60000000000008,131.00000000000006,16147
1523971800,131.30000000000007,131.62500000000006,130.50000000000006,130.95000000000005,14757
1524058200,131.00000000000006,133.15000000000006,130.97500000000008,132.72500000000008,23526
1524144600,133.00000000000006,133.30000000000007,131.70000000000005,132.27500000000006,18749
1524231000,132.20000000000005,132.70000000000005,131.52500000000006,131.75000000000006,14077
1524490200,130.95000000000005,131.50000000000006,130.30000000000007,130.57500000000005,18695
1524576600,130.45000000000005,130.62500000000006,128.95000000000005,129.02500000000006,23669
1524663000,128.92500000000007,129.80000000000007,128.15000000000006,129.55000000000007,21917
1524749400,129.00000000000006,129.07500000000005,127.97500000000007,128.20000000000005,19229
1524835800,127.97500000000007,128.52500000000006,126.67500000000005,126.82500000000006,18233
1525095000,126.95000000000006,127.80000000000005,126.40000000000006,126.90000000000006,21409
1525181400,127.50000000000006,128.47500000000008,127.17500000000005,128.10000000000008,22329
1525267800,128.30000000000007,128.92500000000007,127.37500000000006,127.70000000000006,19397
1525354200,128.00000000000006,129.62500000000006,127.62500000000006,127.70000000000006,24071
1525440600,127.77500000000006,128.25000000000006,126.95000000000006,127.72500000000007,18893
1525699800,127.72500000000007,129.07500000000005,127.27500000000006,128.37500000000006,21670
1525786200,129.22500000000008,130.67500000000007,128.92500000000007,130.50000000000006,29601
1525872600,130.82500000000005,131.45000000000005,130.02500000000006,130.77500000000006,30776
1525959000,130.50000000000006,131.65000000000006,130.27500000000006,131.52500000000006,26926
1526045400,131.55000000000007,131.67500000000007,129.10000000000008,129.30000000000007,29031
1526304600,129.72500000000008,130.70000000000005,129.55000000000007,130.35000000000008,17095
1526391000,130.42500000000007,130.50000000000006,128.27500000000006,128.92500000000007,22613
1526477400,129.27500000000006,130.22500000000008,128.95000000000005,130.10000000000008,19183
1526563800,129.82500000000005,130.92500000000007,129.60000000000008,130.67500000000007,24861
1526650200,130.67500000000007,131.10000000000005,128.85000000000005,129.72500000000005,14728
1526909400,130.25000000000006,130.57500000000005,127.82500000000005,129.32500000000005,15783
1526995800,128.65000000000003,128.72500000000005,127.45000000000005,127.60000000000005,13888
1527082200,127.67500000000005,129.72500000000005,127.65000000000005,128.70000000000005,20453
1527168600,128.60000000000005,129.42500000000007,127.72500000000005,129.25000000000006,15031
1527255000,129.22500000000005,130.55000000000007,128.90000000000003,130.02500000000003,13834
1527600600,130.32500000000005,132.00000000000006,130.15000000000003,131.32500000000005,22478
1527687000,131.55000000000007,132.72500000000005,131.30000000000007,132.60000000000005,17962
1527773400,132.10000000000005,132.52500000000003,129.82500000000005,130.52500000000003,28378
1527859800,130.95000000000005,131.60000000000005,130.00000000000006,131.27500000000003,21679
1528119000,131.20000000000005,131.47500000000005,128.75000000000006,130.40000000000003,21927
1528205400,129.00000000000006,129.65000000000003,127.67500000000005,129.50000000000006,25157
1528291800,129.55000000000007,132.50000000000006,129.52500000000003,132.42500000000007,27439
1528378200,132.42500000000007,132.45000000000005,131.50000000000006,131.92500000000007,27713
1528464600,133.00000000000006,133.42500000000007,132.55000000000007,133.20000000000005,24913
1528723800,133.47500000000005,134.10000000000005,131.10000000000005,131.87500000000006,26819
1528810200,132.50000000000006,134.22500000000005,131.57500000000005,133.92500000000007,27989
1528896600,134.22500000000005,135.77500000000003,134.22500000000005,135.25000000000006,27447
1528983000,135.27500000000003,135.65000000000003,133.72500000000005,134.10000000000005,18635
1529069400,133.95000000000005,135.47500000000005,133.35000000000005,134.20000000000005,21353
1529328600,134.52500000000003,136.30000000000007,134.42500000000007,136.20000000000005,16636
1529415000,134.97500000000005,135.35000000000005,133.65000000000003,134.50000000000006,25314
1529501400,134.27500000000003,134.57500000000005,131.50000000000006,131.92500000000007,25047
1529587800,131.47500000000005,132.60000000000005,130.92500000000007,132.50000000000006,21620
1529674200,132.25000000000006,132.25000000000006,131.30000000000007,132.15000000000003,14864
1529933400,131.77500000000003,131.77500000000003,130.05000000000007,130.37500000000006,19346
1530019800,130.37500000000006,132.42500000000007,130.37500000000006,131.52500000000003,23230
1530106200,131.60000000000005,132.02500000000003,131.07500000000005,131.82500000000005,15128
1530192600,131.60000000000005,133.02500000000003,131.42500000000007,132.50000000000006,15623
1530279000,131.45000000000005,133.70000000000005,131.17500000000007,133.22500000000005,26932
1530538200,133.07500000000005,133.95000000000005,130.60000000000005,131.15000000000003,33537
1530624600,131.67500000000007,133.35000000000005,131.07500000000005,132.77500000000003,0
1530797400,132.77500000000003,133.62500000000006,132.12500000000006,132.82500000000005,18102
1530883800,132.25000000000006,133.75000000000006,132.02500000000003,132.20000000000005,20053
1531143000,132.55000000000007,132.62500000000006,129.32500000000005,129.55000000000007,30345
1531229400,129.52500000000003,129.52500000000003,126.55000000000005,126.55000000000005,41417
1531315800,126.32500000000005,127.25000000000004,125.30000000000005,125.57500000000005,34847
1531402200,126.27500000000005,127.82500000000005,126.02500000000005,127.20000000000005,28284
1531488600,127.15000000000005,127.97500000000005,126.85000000000005,126.92500000000005,23602
1531747800,126.87500000000004,127.55000000000005,125.85000000000005,125.97500000000005,16033
1531834200,126.50000000000004,126.75000000000004,124.50000000000004,124.67500000000005,20047
1531920600,124.92500000000005,124.92500000000005,123.80000000000005,124.40000000000005,24191
1532007000,124.52500000000005,126.02500000000005,123.95000000000005,124.70000000000005,23053
1532093400,124.12500000000006,124.47500000000005,123.20000000000005,123.75000000000006,16057
1532352600,123.87500000000006,125.80000000000005,123.57500000000005,125.10000000000005,20943
1532439000,124.92500000000005,126.72500000000005,124.42500000000005,125.00000000000006,21177
1532525400,125.50000000000006,126.57500000000005,125.10000000000005,126.40000000000005,14755
1532611800,126.22500000000005,128.45000000000005,124.62500000000006,124.72500000000005,26677
1532698200,124.22500000000005,124.55000000000005,122.95000000000005,123.35000000000005,18165
1532957400,123.65000000000005,124.42500000000005,123.05000000000005,123.70000000000005,12456
1533043800,123.47500000000005,124.02500000000005,122.60000000000005,123.20000000000005,21754
1533130200,122.77500000000005,124.70000000000005,122.40000000000005,123.25000000000006,26015
1533216600,122.77500000000005,122.92500000000005,122.07500000000005,122.12500000000006,20706
1533303000,122.20000000000005,124.62500000000006,121.82500000000005,123.25000000000006,26103
1533562200,123.47500000000005,124.45000000000005,122.47500000000005,122.70000000000005,18924
1533648600,122.80000000000005,123.70000000000005,122.35000000000005,122.45000000000005,24835
1533735000,121.90000000000005,122.12500000000006,120.52500000000005,120.87500000000006,23791
1533821400,120.32500000000005,123.87500000000006,120.30000000000005,123.87500000000006,30835
1533907800,123.82500000000005,126.55000000000005,123.22500000000005,123.65000000000005,34312
1534167000,123.62500000000006,126.25000000000006,123.27500000000005,124.12500000000006,23148
1534253400,124.12500000000006,125.40000000000005,123.97500000000005,124.32500000000005,17619
1534339800,124.30000000000005,125.22500000000005,123.72500000000005,124.95000000000005,14651
1534426200,126.02500000000005,127.95000000000005,126.02500000000005,127.95000000000005,22165
1534512600,128.85000000000005,131.32500000000005,128.17500000000007,131.07500000000005,35004
1534771800,131.62500000000006,131.97500000000005,128.45000000000005,128.95000000000005,31109
1534858200,129.02500000000003,129.80000000000007,128.15000000000003,128.70000000000005,20151
1534944600,127.57500000000005,127.77500000000005,125.87500000000006,126.07500000000005,22989
1535031000,125.57500000000005,125.95000000000005,123.47500000000005,123.65000000000005,21344
1535117400,123.12500000000006,124.72500000000005,122.65000000000005,124.25000000000006,21274
1535376600,124.25000000000006,127.25000000000006,124.15000000000005,127.25000000000006,24166
1535463000,128.07500000000005,128.12500000000006,124.12500000000006,124.47500000000005,28907
1535549400,124.22500000000005,125.77500000000005,123.72500000000005,124.02500000000005,24973
1535635800,123.82500000000005,124.60000000000005,121.40000000000005,121.60000000000005,26003
1535722200,122.27500000000005,124.30000000000005,122.17500000000005,122.90000000000005,0
1536067800,124.12500000000006,124.42500000000005,122.62500000000006,123.55000000000005,33020
1536154200,124.02500000000005,125.05000000000005,122.75000000000006,124.45000000000005,25739
1536240600,125.75000000000006,127.45000000000005,125.30000000000005,127.45000000000005,25005
1536327000,127.60000000000005,128.27500000000003,126.30000000000005,128.12500000000006,29461
1536586200,128.87500000000006,129.72500000000005,128.32500000000005,128.42500000000007,36847
1536672600,129.05000000000007,129.05000000000007,126.50000000000006,126.95000000000005,33246
1536759000,127.12500000000006,128.95000000000005,126.55000000000005,128.27500000000003,37660
1536845400,128.32500000000005,128.42500000000007,127.12500000000006,128.15000000000003,31385
1536931800,128.80000000000007,129.35000000000005,127.95000000000005,128.70000000000005,28555
1537191000,128.77500000000006,128.82500000000005,125.87500000000006,127.42500000000005,33637
1537277400,128.07500000000005,130.12500000000006,128.00000000000006,130.02500000000006,24907
1537363800,130.30000000000007,130.50000000000006,128.57500000000005,129.95000000000005,24478
1537450200,129.87500000000006,130.70000000000005,129.40000000000006,130.32500000000005,24226
1537536600,130.25000000000006,130.50000000000006,128.75000000000006,129.45000000000005,18760
1537795800,129.45000000000005,130.40000000000006,128.60000000000005,129.02500000000006,20013
1537882200,129.25000000000006,129.85000000000005,128.37500000000006,129.80000000000007,19296
1537968600,129.85000000000005,129.87500000000006,128.50000000000006,129.27500000000006,18509
1538055000,128.85000000000005,129.00000000000006,126.57500000000005,127.52500000000006,23194
1538141400,128.05000000000007,130.50000000000006,127.60000000000005,129.97500000000005,33772
1538400600,130.52500000000006,132.00000000000006,130.42500000000007,131.90000000000006,29710
1538487000,131.55000000000007,131.67500000000007,130.55000000000007,131.20000000000005,22949
1538573400,131.15000000000006,131.30000000000007,128.52500000000006,129.20000000000005,24309
1538659800,128.50000000000006,128.92500000000007,127.22500000000005,127.37500000000006,21328
1538746200,127.55000000000005,130.05000000000007,127.27500000000006,129.60000000000005,26559
1539005400,129.65000000000006,130.37500000000006,129.35000000000005,129.60000000000005,19141
1539091800,128.87500000000006,129.15000000000006,127.62500000000006,128.62500000000006,25459
1539178200,128.77500000000006,130.00000000000006,127.82500000000005,128.00000000000006,21429
1539264600,128.02500000000006,128.02500000000006,125.90000000000006,126.47500000000005,28338
1539351000,126.65000000000006,128.72500000000005,126.32500000000005,127.05000000000005,23070
1539610200,127.30000000000005,129.65000000000006,127.30000000000005,128.80000000000007,22328
1539696600,128.85000000000005,130.37500000000006,128.70000000000005,128.92500000000007,26003
1539783000,128.20000000000005,128.80000000000007,126.60000000000005,126.75000000000006,26090
1539869400,126.42500000000005,126.42500000000005,124.05000000000005,124.35000000000005,25760
1539955800,124.95000000000005,126.00000000000006,123.55000000000005,123.65000000000006,22938
1540215000,124.25000000000006,125.97500000000005,123.32500000000005,125.22500000000005,20483
1540301400,125.80000000000005,127.45000000000005,125.42500000000005,126.57500000000005,20804
1540387800,127.15000000000006,129.57500000000005,127.15000000000006,129.57500000000005,22599
1540474200,129.97500000000005,130.50000000000006,128.40000000000006,128.82500000000005,29841
1540560600,128.97500000000005,130.12500000000006,128.82500000000005,129.97500000000005,18599
1540819800,130.55000000000007,131.50000000000006,130.25000000000006,130.90000000000006,24460
1540906200,131.57500000000005,131.92500000000007,130.75000000000006,131.05000000000007,25114
1540992600,131.75000000000006,132.25000000000006,130.25000000000006,130.50000000000006,25697
1541079000,129.87500000000006,131.12500000000006,128.80000000000007,130.25000000000006,25966
1541165400,129.82500000000005,130.65000000000006,129.30000000000007,130.17500000000007,19163
1541428200,130.00000000000006,131.17500000000007,128.75000000000006,129.15000000000006,22750
1541514600,128.57500000000005,128.87500000000006,126.15000000000006,126.15000000000006,27672
1541601000,126.45000000000005,127.80000000000005,126.05000000000005,127.57500000000005,36721
1541687400,127.20000000000005,127.80000000000005,126.42500000000005,127.67500000000005,35637
1541773800,126.85000000000005,128.15000000000006,126.27500000000006,127.85000000000005,36557
1542033000,127.75000000000006,129.95000000000005,127.27500000000006,128.60000000000005,32464
1542119400,128.40000000000006,129.45000000000005,127.65000000000006,129.35000000000005,26809
1542205800,128.80000000000007,130.25000000000006,128.80000000000007,129.05000000000007,21014
1542292200,129.22500000000005,129.92500000000007,128.82500000000005,129.12500000000006,16450
1542378600,129.52500000000006,132.12500000000006,129.47500000000005,132.12500000000006,24315
1542637800,132.42500000000007,134.55000000000007,132.15000000000006,134.40000000000006,35376
1542724200,134.37500000000006,134.87500000000006,132.25000000000006,132.50000000000006,24406
1542810600,132.05000000000007,132.22500000000005,130.97500000000005,131.55000000000007,16365
1542983400,131.50000000000006,133.67500000000007,131.47500000000005,133.20000000000005,14363
1543242600,133.32500000000005,133.35000000000005,130.32500000000005,130.92500000000007,23144
1543329000,131.37500000000006,131.42500000000007,129.55000000000007,130.42500000000007,15616
1543415400,130.25000000000006,131.27500000000006,129.22500000000005,129.87500000000006,12618
1543501800,130.47500000000005,132.85000000000005,130.47500000000005,132.72500000000005,21508
1543588200,132.85000000000005,133.20000000000005,131.32500000000005,132.92500000000007,18924
1543847400,133.87500000000006,134.20000000000005,130.27500000000006,132.27500000000006,30222
1543933800,132.37500000000006,132.62500000000006,130.90000000000006,131.42500000000007,13723
1544020200,130.90000000000006,133.47500000000005,130.50000000000006,133.12500000000006,16804
1544106600,132.27500000000006,132.62500000000006,130.62500000000006,132.27500000000006,18027
1544193000,132.95000000000005,133.32500000000005,131.45000000000005,133.25000000000006,19587
1544452200,133.22500000000005,133.52500000000006,132.00000000000006,132.20000000000005,15895
1544538600,131.87500000000006,132.02500000000006,130.35000000000005,130.57500000000005,21334
1544625000,131.05000000000007,131.25000000000006,130.15000000000006,131.07500000000005,13700
1544711400,130.75000000000006,131.07500000000005,129.47500000000005,130.20000000000005,17731
1544797800,130.65000000000006,132.17500000000007,129.82500000000005,129.87500000000006,18313
1545057000,129.70000000000005,129.77500000000006,128.40000000000006,129.20000000000005,17366
1545143400,129.02500000000006,129.07500000000005,127.50000000000006,128.02500000000006,18187
1545229800,128.10000000000005,128.90000000000006,127.57500000000006,128.07500000000005,12796
1545316200,127.87500000000006,128.80000000000007,127.17500000000005,127.75000000000006,15894
1545402600,128.62500000000006,128.62500000000006,126.40000000000006,126.50000000000006,19272
1545661800,127.27500000000006,127.27500000000006,125.60000000000005,125.67500000000005,14990
1545834600,126.27500000000006,126.70000000000006,125.62500000000006,125.75000000000006,12980
1545921000,126.55000000000005,126.57500000000006,125.57500000000006,125.95000000000006,14738
1546007400,126.32500000000006,126.57500000000006,125.92500000000005,126.02500000000006,12683
1546266600,126.22500000000005,126.85000000000005,126.17500000000005,126.35000000000005,15858
1546439400,126.75000000000006,128.80000000000007,126.62500000000006,127.07500000000006,25537
1546525800,127.47500000000005,128.10000000000005,127.32500000000006,127.52500000000006,15374
1546612200,128.15000000000006,128.32500000000005,126.77500000000006,127.32500000000006,16599
1546871400,127.32500000000006,127.52500000000006,126.62500000000006,127.27500000000006,14086
1546957800,127.97500000000005,128.52500000000006,127.45000000000006,127.97500000000005,32486
1547044200,127.77500000000006,129.47500000000005,127.75000000000006,129.15000000000006,31396
1547130600,128.95000000000005,129.60000000000005,128.47500000000005,129.45000000000005,36157
1547217000,128.75000000000006,129.07500000000005,127.80000000000005,128.02500000000006,30026
1547476200,128.02500000000006,128.10000000000005,126.77500000000006,127.22500000000005,24989
1547562600,127.62500000000006,128.97500000000005,126.85000000000005,127.52500000000006,22045
1547649000,126.82500000000006,127.05000000000005,124.87500000000006,125.42500000000005,22143
1547735400,125.45000000000006,126.57500000000006,124.50000000000006,126.22500000000005,16570
1547821800,126.30000000000005,129.00000000000006,126.25000000000006,127.87500000000006,23414
1548167400,128.17500000000007,128.42500000000007,126.97500000000005,127.70000000000005,12798
1548253800,127.10000000000005,127.37500000000006,125.37500000000006,126.45000000000005,20928
1548340200,126.47500000000005,126.47500000000005,125.02500000000005,125.10000000000005,13109
1548426600,124.72500000000005,124.77500000000005,123.22500000000005,123.72500000000005,21599
1548685800,123.87500000000006,124.37500000000006,122.92500000000005,123.92500000000005,12906
1548772200,123.75000000000006,124.92500000000005,123.45000000000005,124.15000000000005,17281
1548858600,124.60000000000005,124.80000000000005,123.55000000000005,123.82500000000005,12635
1548945000,123.50000000000006,124.35000000000005,121.65000000000005,121.82500000000005,22339
1549031400,122.47500000000005,122.47500000000005,121.42500000000005,121.72500000000005,17496
1549290600,121.72500000000005,124.72500000000005,121.25000000000006,124.65000000000005,28933
1549377000,124.65000000000005,124.65000000000005,122.72500000000005,123.20000000000005,21267
1549463400,122.80000000000005,123.15000000000005,122.40000000000005,122.50000000000006,11733
1549549800,122.40000000000005,122.40000000000005,120.90000000000005,121.20000000000005,17563
1549636200,121.27500000000005,121.32500000000005,119.97500000000005,120.02500000000005,17655
1549895400,120.02500000000005,120.97500000000005,119.47500000000005,120.67500000000005,18608
1549981800,121.30000000000005,122.92500000000005,121.05000000000005,121.92500000000005,20656
1550068200,121.45000000000005,122.00000000000006,121.15000000000005,121.37500000000006,15870
1550154600,120.85000000000005,121.32500000000005,120.10000000000005,120.30000000000005,20334
1550241000,120.30000000000005,121.87500000000006,119.72500000000005,121.12500000000006,14475
1550586600,120.47500000000005,120.52500000000005,118.12500000000006,118.12500000000006,16369
1550673000,117.87500000000006,118.00000000000006,113.85000000000005,114.57500000000005,35560
1550759400,116.00000000000006,117.57500000000005,115.32500000000005,117.55000000000005,26134
1550845800,117.20000000000005,118.20000000000005,116.82500000000005,117.05000000000005,20386
1551105000,116.45000000000005,116.50000000000006,114.35000000000005,115.50000000000006,26855
1551191400,116.52500000000005,118.07500000000005,115.90000000000005,117.32500000000005,24651
1551277800,116.25000000000006,118.47500000000005,115.82500000000005,117.20000000000005,20503
1551364200,117.05000000000005,118.22500000000005,116.80000000000005,117.47500000000005,15314
1551450600,117.30000000000005,119.17500000000005,117.27500000000005,118.00000000000006,23374
1551709800,118.97500000000005,119.40000000000005,118.42500000000005,118.92500000000005,21653
1551796200,119.32500000000005,120.20000000000005,119.00000000000006,119.50000000000006,17111
1551882600,119.27500000000005,119.32500000000005,118.20000000000005,118.67500000000005,17423
1551969000,119.52500000000005,119.75000000000006,118.75000000000006,119.32500000000005,32054
1552055400,119.57500000000005,122.32500000000005,119.45000000000005,122.15000000000005,39664
1552311000,122.35000000000005,125.10000000000005,121.75000000000006,124.45000000000005,49439
1552397400,124.60000000000005,125.45000000000005,123.62500000000006,125.25000000000006,33303
1552483800,125.70000000000005,127.67500000000005,124.75000000000006,125.07500000000005,41440
1552570200,125.10000000000005,127.47500000000005,124.97500000000005,127.40000000000005,20621
1552656600,127.40000000000005,130.40000000000003,127.02500000000005,130.40000000000003,21345
1552915800,132.20000000000005,132.75000000000006,129.20000000000005,131.67500000000004,37034
1553002200,132.07500000000005,132.37500000000006,129.50000000000006,131.12500000000006,28257
1553088600,131.42500000000004,134.12500000000006,131.17500000000004,134.12500000000006,22405
1553175000,134.42500000000004,138.62500000000006,134.25000000000006,138.62500000000006,38867
1553261400,139.90000000000003,141.70000000000005,134.90000000000003,139.55000000000004,46405
1553520600,140.97500000000002,141.22500000000002,138.37500000000006,139.42500000000004,31260
1553607000,140.10000000000002,140.10000000000002,138.07500000000005,139.20000000000005,22301
1553693400,138.92500000000004,139.07500000000005,136.67500000000004,138.67500000000004,26642
1553779800,137.50000000000006,138.62500000000006,135.67500000000004,135.67500000000004,21833
1553866200,134.62500000000006,136.27500000000003,131.45000000000005,132.42500000000004,39400
1554125400,131.17500000000004,133.20000000000005,130.12500000000006,132.37500000000006,29966
1554211800,133.10000000000002,135.37500000000006,133.07500000000005,135.37500000000006,25569
1554298200,135.97500000000002,138.95000000000005,135.97500000000002,138.72500000000002,30391
1554384600,137.82500000000005,141.72500000000002,137.72500000000002,141.72500000000002,34446
1554471000,143.10000000000002,143.70000000000005,139.97500000000002,142.85000000000002,38482
1554730200,142.45000000000005,142.80000000000004,140.72500000000002,142.02500000000003,24441
1554816600,140.62500000000006,140.97500000000002,139.02500000000003,139.02500000000003,19832
1554903000,137.87500000000006,141.20000000000005,137.40000000000003,140.32500000000005,26039
1554989400,143.32500000000005,143.32500000000005,140.37500000000006,141.57500000000005,29633
1555075800,140.55000000000004,142.60000000000002,138.97500000000002,142.37500000000006,22226
1555335000,142.92500000000004,143.27500000000003,141.30000000000004,142.17500000000004,14959
1555421400,142.90000000000003,142.90000000000003,139.97500000000002,141.00000000000006,21511
1555507800,141.10000000000002,141.75000000000006,138.35000000000002,140.00000000000006,23656
1555594200,140.40000000000003,140.90000000000003,138.22500000000002,140.62500000000006,19684
1555939800,141.17500000000004,141.20000000000005,137.62500000000006,137.65000000000003,24198
1556026200,137.12500000000006,138.82500000000005,135.60000000000002,136.25000000000006,32806
1556112600,136.12500000000006,137.00000000000006,135.42500000000004,136.65000000000003,19553
1556199000,134.87500000000006,135.12500000000006,133.65000000000003,133.65000000000003,17029
1556285400,133.30000000000004,135.30000000000004,132.35000000000002,132.62500000000006,27987
1556544600,132.62500000000006,133.00000000000006,130.90000000000003,131.92500000000004,18569
1556631000,132.42500000000004,133.67500000000004,131.57500000000005,132.10000000000002,24881
1556717400,131.75000000000006,135.10000000000002,131.42500000000004,135.10000000000002,21541
1556803800,135.87500000000006,137.70000000000005,135.12500000000006,136.62500000000006,29079
1556890200,136.22500000000002,137.60000000000002,135.85000000000002,136.62500000000006,20323
1557149400,133.62500000000006,133.62500000000006,133.62500000000006,133.62500000000006,6124
1557235800,132.60000000000002,135.22500000000002,129.25000000000006,133.12500000000006,53437
1557322200,133.12500000000006,134.27500000000003,131.45000000000005,132.42500000000004,27433
1557408600,131.55000000000004,134.07500000000005,129.85000000000002,133.87500000000006,36418
1557495000,133.40000000000003,134.00000000000006,132.30000000000004,133.55000000000004,30109
1557754200,131.65000000000003,132.87500000000006,130.55000000000004,130.55000000000004,21518
1557840600,131.82500000000005,134.05000000000004,131.10000000000002,133.00000000000006,25928
1557927000,133.40000000000003,135.87500000000006,133.32500000000005,135.70000000000005,20756
1558013400,134.57500000000005,136.70000000000005,133.90000000000003,136.10000000000002,14268
1558099800,135.62500000000006,136.67500000000004,133.52500000000003,136.25000000000006,19938
1558359000,136.25000000000006,137.57500000000005,135.17500000000004,136.25000000000006,14184
1558445400,136.00000000000006,136.62500000000006,134.27500000000003,134.62500000000006,11340
1558531800,134.15000000000003,135.50000000000006,133.55000000000004,134.30000000000004,9095
1558618200,134.77500000000003,135.02500000000003,132.92500000000004,134.20000000000005,14442
1558704600,132.95000000000005,134.20000000000005,131.20000000000005,131.20000000000005,13859
1559050200,130.52500000000003,131.37500000000006,127.57500000000005,128.95000000000005,25725
1559136600,128.42500000000004,131.57500000000005,127.72500000000004,131.05000000000004,21040
1559223000,130.55000000000004,131.42500000000004,129.22500000000002,131.12500000000006,20478
1559309400,130.82500000000005,131.57500000000005,128.45000000000005,129.17500000000004,24352
1559568600,129.10000000000002,130.37500000000006,126.80000000000004,127.77500000000005,23634
1559655000,128.02500000000003,129.17500000000004,127.50000000000004,129.05000000000004,20279
1559741400,128.55000000000004,129.65000000000003,128.02500000000003,129.52500000000003,20905
1559827800,129.52500000000003,130.17500000000004,127.95000000000005,129.60000000000002,25916
1559914200,129.15000000000003,129.15000000000003,126.60000000000004,126.60000000000004,23395
1560173400,126.65000000000005,129.97500000000002,126.55000000000004,129.45000000000005,37146
1560259800,129.05000000000004,129.67500000000004,126.45000000000005,127.62500000000004,32398
1560346200,127.35000000000004,128.20000000000005,126.67500000000004,127.62500000000004,24631
1560432600,127.35000000000004,127.85000000000004,126.22500000000004,126.62500000000004,28261
1560519000,126.85000000000004,127.72500000000004,123.85000000000004,124.60000000000004,20515
1560778200,124.30000000000004,126.52500000000005,123.77500000000005,126.30000000000004,14605
1560864600,126.07500000000005,127.72500000000004,125.50000000000004,125.75000000000004,20629
1560951000,125.10000000000004,127.22500000000004,124.97500000000004,127.05000000000004,21098
1561037400,126.40000000000003,127.90000000000003,124.57500000000005,124.95000000000005,18849
1561123800,124.30000000000004,124.52500000000003,121.95000000000005,121.95000000000005,17633
1561383000,121.27500000000003,122.20000000000005,118.00000000000004,118.27500000000003,33659
1561469400,118.72500000000004,120.90000000000003,118.30000000000004,120.22500000000004,28747
1561555800,118.77500000000003,121.05000000000004,118.57500000000005,119.52500000000003,21307
1561642200,119.65000000000003,121.90000000000003,119.30000000000004,121.22500000000004,19162
1561728600,120.40000000000003,123.87500000000004,119.80000000000004,120.05000000000004,30551
1561987800,121.25000000000004,123.02500000000003,120.90000000000003,122.75000000000004,26048
1562074200,122.85000000000004,124.32500000000005,122.75000000000004,123.02500000000003,19576
1562160600,123.17500000000004,124.90000000000003,121.87500000000004,122.42500000000004,16590
1562333400,121.87500000000004,121.97500000000004,120.35000000000004,121.10000000000004,20557
1562592600,121.20000000000005,122.37500000000004,119.62500000000004,120.12500000000004,37408
1562679000,120.10000000000004,123.12500000000004,119.55000000000004,123.12500000000004,25890
1562765400,123.97500000000004,126.90000000000003,123.25000000000004,125.77500000000003,48611
1562851800,124.82500000000005,125.40000000000003,123.15000000000003,123.22500000000004,39814
1562938200,123.55000000000004,125.20000000000005,123.55000000000004,124.70000000000005,30187
1563197400,124.65000000000003,125.80000000000004,123.67500000000004,124.15000000000003,24783
1563283800,124.65000000000003,124.97500000000004,122.80000000000004,123.10000000000004,29008
1563370200,124.00000000000004,126.10000000000004,123.67500000000004,126.05000000000004,23457
1563456600,126.20000000000003,126.35000000000004,123.85000000000004,125.12500000000004,27633
1563543000,125.30000000000004,127.70000000000003,124.35000000000004,127.15000000000003,27008
1563802200,127.72500000000004,128.50000000000006,126.30000000000004,127.42500000000004,20757
1563888600,128.22500000000002,130.10000000000002,127.72500000000004,130.02500000000003,22153
1563975000,129.75000000000006,130.20000000000005,128.60000000000002,129.07500000000005,20690
1564061400,129.42500000000004,129.70000000000005,126.17500000000004,126.87500000000004,25056
1564147800,127.30000000000004,128.15000000000003,126.90000000000003,127.67500000000004,14473
1564407000,126.57500000000003,127.12500000000004,124.67500000000004,124.67500000000004,20144
1564493400,124.97500000000004,124.97500000000004,121.25000000000004,122.22500000000004,28211
1564579800,122.32500000000003,122.80000000000004,119.22500000000004,119.22500000000004,29075
1564666200,119.05000000000004,119.05000000000004,115.02500000000003,115.70000000000003,44587
1564752600,116.10000000000004,117.52500000000003,113.70000000000003,113.95000000000003,28814
1565011800,110.65000000000003,118.12500000000004,109.72500000000004,115.65000000000003,52265
1565098200,116.00000000000004,117.00000000000004,112.70000000000003,112.82500000000003,31413
1565184600,113.32500000000003,115.17500000000004,112.40000000000003,115.07500000000003,24419
1565271000,114.47500000000004,116.52500000000003,114.32500000000003,116.10000000000004,18928
1565357400,116.52500000000003,116.87500000000004,114.82500000000003,115.20000000000003,18801
1565616600,114.25000000000004,117.35000000000004,113.22500000000004,115.30000000000004,26057
1565703000,114.92500000000004,116.72500000000004,112.30000000000004,112.80000000000004,23386
1565789400,113.07500000000003,115.50000000000004,112.82500000000003,115.00000000000004,18699
1565875800,115.72500000000004,116.77500000000003,112.75000000000004,113.22500000000004,19968
1565962200,113.52500000000003,114.75000000000004,110.22500000000004,110.22500000000004,18120
1566221400,110.55000000000004,112.70000000000003,110.37500000000003,112.25000000000004,18372
1566307800,112.42500000000004,114.05000000000004,111.60000000000004,113.20000000000003,19104
1566394200,113.15000000000003,113.92500000000004,111.30000000000004,111.52500000000003,15685
1566480600,111.22500000000004,111.55000000000004,110.30000000000004,110.52500000000003,13728
1566567000,109.80000000000004,109.82500000000005,107.52500000000003,107.52500000000003,23204
1566826200,109.10000000000004,112.02500000000003,109.10000000000004,112.02500000000003,25772
1566912600,112.47500000000004,112.62500000000004,110.62500000000003,111.45000000000005,20407
1566999000,109.52500000000003,111.82500000000005,109.10000000000004,111.72500000000004,20895
1567085400,111.92500000000004,113.37500000000004,111.70000000000005,113.12500000000004,21920
1567171800,112.77500000000003,112.97500000000004,111.55000000000004,111.75000000000003,19235
1567517400,112.22500000000004,114.75000000000004,112.22500000000004,114.75000000000004,26797
1567603800,115.35000000000004,115.62500000000004,114.00000000000004,115.35000000000004,29067
1567690200,115.10000000000004,116.22500000000004,114.15000000000003,114.52500000000003,24602
1567776600,113.72500000000004,113.97500000000004,111.52500000000003,111.72500000000004,32351
1568035800,111.22500000000004,113.35000000000004,110.50000000000003,110.82500000000005,35785
1568122200,109.82500000000005,112.62500000000004,108.12500000000003,110.95000000000005,46120
1568208600,109.52500000000003,110.15000000000003,108.00000000000003,108.40000000000003,40772
1568295000,111.40000000000003,111.40000000000003,110.42500000000004,111.40000000000003,17290
1568381400,112.95000000000003,115.07500000000003,112.10000000000004,114.70000000000003,38816
1568640600,114.25000000000004,114.25000000000004,111.40000000000003,111.85000000000004,39414
1568727000,111.62500000000004,111.77500000000003,108.85000000000004,108.85000000000004,26939
1568813400,108.42500000000004,109.67500000000004,107.92500000000004,108.97500000000004,29170
1568899800,107.87500000000004,111.50000000000004,107.82500000000005,109.12500000000004,31644
1568986200,109.00000000000004,110.25000000000004,106.12500000000004,107.42500000000004,22394
1569245400,108.27500000000003,110.05000000000004,107.92500000000004,109.55000000000004,19413
1569331800,110.17500000000004,111.27500000000003,109.72500000000004,110.27500000000003,22841
1569418200,111.17500000000004,112.75000000000004,109.77500000000003,112.57500000000005,28233
1569504600,112.42500000000004,112.50000000000004,110.07500000000005,111.55000000000004,21160
1569591000,110.95000000000005,112.92500000000004,109.95000000000005,111.02500000000003,23254
1569850200,110.07500000000005,113.90000000000003,108.87500000000004,113.77500000000003,33451
1569936600,113.32500000000005,113.75000000000004,110.77500000000003,111.10000000000004,26800
1570023000,111.45000000000005,112.17500000000004,109.02500000000003,110.27500000000003,20203
1570109400,110.27500000000003,110.60000000000004,108.32500000000005,109.27500000000003,19475
1570195800,109.07500000000005,109.47500000000004,107.42500000000004,108.42500000000004,18217
1570455000,107.95000000000005,108.30000000000004,105.42500000000004,105.42500000000004,29118
1570541400,104.70000000000005,109.80000000000004,104.25000000000004,108.57500000000005,36976
1570627800,111.42500000000004,111.50000000000004,109.92500000000004,110.65000000000003,26849
1570714200,110.17500000000004,111.42500000000004,109.12500000000004,109.65000000000003,19076
1570800600,110.42500000000004,111.97500000000004,109.85000000000004,110.77500000000003,20107
1571059800,111.72500000000004,112.10000000000004,109.55000000000004,110.30000000000004,17266
1571146200,110.30000000000004,113.30000000000004,110.30000000000004,113.30000000000004,26152
1571232600,112.70000000000005,113.25000000000004,110.82500000000005,111.80000000000004,24360
1571319000,111.25000000000004,111.57500000000005,108.90000000000003,109.32500000000005,23416
1571405400,111.17500000000004,111.17500000000004,107.30000000000004,109.12500000000004,28889
1571664600,108.67500000000004,110.27500000000003,108.37500000000004,109.00000000000004,14518
1571751000,109.57500000000005,110.42500000000004,106.37500000000004,106.67500000000004,26472
1571837400,105.92500000000004,108.15000000000003,105.32500000000005,107.00000000000004,26243
1571923800,106.42500000000004,107.37500000000004,105.02500000000003,105.72500000000004,21474
1572010200,105.65000000000003,107.35000000000004,104.90000000000003,106.10000000000004,23701
1572269400,105.85000000000004,107.17500000000004,105.30000000000004,106.82500000000005,16092
1572355800,106.42500000000004,106.42500000000004,104.62500000000004,105.50000000000004,19235
1572442200,104.87500000000004,107.65000000000003,104.67500000000004,106.95000000000005,23440
1572528600,105.95000000000005,107.30000000000004,105.05000000000004,107.17500000000004,22071
1572615000,106.85000000000004,106.87500000000004,104.85000000000004,105.62500000000004,24652
1572877800,104.95000000000005,106.47500000000004,104.55000000000004,105.70000000000005,20063
1572964200,105.82500000000005,108.70000000000005,105.77500000000003,108.45000000000005,28705
1573050600,108.55000000000004,108.82500000000005,105.62500000000004,105.95000000000005,30408
1573137000,106.77500000000003,107.07500000000005,105.25000000000004,105.47500000000004,37627
1573223400,105.37500000000004,106.07500000000005,104.92500000000004,105.30000000000004,30706
1573482600,105.17500000000004,105.87500000000004,104.10000000000004,104.47500000000004,32648
1573569000,104.92500000000004,106.85000000000004,104.92500000000004,105.90000000000003,29800
1573655400,106.17500000000004,107.15000000000003,104.12500000000004,104.30000000000004,32426
1573741800,104.30000000000004,105.25000000000004,103.85000000000004,103.92500000000004,18255
1573828200,104.20000000000005,104.47500000000004,103.65000000000003,104.37500000000004,16698
1574087400,103.70000000000005,103.80000000000004,102.02500000000005,102.60000000000004,23947
1574173800,102.35000000000004,102.55000000000004,100.37500000000004,102.00000000000004,27381
1574260200,101.47500000000004,102.25000000000004,99.00000000000004,99.15000000000005,24454
1574346600,99.95000000000005,101.57500000000005,98.90000000000005,99.82500000000005,26370
1574433000,99.87500000000004,100.65000000000005,99.00000000000004,100.02500000000005,16391
1574692200,100.17500000000004,100.62500000000004,99.20000000000005,100.12500000000004,17047
1574778600,100.30000000000004,100.57500000000005,99.30000000000004,100.20000000000005,11560
1574865000,99.82500000000005,101.27500000000005,99.40000000000005,99.52500000000005,13767
1575037800,99.07500000000005,101.70000000000005,98.10000000000004,100.55000000000004,22873
1575297000,100.50000000000004,101.35000000000004,97.77500000000005,98.52500000000005,26152
1575383400,98.30000000000004,100.82500000000005,97.92500000000004,100.75000000000004,25128
1575469800,101.10000000000004,101.65000000000005,100.27500000000005,100.80000000000004,18145
1575556200,100.72500000000004,100.97500000000004,99.52500000000005,99.95000000000005,18841
1575642600,101.42500000000004,102.42500000000004,99.65000000000005,99.92500000000004,22993
1575901800,99.42500000000004,99.72500000000004,98.37500000000004,99.07500000000005,16153
1575988200,99.42500000000004,100.75000000000004,99.07500000000005,100.35000000000004,19008
1576074600,100.12500000000004,100.82500000000005,99.57500000000005,100.10000000000004,11837
1576161000,100.07500000000005,101.55000000000004,99.57500000000005,101.02500000000005,21784
1576247400,101.87500000000004,103.92500000000004,101.07500000000005,101.87500000000004,34024
1576506600,101.90000000000005,103.27500000000005,101.45000000000005,102.87500000000004,22360
1576593000,102.57500000000005,103.37500000000004,101.77500000000005,102.22500000000004,22571
1576679400,102.05000000000004,102.77500000000005,101.70000000000005,102.27500000000005,16048
1576765800,102.27500000000005,103.37500000000004,101.90000000000005,103.35000000000004,18530
1576852200,103.22500000000004,103.60000000000004,102.67500000000004,103.05000000000004,15247
1577111400,103.05000000000004,103.67500000000004,101.85000000000004,102.62500000000004,17338
1577197800,102.50000000000004,103.30000000000004,102.00000000000004,103.07500000000005,8952
1577370600,103.42500000000004,103.87500000000004,102.42500000000004,103.27500000000005,9912
1577457000,103.12500000000004,103.40000000000005,102.20000000000005,102.95000000000005,12704
1577716200,103.62500000000004,104.27500000000005,102.97500000000004,104.17500000000004,18763
1577802600,104.07500000000005,104.25000000000004,103.20000000000005,103.80000000000004,12234
1577975400,103.97500000000004,104.97500000000004,103.15000000000005,103.92500000000004,23797
1578061800,102.97500000000004,103.27500000000005,100.92500000000004,100.92500000000004,25404
1578321000,101.32500000000005,101.60000000000004,99.92500000000004,101.00000000000004,20018
1578407400,101.00000000000004,101.72500000000004,100.40000000000005,101.60000000000004,23542
1578493800,101.15000000000005,102.57500000000005,100.97500000000004,101.40000000000005,30275
1578580200,101.27500000000005,101.37500000000004,98.85000000000004,99.40000000000005,36762
1578666600,99.70000000000005,100.60000000000004,99.25000000000004,99.62500000000004,31728
1578925800,99.35000000000004,99.42500000000004,97.95000000000005,98.27500000000005,28889
1579012200,98.05000000000004,100.60000000000004,98.05000000000004,100.05000000000004,35079
1579098600,99.97500000000004,100.42500000000004,99.15000000000005,100.25000000000004,17424
1579185000,100.05000000000004,100.55000000000004,98.70000000000005,99.25000000000004,15657
1579271400,99.52500000000005,100.17500000000004,98.87500000000004,100.05000000000004,18699
1579617000,99.95000000000005,100.60000000000005,98.27500000000005,99.77500000000005,26870
1579703400,100.10000000000005,100.85000000000005,99.22500000000005,100.47500000000005,17707
1579789800,99.87500000000004,101.92500000000004,99.85000000000005,101.30000000000004,18915
1579876200,101.30000000000004,101.30000000000004,98.77500000000005,99.40000000000005,23889
1580135400,97.52500000000005,97.95000000000005,96.40000000000005,96.40000000000005,30483
1580221800,97.05000000000004,98.35000000000005,96.82500000000005,97.25000000000004,22985
1580308200,97.25000000000004,97.30000000000004,94.62500000000004,94.77500000000005,21240
1580394600,93.87500000000004,93.90000000000005,91.77500000000005,91.77500000000005,24103
1580481000,91.07500000000005,91.10000000000005,87.27500000000005,87.55000000000004,43410
1580740200,88.30000000000004,89.55000000000004,86.95000000000005,88.67500000000004,39753
1580826600,89.20000000000005,90.32500000000005,87.72500000000005,88.27500000000005,26152
1580913000,88.75000000000004,89.10000000000005,87.60000000000005,87.82500000000005,20766
1580999400,87.47500000000005,90.82500000000005,87.47500000000005,90.82500000000005,28582
1581085800,91.67500000000004,92.80000000000004,90.97500000000005,92.20000000000005,30911
1581345000,91.97500000000005,92.20000000000005,90.87500000000004,91.02500000000005,19666
1581431400,90.97500000000005,91.22500000000005,89.75000000000004,90.17500000000004,21066
1581517800,89.92500000000004,91.00000000000004,89.22500000000005,89.72500000000005,21951
1581604200,89.60000000000005,90.67500000000004,88.87500000000004,90.02500000000005,18506
1581690600,89.75000000000004,90.85000000000005,89.65000000000005,90.25000000000004,12919
1582036200,90.42500000000004,91.80000000000004,89.05000000000004,91.45000000000005,22223
1582122600,92.05000000000004,94.20000000000005,91.72500000000005,93.52500000000005,25098
1582209000,92.85000000000005,93.20000000000005,92.05000000000004,92.82500000000005,16763
1582295400,92.45000000000005,93.10000000000005,92.00000000000004,92.97500000000005,12021
1582554600,90.95000000000005,91.30000000000004,90.02500000000005,90.57500000000005,20127
1582641000,91.15000000000005,91.82500000000005,90.45000000000005,90.62500000000004,17019
1582727400,90.62500000000004,91.90000000000005,90.17500000000004,91.10000000000005,18474
1582813800,90.47500000000005,90.87500000000004,88.10000000000005,88.50000000000004,26608
1582900200,88.07500000000005,88.95000000000005,87.47500000000005,88.22500000000005,25831
1583159400,88.50000000000004,89.12500000000004,88.07500000000005,88.75000000000004,19144
1583245800,89.65000000000005,90.77500000000005,89.17500000000004,89.50000000000004,24149
1583332200,89.95000000000005,90.72500000000005,89.25000000000004,90.25000000000004,20321
1583418600,90.07500000000005,91.42500000000004,89.60000000000005,91.32500000000005,19017
1583505000,90.95000000000005,92.32500000000005,90.95000000000005,91.87500000000004,28157
1583760600,88.87500000000004,91.17500000000004,88.87500000000004,88.95000000000005,35587
1583847000,90.57500000000005,91.95000000000005,90.45000000000005,90.95000000000005,33014
1583933400,91.50000000000004,91.95000000000005,89.75000000000004,89.82500000000005,25775
1584019800,88.42500000000004,88.45000000000005,86.82500000000005,86.82500000000005,21340
1584106200,88.77500000000005,88.80000000000004,82.32500000000005,82.32500000000005,22410
1584365400,78.25000000000004,82.52500000000005,78.07500000000005,79.92500000000004,29746
1584451800,81.45000000000005,84.42500000000004,81.45000000000005,84.42500000000004,11711
1584538200,85.57500000000005,88.75000000000004,82.22500000000005,84.10000000000005,31379
1584624600,86.00000000000006,87.05000000000004,83.87500000000006,85.95000000000005,24019
1584711000,86.32500000000005,87.87500000000006,84.47500000000005,84.75000000000006,20288
1584970200,87.27500000000003,87.75000000000006,85.90000000000003,87.75000000000006,13901
1585056600,90.02500000000003,90.22500000000005,88.82500000000005,89.80000000000004,14864
1585143000,90.80000000000004,90.80000000000004,87.72500000000005,88.55000000000004,14643
1585229400,88.05000000000004,88.05000000000004,85.55000000000004,85.55000000000004,11112
1585315800,84.35000000000005,84.35000000000005,81.05000000000004,81.05000000000004,13609
1585575000,80.02500000000005,80.05000000000004,76.55000000000004,76.57500000000005,22368
1585661400,76.60000000000005,78.32500000000005,76.12500000000006,77.12500000000006,23649
1585747800,75.65000000000005,75.80000000000004,74.12500000000006,74.12500000000006,10376
1585834200,69.62500000000006,70.80000000000004,69.62500000000006,69.62500000000006,21933
1585920600,65.70000000000005,66.17500000000004,65.12500000000006,65.12500000000006,14654
1586179800,60.62500000000005,67.87500000000006,60.62500000000005,66.45000000000005,47405
1586266200,68.77500000000005,69.45000000000005,67.30000000000004,69.45000000000005,14322
1586352600,72.27500000000005,73.95000000000005,66.65000000000005,68.25000000000006,31345
1586439000,66.70000000000005,67.32500000000005,65.35000000000005,65.47500000000005,16824
1586784600,62.00000000000005,62.40000000000005,61.725000000000044,61.725000000000044,9408
1586871000,61.27500000000005,63.75000000000005,58.30000000000005,60.75000000000005,29970
1586957400,60.02500000000005,61.90000000000005,59.350000000000044,61.42500000000005,17779
1587043800,60.92500000000005,62.15000000000005,59.80000000000005,59.975000000000044,17824
1587130200,60.80000000000005,63.50000000000005,60.00000000000005,60.52500000000005,16875
1587389400,61.62500000000005,64.27500000000005,60.75000000000005,63.05000000000005,22952
1587475800,62.75000000000005,65.97500000000005,61.975000000000044,64.90000000000005,23122
1587562200,64.80000000000004,66.05000000000004,64.05000000000004,64.70000000000005,19661
1587648600,65.50000000000006,68.45000000000005,65.27500000000005,68.42500000000004,19880
1587735000,68.80000000000004,70.27500000000005,66.95000000000005,68.32500000000005,21100
1587994200,69.30000000000004,72.07500000000005,69.22500000000005,72.07500000000005,14245
1588080600,73.77500000000005,77.57500000000005,72.10000000000005,73.00000000000006,34891
1588167000,73.77500000000005,74.62500000000006,71.57500000000005,72.32500000000005,16853
1588253400,72.10000000000005,76.05000000000004,71.82500000000005,75.75000000000006,20400
1588339800,76.90000000000005,79.50000000000006,76.75000000000006,79.50000000000006,16849
1588599000,80.17500000000004,83.75000000000006,79.87500000000006,82.30000000000004,26842
1588685400,81.80000000000004,83.07500000000005,80.55000000000004,81.07500000000005,22742
1588771800,80.52500000000005,82.57500000000005,79.80000000000004,82.37500000000006,17079
1588858200,82.47500000000005,82.75000000000006,78.62500000000006,80.70000000000005,27335
1588944600,80.50000000000006,80.57500000000005,78.30000000000004,78.50000000000006,18147
1589203800,78.12500000000006,79.77500000000005,76.60000000000005,77.07500000000005,22873
1589290200,77.57500000000005,78.55000000000004,76.90000000000005,78.12500000000006,19303
1589376600,77.07500000000005,77.15000000000005,74.50000000000006,74.67500000000004,21922
1589463000,74.02500000000005,76.37500000000006,72.97500000000005,75.55000000000004,19221
1589549400,75.02500000000005,76.20000000000005,74.55000000000004,74.67500000000004,11613
1589808600,75.30000000000004,75.37500000000006,73.97500000000005,74.57500000000005,10520
1589895000,74.82500000000005,75.40000000000005,73.15000000000005,73.20000000000005,10253
1589981400,72.65000000000005,73.07500000000005,72.27500000000005,72.72500000000005,11035
1590067800,72.72500000000005,74.37500000000006,72.30000000000004,74.10000000000005,14590
1590154200,73.85000000000005,73.92500000000004,72.75000000000006,72.82500000000005,10417
1590499800,73.10000000000005,76.57500000000005,72.62500000000006,76.50000000000006,20701
1590586200,76.40000000000005,78.10000000000005,75.75000000000006,76.22500000000005,15263
1590672600,74.92500000000004,74.92500000000004,72.47500000000005,72.57500000000005,17007
1590759000,71.75000000000006,74.07500000000005,71.25000000000006,73.95000000000005,19162
1591018200,71.77500000000005,72.80000000000004,71.67500000000004,72.07500000000005,14840
1591104600,71.52500000000005,73.32500000000005,71.35000000000005,71.80000000000004,15191
1591191000,70.92500000000004,71.35000000000005,70.27500000000005,70.40000000000005,17365
1591277400,70.35000000000005,71.17500000000004,69.85000000000005,70.50000000000006,17754
1591363800,70.72500000000005,72.07500000000005,70.32500000000005,70.85000000000005,22967
1591623000,70.12500000000006,71.92500000000004,70.12500000000006,70.90000000000005,24707
1591709400,70.60000000000005,71.15000000000005,69.37500000000006,69.90000000000005,24844
1591795800,69.90000000000005,70.35000000000005,68.50000000000006,69.72500000000005,22697
1591882200,69.95000000000005,69.95000000000005,68.90000000000005,69.05000000000004,21664
1591968600,69.05000000000004,70.12500000000006,68.47500000000005,68.60000000000005,13342
1592227800,68.17500000000004,70.00000000000006,68.17500000000004,69.20000000000005,13344
1592314200,68.70000000000005,68.72500000000005,65.85000000000005,66.57500000000005,19306
1592400600,65.42500000000004,66.77500000000005,65.10000000000005,66.57500000000005,11483
1592487000,66.65000000000005,67.15000000000005,65.60000000000005,66.87500000000006,12633
1592573400,67.25000000000006,67.90000000000005,66.10000000000005,66.20000000000005,10905
1592832600,65.55000000000004,65.85000000000005,63.825000000000045,64.50000000000006,14981
1592919000,64.90000000000005,66.42500000000004,64.15000000000005,65.90000000000005,17071
1593005400,65.60000000000005,65.85000000000005,64.55000000000004,64.65000000000005,12908
1593091800,64.65000000000005,65.35000000000005,64.00000000000006,64.72500000000005,13175
1593178200,62.37500000000005,62.37500000000005,60.97500000000005,61.52500000000005,24381
1593437400,61.65000000000005,62.52500000000005,60.92500000000005,61.85000000000005,13922
1593523800,61.60000000000005,62.77500000000005,61.25000000000005,62.42500000000005,18251
1593610200,61.72500000000005,63.40000000000005,61.50000000000005,62.47500000000005,22957
1593696600,62.47500000000005,63.27500000000005,62.25000000000005,62.60000000000005,14691
1594042200,63.25000000000005,63.75000000000005,62.60000000000005,62.67500000000005,15657
1594128600,61.825000000000045,63.27500000000005,61.62500000000005,62.27500000000005,19738
1594215000,62.27500000000005,62.60000000000005,61.30000000000005,61.35000000000005,27526
1594301400,62.35000000000005,64.57500000000005,62.15000000000005,63.62500000000005,31803
1594387800,63.950000000000045,64.42500000000004,62.75000000000005,63.27500000000005,24925
1594647000,63.62500000000005,65.22500000000005,62.80000000000005,64.67500000000004,28795
1594733400,64.17500000000004,65.07500000000005,63.10000000000005,63.325000000000045,22074
1594819800,63.37500000000005,64.35000000000005,63.15000000000005,63.55000000000005,14161
1594906200,63.950000000000045,67.20000000000005,63.90000000000005,67.05000000000004,29737
1594992600,66.60000000000005,67.02500000000005,65.72500000000005,66.20000000000005,14419
1595251800,66.22500000000005,66.62500000000004,64.15000000000003,64.32500000000005,18368
1595338200,64.40000000000003,65.47500000000005,64.15000000000003,65.15000000000003,12432
1595424600,65.90000000000003,66.10000000000005,64.77500000000003,65.20000000000005,11799
1595511000,65.60000000000005,66.80000000000004,65.37500000000004,66.15000000000003,13959
1595597400,66.17500000000004,66.30000000000004,64.55000000000004,65.27500000000003,13806
1595856600,65.52500000000003,66.32500000000005,64.75000000000004,65.87500000000004,14281
1595943000,65.77500000000003,66.55000000000004,65.22500000000005,65.85000000000005,13183
1596029400,65.22500000000005,65.67500000000004,64.22500000000005,64.95000000000005,15307
1596115800,64.65000000000003,65.10000000000005,63.15000000000004,63.450000000000045,16106
1596202200,63.17500000000004,64.95000000000005,63.00000000000004,64.75000000000004,17746
1596461400,64.12500000000004,64.50000000000004,63.17500000000004,63.52500000000004,17394
1596547800,63.37500000000004,64.70000000000005,63.30000000000004,64.15000000000003,15355
1596634200,64.05000000000004,64.90000000000003,63.825000000000045,64.42500000000004,16490
1596720600,64.07500000000005,64.87500000000004,64.05000000000004,64.32500000000005,9753
1596807000,64.85000000000005,66.97500000000005,64.85000000000005,66.10000000000005,19386
1597066200,66.72500000000005,69.27500000000003,66.62500000000004,68.95000000000005,27919
1597152600,69.12500000000004,69.15000000000003,66.90000000000003,66.95000000000005,19428
1597239000,66.70000000000005,67.42500000000004,65.67500000000004,66.72500000000005,15890
1597325400,66.90000000000003,67.60000000000005,66.62500000000004,67.47500000000005,13442
1597411800,67.37500000000004,68.60000000000005,67.27500000000003,68.15000000000003,10841
1597671000,67.95000000000005,69.02500000000003,67.92500000000004,68.65000000000003,10558
1597757400,68.57500000000005,68.67500000000004,66.40000000000003,66.55000000000004,15602
1597843800,66.77500000000003,67.95000000000005,66.60000000000005,67.67500000000004,11338
1597930200,68.82500000000005,71.25000000000004,68.67500000000004,70.30000000000004,27789
1598016600,70.65000000000003,71.10000000000005,69.20000000000005,69.37500000000004,13371
1598275800,69.62500000000004,71.07500000000005,69.37500000000004,69.72500000000005,14302
1598362200,70.60000000000005,71.30000000000004,70.30000000000004,71.07500000000005,12946
1598448600,71.07500000000005,71.82500000000005,69.77500000000003,70.67500000000004,15648
1598535000,70.52500000000003,71.25000000000004,70.40000000000003,70.85000000000005,11778
1598621400,70.15000000000003,70.20000000000005,68.35000000000005,68.77500000000003,19714
1598880600,68.50000000000004,69.50000000000004,68.30000000000004,68.72500000000005,13110
1598967000,69.12500000000004,70.32500000000005,68.92500000000004,70.15000000000003,18420
1599053400,70.37500000000004,72.05000000000004,70.02500000000003,71.52500000000003,23444
1599139800,72.42500000000004,74.52500000000003,72.30000000000004,74.37500000000004,33935
1599226200,75.02500000000003,76.07500000000005,74.00000000000004,74.95000000000005,23877
1599571800,74.50000000000004,75.40000000000003,73.90000000000003,75.02500000000003,29292
1599658200,75.17500000000004,76.85000000000005,74.90000000000003,76.50000000000004,30704
1599744600,78.22500000000005,79.50000000000004,78.00000000000004,79.50000000000004,18367
1599831000,82.60000000000004,83.85000000000004,81.25000000000004,81.70000000000005,50629
1600090200,83.45000000000005,83.65000000000005,79.52500000000005,79.75000000000004,30792
1600176600,80.37500000000004,82.12500000000004,80.27500000000005,80.82500000000005,21864
1600263000,81.50000000000004,82.00000000000004,79.27500000000005,80.35000000000004,18712
1600349400,80.87500000000003,82.42500000000004,80.82500000000005,82.00000000000003,19905
1600435800,82.60000000000002,82.87500000000003,81.17500000000004,81.90000000000003,14681
1600695000,81.55000000000004,81.87500000000003,79.77500000000003,79.92500000000004,18197
1600781400,81.32500000000005,82.92500000000004,81.05000000000004,82.47500000000002,18433
1600867800,82.15000000000003,82.87500000000003,81.65000000000003,82.72500000000002,14688
1600954200,82.15000000000003,82.85000000000002,81.42500000000004,81.65000000000003,13195
1601040600,80.82500000000005,83.22500000000002,80.62500000000003,82.80000000000004,17119
1601299800,82.75000000000003,82.82500000000005,81.57500000000005,82.40000000000003,13684
1601386200,82.65000000000003,82.67500000000004,79.95000000000005,80.35000000000004,18949
1601472600,80.47500000000004,81.92500000000004,80.17500000000004,81.47500000000004,15477
1601559000,81.47500000000004,81.62500000000003,80.50000000000003,81.22500000000004,14078
1601645400,81.22500000000004,82.25000000000003,80.60000000000004,80.87500000000003,15643
1601904600,80.87500000000003,81.25000000000003,80.27500000000003,81.02500000000003,13348
1601991000,81.60000000000004,83.00000000000003,81.60000000000004,82.25000000000003,17978
1602077400,81.87500000000003,83.17500000000004,81.87500000000003,82.95000000000005,18987
1602163800,83.65000000000003,85.82500000000005,83.60000000000002,85.22500000000002,24436
1602250200,85.42500000000004,85.75000000000003,84.72500000000002,85.50000000000003,16283
1602509400,85.50000000000003,85.70000000000005,84.37500000000003,85.00000000000003,13075
1602595800,84.87500000000003,84.97500000000002,83.27500000000003,84.52500000000003,17647
1602682200,85.12500000000003,87.05000000000004,85.02500000000003,86.80000000000004,19759
1602768600,86.57500000000005,88.30000000000004,86.40000000000003,88.25000000000003,21378
1602855000,88.67500000000004,89.07500000000005,87.20000000000005,88.17500000000004,17729
1603114200,88.10000000000002,91.17500000000004,87.70000000000005,89.80000000000004,30549
1603200600,89.35000000000002,89.42500000000004,86.87500000000003,87.62500000000003,24153
1603287000,88.27500000000003,89.20000000000005,87.22500000000002,87.57500000000005,19549
1603373400,87.95000000000005,88.17500000000004,84.57500000000005,84.57500000000005,21216
1603459800,84.72500000000002,85.60000000000002,84.07500000000005,85.40000000000003,14254
1603719000,85.05000000000004,86.32500000000005,83.67500000000004,86.12500000000003,18178
1603805400,86.55000000000004,88.02500000000003,85.80000000000004,86.02500000000003,16971
1603891800,85.37500000000003,85.70000000000005,84.20000000000005,84.75000000000003,15592
1603978200,84.17500000000004,84.52500000000003,82.57500000000005,84.00000000000003,18260
1604064600,84.82500000000005,85.35000000000002,83.57500000000005,83.95000000000005,18180
1604327400,84.10000000000002,84.42500000000004,82.47500000000002,84.32500000000005,16753
1604413800,84.87500000000003,85.17500000000004,83.52500000000003,83.77500000000003,15736
1604500200,83.95000000000005,84.82500000000005,83.07500000000005,84.72500000000002,13319
1604586600,85.25000000000003,85.97500000000002,84.80000000000004,85.80000000000004,18714
1604673000,85.37500000000003,85.95000000000005,83.00000000000003,83.27500000000003,32112
1604932200,84.17500000000004,84.95000000000005,83.62500000000003,83.97500000000002,25735
1605018600,84.67500000000004,84.67500000000004,83.27500000000003,83.50000000000003,24088
1605105000,83.52500000000003,84.15000000000003,81.97500000000004,83.17500000000004,27210
1605191400,84.00000000000003,84.95000000000005,83.60000000000002,84.17500000000004,26881
1605277800,84.40000000000003,84.40000000000003,82.55000000000004,83.27500000000003,18177
1605537000,83.35000000000002,84.17500000000004,82.97500000000002,83.52500000000003,12602
1605623400,83.80000000000004,85.55000000000004,83.80000000000004,85.37500000000004,18199
1605709800,84.57500000000005,85.75000000000004,84.47500000000004,85.65000000000005,11784
1605796200,84.92500000000004,85.20000000000005,82.65000000000003,82.80000000000004,16238
1605882600,82.65000000000003,85.52500000000005,82.50000000000004,85.10000000000004,20102
1606141800,85.10000000000004,88.10000000000004,84.80000000000004,86.87500000000004,20097
1606228200,87.22500000000004,87.37500000000004,85.75000000000004,86.50000000000004,13351
1606314600,86.65000000000005,87.60000000000004,86.27500000000005,87.42500000000004,7923
1606487400,87.62500000000004,87.72500000000004,85.97500000000004,87.00000000000004,8458
1606746600,87.17500000000004,88.52500000000005,86.90000000000005,88.32500000000005,12003
1606833000,88.50000000000004,89.35000000000004,87.80000000000004,88.50000000000004,16346
1606919400,87.90000000000005,88.15000000000005,87.47500000000004,87.62500000000004,10690
1607005800,87.62500000000004,87.80000000000004,86.47500000000004,86.67500000000004,12353
1607092200,85.95000000000005,86.45000000000005,84.35000000000004,86.32500000000005,17793
1607351400,86.00000000000004,86.12500000000004,84.60000000000004,84.70000000000005,15898
1607437800,84.67500000000004,85.95000000000005,83.85000000000004,85.35000000000004,14740
1607524200,85.25000000000004,86.32500000000005,84.87500000000004,86.02500000000005,10915
1607610600,85.70000000000005,85.80000000000004,84.67500000000004,84.85000000000004,11293
1607697000,84.77500000000005,84.95000000000005,82.75000000000004,82.97500000000005,21319
1607956200,82.77500000000003,85.60000000000004,82.77500000000003,85.42500000000004,23167
1608042600,85.05000000000004,86.65000000000005,84.97500000000004,86.20000000000005,14255
1608129000,85.35000000000004,85.85000000000004,84.40000000000005,85.72500000000004,13961
1608215400,85.72500000000004,86.20000000000005,85.05000000000004,85.25000000000004,10153
1608301800,84.77500000000005,85.75000000000004,84.50000000000004,85.55000000000004,8866
1608561000,84.95000000000005,86.15000000000005,84.85000000000004,85.67500000000004,9817
1608647400,86.12500000000004,86.35000000000004,85.47500000000004,85.77500000000005,10418
1608733800,85.87500000000004,87.87500000000004,85.52500000000005,87.60000000000004,16121
1608820200,87.35000000000004,87.65000000000005,86.42500000000004,86.70000000000005,8618
1609165800,86.95000000000005,86.97500000000004,85.52500000000005,86.25000000000004,10221
1609252200,86.52500000000005,87.50000000000004,85.80000000000004,86.95000000000005,12888
1609338600,86.85000000000004,88.90000000000005,86.82500000000005,87.35000000000004,18180
1609425000,87.77500000000005,90.25000000000004,87.70000000000005,90.02500000000005,24318
1609768800,91.17500000000004,91.75000000000004,90.42500000000004,90.97500000000004,24526
1609857000,91.15000000000005,91.15000000000005,89.85000000000004,90.67500000000004,18960
1609943400,90.82500000000005,91.50000000000004,89.27500000000005,89.52500000000005,20467
1610029800,89.20000000000005,89.62500000000004,88.77500000000005,88.87500000000004,16007
1610116200,89.02500000000005,89.35000000000004,88.07500000000005,88.45000000000005,23616
1610375400,88.25000000000004,88.85000000000004,87.60000000000004,88.22500000000004,23697
1610461800,88.65000000000005,89.27500000000005,87.95000000000005,88.25000000000004,25565
1610548200,87.72500000000004,87.75000000000004,86.45000000000005,86.60000000000004,34419
1610634600,86.25000000000004,86.77500000000005,85.87500000000004,86.05000000000004,26504
1610721000,85.90000000000005,87.95000000000005,85.90000000000005,87.67500000000004,21373
1611066600,87.52500000000005,87.75000000000004,86.17500000000004,86.22500000000004,12510
1611153000,86.25000000000004,88.25000000000004,85.90000000000005,88.17500000000004,13759
1611239400,88.12500000000004,90.07500000000003,88.10000000000004,89.00000000000004,17108
1611325800,89.02500000000003,91.35000000000004,88.95000000000003,91.25000000000004,19562
1611585000,91.22500000000004,91.95000000000003,90.80000000000004,91.72500000000004,14665
1611671400,91.85000000000004,92.70000000000003,91.57500000000003,92.05000000000004,16173
1611757800,92.40000000000003,92.67500000000004,91.25000000000004,91.40000000000003,14750
1611844200,91.47500000000004,92.32500000000003,91.15000000000003,91.47500000000004,13680
1611930600,91.60000000000004,92.60000000000004,91.37500000000004,91.75000000000004,16924
1612189800,92.00000000000004,92.40000000000003,90.47500000000004,90.60000000000004,17272
1612276200,90.75000000000004,93.32500000000003,90.47500000000004,93.17500000000004,20401
1612362600,93.35000000000004,95.05000000000004,93.25000000000004,94.30000000000004,18780
1612449000,94.75000000000004,95.17500000000004,93.17500000000004,94.40000000000003,18020
1612535400,94.27500000000003,95.72500000000004,94.07500000000003,95.40000000000003,16779
1612794600,95.80000000000004,96.17500000000004,95.05000000000004,95.75000000000004,16409
1612881000,95.25000000000004,95.95000000000003,94.50000000000004,95.47500000000004,13761
1612967400,96.10000000000004,97.92500000000004,95.97500000000004,96.92500000000004,19786
1613053800,97.30000000000004,99.60000000000004,96.45000000000003,99.35000000000004,24290
1613140200,99.00000000000004,102.35000000000004,98.70000000000003,100.30000000000004,26862
1613485800,101.00000000000004,101.92500000000004,100.17500000000004,101.27500000000003,16246
1613572200,100.97500000000004,101.55000000000004,99.72500000000004,100.00000000000004,17274
1613658600,99.97500000000004,100.57500000000003,98.72500000000004,100.02500000000003,13897
1613745000,100.57500000000003,101.00000000000004,99.07500000000003,99.60000000000004,14474
1614004200,99.67500000000004,100.75000000000004,99.42500000000004,100.22500000000004,12786
1614090600,100.67500000000004,101.97500000000004,100.50000000000004,101.52500000000003,14675
1614177000,102.10000000000004,104.52500000000003,102.05000000000004,104.52500000000003,20013
1614263400,105.30000000000004,105.77500000000003,104.20000000000003,104.85000000000004,18684
1614349800,104.90000000000003,105.37500000000004,101.90000000000003,102.25000000000004,26431
1614609000,102.55000000000004,104.00000000000004,102.17500000000004,102.82500000000003,19697
1614695400,102.15000000000003,102.17500000000004,100.22500000000004,100.45000000000003,27485
1614781800,101.85000000000004,103.45000000000003,101.55000000000004,103.02500000000003,26365
1614868200,102.95000000000003,103.40000000000003,101.90000000000003,102.40000000000003,23202
1614954600,102.90000000000003,102.90000000000003,101.80000000000004,102.27500000000003,23282
1615213800,101.60000000000004,102.80000000000004,101.30000000000004,102.40000000000003,24569
1615300200,102.67500000000004,103.95000000000003,102.47500000000004,103.45000000000003,24951
1615386600,103.45000000000003,104.02500000000003,102.95000000000003,103.87500000000004,24205
1615473000,104.45000000000003,106.80000000000004,104.20000000000003,106.60000000000004,28000
1615559400,106.42500000000004,106.60000000000004,105.85000000000004,106.50000000000004,15112
1615815000,105.97500000000004,106.00000000000004,104.72500000000004,105.65000000000003,16528
1615901400,107.15000000000003,108.22500000000004,107.10000000000004,108.00000000000004,14381
1615987800,108.00000000000004,109.05000000000004,107.25000000000004,108.77500000000003,14769
1616074200,109.10000000000004,109.67500000000004,108.20000000000003,109.40000000000003,15871
1616160600,110.50000000000004,110.82500000000003,109.22500000000004,109.35000000000004,8678
1616419800,109.20000000000005,109.22500000000004,106.37500000000004,108.22500000000004,15436
1616506200,108.45000000000005,110.12500000000004,107.97500000000004,110.00000000000004,17184
1616592600,110.25000000000004,111.17500000000004,110.25000000000004,110.80000000000004,14649
1616679000,111.65000000000005,112.30000000000004,110.77500000000005,112.07500000000005,15353
1616765400,114.10000000000004,114.60000000000004,113.30000000000004,114.35000000000004,16179
1617024600,113.75000000000004,114.35000000000004,112.47500000000004,113.97500000000004,14755
1617111000,114.10000000000004,115.12500000000004,113.47500000000004,114.77500000000005,12813
1617197400,114.25000000000004,114.50000000000004,112.62500000000004,114.05000000000004,15239
1617283800,114.55000000000004,115.47500000000004,114.10000000000004,115.07500000000005,16134
1617629400,115.55000000000004,116.15000000000005,113.80000000000004,114.35000000000004,14382
1617715800,114.30000000000004,114.60000000000004,113.32500000000005,114.37500000000004,14406
1617802200,114.62500000000004,116.87500000000004,114.50000000000004,116.65000000000005,17173
1617888600,116.72500000000004,117.52500000000005,116.42500000000004,117.45000000000005,15728
1617975000,117.40000000000005,118.30000000000004,116.90000000000005,117.70000000000005,15321
1618234200,118.15000000000005,118.82500000000005,114.70000000000005,114.90000000000005,26636
1618320600,114.07500000000005,115.75000000000004,113.65000000000005,114.92500000000004,20471
1618407000,115.55000000000004,116.52500000000005,114.47500000000004,116.45000000000005,16874
1618493400,115.85000000000004,115.85000000000004,113.45000000000005,113.45000000000005,11576
1618579800,113.97500000000004,114.60000000000004,109.67500000000004,110.45000000000005,28762
1618839000,109.95000000000005,114.12500000000004,109.85000000000004,113.07500000000005,22539
1618925400,113.67500000000004,115.15000000000005,113.52500000000005,115.10000000000004,18321
1619011800,115.42500000000004,115.50000000000004,112.40000000000005,113.27500000000005,22556
1619098200,113.55000000000004,114.67500000000004,111.72500000000004,112.30000000000004,18200
1619184600,113.35000000000004,114.72500000000004,113.32500000000005,114.47500000000004,16142
1619443800,113.97500000000004,115.82500000000005,113.07500000000005,115.60000000000004,15071
1619530200,115.25000000000004,115.82500000000005,113.97500000000004,115.42500000000004,17776
1619616600,116.32500000000005,118.40000000000005,116.17500000000004,117.87500000000004,22238
1619703000,117.97500000000004,117.97500000000004,114.95000000000005,115.47500000000004,23271
1619789400,116.12500000000004,118.47500000000004,115.82500000000005,118.47500000000004,21513
1620048600,119.75000000000004,121.92500000000004,119.62500000000004,121.40000000000005,25301
1620135000,121.35000000000004,122.55000000000004,120.72500000000004,122.30000000000004,22879
1620221400,122.70000000000005,123.32500000000005,121.30000000000004,123.17500000000004,19804
1620307800,123.47500000000004,123.75000000000004,121.85000000000004,123.22500000000004,19317
1620394200,123.42500000000004,123.57500000000005,121.35000000000004,121.60000000000004,26384
1620653400,121.25000000000004,121.42500000000004,119.82500000000005,120.85000000000004,23513
1620739800,120.47500000000004,121.87500000000004,119.00000000000004,119.92500000000004,29361
1620826200,121.00000000000004,121.60000000000004,120.35000000000004,120.77500000000005,27291
1620912600,119.62500000000004,120.27500000000005,118.45000000000005,118.85000000000004,26466
1620999000,118.75000000000004,119.17500000000004,117.20000000000005,117.47500000000004,18651
1621258200,117.42500000000004,118.32500000000005,116.67500000000004,117.40000000000005,15751
1621344600,117.47500000000004,119.92500000000004,117.27500000000005,119.40000000000005,20811
1621431000,119.17500000000005,119.57500000000005,118.05000000000005,119.30000000000005,10195
1621517400,120.10000000000005,122.05000000000005,119.32500000000005,121.45000000000005,13984
1621603800,121.17500000000005,124.45000000000005,121.10000000000005,124.45000000000005,16852
1621863000,123.50000000000004,124.05000000000005,122.80000000000005,123.22500000000005,11805
1621949400,123.87500000000004,125.87500000000004,123.75000000000004,125.40000000000005,14241
1622035800,125.00000000000004,125.77500000000005,123.67500000000005,124.30000000000005,13925
1622122200,124.47500000000005,124.75000000000004,123.77500000000005,124.60000000000005,11807
1622208600,125.27500000000005,127.60000000000005,124.95000000000005,127.25000000000004,18669
1622554200,126.22500000000005,128.30000000000007,126.20000000000005,127.55000000000005,17958
1622640600,127.85000000000005,128.30000000000007,125.10000000000005,126.37500000000004,18468
1622727000,126.57500000000005,127.05000000000005,125.40000000000005,126.90000000000005,14311
1622813400,126.97500000000005,129.35000000000005,126.40000000000005,128.50000000000006,19887
1623072600,129.25000000000006,131.50000000000006,128.90000000000003,130.00000000000006,30535
1623159000,129.97500000000005,131.50000000000006,127.92500000000005,129.70000000000005,25599
1623245400,130.20000000000005,130.62500000000006,128.07500000000005,129.40000000000003,27013
1623331800,129.27500000000003,130.30000000000007,128.20000000000005,129.22500000000005,23353
1623418200,129.55000000000007,129.77500000000003,127.42500000000005,127.87500000000004,26882
1623677400,127.12500000000004,127.55000000000005,125.57500000000005,126.12500000000004,16614
1623763800,125.00000000000004,126.45000000000005,125.00000000000004,126.40000000000005,14212
1623850200,125.40000000000005,125.55000000000005,123.40000000000005,123.40000000000005,17662
1623936600,121.92500000000005,122.20000000000005,118.90000000000005,118.90000000000005,19949
1624023000,120.07500000000005,120.12500000000004,116.40000000000005,116.57500000000005,21637
1624282200,116.80000000000005,117.10000000000005,113.57500000000005,113.57500000000005,21055
1624368600,113.45000000000005,116.60000000000005,113.37500000000004,113.60000000000005,17829
1624455000,112.62500000000004,112.97500000000005,110.60000000000005,110.62500000000004,21997
1624541400,109.87500000000004,110.37500000000004,106.40000000000005,108.60000000000005,34266
1624627800,108.60000000000005,111.70000000000005,108.40000000000005,109.67500000000005,19309
1624887000,110.27500000000005,112.67500000000005,109.87500000000004,112.67500000000005,16300
1624973400,113.60000000000005,114.07500000000005,112.45000000000005,113.52500000000005,18278
1625059800,113.52500000000005,114.50000000000004,111.75000000000004,113.15000000000005,17977
1625146200,114.12500000000004,115.50000000000004,110.15000000000005,110.20000000000005,25553
1625232600,110.75000000000004,111.90000000000005,108.00000000000004,110.12500000000004,19768
1625578200,110.17500000000005,112.75000000000004,110.17500000000005,112.25000000000004,24888
1625664600,111.95000000000005,112.62500000000004,110.00000000000004,110.30000000000005,18201
1625751000,111.12500000000004,111.60000000000005,109.67500000000005,110.27500000000005,24573
1625837400,111.10000000000005,111.87500000000004,110.50000000000004,111.47500000000005,24557
1626096600,112.35000000000005,114.27500000000005,112.00000000000004,113.97500000000005,29778
1626183000,114.57500000000005,116.07500000000005,114.37500000000004,115.82500000000005,29271
1626269400,116.27500000000005,116.70000000000005,114.85000000000005,115.00000000000004,24541
1626355800,114.67500000000005,115.27500000000005,113.12500000000004,114.20000000000005,16862
1626442200,114.82500000000005,116.17500000000005,114.57500000000005,115.55000000000005,16094
1626701400,115.15000000000005,115.75000000000004,113.70000000000005,114.37500000000004,16870
1626787800,114.85000000000005,115.70000000000005,114.32500000000005,114.90000000000005,11470
1626874200,115.07500000000005,116.32500000000005,115.05000000000004,116.27500000000005,14401
1626960600,116.42500000000004,116.72500000000004,114.27500000000005,115.60000000000004,17687
1627047000,115.30000000000004,117.27500000000005,115.17500000000004,116.50000000000004,13902
1627306200,116.52500000000005,117.15000000000005,115.50000000000004,116.97500000000004,12559
1627392600,116.97500000000004,117.92500000000004,116.10000000000004,116.40000000000005,12648
1627479000,116.12500000000004,116.25000000000004,113.40000000000005,113.40000000000005,15155
1627565400,112.37500000000004,114.75000000000004,112.37500000000004,112.85000000000004,15629
1627651800,112.80000000000004,113.25000000000004,111.15000000000005,111.90000000000005,16641
1627911000,112.07500000000005,113.70000000000005,112.07500000000005,113.37500000000004,11939
1627997400,114.00000000000004,115.42500000000004,113.65000000000005,115.25000000000004,16686
1628083800,115.17500000000004,115.60000000000004,113.85000000000004,114.00000000000004,13813
1628170200,113.55000000000004,113.57500000000005,111.00000000000004,111.00000000000004,13477
1628256600,110.65000000000005,111.72500000000004,109.50000000000004,111.47500000000004,20773
1628515800,111.07500000000005,111.45000000000005,108.47500000000004,108.47500000000004,15341
1628602200,108.47500000000004,109.07500000000005,107.20000000000005,107.75000000000004,24231
1628688600,107.77500000000005,109.97500000000004,107.75000000000004,109.72500000000004,18486
1628775000,109.72500000000004,111.00000000000004,109.72500000000004,110.35000000000004,14816
1628861400,110.17500000000004,110.75000000000004,108.37500000000004,110.40000000000005,14439
1629120600,111.12500000000004,113.17500000000004,111.12500000000004,112.87500000000004,21292
1629207000,112.15000000000005,112.45000000000005,111.42500000000004,111.77500000000005,13393
1629293400,112.27500000000005,113.12500000000004,111.65000000000005,112.97500000000004,13402
1629379800,112.52500000000005,113.07500000000005,110.47500000000004,110.80000000000004,17600
1629466200,111.47500000000004,113.65000000000005,111.27500000000005,112.50000000000004,17717
1629725400,112.52500000000005,113.32500000000005,110.85000000000004,111.35000000000004,16060
1629811800,110.55000000000004,111.85000000000004,109.92500000000004,110.85000000000004,16511
1629898200,110.87500000000004,113.10000000000004,110.62500000000004,112.62500000000004,15951
1629984600,112.77500000000005,113.37500000000004,111.47500000000004,111.77500000000005,14077
1630071000,112.20000000000005,114.77500000000005,112.20000000000005,114.60000000000004,23060
1630330200,115.30000000000004,115.30000000000004,113.27500000000005,114.02500000000005,16247
1630416600,113.45000000000005,113.45000000000005,112.25000000000004,112.67500000000004,19427
1630503000,113.22500000000004,114.77500000000005,113.20000000000005,114.02500000000005,19572
1630589400,113.52500000000005,114.25000000000004,113.12500000000004,113.72500000000004,14765
1630675800,113.72500000000004,114.05000000000004,113.25000000000004,113.45000000000005,12478
1631021400,113.85000000000004,113.85000000000004,111.87500000000004,111.97500000000004,19547
1631107800,111.97500000000004,113.22500000000004,111.12500000000004,111.25000000000004,30331
1631194200,111.82500000000005,112.12500000000004,109.12500000000004,109.35000000000004,40112
1631280600,109.67500000000004,109.90000000000005,105.82500000000005,106.32500000000005,39978
1631539800,106.55000000000004,106.72500000000004,104.57500000000005,104.65000000000005,37235
1631626200,104.92500000000004,105.57500000000005,103.65000000000005,104.25000000000004,29731
1631712600,104.80000000000004,106.67500000000004,104.47500000000004,106.15000000000005,20843
1631799000,107.17500000000004,109.85000000000004,106.15000000000005,109.35000000000004,20618
1631885400,109.47500000000004,110.00000000000004,107.90000000000005,109.60000000000004,11553
1632144600,109.15000000000005,109.70000000000005,108.42500000000004,108.85000000000004,9868
1632231000,108.85000000000004,108.85000000000004,106.32500000000005,108.22500000000004,17516
1632317400,108.02500000000005,109.55000000000004,107.12500000000004,108.00000000000004,10627
1632403800,108.97500000000004,111.30000000000004,108.72500000000004,111.12500000000004,17568
1632490200,111.12500000000004,111.82500000000005,110.27500000000005,111.42500000000004,11560
1632749400,114.42500000000004,116.17500000000004,114.37500000000004,116.17500000000004,17363
1632835800,116.32500000000005,118.60000000000004,115.70000000000005,118.20000000000005,28158
1632922200,117.32500000000005,118.62500000000004,117.32500000000005,118.22500000000004,19797
1633008600,119.47500000000004,120.30000000000004,119.17500000000004,120.02500000000005,23714
1633095000,120.15000000000005,120.27500000000005,119.32500000000005,119.80000000000004,14878
1633354200,119.55000000000004,119.82500000000005,117.42500000000004,117.72500000000004,20981
1633440600,117.75000000000004,118.15000000000005,116.20000000000005,117.17500000000004,18966
1633527000,116.10000000000004,116.77500000000005,115.17500000000004,116.35000000000004,16370
1633613400,117.35000000000004,117.37500000000004,115.95000000000005,116.65000000000005,15073
1633699800,116.87500000000004,117.47500000000004,116.05000000000004,116.12500000000004,13572
1633959000,115.42500000000004,115.77500000000005,114.05000000000004,114.80000000000004,16576
1634045400,114.62500000000004,114.62500000000004,112.67500000000004,112.80000000000004,19545
1634131800,112.42500000000004,113.15000000000005,112.22500000000004,112.77500000000005,15543
1634218200,112.82500000000005,113.57500000000005,111.87500000000004,111.95000000000005,14327
1634304600,112.47500000000004,113.45000000000005,112.02500000000005,112.90000000000005,13466
1634563800,112.22500000000004,114.10000000000004,112.02500000000005,113.37500000000004,11266
1634650200,113.12500000000004,113.37500000000004,111.90000000000005,112.02500000000005,11601
1634736600,111.82500000000005,112.90000000000005,110.55000000000004,110.65000000000005,20084
1634823000,110.40000000000005,110.40000000000005,107.72500000000004,107.82500000000005,24808
1634909400,107.82500000000005,108.82500000000005,107.50000000000004,107.95000000000005,17059
1635168600,108.37500000000004,109.12500000000004,108.10000000000004,108.82500000000005,11361
1635255000,108.12500000000004,108.45000000000005,107.15000000000005,107.20000000000005,15036
1635341400,107.92500000000004,107.92500000000004,106.40000000000005,106.60000000000004,16338
1635427800,107.05000000000004,110.00000000000004,106.42500000000004,109.82500000000005,23379
1635514200,109.92500000000004,111.87500000000004,108.42500000000004,110.70000000000005,25673
1635773400,111.32500000000005,111.52500000000005,110.07500000000005,110.77500000000005,17442
1635859800,110.30000000000004,110.92500000000004,108.70000000000005,108.87500000000004,19929
1635946200,109.67500000000004,110.67500000000004,109.12500000000004,110.57500000000005,17457
1636032600,111.62500000000004,112.85000000000004,111.62500000000004,112.50000000000004,23977
1636119000,112.42500000000004,112.47500000000004,110.90000000000005,111.17500000000004,26447
1636381800,111.82500000000005,111.95000000000005,110.50000000000004,111.00000000000004,21500
1636468200,111.02500000000005,111.02500000000005,109.50000000000004,109.57500000000005,27095
1636554600,109.12500000000004,110.50000000000004,108.32500000000005,110.32500000000005,32038
1636641000,109.90000000000005,110.90000000000005,109.40000000000005,110.00000000000004,23152
1636727400,110.42500000000004,111.15000000000005,109.45000000000005,110.50000000000004,22759
1636986600,110.45000000000005,110.82500000000005,109.75000000000004,110.42500000000004,11665
1637073000,110.15000000000005,112.45000000000005,109.87500000000004,112.35000000000004,17566
1637159400,111.02500000000005,111.52500000000005,110.55000000000004,110.80000000000004,14828
1637245800,110.35000000000004,111.30000000000004,110.30000000000004,110.95000000000003,17302
1637332200,110.95000000000003,111.37500000000003,110.02500000000003,110.12500000000003,14908
1637591400,110.12500000000003,111.02500000000003,109.27500000000003,110.67500000000004,11208
1637677800,110.95000000000003,111.15000000000003,109.97500000000004,110.92500000000004,10513
1637764200,111.27500000000003,112.12500000000003,110.97500000000004,111.90000000000003,16489
1637937000,111.40000000000003,112.32500000000003,108.07500000000003,108.67500000000004,17225
1638196200,109.62500000000003,109.67500000000004,108.40000000000003,108.57500000000003,14778
1638282600,108.10000000000004,108.90000000000003,106.32500000000003,107.62500000000003,28815
1638369000,108.20000000000003,108.30000000000004,106.90000000000003,107.77500000000003,17583
1638455400,107.92500000000004,110.35000000000004,106.60000000000004,109.65000000000003,20489
1638541800,110.35000000000004,110.35000000000004,108.85000000000004,109.15000000000003,13980
1638801000,108.52500000000003,108.57500000000003,105.82500000000003,105.87500000000003,20979
1638887400,105.90000000000003,106.52500000000003,103.77500000000003,104.20000000000003,25328
1638973800,104.10000000000004,104.70000000000003,103.00000000000003,103.70000000000003,18891
1639060200,104.65000000000003,105.70000000000003,103.60000000000004,105.47500000000004,15136
1639146600,105.65000000000003,108.80000000000004,105.05000000000004,108.67500000000004,23708
1639405800,108.27500000000003,108.87500000000003,107.85000000000004,108.40000000000003,13762
1639492200,108.40000000000003,108.75000000000003,107.15000000000003,107.72500000000004,11229
1639578600,107.30000000000004,107.72500000000004,106.32500000000003,106.97500000000004,11721
1639665000,107.32500000000003,108.45000000000003,107.25000000000003,108.00000000000003,11457
1639751400,108.75000000000003,109.12500000000003,107.80000000000004,108.45000000000003,15348
1640010600,107.92500000000004,107.92500000000004,106.82500000000003,107.12500000000003,12992
1640097000,107.20000000000003,110.42500000000004,106.92500000000004,110.07500000000003,26845
1640183400,110.20000000000003,111.25000000000003,110.10000000000004,111.00000000000003,17570
1640269800,111.00000000000003,111.57500000000003,110.52500000000003,110.87500000000003,10636
1640613600,111.92500000000004,112.30000000000004,110.67500000000004,111.30000000000004,9968
1640701800,110.17500000000004,110.90000000000003,109.92500000000004,110.27500000000003,13468
1640788200,110.42500000000004,111.87500000000003,110.22500000000004,111.47500000000004,14796
1640874600,110.85000000000004,111.47500000000004,110.02500000000003,110.35000000000004,10970
1640961000,110.90000000000003,111.20000000000003,108.85000000000004,109.12500000000003,13870
1641220200,109.17500000000004,109.65000000000003,108.52500000000003,108.77500000000003,12432
1641306600,108.42500000000004,109.95000000000003,107.65000000000003,107.80000000000004,25483
1641393000,108.32500000000003,110.12500000000003,108.00000000000003,109.92500000000004,21706
1641479400,110.35000000000004,111.70000000000003,110.25000000000003,110.60000000000004,23688
1641565800,110.72500000000004,110.72500000000004,106.92500000000004,107.30000000000004,36383
1641825000,107.42500000000004,107.55000000000004,105.87500000000003,106.02500000000003,32542
1641911400,105.92500000000004,106.15000000000003,105.20000000000003,105.50000000000003,27283
1641997800,105.67500000000004,107.17500000000004,105.32500000000003,106.50000000000003,23048
1642084200,106.65000000000003,107.00000000000003,104.70000000000003,105.50000000000003,25693
1642170600,106.62500000000003,108.92500000000004,106.25000000000003,108.55000000000004,20746
1642516200,108.57500000000003,109.40000000000003,108.15000000000003,109.25000000000003,13287
1642602600,109.22500000000004,110.20000000000003,108.85000000000004,109.95000000000003,11550
1642689000,110.95000000000003,113.07500000000003,110.07500000000003,112.60000000000004,24164
1642775400,112.22500000000004,114.35000000000004,111.75000000000004,113.55000000000004,22576
1643034600,112.85000000000004,114.92500000000004,112.00000000000004,113.92500000000004,21828
1643121000,114.20000000000003,115.97500000000004,114.17500000000004,115.85000000000004,20745
1643207400,115.77500000000003,116.10000000000004,114.15000000000003,115.05000000000004,14987
1643293800,115.10000000000004,115.50000000000004,112.60000000000004,113.27500000000003,17065
1643380200,114.20000000000003,115.67500000000004,112.22500000000004,113.52500000000003,20249
1643639400,113.32500000000003,114.90000000000003,113.32500000000003,114.30000000000004,13923
1643725800,113.35000000000004,117.75000000000004,113.22500000000004,116.27500000000003,24403
1643812200,116.50000000000004,118.87500000000004,115.77500000000003,117.72500000000004,20005
1643898600,117.57500000000003,119.85000000000004,116.87500000000004,116.97500000000004,23991
1643985000,116.77500000000003,119.27500000000003,116.50000000000004,118.67500000000004,16766
1644244200,119.00000000000004,121.45000000000003,118.90000000000003,119.87500000000004,20931
1644330600,119.62500000000004,123.27500000000003,119.47500000000004,122.40000000000003,25120
1644417000,122.50000000000004,124.07500000000003,122.37500000000004,123.37500000000004,21160
1644503400,124.05000000000004,126.30000000000004,121.77500000000003,122.02500000000003,22599
1644589800,121.30000000000004,122.45000000000003,120.62500000000004,120.82500000000003,19501
1644849000,121.35000000000004,122.42500000000004,119.60000000000004,120.92500000000004,16620
1644935400,121.20000000000003,123.70000000000003,120.67500000000004,122.75000000000004,16862
1645021800,123.60000000000004,125.12500000000004,123.35000000000004,124.00000000000004,15993
1645108200,124.10000000000004,126.67500000000004,123.42500000000004,126.17500000000004,16548
1645194600,127.92500000000004,128.42500000000004,126.52500000000003,128.00000000000006,17620
1645540200,127.85000000000004,131.25000000000006,127.52500000000003,130.67500000000004,19564
1645626600,130.80000000000004,131.45000000000005,126.37500000000004,126.62500000000004,27723
1645713000,127.95000000000003,128.25000000000006,124.00000000000004,124.12500000000004,23890
1645799400,124.12500000000004,125.02500000000003,122.15000000000003,122.27500000000003,20689
1646058600,122.27500000000003,123.10000000000004,121.47500000000004,122.10000000000004,18933
1646145000,122.25000000000004,125.35000000000004,121.62500000000004,124.80000000000004,19514
1646231400,125.50000000000004,125.70000000000003,123.00000000000004,124.90000000000003,19879
1646317800,126.05000000000004,126.05000000000004,123.65000000000003,123.80000000000004,20330
1646404200,122.77500000000003,122.85000000000004,119.05000000000004,119.05000000000004,31922
1646663400,118.60000000000004,121.37500000000004,117.07500000000003,118.87500000000004,34025
1646749800,119.77500000000003,122.17500000000004,119.52500000000003,121.52500000000003,27007
1646836200,121.80000000000004,121.90000000000003,119.37500000000004,119.75000000000004,27514
1646922600,120.10000000000004,120.92500000000004,118.42500000000004,118.70000000000003,27936
1647009000,118.75000000000004,121.70000000000003,118.57500000000003,121.32500000000003,24820
1647264600,120.60000000000004,121.22500000000004,119.70000000000003,120.80000000000004,16065
1647351000,121.32500000000003,121.32500000000003,120.12500000000004,121.00000000000004,10085
1647437400,122.17500000000004,123.30000000000004,120.62500000000004,120.97500000000004,14736
1647523800,121.22500000000004,121.42500000000004,118.47500000000004,118.95000000000003,13592
1647610200,119.22500000000004,120.22500000000004,117.82500000000003,118.00000000000004,12476
1647869400,118.47500000000004,120.55000000000004,118.17500000000004,119.22500000000004,10182
1647955800,119.32500000000003,119.62500000000003,117.57500000000003,119.47500000000004,11512
1648042200,120.75000000000003,123.85000000000004,120.60000000000004,122.37500000000003,20630
1648128600,122.37500000000003,123.12500000000003,120.07500000000003,121.47500000000004,12110
1648215000,122.47500000000004,125.55000000000004,121.85000000000004,125.25000000000003,17004
1648474200,125.25000000000003,126.27500000000003,124.42500000000004,125.45000000000003,11737
1648560600,123.55000000000004,125.12500000000003,121.30000000000004,124.02500000000003,14382
1648647000,122.62500000000003,125.52500000000003,122.40000000000003,123.62500000000003,12803
1648733400,126.70000000000003,126.72500000000004,119.77500000000003,120.02500000000003,22689
1648819800,120.47500000000004,121.90000000000003,119.62500000000003,119.85000000000004,14802
1649079000,119.30000000000004,119.30000000000004,115.10000000000004,115.55000000000004,24795
1649165400,115.55000000000004,117.02500000000003,111.60000000000004,113.75000000000003,24877
1649251800,113.82500000000003,114.70000000000003,112.50000000000003,114.10000000000004,16260
1649338200,114.45000000000003,115.30000000000004,112.55000000000004,113.55000000000004,20584
1649424600,113.52500000000003,114.67500000000004,112.80000000000004,113.97500000000004,12062
1649683800,113.67500000000004,115.15000000000003,112.32500000000003,114.42500000000004,12722
1649770200,115.42500000000004,118.50000000000003,114.90000000000003,117.87500000000003,16008
1649856600,117.85000000000004,118.02500000000003,116.40000000000003,117.00000000000003,10366
1649943000,116.97500000000004,118.00000000000003,115.65000000000003,117.87500000000003,12715
1650288600,118.10000000000004,121.90000000000003,118.10000000000004,121.80000000000004,16737
1650375000,120.90000000000003,122.47500000000004,120.42500000000004,120.72500000000004,14805
1650461400,120.10000000000004,120.47500000000004,117.72500000000004,118.15000000000003,17020
1650547800,117.85000000000004,118.50000000000003,115.95000000000003,116.57500000000003,14671
1650634200,116.57500000000003,119.25000000000003,116.50000000000003,118.17500000000004,11736
1650893400,116.72500000000004,117.30000000000004,113.42500000000004,113.42500000000004,21438
1650979800,113.42500000000004,114.22500000000004,110.00000000000003,110.57500000000003,27859
1651066200,110.92500000000004,111.67500000000004,109.37500000000003,109.75000000000003,17955
1651152600,109.75000000000003,111.10000000000004,108.12500000000003,110.37500000000003,16582
1651239000,110.10000000000004,110.15000000000003,105.62500000000003,105.77500000000003,25035
1651498200,106.05000000000004,106.15000000000003,102.30000000000004,104.37500000000003,23606
1651584600,104.90000000000003,105.90000000000003,101.27500000000003,101.60000000000004,25801
1651671000,102.40000000000003,104.90000000000003,102.12500000000003,104.50000000000003,23916
1651757400,105.00000000000003,106.92500000000004,104.72500000000004,106.47500000000004,22017
1651843800,106.07500000000003,106.12500000000003,103.10000000000004,103.50000000000003,25548
1652103000,102.50000000000003,102.75000000000003,99.95000000000003,100.70000000000003,27109
1652189400,101.80000000000004,102.12500000000003,99.55000000000004,100.97500000000004,28202
1652275800,100.35000000000004,101.30000000000004,98.90000000000003,100.25000000000003,26864
1652362200,99.77500000000003,100.25000000000003,96.50000000000003,96.87500000000003,26247
1652448600,97.20000000000003,100.22500000000004,96.87500000000003,100.15000000000003,18192
1652707800,100.85000000000004,103.97500000000004,100.80000000000004,103.22500000000004,15710
1652794200,103.60000000000004,104.85000000000004,102.00000000000003,104.55000000000004,14699
1652880600,104.17500000000004,105.82500000000003,101.87500000000003,105.50000000000003,11263
1652967000,104.80000000000003,105.45000000000002,103.27500000000002,103.95000000000002,12109
1653053400,103.07500000000002,106.15000000000002,101.12500000000003,105.97500000000002,13805
1653312600,106.67500000000003,108.10000000000002,105.75000000000003,107.82500000000002,11746
1653399000,106.77500000000002,107.85000000000002,104.60000000000002,106.02500000000002,14515
1653485400,106.97500000000002,107.97500000000002,104.65000000000002,104.92500000000003,12565
1653571800,105.42500000000003,109.00000000000003,103.62500000000003,108.80000000000003,17716
1653658200,108.37500000000003,109.82500000000002,108.02500000000002,108.70000000000002,11724
1654003800,107.50000000000003,107.85000000000002,103.95000000000002,104.97500000000002,17134
1654090200,105.67500000000003,109.72500000000002,105.67500000000003,109.40000000000002,20459
1654176600,110.35000000000002,110.97500000000002,108.80000000000003,109.15000000000002,16776
1654263000,108.80000000000003,110.17500000000003,107.32500000000002,107.72500000000002,13963
1654522200,107.42500000000003,107.47500000000002,104.80000000000003,105.95000000000002,16460
1654608600,104.72500000000002,107.10000000000002,104.72500000000002,106.25000000000003,20324
1654695000,106.30000000000003,107.57500000000002,102.17500000000003,104.92500000000003,26682
1654781400,103.42500000000003,103.72500000000002,100.85000000000002,101.97500000000002,26265
1654867800,102.85000000000002,103.85000000000002,102.20000000000002,102.45000000000002,16037
1655127000,102.42500000000003,104.17500000000003,100.50000000000003,103.65000000000002,20720
1655213400,104.85000000000002,105.40000000000002,102.52500000000002,103.60000000000002,14645
1655299800,102.97500000000002,105.82500000000002,102.60000000000002,105.25000000000003,13104
1655386200,104.55000000000003,106.90000000000002,104.45000000000002,106.55000000000003,9709
1655472600,107.77500000000002,108.45000000000002,107.05000000000003,107.97500000000002,11746
1655818200,107.90000000000002,110.32500000000002,107.50000000000003,109.90000000000002,16691
1655904600,109.90000000000002,110.17500000000003,108.20000000000002,108.42500000000003,16490
1655991000,108.02500000000002,108.65000000000002,103.67500000000003,103.77500000000002,21080
1656077400,104.85000000000002,107.65000000000002,104.05000000000003,106.87500000000003,18082
1656336600,108.12500000000003,108.80000000000003,104.75000000000003,104.97500000000002,15848
1656423000,104.32500000000002,105.85000000000002,103.55000000000003,103.92500000000003,15187
1656509400,103.42500000000003,104.65000000000002,103.10000000000002,103.67500000000003,15126
1656595800,104.10000000000002,105.30000000000003,100.35000000000002,102.20000000000002,21277
1656682200,102.40000000000002,104.32500000000002,102.40000000000002,103.07500000000002,15456
1657027800,103.75000000000003,106.52500000000002,102.25000000000003,106.05000000000003,25072
1657114200,107.50000000000003,110.05000000000003,107.12500000000003,109.30000000000003,29420
1657200600,109.50000000000003,111.85000000000002,109.10000000000002,109.60000000000002,25067
1657287000,109.32500000000002,109.97500000000002,108.02500000000002,109.27500000000002,24492
1657546200,109.95000000000002,110.52500000000002,106.55000000000003,108.47500000000002,26546
1657632600,108.95000000000002,109.27500000000002,107.62500000000003,109.10000000000002,19391
1657719000,109.82500000000002,111.65000000000002,109.82500000000002,110.60000000000002,23643
1657805400,110.87500000000003,111.15000000000002,109.22500000000002,109.67500000000003,19000
1657891800,109.40000000000002,110.60000000000002,108.60000000000002,109.92500000000003,13410
1658151000,111.87500000000003,112.82500000000002,111.42500000000003,112.22500000000002,16806
1658237400,111.62500000000003,113.32500000000002,110.80000000000003,112.92500000000003,12546
1658323800,113.75000000000003,114.62500000000003,112.87500000000003,114.45000000000003,16368
1658410200,114.70000000000003,115.32500000000003,113.62500000000003,114.20000000000003,16287
1658496600,113.37500000000003,115.05000000000003,113.12500000000003,114.75000000000003,16342
1658755800,114.15000000000002,115.50000000000003,111.62500000000003,112.55000000000003,21473
1658842200,112.67500000000003,113.20000000000003,110.85000000000002,112.07500000000003,16226
1658928600,112.57500000000003,114.95000000000003,112.42500000000003,114.87500000000003,14603
1659015000,115.32500000000003,116.30000000000003,114.40000000000002,114.75000000000003,16627
1659101400,114.57500000000003,115.80000000000003,113.97500000000002,115.65000000000002,13233
1659360600,114.52500000000002,115.42500000000003,113.45000000000003,115.25000000000003,17656
1659447000,115.42500000000003,115.50000000000003,113.80000000000003,114.65000000000002,14051
1659533400,115.10000000000002,115.95000000000003,114.00000000000003,114.27500000000002,18504
1659619800,112.92500000000003,116.47500000000002,112.25000000000003,116.02500000000002,25198
1659706200,115.65000000000002,117.37500000000003,115.20000000000003,116.82500000000003,18716
1659965400,116.75000000000003,119.17500000000003,116.50000000000003,118.72500000000002,17932
1660051800,118.22500000000002,118.35000000000002,116.85000000000002,118.02500000000002,17849
1660138200,118.72500000000002,119.42500000000003,118.22500000000002,119.27500000000002,16149
1660224600,119.57500000000003,120.07500000000003,118.97500000000002,119.50000000000003,14592
1660311000,119.30000000000003,119.30000000000003,118.00000000000003,118.45000000000003,13157
1660570200,118.25000000000003,119.25000000000003,117.05000000000003,119.00000000000003,15993
1660656600,118.92500000000003,119.60000000000002,114.72500000000002,115.00000000000003,26118
1660743000,115.42500000000003,116.87500000000003,114.00000000000003,116.47500000000002,21994
1660829400,115.90000000000002,115.95000000000003,111.72500000000002,111.72500000000002,25411
1660915800,111.75000000000003,112.42500000000003,110.32500000000003,111.55000000000003,21777
1661175000,111.17500000000003,113.42500000000003,110.55000000000003,112.40000000000002,17313
1661261400,112.80000000000003,115.40000000000002,111.00000000000003,111.32500000000003,23161
1661347800,110.40000000000002,110.92500000000003,108.67500000000003,108.80000000000003,24177
1661434200,108.80000000000003,109.85000000000002,108.42500000000003,109.52500000000002,15933
1661520600,109.22500000000002,109.92500000000003,108.70000000000003,109.07500000000003,16897
1661779800,109.07500000000003,110.87500000000003,108.82500000000003,110.67500000000003,13352
1661866200,110.17500000000003,112.82500000000003,110.17500000000003,112.02500000000002,19074
1661952600,111.60000000000002,111.80000000000003,109.42500000000003,109.95000000000003,23894
1662039000,109.42500000000003,110.85000000000002,109.17500000000003,110.37500000000003,16290
1662125400,109.75000000000003,110.35000000000002,108.17500000000003,108.45000000000003,22829
1662471000,108.45000000000003,109.67500000000003,108.00000000000003,109.52500000000002,20630
1662557400,110.17500000000003,111.65000000000002,109.25000000000003,109.50000000000003,22699
1662643800,109.42500000000003,110.77500000000002,107.55000000000003,110.55000000000003,32234
1662730200,109.85000000000002,111.87500000000003,109.47500000000002,111.60000000000002,29244
1662989400,111.20000000000003,111.67500000000003,109.80000000000003,110.30000000000003,25182
1663075800,110.67500000000003,114.50000000000003,110.42500000000003,114.17500000000003,39816
1663162200,113.87500000000003,114.42500000000003,113.02500000000002,113.12500000000003,21664
1663248600,113.90000000000002,115.25000000000003,113.75000000000003,114.47500000000002,16539
1663335000,114.02500000000002,115.35000000000002,113.87500000000003,115.32500000000003,12707
1663594200,115.10000000000002,115.47500000000002,114.47500000000002,114.90000000000002,6258
1663680600,114.87500000000003,115.87500000000003,113.97500000000002,114.40000000000002,9208
1663767000,114.47500000000002,114.52500000000002,112.50000000000003,112.67500000000003,15808
1663853400,112.47500000000002,113.00000000000003,111.60000000000002,111.90000000000002,13389
1663939800,111.32500000000002,111.47500000000002,108.82500000000002,109.02500000000002,18825
1664199000,108.77500000000002,109.55000000000003,104.62500000000003,105.62500000000003,28542
1664285400,106.45000000000002,106.80000000000003,102.35000000000002,102.47500000000002,32335
1664371800,102.97500000000002,103.47500000000002,101.55000000000003,102.05000000000003,22923
1664458200,103.20000000000002,104.15000000000002,101.77500000000002,101.95000000000002,19818
1664544600,103.35000000000002,103.42500000000003,102.00000000000003,102.45000000000002,22509
1664803800,101.97500000000002,104.55000000000003,101.97500000000002,103.95000000000002,22645
1664890200,103.97500000000002,105.37500000000003,99.20000000000002,100.65000000000002,31078
1664976600,101.05000000000003,102.97500000000002,100.32500000000002,102.72500000000002,23357
1665063000,103.72500000000002,104.32500000000002,103.27500000000002,104.00000000000003,16587
1665149400,104.57500000000002,104.57500000000002,102.80000000000003,103.37500000000003,14991
1665408600,104.22500000000002,106.10000000000002,104.12500000000003,105.82500000000002,24788
1665495000,105.70000000000002,106.17500000000003,104.90000000000002,105.75000000000003,17245
1665581400,106.22500000000002,107.05000000000003,105.42500000000003,106.92500000000003,18267
1665667800,106.90000000000002,107.37500000000003,105.80000000000003,106.82500000000002,15438
1665754200,107.00000000000003,108.82500000000002,106.50000000000003,108.47500000000002,21248
1666013400,108.70000000000002,111.32500000000002,107.62500000000003,111.17500000000003,27108
1666099800,111.20000000000002,112.97500000000002,110.87500000000003,112.70000000000002,27232
1666186200,112.95000000000002,113.72500000000002,112.47500000000002,113.60000000000002,21745
1666272600,113.52500000000002,113.60000000000002,112.27500000000002,113.25000000000003,15118
1666359000,113.12500000000003,116.02500000000002,112.82500000000002,115.35000000000002,23939
1666618200,114.75000000000003,115.12500000000003,113.90000000000002,114.15000000000002,26645
1666704600,114.35000000000002,115.25000000000003,113.50000000000003,114.67500000000003,25855
1666791000,114.35000000000002,115.77500000000002,114.00000000000003,114.72500000000002,23365
1666877400,114.10000000000002,114.50000000000003,110.90000000000002,111.35000000000002,30197
1666963800,111.87500000000003,112.87500000000003,111.00000000000003,112.32500000000002,22525
1667223000,112.85000000000002,113.05000000000003,110.65000000000002,111.15000000000002,25454
1667309400,110.87500000000003,112.07500000000002,110.87500000000003,111.42500000000003,18193
1667395800,110.72500000000002,111.07500000000002,109.47500000000002,109.52500000000002,24268
1667482200,109.52500000000002,110.97500000000002,109.42500000000003,109.60000000000002,16938
1667568600,110.40000000000002,110.40000000000002,109.05000000000003,109.20000000000002,19869
1667831400,109.20000000000002,113.80000000000003,109.12500000000003,113.27500000000002,39026
1667917800,113.22500000000002,113.27500000000002,111.05000000000003,111.80000000000003,28565
1668004200,111.27500000000002,112.37500000000003,110.80000000000003,111.50000000000003,29213
1668090600,111.30000000000003,111.50000000000003,110.50000000000003,111.10000000000002,22966
1668177000,111.27500000000002,111.92500000000003,110.02500000000002,110.57500000000002,19323
1668436200,111.20000000000002,112.17500000000003,110.57500000000002,111.10000000000002,13335
1668522600,111.12500000000003,112.80000000000003,110.82500000000002,111.55000000000003,20312
1668609000,111.62500000000003,112.40000000000002,111.02500000000002,111.80000000000003,11897
1668695400,111.27500000000002,112.32500000000002,110.82500000000002,111.20000000000002,13658
1668781800,110.90000000000002,111.12500000000001,109.42500000000003,109.95000000000002,14830
1669041000,110.40000000000002,111.27500000000002,109.80000000000003,110.55000000000003,14541
1669127400,110.40000000000002,111.37500000000001,109.75000000000001,110.47500000000002,12735
1669213800,110.15000000000002,110.90000000000002,109.02500000000002,109.20000000000002,13248
1669386600,109.07500000000002,110.55000000000003,108.35000000000002,108.90000000000002,11424
1669645800,108.40000000000002,108.55000000000003,104.97500000000002,105.15000000000002,27385
1669732200,105.40000000000002,105.87500000000001,104.42500000000003,104.55000000000003,19596
1669818600,104.12500000000001,106.35000000000002,104.12500000000001,105.75000000000001,17170
1669905000,105.75000000000001,109.87500000000001,105.17500000000003,109.60000000000002,26042
1669991400,109.12500000000001,110.97500000000002,108.80000000000003,110.82500000000002,17612
1670250600,110.75000000000001,112.30000000000003,110.22500000000002,110.92500000000003,18430
1670337000,110.02500000000002,110.40000000000002,106.92500000000003,107.32500000000002,29111
1670423400,107.40000000000002,108.15000000000002,106.35000000000002,107.05000000000003,20835
1670509800,106.02500000000002,106.30000000000003,103.50000000000001,105.10000000000002,30041
1670596200,104.90000000000002,105.55000000000003,104.10000000000002,104.40000000000002,17278
1670855400,104.45000000000002,104.57500000000002,103.20000000000002,104.10000000000002,17305
1670941800,104.25000000000001,106.40000000000002,104.25000000000001,104.97500000000002,21029
1671028200,105.17500000000003,105.40000000000002,103.55000000000003,103.80000000000003,15719
1671114600,103.50000000000001,103.70000000000002,101.92500000000003,102.05000000000003,20637
1671201000,102.05000000000003,106.67500000000003,102.05000000000003,106.17500000000003,22739
1671460200,105.37500000000001,106.95000000000002,105.22500000000002,106.10000000000002,13079
1671546600,105.65000000000002,105.95000000000002,104.40000000000002,104.65000000000002,14507
1671633000,104.30000000000003,109.27500000000002,104.30000000000003,108.80000000000003,28375
1671719400,108.67500000000003,109.72500000000002,107.27500000000002,109.45000000000002,22117
1671805800,108.85000000000002,109.60000000000002,107.50000000000001,108.22500000000002,11870
1672151400,108.10000000000002,112.00000000000001,108.10000000000002,111.87500000000001,29814
1672237800,110.87500000000001,111.87500000000001,110.62500000000001,111.20000000000002,18104
1672324200,110.17500000000003,110.90000000000002,108.90000000000002,109.07500000000002,14100
1672410600,109.07500000000002,109.07500000000002,107.65000000000002,108.10000000000002,14076
1672756200,107.82500000000002,108.37500000000001,105.00000000000001,105.47500000000002,27911
1672842600,105.27500000000002,106.42500000000003,103.87500000000001,104.47500000000002,25940
1672929000,103.95000000000002,104.37500000000001,102.00000000000001,102.92500000000003,29058
1673015400,102.72500000000002,102.75000000000001,100.52500000000002,100.67500000000003,28988
1673274600,100.75000000000001,102.02500000000002,100.10000000000002,101.20000000000002,31593
1673361000,100.57500000000002,101.00000000000001,99.75000000000001,100.20000000000002,26604
1673447400,100.20000000000002,100.55000000000003,99.22500000000002,99.70000000000002,25405
1673533800,99.50000000000001,100.47500000000002,97.97500000000002,99.15000000000002,24600
1673620200,98.95000000000002,99.80000000000003,98.07500000000002,99.05000000000003,24375
1673965800,99.22500000000002,100.30000000000003,98.27500000000002,98.85000000000002,19952
1674052200,98.15000000000002,98.90000000000002,97.52500000000002,97.72500000000002,20367
1674138600,97.57500000000002,98.05000000000003,96.80000000000003,97.05000000000003,15369
1674225000,97.60000000000002,99.20000000000002,97.15000000000002,98.37500000000001,20155
1674484200,98.70000000000002,99.17500000000003,97.27500000000002,98.10000000000002,18410
1674570600,98.75000000000001,98.90000000000002,96.65000000000002,98.02500000000002,18670
1674657000,98.50000000000001,98.50000000000001,97.15000000000002,97.97500000000002,15705
1674743400,98.37500000000001,100.05000000000003,96.35000000000002,99.65000000000002,22570
1674829800,100.00000000000001,100.97500000000002,98.85000000000002,99.10000000000002,16098
1675089000,98.95000000000002,100.65000000000002,97.65000000000002,99.17500000000003,16698
1675175400,100.10000000000002,100.10000000000002,97.72500000000002,99.07500000000002,14909
1675261800,98.70000000000002,98.77500000000002,95.40000000000002,96.95000000000002,27388
1675348200,97.45000000000002,98.95000000000002,96.67500000000003,98.65000000000002,19378
1675434600,98.50000000000001,99.42500000000003,97.77500000000002,99.12500000000001,18691
1675693800,98.75000000000001,98.95000000000002,95.00000000000001,95.37500000000001,32508
1675780200,95.70000000000002,96.72500000000002,93.92500000000003,95.92500000000003,25545
1675866600,95.25000000000001,97.32500000000002,94.95000000000002,96.72500000000002,20353
1675953000,96.77500000000002,97.62500000000001,94.72500000000002,95.97500000000002,19938
1676039400,96.40000000000002,96.42500000000003,95.27500000000002,95.97500000000002,14016
1676298600,96.42500000000003,99.17500000000003,96.35000000000002,99.00000000000001,27157
1676385000,98.65000000000002,100.45000000000002,98.45000000000002,99.90000000000002,23189
1676471400,99.32500000000002,100.00000000000001,98.50000000000001,99.15000000000002,14434
1676557800,98.60000000000002,98.87500000000001,97.75000000000001,98.42500000000003,16274
1676644200,98.52500000000002,99.75000000000001,97.85000000000002,97.92500000000003,20826
1676989800,98.90000000000002,102.52500000000002,98.90000000000002,101.75000000000001,37167
1677076200,100.77500000000002,100.97500000000002,98.82500000000002,99.20000000000002,30024
1677162600,99.10000000000002,99.30000000000003,98.02500000000002,98.85000000000002,20953
1677249000,99.75000000000001,99.95000000000002,98.32500000000002,98.67500000000003,17991
1677508200,98.60000000000002,99.52500000000002,97.12500000000001,97.37500000000001,23096
1677594600,97.67500000000003,98.32500000000002,96.87500000000001,97.82500000000002,20183
1677681000,97.47500000000002,98.00000000000001,96.72500000000002,97.60000000000002,26639
1677767400,98.15000000000002,98.52500000000002,96.27500000000002,96.50000000000001,24281
1677853800,96.42500000000003,97.72500000000002,96.17500000000003,97.20000000000002,19570
1678113000,96.75000000000001,97.62500000000001,95.95000000000002,96.12500000000001,22297
1678199400,96.47500000000002,97.52500000000002,95.85000000000002,97.45000000000002,33177
1678285800,97.12500000000001,98.82500000000002,96.87500000000001,98.40000000000002,34600
1678372200,97.85000000000002,98.97500000000002,96.82500000000002,97.72500000000002,33916
1678458600,97.65000000000002,100.15000000000002,97.65000000000002,100.10000000000002,37280
1678714200,99.37500000000001,100.07500000000002,98.40000000000002,98.87500000000001,29561
1678800600,98.87500000000001,98.97500000000002,97.67500000000003,98.05000000000003,22379
1678887000,97.85000000000002,98.05000000000003,96.22500000000002,96.40000000000002,30113
1678973400,96.15000000000002,96.40000000000002,91.75000000000001,92.10000000000002,43358
1679059800,92.50000000000001,93.40000000000002,90.95000000000002,92.52500000000002,28652
1679319000,91.35000000000002,91.67500000000003,90.07500000000002,90.42500000000003,21236
1679405400,90.22500000000002,90.75000000000001,89.65000000000002,89.70000000000002,12827
1679491800,89.50000000000003,89.92500000000003,87.40000000000002,87.70000000000002,19491
1679578200,87.57500000000002,88.02500000000002,86.15000000000002,87.72500000000002,20406
1679664600,87.70000000000002,90.22500000000002,87.15000000000002,89.77500000000002,17577
1679923800,90.12500000000003,93.05000000000003,89.17500000000003,91.42500000000003,21678
1680010200,91.25000000000003,91.70000000000002,89.60000000000002,91.07500000000002,17293
1680096600,90.50000000000003,90.75000000000003,88.77500000000002,89.17500000000003,14657
1680183000,89.35000000000002,90.37500000000003,88.87500000000003,89.95000000000002,11963
1680269400,89.50000000000003,90.72500000000002,88.97500000000002,89.97500000000002,21482
1680528600,89.55000000000003,90.60000000000002,88.45000000000002,89.77500000000002,18748
1680615000,90.27500000000002,91.10000000000002,87.60000000000002,87.92500000000003,17819
1680701400,87.47500000000002,87.70000000000002,85.75000000000003,86.72500000000002,23967
1680787800,86.90000000000002,88.05000000000003,85.40000000000002,86.52500000000002,19114
1681133400,86.85000000000002,88.25000000000003,86.15000000000002,87.50000000000003,15506
1681219800,86.97500000000002,87.67500000000003,85.67500000000003,86.20000000000002,16054
1681306200,86.17500000000003,87.47500000000002,85.47500000000002,85.90000000000002,17231
1681392600,85.35000000000002,85.85000000000002,83.77500000000002,84.00000000000003,18149
1681479000,84.35000000000002,85.57500000000002,84.27500000000002,85.22500000000002,13977
1681738200,85.70000000000002,86.87500000000003,85.15000000000002,86.52500000000002,17188
1681824600,86.25000000000003,87.12500000000003,83.97500000000002,84.10000000000002,22396
1681911000,84.10000000000002,86.02500000000002,83.00000000000003,84.77500000000002,21519
1681997400,83.85000000000002,84.10000000000002,83.00000000000003,83.42500000000003,15595
1682083800,83.37500000000003,85.17500000000003,82.97500000000002,84.42500000000003,15615
1682343000,84.30000000000003,86.65000000000002,84.05000000000003,85.70000000000002,17633
1682429400,85.07500000000002,86.42500000000003,84.87500000000003,85.40000000000002,14754
1682515800,85.40000000000002,88.72500000000002,84.52500000000002,88.62500000000003,29578
1682602200,88.30000000000003,89.40000000000002,86.77500000000002,88.45000000000002,24761
1682688600,88.05000000000003,90.35000000000002,88.05000000000003,90.05000000000003,24153
1682947800,89.72500000000002,89.77500000000002,87.30000000000003,88.05000000000003,21180
1683034200,87.52500000000002,88.50000000000003,87.07500000000002,88.30000000000003,17640
1683120600,88.37500000000003,89.40000000000002,86.22500000000002,86.35000000000002,21877
1683207000,85.82500000000002,86.55000000000003,85.25000000000003,85.50000000000003,22059
1683293400,84.85000000000002,85.30000000000003,81.60000000000002,82.12500000000003,46279
1683552600,81.97500000000002,82.47500000000002,81.37500000000003,81.65000000000002,29771
1683639000,81.65000000000002,83.05000000000003,81.07500000000002,82.75000000000003,30141
1683725400,82.90000000000002,83.85000000000002,82.25000000000003,82.52500000000002,29314
1683811800,82.75000000000003,84.25000000000003,81.75000000000003,82.22500000000002,30747
1683898200,82.70000000000002,82.85000000000002,81.47500000000002,82.45000000000002,20634
1684157400,82.40000000000002,85.30000000000003,82.17500000000003,84.50000000000003,22548
1684243800,84.45000000000002,85.70000000000002,84.42500000000003,85.55000000000003,23204
1684330200,85.95000000000002,86.17500000000003,82.67500000000003,83.22500000000002,29130
1684416600,83.22500000000002,84.10000000000002,81.70000000000002,83.65000000000002,22037
1684503000,82.65000000000002,83.80000000000003,80.87500000000003,81.17500000000003,24088
1684762200,81.62500000000003,82.32500000000003,79.97500000000002,80.20000000000003,19720
1684848600,80.27500000000002,80.52500000000002,77.77500000000002,79.02500000000002,24125
1684935000,78.82500000000003,80.07500000000003,78.45000000000003,78.87500000000003,18407
1685021400,78.22500000000002,78.30000000000003,75.05000000000003,75.30000000000003,21433
1685107800,75.05000000000003,75.57500000000003,72.07500000000003,72.82500000000003,20848
1685453400,73.32500000000003,77.57500000000003,73.30000000000003,77.57500000000003,20459
1685539800,78.40000000000002,81.82500000000003,78.40000000000002,81.37500000000003,32277
1685626200,81.97500000000002,82.02500000000002,78.95000000000003,80.10000000000002,24733
1685712600,80.55000000000003,82.95000000000003,80.52500000000002,82.70000000000003,20345
1685971800,81.65000000000002,83.05000000000003,80.37500000000003,82.20000000000003,21207
1686058200,83.50000000000003,86.70000000000003,83.30000000000003,86.37500000000003,30333
1686144600,85.77500000000002,86.77500000000002,84.30000000000003,84.97500000000002,31118
1686231000,84.80000000000003,85.82500000000003,83.92500000000003,85.25000000000003,27865
1686317400,85.05000000000003,88.25000000000003,85.02500000000002,87.67500000000003,29286
1686576600,87.77500000000002,91.17500000000003,87.75000000000003,89.65000000000002,33448
1686663000,89.37500000000003,89.85000000000002,88.05000000000003,88.65000000000002,22999
1686749400,89.07500000000003,91.55000000000003,89.07500000000003,90.82500000000003,18885
1686835800,90.55000000000003,92.35000000000002,89.22500000000002,89.97500000000002,20461
1686922200,90.15000000000002,91.77500000000002,90.15000000000002,90.90000000000002,16256
1687267800,92.55000000000003,94.02500000000002,92.30000000000003,93.90000000000002,14133
1687354200,92.70000000000002,94.40000000000002,92.60000000000002,93.47500000000002,18827
1687440600,93.77500000000002,94.52500000000002,89.92500000000001,90.67500000000001,22243
1687527000,90.45000000000002,92.52500000000002,89.47500000000002,90.37500000000001,19448
1687786200,90.80000000000001,93.50000000000001,90.60000000000002,90.75000000000001,22434
1687872600,91.45000000000002,92.60000000000002,89.02500000000002,91.75000000000001,22855
1687959000,92.10000000000002,92.80000000000001,91.37500000000001,91.80000000000001,17746
1688045400,91.22500000000002,93.70000000000002,90.52500000000002,93.02500000000002,19575
1688131800,91.90000000000002,93.85000000000002,91.90000000000002,93.30000000000001,18121
1688391000,93.30000000000001,96.02500000000002,92.85000000000002,95.02500000000002,21165
1688563800,96.17500000000001,99.17500000000001,96.17500000000001,98.15000000000002,25907
1688650200,98.40000000000002,101.45000000000002,97.47500000000002,97.82500000000002,34286
1688736600,97.27500000000002,97.37500000000001,95.45000000000002,95.85000000000002,24636
1688995800,96.10000000000002,97.65000000000002,94.57500000000002,94.87500000000001,31144
1689082200,95.12500000000001,99.20000000000002,95.05000000000001,98.27500000000002,38290
1689168600,99.37500000000001,99.70000000000002,95.62500000000001,96.05000000000001,31944
1689255000,96.97500000000002,97.50000000000001,95.37500000000001,97.20000000000002,25005
1689341400,97.20000000000002,98.02500000000002,95.72500000000002,96.90000000000002,22286
1689600600,97.87500000000001,98.60000000000002,94.75000000000001,95.47500000000002,23401
1689687000,95.70000000000002,98.35000000000002,95.62500000000001,96.97500000000002,23499
1689773400,97.35000000000002,99.02500000000002,96.72500000000002,98.62500000000001,10376
1689859800,99.22500000000002,102.40000000000002,98.97500000000002,101.62500000000001,21479
1689946200,102.20000000000002,102.45000000000002,100.45000000000002,101.15000000000002,16343
1690205400,100.92500000000003,101.42500000000003,99.10000000000002,99.55000000000003,16326
1690291800,100.15000000000002,101.72500000000002,100.05000000000003,101.27500000000002,15402
1690378200,99.90000000000002,100.77500000000002,98.62500000000001,100.52500000000002,16871
1690464600,100.47500000000002,101.40000000000002,99.85000000000002,100.15000000000002,12052
1690551000,100.57500000000002,102.20000000000002,100.55000000000003,101.92500000000003,16238
1690810200,101.12500000000001,103.15000000000002,99.97500000000002,102.90000000000002,21741
1690896600,103.40000000000002,103.65000000000002,101.02500000000002,102.55000000000003,27302
1690983000,102.15000000000002,102.77500000000002,100.65000000000002,101.77500000000002,20110
1691069400,100.45000000000002,100.67500000000003,97.92500000000003,98.95000000000002,24350
1691155800,98.95000000000002,100.40000000000002,98.55000000000003,99.97500000000002,18591
1691415000,99.67500000000003,102.97500000000002,99.67500000000003,101.72500000000002,23192
1691501400,101.87500000000001,102.72500000000002,100.75000000000001,101.47500000000002,17762
1691587800,100.90000000000002,101.15000000000002,98.37500000000001,98.47500000000002,22936
1691674200,97.97500000000002,98.32500000000002,96.95000000000002,97.22500000000002,28397
1691760600,97.22500000000002,98.67500000000003,96.55000000000003,98.22500000000002,15556
1692019800,98.00000000000001,98.20000000000002,95.62500000000001,96.05000000000003,21292
1692106200,95.90000000000002,96.77500000000002,94.85000000000002,95.10000000000002,20001
1692192600,95.30000000000003,95.62500000000001,94.65000000000002,95.07500000000002,14449
1692279000,95.17500000000003,96.97500000000002,95.17500000000003,96.05000000000003,16903
1692365400,96.72500000000002,99.25000000000001,96.72500000000002,99.02500000000002,19390
1692624600,99.37500000000001,99.37500000000001,97.30000000000003,97.52500000000002,17986
1692711000,97.45000000000002,98.12500000000001,96.07500000000002,96.47500000000002,19927
1692797400,96.30000000000003,97.25000000000001,95.32500000000002,95.45000000000002,24077
1692883800,95.25000000000001,97.70000000000002,95.15000000000002,97.37500000000001,26686
1692970200,98.15000000000002,100.02500000000002,96.02500000000002,96.72500000000002,28777
1693229400,95.80000000000003,98.82500000000002,95.75000000000001,98.75000000000001,18878
1693315800,98.87500000000001,99.10000000000002,97.45000000000002,97.62500000000001,21266
1693402200,96.97500000000002,100.72500000000002,96.42500000000003,100.50000000000001,25863
1693488600,100.50000000000001,101.15000000000002,98.62500000000001,99.45000000000002,27009
1693575000,99.70000000000002,100.27500000000002,98.87500000000001,99.95000000000002,16726
1693920600,100.62500000000001,101.62500000000001,99.95000000000002,100.07500000000002,23101
1694007000,101.00000000000001,101.02500000000002,98.47500000000002,98.77500000000002,21424
1694093400,99.50000000000001,100.67500000000003,99.32500000000002,99.72500000000002,19733
1694179800,99.70000000000002,99.72500000000002,97.85000000000002,98.42500000000003,32167
1694439000,99.00000000000001,100.20000000000002,98.70000000000002,99.45000000000002,28969
1694525400,100.07500000000002,102.25000000000001,99.87500000000001,102.17500000000003,37314
1694611800,102.27500000000002,102.50000000000001,100.57500000000002,100.87500000000001,24855
1694698200,100.22500000000002,101.12500000000001,99.72500000000002,100.25000000000001,26316
1694784600,100.32500000000002,100.92500000000003,99.85000000000002,100.02500000000002,13797
1695043800,99.85000000000002,100.70000000000002,98.77500000000002,100.15000000000002,15914
1695130200,100.40000000000002,102.12500000000001,100.27500000000002,101.75000000000001,12918
1695216600,101.52500000000002,104.20000000000002,101.47500000000001,103.72500000000001,27049
1695303000,102.87500000000001,102.97500000000001,99.97500000000001,99.97500000000001,26749
1695389400,100.00000000000001,100.37500000000001,97.52500000000002,97.67500000000001,29781
1695648600,97.67500000000001,98.60000000000001,97.12500000000001,98.02500000000002,19805
1695735000,98.35000000000001,98.62500000000001,97.30000000000001,97.85000000000001,14420
1695821400,97.62500000000001,98.87500000000001,97.40000000000002,98.27500000000002,14319
1695907800,98.05000000000001,101.60000000000001,98.05000000000001,101.02500000000002,28056
1695994200,99.05000000000001,99.17500000000001,97.27500000000002,97.27500000000002,21715
1696253400,96.77500000000002,96.87500000000001,94.82500000000002,95.00000000000001,38989
1696339800,95.00000000000001,95.70000000000002,93.92500000000001,94.57500000000002,28313
1696426200,94.32500000000002,95.40000000000002,93.50000000000001,94.67500000000001,20517
1696512600,94.85000000000001,98.00000000000001,94.85000000000001,97.77500000000002,29726
1696599000,96.77500000000002,99.17500000000001,96.65000000000002,99.07500000000002,28774
1696858200,98.22500000000001,98.72500000000001,97.20000000000002,97.97500000000001,21805
1696944600,98.25000000000001,98.77500000000002,96.85000000000001,96.92500000000001,18235
1697031000,96.72500000000001,97.37500000000001,95.35000000000001,95.47500000000001,21468
1697117400,95.50000000000001,95.87500000000001,94.32500000000002,95.60000000000001,20301
1697203800,95.47500000000001,96.15000000000002,94.67500000000001,95.00000000000001,14221
1697463000,94.50000000000001,95.40000000000002,93.62500000000001,93.80000000000001,20028
1697549400,94.50000000000001,95.57500000000002,92.80000000000001,93.05000000000001,23521
1697635800,93.05000000000001,93.70000000000002,92.82500000000002,93.52500000000002,17834
1697722200,93.85000000000001,94.95000000000002,92.82500000000002,93.50000000000001,19839
1697808600,93.07500000000002,93.17500000000001,90.90000000000002,91.50000000000001,21383
1698067800,91.52500000000002,92.60000000000001,91.17500000000001,91.67500000000001,21433
1698154200,92.00000000000001,92.90000000000002,91.45000000000002,91.87500000000001,24517
1698240600,92.00000000000001,93.65000000000002,91.22500000000001,93.00000000000001,22171
1698327000,93.20000000000002,94.20000000000002,92.92500000000001,94.12500000000001,17813
1698413400,93.80000000000001,96.12500000000001,93.72500000000001,95.97500000000001,22294
1698672600,96.42500000000001,97.42500000000001,95.75000000000001,96.67500000000001,27265
1698759000,97.20000000000002,97.30000000000001,96.10000000000001,97.22500000000001,19520
1698845400,96.75000000000001,97.57500000000002,95.45000000000002,95.65000000000002,25902
1698931800,95.87500000000001,98.87500000000001,95.57500000000002,98.77500000000002,34858
1699018200,98.80000000000001,99.12500000000001,97.02500000000002,97.25000000000001,29714
1699281000,97.25000000000001,98.32500000000002,97.12500000000001,97.90000000000002,20517
1699367400,98.50000000000001,99.77500000000002,97.92500000000001,98.40000000000002,35691
1699453800,97.85000000000001,98.35000000000001,96.75000000000001,97.00000000000001,37441
1699540200,97.35000000000001,98.00000000000001,96.60000000000001,96.95000000000002,28613
1699626600,97.27500000000002,98.62500000000001,96.12500000000001,97.40000000000002,24449
1699885800,98.05000000000001,99.30000000000001,97.02500000000002,98.85000000000001,34655
1699972200,98.30000000000001,98.50000000000001,97.55000000000001,97.80000000000001,18641
1700058600,97.75000000000001,97.87500000000001,96.42500000000001,96.55000000000001,20690
1700145000,96.52500000000002,97.10000000000001,95.60000000000001,96.97500000000001,20324
1700231400,96.55000000000001,97.25000000000001,96.27500000000002,96.47500000000001,14461
1700490600,96.47500000000001,97.42500000000001,95.7,96.075,14568
1700577000,95.80000000000001,95.92500000000001,93.05000000000001,93.35000000000001,27298
1700663400,93.45,93.7,92.60000000000001,92.85000000000001,17379
1700836200,92.17500000000001,92.42500000000001,89.22500000000001,89.80000000000001,26330
1701095400,90,90.67500000000001,87.85000000000001,87.95,29031
1701181800,88.42500000000001,90.55000000000001,86.825,90.05000000000001,36054
1701268200,90.22500000000001,91.85000000000001,88.9,91.125,24186
1701354600,91.125,92.65,90.775,92.5,23957
1701441000,92.625,93.025,90.825,91.125,18758
1701700200,91.125,92.95,90.525,91.825,18731
1701786600,91.5,91.525,89.92500000000001,90.375,21324
1701873000,90.15,90.97500000000001,89.775,90.325,15211
1701959400,89.325,89.9,88.45,88.80000000000001,21148
1702045800,88.80000000000001,90.325,88.275,90,18452
1702305000,90.05000000000001,91.25,87.75,88.35000000000001,25664
1702391400,88.5,89.65,87.825,89.275,18327
1702477800,88.525,88.95,87.25,87.75,19825
1702564200,88.375,91.5,88.15,91.5,28020
1702650600,91.575,93,90.5,92.92500000000001,26521
1702909800,92.60000000000001,93.47500000000001,92.025,92.60000000000001,20078
1702996200,91.85000000000001,92.67500000000001,91.275,91.575,17934
1703082600,90.97500000000001,91.95,90.775,91.25,13908
1703169000,91.5,92.275,91.15,91.67500000000001,14009
1703255400,91.60000000000001,93,91.325,92.375,14082
1703601000,91.92500000000001,91.92500000000001,90.05000000000001,90.325,18647
1703687400,90.025,91.22500000000001,89.45,90.9,21675
1703773800,90.9,91.5,89.05000000000001,89.47500000000001,21807
1703860200,89.67500000000001,90.10000000000001,88.67500000000001,89,16169
1704205800,89.97500000000001,89.97500000000001,85.7,86.35000000000001,37390
1704292200,86.80000000000001,87.22500000000001,85.60000000000001,86.325,27146
1704378600,86.47500000000001,90.075,86.025,90.075,36506
1704465000,89.80000000000001,91.525,89.025,91.025,28408
1704724200,90.775,91.80000000000001,89.97500000000001,91.625,33503
1704810600,91.375,94.075,91.30000000000001,92.9,43187
1704897000,92.325,93.25,91.525,93.10000000000001,29191
1704983400,93.22500000000001,94.075,92.45,93.625,33070
1705069800,92.95,93.625,92.30000000000001,92.92500000000001,26507
1705415400,92.42500000000001,92.875,91.15,91.80000000000001,24726
1705501800,92.05000000000001,92.7,91.05000000000001,92.47500000000001,23376
1705588200,92.92500000000001,92.97500000000001,91.65,92.125,18293
1705674600,92.275,92.275,91.65,91.775,10764
1705933800,91.95,92.175,90.85,91.25,17387
1706020200,91.825,94.525,90.9,93.95,30417
1706106600,93.125,95.825,93.125,95.65,25686
1706193000,95.925,96.475,95.35,96.175,24483
1706279400,95.8,97.625,95.775,96.875,24017
1706538600,96.3,97.175,96.225,97.05,14976
1706625000,96.825,99.55,96.825,98.525,36846
1706711400,97.875,98.95,97.7,98.45,21607
1706797800,98.125,98.9,96.45,97.375,27687
1706884200,97.375,98.05,96.875,97.45,18262
1707143400,96.875,97.05,95.7,95.825,21842
1707229800,95.45,95.775,94.625,94.875,21316
1707316200,95.325,96.7,94.675,94.725,26197
1707402600,94.375,94.65,93.3,93.975,26546
1707489000,94.4,96.025,94.375,94.775,20289
1707748200,94.55,95.35,93.975,94.75,17586
1707834600,95.15,95.3,93.825,94.7,19024
1707921000,94.875,98.35,94.875,98.15,34223
1708007400,98.7,99.4,98.275,98.625,28272
1708093800,99.225,99.275,98.15,98.85,14947
1708439400,99.85,100.725,99.05,99.3,25390
1708525800,99.05,99.925,98.975,99.6,20383
1708612200,99.55,102.525,99.5,100.825,36736
1708698600,101.475,101.95,100.675,100.825,19514
1708957800,100.45,100.675,99.15,99.9,26615
1709044200,99.725,100.4,99.425,99.525,17744
1709130600,100.15,100.825,99.375,99.625,23435
1709217000,99.625,100.75,99.5,100.25,16795
1709303400,100.25,101.875,99.275,101.7,27459
1709562600,101.725,101.725,99.775,99.9,30218
1709649000,99.9,99.975,98.25,98.8,31663
1709735400,98.475,98.825,97.5,98.625,28829
1709821800,98.975,99.075,98,98.15,27601
1709908200,98.125,98.725,97.725,98,30285
1710163800,98.325,98.55,96.775,96.9,36700
1710250200,97.15,99.2,96.9,98.975,38030
1710336600,98.625,98.65,97.55,98.5,27874
1710423000,98.425,98.925,97.975,98.65,13104
1710509400,98.875,101.15,98.575,100.55,24644
1710768600,100.325,100.95,99.95,100.45,12913
1710855000,100.175,100.425,97.45,98.675,27101
1710941400,99.075,99.45,97.7,98.05,15888
1711027800,97.675,98.375,96.225,96.725,22049
1711114200,96.725,97.77499999999999,96.05,97.125,15715
1711373400,97.02499999999999,99.27499999999999,96.625,99.1,18990
1711459800,99.375,100.14999999999999,98.64999999999999,98.77499999999999,20514
1711546200,99.075,99.85,98.675,99.02499999999999,14086
1711632600,98.875,100.27499999999999,98.1,98.875,21028
1711978200,97.675,101.675,97.6,100.925,31013
1712064600,100.875,102.225,100.325,101.14999999999999,26899
1712151000,101.425,103.14999999999999,101.425,102.175,24354
1712237400,102.175,102.825,101.375,102.425,20047
1712323800,102.925,105.425,102.8,105.325,35303
1712583000,104.89999999999999,105.77499999999999,104.05,105.35,30480
1712669400,105.475,106.6,104.575,106,23672
1712755800,106.575,107.075,102.25,102.975,36993
1712842200,103.02499999999999,104.1,102.5,103.225,18942
1712928600,102.55,103.45,99.475,99.5,31283
1713187800,99.725,100.225,98.5,99.875,33872
1713274200,99.925,101.625,99.6,100.25,20358
1713360600,100.225,100.975,99.7,100.14999999999999,16931
1713447000,99.6,100.25,98.6,100.125,23878
1713533400,100.075,102.39999999999999,99.675,102.25,18048
1713792600,102.27499999999999,103.35,101.825,102.925,21060
1713879000,102.975,105.975,102.975,105.375,31080
1713965400,104.45,105.825,104.225,104.875,18812
1714051800,104.325,104.325,101.8,102.425,24166
1714138200,101.925,101.975,99.64999999999999,99.89999999999999,24607
1714397400,99.35,100.45,98.77499999999999,99.89999999999999,28292
1714483800,100.14999999999999,101.35,99.45,99.89999999999999,22711
1714570200,100.05,100.95,97.75,97.85,31304
1714656600,97.475,98.1,96.8,97.35,25581
1714743000,97.35,97.35,96.25,96.375,23818
1715002200,96.175,96.475,95.25,95.6,22266
1715088600,96.27499999999999,97.975,95.52499999999999,95.75,38401
1715175000,95.6,96.875,94.64999999999999,96.14999999999999,35296
1715261400,96.225,96.725,94.89999999999999,95.14999999999999,25679
1715347800,95.14999999999999,97.225,95.02499999999999,95.8,30455
1715607000,96.1,96.89999999999999,94.39999999999999,94.89999999999999,30183
1715693400,95.925,96.52499999999999,95.325,95.75,18413
1715779800,96.02499999999999,96.05,94.425,94.925,20206
1715866200,94.8,97.52499999999999,93.85,95.8,24942
1715952600,95.675,95.675,93.6,93.925,22603
1716211800,94.1,94.8,93.55,94.35,13053
1716298200,93.82499999999999,94.27499999999999,93.02499999999999,93.725,17174
1716384600,93.725,93.74999999999999,92.02499999999999,92.52499999999999,18598
1716471000,92.3,93.425,91.49999999999999,91.87499999999999,18300
1716557400,91.89999999999999,92.225,91.3,91.62499999999999,12534
1716903000,91.62499999999999,91.62499999999999,90.39999999999999,90.925,21087
1716989400,92.12499999999999,92.19999999999999,90.37499999999999,90.725,18597
1717075800,90.74999999999999,91.925,90.27499999999999,91.35,21919
1717162200,91.725,91.89999999999999,90.725,91.52499999999999,20676
1717421400,92.475,92.6,90.62499999999999,90.675,23765
1717507800,90.44999999999999,90.475,88.05,88.32499999999999,32513
1717594200,88.14999999999999,88.14999999999999,86.19999999999999,86.6,32045
1717680600,86.57499999999999,87.675,86.225,87.37499999999999,27083
1717767000,87.49999999999999,88.07499999999999,86.55,87.89999999999999,32387
1718026200,87.89999999999999,88.44999999999999,86.87499999999999,87.3,33134
1718112600,87.64999999999999,88.19999999999999,86.475,86.675,38325
1718199000,87.32499999999999,89.14999999999999,86.925,88.1,37327
1718285400,87.37499999999999,88.975,86.87499999999999,87.175,32466
1718371800,86.74999999999999,88.725,84.8,88.05,35244
1718631000,88.85,90.225,84.8,89.77499999999999,26154
1718717400,89.64999999999999,90.32499999999999,88.55,89.475,23922
1718890200,88.69999999999999,89.05,86.64999999999999,87.02499999999999,31867
1718976600,87.39999999999999,87.675,86.475,87.225,21314
1719235800,87.05,87.05,84.175,84.62499999999999,31228
1719322200,84.89999999999999,86.57499999999999,84.3,84.64999999999999,29346
1719408600,84.3,87.32499999999999,84.12499999999999,86.87499999999999,29751
1719495000,86.74999999999999,87.87499999999999,85.49999999999999,85.99999999999999,23976
1719581400,86.49999999999999,88.14999999999999,85.55,87.39999999999999,23890
1719840600,87.24999999999999,89.07499999999999,85.74999999999999,86.07499999999999,28719
1719927000,85.85,87.975,85.52499999999999,87.675,28218
1720013400,87.675,88.35,87.12499999999999,87.725,18832
1720186200,87.89999999999999,88.64999999999999,86.55,87.07499999999999,25201
1720445400,87.39999999999999,88.44999999999999,87.14999999999999,87.425,36133
1720531800,87.55,88.14999999999999,86.19999999999999,86.3,38128
1720618200,85.77499999999999,85.77499999999999,82.55,82.57499999999999,53663
1720704600,82.3,85.52499999999999,81.57499999999999,84.57499999999999,59595
1720791000,85.27499999999999,87.24999999999999,85.12499999999999,86.35,41753
1721050200,86.675,87.69999999999999,85.975,86.32499999999999,28764
1721136600,86.475,89.35,86.475,89.175,37789
1721223000,89.64999999999999,90.475,88.99999999999999,89.55,31384
1721309400,88.62499999999999,89.82499999999999,88.55,89.27499999999999,26022
1721395800,89.27499999999999,90.07499999999999,88.725,89.475,11436
1721655000,89.675,91.05,89.475,90.89999999999999,19761
1721741400,91.2,92.55,91.2,92.05,24868
1721827800,91.225,93,91.125,92.95,27450
1721914200,93.225,93.625,91.575,92.725,20368
1722000600,92.975,93.475,92.52499999999999,93.125,17298
1722259800,92.725,92.725,89.375,89.75,30399
1722346200,90,90.52499999999999,89.075,89.7,18716
1722432600,90,90.975,89.425,90.85,21164
1722519000,90.625,92.25,90.575,91.95,22978
1722605400,91.35,92.14999999999999,91,91.5,22462
1722864600,89.675,90.925,88.825,90.64999999999999,23713
1722951000,90.475,92.425,89.725,91.325,25183
1723037400,90.75,91.175,89.02499999999999,89.5,25824
1723123800,88.425,88.8,87.27499999999999,88.55,22324
1723210200,87.75,89.3,87.75,88.89999999999999,17522
1723469400,88.64999999999999,89.575,88.3,89.25,17860
1723555800,89.3,89.425,86.25,87.77499999999999,29887
1723642200,88.225,91.02499999999999,87.925,90.85,31350
1723728600,90.325,91.8,89.75,91.425,22592
1723815000,91.39999999999999,91.64999999999999,89.6,90,19279
1724074200,89.77499999999999,92.2,89.675,91.725,23000
1724160600,91.14999999999999,91.85,91,91.325,18203
1724247000,91.6,93.05,90.625,91.075,22909
1724333400,90.14999999999999,94.7,89.85,94.55,35997
1724419800,94.475,95.85,94.375,95.475,31783
1724679000,95.52499999999999,96.375,94.7,95.325,20501
1724765400,94.825,97.39999999999999,94.6,97,28018
1724851800,96.725,97.35,96.45,96.6,18817
1724938200,96.3,97.225,96.02499999999999,97.1,17268
1725024600,97.05,97.925,96.85,97.14999999999999,17018
1725370200,97.175,97.925,95.675,97.45,26914
1725456600,97.75,98.3,96.35,96.5,25070
1725543000,96.05,96.7,95.375,95.625,25064
1725629400,95.52499999999999,96.225,94.35,94.425,22564
1725888600,94.875,94.95,93.39999999999999,93.725,34810
1725975000,94.125,94.475,93.125,93.475,31962
1726061400,93.925,94.725,93.39999999999999,94.675,30776
1726147800,94.375,95.075,93.8,93.825,22199
1726234200,94.14999999999999,94.675,93.2,93.375,23682
1726493400,93.64999999999999,95.6,93.52499999999999,94.85,22269
1726579800,95.125,97,95.125,96.7,26600
1726666200,96.875,97.225,96.2,96.975,10662
1726752600,96.975,97.57499999999999,96.8,97.39999999999999,15653
1726839000,97.39999999999999,97.75,97.125,97.32499999999999,14341
1727098200,97.55,98.25,97.225,97.975,19690
1727184600,98.175,98.89999999999999,97.85,98.07499999999999,17984
1727271000,97.75,98.39999999999999,97.5,98,14552
1727357400,97.69999999999999,98,95.89999999999999,97.02499999999999,24351
1727443800,96.52499999999999,98.175,95.69999999999999,96.475,24821
1727703000,96.375,96.89999999999999,95.5,96.375,18556
1727789400,96.475,98.39999999999999,96.27499999999999,97.69999999999999,24655
1727875800,97.8,99.89999999999999,97.69999999999999,99.85,32768
1727962200,99.425,99.89999999999999,98.125,99.5,32641
1728048600,99.27499999999999,100.125,98.875,99.25,17807
1728307800,99.1,100.44999999999999,98.875,99.925,24461
1728394200,100.1,100.57499999999999,99.55,100.27499999999999,21436
1728480600,100,100.32499999999999,98.175,98.675,22770
1728567000,98.89999999999999,100.375,98.64999999999999,100.05,25273
1728653400,99.85,101,99.8,100.75,20542
1728912600,100.44999999999999,100.6,98.3,98.89999999999999,24525
1728999000,98.89999999999999,99.375,98.19999999999999,98.32499999999999,15702
1729085400,98.5,100.94999999999999,98.32499999999999,100.8,25731
1729171800,100.8,101.52499999999999,100.14999999999999,100.77499999999999,24414
1729258200,100.94999999999999,101.475,100.375,100.925,16951
1729517400,100.94999999999999,101.57499999999999,99.89999999999999,101.375,19329
1729603800,101.94999999999999,102.55,101.35,102.225,25501
1729690200,102.1,103.32499999999999,101.975,103.27499999999999,22156
1729776600,102.89999999999999,103.39999999999999,101.52499999999999,101.75,26789
1729863000,101.94999999999999,102.82499999999999,101.27499999999999,102.77499999999999,23966
1730122200,102.85,103.925,102.3,103.725,23135
1730208600,104.6,106.1,104.35,105.925,33914
1730295000,106.1,107.75,106.1,107.475,35590
1730381400,107.75,107.77499999999999,106.75,106.89999999999999,27004
1730467800,107.625,108.175,106.975,107.175,28161
1730730600,107.64999999999999,107.925,105.94999999999999,106.32499999999999,29476
1730817000,106.02499999999999,106.07499999999999,104.175,104.225,34144
1730903400,104.125,105.44999999999999,103.925,105.225,28438
1730989800,105.05,105.05,104.1,104.3,32459
1731076200,103.6,104.27499999999999,102.89999999999999,103.52499999999999,37718
1731335400,104.1,105.3,103.975,104.875,34210
1731421800,105.05,106.52499999999999,105.05,105.44999999999999,34530
1731508200,105.07499999999999,105.125,103.875,104.975,40706
1731594600,105.39999999999999,105.44999999999999,102.5,103.19999999999999,32384
1731681000,103.1,103.69999999999999,102.19999999999999,102.6,25134
1731940200,103.175,103.64999999999999,102.69999999999999,103.125,12375
1732026600,103.07499999999999,103.57499999999999,101.94999999999999,102.725,19484
1732113000,102.875,104.75,102.25,104.32499999999999,21338
1732199400,104.125,105.32499999999999,103.85,104.5,19985
1732285800,104.3,105.6,104.05,105.52499999999999,15781
1732545000,105.39999999999999,106.625,104.94999999999999,105.77499999999999,20185
1732631400,105.77499999999999,108.52499999999999,105.3,108.125,29730
1732717800,107.85,109.44999999999999,107.6,107.77499999999999,31291
1732890600,107.375,108.175,106,106.175,18697
1733149800,106.27499999999999,107.89999999999999,106.27499999999999,107.8,25500
1733236200,107.975,109.125,107.475,107.69999999999999,26867
1733322600,107.475,107.52499999999999,105.35,106.19999999999999,23837
1733409000,106.19999999999999,106.975,105.82499999999999,106.19999999999999,18629
1733495400,105.875,107.425,105.225,107.175,18910
1733754600,107.02499999999999,107.725,106.05,106.35,22735
1733841000,106.675,107.14999999999999,103.6,104.425,34753
1733927400,104.82499999999999,105.39999999999999,103.75,104.225,26356
1734013800,104.52499999999999,105.14999999999999,103.82499999999999,104.32499999999999,19214
1734100200,104.44999999999999,106.1,103.77499999999999,105.44999999999999,22117
1734359400,105.675,106.44999999999999,102.52499999999999,103.39999999999999,37318
1734445800,103.75,104.25,102.6,103.05,20885
1734532200,103.05,103.82499999999999,102.94999999999999,103.55,19900
1734618600,104.1,104.475,103.35,103.475,19542
1734705000,103.89999999999999,105.85,103.52499999999999,105.77499999999999,24625
1734964200,105.55,105.925,103.19999999999999,104.225,32194
1735050600,104.1,104.625,103.35,104.225,11836
1735223400,104.19999999999999,104.55,103.55,104.05,11047
1735309800,104.05,104.82499999999999,103.475,104,16136
1735569000,103.85,104,100.75,101.475,45248
1735655400,101.85,101.85,99.85,101.14999999999999,29050
1735828200,100.82499999999999,101.675,99.85,101,26422
1735914600,100.44999999999999,101.35,99.35,100.625,27858
1736173800,100.6,100.975,99.175,99.5,32992
1736260200,99.475,100.02499999999999,98.675,99.02499999999999,32213
1736346600,99.02499999999999,99.64999999999999,98.3,99.32499999999999,43874
1736433000,99.94999999999999,102.32499999999999,99.85,101.625,34995
1736519400,101.625,102.85,101.32499999999999,102.39999999999999,38468
1736778600,102.625,103.64999999999999,102.27499999999999,103.02499999999999,32316
1736865000,103.02499999999999,103.725,102.75,103.475,27270
1736951400,103.35,103.5,102.725,102.975,23727
1737037800,102.85,103.07499999999999,101.875,102.14999999999999,22545
1737124200,102.14999999999999,102.14999999999999,100.69999999999999,100.975,20733
1737469800,101.625,102.07499999999999,100.77499999999999,101.05,18366
1737556200,101,101.725,100.35,101.625,21192
1737642600,101.5,102.27499999999999,100.5,101.55,17351
1737729000,101.875,102.8,101.1,102.55,19346
1737988200,102.19999999999999,104.82499999999999,101.85,104.225,26549
1738074600,104.27499999999999,105.52499999999999,104.225,105.25,15641
1738161000,105.32499999999999,106.85,104.75,105.675,26766
1738247400,105.64999999999999,107.1,105.25,106.27499999999999,19100
1738333800,104.77499999999999,106.39999999999999,104.125,104.69999999999999,29163
1738593000,103.77499999999999,103.925,100.69999999999999,100.69999999999999,47641
1738679400,101.875,104.25,100.77499999999999,104.1,36895
1738765800,104.475,106.175,104.32499999999999,105.89999999999999,25606
1738852200,106.14999999999999,106.55,104.925,106.1,18756
1738938600,106.3,107.07499999999999,105.55,106.5,20452
1739197800,106.5,107.39999999999999,105.07499999999999,105.975,23798
1739284200,105.975,107.375,105.94999999999999,107.32499999999999,21608
1739370600,107.75,109.1,107.675,108.675,27086
1739457000,108.3,108.82499999999999,107.225,107.44999999999999,26906
1739543400,108.44999999999999,108.675,106.675,106.94999999999999,20300
1739889000,107.69999999999999,109.05,107.375,107.55,30888
1739975400,106.94999999999999,107.05,103.975,104.1,36551
1740061800,103.85,104.725,102.75,102.875,32137
1740148200,102.875,103.5,101.94999999999999,102.02499999999999,32422
1740407400,102.52499999999999,102.675,101.675,101.75,22386
1740493800,101.875,102,100.725,100.925,29859
1740580200,101.07499999999999,102.94999999999999,100.925,102.64999999999999,31132
1740666600,101.55,101.625,98.64999999999999,98.725,48124
1740753000,99.225,99.89999999999999,97.94999999999999,98.02499999999999,35941
1741012200,98.64999999999999,99.02499999999999,97.07499999999999,98.05,37157
1741098600,97.3,97.32499999999999,95.07499999999999,96.69999999999999,36813
1741185000,98.05,99.675,97.225,99.05,36401
1741271400,98.55,101.89999999999999,97.85,101,37013
1741357800,101,101.85,100.725,101.69999999999999,40188
1741613400,101.675,102.77499999999999,101.44999999999999,102.64999999999999,39828
1741699800,102.39999999999999,102.75,100.675,100.89999999999999,38499
1741786200,100.75,101.75,100.175,100.85,34232
1741872600,100.375,101.175,99.5,99.975,38106
1741959000,100.55,101.425,99.375,100.975,19858
1742218200,101.55,102.94999999999999,101.5,102.425,27372
1742304600,102.3,102.55,100.675,101.94999999999999,21206
1742391000,101.175,101.52499999999999,99.6,99.925,21005
1742477400,99.95,101.075,98.925,99.675,14518
1742563800,99.7,102.05,99.075,100.89999999999999,20655
1742823000,100.95,101.1,97.925,99.225,29891
1742909400,99.5,101.975,99.475,99.675,23635
1742995800,99.825,100.89999999999999,98.625,99.975,18376
1743082200,99.3,99.725,97.625,99.6,28735
1743168600,101.575,101.64999999999999,99.05,99.2,24965
1743427800,99.125,99.95,97.125,98.7,25614
1743514200,98.75,101.45,98.14999999999999,100.45,28467
1743600600,100.1,100.175,98.64999999999999,99.95,23349
1743687000,98.52499999999999,100.975,98.39999999999999,98.975,25784
1743773400,97.64999999999999,97.85,94.975,94.975,34251
1744032600,94.125,96.075,92.125,93.475,47286
1744119000,95,95.5,92.85,93.2,31751
1744205400,92.675,96,91.425,95.125,34620
1744291800,94.55,97.7,94.55,96.6,26497
1744378200,96,97.475,95.975,96.75,22301
1744637400,97.325,98.7,97.225,98.55,20891
1744723800,98.14999999999999,99.625,97.975,98.6,20682
1744810200,98.6,101.55,98.39999999999999,101.375,31973
1744896600,101.175,102.27499999999999,100.7,101.45,24709
1745242200,101.825,102.52499999999999,100.975,101.475,20320
1745328600,101.52499999999999,104.1,101.52499999999999,103.7,32177
1745415000,103.8,104.85,103,103.575,22902
1745501400,102.475,103.425,102.02499999999999,103.35,17166
1745587800,103.6,104.77499999999999,103.25,104.575,19432
1745847000,104.1,105.39999999999999,103,104.425,27752
1745933400,104.425,104.7,102.55,102.875,24663
1746019800,102.39999999999999,103.64999999999999,100.725,101.7,32283
1746106200,101.425,102.325,100.85,101.6,25248
1746192600,101.6,103.325,101.075,102.77499999999999,27398
1746451800,102.77499999999999,103.725,102.05,102.425,22404
1746538200,101.725,101.89999999999999,100.475,101,29014
1746624600,100.89999999999999,101.575,100.39999999999999,100.75,33959
1746711000,100.55,101.375,100.1,100.6,33151
1746797400,100.5,101.375,100.325,101,30714
1747056600,102.45,103.3,101.39999999999999,101.725,41443
1747143000,101.35,103.425,100.89999999999999,102.925,37039
1747229400,102.975,103,101.35,102.27499999999999,21966
1747315800,101.925,104.375,101.175,104.125,28283
1747402200,104.3,105.02499999999999,103.52499999999999,103.75,17296
1747661400,103.625,103.64999999999999,102.2,102.675,17638
1747747800,103.02499999999999,103.02499999999999,101.52499999999999,102.64999999999999,18062
1747834200,102.64999999999999,103.07499999999999,101.32499999999999,101.625,20312
1747920600,101.6,102.1,100.89999999999999,101.14999999999999,19527
1748007000,100.5,101.425,99.85,100.64999999999999,15798
1748352600,100.89999999999999,101.69999999999999,99.85,101.25,25401
1748439000,101.55,102.82499999999999,101.02499999999999,102.39999999999999,25896
1748525400,102.5,102.675,101.77499999999999,102.07499999999999,16866
1748611800,102.225,104.44999999999999,101.975,104.02499999999999,29803
1748871000,104.02499999999999,104.69999999999999,103.69999999999999,104.07499999999999,24636
1748957400,104,105.14999999999999,103.425,103.675,31540
1749043800,103.725,104.94999999999999,103.52499999999999,104.125,29716
1749130200,104.32499999999999,104.6,103.02499999999999,103.89999999999999,36451
1749216600,104.225,106.375,104.07499999999999,106.19999999999999,36451
1749475800,106.19999999999999,106.75,105.52499999999999,106.3,33864
1749562200,106.25,107.52499999999999,106.1,107.3,37366
1749648600,107.6,108.725,107.32499999999999,107.94999999999999,31990
1749735000,107.94999999999999,108.725,107.675,108,23881
1749821400,107.925,108.625,106.82499999999999,108.57499999999999,22047
1750080600,109.25,111.14999999999999,108.975,110.89999999999999,19942
1750167000,111.19999999999999,111.6,110.39999999999999,110.75,15923
1750253400,111.2,112.10000000000001,109.775,110.95,27335
1750426200,110.825,111.9,110.25,111.4,22982
1750685400,111.75,112.3,110.7,112,22833
1750771800,112.075,112.075,109.7,109.9,27801
1750858200,109.7,110.72500000000001,109.075,110.175,22406
1750944600,110.4,110.425,109.10000000000001,109.2,22795
1751031000,107.9,109.45,107.2,109.22500000000001,27487
1751290200,108.22500000000001,108.425,106.22500000000001,106.45,31278
1751376600,106.4,106.97500000000001,105.4,105.9,32682
1751463000,105.55,107.3,105.175,106.85000000000001,25795
1751549400,106.375,106.625,104.65,105.05,26435
1751895000,104.7,106.675,104.45,106.05,34786
1751981400,106.55,106.775,105.4,105.72500000000001,36673
1752067800,105.47500000000001,106.72500000000001,105.325,106.175,34952
1752154200,106.4,107.10000000000001,104.8,105.175,41151
1752240600,105.75,106.35000000000001,103.5,103.625,41753
1752499800,103.8,103.825,101.65,102.175,44983
1752586200,102.825,103.175,101.7,102.875,26963
1752672600,103.5,104.425,103.22500000000001,103.375,27287
1752759000,103.95,105.025,103.625,104.775,26529
1752845400,105.425,105.55,104.525,105.425,19945
1753104600,105.8,106.375,104.825,106.3,16813
1753191000,106.4,106.75,105.55,105.825,18669
1753277400,105.85000000000001,106.375,104.5,106.22500000000001,18759
1753363800,106.2,107.3,105.4,106.425,19708
1753450200,106.25,106.5,104.775,105.925,23805
1753709400,106.325,106.325,105.22500000000001,106.2,14175
1753795800,105.8,105.8,103.65,104.05,22098
1753882200,103.875,105.025,103.35000000000001,104.525,20774
1753968600,104.72500000000001,105.55,104.125,104.9,18227
1754055000,104.575,105.72500000000001,103.25,105.375,23877
1754314200,105.65,106.7,105.55,106.22500000000001,20057
1754400600,106.22500000000001,108.325,106.175,108.125,31613
1754487000,108.175,108.60000000000001,106.60000000000001,107.3,28063
1754573400,107.175,107.45,105.65,106.25,28308
1754659800,106.25,106.575,105.60000000000001,106,18243
1754919000,106.125,107.3,105.925,107.10000000000001,23959
1755005400,107.175,107.85000000000001,106.25,106.925,23575
1755091800,106.5,107.22500000000001,104.95,106.10000000000001,26205
1755178200,106.10000000000001,106.10000000000001,103.85000000000001,104.45,27674
1755264600,104.45,105.775,104.15,105.425,19368
1755523800,105.625,105.95,104.825,105.45,20671
1755610200,105.375,105.72500000000001,104.625,105.47500000000001,19601
1755696600,104.825,105.875,103.925,105.275,24219
1755783000,105.375,105.8,104.9,105.25,13721
1755869400,105.5,107.35000000000001,105.325,106.525,26397
1756128600,106.825,107.3,106.25,106.72500000000001,18083
1756215000,106.825,108.875,106.7,108.75,29580
1756301400,108.75,110.15,108.72500000000001,109.22500000000001,31428
1756387800,109.075,109.8,108.95,109.60000000000001,19272
1756474200,109.75,110.525,109.3,110.35000000000001,22730
1756819800,110.525,111.325,110.25,110.875,24863
1756906200,110.875,111.025,109.075,109.15,30244
1756992600,109.575,110.72500000000001,109.375,110.35000000000001,29313
1757079000,110.35000000000001,112.3,110.22500000000001,111.35000000000001,33225
1757338200,111.60000000000001,111.7,110.425,110.47500000000001,37197
1757424600,110.875,111.72500000000001,110.7,111.45,36108
1757511000,111.175,113.075,111.175,112.15,39297
1757597400,112.35000000000001,113.775,112.275,113.5,34999
1757683800,113.60000000000001,113.775,112.05,112.45,31154
1757943000,113.075,113.5,112.75,112.85000000000001,16803
1758029400,113.175,114.22500000000001,112.525,112.7,21535
1758115800,112.7,113.22500000000001,112.525,112.65,17884
1758202200,112.65,113.125,112.4,112.8,12103
1758288600,113.1,113.625,112.1,112.725,17056
1758547800,112.75,114.19999999999999,112.52499999999999,113.85,18783
1758634200,114.125,115.94999999999999,114.125,115.82499999999999,25260
1758720600,115.6,115.675,113.1,113.225,29683
1758807000,113.6,115.3,112.975,113.725,28709
1758893400,115.6,116.625,114.82499999999999,116.14999999999999,27538
1759152600,116.3,116.55,115.375,115.44999999999999,19854
1759239000,115.1,115.57499999999999,113.69999999999999,113.82499999999999,22890
1759325400,113.6,114.225,111.85,112,29313
1759411800,111.89999999999999,112.14999999999999,110.675,111.77499999999999,26297
1759498200,111.875,112.69999999999999,111.57499999999999,112.39999999999999,20242
1759757400,112.39999999999999,112.89999999999999,111,112.375,18284
1759843800,112.125,112.425,110.85,111.27499999999999,22898
1759930200,110.6,111.94999999999999,110.57499999999999,111.19999999999999,22374
1760016600,110.94999999999999,111.19999999999999,109.39999999999999,109.44999999999999,26284
1760103000,109.35,109.675,108.82499999999999,109.125,26622
1760362200,109.625,110.6,109.55,109.94999999999999,26622
1760448600,109.27499999999999,109.27499999999999,107.725,108.25,34418
1760535000,108.44999999999999,109.44999999999999,108.39999999999999,108.69999999999999,22653
1760621400,108.19999999999999,108.69999999999999,107.55,107.69999999999999,27165
1760707800,108.1,108.175,107.19999999999999,107.475,18753
1760967000,107.52499999999999,107.975,107.14999999999999,107.175,20380
1761053400,107.69999999999999,109.14999999999999,107.125,108.375,26028
1761139800,108.02499999999999,108.225,107.425,107.5,22511
1761226200,107.475,108.1,106.82499999999999,106.875,21030
1761312600,107.175,107.8,106.77499999999999,107,18626
1761571800,107.6,107.675,106.375,106.6,21130
1761658200,106.675,107.55,105.57499999999999,105.925,28222
1761744600,106.35,107.27499999999999,105.75,105.875,25961
1761831000,106.05,106.44999999999999,105.44999999999999,105.925,15461
1761917400,106.225,106.77499999999999,105.82499999999999,106.375,22752
1762180200,106.82499999999999,106.82499999999999,104.875,105.69999999999999,33325
1762266600,105.69999999999999,106.375,104.475,105.02499999999999,30680
1762353000,105.19999999999999,106.07499999999999,105.02499999999999,105.69999999999999,30480
1762439400,105.5,106.27499999999999,103.975,104.07499999999999,32258
1762525800,104.6,105.07499999999999,103.89999999999999,104.5,41939
1762785000,105.1,108.25,105.1,107.875,56092
1762871400,107.425,108.35,107.39999999999999,107.44999999999999,35058
1762957800,107.1,107.375,105.6,105.725,39375
1763044200,105.375,105.5,102.94999999999999,103.175,44114
1763130600,103.1,104.6,103.02499999999999,103.6,22846
1763389800,103.6,104.225,103.44999999999999,103.675,14343
1763476200,103.95,104.925,101.675,102.275,26979
1763562600,102.075,104.575,101.95,103.275,24376
1763649000,103.05,104.475,102.55,103.9,16121
1763735400,103.25,103.275,101.375,101.95,25236
1763994600,102.05,104.1,101.875,103.425,26223
1764081000,103.5,104.15,102.975,103.25,18318
1764167400,103.3,105.925,103.075,105.625,22879
1764340200,106.25,106.525,105.05,105.25,15482
1764599400,105.75,106.375,104.475,104.55,27190
1764685800,104.925,105.25,103.85,104.425,18646
1764772200,104.625,105.7,104.425,105.25,16538
1764858600,105.5,106.3,105.5,106.1,18420
1764945000,106.05,107.275,106.025,106.525,20953
1765204200,106.725,106.8,106.15,106.65,19331
1765290600,106.475,106.775,104.9,106.125,23135
1765377000,106.125,107.1,106.025,106.675,17818
1765463400,107.075,108.825,106.925,108.425,31880
1765549800,108.7,109.325,108.4,108.775,23413
1765809000,108.6,108.85,106.65,108.1,22257
1765895400,108.2,109.275,108.075,109.025,17862
1765981800,108.675,108.675,106.825,107.25,24713
1766068200,107.6,108.775,107.525,108.375,16788
1766154600,107.275,109.4,107.25,108.75,22522
1766413800,108.9,109.675,108.85,109.6,16508
1766500200,109.6,110.475,109.5,110.225,21398
1766586600,109.125,110,108.8,109.3,14255
1766759400,108.825,109.125,108.075,108.775,13154
1767018600,109.1,109.475,108.5,108.725,13062
1767105000,108.7,109.925,108.675,109.7,17183
1767191400,109.475,110.225,109.275,109.35,14941
1767364200,109.1,109.3,108.175,108.35,19478
1767623400,108.575,110.75,108.525,110.4,29206
1767709800,109.85,110.4,109.175,109.925,24632
1767796200,109.925,109.95,108.825,109.05,24740
1767882600,109.05,110.6,109.05,110.125,33688
1767969000,109.625,110.05,109.1,109.55,32636
1768228200,109.475,109.6,108.025,108.675,39161
1768314600,108.7,109.1,108.225,108.875,30261
1768401000,108.75,110.35,108.55,109.95,33910
1768487400,109.95,112.15,109.85,112.05,29710
1768573800,111.85,112.725,111.85,112.525,22553
1768919400,112.8,113.025,112.025,112.1,14947
1769005800,112.02499999999999,112.64999999999999,111.675,112.52499999999999,23269
1769092200,112.925,113.975,112.75,113.27499999999999,22318
1769178600,113.27499999999999,113.675,112.825,113.1,13931
1769437800,113.325,114.3,112.64999999999999,113.64999999999999,22207
1769524200,113.725,114.475,113.325,113.75,20907
1769610600,113,113.25,111.7,112.075,25090
1769697000,112.175,112.925,111.825,112.375,18724
1769783400,111.85,112.425,111.6,112.075,20850
1770042600,112.05,114.3,111.77499999999999,113.55,30283
1770129000,113.725,115.225,113.05,115.075,28448
1770215400,115.075,116.725,115,115.375,27148
1770301800,114.925,115.575,113.8,115.3,24044
1770388200,115.825,116.675,114.8,114.875,22048
1770647400,114.475,114.55,113.175,113.64999999999999,24893
1770733800,113.875,114.05,112.25,112.425,25501
1770820200,112.425,112.725,110.675,110.77499999999999,24111
1770906600,110.575,110.575,108.27499999999999,108.75,36652
1770993000,109.05,109.3,108.05,108.2,26966
1771338600,108.425,109.925,108.425,109.225,25782
1771425000,109.375,110.05,109.225,109.475,18741
1771511400,109.675,110.5,108.925,110.375,18244
1771597800,110.825,111.2,110.225,110.6,16484
1771857000,110.425,111.5,110.375,110.625,21984
1771943400,111.225,112.8,111,112.725,28258
1772029800,112.675,113.5,112.5,113.125,19687
1772116200,113.125,113.575,112.575,112.64999999999999,14664
1772202600,112.64999999999999,113.3,112.25,112.64999999999999,17130
1772461800,112.425,113.475,112,112.5,21200
1772548200,112.5,113.05,111.625,112.675,24550
1772634600,112.77499999999999,114.225,112.6,114,25549
1772721000,114,114.05,112.35,112.6,26134
1772807400,112.575,113.475,112.425,112.55,34488
1773063000,112.27499999999999,112.425,111.02499999999999,111.75,38441
1773149400,112.52499999999999,113.55,112.39999999999999,113,38100
1773235800,112.725,113.25,112.02499999999999,112.125,37229
1773322200,111.925,112.325,111.2,111.27499999999999,34564
1773408600,111.64999999999999,111.77499999999999,110.02499999999999,110.375,28651
1773667800,110.625,111.075,110.325,110.425,17245
1773754200,110.425,111.125,110.125,110.64999999999999,28826
1773840600,110.64999999999999,111,110.375,110.675,16363
1773927000,110.575,110.64999999999999,108.85,108.975,26070
1774013400,109.32499999999999,109.64999999999999,108.52499999999999,108.69999999999999,23361
1774272600,108.69999999999999,110.07499999999999,108.55,108.625,20829
1774359000,108.675,108.82499999999999,107.77499999999999,108.27499999999999,19664
1774445400,107.725,109.225,107.175,108.35,17538
1774531800,108.225,108.77499999999999,108.07499999999999,108.52499999999999,13703
1774618200,109.175,110.64999999999999,108.85,110.35,20439
1774877400,110.475,111.57499999999999,109.875,110.1,18886
1774963800,110.125,111,109.05,109.27499999999999,22106
1775050200,109.07499999999999,109.975,108.925,109.39999999999999,17932
1775136600,109.02499999999999,109.375,108.3,108.69999999999999,16689
1775482200,109.375,112.07499999999999,109.375,111.925,27505
1775568600,111.64999999999999,111.975,110.875,111.27499999999999,23516
1775655000,111.27499999999999,111.57499999999999,108.82499999999999,108.875,25799
1775741400,108.875,109.125,107.875,108.35,22743
1775827800,108.175,108.725,107.725,107.94999999999999,17245
1776087000,108,108.02499999999999,106.89999999999999,107.35,20111
1776173400,107.35,107.6,106.475,106.675,22144
1776259800,106.675,106.875,105.925,106.175,26514
1776346200,105.77499999999999,106.675,105.39999999999999,105.89999999999999,22836
1776432600,106.14999999999999,106.6,104.39999999999999,105.27499999999999,27929
1776691800,105.675,106.1,105.32499999999999,105.94999999999999,18186
1776778200,107.02499999999999,107.94999999999999,106.89999999999999,107.425,24628
1776864600,107.39999999999999,108,106.675,106.85,19204
1776951000,106.85,107.8,106.225,107.675,20478
1777037400,107.52499999999999,107.725,106.07499999999999,106.125,17566
1777296600,106.27499999999999,107.07499999999999,106.19999999999999,106.39999999999999,17678
1777383000,106.32499999999999,106.64999999999999,105.32499999999999,106.19999999999999,19391
1777469400,106.44999999999999,108.675,106.44999999999999,107.975,27613
1777555800,107.975,108.225,106.27499999999999,106.5,23210
1777642200,105.625,106.675,104.57499999999999,105.5,28469
1777901400,105.6,106.175,103.89999999999999,103.975,29208
1777987800,104.14999999999999,105.675,103.69999999999999,105.64999999999999,24685
1778074200,105.05,105.05,103.725,103.925,21768
1778160600,103.82499999999999,104.875,103.125,103.6,42540
1778247000,103.375,104.175,102.82499999999999,102.85,37712
1778506200,103.5,105.125,103.125,104.44999999999999,51043
1778592600,104.225,104.425,102.57499999999999,102.64999999999999,36144
1778679000,102.89999999999999,106.07499999999999,102.875,105.1,51620
1778765400,104.82499999999999,104.875,103.55,103.75,28324
1778851800,103.75,104.1,102.69999999999999,102.975,17572
1779111000,103.475,104.675,102.64999999999999,102.75,11808
1779197400,103,103.3,102,102.15,19482
1779283800,101.9,102.825,101.375,101.975,17739
1779370200,101.975,102.15,99.5,100.025,24122
1779456600,100.425,100.5,99.35,100.4,16907
1779802200,100.45,101,99.6,100.125,19688
1779888600,100.3,102.275,100.15,102.125,20220
1779975000,101.875,102.375,101,102.125,13283
1780061400,101.825,101.875,99.45,99.5,20423
1780320600,99.325,100.875,99.325,99.85,23921
1780407000,99.85,101.825,98.3,101.65,23917
1780493400,101.675,102.275,100.725,102,18377