time,open,high,low,close
2018-12-21T17:30:00Z,21.622034,21.622034,21.622034,21.622034
2018-12-21T19:30:00Z,21.364235,21.364235,21.364235,21.364235
2018-12-26T15:30:00Z,22.416254,22.537833,22.162963,22.390924
2018-12-26T16:30:00Z,22.340266,22.375727,22.289608,22.289608
2018-12-26T17:30:00Z,22.036317,22.289608,22.036317,22.162963
2018-12-26T18:30:00Z,22.188292,22.23895,22.086975,22.23895
2018-12-26T19:30:00Z,22.213621,22.568228,22.213621,22.553031
2018-12-26T20:30:00Z,22.664479,22.750598,22.593557,22.750598
2018-12-27T14:30:00Z,22.79619,22.79619,22.644215,22.644215
2018-12-27T15:30:00Z,22.644215,22.79619,22.644215,22.780993
2018-12-27T16:30:00Z,22.730334,22.745532,22.593557,22.593557
2018-12-27T17:30:00Z,22.649281,22.649281,22.649281,22.649281
2018-12-27T18:30:00Z,22.63915,22.63915,22.431451,22.449181
2018-12-27T19:30:00Z,22.446648,22.644215,22.446648,22.629018
2018-12-27T20:30:00Z,22.623952,22.694874,22.183226,22.45678
2018-12-28T14:30:00Z,23.302772,23.454747,23.125468,23.236916
2018-12-28T15:30:00Z,22.948165,22.948165,22.715137,22.79619
2018-12-28T16:30:00Z,22.821519,22.912704,22.821519,22.821519
2018-12-28T17:30:00Z,22.821519,22.821519,22.684742,22.780993
2018-12-28T18:30:00Z,22.79619,22.993757,22.791124,22.902572
2018-12-28T19:30:00Z,22.907638,22.912704,22.867111,22.897506
2018-12-28T20:30:00Z,22.892441,23.150797,22.87471,23.003889
2018-12-31T14:30:00Z,23.069744,23.657379,23.069744,23.515536
2018-12-31T15:30:00Z,23.515536,23.657379,23.449681,23.464878
2018-12-31T16:30:00Z,23.469944,23.601655,23.145732,23.586458
2018-12-31T17:30:00Z,23.429418,23.819486,23.419286,23.809354
2018-12-31T18:30:00Z,23.804288,24.503371,23.804288,24.361528
2018-12-31T19:30:00Z,24.341265,24.356463,24.25008,24.305804
2018-12-31T20:30:00Z,24.298206,24.551497,24.285541,24.548964
2019-01-02T14:30:00Z,24.358995,24.847847,24.224751,24.797189
2019-01-02T15:30:00Z,24.746531,24.746531,23.383825,23.784025
2019-01-02T16:30:00Z,23.768827,23.905605,23.561129,23.829617
2019-01-02T17:30:00Z,23.849881,24.599622,23.839749,24.564161
2019-01-02T18:30:00Z,24.609754,24.624951,23.860012,24.017053
2019-01-02T19:30:00Z,24.042382,24.108237,23.723235,23.981592
2019-01-02T20:30:00Z,24.022118,24.062645,23.885341,23.895473
2019-01-03T14:30:00Z,23.652314,23.652314,22.841782,23.039349
2019-01-03T15:30:00Z,23.049481,23.287575,23.019086,23.140666
2019-01-03T16:30:00Z,23.100139,23.201456,23.059613,23.059613
2019-01-03T17:30:00Z,23.064678,23.120402,22.932967,22.968428
2019-01-03T18:30:00Z,22.973494,23.084942,22.938033,23.019086
2019-01-03T19:30:00Z,23.024152,23.044415,22.689808,22.821519
2019-01-03T20:30:00Z,22.79619,22.97856,22.705005,22.85698
2019-01-04T14:30:00Z,23.003889,23.57126,22.968428,22.968428
2019-01-04T15:30:00Z,22.97856,23.206521,22.730334,23.120402
2019-01-04T16:30:00Z,23.165995,23.439549,23.140666,23.429418
2019-01-04T17:30:00Z,23.424352,23.591524,23.328101,23.520602
2019-01-04T18:30:00Z,23.515536,23.626984,23.444615,23.556063
2019-01-04T19:30:00Z,23.576326,23.784025,23.576326,23.685241
2019-01-04T20:30:00Z,23.63205,23.773893,23.328101,23.328101
2019-01-07T14:30:00Z,23.287575,23.449681,23.105205,23.277443
2019-01-07T15:30:00Z,23.297706,23.667511,23.287575,23.550997
2019-01-07T16:30:00Z,23.576326,23.733367,23.540866,23.723235
2019-01-07T17:30:00Z,23.723235,24.001855,23.672577,23.839749
2019-01-07T18:30:00Z,23.854946,23.890407,23.378759,23.41422
2019-01-07T19:30:00Z,23.399023,23.434483,23.317969,23.35343
2019-01-07T20:30:00Z,23.348364,23.545931,23.333167,23.459812
2019-01-08T14:30:00Z,23.890407,24.224751,23.723235,24.067711
2019-01-08T15:30:00Z,24.082908,24.15383,23.976526,24.011987
2019-01-08T16:30:00Z,23.976526,23.976526,23.773893,23.834683
2019-01-08T17:30:00Z,23.849881,23.905605,23.728301,23.733367
2019-01-08T18:30:00Z,23.748564,23.804288,23.550997,23.581392
2019-01-08T19:30:00Z,23.586458,23.789091,23.581392,23.728301
2019-01-08T20:30:00Z,23.733367,23.784025,23.621919,23.63205
2019-01-09T14:30:00Z,23.794157,24.006921,23.758696,23.956263
2019-01-09T15:30:00Z,23.890407,23.905605,23.784025,23.87521
2019-01-09T16:30:00Z,23.941065,23.963862,23.900539,23.951197
2019-01-09T17:30:00Z,23.951197,23.961329,23.784025,23.839749
2019-01-09T18:30:00Z,23.852413,23.935999,23.758696,23.773893
2019-01-09T19:30:00Z,23.784025,23.880275,23.748564,23.87521
2019-01-09T20:30:00Z,23.87521,23.87521,23.733367,23.761229
2019-01-10T14:30:00Z,23.778959,23.925868,23.323035,23.328101
2019-01-10T15:30:00Z,23.29264,23.29264,22.826585,22.887375
2019-01-10T16:30:00Z,22.892441,23.008954,22.846848,22.983625
2019-01-10T17:30:00Z,22.988691,23.125468,22.927901,22.973494
2019-01-10T18:30:00Z,23.024152,23.044415,22.91777,22.95323
2019-01-10T19:30:00Z,22.958296,23.049481,22.755663,23.049481
2019-01-10T20:30:00Z,23.064678,23.064678,22.882309,22.882309
2019-01-11T14:30:00Z,22.882309,23.034284,22.806322,22.826585
2019-01-11T15:30:00Z,22.689808,22.816453,22.664479,22.801256
2019-01-11T16:30:00Z,22.79619,22.79619,22.623952,22.629018
2019-01-11T17:30:00Z,22.67461,22.938033,22.67461,22.780993
2019-01-11T18:30:00Z,22.791124,22.806322,22.710071,22.740466
2019-01-11T19:30:00Z,22.740466,22.755663,22.659413,22.664479
2019-01-11T20:30:00Z,22.654347,22.659413,22.497307,22.542899
2019-01-14T14:30:00Z,22.345332,22.360529,22.061646,22.066712
2019-01-14T15:30:00Z,22.066712,22.11737,21.828618,21.828618
2019-01-14T16:30:00Z,21.83875,21.89954,21.767829,21.843816
2019-01-14T17:30:00Z,21.833684,21.889408,21.686775,21.686775
2019-01-14T18:30:00Z,21.696907,21.929935,21.691841,21.848882
2019-01-14T19:30:00Z,21.853947,21.965396,21.788092,21.945132
2019-01-14T20:30:00Z,21.940066,21.940066,21.666512,21.666512
2019-01-15T14:30:00Z,21.798223,22.107238,21.529735,21.853947
2019-01-15T15:30:00Z,21.864079,21.889408,21.783026,21.828618
2019-01-15T16:30:00Z,21.828618,22.010988,21.757697,21.980593
2019-01-15T17:30:00Z,21.985659,22.036317,21.980593,22.000856
2019-01-15T18:30:00Z,21.950198,21.980593,21.701973,21.701973
2019-01-15T19:30:00Z,21.68171,21.808355,21.529735,21.727302
2019-01-15T20:30:00Z,21.727302,21.818487,21.671578,21.808355
2019-01-16T14:30:00Z,21.666512,21.798223,21.605722,21.742499
2019-01-16T15:30:00Z,21.676644,21.833684,21.666512,21.808355
2019-01-16T16:30:00Z,21.843816,21.848882,21.651315,21.68171
2019-01-16T17:30:00Z,21.65638,21.65638,21.286576,21.352431
2019-01-16T18:30:00Z,21.352431,21.555064,21.311905,21.555064
2019-01-16T19:30:00Z,21.570262,21.722236,21.570262,21.686775
2019-01-16T20:30:00Z,21.691841,21.691841,21.590525,21.610788
2019-01-17T14:30:00Z,21.636117,21.970461,21.636117,21.96033
2019-01-17T15:30:00Z,21.950198,22.092041,21.904606,21.940066
2019-01-17T16:30:00Z,21.929935,22.076844,21.929935,22.036317
2019-01-17T17:30:00Z,22.05658,22.097107,22.010988,22.041383
2019-01-17T18:30:00Z,22.036317,22.061646,21.965396,22.046449
2019-01-17T19:30:00Z,22.071778,22.122436,22.051514,22.086975
2019-01-17T20:30:00Z,22.086975,22.142699,22.046449,22.127502
2019-01-18T14:30:00Z,22.173094,22.173094,21.955264,22.071778
2019-01-18T15:30:00Z,22.086975,22.132568,21.985659,22.081909
2019-01-18T16:30:00Z,22.061646,22.081909,22.000856,22.05658
2019-01-18T17:30:00Z,22.071778,22.122436,21.980593,21.980593
2019-01-18T18:30:00Z,21.975527,22.081909,21.975527,22.010988
2019-01-18T19:30:00Z,22.031251,22.092041,21.914737,21.929935
2019-01-18T20:30:00Z,21.919803,21.980593,21.848882,21.970461
2019-01-22T14:30:00Z,22.173094,22.188292,21.955264,22.086975
2019-01-22T15:30:00Z,22.061646,22.426385,22.005922,22.284542
2019-01-22T16:30:00Z,22.289608,22.314937,22.162963,22.233884
2019-01-22T17:30:00Z,22.254147,22.254147,22.013521,22.02112
2019-01-22T18:30:00Z,22.107238,22.29974,22.107238,22.289608
2019-01-22T19:30:00Z,22.279476,22.314937,22.198423,22.314937
2019-01-22T20:30:00Z,22.360529,22.360529,22.259213,22.279476
2019-01-23T14:30:00Z,22.826585,23.181192,22.7354,22.750598
2019-01-23T15:30:00Z,22.705005,22.750598,22.57836,22.634084
2019-01-23T16:30:00Z,22.63915,22.689808,22.563162,22.568228
2019-01-23T17:30:00Z,22.5353,22.816453,22.512504,22.816453
2019-01-23T18:30:00Z,22.801256,22.801256,22.730334,22.740466
2019-01-23T19:30:00Z,22.725269,22.725269,22.537833,22.63915
2019-01-23T20:30:00Z,22.649281,22.705005,22.63915,22.644215
2019-01-24T14:30:00Z,22.699939,22.705005,22.411188,22.421319
2019-01-24T15:30:00Z,22.441583,22.580893,22.431451,22.489708
2019-01-24T16:30:00Z,22.497307,22.61382,22.482109,22.61382
2019-01-24T17:30:00Z,22.61382,22.694874,22.477043,22.603689
2019-01-24T18:30:00Z,22.573294,22.715137,22.558096,22.689808
2019-01-24T19:30:00Z,22.689808,22.862046,22.649281,22.79619
2019-01-24T20:30:00Z,22.793657,22.836717,22.760729,22.773394
2019-01-25T14:30:00Z,23.044415,23.211587,23.044415,23.049481
2019-01-25T15:30:00Z,22.998823,23.090008,22.983625,23.049481
2019-01-25T16:30:00Z,23.01402,23.105205,23.01402,23.039349
2019-01-25T17:30:00Z,23.029218,23.07481,23.024152,23.044415
2019-01-25T18:30:00Z,23.059613,23.165995,23.039349,23.130534
2019-01-25T19:30:00Z,23.130534,23.297706,23.130534,23.25718
2019-01-25T20:30:00Z,23.241982,23.287575,23.069744,23.262245
2019-01-28T14:30:00Z,23.338233,23.87521,23.110271,23.784025
2019-01-28T15:30:00Z,23.748564,23.860012,23.556063,23.794157
2019-01-28T16:30:00Z,23.794157,23.809354,23.59659,23.723235
2019-01-28T17:30:00Z,23.728301,23.97146,23.697906,23.895473
2019-01-28T18:30:00Z,23.890407,23.946131,23.789091,23.829617
2019-01-28T19:30:00Z,23.839749,23.87521,23.662445,23.794157
2019-01-28T20:30:00Z,23.809354,23.809354,23.682709,23.751097
2019-01-29T14:30:00Z,23.918269,23.956263,23.718169,23.915736
2019-01-29T15:30:00Z,23.930934,23.956263,23.63205,23.81442
2019-01-29T16:30:00Z,23.819486,23.870144,23.563662,23.601655
2019-01-29T17:30:00Z,23.591524,23.667511,23.581392,23.662445
2019-01-29T18:30:00Z,23.713103,23.773893,23.672577,23.768827
2019-01-29T19:30:00Z,23.773893,23.789091,23.733367,23.768827
2019-01-29T20:30:00Z,23.773893,23.773893,23.733367,23.743498
2019-01-30T14:30:00Z,24.143698,24.143698,23.895473,24.022118
2019-01-30T15:30:00Z,24.037316,24.179159,24.037316,24.163961
2019-01-30T16:30:00Z,24.158896,24.169027,24.037316,24.087974
2019-01-30T17:30:00Z,24.087974,24.161428,24.037316,24.052513
2019-01-30T18:30:00Z,24.067711,24.255146,24.067711,24.229817
2019-01-30T19:30:00Z,24.229817,24.290607,24.209554,24.255146
2019-01-30T20:30:00Z,24.255146,24.305804,24.224751,24.295673
2019-01-31T14:30:00Z,24.229817,24.442582,24.179159,24.25008
2019-01-31T15:30:00Z,24.25008,24.721202,24.245015,24.700938
2019-01-31T16:30:00Z,24.700938,25.070743,24.690807,25.055546
2019-01-31T17:30:00Z,25.060612,25.070743,24.857979,24.9289
2019-01-31T18:30:00Z,24.933966,25.030217,24.863045,24.98969
2019-01-31T19:30:00Z,24.984624,25.009953,24.873176,24.873176
2019-01-31T20:30:00Z,24.822518,24.822518,24.614819,24.645214
2019-02-01T14:30:00Z,24.822518,24.863045,24.640148,24.847847
2019-02-01T15:30:00Z,24.842781,24.893439,24.792123,24.822518
2019-02-01T16:30:00Z,24.781991,24.984624,24.781991,24.888374
2019-02-01T17:30:00Z,24.898505,24.91117,24.817452,24.817452
2019-02-01T18:30:00Z,24.812386,24.873176,24.812386,24.873176
2019-02-01T19:30:00Z,24.878242,24.984624,24.878242,24.939032
2019-02-01T20:30:00Z,24.939032,25.197389,24.939032,25.166994
2019-02-04T14:30:00Z,25.470943,25.843281,25.470943,25.638115
2019-02-04T15:30:00Z,25.653312,25.871143,25.653312,25.850879
2019-02-04T16:30:00Z,25.845814,26.073776,25.754629,26.073776
2019-02-04T17:30:00Z,26.073776,26.240948,26.058578,26.139631
2019-02-04T18:30:00Z,26.119368,26.119368,25.840748,25.936998
2019-02-04T19:30:00Z,25.942064,25.962327,25.719168,25.719168
2019-02-04T20:30:00Z,25.714102,25.726767,25.678642,25.724234
2019-02-05T14:30:00Z,26.018052,26.10417,26.002854,26.048446
2019-02-05T15:30:00Z,26.048446,26.094039,26.048446,26.073776
2019-02-05T16:30:00Z,26.078841,26.10417,25.959795,25.959795
2019-02-05T17:30:00Z,25.936998,25.939531,25.774892,25.779958
2019-02-05T18:30:00Z,25.774892,25.982591,25.749563,25.967393
2019-02-05T19:30:00Z,25.972459,26.012986,25.866077,25.866077
2019-02-05T20:30:00Z,25.855945,25.866077,25.653312,25.82555
2019-02-06T14:30:00Z,25.997788,26.018052,25.871143,26.018052
2019-02-06T15:30:00Z,26.114302,26.195355,26.099105,26.134565
2019-02-06T16:30:00Z,26.170026,26.26881,26.159894,26.190289
2019-02-06T17:30:00Z,26.22575,26.22575,25.987657,26.06871
2019-02-06T18:30:00Z,26.078841,26.099105,25.911669,25.921801
2019-02-06T19:30:00Z,25.936998,25.942064,25.769826,25.901538
2019-02-06T20:30:00Z,25.896472,25.916735,25.754629,25.805287
2019-02-07T14:30:00Z,25.648247,25.693839,25.572259,25.653312
2019-02-07T15:30:00Z,25.678642,25.678642,25.516535,25.516535
2019-02-07T16:30:00Z,25.491206,25.551996,25.283508,25.303771
2019-02-07T17:30:00Z,25.318968,25.420285,25.227784,25.405087
2019-02-07T18:30:00Z,25.384824,25.425351,25.303771,25.334166
2019-02-07T19:30:00Z,25.364561,25.481075,25.364561,25.476009
2019-02-07T20:30:00Z,25.48614,25.557062,25.465877,25.554529
2019-02-08T14:30:00Z,25.354429,25.835682,25.354429,25.805287
2019-02-08T15:30:00Z,25.800221,26.002854,25.800221,25.921801
2019-02-08T16:30:00Z,25.931933,25.952196,25.845814,25.850879
2019-02-08T17:30:00Z,25.855945,26.048446,25.830616,26.048446
2019-02-08T18:30:00Z,26.028183,26.124434,25.987657,26.06871
2019-02-08T19:30:00Z,26.06871,26.06871,25.861011,25.926867
2019-02-08T20:30:00Z,25.931933,26.109236,25.931933,26.08644
2019-02-11T14:30:00Z,26.058578,26.094039,25.942064,26.056045
2019-02-11T15:30:00Z,26.050979,26.177625,26.043381,26.154829
2019-02-11T16:30:00Z,26.167493,26.301737,26.14723,26.170026
2019-02-11T17:30:00Z,26.291606,26.337198,26.200421,26.210553
2019-02-11T18:30:00Z,26.210553,26.215618,26.16496,26.200421
2019-02-11T19:30:00Z,26.200421,26.311869,26.180158,26.271343
2019-02-11T20:30:00Z,26.266277,26.357461,26.266277,26.34733
2019-02-12T14:30:00Z,26.473975,26.914702,26.46891,26.762727
2019-02-12T15:30:00Z,26.742464,26.914702,26.656345,26.914702
2019-02-12T16:30:00Z,26.924833,27.036281,26.899504,26.919767
2019-02-12T17:30:00Z,26.919767,27.213585,26.884307,27.147729
2019-02-12T18:30:00Z,27.157861,27.223717,27.076808,27.092005
2019-02-12T19:30:00Z,27.092005,27.162927,26.998288,27.147729
2019-02-12T20:30:00Z,27.127466,27.152795,27.071742,27.137598
2019-02-13T14:30:00Z,27.249046,27.380757,27.198388,27.380757
2019-02-13T15:30:00Z,27.360494,27.649246,27.350362,27.482074
2019-02-13T16:30:00Z,27.421284,27.421284,27.046413,27.269309
2019-02-13T17:30:00Z,27.276908,27.532732,27.274375,27.502337
2019-02-13T18:30:00Z,27.494738,27.520067,27.406086,27.477008
2019-02-13T19:30:00Z,27.46181,27.492205,27.421284,27.46181
2019-02-13T20:30:00Z,27.471942,27.502337,27.259177,27.345296
2019-02-14T14:30:00Z,27.162927,27.613785,27.162927,27.436481
2019-02-14T15:30:00Z,27.421284,27.573258,27.421284,27.451679
2019-02-14T16:30:00Z,27.466876,27.64418,27.456744,27.598587
2019-02-14T17:30:00Z,27.588456,27.608719,27.451679,27.466876
2019-02-14T18:30:00Z,27.492205,27.537798,27.46181,27.502337
2019-02-14T19:30:00Z,27.507403,27.613785,27.487139,27.598587
2019-02-14T20:30:00Z,27.603653,27.628982,27.5226,27.603653
2019-02-15T14:30:00Z,27.720167,28.26221,27.715101,27.846813
2019-02-15T15:30:00Z,27.806286,27.811352,27.370625,27.537798
2019-02-15T16:30:00Z,27.532732,27.694838,27.497271,27.694838
2019-02-15T17:30:00Z,27.689772,27.816418,27.689772,27.699904
2019-02-15T18:30:00Z,27.730299,27.750562,27.67964,27.67964
2019-02-15T19:30:00Z,27.664443,27.74043,27.639114,27.74043
2019-02-15T20:30:00Z,27.745496,27.86201,27.710035,27.826549
2019-02-19T14:30:00Z,27.963326,28.054511,27.639114,27.720167
2019-02-19T15:30:00Z,27.745496,27.882273,27.745496,27.811352
2019-02-19T16:30:00Z,27.821483,27.882273,27.821483,27.86201
2019-02-19T17:30:00Z,27.988656,28.013985,27.963326,27.98359
2019-02-19T18:30:00Z,27.973458,27.975991,27.882273,27.968392
2019-02-19T19:30:00Z,27.973458,27.973458,27.856944,27.86201
2019-02-19T20:30:00Z,27.892405,27.892405,27.806286,27.882273
2019-02-20T14:30:00Z,28.07984,28.07984,27.715101,27.796154
2019-02-20T15:30:00Z,27.770825,27.932931,27.710035,27.932931
2019-02-20T16:30:00Z,27.9228,27.958261,27.836681,27.912668
2019-02-20T17:30:00Z,27.877207,28.039314,27.786023,28.039314
2019-02-20T18:30:00Z,28.064643,28.181157,28.034248,28.049445
2019-02-20T19:30:00Z,28.084906,28.20142,28.084906,28.14063
2019-02-20T20:30:00Z,28.145696,28.257144,28.130498,28.145696
2019-02-21T14:30:00Z,28.145696,28.231815,28.049445,28.100104
2019-02-21T15:30:00Z,28.100104,28.14063,28.013985,28.102636
2019-02-21T16:30:00Z,28.100104,28.14063,28.034248,28.069709
2019-02-21T17:30:00Z,28.105169,28.404053,28.105169,28.368592
2019-02-21T18:30:00Z,28.363526,28.368592,28.252078,28.252078
2019-02-21T19:30:00Z,28.191288,28.252078,28.105169,28.252078
2019-02-21T20:30:00Z,28.226749,28.226749,28.112768,28.148229
2019-02-22T14:30:00Z,28.317934,28.343263,28.145696,28.155828
2019-02-22T15:30:00Z,28.171025,28.350862,28.160893,28.312868
2019-02-22T16:30:00Z,28.328065,28.409119,28.287539,28.302736
2019-02-22T17:30:00Z,28.307802,28.333131,28.241946,28.252078
2019-02-22T18:30:00Z,28.267276,28.368592,28.252078,28.328065
2019-02-22T19:30:00Z,28.274874,28.363526,28.14063,28.363526
2019-02-22T20:30:00Z,28.35846,28.459777,28.317934,28.459777
2019-02-25T14:30:00Z,28.708002,28.824516,28.611751,28.75866
2019-02-25T15:30:00Z,28.763726,28.799187,28.642146,28.647212
2019-02-25T16:30:00Z,28.642146,28.657344,28.530698,28.606686
2019-02-25T17:30:00Z,28.60162,28.738397,28.591488,28.708002
2019-02-25T18:30:00Z,28.69787,28.738397,28.611751,28.611751
2019-02-25T19:30:00Z,28.626949,28.642146,28.591488,28.606686
2019-02-25T20:30:00Z,28.60162,28.768792,28.599087,28.682673
2019-02-26T14:30:00Z,28.520567,28.647212,28.257144,28.591488
2019-02-26T15:30:00Z,28.596554,28.733331,28.596554,28.702936
2019-02-26T16:30:00Z,28.718134,28.75866,28.626949,28.75866
2019-02-26T17:30:00Z,28.738397,28.738397,28.667475,28.682673
2019-02-26T18:30:00Z,28.642146,28.708002,28.586422,28.708002
2019-02-26T19:30:00Z,28.733331,28.865042,28.733331,28.865042
2019-02-26T20:30:00Z,28.865042,28.925832,28.753594,28.753594
2019-02-27T14:30:00Z,28.743463,28.748529,28.632015,28.657344
2019-02-27T15:30:00Z,28.66241,28.66241,28.515501,28.591488
2019-02-27T16:30:00Z,28.586422,28.687739,28.586422,28.657344
2019-02-27T17:30:00Z,28.677607,28.713068,28.535764,28.556027
2019-02-27T18:30:00Z,28.520567,28.626949,28.505369,28.535764
2019-02-27T19:30:00Z,28.550962,28.713068,28.520567,28.545896
2019-02-27T20:30:00Z,28.54083,28.545896,28.469908,28.495238
2019-02-28T14:30:00Z,28.495238,28.556027,28.206486,28.368592
2019-02-28T15:30:00Z,28.368592,28.576291,28.34073,28.454711
2019-02-28T16:30:00Z,28.459777,28.535764,28.373658,28.505369
2019-02-28T17:30:00Z,28.474974,28.535764,28.459777,28.505369
2019-02-28T18:30:00Z,28.510435,28.571225,28.41925,28.490172
2019-02-28T19:30:00Z,28.459777,28.520567,28.302736,28.323
2019-02-28T20:30:00Z,28.328065,28.348329,27.958261,28.252078
2019-03-01T14:30:00Z,29.331098,29.883272,29.128465,29.386822
2019-03-01T15:30:00Z,29.417217,29.513467,28.616817,28.616817
2019-03-01T16:30:00Z,28.609218,28.849845,28.490172,28.652278
2019-03-01T17:30:00Z,28.728265,28.97649,28.69787,28.890371
2019-03-01T18:30:00Z,28.895437,29.148728,28.895437,29.123399
2019-03-01T19:30:00Z,29.108202,29.108202,28.753594,28.859977
2019-03-01T20:30:00Z,28.875174,28.986622,28.642146,28.647212
2019-03-04T14:30:00Z,28.875174,28.875174,28.338197,28.495238
2019-03-04T15:30:00Z,28.515501,28.525632,27.937997,27.937997
2019-03-04T16:30:00Z,27.897471,27.917734,27.674575,27.877207
2019-03-04T17:30:00Z,27.846813,28.100104,27.826549,28.100104
2019-03-04T18:30:00Z,28.100104,28.252078,28.039314,28.039314
2019-03-04T19:30:00Z,28.029182,28.110235,27.867076,27.867076
2019-03-04T20:30:00Z,27.869609,28.01905,27.846813,28.01905
2019-03-05T14:30:00Z,27.720167,27.953195,27.623916,27.927866
2019-03-05T15:30:00Z,28.04438,28.231815,28.04438,28.186222
2019-03-05T16:30:00Z,28.176091,28.257144,28.176091,28.216617
2019-03-05T17:30:00Z,28.211552,28.216617,28.069709,28.07984
2019-03-05T18:30:00Z,28.054511,28.054511,28.003853,28.034248
2019-03-05T19:30:00Z,28.04438,28.054511,28.003853,28.003853
2019-03-05T20:30:00Z,28.024116,28.07984,27.927866,27.932931
2019-03-06T14:30:00Z,27.547929,27.547929,26.940031,27.223717
2019-03-06T15:30:00Z,27.208519,27.264243,26.970426,26.970426
2019-03-06T16:30:00Z,26.950162,26.96536,26.78299,26.889373
2019-03-06T17:30:00Z,26.96536,26.980557,26.853912,26.889373
2019-03-06T18:30:00Z,26.899504,27.223717,26.899504,27.208519
2019-03-06T19:30:00Z,27.218651,27.411152,27.167993,27.355428
2019-03-06T20:30:00Z,27.319967,27.395955,27.218651,27.218651
2019-03-07T14:30:00Z,27.127466,27.152795,26.803254,26.853912
2019-03-07T15:30:00Z,26.879241,27.309836,26.858978,27.294638
2019-03-07T16:30:00Z,27.319967,27.527666,27.319967,27.380757
2019-03-07T17:30:00Z,27.416218,27.46181,27.238914,27.238914
2019-03-07T18:30:00Z,27.213585,27.335165,27.198388,27.274375
2019-03-07T19:30:00Z,27.259177,27.259177,27.162927,27.178124
2019-03-07T20:30:00Z,27.167993,27.213585,26.909636,26.914702
2019-03-08T14:30:00Z,26.44358,26.509436,26.14723,26.413185
2019-03-08T15:30:00Z,26.44358,26.737398,26.44358,26.737398
2019-03-08T16:30:00Z,26.696871,26.707003,26.453712,26.494239
2019-03-08T17:30:00Z,26.519568,26.60822,26.514502,26.605687
2019-03-08T18:30:00Z,26.580358,26.651279,26.580358,26.595555
2019-03-08T19:30:00Z,26.585423,26.651279,26.555028,26.595555
2019-03-08T20:30:00Z,26.549963,26.615818,26.524634,26.524634
2019-03-11T13:30:00Z,26.681674,26.838714,26.552496,26.838714
2019-03-11T14:30:00Z,26.838714,27.284507,26.838714,27.24398
2019-03-11T15:30:00Z,27.264243,27.294638,27.18319,27.198388
2019-03-11T16:30:00Z,27.238914,27.284507,27.173058,27.254112
2019-03-11T17:30:00Z,27.254112,27.254112,27.117334,27.142664
2019-03-11T18:30:00Z,27.112269,27.259177,27.112269,27.259177
2019-03-11T19:30:00Z,27.259177,27.46181,27.259177,27.433948
2019-03-12T13:30:00Z,27.487139,27.816418,27.482074,27.816418
2019-03-12T14:30:00Z,27.963326,28.089972,27.927866,28.008919
2019-03-12T15:30:00Z,27.943063,27.943063,27.841747,27.867076
2019-03-12T16:30:00Z,27.831615,27.932931,27.816418,27.841747
2019-03-12T17:30:00Z,27.821483,27.846813,27.821483,27.831615
2019-03-12T18:30:00Z,27.836681,27.836681,27.669509,27.669509
2019-03-12T19:30:00Z,27.664443,27.753095,27.613785,27.669509
2019-03-13T13:30:00Z,27.897471,28.059577,27.74043,27.897471
2019-03-13T14:30:00Z,27.953195,28.008919,27.816418,27.998787
2019-03-13T15:30:00Z,28.003853,28.130498,27.978524,28.120367
2019-03-13T16:30:00Z,28.115301,28.115301,27.932931,27.948129
2019-03-13T17:30:00Z,27.937997,28.024116,27.927866,27.988656
2019-03-13T18:30:00Z,27.973458,27.973458,27.806286,27.806286
2019-03-13T19:30:00Z,27.806286,27.943063,27.806286,27.872142
2019-03-14T13:30:00Z,28.216617,28.885306,28.216617,28.88024
2019-03-14T14:30:00Z,29.042346,29.229781,28.885306,29.204452
2019-03-14T15:30:00Z,29.260176,29.351361,29.204452,29.305769
2019-03-14T16:30:00Z,29.310835,29.381756,29.143662,29.153794
2019-03-14T17:30:00Z,29.1158,29.204452,28.890371,28.910635
2019-03-14T18:30:00Z,28.905569,28.986622,28.88024,28.951161
2019-03-14T19:30:00Z,28.951161,29.042346,28.905569,28.925832
2019-03-15T13:30:00Z,29.37669,29.984589,29.346295,29.670508
2019-03-15T14:30:00Z,29.670508,29.873141,29.670508,29.873141
2019-03-15T15:30:00Z,29.863009,30.27334,29.863009,30.27334
2019-03-15T16:30:00Z,30.27334,30.288538,29.997253,30.014984
2019-03-15T17:30:00Z,29.984589,30.121366,29.959259,30.060576
2019-03-15T18:30:00Z,30.050444,30.465841,30.035247,30.460776
2019-03-15T19:30:00Z,30.465841,30.526631,30.397453,30.488638
2019-03-18T13:30:00Z,30.562092,30.95216,30.562092,30.835646
2019-03-18T14:30:00Z,30.871107,30.876173,30.313867,30.313867
2019-03-18T15:30:00Z,30.323999,30.572224,30.323999,30.369591
2019-03-18T16:30:00Z,30.318933,30.460776,30.263209,30.460776
2019-03-18T17:30:00Z,30.405052,30.57729,30.405052,30.546895
2019-03-18T18:30:00Z,30.55196,30.719132,30.55196,30.714067
2019-03-18T19:30:00Z,30.73433,30.810317,30.587421,30.643145
2019-03-19T13:30:00Z,30.73433,30.850844,30.582355,30.658343
2019-03-19T14:30:00Z,30.67354,30.724198,30.567158,30.658343
2019-03-19T15:30:00Z,30.633014,30.678606,30.617816,30.638079
2019-03-19T16:30:00Z,30.638079,30.653277,30.557026,30.633014
2019-03-19T17:30:00Z,30.638079,30.683672,30.622882,30.648211
2019-03-19T18:30:00Z,30.648211,30.693803,30.648211,30.663408
2019-03-19T19:30:00Z,30.658343,30.67354,30.587421,30.597553
2019-03-20T13:30:00Z,30.060576,30.278406,30.060576,30.278406
2019-03-20T14:30:00Z,30.323999,30.405052,30.166958,30.389854
2019-03-20T15:30:00Z,30.415183,30.415183,30.227748,30.329064
2019-03-20T16:30:00Z,30.344262,30.364525,30.293604,30.359459
2019-03-20T17:30:00Z,30.344262,30.475973,30.182156,30.430381
2019-03-20T18:30:00Z,30.450644,30.486105,30.293604,30.359459
2019-03-20T19:30:00Z,30.354393,30.354393,30.17709,30.192287
2019-03-21T13:30:00Z,30.166958,30.688738,30.166958,30.688738
2019-03-21T14:30:00Z,30.638079,30.73433,30.602619,30.617816
2019-03-21T15:30:00Z,30.648211,30.759659,30.57729,30.627948
2019-03-21T16:30:00Z,30.57729,30.703935,30.57729,30.653277
2019-03-21T17:30:00Z,30.643145,30.709001,30.567158,30.709001
2019-03-21T18:30:00Z,30.709001,30.815383,30.709001,30.790054
2019-03-21T19:30:00Z,30.769791,30.866041,30.73433,30.759659
2019-03-22T13:30:00Z,30.242945,30.967358,30.242945,30.617816
2019-03-22T14:30:00Z,30.643145,30.653277,30.420249,30.491171
2019-03-22T15:30:00Z,30.521565,30.67354,30.303735,30.329064
2019-03-22T16:30:00Z,30.308801,30.354393,30.227748,30.232814
2019-03-22T17:30:00Z,30.253077,30.303735,30.242945,30.248011
2019-03-22T18:30:00Z,30.258143,30.308801,30.192287,30.278406
2019-03-22T19:30:00Z,30.263209,30.283472,30.156826,30.156826
2019-03-25T13:30:00Z,30.096037,30.096037,29.460276,29.543862
2019-03-25T14:30:00Z,29.538796,29.589455,29.417217,29.513467
2019-03-25T15:30:00Z,29.467875,29.467875,29.184189,29.239913
2019-03-25T16:30:00Z,29.21965,29.21965,29.062609,29.062609
2019-03-25T17:30:00Z,29.077807,29.138597,28.966359,29.047412
2019-03-25T18:30:00Z,29.057544,29.072741,28.961293,29.027149
2019-03-25T19:30:00Z,29.017017,29.093004,29.00182,29.022083
2019-03-26T13:30:00Z,29.37669,29.59452,29.326032,29.361493
2019-03-26T14:30:00Z,29.341229,29.45521,29.093004,29.43748
2019-03-26T15:30:00Z,29.452677,29.597053,29.37669,29.546395
2019-03-26T16:30:00Z,29.564126,29.59452,29.462809,29.467875
2019-03-26T17:30:00Z,29.493204,29.584389,29.422283,29.538796
2019-03-26T18:30:00Z,29.528665,29.741429,29.521066,29.683172
2019-03-26T19:30:00Z,29.678106,29.873141,29.645179,29.847811
2019-03-27T13:30:00Z,30.141629,30.217616,29.604652,29.736363
2019-03-27T14:30:00Z,29.685705,29.685705,29.285505,29.285505
2019-03-27T15:30:00Z,29.224716,29.229781,29.128465,29.199386
2019-03-27T16:30:00Z,29.224716,29.252578,29.09807,29.143662
2019-03-27T17:30:00Z,29.15886,29.204452,29.09807,29.204452
2019-03-27T18:30:00Z,29.244979,29.244979,29.138597,29.229781
2019-03-27T19:30:00Z,29.21965,29.239913,29.103136,29.133531
2019-03-28T13:30:00Z,29.209518,29.3159,29.022083,29.022083
2019-03-28T14:30:00Z,29.047412,29.093004,28.905569,29.027149
2019-03-28T15:30:00Z,29.022083,29.15886,29.022083,29.047412
2019-03-28T16:30:00Z,29.042346,29.047412,28.905569,28.94103
2019-03-28T17:30:00Z,28.981556,28.981556,28.895437,28.913168
2019-03-28T18:30:00Z,28.915701,28.915701,28.728265,28.865042
2019-03-28T19:30:00Z,28.844779,28.885306,28.776391,28.849845
2019-03-29T13:30:00Z,29.042346,29.25511,29.011951,29.234847
2019-03-29T14:30:00Z,29.275374,29.300703,29.113268,29.138597
2019-03-29T15:30:00Z,29.174057,29.310835,29.118333,29.123399
2019-03-29T16:30:00Z,29.108202,29.447612,29.108202,29.432414
2019-03-29T17:30:00Z,29.467875,29.670508,29.467875,29.65531
2019-03-29T18:30:00Z,29.670508,29.781956,29.564126,29.564126
2019-03-29T19:30:00Z,29.533731,29.736363,29.533731,29.685705
2019-04-01T14:30:00+01:00,30.278406,30.475973,30.151761,30.374657
2019-04-01T15:30:00+01:00,30.435447,30.557026,30.389854,30.557026
2019-04-01T16:30:00+01:00,30.45571,30.511434,30.450644,30.501302
2019-04-01T17:30:00+01:00,30.470907,30.496236,30.349328,30.45571
2019-04-01T18:30:00+01:00,30.440512,30.5165,30.440512,30.481039
2019-04-01T19:30:00+01:00,30.445578,30.486105,30.440512,30.45571
2019-04-01T20:30:00+01:00,30.45571,30.617816,30.445578,30.617816
2019-04-02T14:30:00+01:00,30.475973,30.541829,30.389854,30.389854
2019-04-02T15:30:00+01:00,30.354393,30.405052,30.278406,30.405052
2019-04-02T16:30:00+01:00,30.425315,30.506368,30.425315,30.475973
2019-04-02T17:30:00+01:00,30.526631,30.653277,30.501302,30.653277
2019-04-02T18:30:00+01:00,30.653277,30.714067,30.638079,30.703935
2019-04-02T19:30:00+01:00,30.754593,30.860975,30.744462,30.845778
2019-04-02T20:30:00+01:00,30.845778,31.053477,30.830581,31.033213
2019-04-03T14:30:00+01:00,31.129464,31.139596,30.739396,30.936963
2019-04-03T15:30:00+01:00,30.840712,30.977489,30.805251,30.805251
2019-04-03T16:30:00+01:00,30.805251,30.911634,30.805251,30.886305
2019-04-03T17:30:00+01:00,30.871107,31.023082,30.850844,31.023082
2019-04-03T18:30:00+01:00,31.002818,31.002818,30.936963,30.936963
2019-04-03T19:30:00+01:00,30.921765,31.007884,30.906568,31.007884
2019-04-03T20:30:00+01:00,31.028148,31.225714,30.977489,31.225714
2019-04-04T14:30:00+01:00,31.159859,31.159859,30.658343,30.67354
2019-04-04T15:30:00+01:00,30.658343,30.719132,30.399986,30.425315
2019-04-04T16:30:00+01:00,30.415183,30.481039,30.227748,30.227748
2019-04-04T17:30:00+01:00,30.172024,30.313867,30.004852,30.288538
2019-04-04T18:30:00+01:00,30.293604,30.572224,30.293604,30.508901
2019-04-04T19:30:00+01:00,30.5165,30.627948,30.5165,30.546895
2019-04-04T20:30:00+01:00,30.546895,30.61275,30.546895,30.567158
2019-04-05T14:30:00+01:00,30.622882,31.306768,30.622882,31.306768
2019-04-05T15:30:00+01:00,31.306768,31.438479,31.200385,31.235846
2019-04-05T16:30:00+01:00,31.266241,31.281439,31.129464,31.281439
2019-04-05T17:30:00+01:00,31.245978,31.347294,31.240912,31.321965
2019-04-05T18:30:00+01:00,31.337163,31.41315,31.321965,31.372623
2019-04-05T19:30:00+01:00,31.377689,31.577789,31.367557,31.57019
2019-04-05T20:30:00+01:00,31.554993,31.554993,31.372623,31.514466
2019-04-08T14:30:00+01:00,31.266241,31.651243,31.164925,31.463808
2019-04-08T15:30:00+01:00,31.504335,31.595519,31.387821,31.489137
2019-04-08T16:30:00+01:00,31.560059,31.600585,31.458742,31.484071
2019-04-08T17:30:00+01:00,31.544861,31.610717,31.544861,31.610717
2019-04-08T18:30:00+01:00,31.565124,31.646178,31.534729,31.534729
2019-04-08T19:30:00+01:00,31.539795,31.681638,31.529664,31.620848
2019-04-08T20:30:00+01:00,31.625914,31.742428,31.575256,31.633513
2019-04-09T14:30:00+01:00,31.590454,31.590454,31.088937,31.225714
2019-04-09T15:30:00+01:00,31.240912,31.367557,31.19532,31.306768
2019-04-09T16:30:00+01:00,31.332097,31.539795,31.29157,31.539795
2019-04-09T17:30:00+01:00,31.560059,31.565124,31.294103,31.423281
2019-04-09T18:30:00+01:00,31.397952,31.423281,31.266241,31.276373
2019-04-09T19:30:00+01:00,31.256109,31.281439,31.19532,31.251044
2019-04-09T20:30:00+01:00,31.162392,31.271307,31.162392,31.261175
2019-04-10T14:30:00+01:00,31.382755,31.539795,31.321965,31.539795
2019-04-10T15:30:00+01:00,31.572723,32.081838,31.572723,31.934929
2019-04-10T16:30:00+01:00,31.919732,32.041312,31.9096,31.960258
2019-04-10T17:30:00+01:00,31.955193,32.097036,31.950127,31.980522
2019-04-10T18:30:00+01:00,31.9096,32.09197,31.896936,32.051443
2019-04-10T19:30:00+01:00,32.056509,32.226214,32.026114,32.218615
2019-04-10T20:30:00+01:00,32.198352,32.203418,31.995719,32.081838
2019-04-11T14:30:00+01:00,32.254076,32.254076,31.81335,32.198352
2019-04-11T15:30:00+01:00,32.203418,32.203418,32.051443,32.076772
2019-04-11T16:30:00+01:00,32.167957,32.203418,32.061575,32.061575
2019-04-11T17:30:00+01:00,32.059042,32.137562,32.038779,32.137562
2019-04-11T18:30:00+01:00,32.12743,32.18822,32.122365,32.12743
2019-04-11T19:30:00+01:00,32.15276,32.264208,32.137562,32.18822
2019-04-11T20:30:00+01:00,32.18822,32.355392,32.18822,32.29207
2019-04-12T14:30:00+01:00,32.426314,32.704934,32.142628,32.639078
2019-04-12T15:30:00+01:00,32.613749,32.623881,32.18822,32.208484
2019-04-12T16:30:00+01:00,32.279405,32.365524,32.24901,32.274339
2019-04-12T17:30:00+01:00,32.18822,32.18822,32.097036,32.097036
2019-04-12T18:30:00+01:00,32.09197,32.137562,32.03118,32.117299
2019-04-12T19:30:00+01:00,32.122365,32.228747,32.112233,32.124898
2019-04-12T20:30:00+01:00,32.124898,32.162891,32.09197,32.162891
2019-04-15T14:30:00+01:00,32.276872,32.360458,32.041312,32.18822
2019-04-15T15:30:00+01:00,32.112233,32.18822,32.021048,32.167957
2019-04-15T16:30:00+01:00,32.107167,32.24901,32.107167,32.228747
2019-04-15T17:30:00+01:00,32.203418,32.299668,32.203418,32.294602
2019-04-15T18:30:00+01:00,32.304734,32.360458,32.284471,32.294602
2019-04-15T19:30:00+01:00,32.324997,32.400985,32.319932,32.345261
2019-04-15T20:30:00+01:00,32.355392,32.385787,32.314866,32.330063
2019-04-16T14:30:00+01:00,32.563091,32.563091,32.406051,32.436445
2019-04-16T15:30:00+01:00,32.46684,32.512433,32.304734,32.304734
2019-04-16T16:30:00+01:00,32.254076,32.319932,32.233813,32.24901
2019-04-16T17:30:00+01:00,32.228747,32.233813,32.066641,32.066641
2019-04-16T18:30:00+01:00,32.107167,32.18822,31.874139,32.03118
2019-04-16T19:30:00+01:00,32.000785,32.086904,31.914666,31.914666
2019-04-16T20:30:00+01:00,31.838679,31.914666,31.757626,31.84881
2019-04-17T14:30:00+01:00,32.046377,32.046377,31.69177,32.036246
2019-04-17T15:30:00+01:00,31.985587,31.985587,31.772823,31.808284
2019-04-17T16:30:00+01:00,31.84881,31.899469,31.793086,31.884271
2019-04-17T17:30:00+01:00,31.828547,31.874139,31.828547,31.833613
2019-04-17T18:30:00+01:00,31.84881,31.853876,31.737362,31.757626
2019-04-17T19:30:00+01:00,31.75256,31.843745,31.737362,31.742428
2019-04-17T20:30:00+01:00,31.798152,31.838679,31.75256,31.780422
2019-04-18T14:30:00+01:00,31.782955,31.899469,31.504335,31.539795
2019-04-18T15:30:00+01:00,31.560059,31.560059,31.392887,31.524598
2019-04-18T16:30:00+01:00,31.524598,31.732296,31.524598,31.600585
2019-04-18T17:30:00+01:00,31.620848,31.853876,31.620848,31.790553
2019-04-18T18:30:00+01:00,31.823481,31.838679,31.757626,31.838679
2019-04-18T19:30:00+01:00,31.777889,31.84881,31.777889,31.808284
2019-04-18T20:30:00+01:00,31.798152,31.833613,31.767757,31.826014
2019-04-22T14:30:00+01:00,31.75256,31.899469,31.696836,31.696836
2019-04-22T15:30:00+01:00,31.843745,31.864008,31.712033,31.823481
2019-04-22T16:30:00+01:00,31.838679,31.869074,31.808284,31.851343
2019-04-22T17:30:00+01:00,31.853876,31.879205,31.777889,31.777889
2019-04-22T18:30:00+01:00,31.75256,31.833613,31.712033,31.823481
2019-04-22T19:30:00+01:00,31.793086,31.869074,31.788021,31.869074
2019-04-22T20:30:00+01:00,31.874139,32.015982,31.874139,32.015982
2019-04-23T14:30:00+01:00,32.015982,32.411116,31.990653,32.411116
2019-04-23T15:30:00+01:00,32.340195,32.357925,32.243944,32.357925
2019-04-23T16:30:00+01:00,32.400985,32.421248,32.350327,32.37059
2019-04-23T17:30:00+01:00,32.37059,32.664407,32.37059,32.664407
2019-04-23T18:30:00+01:00,32.674539,33.003817,32.674539,33.003817
2019-04-23T19:30:00+01:00,32.922764,33.034212,32.882238,32.912633
2019-04-23T20:30:00+01:00,32.917698,32.963291,32.785987,32.937962
2019-04-24T14:30:00+01:00,32.907567,33.095002,32.907567,33.059541
2019-04-24T15:30:00+01:00,33.074739,33.343227,33.074739,33.338161
2019-04-24T16:30:00+01:00,33.287503,33.353359,33.221648,33.333096
2019-04-24T17:30:00+01:00,33.353359,33.454675,33.353359,33.444544
2019-04-24T18:30:00+01:00,33.393885,33.469873,33.378688,33.414149
2019-04-24T19:30:00+01:00,33.42428,33.515465,33.42428,33.515465
2019-04-24T20:30:00+01:00,33.550926,33.566123,33.459741,33.561058
2019-04-25T14:30:00+01:00,33.525597,33.865007,33.358425,33.363491
2019-04-25T15:30:00+01:00,33.26724,33.454675,33.26724,33.322964
2019-04-25T16:30:00+01:00,33.343227,33.621847,33.320431,33.525597
2019-04-25T17:30:00+01:00,33.515465,33.829546,33.515465,33.829546
2019-04-25T18:30:00+01:00,33.88527,33.920731,33.88527,33.920731
2019-04-25T19:30:00+01:00,33.925797,33.996718,33.915665,33.994185
2019-04-25T20:30:00+01:00,33.981521,33.991652,33.890336,33.94606
2019-04-26T14:30:00+01:00,33.434412,33.687703,33.383754,33.38882
2019-04-26T15:30:00+01:00,33.398951,33.581321,33.398951,33.520531
2019-04-26T16:30:00+01:00,33.581321,33.616782,33.490136,33.525597
2019-04-26T17:30:00+01:00,33.535728,33.561058,33.426813,33.426813
2019-04-26T18:30:00+01:00,33.444544,33.449609,33.06714,33.077272
2019-04-26T19:30:00+01:00,33.013949,33.077272,32.821448,33.051943
2019-04-26T20:30:00+01:00,33.051943,33.122864,33.051943,33.1102
2019-04-29T14:30:00+01:00,33.191253,33.191253,32.953159,33.130463
2019-04-29T15:30:00+01:00,33.089936,33.241911,33.089936,33.160858
2019-04-29T16:30:00+01:00,33.165924,33.231779,33.140594,33.186187
2019-04-29T17:30:00+01:00,33.160858,33.262174,33.14566,33.262174
2019-04-29T18:30:00+01:00,33.272306,33.302701,33.236845,33.241911
2019-04-29T19:30:00+01:00,33.221648,33.226713,33.097535,33.097535
2019-04-29T20:30:00+01:00,33.074739,33.211516,33.074739,33.211516
2019-04-30T14:30:00+01:00,33.353359,33.900467,33.353359,33.662374
2019-04-30T15:30:00+01:00,33.642111,33.768756,33.505333,33.707966
2019-04-30T16:30:00+01:00,33.631979,33.809283,33.631979,33.799151
2019-04-30T17:30:00+01:00,33.849809,34.153758,33.829546,33.976455
2019-04-30T18:30:00+01:00,33.981521,34.148693,33.905533,33.905533
2019-04-30T19:30:00+01:00,33.971389,34.133495,33.935928,34.087903
2019-04-30T20:30:00+01:00,34.087903,34.153758,34.077771,34.153758
2019-05-01T14:30:00+01:00,34.34626,34.792052,34.204417,34.761657
2019-05-01T15:30:00+01:00,34.792052,35.014948,34.68567,35.014948
2019-05-01T16:30:00+01:00,35.014948,35.025079,34.898434,35.025079
2019-05-01T17:30:00+01:00,34.938961,35.025079,34.852842,34.878171
2019-05-01T18:30:00+01:00,34.776854,34.979487,34.776854,34.96429
2019-05-01T19:30:00+01:00,34.984553,34.99975,34.827513,34.938961
2019-05-01T20:30:00+01:00,34.913631,34.933895,34.690735,34.746459
2019-05-02T14:30:00+01:00,34.72113,34.898434,34.599551,34.832578
2019-05-02T15:30:00+01:00,34.817381,34.832578,34.467839,34.467839
2019-05-02T16:30:00+01:00,34.488103,34.518497,33.692769,33.748493
2019-05-02T17:30:00+01:00,33.794085,34.255075,33.794085,34.255075
2019-05-02T18:30:00+01:00,34.257608,34.422247,34.219614,34.255075
2019-05-02T19:30:00+01:00,34.229746,34.391852,34.229746,34.366523
2019-05-02T20:30:00+01:00,34.386786,34.493168,34.38172,34.493168
2019-05-03T14:30:00+01:00,35.080804,35.080804,34.695801,34.716064
2019-05-03T15:30:00+01:00,34.716064,34.72113,34.675538,34.675538
2019-05-03T16:30:00+01:00,34.771788,34.771788,34.665406,34.700867
2019-05-03T17:30:00+01:00,34.705933,34.857907,34.700867,34.857907
2019-05-03T18:30:00+01:00,34.9035,34.944026,34.710999,34.710999
2019-05-03T19:30:00+01:00,34.72113,34.807249,34.700867,34.716064
2019-05-03T20:30:00+01:00,34.710999,34.771788,34.710999,34.771788
2019-05-06T14:30:00+01:00,34.077771,34.447576,34.077771,34.422247
2019-05-06T15:30:00+01:00,34.432379,34.650209,34.432379,34.462773
2019-05-06T16:30:00+01:00,34.488103,34.569156,34.305733,34.305733
2019-05-06T17:30:00+01:00,34.280404,34.32093,34.229746,34.265206
2019-05-06T18:30:00+01:00,34.310799,34.5033,34.265206,34.493168
2019-05-06T19:30:00+01:00,34.483037,34.66034,34.483037,34.548892
2019-05-06T20:30:00+01:00,34.528629,34.569156,34.488103,34.533695
2019-05-07T14:30:00+01:00,34.260141,34.518497,34.260141,34.432379
2019-05-07T15:30:00+01:00,34.447576,34.447576,33.895402,33.971389
2019-05-07T16:30:00+01:00,34.032179,34.209482,33.956191,34.209482
2019-05-07T17:30:00+01:00,34.214548,34.214548,33.758624,33.758624
2019-05-07T18:30:00+01:00,33.809283,33.875138,33.682637,33.692769
2019-05-07T19:30:00+01:00,33.677571,33.859941,33.581321,33.844743
2019-05-07T20:30:00+01:00,33.814349,34.209482,33.814349,34.194285
2019-05-08T14:30:00+01:00,33.961257,34.00685,33.854875,33.854875
2019-05-08T15:30:00+01:00,33.854875,34.072705,33.692769,34.022047
2019-05-08T16:30:00+01:00,34.016981,34.016981,33.940994,33.999251
2019-05-08T17:30:00+01:00,34.037245,34.087903,34.022047,34.06764
2019-05-08T18:30:00+01:00,33.996718,34.032179,33.976455,33.976455
2019-05-08T19:30:00+01:00,34.04231,34.04231,33.961257,34.00685
2019-05-08T20:30:00+01:00,34.011915,34.011915,33.882737,33.986586
2019-05-09T14:30:00+01:00,33.439478,33.910599,33.26724,33.358425
2019-05-09T15:30:00+01:00,33.333096,33.60665,33.333096,33.581321
2019-05-09T16:30:00+01:00,33.459741,33.647176,33.459741,33.637045
2019-05-09T17:30:00+01:00,33.7029,33.961257,33.7029,33.854875
2019-05-09T18:30:00+01:00,33.940994,33.981521,33.900467,33.951126
2019-05-09T19:30:00+01:00,34.04231,34.04231,33.839678,33.930862
2019-05-09T20:30:00+01:00,33.991652,34.027113,33.935928,34.011915
2019-05-10T14:30:00+01:00,33.915665,34.133495,33.662374,33.799151
2019-05-10T15:30:00+01:00,33.786486,33.786486,33.434412,33.510399
2019-05-10T16:30:00+01:00,33.277372,33.60665,33.257108,33.60665
2019-05-10T17:30:00+01:00,33.738361,33.799151,33.647176,33.76369
2019-05-10T18:30:00+01:00,33.844743,33.991652,33.844743,33.844743
2019-05-10T19:30:00+01:00,33.966323,34.062574,33.930862,34.062574
2019-05-10T20:30:00+01:00,34.072705,34.072705,33.976455,34.072705
2019-05-13T14:30:00+01:00,33.064607,33.08487,32.623881,32.796119
2019-05-13T15:30:00+01:00,32.74546,32.912633,32.74546,32.831579
2019-05-13T16:30:00+01:00,32.811316,32.846777,32.699868,32.715066
2019-05-13T17:30:00+01:00,32.64921,32.64921,32.355392,32.355392
2019-05-13T18:30:00+01:00,32.330063,32.547894,32.330063,32.517499
2019-05-13T19:30:00+01:00,32.552959,32.669473,32.552959,32.628947
2019-05-13T20:30:00+01:00,32.46684,32.46684,32.269273,32.406051
2019-05-14T14:30:00+01:00,32.760658,33.42428,32.760658,33.42428
2019-05-14T15:30:00+01:00,33.409083,33.652242,33.358425,33.652242
2019-05-14T16:30:00+01:00,33.520531,33.596518,33.434412,33.434412
2019-05-14T17:30:00+01:00,33.419215,33.576255,33.419215,33.48507
2019-05-14T18:30:00+01:00,33.46734,33.758624,33.46734,33.753559
2019-05-14T19:30:00+01:00,33.74596,33.766223,33.621847,33.66744
2019-05-14T20:30:00+01:00,33.601584,33.601584,33.426813,33.454675
2019-05-15T14:30:00+01:00,33.373622,33.966323,33.373622,33.966323
2019-05-15T15:30:00+01:00,33.981521,34.300667,33.94606,34.300667
2019-05-15T16:30:00+01:00,34.341194,34.371589,34.315865,34.315865
2019-05-15T17:30:00+01:00,34.32093,34.447576,34.32093,34.427313
2019-05-15T18:30:00+01:00,34.417181,34.569156,34.417181,34.569156
2019-05-15T19:30:00+01:00,34.528629,34.528629,34.417181,34.437444
2019-05-15T20:30:00+01:00,34.376655,34.396918,34.179088,34.396918
2019-05-16T14:30:00+01:00,34.477971,34.969355,34.422247,34.893368
2019-05-16T15:30:00+01:00,34.9035,35.369555,34.868039,35.313831
2019-05-16T16:30:00+01:00,35.308765,35.475937,35.308765,35.425279
2019-05-16T17:30:00+01:00,35.405016,35.536727,35.369555,35.405016
2019-05-16T18:30:00+01:00,35.389819,35.389819,35.3037,35.33916
2019-05-16T19:30:00+01:00,35.263173,35.293568,35.222646,35.293568
2019-05-16T20:30:00+01:00,35.288502,35.359424,35.171988,35.359424
2019-05-17T14:30:00+01:00,34.847776,35.379687,34.847776,35.359424
2019-05-17T15:30:00+01:00,35.308765,35.734294,35.212515,35.688702
2019-05-17T16:30:00+01:00,35.655774,35.655774,35.217581,35.27837
2019-05-17T17:30:00+01:00,35.323963,35.491135,35.3037,35.44301
2019-05-17T18:30:00+01:00,35.432878,35.432878,35.253041,35.3037
2019-05-17T19:30:00+01:00,35.356891,35.361957,35.151725,35.308765
2019-05-17T20:30:00+01:00,35.308765,35.308765,35.197317,35.197317
2019-05-20T14:30:00+01:00,34.746459,34.746459,34.04231,34.731262
2019-05-20T15:30:00+01:00,34.726196,34.746459,34.655275,34.680604
2019-05-20T16:30:00+01:00,34.72113,34.918697,34.72113,34.832578
2019-05-20T17:30:00+01:00,34.705933,34.705933,34.66034,34.66034
2019-05-20T18:30:00+01:00,34.670472,34.670472,34.472905,34.472905
2019-05-20T19:30:00+01:00,34.533695,34.533695,34.209482,34.331062
2019-05-20T20:30:00+01:00,34.315865,34.417181,34.315865,34.412115
2019-05-21T14:30:00+01:00,34.908566,35.207449,34.690735,35.207449
2019-05-21T15:30:00+01:00,35.298634,35.506332,35.161857,35.171988
2019-05-21T16:30:00+01:00,35.171988,35.177054,34.994685,35.12133
2019-05-21T17:30:00+01:00,35.136528,35.24291,35.12133,35.207449
2019-05-21T18:30:00+01:00,35.222646,35.293568,35.212515,35.212515
2019-05-21T19:30:00+01:00,35.207449,35.318897,35.207449,35.217581
2019-05-21T20:30:00+01:00,35.263173,35.263173,35.177054,35.258107
2019-05-22T14:30:00+01:00,35.592451,35.658307,35.187186,35.531661
2019-05-22T15:30:00+01:00,35.531661,35.531661,35.318897,35.318897
2019-05-22T16:30:00+01:00,35.329029,35.334095,35.217581,35.237844
2019-05-22T17:30:00+01:00,35.237844,35.24291,35.014948,35.040277
2019-05-22T18:30:00+01:00,35.171988,35.171988,35.035211,35.075738
2019-05-22T19:30:00+01:00,35.080804,35.080804,34.944026,35.030145
2019-05-22T20:30:00+01:00,35.009882,35.040277,34.786986,34.857907
2019-05-23T14:30:00+01:00,33.920731,33.940994,33.155792,33.226713
2019-05-23T15:30:00+01:00,33.211516,33.495202,33.186187,33.363491
2019-05-23T16:30:00+01:00,33.368556,33.429346,33.290036,33.353359
2019-05-23T17:30:00+01:00,33.383754,33.393885,33.034212,33.105134
2019-05-23T18:30:00+01:00,33.160858,33.191253,33.08487,33.150726
2019-05-23T19:30:00+01:00,33.176055,33.186187,32.735329,33.120331
2019-05-23T20:30:00+01:00,33.140594,33.20645,32.981021,33.201384
2019-05-24T14:30:00+01:00,33.839678,33.910599,33.429346,33.459741
2019-05-24T15:30:00+01:00,33.500268,33.520531,33.115265,33.434412
2019-05-24T16:30:00+01:00,33.480004,33.773822,33.474939,33.76369
2019-05-24T17:30:00+01:00,33.753559,33.809283,33.642111,33.713032
2019-05-24T18:30:00+01:00,33.778888,33.778888,33.561058,33.566123
2019-05-24T19:30:00+01:00,33.530663,33.576255,33.454675,33.561058
2019-05-24T20:30:00+01:00,33.520531,33.54586,33.414149,33.434412
2019-05-28T14:30:00+01:00,33.525597,34.290536,33.525597,34.057508
2019-05-28T15:30:00+01:00,33.966323,34.158824,33.880204,33.880204
2019-05-28T16:30:00+01:00,33.794085,33.940994,33.718098,33.854875
2019-05-28T17:30:00+01:00,33.966323,33.981521,33.60665,33.616782
2019-05-28T18:30:00+01:00,33.601584,33.758624,33.601584,33.637045
2019-05-28T19:30:00+01:00,33.626913,33.692769,33.490136,33.561058
2019-05-28T20:30:00+01:00,33.535728,33.657308,33.454675,33.642111
2019-05-29T14:30:00+01:00,33.322964,33.495202,33.125397,33.353359
2019-05-29T15:30:00+01:00,33.383754,33.393885,33.074739,33.14566
2019-05-29T16:30:00+01:00,33.130463,33.211516,32.811316,33.168456
2019-05-29T17:30:00+01:00,33.125397,33.302701,33.082338,33.292569
2019-05-29T18:30:00+01:00,33.322964,33.505333,33.287503,33.505333
2019-05-29T19:30:00+01:00,33.505333,33.515465,33.191253,33.42428
2019-05-29T20:30:00+01:00,33.404017,33.540794,33.393885,33.540794
2019-05-30T14:30:00+01:00,33.783954,34.077771,33.718098,33.991652
2019-05-30T15:30:00+01:00,34.027113,34.077771,33.900467,34.057508
2019-05-30T16:30:00+01:00,34.037245,34.057508,33.900467,33.930862
2019-05-30T17:30:00+01:00,33.900467,34.00685,33.738361,33.738361
2019-05-30T18:30:00+01:00,33.819414,33.870073,33.480004,33.520531
2019-05-30T19:30:00+01:00,33.525597,33.525597,33.277372,33.480004
2019-05-30T20:30:00+01:00,33.454675,33.662374,33.434412,33.621847
2019-05-31T14:30:00+01:00,30.896436,31.408084,29.03728,29.331098
2019-05-31T15:30:00+01:00,29.305769,30.232814,28.946095,30.156826
2019-05-31T16:30:00+01:00,30.166958,30.349328,30.068175,30.166958
2019-05-31T17:30:00+01:00,30.172024,30.714067,30.156826,30.67354
2019-05-31T18:30:00+01:00,30.688738,30.936963,30.17709,30.182156
2019-05-31T19:30:00+01:00,30.187221,30.491171,29.903535,29.908601
2019-05-31T20:30:00+01:00,29.928865,30.17709,29.852877,30.161892
2019-06-03T14:30:00+01:00,30.080839,30.080839,28.834647,28.956227
2019-06-03T15:30:00+01:00,28.971425,29.204452,28.783989,28.865042
2019-06-03T16:30:00+01:00,28.829582,28.930898,28.713068,28.718134
2019-06-03T17:30:00+01:00,28.708002,28.708002,28.507902,28.60162
2019-06-03T18:30:00+01:00,28.599087,28.849845,28.459777,28.621883
2019-06-03T19:30:00+01:00,28.632015,28.682673,28.181157,28.181157
2019-06-03T20:30:00+01:00,28.176091,28.320467,28.095038,28.277407
2019-06-04T14:30:00+01:00,28.895437,28.961293,28.353395,28.687739
2019-06-04T15:30:00+01:00,28.545896,28.966359,28.439513,28.966359
2019-06-04T16:30:00+01:00,28.961293,28.97649,28.621883,28.626949
2019-06-04T17:30:00+01:00,28.682673,29.009418,28.672541,28.738397
2019-06-04T18:30:00+01:00,28.743463,29.103136,28.743463,29.022083
2019-06-04T19:30:00+01:00,29.042346,29.179123,29.022083,29.168992
2019-06-04T20:30:00+01:00,29.153794,29.260176,29.067675,29.252578
2019-06-05T14:30:00+01:00,29.204452,29.21965,27.796154,27.796154
2019-06-05T15:30:00+01:00,27.755628,27.755628,27.279441,27.441547
2019-06-05T16:30:00+01:00,27.451679,27.466876,27.24398,27.355428
2019-06-05T17:30:00+01:00,27.325033,27.563127,27.238914,27.482074
2019-06-05T18:30:00+01:00,27.477008,27.664443,27.477008,27.532732
2019-06-05T19:30:00+01:00,27.532732,27.730299,27.532732,27.689772
2019-06-05T20:30:00+01:00,27.684706,27.730299,27.487139,27.64418
2019-06-06T14:30:00+01:00,27.824016,27.824016,26.924833,26.924833
2019-06-06T15:30:00+01:00,26.960294,26.960294,26.448646,26.853912
2019-06-06T16:30:00+01:00,26.884307,27.173058,26.823517,27.041347
2019-06-06T17:30:00+01:00,27.056545,27.294638,27.021084,27.188256
2019-06-06T18:30:00+01:00,27.198388,27.259177,26.448646,26.524634
2019-06-06T19:30:00+01:00,26.484107,27.031216,26.484107,27.031216
2019-06-06T20:30:00+01:00,27.021084,27.071742,26.924833,26.970426
2019-06-07T14:30:00+01:00,26.975492,27.274375,26.90457,27.152795
2019-06-07T15:30:00+01:00,27.173058,27.907602,27.173058,27.730299
2019-06-07T16:30:00+01:00,27.730299,27.9228,27.659377,27.684706
2019-06-07T17:30:00+01:00,27.689772,27.80122,27.588456,27.694838
2019-06-07T18:30:00+01:00,27.715101,27.74043,27.507403,27.527666
2019-06-07T19:30:00+01:00,27.507403,27.517534,27.319967,27.517534
2019-06-07T20:30:00+01:00,27.502337,27.593522,27.482074,27.502337
2019-06-10T14:30:00+01:00,27.912668,28.07984,27.669509,27.912668
2019-06-10T15:30:00+01:00,27.998787,28.069709,27.927866,28.029182
2019-06-10T16:30:00+01:00,28.034248,28.100104,27.846813,27.856944
2019-06-10T17:30:00+01:00,27.86201,27.937997,27.552995,27.552995
2019-06-10T18:30:00+01:00,27.573258,27.659377,27.395955,27.482074
2019-06-10T19:30:00+01:00,27.477008,27.532732,27.416218,27.421284
2019-06-10T20:30:00+01:00,27.416218,27.471942,27.378224,27.456744
2019-06-11T14:30:00+01:00,27.669509,27.74043,27.299704,27.699904
2019-06-11T15:30:00+01:00,27.791089,27.791089,27.492205,27.527666
2019-06-11T16:30:00+01:00,27.542863,27.558061,27.340231,27.345296
2019-06-11T17:30:00+01:00,27.36556,27.512468,27.360494,27.451679
2019-06-11T18:30:00+01:00,27.421284,27.634048,27.421284,27.466876
2019-06-11T19:30:00+01:00,27.502337,27.512468,27.370625,27.492205
2019-06-11T20:30:00+01:00,27.477008,27.568192,27.477008,27.497271
2019-06-12T14:30:00+01:00,27.502337,27.608719,27.152795,27.152795
2019-06-12T15:30:00+01:00,27.152795,27.355428,27.056545,27.127466
2019-06-12T16:30:00+01:00,27.102137,27.173058,27.02615,27.112269
2019-06-12T17:30:00+01:00,27.167993,27.287039,27.097071,27.102137
2019-06-12T18:30:00+01:00,27.107203,27.160394,27.081874,27.160394
2019-06-12T19:30:00+01:00,27.107203,27.18319,26.955228,26.96536
2019-06-12T20:30:00+01:00,26.962827,27.000821,26.828583,26.869109
2019-06-13T14:30:00+01:00,26.889373,27.127466,26.646213,27.000821
2019-06-13T15:30:00+01:00,26.955228,27.132532,26.955228,27.132532
2019-06-13T16:30:00+01:00,27.142664,27.350362,27.1224,27.30477
2019-06-13T17:30:00+01:00,27.066676,27.36556,27.066676,27.259177
2019-06-13T18:30:00+01:00,27.269309,27.350362,27.127466,27.142664
2019-06-13T19:30:00+01:00,27.142664,27.152795,26.929899,27.081874
2019-06-13T20:30:00+01:00,27.102137,27.314901,27.021084,27.274375
2019-06-14T14:30:00+01:00,26.767793,26.934965,26.519568,26.590489
2019-06-14T15:30:00+01:00,26.549963,26.549963,26.018052,26.205487
2019-06-14T16:30:00+01:00,26.235882,26.235882,25.94713,25.94713
2019-06-14T17:30:00+01:00,25.94713,25.94713,25.764761,25.820485
2019-06-14T18:30:00+01:00,25.850879,25.977525,25.739431,25.739431
2019-06-14T19:30:00+01:00,25.7293,25.967393,25.7293,25.962327
2019-06-14T20:30:00+01:00,25.962327,26.081374,25.962327,26.043381
2019-06-17T14:30:00+01:00,26.094039,26.099105,25.633049,25.815419
2019-06-17T15:30:00+01:00,25.744497,26.139631,25.744497,26.096572
2019-06-17T16:30:00+01:00,26.099105,26.099105,25.936998,25.957262
2019-06-17T17:30:00+01:00,25.926867,25.997788,25.855945,25.871143
2019-06-17T18:30:00+01:00,25.906603,26.038315,25.906603,26.00792
2019-06-17T19:30:00+01:00,25.967393,25.967393,25.845814,25.876209
2019-06-17T20:30:00+01:00,25.845814,25.88634,25.658378,25.658378
2019-06-18T14:30:00+01:00,25.891406,26.301737,25.820485,26.301737
2019-06-18T15:30:00+01:00,26.261211,26.661411,26.246013,26.560094
2019-06-18T16:30:00+01:00,26.555028,26.555028,26.195355,26.205487
2019-06-18T17:30:00+01:00,26.22575,26.276408,26.134565,26.215618
2019-06-18T18:30:00+01:00,26.256145,26.397988,26.256145,26.322001
2019-06-18T19:30:00+01:00,26.397988,26.397988,26.170026,26.190289
2019-06-18T20:30:00+01:00,26.190289,26.200421,26.038315,26.048446
2019-06-19T14:30:00+01:00,26.134565,26.671542,26.134565,26.499304
2019-06-19T15:30:00+01:00,26.496772,26.74753,26.484107,26.74753
2019-06-19T16:30:00+01:00,26.78299,26.78299,26.524634,26.646213
2019-06-19T17:30:00+01:00,26.64368,26.68674,26.519568,26.539831
2019-06-19T18:30:00+01:00,26.641147,26.742464,26.529699,26.555028
2019-06-19T19:30:00+01:00,26.681674,26.970426,26.646213,26.960294
2019-06-19T20:30:00+01:00,26.919767,27.1224,26.894438,27.056545
2019-06-20T14:30:00+01:00,27.958261,28.343263,27.309836,27.421284
2019-06-20T15:30:00+01:00,27.411152,27.578324,27.284507,27.375691
2019-06-20T16:30:00+01:00,27.380757,27.380757,27.02615,27.18319
2019-06-20T17:30:00+01:00,27.208519,27.416218,27.157861,27.416218
2019-06-20T18:30:00+01:00,27.441547,27.46181,27.347829,27.385823
2019-06-20T19:30:00+01:00,27.36556,27.578324,27.355428,27.563127
2019-06-20T20:30:00+01:00,27.568192,27.639114,27.545396,27.568192
2019-06-21T14:30:00+01:00,27.456744,27.547929,27.112269,27.441547
2019-06-21T15:30:00+01:00,27.542863,27.542863,27.287039,27.330099
2019-06-21T16:30:00+01:00,27.350362,27.421284,27.254112,27.360494
2019-06-21T17:30:00+01:00,27.370625,27.512468,27.345296,27.512468
2019-06-21T18:30:00+01:00,27.537798,27.537798,27.395955,27.502337
2019-06-21T19:30:00+01:00,27.593522,27.639114,27.477008,27.477008
2019-06-21T20:30:00+01:00,27.487139,27.537798,27.294638,27.3225
2019-06-24T14:30:00+01:00,27.390889,27.436481,27.238914,27.395955
2019-06-24T15:30:00+01:00,27.395955,27.421284,26.884307,26.970426
2019-06-24T16:30:00+01:00,26.988156,27.188256,26.942564,27.097071
2019-06-24T17:30:00+01:00,27.1224,27.208519,26.929899,27.056545
2019-06-24T18:30:00+01:00,27.031216,27.066676,27.000821,27.066676
2019-06-24T19:30:00+01:00,27.071742,27.18319,27.056545,27.1224
2019-06-24T20:30:00+01:00,27.102137,27.152795,26.990689,26.990689
2019-06-25T14:30:00+01:00,26.96536,27.249046,26.894438,26.894438
2019-06-25T15:30:00+01:00,26.894438,26.894438,26.570226,26.666476
2019-06-25T16:30:00+01:00,26.641147,26.955228,26.595555,26.914702
2019-06-25T17:30:00+01:00,26.894438,26.894438,26.717135,26.828583
2019-06-25T18:30:00+01:00,26.833649,26.909636,26.767793,26.772859
2019-06-25T19:30:00+01:00,26.74753,26.767793,26.473975,26.555028
2019-06-25T20:30:00+01:00,26.555028,26.623417,26.494239,26.50437
2019-06-26T14:30:00+01:00,26.869109,27.173058,26.869109,27.117334
2019-06-26T15:30:00+01:00,27.132532,27.228782,27.056545,27.162927
2019-06-26T16:30:00+01:00,27.112269,27.127466,26.985623,27.000821
2019-06-26T17:30:00+01:00,27.06161,27.066676,26.975492,26.990689
2019-06-26T18:30:00+01:00,26.945097,26.96536,26.793122,26.803254
2019-06-26T19:30:00+01:00,26.772859,27.036281,26.772859,27.000821
2019-06-26T20:30:00+01:00,27.000821,27.046413,26.90457,27.010952
2019-06-27T14:30:00+01:00,26.509436,26.732332,25.698905,26.555028
2019-06-27T15:30:00+01:00,26.534765,26.760194,26.529699,26.696871
2019-06-27T16:30:00+01:00,26.696871,26.74753,26.580358,26.580358
2019-06-27T17:30:00+01:00,26.570226,26.590489,26.170026,26.322001
2019-06-27T18:30:00+01:00,26.342264,26.595555,26.342264,26.519568
2019-06-27T19:30:00+01:00,26.544897,26.590489,26.423317,26.458778
2019-06-27T20:30:00+01:00,26.46891,26.519568,26.377725,26.44358
2019-06-28T14:30:00+01:00,26.727266,26.727266,26.00792,26.083907
2019-06-28T15:30:00+01:00,26.063644,26.109236,25.840748,26.058578
2019-06-28T16:30:00+01:00,26.012986,26.170026,25.906603,26.088973
2019-06-28T17:30:00+01:00,26.073776,26.083907,25.861011,25.891406
2019-06-28T18:30:00+01:00,25.906603,26.018052,25.876209,25.906603
2019-06-28T19:30:00+01:00,25.901538,25.926867,25.66851,25.673576
2019-06-28T20:30:00+01:00,25.663444,25.962327,25.663444,25.779958
2019-07-01T14:30:00+01:00,26.448646,26.463844,26.06871,26.073776
2019-07-01T15:30:00+01:00,26.073776,26.16496,26.038315,26.109236
2019-07-01T16:30:00+01:00,26.119368,26.154829,26.06871,26.10417
2019-07-01T17:30:00+01:00,26.073776,26.099105,25.987657,26.012986
2019-07-01T18:30:00+01:00,26.00792,26.154829,26.00792,26.058578
2019-07-01T19:30:00+01:00,26.063644,26.088973,25.962327,26.058578
2019-07-01T20:30:00+01:00,26.063644,26.142164,25.997788,26.124434
2019-07-02T14:30:00+01:00,25.876209,26.028183,25.673576,25.906603
2019-07-02T15:30:00+01:00,25.987657,25.987657,25.871143,25.936998
2019-07-02T16:30:00+01:00,25.94713,25.94713,25.709037,25.810353
2019-07-02T17:30:00+01:00,25.82555,25.876209,25.805287,25.845814
2019-07-02T18:30:00+01:00,25.820485,25.997788,25.805287,25.881274
2019-07-02T19:30:00+01:00,25.881274,26.337198,25.840748,26.301737
2019-07-02T20:30:00+01:00,26.327067,26.438515,26.316935,26.428383
2019-07-03T14:30:00+01:00,26.240948,26.62595,26.048446,26.600621
2019-07-03T15:30:00+01:00,26.666476,26.813385,26.479041,26.479041
2019-07-03T16:30:00+01:00,26.473975,26.570226,26.352396,26.489173
2019-07-03T17:30:00+01:00,26.494239,26.762727,26.489173,26.752595
2019-07-05T14:30:00+01:00,26.352396,26.585423,26.261211,26.271343
2019-07-05T15:30:00+01:00,26.251079,26.332132,26.240948,26.281474
2019-07-05T16:30:00+01:00,26.327067,26.418251,26.322001,26.418251
2019-07-05T17:30:00+01:00,26.458778,26.580358,26.448646,26.580358
2019-07-05T18:30:00+01:00,26.610752,26.656345,26.544897,26.549963
2019-07-05T19:30:00+01:00,26.560094,26.656345,26.560094,26.560094
2019-07-05T20:30:00+01:00,26.555028,26.636082,26.458778,26.514502
2019-07-08T14:30:00+01:00,26.215618,26.34733,26.038315,26.261211
2019-07-08T15:30:00+01:00,26.210553,26.327067,26.012986,26.023117
2019-07-08T16:30:00+01:00,26.063644,26.078841,25.944597,25.967393
2019-07-08T17:30:00+01:00,25.962327,25.982591,25.911669,25.916735
2019-07-08T18:30:00+01:00,25.926867,26.10417,25.916735,25.94713
2019-07-08T19:30:00+01:00,25.94713,25.997788,25.840748,25.871143
2019-07-08T20:30:00+01:00,25.866077,25.992722,25.861011,25.972459
2019-07-09T14:30:00+01:00,25.911669,25.911669,25.709037,25.709037
2019-07-09T15:30:00+01:00,25.673576,25.942064,25.653312,25.901538
2019-07-09T16:30:00+01:00,25.921801,25.992722,25.774892,25.871143
2019-07-09T17:30:00+01:00,25.906603,25.906603,25.805287,25.82555
2019-07-09T18:30:00+01:00,25.823017,25.901538,25.805287,25.866077
2019-07-09T19:30:00+01:00,25.871143,25.881274,25.779958,25.835682
2019-07-09T20:30:00+01:00,25.830616,25.896472,25.795155,25.881274
2019-07-10T14:30:00+01:00,26.139631,26.848846,26.094039,26.448646
2019-07-10T15:30:00+01:00,26.448646,26.537298,25.906603,26.144697
2019-07-10T16:30:00+01:00,26.124434,26.446113,26.124434,26.367593
2019-07-10T17:30:00+01:00,26.375192,26.40812,26.311869,26.367593
2019-07-10T18:30:00+01:00,26.362527,26.372659,26.311869,26.329599
2019-07-10T19:30:00+01:00,26.329599,26.375192,26.316935,26.36506
2019-07-10T20:30:00+01:00,26.362527,26.479041,26.362527,26.479041
2019-07-11T14:30:00+01:00,26.44358,26.681674,26.438515,26.62595
2019-07-11T15:30:00+01:00,26.580358,26.848846,26.570226,26.798188
2019-07-11T16:30:00+01:00,26.798188,26.90457,26.777925,26.838714
2019-07-11T17:30:00+01:00,26.828583,26.889373,26.828583,26.84378
2019-07-11T18:30:00+01:00,26.838714,26.874175,26.833649,26.869109
2019-07-11T19:30:00+01:00,26.998288,26.998288,26.78299,26.848846
2019-07-11T20:30:00+01:00,26.853912,27.081874,26.853912,27.081874
2019-07-12T14:30:00+01:00,27.274375,27.466876,26.975492,27.147729
2019-07-12T15:30:00+01:00,27.152795,27.512468,27.117334,27.451679
2019-07-12T16:30:00+01:00,27.40102,27.40102,27.112269,27.1224
2019-07-12T17:30:00+01:00,27.132532,27.228782,27.112269,27.228782
2019-07-12T18:30:00+01:00,27.208519,27.325033,27.178124,27.325033
2019-07-12T19:30:00+01:00,27.330099,27.350362,27.137598,27.137598
2019-07-12T20:30:00+01:00,27.173058,27.238914,27.132532,27.238914
2019-07-15T14:30:00+01:00,27.355428,27.628982,27.355428,27.487139
2019-07-15T15:30:00+01:00,27.502337,27.628982,27.411152,27.456744
2019-07-15T16:30:00+01:00,27.40102,27.654311,27.40102,27.603653
2019-07-15T17:30:00+01:00,27.593522,27.70497,27.58339,27.669509
2019-07-15T18:30:00+01:00,27.659377,27.674575,27.537798,27.547929
2019-07-15T19:30:00+01:00,27.568192,27.811352,27.532732,27.811352
2019-07-15T20:30:00+01:00,27.811352,27.98359,27.811352,27.943063
2019-07-16T14:30:00+01:00,28.115301,28.870108,27.978524,28.586422
2019-07-16T15:30:00+01:00,28.576291,28.611751,28.378724,28.429382
2019-07-16T16:30:00+01:00,28.444579,28.490172,28.236881,28.312868
2019-07-16T17:30:00+01:00,28.302736,28.571225,28.287539,28.510435
2019-07-16T18:30:00+01:00,28.500303,28.530698,28.404053,28.490172
2019-07-16T19:30:00+01:00,28.495238,28.500303,28.312868,28.343263
2019-07-16T20:30:00+01:00,28.35846,28.464843,28.333131,28.416717
2019-07-17T14:30:00+01:00,28.302736,28.302736,28.074774,28.089972
2019-07-17T15:30:00+01:00,28.074774,28.302736,28.049445,28.241946
2019-07-17T16:30:00+01:00,28.257144,28.459777,28.257144,28.424316
2019-07-17T17:30:00+01:00,28.444579,28.469908,28.333131,28.333131
2019-07-17T18:30:00+01:00,28.378724,28.414184,28.373658,28.393921
2019-07-17T19:30:00+01:00,28.398987,28.561093,28.398987,28.556027
2019-07-17T20:30:00+01:00,28.566159,28.632015,28.566159,28.626949
2019-07-18T14:30:00+01:00,28.317934,28.849845,28.317934,28.748529
2019-07-18T15:30:00+01:00,28.733331,28.743463,28.571225,28.632015
2019-07-18T16:30:00+01:00,28.66241,28.839713,28.520567,28.824516
2019-07-18T17:30:00+01:00,28.81945,28.859977,28.768792,28.789055
2019-07-18T18:30:00+01:00,28.81945,29.143662,28.81945,29.133531
2019-07-18T19:30:00+01:00,29.133531,29.25511,29.103136,29.128465
2019-07-18T20:30:00+01:00,29.103136,29.189255,29.022083,29.067675
2019-07-19T14:30:00+01:00,29.341229,29.964325,29.275374,29.944062
2019-07-19T15:30:00+01:00,29.863009,29.888338,29.584389,29.584389
2019-07-19T16:30:00+01:00,29.495737,29.543862,29.391888,29.457743
2019-07-19T17:30:00+01:00,29.442546,29.680639,29.442546,29.49827
2019-07-19T18:30:00+01:00,29.447612,29.447612,29.153794,29.168992
2019-07-19T19:30:00+01:00,29.168992,29.168992,28.854911,28.930898
2019-07-19T20:30:00+01:00,28.94103,28.979023,28.677607,28.778923
2019-07-22T14:30:00+01:00,28.94103,29.042346,28.733331,28.733331
2019-07-22T15:30:00+01:00,28.895437,28.925832,28.778923,28.890371
2019-07-22T16:30:00+01:00,28.981556,29.03728,28.905569,28.996754
2019-07-22T17:30:00+01:00,28.97649,28.981556,28.854911,28.859977
2019-07-22T18:30:00+01:00,28.890371,28.890371,28.66241,28.672541
2019-07-22T19:30:00+01:00,28.652278,28.708002,28.60162,28.69787
2019-07-22T20:30:00+01:00,28.647212,28.692804,28.571225,28.591488
2019-07-23T14:30:00+01:00,28.363526,28.363526,27.74043,27.791089
2019-07-23T15:30:00+01:00,27.791089,28.054511,27.791089,27.907602
2019-07-23T16:30:00+01:00,27.831615,27.831615,27.70497,27.730299
2019-07-23T17:30:00+01:00,27.760694,27.943063,27.67964,27.856944
2019-07-23T18:30:00+01:00,27.856944,27.98359,27.836681,27.9228
2019-07-23T19:30:00+01:00,27.9228,28.110235,27.892405,28.095038
2019-07-23T20:30:00+01:00,28.105169,28.165959,28.069709,28.084906
2019-07-24T14:30:00+01:00,27.998787,28.267276,27.998787,28.221683
2019-07-24T15:30:00+01:00,28.244479,28.35846,28.191288,28.191288
2019-07-24T16:30:00+01:00,28.191288,28.317934,28.160893,28.317934
2019-07-24T17:30:00+01:00,28.307802,28.348329,28.26221,28.338197
2019-07-24T18:30:00+01:00,28.333131,28.424316,28.333131,28.368592
2019-07-24T19:30:00+01:00,28.343263,28.510435,28.338197,28.414184
2019-07-24T20:30:00+01:00,28.404053,28.485106,28.393921,28.469908
2019-07-25T14:30:00+01:00,28.500303,28.69787,28.267276,28.267276
2019-07-25T15:30:00+01:00,28.287539,28.490172,28.089972,28.089972
2019-07-25T16:30:00+01:00,28.054511,28.160893,27.937997,27.937997
2019-07-25T17:30:00+01:00,27.927866,27.935464,27.780957,27.912668
2019-07-25T18:30:00+01:00,27.935464,28.150762,27.912668,28.145696
2019-07-25T19:30:00+01:00,28.084906,28.115301,27.836681,27.856944
2019-07-25T20:30:00+01:00,27.867076,27.998787,27.821483,27.86201
2019-07-26T14:30:00+01:00,27.927866,28.054511,27.760694,27.917734
2019-07-26T15:30:00+01:00,27.912668,27.953195,27.856944,27.953195
2019-07-26T16:30:00+01:00,27.963326,28.04438,27.841747,27.841747
2019-07-26T17:30:00+01:00,27.851878,27.937997,27.836681,27.897471
2019-07-26T18:30:00+01:00,27.9228,28.074774,27.877207,27.907602
2019-07-26T19:30:00+01:00,27.892405,27.927866,27.821483,27.887339
2019-07-26T20:30:00+01:00,27.917734,28.064643,27.905069,28.013985
2019-07-29T14:30:00+01:00,28.211552,28.216617,27.598587,27.811352
2019-07-29T15:30:00+01:00,27.856944,27.988656,27.821483,27.988656
2019-07-29T16:30:00+01:00,27.998787,28.084906,27.943063,28.069709
2019-07-29T17:30:00+01:00,28.059577,28.145696,28.059577,28.125433
2019-07-29T18:30:00+01:00,28.186222,28.317934,28.186222,28.292605
2019-07-29T19:30:00+01:00,28.272341,28.485106,28.272341,28.368592
2019-07-29T20:30:00+01:00,28.366059,28.388855,28.317934,28.348329
2019-07-30T14:30:00+01:00,28.292605,28.505369,28.191288,28.282473
2019-07-30T15:30:00+01:00,28.292605,28.596554,28.282473,28.550962
2019-07-30T16:30:00+01:00,28.556027,28.611751,28.474974,28.474974
2019-07-30T17:30:00+01:00,28.474974,28.702936,28.474974,28.702936
2019-07-30T18:30:00+01:00,28.702936,29.060076,28.702936,28.984089
2019-07-30T19:30:00+01:00,28.991688,29.047412,28.981556,29.022083
2019-07-30T20:30:00+01:00,29.017017,29.022083,28.905569,29.006885
2019-07-31T14:30:00+01:00,29.087938,29.087938,28.849845,28.933431
2019-07-31T15:30:00+01:00,28.933431,29.174057,28.865042,29.118333
2019-07-31T16:30:00+01:00,29.138597,29.214584,29.118333,29.214584
2019-07-31T17:30:00+01:00,29.194321,29.194321,29.042346,29.072741
2019-07-31T18:30:00+01:00,29.148728,29.336164,29.113268,29.290571
2019-07-31T19:30:00+01:00,29.285505,29.290571,28.713068,29.128465
2019-07-31T20:30:00+01:00,29.103136,29.336164,29.103136,29.25511
2019-08-01T14:30:00+01:00,29.331098,29.781956,29.331098,29.690771
2019-08-01T15:30:00+01:00,29.690771,29.913667,29.690771,29.873141
2019-08-01T16:30:00+01:00,29.868075,29.949128,29.564126,29.584389
2019-08-01T17:30:00+01:00,29.614784,29.77689,29.493204,29.493204
2019-08-01T18:30:00+01:00,29.528665,29.528665,29.032214,29.194321
2019-08-01T19:30:00+01:00,29.234847,29.270308,29.168992,29.25511
2019-08-01T20:30:00+01:00,29.229781,29.295637,29.138597,29.239913
2019-08-02T14:30:00+01:00,27.993721,28.100104,26.707003,27.1224
2019-08-02T15:30:00+01:00,27.1224,27.1224,26.636082,26.914702
2019-08-02T16:30:00+01:00,26.914702,27.041347,26.671542,26.727266
2019-08-02T17:30:00+01:00,26.757661,26.772859,26.453712,26.453712
2019-08-02T18:30:00+01:00,26.458778,26.46891,26.066177,26.344797
2019-08-02T19:30:00+01:00,26.344797,26.494239,26.223217,26.327067
2019-08-02T20:30:00+01:00,26.327067,26.544897,26.324534,26.544897
2019-08-05T14:30:00+01:00,25.835682,25.835682,25.015019,25.11127
2019-08-05T15:30:00+01:00,25.14673,25.866077,24.923834,25.278442
2019-08-05T16:30:00+01:00,25.248047,25.633049,25.202455,25.334166
2019-08-05T17:30:00+01:00,25.339232,25.45068,24.999822,24.999822
2019-08-05T18:30:00+01:00,24.979558,25.121401,24.467911,24.485641
2019-08-05T19:30:00+01:00,24.49324,25.476009,24.483108,25.405087
2019-08-05T20:30:00+01:00,25.400021,25.622918,25.242981,25.541864
2019-08-06T14:30:00+01:00,25.79009,26.058578,25.136599,25.182191
2019-08-06T15:30:00+01:00,25.141665,25.344297,25.060612,25.273376
2019-08-06T16:30:00+01:00,25.288573,25.470943,25.237915,25.379758
2019-08-06T17:30:00+01:00,25.394956,25.597588,25.364561,25.592523
2019-08-06T18:30:00+01:00,25.627983,25.693839,25.557062,25.663444
2019-08-06T19:30:00+01:00,25.663444,25.805287,25.663444,25.79009
2019-08-06T20:30:00+01:00,25.79009,25.861011,25.648247,25.714102
2019-08-07T14:30:00+01:00,25.232849,25.425351,25.070743,25.313903
2019-08-07T15:30:00+01:00,25.278442,25.531733,25.20752,25.283508
2019-08-07T16:30:00+01:00,25.263244,25.263244,24.974493,25.040348
2019-08-07T17:30:00+01:00,25.096072,25.232849,25.060612,25.161928
2019-08-07T18:30:00+01:00,25.384824,25.60772,25.3291,25.501338
2019-08-07T19:30:00+01:00,25.536799,25.602654,25.405087,25.476009
2019-08-07T20:30:00+01:00,25.501338,25.577325,25.430416,25.526667
2019-08-08T14:30:00+01:00,25.698905,25.957262,25.696372,25.703971
2019-08-08T15:30:00+01:00,25.815419,26.200421,25.815419,26.119368
2019-08-08T16:30:00+01:00,26.144697,26.205487,26.088973,26.190289
2019-08-08T17:30:00+01:00,26.170026,26.342264,25.987657,25.987657
2019-08-08T18:30:00+01:00,26.023117,26.175092,26.023117,26.073776
2019-08-08T19:30:00+01:00,26.16496,26.22575,25.992722,26.012986
2019-08-08T20:30:00+01:00,26.012986,26.081374,25.967393,25.99019
2019-08-09T14:30:00+01:00,25.612786,25.658378,25.324034,25.410153
2019-08-09T15:30:00+01:00,25.445614,25.455746,25.3291,25.3291
2019-08-09T16:30:00+01:00,25.324034,25.440548,25.237915,25.369627
2019-08-09T17:30:00+01:00,25.377225,25.714102,25.369627,25.714102
2019-08-09T18:30:00+01:00,25.709037,25.7293,25.506404,25.7293
2019-08-09T19:30:00+01:00,25.698905,25.703971,25.526667,25.633049
2019-08-09T20:30:00+01:00,25.592523,25.678642,25.481075,25.536799
2019-08-12T14:30:00+01:00,25.192323,25.293639,24.939032,25.080875
2019-08-12T15:30:00+01:00,25.080875,25.283508,24.98969,25.131533
2019-08-12T16:30:00+01:00,25.015019,25.187257,24.918769,25.045414
2019-08-12T17:30:00+01:00,25.075809,25.232849,25.05048,25.20752
2019-08-12T18:30:00+01:00,25.222718,25.222718,25.085941,25.166994
2019-08-12T19:30:00+01:00,25.177125,25.192323,24.994756,25.075809
2019-08-13T14:30:00+01:00,24.949163,25.739431,24.837715,25.66851
2019-08-13T15:30:00+01:00,25.653312,25.653312,25.121401,25.161928
2019-08-13T16:30:00+01:00,25.187257,25.334166,25.126467,25.263244
2019-08-13T17:30:00+01:00,25.273376,25.298705,25.14673,25.202455
2019-08-13T18:30:00+01:00,25.212586,25.227784,25.096072,25.131533
2019-08-13T19:30:00+01:00,25.154329,25.232849,25.070743,25.227784
2019-08-13T20:30:00+01:00,25.11127,25.121401,24.98969,25.070743
2019-08-14T14:30:00+01:00,24.756662,24.797189,24.199422,24.275409
2019-08-14T15:30:00+01:00,24.25008,24.25008,24.006921,24.123435
2019-08-14T16:30:00+01:00,24.151297,24.229817,23.81442,23.91067
2019-08-14T17:30:00+01:00,23.941065,24.057579,23.834683,24.057579
2019-08-14T18:30:00+01:00,24.103172,24.407121,24.062645,24.394456
2019-08-14T19:30:00+01:00,24.346331,24.49324,24.280475,24.43245
2019-08-14T20:30:00+01:00,24.412187,24.640148,24.37166,24.619885
2019-08-15T14:30:00+01:00,24.224751,24.255146,23.556063,23.728301
2019-08-15T15:30:00+01:00,23.682709,23.738433,23.429418,23.556063
2019-08-15T16:30:00+01:00,23.550997,23.865078,23.540866,23.844815
2019-08-15T17:30:00+01:00,23.839749,23.839749,23.581392,23.581392
2019-08-15T18:30:00+01:00,23.550997,23.606721,23.495273,23.515536
2019-08-15T19:30:00+01:00,23.515536,23.626984,23.480076,23.626984
2019-08-15T20:30:00+01:00,23.611787,23.794157,23.591524,23.723235
2019-08-16T14:30:00+01:00,23.935999,24.21462,23.935999,24.133566
2019-08-16T15:30:00+01:00,24.108237,24.402055,24.077842,24.321002
2019-08-16T16:30:00+01:00,24.402055,24.604688,24.376726,24.604688
2019-08-16T17:30:00+01:00,24.665478,24.873176,24.665478,24.86811
2019-08-16T18:30:00+01:00,24.898505,24.903571,24.665478,24.721202
2019-08-16T19:30:00+01:00,24.766794,24.766794,24.5287,24.548964
2019-08-16T20:30:00+01:00,24.543898,24.559095,24.49324,24.548964
2019-08-19T14:30:00+01:00,25.035282,25.035282,24.77186,25.009953
2019-08-19T15:30:00+01:00,24.86811,25.015019,24.863045,24.954229
2019-08-19T16:30:00+01:00,25.009953,25.020085,24.9289,24.949163
2019-08-19T17:30:00+01:00,24.949163,24.974493,24.933966,24.954229
2019-08-19T18:30:00+01:00,24.954229,24.959295,24.913703,24.954229
2019-08-19T19:30:00+01:00,24.9289,24.964361,24.923834,24.954229
2019-08-19T20:30:00+01:00,24.954229,24.954229,24.863045,24.863045
2019-08-20T14:30:00+01:00,24.574293,24.944098,24.574293,24.898505
2019-08-20T15:30:00+01:00,24.852913,24.944098,24.812386,24.852913
2019-08-20T16:30:00+01:00,24.837715,24.888374,24.822518,24.86811
2019-08-20T17:30:00+01:00,24.863045,24.863045,24.817452,24.817452
2019-08-20T18:30:00+01:00,24.812386,24.817452,24.437516,24.462845
2019-08-20T19:30:00+01:00,24.478042,24.665478,24.472976,24.645214
2019-08-20T20:30:00+01:00,24.640148,24.670543,24.55403,24.55403
2019-08-21T14:30:00+01:00,24.721202,25.17206,24.721202,25.045414
2019-08-21T15:30:00+01:00,25.045414,25.045414,24.756662,24.83265
2019-08-21T16:30:00+01:00,24.812386,24.923834,24.812386,24.870643
2019-08-21T17:30:00+01:00,24.86811,24.949163,24.852913,24.857979
2019-08-21T18:30:00+01:00,24.852913,24.860512,24.741465,24.802255
2019-08-21T19:30:00+01:00,24.792123,24.842781,24.751597,24.822518
2019-08-21T20:30:00+01:00,24.825051,24.852913,24.7288,24.817452
2019-08-22T14:30:00+01:00,24.984624,25.096072,24.898505,24.933966
2019-08-22T15:30:00+01:00,24.918769,25.075809,24.665478,24.665478
2019-08-22T16:30:00+01:00,24.559095,24.685741,24.55403,24.685741
2019-08-22T17:30:00+01:00,24.670543,24.746531,24.637616,24.738932
2019-08-22T18:30:00+01:00,24.738932,24.964361,24.738932,24.827584
2019-08-22T19:30:00+01:00,24.822518,24.883308,24.741465,24.817452
2019-08-22T20:30:00+01:00,24.804788,24.974493,24.804788,24.878242
2019-08-23T14:30:00+01:00,24.189291,24.285541,23.621919,23.69284
2019-08-23T15:30:00+01:00,23.672577,23.935999,23.550997,23.59659
2019-08-23T16:30:00+01:00,23.611787,23.621919,23.279976,23.317969
2019-08-23T17:30:00+01:00,23.328101,23.500339,23.328101,23.338233
2019-08-23T18:30:00+01:00,23.328101,23.540866,23.328101,23.373693
2019-08-23T19:30:00+01:00,23.373693,23.373693,23.25718,23.312904
2019-08-23T20:30:00+01:00,23.307838,23.307838,23.171061,23.221719
2019-08-26T14:30:00+01:00,23.520602,23.829617,23.480076,23.626984
2019-08-26T15:30:00+01:00,23.59659,23.626984,23.480076,23.480076
2019-08-26T16:30:00+01:00,23.47501,23.57126,23.409154,23.510471
2019-08-26T17:30:00+01:00,23.540866,23.540866,23.424352,23.47501
2019-08-26T18:30:00+01:00,23.454747,23.545931,23.371161,23.378759
2019-08-26T19:30:00+01:00,23.424352,23.515536,23.409154,23.429418
2019-08-26T20:30:00+01:00,23.429418,23.502872,23.404088,23.502872
2019-08-27T14:30:00+01:00,23.819486,23.895473,23.480076,23.480076
2019-08-27T15:30:00+01:00,23.454747,23.482609,23.008954,23.034284
2019-08-27T16:30:00+01:00,23.125468,23.181192,23.034284,23.110271
2019-08-27T17:30:00+01:00,23.095073,23.130534,22.943099,23.026685
2019-08-27T18:30:00+01:00,23.039349,23.267311,23.039349,23.252114
2019-08-27T19:30:00+01:00,23.206521,23.282509,23.176127,23.226785
2019-08-27T20:30:00+01:00,23.191324,23.231851,23.105205,23.125468
2019-08-28T14:30:00+01:00,22.912704,22.912704,22.477043,22.67461
2019-08-28T15:30:00+01:00,22.705005,22.932967,22.705005,22.882309
2019-08-28T16:30:00+01:00,22.912704,22.983625,22.882309,22.902572
2019-08-28T17:30:00+01:00,22.943099,22.968428,22.811387,22.872177
2019-08-28T18:30:00+01:00,22.821519,22.91777,22.816453,22.882309
2019-08-28T19:30:00+01:00,22.887375,23.105205,22.887375,23.044415
2019-08-28T20:30:00+01:00,23.044415,23.090008,22.91777,22.948165
2019-08-29T14:30:00+01:00,23.252114,23.525668,23.181192,23.302772
2019-08-29T15:30:00+01:00,23.307838,23.490207,23.277443,23.47501
2019-08-29T16:30:00+01:00,23.439549,23.515536,23.419286,23.449681
2019-08-29T17:30:00+01:00,23.480076,23.515536,23.449681,23.490207
2019-08-29T18:30:00+01:00,23.485142,23.586458,23.449681,23.586458
2019-08-29T19:30:00+01:00,23.576326,23.768827,23.545931,23.702972
2019-08-29T20:30:00+01:00,23.702972,23.768827,23.647248,23.713103
2019-08-30T14:30:00+01:00,25.734366,26.945097,25.627983,25.785024
2019-08-30T15:30:00+01:00,25.782491,26.281474,25.26831,25.445614
2019-08-30T16:30:00+01:00,25.501338,25.855945,25.415219,25.516535
2019-08-30T17:30:00+01:00,25.531733,25.551996,25.192323,25.344297
2019-08-30T18:30:00+01:00,25.359495,25.719168,25.242981,25.683707
2019-08-30T19:30:00+01:00,25.709037,26.038315,25.703971,26.012986
2019-08-30T20:30:00+01:00,26.00792,26.111769,25.957262,26.033249
2019-09-03T14:30:00+01:00,26.053512,26.276408,25.653312,25.967393
2019-09-03T15:30:00+01:00,26.048446,26.099105,25.7293,25.952196
2019-09-03T16:30:00+01:00,25.962327,26.018052,25.835682,25.835682
2019-09-03T17:30:00+01:00,25.830616,25.891406,25.769826,25.805287
2019-09-03T18:30:00+01:00,25.840748,25.906603,25.79009,25.906603
2019-09-03T19:30:00+01:00,25.94713,26.015519,25.82555,25.985124
2019-09-03T20:30:00+01:00,26.002854,26.00792,25.861011,25.871143
2019-09-04T14:30:00+01:00,26.088973,26.273875,25.774892,25.774892
2019-09-04T15:30:00+01:00,25.79009,25.88634,25.79009,25.853412
2019-09-04T16:30:00+01:00,25.855945,25.88634,25.709037,25.709037
2019-09-04T17:30:00+01:00,25.501338,25.911669,25.476009,25.896472
2019-09-04T18:30:00+01:00,25.896472,25.931933,25.800221,25.830616
2019-09-04T19:30:00+01:00,25.830616,25.995255,25.830616,25.995255
2019-09-04T20:30:00+01:00,26.002854,26.061111,25.916735,25.957262
2019-09-05T14:30:00+01:00,26.170026,26.332132,26.018052,26.028183
2019-09-05T15:30:00+01:00,26.012986,26.44358,25.891406,26.382791
2019-09-05T16:30:00+01:00,26.357461,26.712069,26.327067,26.600621
2019-09-05T17:30:00+01:00,26.590489,26.864043,26.544897,26.696871
2019-09-05T18:30:00+01:00,26.691806,27.092005,26.666476,26.717135
2019-09-05T19:30:00+01:00,26.717135,26.884307,26.717135,26.858978
2019-09-05T20:30:00+01:00,26.869109,26.980557,26.808319,26.808319
2019-09-06T14:30:00+01:00,26.879241,26.934965,26.509436,26.909636
2019-09-06T15:30:00+01:00,26.950162,27.056545,26.808319,27.02615
2019-09-06T16:30:00+01:00,27.031216,27.066676,26.919767,26.950162
2019-09-06T17:30:00+01:00,26.960294,27.071742,26.960294,27.071742
2019-09-06T18:30:00+01:00,27.102137,27.238914,27.092005,27.127466
2019-09-06T19:30:00+01:00,27.137598,27.193322,27.021084,27.193322
2019-09-06T20:30:00+01:00,27.203453,27.228782,26.975492,27.016018
2019-09-09T14:30:00+01:00,27.233848,27.36556,26.940031,27.000821
2019-09-09T15:30:00+01:00,27.021084,27.335165,27.021084,27.152795
2019-09-09T16:30:00+01:00,27.178124,27.299704,27.046413,27.092005
2019-09-09T17:30:00+01:00,27.107203,27.152795,26.990689,27.092005
2019-09-09T18:30:00+01:00,27.041347,27.157861,27.033748,27.137598
2019-09-09T19:30:00+01:00,27.137598,27.532732,27.117334,27.477008
2019-09-09T20:30:00+01:00,27.477008,27.573258,27.446613,27.502337
2019-09-10T14:30:00+01:00,27.097071,27.907602,27.092005,27.877207
2019-09-10T15:30:00+01:00,27.892405,28.049445,27.831615,27.932931
2019-09-10T16:30:00+01:00,27.932931,27.988656,27.846813,27.978524
2019-09-10T17:30:00+01:00,27.993721,28.171025,27.958261,28.064643
2019-09-10T18:30:00+01:00,28.074774,28.181157,27.98359,28.145696
2019-09-10T19:30:00+01:00,28.155828,28.292605,28.074774,28.074774
2019-09-10T20:30:00+01:00,28.059577,28.135564,28.01905,28.084906
2019-09-11T14:30:00+01:00,27.851878,27.998787,27.780957,27.821483
2019-09-11T15:30:00+01:00,27.821483,28.003853,27.821483,27.963326
2019-09-11T16:30:00+01:00,27.998787,27.998787,27.816418,27.831615
2019-09-11T17:30:00+01:00,27.735365,27.902537,27.735365,27.811352
2019-09-11T18:30:00+01:00,27.851878,27.978524,27.851878,27.978524
2019-09-11T19:30:00+01:00,27.978524,28.110235,27.937997,28.105169
2019-09-11T20:30:00+01:00,28.095038,28.105169,28.008919,28.01905
2019-09-12T14:30:00+01:00,28.14063,28.328065,27.877207,28.236881
2019-09-12T15:30:00+01:00,28.247012,28.247012,27.608719,27.684706
2019-09-12T16:30:00+01:00,27.623916,27.932931,27.608719,27.64418
2019-09-12T17:30:00+01:00,27.694838,27.725233,27.542863,27.608719
2019-09-12T18:30:00+01:00,27.639114,27.791089,27.598587,27.791089
2019-09-12T19:30:00+01:00,27.791089,27.841747,27.40102,27.456744
2019-09-12T20:30:00+01:00,27.471942,27.558061,27.395955,27.431415
2019-09-13T14:30:00+01:00,27.431415,27.497271,27.18319,27.289572
2019-09-13T15:30:00+01:00,27.299704,27.406086,27.279441,27.314901
2019-09-13T16:30:00+01:00,27.350362,27.497271,27.314901,27.451679
2019-09-13T17:30:00+01:00,27.446613,27.492205,27.406086,27.406086
2019-09-13T18:30:00+01:00,27.411152,27.471942,27.294638,27.294638
2019-09-13T19:30:00+01:00,27.269309,27.36556,27.157861,27.162927
2019-09-13T20:30:00+01:00,27.152795,27.178124,27.076808,27.112269
2019-09-16T14:30:00+01:00,26.884307,27.573258,26.884307,27.482074
2019-09-16T15:30:00+01:00,27.477008,27.558061,27.274375,27.532732
2019-09-16T16:30:00+01:00,27.547929,27.563127,27.360494,27.411152
2019-09-16T17:30:00+01:00,27.471942,27.492205,27.436481,27.46181
2019-09-16T18:30:00+01:00,27.477008,27.608719,27.441547,27.593522
2019-09-16T19:30:00+01:00,27.593522,27.623916,27.466876,27.466876
2019-09-16T20:30:00+01:00,27.426349,27.428882,27.299704,27.411152
2019-09-17T14:30:00+01:00,27.269309,27.345296,27.08694,27.142664
2019-09-17T15:30:00+01:00,27.178124,27.18319,27.06161,27.117334
2019-09-17T16:30:00+01:00,27.157861,27.228782,26.955228,26.955228
2019-09-17T17:30:00+01:00,26.980557,26.990689,26.914702,26.990689
2019-09-17T18:30:00+01:00,26.985623,27.162927,26.985623,27.142664
2019-09-17T19:30:00+01:00,27.142664,27.142664,27.051479,27.102137
2019-09-17T20:30:00+01:00,27.132532,27.279441,27.127466,27.279441
2019-09-18T14:30:00+01:00,27.198388,27.208519,26.798188,26.798188
2019-09-18T15:30:00+01:00,26.858978,26.858978,26.666476,26.762727
2019-09-18T16:30:00+01:00,26.74753,26.919767,26.74753,26.833649
2019-09-18T17:30:00+01:00,26.808319,26.813385,26.712069,26.793122
2019-09-18T18:30:00+01:00,26.752595,26.752595,26.382791,26.382791
2019-09-18T19:30:00+01:00,26.413185,26.676608,26.40812,26.656345
2019-09-18T20:30:00+01:00,26.656345,26.788056,26.656345,26.742464
2019-09-19T14:30:00+01:00,26.767793,27.076808,26.646213,27.066676
2019-09-19T15:30:00+01:00,27.08694,27.173058,27.000821,27.071742
2019-09-19T16:30:00+01:00,27.081874,27.127466,27.005886,27.005886
2019-09-19T17:30:00+01:00,26.955228,26.985623,26.924833,26.980557
2019-09-19T18:30:00+01:00,26.934965,26.990689,26.874175,26.985623
2019-09-19T19:30:00+01:00,27.031216,27.097071,26.869109,26.869109
2019-09-19T20:30:00+01:00,26.934965,26.934965,26.757661,26.879241
2019-09-20T14:30:00+01:00,26.96536,26.96536,26.509436,26.595555
2019-09-20T15:30:00+01:00,26.590489,26.666476,26.463844,26.473975
2019-09-20T16:30:00+01:00,26.514502,26.707003,26.438515,26.691806
2019-09-20T17:30:00+01:00,26.631016,26.701937,26.423317,26.479041
2019-09-20T18:30:00+01:00,26.484107,26.615818,26.34733,26.595555
2019-09-20T19:30:00+01:00,26.615818,26.615818,26.291606,26.296672
2019-09-20T20:30:00+01:00,26.301737,26.352396,26.195355,26.251079
2019-09-23T14:30:00+01:00,26.256145,26.256145,25.861011,25.967393
2019-09-23T15:30:00+01:00,25.992722,26.382791,25.992722,26.332132
2019-09-23T16:30:00+01:00,26.327067,26.496772,26.266277,26.496772
2019-09-23T17:30:00+01:00,26.50437,26.613285,26.484107,26.549963
2019-09-23T18:30:00+01:00,26.549963,26.653812,26.529699,26.651279
2019-09-23T19:30:00+01:00,26.691806,26.818451,26.656345,26.717135
2019-09-23T20:30:00+01:00,26.712069,26.818451,26.68674,26.793122
2019-09-24T14:30:00+01:00,26.90457,27.162927,26.833649,27.076808
2019-09-24T15:30:00+01:00,27.051479,27.051479,26.864043,26.864043
2019-09-24T16:30:00+01:00,26.876708,26.876708,26.496772,26.50437
2019-09-24T17:30:00+01:00,26.509436,26.560094,26.367593,26.418251
2019-09-24T18:30:00+01:00,26.382791,26.506903,26.215618,26.458778
2019-09-24T19:30:00+01:00,26.453712,26.48664,26.180158,26.367593
2019-09-24T20:30:00+01:00,26.352396,26.46891,26.316935,26.433449
2019-09-25T14:30:00+01:00,26.605687,26.909636,26.514502,26.894438
2019-09-25T15:30:00+01:00,26.914702,27.198388,26.742464,27.127466
2019-09-25T16:30:00+01:00,27.08694,27.228782,26.934965,27.228782
2019-09-25T17:30:00+01:00,27.228782,27.289572,27.152795,27.233848
2019-09-25T18:30:00+01:00,27.218651,27.363027,27.173058,27.208519
2019-09-25T19:30:00+01:00,27.198388,27.325033,27.147729,27.218651
2019-09-25T20:30:00+01:00,27.213585,27.259177,27.193322,27.22625
2019-09-26T14:30:00+01:00,26.78299,26.78299,26.018052,26.033249
2019-09-26T15:30:00+01:00,26.06871,26.62595,26.063644,26.114302
2019-09-26T16:30:00+01:00,26.114302,26.251079,26.053512,26.220684
2019-09-26T17:30:00+01:00,26.205487,26.372659,26.200421,26.28654
2019-09-26T18:30:00+01:00,26.276408,26.44358,26.276408,26.413185
2019-09-26T19:30:00+01:00,26.413185,26.44358,26.322001,26.339731
2019-09-26T20:30:00+01:00,26.34733,26.438515,26.332132,26.423317
2019-09-27T14:30:00+01:00,26.392922,26.74753,26.316935,26.560094
2019-09-27T15:30:00+01:00,26.539831,26.767793,26.453712,26.707003
2019-09-27T16:30:00+01:00,26.615818,26.615818,26.392922,26.453712
2019-09-27T17:30:00+01:00,26.418251,26.418251,25.916735,25.977525
2019-09-27T18:30:00+01:00,25.972459,26.083907,25.785024,25.815419
2019-09-27T19:30:00+01:00,25.769826,25.769826,25.541864,25.734366
2019-09-27T20:30:00+01:00,25.678642,25.830616,25.678642,25.795155
2019-09-30T14:30:00+01:00,25.800221,26.175092,25.800221,26.099105
2019-09-30T15:30:00+01:00,26.119368,26.281474,26.094039,26.215618
2019-09-30T16:30:00+01:00,26.210553,26.344797,26.149763,26.306803
2019-09-30T17:30:00+01:00,26.306803,26.349863,26.154829,26.154829
2019-09-30T18:30:00+01:00,26.210553,26.261211,26.200421,26.251079
2019-09-30T19:30:00+01:00,26.276408,26.291606,26.144697,26.177625
2019-09-30T20:30:00+01:00,26.170026,26.281474,26.144697,26.281474
2019-10-01T14:30:00+01:00,26.570226,26.752595,26.235882,26.296672
2019-10-01T15:30:00+01:00,26.377725,26.463844,26.261211,26.306803
2019-10-01T16:30:00+01:00,26.306803,26.332132,26.073776,26.1295
2019-10-01T17:30:00+01:00,26.114302,26.22575,26.058578,26.149763
2019-10-01T18:30:00+01:00,26.149763,26.261211,26.063644,26.251079
2019-10-01T19:30:00+01:00,26.251079,26.316935,26.149763,26.215618
2019-10-01T20:30:00+01:00,26.215618,26.235882,26.154829,26.185224
2019-10-02T14:30:00+01:00,25.739431,25.855945,25.51147,25.739431
2019-10-02T15:30:00+01:00,25.709037,25.795155,25.582391,25.66851
2019-10-02T16:30:00+01:00,25.627983,25.714102,25.51147,25.51147
2019-10-02T17:30:00+01:00,25.506404,25.779958,25.425351,25.779958
2019-10-02T18:30:00+01:00,25.764761,25.805287,25.709037,25.795155
2019-10-02T19:30:00+01:00,25.785024,25.88634,25.7293,25.840748
2019-10-02T20:30:00+01:00,25.866077,25.916735,25.724234,25.724234
2019-10-03T14:30:00+01:00,25.648247,25.744497,25.070743,25.349363
2019-10-03T15:30:00+01:00,25.283508,25.66851,25.248047,25.577325
2019-10-03T16:30:00+01:00,25.572259,25.577325,25.470943,25.541864
2019-10-03T17:30:00+01:00,25.582391,25.774892,25.536799,25.754629
2019-10-03T18:30:00+01:00,25.744497,25.805287,25.724234,25.787557
2019-10-03T19:30:00+01:00,25.779958,25.820485,25.749563,25.769826
2019-10-03T20:30:00+01:00,25.774892,25.866077,25.731833,25.863544
2019-10-04T14:30:00+01:00,25.94713,25.94713,25.572259,25.582391
2019-10-04T15:30:00+01:00,25.572259,25.769826,25.541864,25.66851
2019-10-04T16:30:00+01:00,25.638115,25.683707,25.572259,25.622918
2019-10-04T17:30:00+01:00,25.627983,25.627983,25.45068,25.582391
2019-10-04T18:30:00+01:00,25.572259,25.600121,25.460811,25.460811
2019-10-04T19:30:00+01:00,25.470943,25.602654,25.435482,25.577325
2019-10-04T20:30:00+01:00,25.602654,25.602654,25.465877,25.470943
2019-10-07T14:30:00+01:00,25.410153,25.815419,25.339232,25.815419
2019-10-07T15:30:00+01:00,25.785024,25.845814,25.734366,25.749563
2019-10-07T16:30:00+01:00,25.617852,25.749563,25.617852,25.739431
2019-10-07T17:30:00+01:00,25.693839,25.754629,25.617852,25.627983
2019-10-07T18:30:00+01:00,25.622918,25.845814,25.622918,25.698905
2019-10-07T19:30:00+01:00,25.688773,25.714102,25.597588,25.597588
2019-10-07T20:30:00+01:00,25.582391,25.602654,25.536799,25.597588
2019-10-08T14:30:00+01:00,25.405087,25.415219,24.847847,25.025151
2019-10-08T15:30:00+01:00,25.040348,25.11127,24.933966,24.98969
2019-10-08T16:30:00+01:00,24.959295,25.030217,24.863045,24.933966
2019-10-08T17:30:00+01:00,24.908637,24.999822,24.908637,24.964361
2019-10-08T18:30:00+01:00,24.903571,25.009953,24.878242,24.878242
2019-10-08T19:30:00+01:00,24.893439,24.994756,24.761728,24.888374
2019-10-08T20:30:00+01:00,24.86811,24.873176,24.716136,24.716136
2019-10-09T14:30:00+01:00,24.923834,25.025151,24.731333,25.025151
2019-10-09T15:30:00+01:00,25.015019,25.05048,24.933966,24.98969
2019-10-09T16:30:00+01:00,24.98969,25.182191,24.984624,25.156862
2019-10-09T17:30:00+01:00,25.136599,25.151796,25.030217,25.083408
2019-10-09T18:30:00+01:00,25.080875,25.106204,25.030217,25.055546
2019-10-09T19:30:00+01:00,25.070743,25.14673,25.030217,25.045414
2019-10-09T20:30:00+01:00,25.060612,25.11127,24.974493,25.070743
2019-10-10T14:30:00+01:00,24.923834,24.994756,24.766794,24.944098
2019-10-10T15:30:00+01:00,24.933966,25.096072,24.9289,25.091006
2019-10-10T16:30:00+01:00,25.055546,25.075809,24.974493,25.065677
2019-10-10T17:30:00+01:00,24.997289,24.997289,24.817452,24.888374
2019-10-10T18:30:00+01:00,24.86811,24.964361,24.781991,24.964361
2019-10-10T19:30:00+01:00,24.923834,24.999822,24.908637,24.923834
2019-10-10T20:30:00+01:00,24.9289,24.979558,24.842781,24.842781
2019-10-11T14:30:00+01:00,25.324034,25.764761,25.308837,25.68624
2019-10-11T15:30:00+01:00,25.850879,25.997788,25.850879,25.850879
2019-10-11T16:30:00+01:00,25.82555,25.830616,25.602654,25.638115
2019-10-11T17:30:00+01:00,25.622918,25.643181,25.470943,25.551996
2019-10-11T18:30:00+01:00,25.526667,25.779958,25.521601,25.779958
2019-10-11T19:30:00+01:00,25.779958,25.855945,25.521601,25.557062
2019-10-11T20:30:00+01:00,25.562128,25.587457,25.427883,25.48614
2019-10-14T14:30:00+01:00,25.577325,25.592523,25.405087,25.405087
2019-10-14T15:30:00+01:00,25.491206,25.577325,25.491206,25.577325
2019-10-14T16:30:00+01:00,25.612786,25.658378,25.592523,25.60772
2019-10-14T17:30:00+01:00,25.587457,25.622918,25.567194,25.572259
2019-10-14T18:30:00+01:00,25.567194,25.693839,25.567194,25.693839
2019-10-14T19:30:00+01:00,25.658378,25.693839,25.597588,25.653312
2019-10-14T20:30:00+01:00,25.633049,25.688773,25.54693,25.683707
2019-10-15T14:30:00+01:00,25.54693,25.840748,25.54693,25.82555
2019-10-15T15:30:00+01:00,25.82555,25.88634,25.805287,25.820485
2019-10-15T16:30:00+01:00,25.820485,25.972459,25.79009,25.972459
2019-10-15T17:30:00+01:00,26.012986,26.185224,25.962327,26.16496
2019-10-15T18:30:00+01:00,26.170026,26.170026,25.957262,25.957262
2019-10-15T19:30:00+01:00,25.99019,25.992722,25.871143,25.936998
2019-10-15T20:30:00+01:00,25.926867,25.926867,25.861011,25.906603
2019-10-16T14:30:00+01:00,25.597588,25.795155,25.506404,25.719168
2019-10-16T15:30:00+01:00,25.638115,25.683707,25.597588,25.597588
2019-10-16T16:30:00+01:00,25.557062,25.587457,25.54693,25.587457
2019-10-16T17:30:00+01:00,25.567194,25.567194,25.445614,25.51147
2019-10-16T18:30:00+01:00,25.54693,25.587457,25.470943,25.470943
2019-10-16T19:30:00+01:00,25.526667,25.643181,25.526667,25.612786
2019-10-16T20:30:00+01:00,25.597588,25.648247,25.539332,25.633049
2019-10-17T14:30:00+01:00,25.881274,25.926867,25.714102,25.800221
2019-10-17T15:30:00+01:00,25.82555,25.861011,25.622918,25.688773
2019-10-17T16:30:00+01:00,25.688773,25.688773,25.501338,25.536799
2019-10-17T17:30:00+01:00,25.536799,25.587457,25.536799,25.557062
2019-10-17T18:30:00+01:00,25.562128,25.678642,25.562128,25.638115
2019-10-17T19:30:00+01:00,25.648247,25.678642,25.557062,25.567194
2019-10-17T20:30:00+01:00,25.562128,25.60772,25.516535,25.521601
2019-10-18T14:30:00+01:00,25.364561,25.536799,25.166994,25.536799
2019-10-18T15:30:00+01:00,25.516535,25.516535,25.253113,25.379758
2019-10-18T16:30:00+01:00,25.379758,25.394956,25.096072,25.156862
2019-10-18T17:30:00+01:00,25.141665,25.278442,25.141665,25.230317
2019-10-18T18:30:00+01:00,25.212586,25.288573,25.197389,25.202455
2019-10-18T19:30:00+01:00,25.192323,25.288573,25.161928,25.237915
2019-10-18T20:30:00+01:00,25.242981,25.334166,25.197389,25.273376
2019-10-21T14:30:00+01:00,25.222718,25.541864,25.136599,25.516535
2019-10-21T15:30:00+01:00,25.506404,25.577325,25.354429,25.470943
2019-10-21T16:30:00+01:00,25.465877,25.521601,25.405087,25.521601
2019-10-21T17:30:00+01:00,25.541864,25.541864,25.379758,25.379758
2019-10-21T18:30:00+01:00,25.379758,25.435482,25.339232,25.420285
2019-10-21T19:30:00+01:00,25.415219,25.420285,25.283508,25.293639
2019-10-21T20:30:00+01:00,25.303771,25.334166,25.293639,25.324034
2019-10-22T14:30:00+01:00,25.577325,25.582391,25.415219,25.496272
2019-10-22T15:30:00+01:00,25.465877,25.470943,25.3291,25.344297
2019-10-22T16:30:00+01:00,25.38989,25.415219,25.227784,25.374692
2019-10-22T17:30:00+01:00,25.369627,25.465877,25.369627,25.435482
2019-10-22T18:30:00+01:00,25.430416,25.51147,25.410153,25.496272
2019-10-22T19:30:00+01:00,25.481075,25.481075,25.308837,25.334166
2019-10-22T20:30:00+01:00,25.359495,25.364561,25.293639,25.3291
2019-10-23T14:30:00+01:00,25.202455,25.405087,25.037815,25.283508
2019-10-23T15:30:00+01:00,25.242981,25.3291,25.194856,25.3291
2019-10-23T16:30:00+01:00,25.349363,25.349363,25.237915,25.258179
2019-10-23T17:30:00+01:00,25.308837,25.531733,25.308837,25.425351
2019-10-23T18:30:00+01:00,25.405087,25.425351,25.288573,25.298705
2019-10-23T19:30:00+01:00,25.278442,25.377225,25.278442,25.298705
2019-10-23T20:30:00+01:00,25.3291,25.496272,25.321501,25.496272
2019-10-24T14:30:00+01:00,25.643181,25.962327,25.38989,25.38989
2019-10-24T15:30:00+01:00,25.369627,25.470943,25.313903,25.420285
2019-10-24T16:30:00+01:00,25.417752,25.622918,25.384824,25.516535
2019-10-24T17:30:00+01:00,25.501338,25.582391,25.501338,25.582391
2019-10-24T18:30:00+01:00,25.587457,25.696372,25.587457,25.693839
2019-10-24T19:30:00+01:00,25.698905,25.800221,25.66851,25.774892
2019-10-24T20:30:00+01:00,25.785024,25.866077,25.739431,25.855945
2019-10-25T14:30:00+01:00,26.058578,26.301737,25.982591,26.276408
2019-10-25T15:30:00+01:00,26.316935,26.489173,26.256145,26.44358
2019-10-25T16:30:00+01:00,26.438515,26.479041,26.311869,26.337198
2019-10-25T17:30:00+01:00,26.276408,26.296672,26.230816,26.276408
2019-10-25T18:30:00+01:00,26.278941,26.278941,26.144697,26.170026
2019-10-25T19:30:00+01:00,26.1295,26.180158,26.012986,26.180158
2019-10-25T20:30:00+01:00,26.180158,26.261211,26.170026,26.190289
2019-10-28T13:30:00Z,26.352396,26.560094,26.205487,26.256145
2019-10-28T14:30:00Z,26.256145,26.271343,26.078841,26.144697
2019-10-28T15:30:00Z,26.185224,26.413185,26.149763,26.337198
2019-10-28T16:30:00Z,26.316935,26.397988,26.281474,26.397988
2019-10-28T17:30:00Z,26.397988,26.46891,26.352396,26.357461
2019-10-28T18:30:00Z,26.352396,26.372659,26.22575,26.22575
2019-10-28T19:30:00Z,26.220684,26.220684,26.114302,26.1295
2019-10-29T13:30:00Z,26.261211,26.46891,26.261211,26.46891
2019-10-29T14:30:00Z,26.453712,26.479041,26.367593,26.392922
2019-10-29T15:30:00Z,26.387856,26.40812,26.296672,26.40812
2019-10-29T16:30:00Z,26.403054,26.595555,26.357461,26.549963
2019-10-29T17:30:00Z,26.56516,26.798188,26.549963,26.798188
2019-10-29T18:30:00Z,26.798188,26.818451,26.666476,26.722201
2019-10-29T19:30:00Z,26.727266,26.985623,26.727266,26.980557
2019-10-30T13:30:00Z,26.884307,26.902037,26.712069,26.762727
2019-10-30T14:30:00Z,26.737398,26.884307,26.732332,26.884307
2019-10-30T15:30:00Z,26.894438,26.940031,26.757661,26.767793
2019-10-30T16:30:00Z,26.818451,26.894438,26.767793,26.864043
2019-10-30T17:30:00Z,26.869109,27.06161,26.864043,27.06161
2019-10-30T18:30:00Z,27.056545,27.319967,27.048946,27.319967
2019-10-30T19:30:00Z,27.325033,27.431415,27.213585,27.233848
2019-10-31T13:30:00Z,26.874175,27.254112,26.448646,26.539831
2019-10-31T14:30:00Z,26.539831,26.869109,26.529699,26.818451
2019-10-31T15:30:00Z,26.717135,26.777925,26.610752,26.610752
2019-10-31T16:30:00Z,26.570226,26.585423,26.519568,26.539831
2019-10-31T17:30:00Z,26.539831,26.681674,26.539831,26.681674
2019-10-31T18:30:00Z,26.696871,26.727266,26.600621,26.68674
2019-10-31T19:30:00Z,26.691806,26.818451,26.68674,26.818451
2019-11-01T13:30:00Z,26.90457,27.016018,26.793122,26.853912
2019-11-01T14:30:00Z,26.899504,26.980557,26.828583,26.833649
2019-11-01T15:30:00Z,26.828583,26.960294,26.752595,26.960294
2019-11-01T16:30:00Z,26.980557,26.985623,26.889373,26.914702
2019-11-01T17:30:00Z,26.924833,26.934965,26.869109,26.869109
2019-11-01T18:30:00Z,26.864043,26.914702,26.858978,26.874175
2019-11-01T19:30:00Z,26.884307,26.995755,26.884307,26.955228
2019-11-04T14:30:00Z,27.319967,27.319967,27.127466,27.18319
2019-11-04T15:30:00Z,27.167993,27.380757,27.167993,27.36556
2019-11-04T16:30:00Z,27.350362,27.380757,27.259177,27.264243
2019-11-04T17:30:00Z,27.279441,27.284507,27.127466,27.127466
2019-11-04T18:30:00Z,27.137598,27.279441,27.137598,27.274375
2019-11-04T19:30:00Z,27.284507,27.294638,27.18319,27.22625
2019-11-04T20:30:00Z,27.223717,27.274375,27.223717,27.274375
2019-11-05T14:30:00Z,27.314901,27.375691,27.157861,27.259177
2019-11-05T15:30:00Z,27.264243,27.750562,27.24398,27.699904
2019-11-05T16:30:00Z,27.694838,27.770825,27.5226,27.5226
2019-11-05T17:30:00Z,27.532732,27.532732,27.421284,27.477008
2019-11-05T18:30:00Z,27.482074,27.750562,27.482074,27.634048
2019-11-05T19:30:00Z,27.639114,27.74043,27.512468,27.689772
2019-11-05T20:30:00Z,27.684706,27.710035,27.573258,27.578324
2019-11-06T14:30:00Z,27.791089,27.796154,27.249046,27.796154
2019-11-06T15:30:00Z,27.770825,27.770825,27.552995,27.58339
2019-11-06T16:30:00Z,27.623916,27.710035,27.497271,27.623916
2019-11-06T17:30:00Z,27.634048,27.67964,27.542863,27.67964
2019-11-06T18:30:00Z,27.67964,27.70497,27.497271,27.603653
2019-11-06T19:30:00Z,27.573258,27.593522,27.527666,27.532732
2019-11-06T20:30:00Z,27.537798,27.588456,27.507403,27.532732
2019-11-07T14:30:00Z,27.780957,27.816418,27.474475,27.760694
2019-11-07T15:30:00Z,27.770825,27.796154,27.659377,27.735365
2019-11-07T16:30:00Z,27.725233,27.786023,27.67964,27.689772
2019-11-07T17:30:00Z,27.694838,27.694838,27.573258,27.623916
2019-11-07T18:30:00Z,27.603653,27.715101,27.573258,27.67964
2019-11-07T19:30:00Z,27.659377,27.659377,27.517534,27.573258
2019-11-07T20:30:00Z,27.578324,27.578324,27.421284,27.502337
2019-11-08T14:30:00Z,27.454211,27.454211,27.142664,27.451679
2019-11-08T15:30:00Z,27.456744,27.456744,27.355428,27.385823
2019-11-08T16:30:00Z,27.385823,27.603653,27.385823,27.603653
2019-11-08T17:30:00Z,27.64418,27.649246,27.482074,27.527666
2019-11-08T18:30:00Z,27.535265,27.654311,27.535265,27.563127
2019-11-08T19:30:00Z,27.588456,27.588456,27.509936,27.537798
2019-11-08T20:30:00Z,27.552995,27.552995,27.507403,27.532732
2019-11-11T14:30:00Z,27.188256,27.558061,27.178124,27.547929
2019-11-11T15:30:00Z,27.558061,27.70497,27.46181,27.487139
2019-11-11T16:30:00Z,27.492205,27.694838,27.471942,27.694838
2019-11-11T17:30:00Z,27.689772,27.765759,27.628982,27.735365
2019-11-11T18:30:00Z,27.664443,27.750562,27.639114,27.720167
2019-11-11T19:30:00Z,27.720167,27.720167,27.654311,27.654311
2019-11-11T20:30:00Z,27.634048,27.664443,27.552995,27.628982
2019-11-12T14:30:00Z,27.836681,27.841747,27.699904,27.796154
2019-11-12T15:30:00Z,27.796154,27.856944,27.780957,27.811352
2019-11-12T16:30:00Z,27.816418,27.836681,27.791089,27.811352
2019-11-12T17:30:00Z,27.816418,27.86201,27.770825,27.856944
2019-11-12T18:30:00Z,27.856944,28.247012,27.841747,28.029182
2019-11-12T19:30:00Z,28.059577,28.084906,27.912668,28.013985
2019-11-12T20:30:00Z,28.034248,28.176091,28.024116,28.074774
2019-11-13T14:30:00Z,27.775891,27.958261,27.67964,27.856944
2019-11-13T15:30:00Z,27.846813,27.912668,27.720167,27.816418
2019-11-13T16:30:00Z,27.887339,27.892405,27.811352,27.851878
2019-11-13T17:30:00Z,27.892405,28.034248,27.892405,27.912668
2019-11-13T18:30:00Z,27.907602,27.9228,27.67964,27.786023
2019-11-13T19:30:00Z,27.80122,27.937997,27.793621,27.887339
2019-11-13T20:30:00Z,27.851878,27.851878,27.730299,27.745496
2019-11-14T14:30:00Z,27.502337,28.439513,27.502337,28.350862
2019-11-14T15:30:00Z,28.335664,28.35846,27.993721,28.074774
2019-11-14T16:30:00Z,28.105169,28.110235,27.973458,28.105169
2019-11-14T17:30:00Z,28.100104,28.160893,28.034248,28.095038
2019-11-14T18:30:00Z,28.095038,28.160893,28.084906,28.160893
2019-11-14T19:30:00Z,28.171025,28.171025,28.092505,28.095038
2019-11-14T20:30:00Z,28.095038,28.105169,27.872142,27.897471
2019-11-15T14:30:00Z,28.20142,28.20142,27.945596,28.059577
2019-11-15T15:30:00Z,28.084906,28.105169,27.965859,28.084906
2019-11-15T16:30:00Z,28.07984,28.252078,28.07984,28.105169
2019-11-15T17:30:00Z,28.125433,28.252078,28.125433,28.252078
2019-11-15T18:30:00Z,28.252078,28.282473,28.226749,28.236881
2019-11-15T19:30:00Z,28.247012,28.252078,28.176091,28.176091
2019-11-15T20:30:00Z,28.171025,28.191288,28.105169,28.160893
2019-11-18T14:30:00Z,28.176091,28.312868,27.993721,27.993721
2019-11-18T15:30:00Z,28.024116,28.150762,28.013985,28.115301
2019-11-18T16:30:00Z,28.125433,28.14063,28.059577,28.064643
2019-11-18T17:30:00Z,28.064643,28.069709,27.917734,27.98359
2019-11-18T18:30:00Z,27.988656,28.150762,27.988656,28.115301
2019-11-18T19:30:00Z,28.059577,28.135564,28.059577,28.130498
2019-11-18T20:30:00Z,28.125433,28.165959,28.054511,28.160893
2019-11-19T14:30:00Z,28.363526,28.414184,28.059577,28.165959
2019-11-19T15:30:00Z,28.155828,28.277407,28.003853,28.277407
2019-11-19T16:30:00Z,28.312868,28.500303,28.297671,28.490172
2019-11-19T17:30:00Z,28.490172,28.490172,28.353395,28.373658
2019-11-19T18:30:00Z,28.454711,28.642146,28.429382,28.591488
2019-11-19T19:30:00Z,28.561093,28.69787,28.550962,28.642146
2019-11-19T20:30:00Z,28.647212,28.682673,28.474974,28.474974
2019-11-20T14:30:00Z,28.292605,28.424316,28.135564,28.234348
2019-11-20T15:30:00Z,28.231815,28.343263,28.181157,28.317934
2019-11-20T16:30:00Z,28.323,28.363526,28.231815,28.363526
2019-11-20T17:30:00Z,28.353395,28.495238,27.968392,27.998787
2019-11-20T18:30:00Z,27.953195,28.024116,27.86201,27.998787
2019-11-20T19:30:00Z,27.993721,28.054511,27.958261,28.01905
2019-11-20T20:30:00Z,28.003853,28.064643,27.968392,27.988656
2019-11-21T14:30:00Z,28.14063,28.165959,27.684706,27.684706
2019-11-21T15:30:00Z,27.669509,27.689772,27.568192,27.649246
2019-11-21T16:30:00Z,27.634048,27.66191,27.436481,27.456744
2019-11-21T17:30:00Z,27.446613,27.5226,27.395955,27.482074
2019-11-21T18:30:00Z,27.502337,27.517534,27.368093,27.406086
2019-11-21T19:30:00Z,27.40102,27.406086,27.325033,27.325033
2019-11-21T20:30:00Z,27.325033,27.385823,27.203453,27.203453
2019-11-22T14:30:00Z,27.228782,27.345296,27.160394,27.160394
2019-11-22T15:30:00Z,27.066676,27.147729,26.899504,26.970426
2019-11-22T16:30:00Z,26.980557,27.076808,26.975492,27.041347
2019-11-22T17:30:00Z,27.112269,27.147729,27.08694,27.097071
2019-11-22T18:30:00Z,27.107203,27.203453,27.107203,27.147729
2019-11-22T19:30:00Z,27.137598,27.223717,27.097071,27.203453
2019-11-22T20:30:00Z,27.198388,27.228782,27.132532,27.167993
2019-11-25T14:30:00Z,27.639114,27.646713,27.441547,27.639114
2019-11-25T15:30:00Z,27.634048,27.973458,27.634048,27.963326
2019-11-25T16:30:00Z,27.968392,28.130498,27.927866,28.074774
2019-11-25T17:30:00Z,28.049445,28.110235,27.998787,28.008919
2019-11-25T18:30:00Z,28.003853,28.069709,27.968392,27.973458
2019-11-25T19:30:00Z,27.98359,28.054511,27.98359,28.049445
2019-11-25T20:30:00Z,28.064643,28.064643,27.877207,27.892405
2019-11-26T14:30:00Z,28.216617,28.297671,27.593522,27.613785
2019-11-26T15:30:00Z,27.547929,27.750562,27.547929,27.710035
2019-11-26T16:30:00Z,27.699904,27.70497,27.593522,27.603653
2019-11-26T17:30:00Z,27.608719,27.623916,27.441547,27.446613
2019-11-26T18:30:00Z,27.421284,27.426349,27.1224,27.319967
2019-11-26T19:30:00Z,27.314901,27.350362,27.102137,27.142664
2019-11-26T20:30:00Z,27.132532,27.157861,26.929899,26.945097
2019-11-27T14:30:00Z,25.861011,26.418251,25.210053,26.332132
2019-11-27T15:30:00Z,26.337198,26.337198,25.876209,25.969926
2019-11-27T16:30:00Z,25.977525,25.977525,25.60772,25.638115
2019-11-27T17:30:00Z,25.627983,25.698905,25.359495,25.379758
2019-11-27T18:30:00Z,25.374692,25.531733,25.253113,25.506404
2019-11-27T19:30:00Z,25.516535,25.698905,25.400021,25.430416
2019-11-27T20:30:00Z,25.435482,25.612786,25.394956,25.526667
2019-11-29T14:30:00Z,25.465877,25.559595,24.731333,24.746531
2019-11-29T15:30:00Z,24.741465,24.939032,24.731333,24.792123
2019-11-29T16:30:00Z,24.781991,24.797189,24.564161,24.564161
2019-11-29T17:30:00Z,24.559095,24.695873,24.538832,24.599622
2019-12-02T14:30:00Z,24.579359,24.655346,24.118369,24.143698
2019-12-02T15:30:00Z,24.174093,24.194356,23.981592,24.062645
2019-12-02T16:30:00Z,24.062645,24.351397,24.057579,24.341265
2019-12-02T17:30:00Z,24.336199,24.376726,24.239949,24.37166
2019-12-02T18:30:00Z,24.386857,24.417252,24.315936,24.336199
2019-12-02T19:30:00Z,24.341265,24.361528,24.174093,24.212087
2019-12-02T20:30:00Z,24.219685,24.283008,24.163961,24.174093
2019-12-03T14:30:00Z,23.725768,23.920802,23.611787,23.738433
2019-12-03T15:30:00Z,23.75363,23.794157,23.525668,23.525668
2019-12-03T16:30:00Z,23.5358,23.784025,23.528201,23.773893
2019-12-03T17:30:00Z,23.776426,23.834683,23.657379,23.776426
2019-12-03T18:30:00Z,23.804288,23.844815,23.75363,23.75363
2019-12-03T19:30:00Z,23.761229,23.986658,23.75363,23.941065
2019-12-03T20:30:00Z,23.935999,24.052513,23.89294,24.022118
2019-12-04T14:30:00Z,24.255146,24.351397,24.082908,24.239949
2019-12-04T15:30:00Z,24.204488,24.290607,24.184225,24.184225
2019-12-04T16:30:00Z,24.219685,24.255146,24.194356,24.25008
2019-12-04T17:30:00Z,24.270344,24.303271,24.234883,24.285541
2019-12-04T18:30:00Z,24.265278,24.290607,24.209554,24.224751
2019-12-04T19:30:00Z,24.239949,24.295673,24.163961,24.204488
2019-12-04T20:30:00Z,24.209554,24.272877,24.115836,24.138632
2019-12-05T14:30:00Z,24.098106,24.098106,23.626984,24.03225
2019-12-05T15:30:00Z,24.042382,24.123435,24.037316,24.052513
2019-12-05T16:30:00Z,24.052513,24.082908,23.880275,23.885341
2019-12-05T17:30:00Z,23.885341,23.885341,23.748564,23.789091
2019-12-05T18:30:00Z,23.794157,23.91067,23.763762,23.849881
2019-12-05T19:30:00Z,23.824551,23.966394,23.81442,23.935999
2019-12-05T20:30:00Z,23.951197,24.022118,23.946131,23.976526
2019-12-06T14:30:00Z,24.044915,24.25008,23.97146,24.25008
2019-12-06T15:30:00Z,24.219685,24.670543,24.219685,24.442582
2019-12-06T16:30:00Z,24.391923,24.402055,24.300739,24.321002
2019-12-06T17:30:00Z,24.321002,24.326068,24.062645,24.062645
2019-12-06T18:30:00Z,24.057579,24.087974,23.925868,23.976526
2019-12-06T19:30:00Z,23.961329,23.981592,23.900539,23.935999
2019-12-06T20:30:00Z,23.946131,23.951197,23.829617,23.860012
2019-12-09T14:30:00Z,23.63205,23.854946,23.540866,23.819486
2019-12-09T15:30:00Z,23.829617,24.275409,23.824551,24.270344
2019-12-09T16:30:00Z,24.25008,24.295673,24.128501,24.179159
2019-12-09T17:30:00Z,24.229817,24.295673,24.042382,24.042382
2019-12-09T18:30:00Z,24.062645,24.158896,23.981592,24.158896
2019-12-09T19:30:00Z,24.148764,24.285541,24.128501,24.194356
2019-12-09T20:30:00Z,24.219685,24.229817,24.143698,24.143698
2019-12-10T14:30:00Z,23.976526,24.285541,23.925868,24.133566
2019-12-10T15:30:00Z,24.138632,24.224751,24.03225,24.03225
2019-12-10T16:30:00Z,24.03225,24.123435,24.027184,24.072777
2019-12-10T17:30:00Z,24.082908,24.082908,24.03225,24.057579
2019-12-10T18:30:00Z,24.047448,24.047448,23.979059,23.991724
2019-12-10T19:30:00Z,23.986658,23.986658,23.900539,23.941065
2019-12-10T20:30:00Z,23.941065,23.996789,23.905605,23.976526
2019-12-11T14:30:00Z,24.03225,24.067711,23.87521,23.97146
2019-12-11T15:30:00Z,23.97146,23.981592,23.773893,23.844815
2019-12-11T16:30:00Z,23.844815,24.001855,23.784025,24.001855
2019-12-11T17:30:00Z,23.981592,23.981592,23.905605,23.935999
2019-12-11T18:30:00Z,23.930934,24.082908,23.930934,24.006921
2019-12-11T19:30:00Z,24.001855,24.118369,24.001855,24.09304
2019-12-11T20:30:00Z,24.098106,24.184225,24.067711,24.184225
2019-12-12T14:30:00Z,23.941065,24.781991,23.890407,24.706004
2019-12-12T15:30:00Z,24.706004,24.812386,24.685741,24.77186
2019-12-12T16:30:00Z,24.77186,24.964361,24.761728,24.822518
2019-12-12T17:30:00Z,24.797189,25.020085,24.797189,24.98969
2019-12-12T18:30:00Z,25.009953,25.055546,24.949163,25.020085
2019-12-12T19:30:00Z,25.05048,25.141665,25.05048,25.141665
2019-12-12T20:30:00Z,25.14673,25.151796,24.939032,25.075809
2019-12-13T14:30:00Z,25.121401,25.308837,24.873176,25.258179
2019-12-13T15:30:00Z,25.232849,25.293639,25.136599,25.237915
2019-12-13T16:30:00Z,25.232849,25.369627,25.230317,25.339232
2019-12-13T17:30:00Z,25.339232,25.339232,25.101138,25.141665
2019-12-13T18:30:00Z,25.126467,25.141665,25.118868,25.121401
2019-12-13T19:30:00Z,25.121401,25.126467,24.944098,24.949163
2019-12-13T20:30:00Z,24.949163,25.060612,24.949163,24.994756
2019-12-16T14:30:00Z,25.202455,25.359495,25.065677,25.14673
2019-12-16T15:30:00Z,25.131533,25.242981,25.116336,25.192323
2019-12-16T16:30:00Z,25.182191,25.212586,25.126467,25.136599
2019-12-16T17:30:00Z,25.14673,25.151796,24.979558,25.002355
2019-12-16T18:30:00Z,24.984624,25.106204,24.964361,25.05048
2019-12-16T19:30:00Z,25.055546,25.139132,25.004888,25.136599
2019-12-16T20:30:00Z,25.123934,25.141665,25.065677,25.085941
2019-12-17T14:30:00Z,25.283508,25.3291,25.116336,25.14673
2019-12-17T15:30:00Z,25.161928,25.430416,25.161928,25.232849
2019-12-17T16:30:00Z,25.237915,25.237915,25.116336,25.121401
2019-12-17T17:30:00Z,25.116336,25.293639,25.11127,25.227784
2019-12-17T18:30:00Z,25.232849,25.273376,25.166994,25.26831
2019-12-17T19:30:00Z,25.258179,25.374692,25.258179,25.303771
2019-12-17T20:30:00Z,25.308837,25.344297,25.278442,25.308837
2019-12-18T14:30:00Z,25.379758,25.45068,25.177125,25.26831
2019-12-18T15:30:00Z,25.288573,25.303771,25.212586,25.298705
2019-12-18T16:30:00Z,25.288573,25.470943,25.278442,25.470943
2019-12-18T17:30:00Z,25.496272,25.496272,25.379758,25.45068
2019-12-18T18:30:00Z,25.481075,25.627983,25.481075,25.559595
2019-12-18T19:30:00Z,25.54693,25.567194,25.379758,25.38989
2019-12-18T20:30:00Z,25.384824,25.38989,25.283508,25.313903
2019-12-19T14:30:00Z,25.359495,25.384824,25.248047,25.293639
2019-12-19T15:30:00Z,25.324034,25.364561,25.263244,25.349363
2019-12-19T16:30:00Z,25.344297,25.496272,25.344297,25.405087
2019-12-19T17:30:00Z,25.394956,25.420285,25.372159,25.405087
2019-12-19T18:30:00Z,25.400021,25.445614,25.374692,25.420285
2019-12-19T19:30:00Z,25.430416,25.430416,25.303771,25.303771
2019-12-19T20:30:00Z,25.318968,25.339232,25.283508,25.293639
2019-12-20T14:30:00Z,25.48614,25.602654,25.298705,25.298705
2019-12-20T15:30:00Z,25.283508,25.308837,25.085941,25.151796
2019-12-20T16:30:00Z,25.161928,25.212586,25.083408,25.096072
2019-12-20T17:30:00Z,25.101138,25.3291,25.101138,25.318968
2019-12-20T18:30:00Z,25.278442,25.278442,25.141665,25.197389
2019-12-20T19:30:00Z,25.192323,25.26831,25.161928,25.237915
2019-12-20T20:30:00Z,25.237915,25.263244,25.113803,25.136599
2019-12-23T14:30:00Z,25.20752,25.551996,25.187257,25.551996
2019-12-23T15:30:00Z,25.54693,25.850879,25.51147,25.845814
2019-12-23T16:30:00Z,25.833149,25.855945,25.7293,25.785024
2019-12-23T17:30:00Z,25.714102,25.916735,25.714102,25.759695
2019-12-23T18:30:00Z,25.749563,25.749563,25.587457,25.597588
2019-12-23T19:30:00Z,25.567194,25.633049,25.531733,25.633049
2019-12-23T20:30:00Z,25.663444,25.663444,25.501338,25.567194
2019-12-24T14:30:00Z,25.54693,25.678642,25.506404,25.66851
2019-12-24T15:30:00Z,25.678642,25.815419,25.678642,25.759695
2019-12-24T16:30:00Z,25.744497,25.992722,25.744497,25.896472
2019-12-24T17:30:00Z,25.891406,25.896472,25.709037,25.759695
2019-12-26T14:30:00Z,26.058578,26.453712,26.018052,26.316935
2019-12-26T15:30:00Z,26.342264,26.473975,26.306803,26.392922
2019-12-26T16:30:00Z,26.377725,26.463844,26.314402,26.377725
2019-12-26T17:30:00Z,26.372659,26.387856,26.316935,26.357461
2019-12-26T18:30:00Z,26.372659,26.397988,26.357461,26.357461
2019-12-26T19:30:00Z,26.362527,26.367593,26.311869,26.337198
2019-12-26T20:30:00Z,26.332132,26.377725,26.322001,26.322001
2019-12-27T14:30:00Z,26.392922,26.392922,25.82555,26.002854
2019-12-27T15:30:00Z,26.00792,26.10417,26.002854,26.048446
2019-12-27T16:30:00Z,25.987657,25.987657,25.79009,25.797688
2019-12-27T17:30:00Z,25.779958,25.866077,25.769826,25.79009
2019-12-27T18:30:00Z,25.744497,25.79009,25.698905,25.79009
2019-12-27T19:30:00Z,25.810353,25.876209,25.759695,25.774892
2019-12-27T20:30:00Z,25.779958,25.838215,25.754629,25.838215
2019-12-30T14:30:00Z,25.785024,25.810353,25.597588,25.622918
2019-12-30T15:30:00Z,25.658378,25.962327,25.658378,25.957262
2019-12-30T16:30:00Z,25.94713,25.962327,25.845814,25.957262
2019-12-30T17:30:00Z,25.957262,26.073776,25.942064,26.073776
2019-12-30T18:30:00Z,26.045914,26.101638,26.005387,26.012986
2019-12-30T19:30:00Z,26.010453,26.010453,25.835682,25.891406
2019-12-30T20:30:00Z,25.888873,25.891406,25.754629,25.785024
2019-12-31T14:30:00Z,25.769826,26.099105,25.688773,26.073776
2019-12-31T15:30:00Z,26.073776,26.276408,26.063644,26.139631
2019-12-31T16:30:00Z,26.124434,26.251079,26.088973,26.185224
2019-12-31T17:30:00Z,26.200421,26.200421,26.053512,26.094039
2019-12-31T18:30:00Z,26.088973,26.144697,26.038315,26.083907
2019-12-31T19:30:00Z,26.088973,26.094039,26.06871,26.088973
2019-12-31T20:30:00Z,26.073776,26.175092,26.00792,26.033249
2020-01-02T14:30:00Z,26.291606,26.40812,26.134565,26.40812
2020-01-02T15:30:00Z,26.40812,26.651279,26.357461,26.636082
2020-01-02T16:30:00Z,26.620884,26.620884,26.413185,26.453712
2020-01-02T17:30:00Z,26.44358,26.458778,26.337198,26.403054
2020-01-02T18:30:00Z,26.397988,26.433449,26.28654,26.332132
2020-01-02T19:30:00Z,26.342264,26.367593,26.28654,26.352396
2020-01-02T20:30:00Z,26.352396,26.499304,26.34733,26.499304
2020-01-03T14:30:00Z,26.033249,26.28654,25.936998,26.094039
2020-01-03T15:30:00Z,26.088973,26.088973,25.850879,25.850879
2020-01-03T16:30:00Z,25.840748,25.936998,25.764761,25.926867
2020-01-03T17:30:00Z,25.901538,25.936998,25.876209,25.88634
2020-01-03T18:30:00Z,25.906603,25.911669,25.648247,25.648247
2020-01-03T19:30:00Z,25.643181,25.785024,25.633049,25.673576
2020-01-03T20:30:00Z,25.648247,25.658378,25.54693,25.643181
2020-01-06T14:30:00Z,25.435482,25.60772,25.435482,25.582391
2020-01-06T15:30:00Z,25.582391,25.911669,25.567194,25.911669
2020-01-06T16:30:00Z,25.906603,25.926867,25.800221,25.800221
2020-01-06T17:30:00Z,25.79009,25.79009,25.663444,25.779958
2020-01-06T18:30:00Z,25.785024,25.94713,25.759695,25.926867
2020-01-06T19:30:00Z,25.936998,25.977525,25.876209,25.896472
2020-01-06T20:30:00Z,25.881274,25.916735,25.855945,25.88634
2020-01-07T14:30:00Z,25.866077,25.899005,25.476009,25.501338
2020-01-07T15:30:00Z,25.481075,25.521601,25.422818,25.445614
2020-01-07T16:30:00Z,25.445614,25.445614,25.242981,25.242981
2020-01-07T17:30:00Z,25.227784,25.339232,25.20752,25.227784
2020-01-07T18:30:00Z,25.237915,25.248047,25.121401,25.121401
2020-01-07T19:30:00Z,25.118868,25.313903,25.118868,25.313903
2020-01-07T20:30:00Z,25.31137,25.318968,25.204987,25.222718
2020-01-08T14:30:00Z,25.217652,25.253113,25.106204,25.106204
2020-01-08T15:30:00Z,25.096072,25.187257,24.918769,25.187257
2020-01-08T16:30:00Z,25.156862,25.283508,25.040348,25.108737
2020-01-08T17:30:00Z,25.116336,25.232849,25.065677,25.131533
2020-01-08T18:30:00Z,25.131533,25.278442,25.131533,25.237915
2020-01-08T19:30:00Z,25.212586,25.334166,25.151796,25.324034
2020-01-08T20:30:00Z,25.324034,25.349363,25.303771,25.3291
2020-01-09T14:30:00Z,25.425351,25.440548,24.974493,24.974493
2020-01-09T15:30:00Z,24.979558,25.096072,24.837715,24.878242
2020-01-09T16:30:00Z,24.883308,25.085941,24.847847,25.085941
2020-01-09T17:30:00Z,25.080875,25.18979,25.065677,25.126467
2020-01-09T18:30:00Z,25.121401,25.182191,25.075809,25.080875
2020-01-09T19:30:00Z,25.080875,25.166994,25.05048,25.156862
2020-01-09T20:30:00Z,25.151796,25.164461,25.085941,25.126467
2020-01-10T14:30:00Z,25.14673,25.273376,25.14673,25.202455
2020-01-10T15:30:00Z,25.197389,25.278442,25.161928,25.212586
2020-01-10T16:30:00Z,25.212586,25.222718,25.177125,25.20752
2020-01-10T17:30:00Z,25.217652,25.248047,25.202455,25.20752
2020-01-10T18:30:00Z,25.217652,25.222718,25.121401,25.131533
2020-01-10T19:30:00Z,25.129,25.156862,25.126467,25.136599
2020-01-10T20:30:00Z,25.131533,25.131533,25.035282,25.060612
2020-01-13T14:30:00Z,25.101138,25.101138,24.700938,24.792123
2020-01-13T15:30:00Z,24.812386,25.151796,24.774393,25.126467
2020-01-13T16:30:00Z,25.123934,25.318968,25.096072,25.296172
2020-01-13T17:30:00Z,25.303771,25.303771,25.199922,25.20752
2020-01-13T18:30:00Z,25.202455,25.222718,25.091006,25.192323
2020-01-13T19:30:00Z,25.187257,25.202455,25.091006,25.126467
2020-01-13T20:30:00Z,25.126467,25.26831,25.126467,25.253113
2020-01-14T14:30:00Z,25.26831,25.506404,25.232849,25.481075
2020-01-14T15:30:00Z,25.481075,25.643181,25.364561,25.602654
2020-01-14T16:30:00Z,25.597588,25.861011,25.572259,25.861011
2020-01-14T17:30:00Z,25.876209,26.094039,25.876209,25.931933
2020-01-14T18:30:00Z,25.926867,25.982591,25.805287,25.936998
2020-01-14T19:30:00Z,25.896472,25.896472,25.754629,25.769826
2020-01-14T20:30:00Z,25.779958,25.850879,25.7293,25.774892
2020-01-15T14:30:00Z,25.698905,25.769826,25.592523,25.7293
2020-01-15T15:30:00Z,25.734366,25.754629,25.54693,25.617852
2020-01-15T16:30:00Z,25.622918,25.896472,25.622918,25.871143
2020-01-15T17:30:00Z,25.861011,25.876209,25.693839,25.7293
2020-01-15T18:30:00Z,25.7293,25.850879,25.688773,25.795155
2020-01-15T19:30:00Z,25.795155,25.805287,25.60772,25.612786
2020-01-15T20:30:00Z,25.617852,25.648247,25.541864,25.643181
2020-01-16T14:30:00Z,25.779958,26.058578,25.688773,26.058578
2020-01-16T15:30:00Z,26.063644,26.202954,25.795155,25.871143
2020-01-16T16:30:00Z,25.866077,25.906603,25.795155,25.795155
2020-01-16T17:30:00Z,25.795155,25.94713,25.764761,25.845814
2020-01-16T18:30:00Z,25.855945,25.942064,25.855945,25.921801
2020-01-16T19:30:00Z,25.921801,25.931933,25.835682,25.871143
2020-01-16T20:30:00Z,25.871143,26.028183,25.850879,26.028183
2020-01-17T14:30:00Z,26.073776,26.073776,25.648247,25.683707
2020-01-17T15:30:00Z,25.734366,25.734366,25.465877,25.501338
2020-01-17T16:30:00Z,25.498805,25.536799,25.405087,25.506404
2020-01-17T17:30:00Z,25.476009,25.622918,25.476009,25.481075
2020-01-17T18:30:00Z,25.455746,25.501338,25.430416,25.470943
2020-01-17T19:30:00Z,25.460811,25.516535,25.354429,25.430416
2020-01-17T20:30:00Z,25.435482,25.551996,25.364561,25.51147
2020-01-21T14:30:00Z,25.405087,25.405087,24.903571,24.906104
2020-01-21T15:30:00Z,24.903571,25.035282,24.781991,24.954229
2020-01-21T16:30:00Z,24.98969,25.11127,24.966894,25.025151
2020-01-21T17:30:00Z,25.025151,25.030217,24.918769,24.98969
2020-01-21T18:30:00Z,25.030217,25.055546,24.949163,25.035282
2020-01-21T19:30:00Z,25.00742,25.113803,25.00742,25.106204
2020-01-21T20:30:00Z,25.106204,25.11127,24.969427,24.969427
2020-01-22T14:30:00Z,25.121401,25.253113,25.121401,25.182191
2020-01-22T15:30:00Z,25.212586,25.364561,25.212586,25.258179
2020-01-22T16:30:00Z,25.278442,25.278442,25.14673,25.161928
2020-01-22T17:30:00Z,25.161928,25.263244,25.161928,25.263244
2020-01-22T18:30:00Z,25.293639,25.293639,25.091006,25.101138
2020-01-22T19:30:00Z,25.136599,25.253113,25.136599,25.242981
2020-01-22T20:30:00Z,25.235382,25.349363,25.204987,25.331633
2020-01-23T14:30:00Z,25.324034,25.324034,25.020085,25.197389
2020-01-23T15:30:00Z,25.197389,25.202455,25.091006,25.151796
2020-01-23T16:30:00Z,25.166994,25.303771,25.166994,25.303771
2020-01-23T17:30:00Z,25.334166,25.379758,25.303771,25.354429
2020-01-23T18:30:00Z,25.364561,25.455746,25.364561,25.455746
2020-01-23T19:30:00Z,25.503871,25.54693,25.470943,25.54693
2020-01-23T20:30:00Z,25.54693,25.562128,25.491206,25.526667
2020-01-24T14:30:00Z,25.597588,25.855945,25.597588,25.703971
2020-01-24T15:30:00Z,25.66851,25.703971,25.470943,25.491206
2020-01-24T16:30:00Z,25.470943,25.491206,25.096072,25.11127
2020-01-24T17:30:00Z,25.14673,25.278442,25.14673,25.217652
2020-01-24T18:30:00Z,25.248047,25.303771,25.192323,25.217652
2020-01-24T19:30:00Z,25.237915,25.405087,25.20752,25.349363
2020-01-24T20:30:00Z,25.336699,25.336699,25.245514,25.31137
2020-01-27T14:30:00Z,24.680675,24.721202,24.386857,24.447647
2020-01-27T15:30:00Z,24.447647,24.472976,24.303271,24.472976
2020-01-27T16:30:00Z,24.462845,24.526168,24.457779,24.503371
2020-01-27T17:30:00Z,24.503371,24.660412,24.503371,24.569227
2020-01-27T18:30:00Z,24.604688,24.604688,24.49324,24.521102
2020-01-27T19:30:00Z,24.49324,24.5287,24.37166,24.472976
2020-01-27T20:30:00Z,24.462845,24.475509,24.396989,24.396989
2020-01-28T14:30:00Z,24.58949,24.797189,24.548964,24.792123
2020-01-28T15:30:00Z,24.802255,24.923834,24.655346,24.766794
2020-01-28T16:30:00Z,24.756662,24.83265,24.721202,24.736399
2020-01-28T17:30:00Z,24.721202,24.837715,24.71107,24.766794
2020-01-28T18:30:00Z,24.726267,24.741465,24.630017,24.690807
2020-01-28T19:30:00Z,24.700938,24.776926,24.670543,24.7288
2020-01-28T20:30:00Z,24.721202,24.766794,24.65028,24.65028
2020-01-29T14:30:00Z,24.721202,24.736399,24.614819,24.690807
2020-01-29T15:30:00Z,24.703471,24.766794,24.614819,24.655346
2020-01-29T16:30:00Z,24.655346,24.77186,24.63255,24.71107
2020-01-29T17:30:00Z,24.706004,24.787057,24.700938,24.787057
2020-01-29T18:30:00Z,24.827584,24.847847,24.766794,24.787057
2020-01-29T19:30:00Z,24.822518,24.898505,24.721202,24.766794
2020-01-29T20:30:00Z,24.761728,24.802255,24.726267,24.802255
2020-01-30T14:30:00Z,24.467911,24.746531,24.442582,24.670543
2020-01-30T15:30:00Z,24.680675,24.726267,24.579359,24.695873
2020-01-30T16:30:00Z,24.66801,24.78959,24.66801,24.721202
2020-01-30T17:30:00Z,24.71107,24.721202,24.614819,24.713603
2020-01-30T18:30:00Z,24.700938,24.746531,24.609754,24.721202
2020-01-30T19:30:00Z,24.71107,24.898505,24.655346,24.857979
2020-01-30T20:30:00Z,24.906104,25.040348,24.906104,25.035282
2020-01-31T14:30:00Z,24.888374,24.888374,24.607221,24.607221
2020-01-31T15:30:00Z,24.63255,24.670543,24.391923,24.480575
2020-01-31T16:30:00Z,24.462845,24.614819,24.457779,24.599622
2020-01-31T17:30:00Z,24.586957,24.599622,24.43245,24.518569
2020-01-31T18:30:00Z,24.51097,24.543898,24.452713,24.478042
2020-01-31T19:30:00Z,24.457779,24.57176,24.447647,24.55403
2020-01-31T20:30:00Z,24.548964,24.71107,24.548964,24.71107
2020-02-03T14:30:00Z,24.655346,24.895972,24.655346,24.895972
2020-02-03T15:30:00Z,24.918769,24.969427,24.898505,24.918769
2020-02-03T16:30:00Z,24.913703,24.923834,24.837715,24.918769
2020-02-03T17:30:00Z,24.918769,24.964361,24.837715,24.898505
2020-02-03T18:30:00Z,24.903571,24.999822,24.883308,24.883308
2020-02-03T19:30:00Z,24.888374,24.979558,24.883308,24.949163
2020-02-03T20:30:00Z,24.954229,24.954229,24.842781,24.923834
2020-02-04T14:30:00Z,25.156862,25.51147,25.156862,25.506404
2020-02-04T15:30:00Z,25.51147,26.073776,25.470943,26.073776
2020-02-04T16:30:00Z,26.058578,26.058578,25.769826,25.769826
2020-02-04T17:30:00Z,25.734366,25.823017,25.714102,25.741964
2020-02-04T18:30:00Z,25.714102,25.820485,25.703971,25.764761
2020-02-04T19:30:00Z,25.754629,26.028183,25.739431,25.944597
2020-02-04T20:30:00Z,25.944597,25.94713,25.785024,25.855945
2020-02-05T14:30:00Z,26.159894,26.539831,26.058578,26.159894
2020-02-05T15:30:00Z,26.144697,26.144697,25.691306,25.7293
2020-02-05T16:30:00Z,25.724234,25.997788,25.719168,25.94713
2020-02-05T17:30:00Z,25.815419,25.871143,25.739431,25.739431
2020-02-05T18:30:00Z,25.744497,25.795155,25.633049,25.79009
2020-02-05T19:30:00Z,25.785024,25.855945,25.734366,25.764761
2020-02-05T20:30:00Z,25.764761,25.79009,25.673576,25.724234
2020-02-06T14:30:00Z,26.018052,26.428383,25.936998,26.382791
2020-02-06T15:30:00Z,26.352396,26.549963,26.34733,26.463844
2020-02-06T16:30:00Z,26.463844,26.605687,26.453712,26.544897
2020-02-06T17:30:00Z,26.529699,26.727266,26.529699,26.717135
2020-02-06T18:30:00Z,26.722201,26.813385,26.615818,26.666476
2020-02-06T19:30:00Z,26.681674,26.737398,26.549963,26.641147
2020-02-06T20:30:00Z,26.646213,26.78299,26.646213,26.757661
2020-02-07T14:30:00Z,26.433449,26.484107,26.023117,26.10417
2020-02-07T15:30:00Z,26.10417,26.144697,25.866077,25.997788
2020-02-07T16:30:00Z,26.00792,26.018052,25.835682,25.952196
2020-02-07T17:30:00Z,25.972459,26.048446,25.952196,25.992722
2020-02-07T18:30:00Z,25.992722,26.053512,25.94713,26.038315
2020-02-07T19:30:00Z,26.043381,26.190289,26.043381,26.119368
2020-02-07T20:30:00Z,26.119368,26.22575,26.088973,26.139631
2020-02-10T14:30:00Z,25.850879,25.942064,25.617852,25.896472
2020-02-10T15:30:00Z,25.94713,26.012986,25.921801,25.931933
2020-02-10T16:30:00Z,25.974992,26.088973,25.926867,26.058578
2020-02-10T17:30:00Z,26.083907,26.124434,26.023117,26.091506
2020-02-10T18:30:00Z,26.1295,26.235882,26.078841,26.230816
2020-02-10T19:30:00Z,26.240948,26.332132,26.240948,26.301737
2020-02-10T20:30:00Z,26.278941,26.423317,26.251079,26.403054
2020-02-11T14:30:00Z,26.534765,26.858978,26.534765,26.620884
2020-02-11T15:30:00Z,26.620884,26.666476,26.433449,26.453712
2020-02-11T16:30:00Z,26.456245,26.600621,26.456245,26.529699
2020-02-11T17:30:00Z,26.56516,26.595555,26.479041,26.544897
2020-02-11T18:30:00Z,26.56516,26.600621,26.494239,26.560094
2020-02-11T19:30:00Z,26.575292,26.575292,26.489173,26.499304
2020-02-11T20:30:00Z,26.50437,26.534765,26.46891,26.484107
2020-02-12T14:30:00Z,26.848846,26.990689,26.717135,26.848846
2020-02-12T15:30:00Z,26.869109,26.879241,26.671542,26.762727
2020-02-12T16:30:00Z,26.752595,26.960294,26.752595,26.960294
2020-02-12T17:30:00Z,26.950162,27.109736,26.90457,27.08694
2020-02-12T18:30:00Z,27.081874,27.081874,26.990689,26.995755
2020-02-12T19:30:00Z,26.929899,27.092005,26.929899,27.04388
2020-02-12T20:30:00Z,27.04388,27.066676,26.990689,27.000821
2020-02-13T14:30:00Z,26.301737,26.428383,26.10417,26.362527
2020-02-13T15:30:00Z,26.337198,26.570226,26.337198,26.555028
2020-02-13T16:30:00Z,26.549963,26.636082,26.532232,26.575292
2020-02-13T17:30:00Z,26.62595,26.62595,26.555028,26.595555
2020-02-13T18:30:00Z,26.580358,26.646213,26.489173,26.646213
2020-02-13T19:30:00Z,26.646213,26.752595,26.473975,26.56516
2020-02-13T20:30:00Z,26.580358,26.631016,26.580358,26.623417
2020-02-14T14:30:00Z,26.772859,27.107203,26.772859,26.945097
2020-02-14T15:30:00Z,26.929899,26.950162,26.853912,26.88684
2020-02-14T16:30:00Z,26.889373,26.909636,26.737398,26.737398
2020-02-14T17:30:00Z,26.732332,26.838714,26.732332,26.793122
2020-02-14T18:30:00Z,26.78299,26.84378,26.757661,26.762727
2020-02-14T19:30:00Z,26.762727,26.84378,26.661411,26.671542
2020-02-14T20:30:00Z,26.681674,26.78299,26.681674,26.78299
2020-02-18T14:30:00Z,26.50437,26.803254,26.281474,26.62595
2020-02-18T15:30:00Z,26.595555,26.762727,26.595555,26.74753
2020-02-18T16:30:00Z,26.767793,26.813385,26.656345,26.696871
2020-02-18T17:30:00Z,26.712069,26.712069,26.590489,26.631016
2020-02-18T18:30:00Z,26.595555,26.615818,26.453712,26.615818
2020-02-18T19:30:00Z,26.646213,26.701937,26.615818,26.696871
2020-02-18T20:30:00Z,26.691806,26.742464,26.610752,26.737398
2020-02-19T14:30:00Z,26.777925,27.000821,26.777925,26.808319
2020-02-19T15:30:00Z,26.838714,26.899504,26.732332,26.858978
2020-02-19T16:30:00Z,26.833649,26.924833,26.808319,26.874175
2020-02-19T17:30:00Z,26.864043,27.010952,26.864043,27.010952
2020-02-19T18:30:00Z,27.02615,27.102137,27.02615,27.097071
2020-02-19T19:30:00Z,27.076808,27.112269,27.016018,27.112269
2020-02-19T20:30:00Z,27.1224,27.142664,27.016018,27.021084
2020-02-20T14:30:00Z,26.985623,27.046413,26.767793,26.793122
2020-02-20T15:30:00Z,26.74753,26.924833,26.707003,26.742464
2020-02-20T16:30:00Z,26.752595,26.757661,26.544897,26.555028
2020-02-20T17:30:00Z,26.570226,26.851379,26.570226,26.808319
2020-02-20T18:30:00Z,26.874175,26.914702,26.808319,26.914702
2020-02-20T19:30:00Z,26.90457,26.919767,26.808319,26.864043
2020-02-20T20:30:00Z,26.884307,26.902037,26.813385,26.848846
2020-02-21T14:30:00Z,26.62595,26.62595,26.195355,26.251079
2020-02-21T15:30:00Z,26.246013,26.296672,26.063644,26.124434
2020-02-21T16:30:00Z,26.159894,26.246013,25.952196,26.230816
2020-02-21T17:30:00Z,26.220684,26.377725,26.210553,26.28654
2020-02-21T18:30:00Z,26.266277,26.266277,25.977525,26.114302
2020-02-21T19:30:00Z,26.149763,26.22575,26.1295,26.139631
2020-02-21T20:30:00Z,26.159894,26.301737,26.114302,26.200421
2020-02-24T14:30:00Z,25.212586,25.232849,24.716136,24.797189
2020-02-24T15:30:00Z,24.807321,24.807321,24.523635,24.670543
2020-02-24T16:30:00Z,24.624951,24.640148,24.356463,24.376726
2020-02-24T17:30:00Z,24.366594,24.396989,24.087974,24.103172
2020-02-24T18:30:00Z,24.082908,24.457779,24.027184,24.447647
2020-02-24T19:30:00Z,24.442582,24.77186,24.427384,24.635083
2020-02-24T20:30:00Z,24.630017,24.690807,24.478042,24.478042
2020-02-25T14:30:00Z,24.863045,24.863045,24.189291,24.25008
2020-02-25T15:30:00Z,24.219685,24.295673,23.991724,24.133566
2020-02-25T16:30:00Z,24.143698,24.184225,24.011987,24.082908
2020-02-25T17:30:00Z,24.108237,24.15383,23.870144,23.870144
2020-02-25T18:30:00Z,23.844815,23.844815,23.439549,23.444615
2020-02-25T19:30:00Z,23.434483,23.829617,23.41422,23.662445
2020-02-25T20:30:00Z,23.647248,23.652314,23.419286,23.419286
2020-02-26T14:30:00Z,23.642182,23.834683,23.566195,23.824551
2020-02-26T15:30:00Z,23.784025,23.930934,23.616853,23.794157
2020-02-26T16:30:00Z,23.794157,23.794157,23.399023,23.469944
2020-02-26T17:30:00Z,23.510471,23.530734,23.211587,23.221719
2020-02-26T18:30:00Z,23.29264,23.29264,22.948165,23.125468
2020-02-26T19:30:00Z,23.044415,23.287575,23.044415,23.186258
2020-02-26T20:30:00Z,23.186258,23.393957,23.186258,23.312904
2020-02-27T14:30:00Z,22.507438,22.507438,21.772894,22.016054
2020-02-27T15:30:00Z,22.010988,22.7354,21.970461,22.593557
2020-02-27T16:30:00Z,22.537833,22.938033,22.320003,22.938033
2020-02-27T17:30:00Z,22.91777,23.064678,22.829118,22.887375
2020-02-27T18:30:00Z,22.887375,22.976027,22.608755,22.867111
2020-02-27T19:30:00Z,22.816453,22.826585,22.325069,22.330135
2020-02-27T20:30:00Z,22.325069,22.350398,22.081909,22.112304
2020-02-28T14:30:00Z,20.896508,21.818487,20.425386,20.66348
2020-02-28T15:30:00Z,20.643216,20.916771,20.415255,20.774928
2020-02-28T16:30:00Z,20.683743,21.073811,20.303807,20.577361
2020-02-28T17:30:00Z,20.653348,21.170062,20.5419,21.000357
2020-02-28T18:30:00Z,20.886376,20.947166,20.389926,20.567229
2020-02-28T19:30:00Z,20.628019,20.714138,19.86308,19.86308
2020-02-28T20:30:00Z,19.870679,20.5419,19.870679,20.526703
2020-03-02T14:30:00Z,20.617887,20.622953,19.964397,20.070779
2020-03-02T15:30:00Z,20.116371,20.668546,20.025186,20.645749
2020-03-02T16:30:00Z,20.643216,20.855981,20.562163,20.805323
2020-03-02T17:30:00Z,20.810389,20.840783,20.739467,20.779994
2020-03-02T18:30:00Z,20.795191,21.078877,20.75973,20.982626
2020-03-02T19:30:00Z,20.987692,21.116871,20.815454,21.116871
2020-03-02T20:30:00Z,21.172595,21.514538,21.149799,21.468945
2020-03-03T14:30:00Z,21.382826,22.137633,21.15993,22.000856
2020-03-03T15:30:00Z,22.036317,22.05658,21.362563,21.408155
2020-03-03T16:30:00Z,21.40309,21.762763,21.392958,21.567729
2020-03-03T17:30:00Z,21.56013,21.823553,21.519603,21.582926
2020-03-03T18:30:00Z,21.575327,21.661446,20.997824,21.240983
2020-03-03T19:30:00Z,21.296707,21.580393,21.114338,21.549998
2020-03-03T20:30:00Z,21.565196,21.565196,21.058614,21.154864
2020-03-04T14:30:00Z,21.590525,21.590525,20.871178,21.362563
2020-03-04T15:30:00Z,21.3423,21.529735,21.235917,21.529735
2020-03-04T16:30:00Z,21.524669,21.585459,21.367629,21.49934
2020-03-04T17:30:00Z,21.49934,21.914737,21.484143,21.914737
2020-03-04T18:30:00Z,21.848882,21.874211,21.737434,21.828618
2020-03-04T19:30:00Z,21.843816,21.869145,21.722236,21.864079
2020-03-04T20:30:00Z,21.864079,21.970461,21.793158,21.965396
2020-03-05T14:30:00Z,21.266312,21.519603,21.096607,21.352431
2020-03-05T15:30:00Z,21.365096,21.400557,21.144733,21.251115
2020-03-05T16:30:00Z,21.291641,21.291641,21.043416,21.09914
2020-03-05T17:30:00Z,21.078877,21.094074,20.678677,20.921837
2020-03-05T18:30:00Z,20.937034,21.023153,20.719204,20.719204
2020-03-05T19:30:00Z,20.72427,20.957297,20.511505,20.633085
2020-03-05T20:30:00Z,20.622953,20.795191,20.592558,20.688809
2020-03-06T14:30:00Z,19.64525,20.303807,19.599658,20.288609
2020-03-06T15:30:00Z,20.389926,20.673611,20.26328,20.26328
2020-03-06T16:30:00Z,20.268346,20.298741,20.020121,20.020121
2020-03-06T17:30:00Z,20.040384,20.243017,20.040384,20.146766
2020-03-06T18:30:00Z,20.192359,20.192359,19.86308,19.873212
2020-03-06T19:30:00Z,19.852949,19.989726,19.630052,19.827619
2020-03-06T20:30:00Z,19.812422,20.121437,19.80229,20.060647
2020-03-09T13:30:00Z,18.485177,18.632086,18.171096,18.252149
2020-03-09T14:30:00Z,18.282544,18.454782,18.049517,18.201491
2020-03-09T15:30:00Z,18.176162,18.621954,18.176162,18.46998
2020-03-09T16:30:00Z,18.472513,18.477578,17.963398,18.277479
2020-03-09T17:30:00Z,18.292676,18.40919,18.290143,18.340801
2020-03-09T18:30:00Z,18.333203,18.543434,18.300275,18.543434
2020-03-09T19:30:00Z,18.540901,18.596625,18.363598,18.363598
2020-03-10T13:30:00Z,19.128536,19.376762,18.601691,19.02722
2020-03-10T14:30:00Z,19.042417,19.057615,18.839785,18.839785
2020-03-10T15:30:00Z,18.723271,18.723271,18.247084,18.282544
2020-03-10T16:30:00Z,18.292676,18.733402,18.140701,18.657415
2020-03-10T17:30:00Z,18.647283,18.811923,18.429453,18.804324
2020-03-10T18:30:00Z,18.824587,19.48821,18.814455,19.470479
2020-03-10T19:30:00Z,19.437551,19.949199,19.391959,19.840284
2020-03-11T13:30:00Z,19.067746,19.442617,18.915772,18.920838
2020-03-11T14:30:00Z,18.918305,19.18426,18.677678,19.153865
2020-03-11T15:30:00Z,19.158931,19.528736,19.037352,19.290643
2020-03-11T16:30:00Z,19.293175,19.293175,18.849916,19.128536
2020-03-11T17:30:00Z,19.143734,19.174129,18.778995,18.814455
2020-03-11T18:30:00Z,18.84485,19.179195,18.741001,18.875245
2020-03-11T19:30:00Z,18.814455,19.047483,18.53077,18.692876
2020-03-12T13:30:00Z,16.99076,17.218722,16.859049,17.005958
2020-03-12T14:30:00Z,17.008491,17.155399,16.843852,16.947701
2020-03-12T15:30:00Z,16.952767,16.980629,16.522172,16.666548
2020-03-12T16:30:00Z,16.666548,17.689843,16.666548,17.320039
2020-03-12T17:30:00Z,17.314973,17.396026,16.656416,16.696943
2020-03-12T18:30:00Z,16.689344,16.884378,16.49431,16.595626
2020-03-12T19:30:00Z,16.605758,17.213656,16.367664,16.580429
2020-03-13T13:30:00Z,17.821555,17.821555,17.294709,17.606257
2020-03-13T14:30:00Z,17.601192,17.65185,17.228854,17.244051
2020-03-13T15:30:00Z,17.223788,17.238985,16.815989,17.003425
2020-03-13T16:30:00Z,16.950234,17.193393,16.950234,17.193393
2020-03-13T17:30:00Z,17.193393,17.403625,17.071813,17.107274
2020-03-13T18:30:00Z,17.107274,18.00899,17.097143,17.507474
2020-03-13T19:30:00Z,17.502408,18.211623,17.259249,18.211623
2020-03-16T13:30:00Z,15.232921,17.087011,15.232921,16.945168
2020-03-16T14:30:00Z,16.945168,17.152867,16.818522,16.919839
2020-03-16T15:30:00Z,16.92997,16.99076,16.742535,16.848917
2020-03-16T16:30:00Z,16.874246,17.061682,16.874246,16.889444
2020-03-16T17:30:00Z,16.89451,17.360565,16.89451,16.983162
2020-03-16T18:30:00Z,16.983162,17.274446,16.686811,16.686811
2020-03-16T19:30:00Z,16.681745,16.808391,16.299276,16.317006
2020-03-17T13:30:00Z,16.681745,16.874246,15.31904,16.180229
2020-03-17T14:30:00Z,16.200492,16.899576,16.099176,16.859049
2020-03-17T15:30:00Z,16.788127,16.899576,16.605758,16.610824
2020-03-17T16:30:00Z,16.61589,16.620955,16.261282,16.271414
2020-03-17T17:30:00Z,16.327138,16.438586,16.099176,16.165032
2020-03-17T18:30:00Z,16.165032,16.428454,15.749634,15.868681
2020-03-17T19:30:00Z,15.868681,15.926938,15.739503,15.856017
2020-03-18T13:30:00Z,14.695944,15.237987,14.523706,15.030288
2020-03-18T14:30:00Z,15.04042,15.04042,14.331205,14.442653
2020-03-18T15:30:00Z,14.493311,14.635154,14.184296,14.280547
2020-03-18T16:30:00Z,14.310942,14.310942,13.130605,13.22179
2020-03-18T17:30:00Z,13.216724,13.68278,12.938104,13.34337
2020-03-18T18:30:00Z,13.333238,14.098177,13.262317,14.047519
2020-03-18T19:30:00Z,14.050052,14.650351,13.9614,14.619957
2020-03-19T13:30:00Z,14.706075,15.552067,14.295744,15.450751
2020-03-19T14:30:00Z,15.445685,16.048518,15.445685,15.987728
2020-03-19T15:30:00Z,15.967465,16.210624,15.810424,16.048518
2020-03-19T16:30:00Z,16.083979,16.089044,15.511541,15.648318
2020-03-19T17:30:00Z,15.628055,16.529771,15.526738,16.392994
2020-03-19T18:30:00Z,16.279013,16.550034,16.109308,16.180229
2020-03-19T19:30:00Z,16.200492,16.453783,16.043452,16.210624
2020-03-20T13:30:00Z,16.661482,17.882345,16.646285,17.882345
2020-03-20T14:30:00Z,17.933003,18.682744,17.370697,17.644251
2020-03-20T15:30:00Z,17.694909,18.429453,17.542935,17.66958
2020-03-20T16:30:00Z,17.715173,18.014056,17.588527,17.806357
2020-03-20T17:30:00Z,17.796226,18.062181,17.699975,17.770897
2020-03-20T18:30:00Z,17.786094,17.834219,16.71214,16.945168
2020-03-20T19:30:00Z,16.960365,16.970497,16.220756,16.43352
2020-03-23T13:30:00Z,16.59056,17.259249,16.030787,17.076879
2020-03-23T14:30:00Z,17.011024,17.249117,16.489244,16.580429
2020-03-23T15:30:00Z,16.61589,16.99076,16.339802,16.788127
2020-03-23T16:30:00Z,16.752667,17.775962,16.732403,17.522671
2020-03-23T17:30:00Z,17.396026,17.857016,17.087011,17.841818
2020-03-23T18:30:00Z,17.796226,18.039385,17.137669,17.17313
2020-03-23T19:30:00Z,17.107274,17.385894,16.950234,17.218722
2020-03-24T13:30:00Z,18.464914,18.961364,18.257215,18.515572
2020-03-24T14:30:00Z,18.424387,18.500375,17.517606,17.933003
2020-03-24T15:30:00Z,17.988727,18.551033,17.927937,18.525704
2020-03-24T16:30:00Z,18.535835,18.659948,18.353466,18.586494
2020-03-24T17:30:00Z,18.571296,18.62702,18.145767,18.601691
2020-03-24T18:30:00Z,18.571296,19.543934,18.525704,19.538868
2020-03-24T19:30:00Z,19.52367,19.675645,19.391959,19.675645
2020-03-25T13:30:00Z,19.761764,20.729335,19.432486,19.695908
2020-03-25T14:30:00Z,19.842817,20.544433,19.756698,20.473512
2020-03-25T15:30:00Z,20.491242,21.210588,20.410189,21.154864
2020-03-25T16:30:00Z,21.129535,21.453748,20.815454,21.048482
2020-03-25T17:30:00Z,21.053548,21.382826,20.648282,20.88131
2020-03-25T18:30:00Z,20.88131,21.225786,20.698941,20.9421
2020-03-25T19:30:00Z,20.952232,21.023153,19.807356,19.913738
2020-03-26T13:30:00Z,20.258214,21.676644,20.258214,21.256181
2020-03-26T14:30:00Z,21.494274,21.529735,21.028219,21.322036
2020-03-26T15:30:00Z,21.306839,21.468945,20.957297,21.175128
2020-03-26T16:30:00Z,21.210588,21.43855,20.774928,20.835718
2020-03-26T17:30:00Z,20.72427,21.139667,20.592558,20.840783
2020-03-26T18:30:00Z,20.901573,21.261247,20.861047,21.230852
2020-03-26T19:30:00Z,21.3423,21.701973,20.997824,21.575327
2020-03-27T13:30:00Z,20.26328,20.72427,19.660447,19.959331
2020-03-27T14:30:00Z,19.969462,20.1417,19.599658,19.888409
2020-03-27T15:30:00Z,19.944133,20.131569,19.776961,19.878278
2020-03-27T16:30:00Z,19.908673,20.009989,19.548999,19.579394
2020-03-27T17:30:00Z,19.604723,20.085976,19.604723,19.711106
2020-03-27T18:30:00Z,19.842817,19.842817,19.586993,19.670579
2020-03-27T19:30:00Z,19.680711,19.888409,19.624987,19.660447
2020-03-30T14:30:00+01:00,20.116371,20.26328,19.650316,20.070779
2020-03-30T15:30:00+01:00,20.126503,20.850915,20.111305,20.66348
2020-03-30T16:30:00+01:00,20.678677,20.72427,20.248083,20.516571
2020-03-30T17:30:00+01:00,20.607756,20.607756,20.32407,20.501374
2020-03-30T18:30:00+01:00,20.405123,20.450715,20.207556,20.364596
2020-03-30T19:30:00+01:00,20.298741,20.334201,19.98466,20.025186
2020-03-30T20:30:00+01:00,19.997324,20.268346,19.989726,20.182227
2020-03-31T14:30:00+01:00,19.989726,20.75973,19.969462,20.410189
2020-03-31T15:30:00+01:00,20.339267,20.764796,20.339267,20.516571
2020-03-31T16:30:00+01:00,20.48111,20.622953,20.237951,20.32407
2020-03-31T17:30:00+01:00,20.349399,20.349399,20.060647,20.096108
2020-03-31T18:30:00+01:00,20.060647,20.308872,20.060647,20.20249
2020-03-31T19:30:00+01:00,20.227819,20.288609,19.70604,19.782027
2020-03-31T20:30:00+01:00,19.751632,20.192359,19.751632,20.020121
2020-04-01T14:30:00+01:00,19.077878,19.609789,18.971496,19.574328
2020-04-01T15:30:00+01:00,19.548999,19.619921,19.331169,19.437551
2020-04-01T16:30:00+01:00,19.351432,19.351432,18.900574,18.976562
2020-04-01T17:30:00+01:00,18.981628,19.017088,18.586494,18.860048
2020-04-01T18:30:00+01:00,18.865114,19.158931,18.799258,18.799258
2020-04-01T19:30:00+01:00,18.794192,18.87018,18.601691,18.616889
2020-04-01T20:30:00+01:00,18.591559,18.743534,18.500375,18.682744
2020-04-02T14:30:00+01:00,18.621954,18.915772,18.383861,18.819521
2020-04-02T15:30:00+01:00,18.849916,19.204524,18.728337,18.789126
2020-04-02T16:30:00+01:00,18.880311,18.941101,18.773929,18.819521
2020-04-02T17:30:00+01:00,18.804324,18.854982,18.591559,18.591559
2020-04-02T18:30:00+01:00,18.561164,18.682744,18.358532,18.53077
2020-04-02T19:30:00+01:00,18.525704,18.814455,18.388927,18.571296
2020-04-02T20:30:00+01:00,18.586494,18.84485,18.515572,18.804324
2020-04-03T14:30:00+01:00,18.723271,19.062681,18.723271,18.778995
2020-04-03T15:30:00+01:00,18.718205,18.733402,18.414256,18.561164
2020-04-03T16:30:00+01:00,18.556099,18.571296,18.125504,18.13057
2020-04-03T17:30:00+01:00,18.140701,18.368663,18.074846,18.13057
2020-04-03T18:30:00+01:00,18.145767,18.145767,18.00899,18.112839
2020-04-03T19:30:00+01:00,18.125504,18.434519,18.125504,18.388927
2020-04-03T20:30:00+01:00,18.404124,18.56623,18.236952,18.495309
2020-04-06T14:30:00+01:00,19.460348,19.812422,19.442617,19.776961
2020-04-06T15:30:00+01:00,19.640184,19.736435,19.209589,19.46288
2020-04-06T16:30:00+01:00,19.447683,19.751632,19.386893,19.685777
2020-04-06T17:30:00+01:00,19.675645,19.685777,19.280511,19.295708
2020-04-06T18:30:00+01:00,19.336235,19.569263,19.270379,19.315972
2020-04-06T19:30:00+01:00,19.300774,19.660447,19.280511,19.64525
2020-04-06T20:30:00+01:00,19.665513,19.792159,19.452749,19.711106
2020-04-07T14:30:00+01:00,20.222753,20.638151,19.893475,19.903607
2020-04-07T15:30:00+01:00,19.92387,20.111305,19.756698,19.898541
2020-04-07T16:30:00+01:00,19.878278,20.379794,19.878278,20.334201
2020-04-07T17:30:00+01:00,20.298741,20.400057,20.10624,20.151832
2020-04-07T18:30:00+01:00,20.12397,20.253148,19.928936,20.009989
2020-04-07T19:30:00+01:00,19.949199,19.954265,19.452749,19.498341
2020-04-07T20:30:00+01:00,19.457815,19.665513,19.346367,19.457815
2020-04-08T14:30:00+01:00,19.756698,20.096108,19.655382,20.06318
2020-04-08T15:30:00+01:00,20.08091,20.374728,20.009989,20.319004
2020-04-08T16:30:00+01:00,20.313938,20.526703,20.040384,20.136635
2020-04-08T17:30:00+01:00,20.182227,20.38486,20.1417,20.319004
2020-04-08T18:30:00+01:00,20.308872,20.38486,20.08091,20.374728
2020-04-08T19:30:00+01:00,20.389926,20.394991,20.283543,20.344333
2020-04-08T20:30:00+01:00,20.455781,20.612822,20.253148,20.470979
2020-04-09T14:30:00+01:00,21.089009,21.615854,20.876244,20.9421
2020-04-09T15:30:00+01:00,21.033285,21.329635,21.00289,21.251115
2020-04-09T16:30:00+01:00,21.246049,21.392958,21.094074,21.094074
2020-04-09T17:30:00+01:00,21.083943,21.40309,21.083943,21.362563
2020-04-09T18:30:00+01:00,21.362563,21.433484,21.240983,21.256181
2020-04-09T19:30:00+01:00,21.210588,21.347365,20.921837,20.972495
2020-04-09T20:30:00+01:00,21.00289,21.129535,20.855981,21.06368
2020-04-13T14:30:00+01:00,20.587492,20.764796,20.273412,20.465913
2020-04-13T15:30:00+01:00,20.567229,20.653348,20.243017,20.430452
2020-04-13T16:30:00+01:00,20.460847,20.906639,20.415255,20.82052
2020-04-13T17:30:00+01:00,20.749599,20.749599,20.531768,20.60269
2020-04-13T18:30:00+01:00,20.739467,20.88131,20.374728,20.374728
2020-04-13T19:30:00+01:00,20.400057,20.48111,20.32407,20.460847
2020-04-13T20:30:00+01:00,20.506439,20.5419,20.344333,20.501374
2020-04-14T14:30:00+01:00,20.790125,21.352431,20.790125,21.261247
2020-04-14T15:30:00+01:00,21.230852,21.256181,20.876244,21.106739
2020-04-14T16:30:00+01:00,21.101673,21.251115,21.073811,21.251115
2020-04-14T17:30:00+01:00,21.266312,21.443616,21.170062,21.195391
2020-04-14T18:30:00+01:00,21.28151,21.347365,20.982626,21.018087
2020-04-14T19:30:00+01:00,21.028219,21.185259,21.023153,21.058614
2020-04-14T20:30:00+01:00,21.053548,21.073811,20.931968,20.937034
2020-04-15T14:30:00+01:00,20.273412,20.5419,20.126503,20.151832
2020-04-15T15:30:00+01:00,20.207556,20.32407,20.156898,20.26328
2020-04-15T16:30:00+01:00,20.283543,20.470979,20.243017,20.430452
2020-04-15T17:30:00+01:00,20.430452,20.628019,20.42032,20.557098
2020-04-15T18:30:00+01:00,20.546966,20.557098,20.329136,20.491242
2020-04-15T19:30:00+01:00,20.516571,20.673611,20.476044,20.511505
2020-04-15T20:30:00+01:00,20.496308,20.643216,20.389926,20.450715
2020-04-16T14:30:00+01:00,20.769862,20.769862,20.232885,20.369662
2020-04-16T15:30:00+01:00,20.38486,20.749599,20.379794,20.729335
2020-04-16T16:30:00+01:00,20.673611,20.825586,20.450715,20.470979
2020-04-16T17:30:00+01:00,20.42032,20.678677,20.415255,20.577361
2020-04-16T18:30:00+01:00,20.582427,20.719204,20.552032,20.66348
2020-04-16T19:30:00+01:00,20.668546,20.744533,20.612822,20.688809
2020-04-16T20:30:00+01:00,20.688809,20.825586,20.612822,20.825586
2020-04-17T14:30:00+01:00,21.256181,21.256181,20.952232,21.083943
2020-04-17T15:30:00+01:00,21.023153,21.144733,20.937034,21.089009
2020-04-17T16:30:00+01:00,21.094074,21.144733,20.876244,20.886376
2020-04-17T17:30:00+01:00,20.901573,20.987692,20.861047,20.901573
2020-04-17T18:30:00+01:00,20.906639,20.952232,20.840783,20.921837
2020-04-17T19:30:00+01:00,20.921837,20.926902,20.769862,20.906639
2020-04-17T20:30:00+01:00,20.911705,21.053548,20.906639,21.013021
2020-04-20T14:30:00+01:00,20.389926,20.850915,20.389926,20.825586
2020-04-20T15:30:00+01:00,20.855981,20.957297,20.754665,20.921837
2020-04-20T16:30:00+01:00,20.916771,21.154864,20.876244,21.048482
2020-04-20T17:30:00+01:00,21.06368,21.09914,20.855981,20.855981
2020-04-20T18:30:00+01:00,20.861047,20.871178,20.638151,20.638151
2020-04-20T19:30:00+01:00,20.658414,20.800257,20.622953,20.719204
2020-04-20T20:30:00+01:00,20.744533,20.840783,20.739467,20.75973
2020-04-21T14:30:00+01:00,20.172095,20.313938,19.908673,19.939068
2020-04-21T15:30:00+01:00,19.888409,19.92387,19.199458,19.201991
2020-04-21T16:30:00+01:00,19.204524,19.376762,19.174129,19.265313
2020-04-21T17:30:00+01:00,19.204524,19.310906,19.153865,19.300774
2020-04-21T18:30:00+01:00,19.250116,19.452749,19.209589,19.300774
2020-04-21T19:30:00+01:00,19.346367,19.346367,19.032286,19.179195
2020-04-21T20:30:00+01:00,19.186793,19.255182,18.885377,18.946167
2020-04-22T14:30:00+01:00,19.391959,19.495808,19.250116,19.42742
2020-04-22T15:30:00+01:00,19.447683,19.660447,19.361564,19.548999
2020-04-22T16:30:00+01:00,19.551532,19.80229,19.543934,19.782027
2020-04-22T17:30:00+01:00,19.782027,19.842817,19.635118,19.695908
2020-04-22T18:30:00+01:00,19.685777,19.695908,19.516072,19.554065
2020-04-22T19:30:00+01:00,19.543934,19.660447,19.543934,19.579394
2020-04-22T20:30:00+01:00,19.579394,19.680711,19.52367,19.660447
2020-04-23T14:30:00+01:00,19.792159,20.065713,19.756698,19.807356
2020-04-23T15:30:00+01:00,19.804823,20.116371,19.804823,20.035318
2020-04-23T16:30:00+01:00,19.944133,20.025186,19.888409,20.009989
2020-04-23T17:30:00+01:00,20.004923,20.030252,19.726303,19.822554
2020-04-23T18:30:00+01:00,19.92387,19.949199,19.70604,19.782027
2020-04-23T19:30:00+01:00,19.827619,19.832685,19.619921,19.640184
2020-04-23T20:30:00+01:00,19.635118,19.746566,19.630052,19.70604
2020-04-24T14:30:00+01:00,19.820021,19.820021,19.503407,19.614855
2020-04-24T15:30:00+01:00,19.607256,19.76683,19.579394,19.685777
2020-04-24T16:30:00+01:00,19.680711,19.812422,19.680711,19.787093
2020-04-24T17:30:00+01:00,19.847883,19.949199,19.822554,19.873212
2020-04-24T18:30:00+01:00,19.86308,20.007456,19.86308,19.979594
2020-04-24T19:30:00+01:00,20.009989,20.20249,20.009989,20.20249
2020-04-24T20:30:00+01:00,20.248083,20.248083,20.035318,20.096108
2020-04-27T14:30:00+01:00,20.435518,20.567229,20.28101,20.465913
2020-04-27T15:30:00+01:00,20.455781,20.486176,20.400057,20.486176
2020-04-27T16:30:00+01:00,20.48111,20.521637,20.455781,20.455781
2020-04-27T17:30:00+01:00,20.48111,20.546966,20.435518,20.460847
2020-04-27T18:30:00+01:00,20.415255,20.465913,20.400057,20.425386
2020-04-27T19:30:00+01:00,20.430452,20.468446,20.415255,20.42032
2020-04-27T20:30:00+01:00,20.425386,20.476044,20.359531,20.374728
2020-04-28T14:30:00+01:00,20.754665,20.861047,20.678677,20.693875
2020-04-28T15:30:00+01:00,20.698941,20.734401,20.389926,20.460847
2020-04-28T16:30:00+01:00,20.476044,20.749599,20.465913,20.658414
2020-04-28T17:30:00+01:00,20.628019,20.840783,20.628019,20.795191
2020-04-28T18:30:00+01:00,20.805323,20.845849,20.764796,20.805323
2020-04-28T19:30:00+01:00,20.779994,20.779994,20.658414,20.709072
2020-04-28T20:30:00+01:00,20.693875,20.785059,20.668546,20.704006
2020-04-29T14:30:00+01:00,21.083943,21.701973,20.987692,21.701973
2020-04-29T15:30:00+01:00,21.727302,22.041383,21.661446,21.990725
2020-04-29T16:30:00+01:00,21.950198,21.980593,21.641183,21.691841
2020-04-29T17:30:00+01:00,21.727302,21.767829,21.519603,21.722236
2020-04-29T18:30:00+01:00,21.696907,21.879277,21.696907,21.853947
2020-04-29T19:30:00+01:00,21.813421,21.945132,21.808355,21.89954
2020-04-29T20:30:00+01:00,21.904606,22.010988,21.884342,21.955264
2020-04-30T14:30:00+01:00,21.585459,21.975527,21.529735,21.924869
2020-04-30T15:30:00+01:00,21.851415,21.929935,21.803289,21.904606
2020-04-30T16:30:00+01:00,21.879277,21.970461,21.529735,21.580393
2020-04-30T17:30:00+01:00,21.519603,21.747565,21.519603,21.747565
2020-04-30T18:30:00+01:00,21.712105,21.77796,21.68171,21.691841
2020-04-30T19:30:00+01:00,21.69944,21.752631,21.636117,21.707039
2020-04-30T20:30:00+01:00,21.71717,21.752631,21.595591,21.676644
2020-05-01T14:30:00+01:00,20.835718,20.835718,20.319004,20.405123
2020-05-01T15:30:00+01:00,20.425386,20.607756,20.369662,20.415255
2020-05-01T16:30:00+01:00,20.38486,20.476044,20.319004,20.405123
2020-05-01T17:30:00+01:00,20.389926,20.405123,20.319004,20.364596
2020-05-01T18:30:00+01:00,20.374728,20.389926,20.187293,20.344333
2020-05-01T19:30:00+01:00,20.379794,20.394991,20.258214,20.278477
2020-05-01T20:30:00+01:00,20.288609,20.288609,20.151832,20.258214
2020-05-04T14:30:00+01:00,19.92387,20.313938,19.688309,20.313938
2020-05-04T15:30:00+01:00,20.288609,20.450715,20.232885,20.288609
2020-05-04T16:30:00+01:00,20.308872,20.410189,20.308872,20.410189
2020-05-04T17:30:00+01:00,20.410189,20.410189,20.116371,20.131569
2020-05-04T18:30:00+01:00,20.207556,20.369662,20.192359,20.243017
2020-05-04T19:30:00+01:00,20.232885,20.465913,20.222753,20.450715
2020-05-04T20:30:00+01:00,20.44565,20.546966,20.405123,20.526703
2020-05-05T14:30:00+01:00,20.805323,21.083943,20.729335,20.729335
2020-05-05T15:30:00+01:00,20.714138,20.830652,20.688809,20.795191
2020-05-05T16:30:00+01:00,20.825586,20.896508,20.749599,20.845849
2020-05-05T17:30:00+01:00,20.845849,20.845849,20.668546,20.668546
2020-05-05T18:30:00+01:00,20.774928,20.800257,20.693875,20.704006
2020-05-05T19:30:00+01:00,20.698941,20.698941,20.450715,20.455781
2020-05-05T20:30:00+01:00,20.440584,20.557098,20.364596,20.364596
2020-05-06T14:30:00+01:00,20.683743,20.795191,20.460847,20.628019
2020-05-06T15:30:00+01:00,20.673611,20.678677,20.546966,20.612822
2020-05-06T16:30:00+01:00,20.536834,20.587492,20.491242,20.534301
2020-05-06T17:30:00+01:00,20.511505,20.622953,20.506439,20.546966
2020-05-06T18:30:00+01:00,20.521637,20.60269,20.389926,20.389926
2020-05-06T19:30:00+01:00,20.410189,20.531768,20.405123,20.526703
2020-05-06T20:30:00+01:00,20.526703,20.536834,20.476044,20.501374
2020-05-07T14:30:00+01:00,20.795191,20.947166,20.795191,20.795191
2020-05-07T15:30:00+01:00,20.845849,20.896508,20.744533,20.785059
2020-05-07T16:30:00+01:00,20.774928,21.15993,20.774928,21.129535
2020-05-07T17:30:00+01:00,21.094074,21.15993,21.053548,21.119404
2020-05-07T18:30:00+01:00,21.124469,21.164996,21.00289,21.00289
2020-05-07T19:30:00+01:00,21.018087,21.094074,20.9421,21.083943
2020-05-07T20:30:00+01:00,21.09914,21.185259,21.089009,21.149799
2020-05-08T14:30:00+01:00,21.408155,21.980593,21.408155,21.924869
2020-05-08T15:30:00+01:00,21.89954,21.942599,21.793158,21.83875
2020-05-08T16:30:00+01:00,21.853947,21.879277,21.750098,21.879277
2020-05-08T17:30:00+01:00,21.879277,21.881809,21.783026,21.843816
2020-05-08T18:30:00+01:00,21.881809,21.919803,21.843816,21.879277
2020-05-08T19:30:00+01:00,21.889408,22.061646,21.869145,22.061646
2020-05-08T20:30:00+01:00,22.097107,22.180693,21.985659,22.016054
2020-05-11T14:30:00+01:00,21.894474,21.894474,21.570262,21.707039
2020-05-11T15:30:00+01:00,21.676644,21.803289,21.661446,21.783026
2020-05-11T16:30:00+01:00,21.82102,21.975527,21.808355,21.975527
2020-05-11T17:30:00+01:00,22.02112,22.081909,21.985659,22.031251
2020-05-11T18:30:00+01:00,22.031251,22.046449,21.955264,21.985659
2020-05-11T19:30:00+01:00,21.990725,22.157897,21.985659,22.137633
2020-05-11T20:30:00+01:00,22.127502,22.127502,21.975527,22.02112
2020-05-12T14:30:00+01:00,22.086975,22.086975,21.737434,21.788092
2020-05-12T15:30:00+01:00,21.712105,21.869145,21.712105,21.828618
2020-05-12T16:30:00+01:00,21.808355,21.884342,21.783026,21.884342
2020-05-12T17:30:00+01:00,21.965396,21.985659,21.798223,21.808355
2020-05-12T18:30:00+01:00,21.798223,21.843816,21.732368,21.772894
2020-05-12T19:30:00+01:00,21.772894,21.808355,21.636117,21.641183
2020-05-12T20:30:00+01:00,21.636117,21.636117,21.423353,21.463879
2020-05-13T14:30:00+01:00,21.519603,21.575327,20.947166,21.372695
2020-05-13T15:30:00+01:00,21.40309,21.443616,20.840783,20.850915
2020-05-13T16:30:00+01:00,20.853448,20.926902,20.44565,20.658414
2020-05-13T17:30:00+01:00,20.648282,20.653348,20.44565,20.557098
2020-05-13T18:30:00+01:00,20.536834,20.693875,20.450715,20.628019
2020-05-13T19:30:00+01:00,20.643216,20.693875,20.511505,20.597624
2020-05-13T20:30:00+01:00,20.597624,20.830652,20.546966,20.825586
2020-05-14T14:30:00+01:00,20.329136,20.354465,19.934002,20.217688
2020-05-14T15:30:00+01:00,20.217688,20.835718,20.212622,20.511505
2020-05-14T16:30:00+01:00,20.521637,20.617887,20.369662,20.607756
2020-05-14T17:30:00+01:00,20.625486,20.767329,20.587492,20.764796
2020-05-14T18:30:00+01:00,20.815454,20.815454,20.648282,20.779994
2020-05-14T19:30:00+01:00,20.810389,20.977561,20.633085,20.975028
2020-05-14T20:30:00+01:00,21.007956,21.22072,21.007956,21.22072
2020-05-15T14:30:00+01:00,20.739467,21.240983,20.709072,21.043416
2020-05-15T15:30:00+01:00,21.023153,21.083943,20.764796,20.962363
2020-05-15T16:30:00+01:00,21.000357,21.139667,20.886376,21.139667
2020-05-15T17:30:00+01:00,21.164996,21.271378,21.109272,21.261247
2020-05-15T18:30:00+01:00,21.256181,21.370162,21.22072,21.370162
2020-05-15T19:30:00+01:00,21.205523,21.398024,21.205523,21.357497
2020-05-15T20:30:00+01:00,21.362563,21.387892,21.261247,21.334701
2020-05-18T14:30:00+01:00,21.823553,22.426385,21.823553,22.188292
2020-05-18T15:30:00+01:00,22.188292,22.451714,22.127502,22.401056
2020-05-18T16:30:00+01:00,22.446648,22.446648,22.203489,22.226285
2020-05-18T17:30:00+01:00,22.193357,22.466912,22.193357,22.466912
2020-05-18T18:30:00+01:00,22.466912,22.471978,22.193357,22.223752
2020-05-18T19:30:00+01:00,22.228818,22.244016,22.104706,22.188292
2020-05-18T20:30:00+01:00,22.188292,22.274411,22.183226,22.183226
2020-05-19T14:30:00+01:00,22.330135,22.598623,22.213621,22.520103
2020-05-19T15:30:00+01:00,22.532767,22.603689,22.380793,22.603689
2020-05-19T16:30:00+01:00,22.593557,22.654347,22.51757,22.558096
2020-05-19T17:30:00+01:00,22.547965,22.694874,22.527702,22.669545
2020-05-19T18:30:00+01:00,22.659413,22.760729,22.63915,22.694874
2020-05-19T19:30:00+01:00,22.669545,22.705005,22.502372,22.537833
2020-05-19T20:30:00+01:00,22.527702,22.527702,22.29974,22.3352
2020-05-20T14:30:00+01:00,22.634084,22.760729,22.168028,22.314937
2020-05-20T15:30:00+01:00,22.309871,22.542899,22.249081,22.45678
2020-05-20T16:30:00+01:00,22.446648,22.477043,22.421319,22.477043
2020-05-20T17:30:00+01:00,22.507438,22.573294,22.431451,22.527702
2020-05-20T18:30:00+01:00,22.451714,22.482109,22.355464,22.421319
2020-05-20T19:30:00+01:00,22.411188,22.558096,22.411188,22.547965
2020-05-20T20:30:00+01:00,22.583426,22.725269,22.563162,22.63915
2020-05-21T14:30:00+01:00,22.694874,22.816453,22.608755,22.699939
2020-05-21T15:30:00+01:00,22.603689,22.603689,22.066712,22.188292
2020-05-21T16:30:00+01:00,22.216154,22.406122,22.216154,22.401056
2020-05-21T17:30:00+01:00,22.325069,22.527702,22.249081,22.522636
2020-05-21T18:30:00+01:00,22.537833,22.634084,22.512504,22.527702
2020-05-21T19:30:00+01:00,22.522636,22.598623,22.471978,22.553031
2020-05-21T20:30:00+01:00,22.568228,22.57836,22.345332,22.479576
2020-05-22T14:30:00+01:00,21.990725,21.990725,21.296707,21.387892
2020-05-22T15:30:00+01:00,21.40309,21.610788,21.225786,21.595591
2020-05-22T16:30:00+01:00,21.565196,21.565196,21.413221,21.565196
2020-05-22T17:30:00+01:00,21.570262,21.696907,21.544932,21.68171
2020-05-22T18:30:00+01:00,21.666512,21.767829,21.646249,21.767829
2020-05-22T19:30:00+01:00,21.762763,21.884342,21.752631,21.788092
2020-05-22T20:30:00+01:00,21.788092,21.83875,21.783026,21.798223
2020-05-26T14:30:00+01:00,22.568228,22.831651,22.558096,22.775927
2020-05-26T15:30:00+01:00,22.755663,22.791124,22.593557,22.593557
2020-05-26T16:30:00+01:00,22.689808,22.725269,22.527702,22.71767
2020-05-26T17:30:00+01:00,22.745532,22.791124,22.720203,22.786058
2020-05-26T18:30:00+01:00,22.780993,22.780993,22.710071,22.730334
2020-05-26T19:30:00+01:00,22.740466,22.770861,22.702472,22.715137
2020-05-26T20:30:00+01:00,22.702472,22.705005,22.492241,22.502372
2020-05-27T14:30:00+01:00,22.846848,22.851914,22.426385,22.553031
2020-05-27T15:30:00+01:00,22.537833,22.591024,22.198423,22.497307
2020-05-27T16:30:00+01:00,22.487175,22.745532,22.487175,22.745532
2020-05-27T17:30:00+01:00,22.725269,22.79619,22.705005,22.79619
2020-05-27T18:30:00+01:00,22.775927,23.039349,22.775927,22.97856
2020-05-27T19:30:00+01:00,22.95323,23.049481,22.91777,22.983625
2020-05-27T20:30:00+01:00,22.973494,23.069744,22.877243,23.064678
2020-05-28T14:30:00+01:00,22.948165,23.328101,22.948165,23.247048
2020-05-28T15:30:00+01:00,23.262245,23.388891,23.236916,23.252114
2020-05-28T16:30:00+01:00,23.226785,23.328101,22.968428,23.328101
2020-05-28T17:30:00+01:00,23.323035,23.368628,23.247048,23.348364
2020-05-28T18:30:00+01:00,23.338233,23.350897,23.252114,23.277443
2020-05-28T19:30:00+01:00,23.262245,23.333167,23.176127,23.211587
2020-05-28T20:30:00+01:00,23.221719,23.221719,22.998823,23.100139
2020-05-29T14:30:00+01:00,24.792123,25.3291,24.361528,24.49324
2020-05-29T15:30:00+01:00,24.508437,24.548964,24.381792,24.543898
2020-05-29T16:30:00+01:00,24.584424,24.657879,24.467911,24.645214
2020-05-29T17:30:00+01:00,24.645214,24.761728,24.523635,24.655346
2020-05-29T18:30:00+01:00,24.65028,24.766794,24.635083,24.736399
2020-05-29T19:30:00+01:00,24.726267,25.015019,24.508437,24.857979
2020-05-29T20:30:00+01:00,24.857979,25.222718,24.83265,25.126467
2020-06-01T14:30:00+01:00,24.888374,25.227784,24.472976,24.690807
2020-06-01T15:30:00+01:00,24.695873,24.787057,24.675609,24.781991
2020-06-01T16:30:00+01:00,24.802255,24.999822,24.766794,24.974493
2020-06-01T17:30:00+01:00,24.979558,25.065677,24.802255,24.817452
2020-06-01T18:30:00+01:00,24.827584,24.964361,24.817452,24.893439
2020-06-01T19:30:00+01:00,24.913703,24.98969,24.86811,24.984624
2020-06-01T20:30:00+01:00,24.98969,25.025151,24.9289,24.974493
2020-06-02T14:30:00+01:00,24.908637,25.141665,24.660412,25.070743
2020-06-02T15:30:00+01:00,25.065677,25.080875,24.726267,24.878242
2020-06-02T16:30:00+01:00,24.863045,24.969427,24.83265,24.949163
2020-06-02T17:30:00+01:00,24.949163,24.999822,24.873176,24.964361
2020-06-02T18:30:00+01:00,24.964361,24.994756,24.898505,24.949163
2020-06-02T19:30:00+01:00,24.959295,24.959295,24.726267,24.776926
2020-06-02T20:30:00+01:00,24.766794,24.999822,24.751597,24.893439
2020-06-03T14:30:00+01:00,25.040348,25.040348,24.766794,24.923834
2020-06-03T15:30:00+01:00,24.939032,24.959295,24.852913,24.873176
2020-06-03T16:30:00+01:00,24.86811,24.86811,24.726267,24.741465
2020-06-03T17:30:00+01:00,24.77186,24.817452,24.700938,24.807321
2020-06-03T18:30:00+01:00,24.817452,24.903571,24.797189,24.903571
2020-06-03T19:30:00+01:00,24.903571,24.923834,24.680675,24.822518
2020-06-03T20:30:00+01:00,24.812386,24.847847,24.690807,24.713603
2020-06-04T14:30:00+01:00,24.5287,24.873176,24.5287,24.822518
2020-06-04T15:30:00+01:00,24.852913,24.9289,24.670543,24.700938
2020-06-04T16:30:00+01:00,24.822518,24.847847,24.731333,24.756662
2020-06-04T17:30:00+01:00,24.652813,24.822518,24.652813,24.812386
2020-06-04T18:30:00+01:00,24.827584,24.842781,24.721202,24.807321
2020-06-04T19:30:00+01:00,24.802255,24.83265,24.65028,24.680675
2020-06-04T20:30:00+01:00,24.680675,24.9289,24.680675,24.923834
2020-06-05T14:30:00+01:00,25.20752,25.741964,25.17206,25.714102
2020-06-05T15:30:00+01:00,25.744497,25.957262,25.703971,25.866077
2020-06-05T16:30:00+01:00,25.88634,25.891406,25.769826,25.876209
2020-06-05T17:30:00+01:00,25.881274,26.012986,25.871143,25.987657
2020-06-05T18:30:00+01:00,25.982591,26.002854,25.759695,25.845814
2020-06-05T19:30:00+01:00,25.830616,25.835682,25.567194,25.648247
2020-06-05T20:30:00+01:00,25.678642,25.678642,25.541864,25.577325
2020-06-08T14:30:00+01:00,25.80782,26.091506,25.764761,26.028183
2020-06-08T15:30:00+01:00,26.043381,26.316935,25.931933,26.316935
2020-06-08T16:30:00+01:00,26.311869,26.322001,26.114302,26.205487
2020-06-08T17:30:00+01:00,26.210553,26.319468,26.195355,26.306803
2020-06-08T18:30:00+01:00,26.306803,26.357461,26.271343,26.281474
2020-06-08T19:30:00+01:00,26.281474,26.296672,26.134565,26.185224
2020-06-08T20:30:00+01:00,26.195355,26.332132,26.144697,26.175092
2020-06-09T14:30:00+01:00,25.774892,25.830616,25.455746,25.627983
2020-06-09T15:30:00+01:00,25.643181,25.901538,25.587457,25.815419
2020-06-09T16:30:00+01:00,25.820485,25.820485,25.394956,25.536799
2020-06-09T17:30:00+01:00,25.536799,25.536799,25.288573,25.344297
2020-06-09T18:30:00+01:00,25.415219,25.46841,25.303771,25.324034
2020-06-09T19:30:00+01:00,25.334166,25.491206,25.273376,25.445614
2020-06-09T20:30:00+01:00,25.440548,25.440548,25.331633,25.344297
2020-06-10T14:30:00+01:00,25.359495,25.359495,24.857979,24.893439
2020-06-10T15:30:00+01:00,24.964361,24.969427,24.807321,24.949163
2020-06-10T16:30:00+01:00,24.923834,25.085941,24.883308,25.075809
2020-06-10T17:30:00+01:00,25.020085,25.161928,24.923834,25.121401
2020-06-10T18:30:00+01:00,25.177125,25.405087,25.126467,25.334166
2020-06-10T19:30:00+01:00,25.359495,25.394956,24.959295,25.217652
2020-06-10T20:30:00+01:00,25.237915,25.237915,25.009953,25.009953
2020-06-11T14:30:00+01:00,24.31087,24.422318,23.986658,23.986658
2020-06-11T15:30:00+01:00,24.037316,24.331133,24.037316,24.300739
2020-06-11T16:30:00+01:00,24.300739,24.31087,23.915736,23.930934
2020-06-11T17:30:00+01:00,23.981592,24.25008,23.946131,24.163961
2020-06-11T18:30:00+01:00,24.163961,24.189291,23.925868,24.006921
2020-06-11T19:30:00+01:00,24.022118,24.03225,23.616853,23.672577
2020-06-11T20:30:00+01:00,23.677643,23.865078,23.5358,23.601655
2020-06-12T14:30:00+01:00,24.49324,24.619885,24.072777,24.082908
2020-06-12T15:30:00+01:00,24.087974,24.189291,23.57126,23.784025
2020-06-12T16:30:00+01:00,23.794157,24.052513,23.763762,23.890407
2020-06-12T17:30:00+01:00,23.829617,23.829617,23.576326,23.601655
2020-06-12T18:30:00+01:00,23.59659,23.606721,23.363562,23.540866
2020-06-12T19:30:00+01:00,23.586458,23.69284,23.47501,23.545931
2020-06-12T20:30:00+01:00,23.57126,23.852413,23.540866,23.763762
2020-06-15T14:30:00+01:00,23.393957,23.576326,23.25718,23.287575
2020-06-15T15:30:00+01:00,23.267311,23.566195,23.236916,23.348364
2020-06-15T16:30:00+01:00,23.287575,23.57126,23.262245,23.515536
2020-06-15T17:30:00+01:00,23.459812,23.763762,23.459812,23.7359
2020-06-15T18:30:00+01:00,23.738433,24.011987,23.637116,23.915736
2020-06-15T19:30:00+01:00,23.941065,23.991724,23.794157,23.824551
2020-06-15T20:30:00+01:00,23.824551,23.862545,23.687774,23.849881
2020-06-16T14:30:00+01:00,24.58949,24.670543,24.326068,24.569227
2020-06-16T15:30:00+01:00,24.543898,24.543898,24.027184,24.199422
2020-06-16T16:30:00+01:00,24.295673,24.295673,24.037316,24.148764
2020-06-16T17:30:00+01:00,24.148764,24.315936,24.148764,24.229817
2020-06-16T18:30:00+01:00,24.234883,24.25008,24.09304,24.169027
2020-06-16T19:30:00+01:00,24.174093,24.209554,24.052513,24.163961
2020-06-16T20:30:00+01:00,24.143698,24.229817,24.047448,24.163961
2020-06-17T14:30:00+01:00,24.199422,24.513503,24.163961,24.331133
2020-06-17T15:30:00+01:00,24.341265,24.437516,24.315936,24.336199
2020-06-17T16:30:00+01:00,24.326068,24.538832,24.326068,24.538832
2020-06-17T17:30:00+01:00,24.533766,24.58949,24.472976,24.559095
2020-06-17T18:30:00+01:00,24.559095,24.630017,24.417252,24.462845
2020-06-17T19:30:00+01:00,24.457779,24.503371,24.169027,24.169027
2020-06-17T20:30:00+01:00,24.169027,24.229817,24.052513,24.062645
2020-06-18T14:30:00+01:00,23.890407,24.062645,23.685241,23.819486
2020-06-18T15:30:00+01:00,23.819486,24.052513,23.804288,23.946131
2020-06-18T16:30:00+01:00,23.935999,24.006921,23.87521,24.006921
2020-06-18T17:30:00+01:00,23.986658,24.027184,23.920802,23.930934
2020-06-18T18:30:00+01:00,23.935999,24.047448,23.865078,24.037316
2020-06-18T19:30:00+01:00,24.042382,24.057579,23.87521,23.981592
2020-06-18T20:30:00+01:00,23.981592,24.052513,23.900539,24.027184
2020-06-19T14:30:00+01:00,24.452713,25.040348,24.351397,24.933966
2020-06-19T15:30:00+01:00,24.944098,25.080875,24.898505,24.944098
2020-06-19T16:30:00+01:00,24.918769,24.939032,24.624951,24.700938
2020-06-19T17:30:00+01:00,24.736399,24.847847,24.645214,24.65028
2020-06-19T18:30:00+01:00,24.619885,24.660412,24.427384,24.513503
2020-06-19T19:30:00+01:00,24.488174,24.827584,24.488174,24.781991
2020-06-19T20:30:00+01:00,24.756662,24.933966,24.749064,24.77186
2020-06-22T14:30:00+01:00,24.673076,24.706004,24.341265,24.442582
2020-06-22T15:30:00+01:00,24.417252,24.478042,24.275409,24.407121
2020-06-22T16:30:00+01:00,24.43245,24.548964,24.43245,24.518569
2020-06-22T17:30:00+01:00,24.513503,24.599622,24.470444,24.548964
2020-06-22T18:30:00+01:00,24.5287,24.548964,24.462845,24.498306
2020-06-22T19:30:00+01:00,24.503371,24.574293,24.427384,24.427384
2020-06-22T20:30:00+01:00,24.422318,24.503371,24.407121,24.478042
2020-06-23T14:30:00+01:00,24.685741,24.944098,24.488174,24.933966
2020-06-23T15:30:00+01:00,24.903571,24.944098,24.640148,24.77186
2020-06-23T16:30:00+01:00,24.792123,24.863045,24.756662,24.863045
2020-06-23T17:30:00+01:00,24.878242,24.98969,24.857979,24.979558
2020-06-23T18:30:00+01:00,24.979558,25.075809,24.888374,24.913703
2020-06-23T19:30:00+01:00,24.918769,25.040348,24.86811,24.883308
2020-06-23T20:30:00+01:00,24.878242,24.913703,24.83265,24.83265
2020-06-24T14:30:00+01:00,27.780957,27.780957,26.423317,26.752595
2020-06-24T15:30:00+01:00,26.732332,26.940031,26.44358,26.56516
2020-06-24T16:30:00+01:00,26.560094,26.813385,26.210553,26.803254
2020-06-24T17:30:00+01:00,26.788056,27.041347,26.661411,26.869109
2020-06-24T18:30:00+01:00,26.858978,26.899504,26.641147,26.899504
2020-06-24T19:30:00+01:00,26.929899,26.970426,26.777925,26.924833
2020-06-24T20:30:00+01:00,26.940031,26.995755,26.813385,26.914702
2020-06-25T14:30:00+01:00,26.580358,26.590489,25.977525,26.256145
2020-06-25T15:30:00+01:00,26.220684,26.291606,25.906603,25.911669
2020-06-25T16:30:00+01:00,25.921801,25.972459,25.7293,25.906603
2020-06-25T17:30:00+01:00,25.911669,26.002854,25.901538,25.906603
2020-06-25T18:30:00+01:00,25.896472,26.018052,25.79009,25.815419
2020-06-25T19:30:00+01:00,25.805287,26.094039,25.754629,26.088973
2020-06-25T20:30:00+01:00,26.078841,26.149763,26.012986,26.109236
2020-06-26T14:30:00+01:00,25.962327,26.397988,25.79009,25.987657
2020-06-26T15:30:00+01:00,26.063644,26.767793,25.962327,26.590489
2020-06-26T16:30:00+01:00,26.590489,26.78299,26.544897,26.707003
2020-06-26T17:30:00+01:00,26.732332,26.732332,26.44358,26.506903
2020-06-26T18:30:00+01:00,26.544897,26.600621,26.458778,26.489173
2020-06-26T19:30:00+01:00,26.473975,26.600621,26.458778,26.529699
2020-06-26T20:30:00+01:00,26.524634,26.580358,26.413185,26.418251
2020-06-29T14:30:00+01:00,26.646213,26.651279,26.352396,26.382791
2020-06-29T15:30:00+01:00,26.34733,26.671542,26.261211,26.666476
2020-06-29T16:30:00+01:00,26.729799,27.152795,26.722201,27.107203
2020-06-29T17:30:00+01:00,27.102137,27.170526,27.056545,27.147729
2020-06-29T18:30:00+01:00,27.162927,27.269309,27.02615,27.228782
2020-06-29T19:30:00+01:00,27.228782,27.254112,26.970426,27.127466
2020-06-29T20:30:00+01:00,27.188256,27.314901,27.167993,27.228782
2020-06-30T14:30:00+01:00,27.279441,27.330099,27.08694,27.08694
2020-06-30T15:30:00+01:00,27.117334,27.628982,27.08694,27.537798
2020-06-30T16:30:00+01:00,27.512468,27.755628,27.431415,27.689772
2020-06-30T17:30:00+01:00,27.674575,27.674575,27.517534,27.563127
2020-06-30T18:30:00+01:00,27.58339,27.603653,27.459277,27.603653
2020-06-30T19:30:00+01:00,27.573258,27.74043,27.573258,27.720167
2020-06-30T20:30:00+01:00,27.710035,27.978524,27.710035,27.846813
2020-07-01T14:30:00+01:00,27.958261,28.14063,27.755628,27.892405
2020-07-01T15:30:00+01:00,27.897471,27.9228,27.608719,27.694838
2020-07-01T16:30:00+01:00,27.689772,27.816418,27.659377,27.80122
2020-07-01T17:30:00+01:00,27.806286,27.882273,27.684706,27.730299
2020-07-01T18:30:00+01:00,27.74043,27.765759,27.649246,27.664443
2020-07-01T19:30:00+01:00,27.684706,27.758161,27.573258,27.725233
2020-07-01T20:30:00+01:00,27.730299,27.745496,27.395955,27.502337
2020-07-02T14:30:00+01:00,28.013985,28.226749,27.831615,27.887339
2020-07-02T15:30:00+01:00,27.86201,27.9228,27.547929,27.659377
2020-07-02T16:30:00+01:00,27.684706,27.806286,27.598587,27.669509
2020-07-02T17:30:00+01:00,27.674575,27.710035,27.598587,27.608719
2020-07-02T18:30:00+01:00,27.603653,27.613785,27.446613,27.558061
2020-07-02T19:30:00+01:00,27.537798,27.593522,27.411152,27.411152
2020-07-02T20:30:00+01:00,27.388356,27.388356,27.213585,27.238914
2020-07-06T14:30:00+01:00,27.674575,27.674575,27.421284,27.482074
2020-07-06T15:30:00+01:00,27.471942,27.588456,27.426349,27.436481
2020-07-06T16:30:00+01:00,27.411152,27.456744,27.360494,27.40102
2020-07-06T17:30:00+01:00,27.411152,27.436481,27.30477,27.375691
2020-07-06T18:30:00+01:00,27.390889,27.390889,27.238914,27.30477
2020-07-06T19:30:00+01:00,27.289572,27.40102,27.24398,27.340231
2020-07-06T20:30:00+01:00,27.345296,27.451679,27.294638,27.406086
2020-07-07T14:30:00+01:00,27.193322,27.30477,27.076808,27.208519
2020-07-07T15:30:00+01:00,27.097071,27.173058,26.90457,27.152795
2020-07-07T16:30:00+01:00,27.092005,27.092005,26.858978,26.879241
2020-07-07T17:30:00+01:00,26.924833,27.000821,26.869109,26.914702
2020-07-07T18:30:00+01:00,26.899504,26.995755,26.894438,26.940031
2020-07-07T19:30:00+01:00,26.914702,26.919767,26.788056,26.803254
2020-07-07T20:30:00+01:00,26.84378,26.894438,26.808319,26.828583
2020-07-08T14:30:00+01:00,26.884307,27.137598,26.833649,27.107203
2020-07-08T15:30:00+01:00,27.076808,27.137598,26.975492,27.02615
2020-07-08T16:30:00+01:00,27.036281,27.132532,26.96536,27.010952
2020-07-08T17:30:00+01:00,27.005886,27.107203,26.970426,26.980557
2020-07-08T18:30:00+01:00,27.005886,27.127466,27.005886,27.112269
2020-07-08T19:30:00+01:00,27.112269,27.264243,27.076808,27.228782
2020-07-08T20:30:00+01:00,27.231315,27.426349,27.228782,27.426349
2020-07-09T14:30:00+01:00,27.482074,27.497271,27.259177,27.360494
2020-07-09T15:30:00+01:00,27.355428,27.370625,26.858978,26.90457
2020-07-09T16:30:00+01:00,26.970426,27.193322,26.970426,27.147729
2020-07-09T17:30:00+01:00,27.137598,27.24398,27.1224,27.208519
2020-07-09T18:30:00+01:00,27.203453,27.279441,27.147729,27.269309
2020-07-09T19:30:00+01:00,27.238914,27.314901,27.157861,27.162927
2020-07-09T20:30:00+01:00,27.142664,27.254112,27.097071,27.223717
2020-07-10T14:30:00+01:00,27.021084,27.195855,26.828583,27.188256
2020-07-10T15:30:00+01:00,27.117334,27.147729,26.980557,27.010952
2020-07-10T16:30:00+01:00,26.995755,27.137598,26.970426,27.076808
2020-07-10T17:30:00+01:00,27.056545,27.081874,27.016018,27.076808
2020-07-10T18:30:00+01:00,27.081874,27.092005,27.031216,27.046413
2020-07-10T19:30:00+01:00,27.041347,27.097071,27.041347,27.071742
2020-07-10T20:30:00+01:00,27.081874,27.107203,27.010952,27.076808
2020-07-13T14:30:00+01:00,27.157861,27.18319,26.524634,26.575292
2020-07-13T15:30:00+01:00,26.620884,26.757661,26.610752,26.757661
2020-07-13T16:30:00+01:00,26.757661,26.84378,26.74753,26.833649
2020-07-13T17:30:00+01:00,26.818451,26.985623,26.813385,26.975492
2020-07-13T18:30:00+01:00,26.985623,26.985623,26.798188,26.798188
2020-07-13T19:30:00+01:00,26.762727,26.838714,26.549963,26.549963
2020-07-13T20:30:00+01:00,26.549963,26.549963,26.220684,26.220684
2020-07-14T14:30:00+01:00,26.048446,26.185224,25.936998,25.977525
2020-07-14T15:30:00+01:00,25.982591,26.256145,25.982591,26.205487
2020-07-14T16:30:00+01:00,26.16496,26.337198,26.119368,26.296672
2020-07-14T17:30:00+01:00,26.276408,26.40812,26.276408,26.387856
2020-07-14T18:30:00+01:00,26.367593,26.509436,26.367593,26.44358
2020-07-14T19:30:00+01:00,26.448646,26.489173,26.362527,26.44358
2020-07-14T20:30:00+01:00,26.458778,26.610752,26.403054,26.610752
2020-07-15T14:30:00+01:00,26.691806,27.036281,26.691806,26.737398
2020-07-15T15:30:00+01:00,26.742464,26.808319,26.539831,26.549963
2020-07-15T16:30:00+01:00,26.595555,26.595555,26.44358,26.590489
2020-07-15T17:30:00+01:00,26.501837,26.62595,26.501837,26.56516
2020-07-15T18:30:00+01:00,26.620884,26.68674,26.575292,26.68674
2020-07-15T19:30:00+01:00,26.696871,26.696871,26.555028,26.656345
2020-07-15T20:30:00+01:00,26.666476,26.709536,26.636082,26.666476
2020-07-16T14:30:00+01:00,29.77689,31.215583,29.690771,30.992687
2020-07-16T15:30:00+01:00,30.977489,31.175056,30.298669,30.430381
2020-07-16T16:30:00+01:00,30.425315,30.607684,30.293604,30.572224
2020-07-16T17:30:00+01:00,30.55196,30.55196,30.172024,30.379723
2020-07-16T18:30:00+01:00,30.39492,30.531697,30.27334,30.475973
2020-07-16T19:30:00+01:00,30.460776,30.470907,30.009918,30.131497
2020-07-16T20:30:00+01:00,30.126432,30.207485,29.938996,29.954194
2020-07-17T14:30:00+01:00,29.761693,29.832614,29.356427,29.571724
2020-07-17T15:30:00+01:00,29.59452,30.166958,29.59452,30.1163
2020-07-17T16:30:00+01:00,30.131497,30.374657,30.131497,30.27334
2020-07-17T17:30:00+01:00,30.222682,30.339196,30.126432,30.283472
2020-07-17T18:30:00+01:00,30.288538,30.354393,30.278406,30.323999
2020-07-17T19:30:00+01:00,30.318933,30.506368,30.298669,30.506368
2020-07-17T20:30:00+01:00,30.501302,30.714067,30.481039,30.627948
2020-07-20T14:30:00+01:00,30.546895,31.007884,30.491171,30.779922
2020-07-20T15:30:00+01:00,30.769791,30.901502,30.587421,30.901502
2020-07-20T16:30:00+01:00,30.898969,30.909101,30.790054,30.898969
2020-07-20T17:30:00+01:00,30.901502,31.159859,30.881239,31.139596
2020-07-20T18:30:00+01:00,31.139596,31.190254,31.07374,31.137063
2020-07-20T19:30:00+01:00,31.139596,31.332097,31.139596,31.205451
2020-07-20T20:30:00+01:00,31.200385,31.261175,31.114266,31.124398
2020-07-21T14:30:00+01:00,31.301702,31.656309,31.276373,31.590454
2020-07-21T15:30:00+01:00,31.641112,31.646178,31.185188,31.185188
2020-07-21T16:30:00+01:00,31.266241,31.438479,31.053477,31.053477
2020-07-21T17:30:00+01:00,31.139596,31.245978,31.053477,31.159859
2020-07-21T18:30:00+01:00,31.157326,31.306768,31.157326,31.276373
2020-07-21T19:30:00+01:00,31.276373,31.281439,31.033213,31.076273
2020-07-21T20:30:00+01:00,31.028148,31.058542,30.936963,30.936963
2020-07-22T14:30:00+01:00,31.119332,31.397952,31.119332,31.397952
2020-07-22T15:30:00+01:00,31.382755,31.643645,31.382755,31.643645
2020-07-22T16:30:00+01:00,31.661375,31.661375,31.443545,31.453676
2020-07-22T17:30:00+01:00,31.438479,31.438479,31.342228,31.382755
2020-07-22T18:30:00+01:00,31.397952,31.418216,31.311833,31.397952
2020-07-22T19:30:00+01:00,31.397952,31.428347,31.357426,31.357426
2020-07-22T20:30:00+01:00,31.347294,31.428347,31.261175,31.29157
2020-07-23T14:30:00+01:00,31.347294,31.777889,31.342228,31.777889
2020-07-23T15:30:00+01:00,31.75256,31.84881,31.575256,31.701902
2020-07-23T16:30:00+01:00,31.706967,31.793086,31.565124,31.585388
2020-07-23T17:30:00+01:00,31.565124,31.651243,31.342228,31.362492
2020-07-23T18:30:00+01:00,31.337163,31.342228,30.871107,31.063608
2020-07-23T19:30:00+01:00,31.063608,31.215583,31.038279,31.149727
2020-07-23T20:30:00+01:00,31.149727,31.185188,31.023082,31.177589
2020-07-24T14:30:00+01:00,30.719132,30.825515,30.541829,30.739396
2020-07-24T15:30:00+01:00,30.749527,31.007884,30.678606,30.906568
2020-07-24T16:30:00+01:00,30.911634,30.972423,30.790054,30.840712
2020-07-24T17:30:00+01:00,30.860975,30.866041,30.719132,30.784988
2020-07-24T18:30:00+01:00,30.800186,30.947094,30.800186,30.947094
2020-07-24T19:30:00+01:00,30.906568,30.947094,30.790054,30.790054
2020-07-24T20:30:00+01:00,30.774857,30.850844,30.764725,30.79512
2020-07-27T14:30:00+01:00,30.835646,30.901502,30.638079,30.845778
2020-07-27T15:30:00+01:00,30.871107,31.007884,30.805251,30.876173
2020-07-27T16:30:00+01:00,30.896436,31.023082,30.810317,30.972423
2020-07-27T17:30:00+01:00,30.95216,31.07374,30.807784,30.95216
2020-07-27T18:30:00+01:00,30.95216,30.997753,30.886305,30.942029
2020-07-27T19:30:00+01:00,30.95216,31.038279,30.845778,31.028148
2020-07-27T20:30:00+01:00,30.997753,31.002818,30.845778,30.881239
2020-07-28T14:30:00+01:00,30.719132,30.850844,30.45571,30.67354
2020-07-28T15:30:00+01:00,30.698869,30.698869,30.501302,30.546895
2020-07-28T16:30:00+01:00,30.549428,30.627948,30.450644,30.496236
2020-07-28T17:30:00+01:00,30.521565,30.622882,30.491171,30.496236
2020-07-28T18:30:00+01:00,30.501302,30.546895,30.440512,30.486105
2020-07-28T19:30:00+01:00,30.435447,30.435447,30.197353,30.207485
2020-07-28T20:30:00+01:00,30.21255,30.227748,30.009918,30.085905
2020-07-29T14:30:00+01:00,30.1163,30.475973,29.989654,30.415183
2020-07-29T15:30:00+01:00,30.450644,30.460776,30.197353,30.283472
2020-07-29T16:30:00+01:00,30.283472,30.37719,30.253077,30.268274
2020-07-29T17:30:00+01:00,30.278406,30.313867,30.166958,30.172024
2020-07-29T18:30:00+01:00,30.172024,30.293604,30.141629,30.23788
2020-07-29T19:30:00+01:00,30.242945,30.33413,30.118833,30.161892
2020-07-29T20:30:00+01:00,30.192287,30.248011,30.101102,30.227748
2020-07-30T14:30:00+01:00,30.030181,30.030181,29.680639,29.756627
2020-07-30T15:30:00+01:00,29.761693,29.913667,29.483072,29.893404
2020-07-30T16:30:00+01:00,29.89847,30.045378,29.89847,29.999786
2020-07-30T17:30:00+01:00,30.030181,30.045378,29.89847,29.984589
2020-07-30T18:30:00+01:00,29.954194,29.974457,29.842746,29.863009
2020-07-30T19:30:00+01:00,29.883272,29.918733,29.726232,29.918733
2020-07-30T20:30:00+01:00,29.923799,29.969391,29.873141,29.969391
2020-07-31T14:30:00+01:00,30.248011,30.248011,29.65531,29.685705
2020-07-31T15:30:00+01:00,29.685705,29.959259,29.685705,29.938996
2020-07-31T16:30:00+01:00,29.954194,29.984589,29.736363,29.873141
2020-07-31T17:30:00+01:00,29.852877,29.89847,29.751561,29.89847
2020-07-31T18:30:00+01:00,29.938996,29.944062,29.847811,29.903535
2020-07-31T19:30:00+01:00,29.938996,30.17709,29.938996,30.106168
2020-07-31T20:30:00+01:00,30.121366,30.33413,30.106168,30.329064
2020-08-03T14:30:00+01:00,30.298669,30.323999,30.106168,30.248011
2020-08-03T15:30:00+01:00,30.263209,30.653277,30.263209,30.546895
2020-08-03T16:30:00+01:00,30.57729,30.709001,30.572224,30.617816
2020-08-03T17:30:00+01:00,30.638079,30.769791,30.633014,30.688738
2020-08-03T18:30:00+01:00,30.754593,30.759659,30.678606,30.73433
2020-08-03T19:30:00+01:00,30.736863,30.815383,30.660876,30.67354
2020-08-03T20:30:00+01:00,30.703935,30.764725,30.597553,30.658343
2020-08-04T14:30:00+01:00,30.648211,30.67354,30.410117,30.465841
2020-08-04T15:30:00+01:00,30.468374,30.511434,30.308801,30.308801
2020-08-04T16:30:00+01:00,30.318933,30.465841,30.308801,30.425315
2020-08-04T17:30:00+01:00,30.460776,30.546895,30.39492,30.546895
2020-08-04T18:30:00+01:00,30.541829,30.541829,30.384788,30.384788
2020-08-04T19:30:00+01:00,30.374657,30.450644,30.329064,30.389854
2020-08-04T20:30:00+01:00,30.374657,30.592487,30.374657,30.55196
2020-08-05T14:30:00+01:00,30.774857,30.866041,30.582355,30.840712
2020-08-05T15:30:00+01:00,30.845778,30.967358,30.749527,30.774857
2020-08-05T16:30:00+01:00,30.754593,30.759659,30.643145,30.678606
2020-08-05T17:30:00+01:00,30.698869,30.810317,30.698869,30.784988
2020-08-05T18:30:00+01:00,30.774857,30.774857,30.663408,30.757126
2020-08-05T19:30:00+01:00,30.790054,30.840712,30.709001,30.769791
2020-08-05T20:30:00+01:00,30.764725,30.779922,30.709001,30.709001
2020-08-06T14:30:00+01:00,30.57729,30.703935,30.384788,30.653277
2020-08-06T15:30:00+01:00,30.622882,30.719132,30.562092,30.67354
2020-08-06T16:30:00+01:00,30.668474,30.779922,30.592487,30.759659
2020-08-06T17:30:00+01:00,30.739396,30.744462,30.658343,30.709001
2020-08-06T18:30:00+01:00,30.703935,30.810317,30.67354,30.805251
2020-08-06T19:30:00+01:00,30.790054,30.850844,30.769791,30.845778
2020-08-06T20:30:00+01:00,30.866041,31.01295,30.820449,30.896436
2020-08-07T14:30:00+01:00,30.784988,30.835646,30.541829,30.597553
2020-08-07T15:30:00+01:00,30.592487,30.744462,30.592487,30.617816
2020-08-07T16:30:00+01:00,30.653277,30.67354,30.465841,30.627948
2020-08-07T17:30:00+01:00,30.597553,30.617816,30.440512,30.521565
2020-08-07T18:30:00+01:00,30.506368,30.587421,30.475973,30.481039
2020-08-07T19:30:00+01:00,30.536763,30.668474,30.501302,30.663408
2020-08-07T20:30:00+01:00,30.67354,30.850844,30.658343,30.825515
2020-08-10T14:30:00+01:00,30.926831,31.210517,30.926831,31.124398
2020-08-10T15:30:00+01:00,31.068674,31.154793,30.967358,31.078806
2020-08-10T16:30:00+01:00,31.13453,31.342228,31.13453,31.296636
2020-08-10T17:30:00+01:00,31.251044,31.392887,31.251044,31.382755
2020-08-10T18:30:00+01:00,31.337163,31.337163,31.205451,31.281439
2020-08-10T19:30:00+01:00,31.289037,31.35236,31.256109,31.266241
2020-08-10T20:30:00+01:00,31.266241,31.332097,31.240912,31.332097
2020-08-11T14:30:00+01:00,31.565124,31.985587,31.549927,31.580322
2020-08-11T15:30:00+01:00,31.580322,31.580322,31.286504,31.453676
2020-08-11T16:30:00+01:00,31.428347,31.504335,31.29157,31.504335
2020-08-11T17:30:00+01:00,31.499269,31.5094,31.357426,31.504335
2020-08-11T18:30:00+01:00,31.519532,31.661375,31.47394,31.560059
2020-08-11T19:30:00+01:00,31.549927,31.656309,31.362492,31.372623
2020-08-11T20:30:00+01:00,31.342228,31.375156,31.099069,31.154793
2020-08-12T14:30:00+01:00,31.484071,31.484071,31.200385,31.245978
2020-08-12T15:30:00+01:00,31.276373,31.276373,31.205451,31.271307
2020-08-12T16:30:00+01:00,31.225714,31.271307,31.175056,31.251044
2020-08-12T17:30:00+01:00,31.261175,31.261175,31.068674,31.068674
2020-08-12T18:30:00+01:00,31.07374,31.240912,31.07374,31.210517
2020-08-12T19:30:00+01:00,31.210517,31.316899,31.129464,31.306768
2020-08-12T20:30:00+01:00,31.29157,31.357426,31.235846,31.337163
2020-08-13T14:30:00+01:00,31.007884,31.007884,30.729264,30.754593
2020-08-13T15:30:00+01:00,30.658343,30.719132,30.567158,30.633014
2020-08-13T16:30:00+01:00,30.648211,30.648211,30.521565,30.572224
2020-08-13T17:30:00+01:00,30.57729,30.757126,30.430381,30.460776
2020-08-13T18:30:00+01:00,30.448111,30.503835,30.278406,30.374657
2020-08-13T19:30:00+01:00,30.389854,30.420249,30.268274,30.339196
2020-08-13T20:30:00+01:00,30.336663,30.351861,30.151761,30.199886
2020-08-14T14:30:00+01:00,30.288538,30.562092,30.242945,30.354393
2020-08-14T15:30:00+01:00,30.248011,30.399986,30.248011,30.293604
2020-08-14T16:30:00+01:00,30.364525,30.45571,30.293604,30.410117
2020-08-14T17:30:00+01:00,30.399986,30.445578,30.339196,30.399986
2020-08-14T18:30:00+01:00,30.405052,30.486105,30.318933,30.329064
2020-08-14T19:30:00+01:00,30.329064,30.443045,30.27334,30.288538
2020-08-14T20:30:00+01:00,30.308801,30.389854,30.278406,30.33413
2020-08-17T14:30:00+01:00,30.410117,30.709001,30.410117,30.521565
2020-08-17T15:30:00+01:00,30.55196,30.55196,30.410117,30.506368
2020-08-17T16:30:00+01:00,30.506368,30.506368,30.405052,30.415183
2020-08-17T17:30:00+01:00,30.430381,30.440512,30.369591,30.369591
2020-08-17T18:30:00+01:00,30.39492,30.399986,30.283472,30.283472
2020-08-17T19:30:00+01:00,30.258143,30.258143,30.217616,30.227748
2020-08-17T20:30:00+01:00,30.253077,30.349328,30.242945,30.242945
2020-08-18T14:30:00+01:00,30.410117,30.529164,30.27334,30.27334
2020-08-18T15:30:00+01:00,30.258143,30.501302,30.258143,30.501302
2020-08-18T16:30:00+01:00,30.506368,30.511434,30.430381,30.450644
2020-08-18T17:30:00+01:00,30.460776,30.567158,30.460776,30.486105
2020-08-18T18:30:00+01:00,30.460776,30.475973,30.346795,30.410117
2020-08-18T19:30:00+01:00,30.364525,30.521565,30.308801,30.450644
2020-08-18T20:30:00+01:00,30.460776,30.481039,30.374657,30.410117
2020-08-19T14:30:00+01:00,30.597553,30.683672,30.450644,30.491171
2020-08-19T15:30:00+01:00,30.486105,30.521565,30.379723,30.486105
2020-08-19T16:30:00+01:00,30.481039,30.541829,30.45571,30.486105
2020-08-19T17:30:00+01:00,30.420249,30.587421,30.420249,30.587421
2020-08-19T18:30:00+01:00,30.572224,30.643145,30.39492,30.450644
2020-08-19T19:30:00+01:00,30.45571,30.486105,30.346795,30.346795
2020-08-19T20:30:00+01:00,30.39492,30.39492,30.253077,30.308801
2020-08-20T14:30:00+01:00,30.192287,30.318933,30.161892,30.242945
2020-08-20T15:30:00+01:00,30.217616,30.33413,30.182156,30.232814
2020-08-20T16:30:00+01:00,30.268274,30.344262,30.080839,30.080839
2020-08-20T17:30:00+01:00,30.065642,30.101102,30.05551,30.065642
2020-08-20T18:30:00+01:00,30.096037,30.197353,30.090971,30.197353
2020-08-20T19:30:00+01:00,30.217616,30.217616,30.101102,30.111234
2020-08-20T20:30:00+01:00,30.126432,30.293604,30.121366,30.21255
2020-08-21T14:30:00+01:00,30.096037,30.288538,30.096037,30.278406
2020-08-21T15:30:00+01:00,30.425315,30.508901,30.298669,30.298669
2020-08-21T16:30:00+01:00,30.293604,30.415183,30.258143,30.387321
2020-08-21T17:30:00+01:00,30.354393,30.506368,30.354393,30.506368
2020-08-21T18:30:00+01:00,30.486105,30.567158,30.486105,30.567158
2020-08-21T19:30:00+01:00,30.541829,30.663408,30.541829,30.658343
2020-08-21T20:30:00+01:00,30.648211,30.736863,30.592487,30.617816
2020-08-24T14:30:00+01:00,31.286504,31.448611,31.043345,31.403018
2020-08-24T15:30:00+01:00,31.245978,31.251044,31.114266,31.154793
2020-08-24T16:30:00+01:00,31.149727,31.261175,31.124398,31.245978
2020-08-24T17:30:00+01:00,31.225714,31.256109,31.190254,31.251044
2020-08-24T18:30:00+01:00,31.205451,31.205451,31.088937,31.124398
2020-08-24T19:30:00+01:00,31.119332,31.16999,31.063608,31.159859
2020-08-24T20:30:00+01:00,31.144661,31.215583,31.13453,31.175056
2020-08-25T14:30:00+01:00,31.225714,31.306768,31.07374,31.083872
2020-08-25T15:30:00+01:00,31.048411,31.048411,30.866041,30.866041
2020-08-25T16:30:00+01:00,30.860975,30.860975,30.643145,30.693803
2020-08-25T17:30:00+01:00,30.683672,30.73433,30.678606,30.724198
2020-08-25T18:30:00+01:00,30.698869,30.759659,30.693803,30.749527
2020-08-25T19:30:00+01:00,30.774857,30.800186,30.714067,30.779922
2020-08-25T20:30:00+01:00,30.790054,30.830581,30.709001,30.719132
2020-08-26T14:30:00+01:00,31.301702,31.347294,30.835646,31.235846
2020-08-26T15:30:00+01:00,31.235846,31.306768,31.048411,31.220649
2020-08-26T16:30:00+01:00,31.210517,31.306768,31.190254,31.301702
2020-08-26T17:30:00+01:00,31.301702,31.362492,31.240912,31.357426
2020-08-26T18:30:00+01:00,31.357426,31.534729,31.342228,31.494203
2020-08-26T19:30:00+01:00,31.504335,31.504335,31.240912,31.408084
2020-08-26T20:30:00+01:00,31.392887,31.534729,31.387821,31.448611
2020-08-27T14:30:00+01:00,31.81335,32.005851,31.15226,31.337163
2020-08-27T15:30:00+01:00,31.296636,31.554993,31.296636,31.453676
2020-08-27T16:30:00+01:00,31.428347,31.681638,31.428347,31.646178
2020-08-27T17:30:00+01:00,31.585388,31.595519,31.316899,31.524598
2020-08-27T18:30:00+01:00,31.499269,31.661375,31.387821,31.661375
2020-08-27T19:30:00+01:00,31.686704,31.732296,31.549927,31.646178
2020-08-27T20:30:00+01:00,31.646178,31.828547,31.636046,31.717099
2020-08-28T14:30:00+01:00,33.226713,34.239877,32.846777,33.596518
2020-08-28T15:30:00+01:00,33.530663,33.657308,33.115265,33.42428
2020-08-28T16:30:00+01:00,33.401484,33.530663,33.176055,33.469873
2020-08-28T17:30:00+01:00,33.515465,33.789019,33.373622,33.515465
2020-08-28T18:30:00+01:00,33.566123,33.733295,33.393885,33.510399
2020-08-28T19:30:00+01:00,33.469873,33.626913,32.958225,33.469873
2020-08-28T20:30:00+01:00,33.495202,33.611716,33.434412,33.540794
2020-08-31T14:30:00+01:00,33.216582,34.108166,33.216582,33.996718
2020-08-31T15:30:00+01:00,33.981521,34.057508,33.783954,33.783954
2020-08-31T16:30:00+01:00,33.859941,33.859941,33.72823,33.804217
2020-08-31T17:30:00+01:00,33.814349,34.001784,33.783954,33.956191
2020-08-31T18:30:00+01:00,33.930862,33.94606,33.849809,33.875138
2020-08-31T19:30:00+01:00,33.859941,33.859941,33.581321,33.60665
2020-08-31T20:30:00+01:00,33.60665,33.626913,33.469873,33.469873
2020-09-01T14:30:00+01:00,33.38882,33.713032,33.373622,33.713032
2020-09-01T15:30:00+01:00,33.751026,33.849809,33.707966,33.789019
2020-09-01T16:30:00+01:00,33.799151,33.854875,33.687703,33.72823
2020-09-01T17:30:00+01:00,33.692769,33.692769,33.469873,33.555992
2020-09-01T18:30:00+01:00,33.535728,33.576255,33.505333,33.561058
2020-09-01T19:30:00+01:00,33.566123,33.621847,33.398951,33.404017
2020-09-01T20:30:00+01:00,33.409083,33.637045,33.409083,33.631979
2020-09-02T14:30:00+01:00,33.829546,34.001784,33.621847,33.94606
2020-09-02T15:30:00+01:00,33.940994,33.971389,33.819414,33.844743
2020-09-02T16:30:00+01:00,33.794085,33.996718,33.687703,33.966323
2020-09-02T17:30:00+01:00,34.001784,34.16389,33.971389,34.16389
2020-09-02T18:30:00+01:00,34.171489,34.239877,34.1031,34.239877
2020-09-02T19:30:00+01:00,34.255075,34.705933,34.255075,34.690735
2020-09-02T20:30:00+01:00,34.690735,34.754058,34.619814,34.68567
2020-09-03T14:30:00+01:00,34.072705,34.270272,33.459741,33.495202
2020-09-03T15:30:00+01:00,33.555992,33.596518,32.760658,32.993686
2020-09-03T16:30:00+01:00,33.074739,33.226713,32.978488,33.125397
2020-09-03T17:30:00+01:00,33.14566,33.201384,32.877172,33.003817
2020-09-03T18:30:00+01:00,33.079805,33.079805,32.922764,33.031679
2020-09-03T19:30:00+01:00,33.100068,33.125397,32.80625,32.915165
2020-09-03T20:30:00+01:00,32.968357,33.252042,32.897435,33.186187
2020-09-04T14:30:00+01:00,33.089936,33.505333,32.740395,32.851843
2020-09-04T15:30:00+01:00,32.568157,32.568157,32.041312,32.041312
2020-09-04T16:30:00+01:00,32.12743,32.568157,32.081838,32.568157
2020-09-04T17:30:00+01:00,32.52763,32.639078,32.208484,32.218615
2020-09-04T18:30:00+01:00,32.18822,32.613749,32.18822,32.603618
2020-09-04T19:30:00+01:00,32.598552,33.003817,32.568157,33.003817
2020-09-04T20:30:00+01:00,32.932896,32.978488,32.740395,32.740395
2020-09-08T14:30:00+01:00,31.919732,32.760658,31.828547,32.74546
2020-09-08T15:30:00+01:00,32.785987,32.983554,32.532696,32.973422
2020-09-08T16:30:00+01:00,32.983554,32.98862,32.623881,32.846777
2020-09-08T17:30:00+01:00,32.882238,33.201384,32.834112,33.08487
2020-09-08T18:30:00+01:00,33.089936,33.216582,32.917698,32.92783
2020-09-08T19:30:00+01:00,32.932896,33.019015,32.755592,32.877172
2020-09-08T20:30:00+01:00,32.882238,32.897435,32.487104,32.492169
2020-09-09T14:30:00+01:00,32.998751,33.176055,32.902501,33.130463
2020-09-09T15:30:00+01:00,33.165924,33.338161,33.165924,33.307767
2020-09-09T16:30:00+01:00,33.297635,34.092969,33.221648,33.844743
2020-09-09T17:30:00+01:00,33.870073,34.133495,33.834612,34.072705
2020-09-09T18:30:00+01:00,33.996718,33.996718,33.789019,33.849809
2020-09-09T19:30:00+01:00,33.834612,34.016981,33.834612,34.011915
2020-09-09T20:30:00+01:00,34.032179,34.047376,33.819414,33.870073
2020-09-10T14:30:00+01:00,33.971389,34.06764,33.637045,33.662374
2020-09-10T15:30:00+01:00,33.672506,33.796618,33.363491,33.796618
2020-09-10T16:30:00+01:00,33.839678,33.930862,33.738361,33.799151
2020-09-10T17:30:00+01:00,33.804217,33.956191,33.672506,33.875138
2020-09-10T18:30:00+01:00,33.875138,33.895402,33.363491,33.363491
2020-09-10T19:30:00+01:00,33.393885,33.393885,32.968357,33.095002
2020-09-10T20:30:00+01:00,33.039278,33.322964,33.039278,33.170989
2020-09-11T14:30:00+01:00,33.338161,33.794085,33.338161,33.631979
2020-09-11T15:30:00+01:00,33.586387,33.789019,33.520531,33.611716
2020-09-11T16:30:00+01:00,33.515465,33.677571,33.500268,33.626913
2020-09-11T17:30:00+01:00,33.515465,33.576255,33.216582,33.241911
2020-09-11T18:30:00+01:00,33.191253,33.459741,33.095002,33.454675
2020-09-11T19:30:00+01:00,33.474939,33.596518,33.383754,33.555992
2020-09-11T20:30:00+01:00,33.601584,33.690236,33.500268,33.657308
2020-09-14T14:30:00+01:00,33.935928,34.32093,33.925797,34.234812
2020-09-14T15:30:00+01:00,34.229746,34.270272,34.179088,34.179088
2020-09-14T16:30:00+01:00,34.194285,34.265206,34.1031,34.189219
2020-09-14T17:30:00+01:00,34.209482,34.219614,33.890336,33.930862
2020-09-14T18:30:00+01:00,33.890336,34.06764,33.834612,34.016981
2020-09-14T19:30:00+01:00,34.022047,34.052442,33.7029,33.799151
2020-09-14T20:30:00+01:00,33.809283,33.991652,33.794085,33.865007
2020-09-15T14:30:00+01:00,34.204417,34.305733,34.118298,34.204417
2020-09-15T15:30:00+01:00,34.28547,34.5033,34.255075,34.422247
2020-09-15T16:30:00+01:00,34.396918,34.477971,34.336128,34.467839
2020-09-15T17:30:00+01:00,34.457708,34.513432,34.280404,34.300667
2020-09-15T18:30:00+01:00,34.3032,34.315865,34.1031,34.1031
2020-09-15T19:30:00+01:00,34.1031,34.234812,33.940994,33.940994
2020-09-15T20:30:00+01:00,33.935928,34.032179,33.816881,34.011915
2020-09-16T14:30:00+01:00,34.447576,34.670472,34.300667,34.472905
2020-09-16T15:30:00+01:00,34.518497,34.710999,34.477971,34.599551
2020-09-16T16:30:00+01:00,34.584353,34.62488,34.417181,34.447576
2020-09-16T17:30:00+01:00,34.483037,34.553958,34.439977,34.452642
2020-09-16T18:30:00+01:00,34.462773,34.589419,34.336128,34.56409
2020-09-16T19:30:00+01:00,34.604616,34.716064,34.376655,34.417181
2020-09-16T20:30:00+01:00,34.407049,34.407049,34.118298,34.118298
2020-09-17T14:30:00+01:00,33.454675,33.991652,33.211516,33.713032
2020-09-17T15:30:00+01:00,33.733295,34.229746,33.707966,34.077771
2020-09-17T16:30:00+01:00,34.047376,34.072705,33.652242,33.733295
2020-09-17T17:30:00+01:00,33.72823,33.844743,33.677571,33.789019
2020-09-17T18:30:00+01:00,33.82448,33.905533,33.738361,33.738361
2020-09-17T19:30:00+01:00,33.707966,33.748493,33.550926,33.586387
2020-09-17T20:30:00+01:00,33.586387,33.783954,33.581321,33.718098
2020-09-18T14:30:00+01:00,33.829546,34.00685,33.500268,33.986586
2020-09-18T15:30:00+01:00,33.976455,33.981521,33.672506,33.778888
2020-09-18T16:30:00+01:00,33.753559,33.76369,33.60665,33.723164
2020-09-18T17:30:00+01:00,33.707966,33.713032,33.48507,33.48507
2020-09-18T18:30:00+01:00,33.454675,33.718098,33.368556,33.657308
2020-09-18T19:30:00+01:00,33.616782,33.778888,33.586387,33.718098
2020-09-18T20:30:00+01:00,33.713032,33.900467,33.510399,33.629446
2020-09-21T14:30:00+01:00,32.801184,32.801184,32.350327,32.421248
2020-09-21T15:30:00+01:00,32.406051,32.674539,32.380721,32.66694
2020-09-21T16:30:00+01:00,32.583354,33.003817,32.583354,33.003817
2020-09-21T17:30:00+01:00,32.943027,32.978488,32.841711,32.922764
2020-09-21T18:30:00+01:00,32.953159,32.963291,32.775855,32.861974
2020-09-21T19:30:00+01:00,32.831579,32.978488,32.796119,32.978488
2020-09-21T20:30:00+01:00,32.948093,33.181121,32.92783,33.181121
2020-09-22T14:30:00+01:00,33.596518,33.596518,33.181121,33.312832
2020-09-22T15:30:00+01:00,33.32803,33.343227,32.912633,33.130463
2020-09-22T16:30:00+01:00,33.08487,33.115265,33.029146,33.069673
2020-09-22T17:30:00+01:00,33.059541,33.079805,32.953159,33.079805
2020-09-22T18:30:00+01:00,33.115265,33.378688,33.105134,33.297635
2020-09-22T19:30:00+01:00,33.317898,33.42428,33.221648,33.419215
2020-09-22T20:30:00+01:00,33.398951,33.571189,33.32803,33.566123
2020-09-23T14:30:00+01:00,34.052442,34.052442,33.616782,33.804217
2020-09-23T15:30:00+01:00,33.796618,33.82448,33.459741,33.459741
2020-09-23T16:30:00+01:00,33.490136,33.586387,33.434412,33.586387
2020-09-23T17:30:00+01:00,33.601584,33.66744,33.520531,33.571189
2020-09-23T18:30:00+01:00,33.581321,33.586387,33.302701,33.353359
2020-09-23T19:30:00+01:00,33.353359,33.383754,33.170989,33.307767
2020-09-23T20:30:00+01:00,33.348293,33.355892,33.105134,33.231779
2020-09-24T14:30:00+01:00,33.029146,33.262174,32.674539,33.029146
2020-09-24T15:30:00+01:00,32.892369,32.907567,32.654276,32.821448
2020-09-24T16:30:00+01:00,32.912633,33.170989,32.912633,33.135529
2020-09-24T17:30:00+01:00,33.039278,33.38882,33.019015,33.383754
2020-09-24T18:30:00+01:00,33.383754,33.383754,33.079805,33.079805
2020-09-24T19:30:00+01:00,33.079805,33.196318,32.872106,32.882238
2020-09-24T20:30:00+01:00,32.846777,33.196318,32.826514,33.097535
2020-09-25T14:30:00+01:00,32.978488,33.095002,32.74546,32.98862
2020-09-25T15:30:00+01:00,32.983554,33.135529,32.963291,33.105134
2020-09-25T16:30:00+01:00,33.1102,33.196318,33.059541,33.069673
2020-09-25T17:30:00+01:00,32.998751,33.120331,32.998751,33.120331
2020-09-25T18:30:00+01:00,33.135529,33.191253,33.095002,33.115265
2020-09-25T19:30:00+01:00,33.079805,33.363491,33.079805,33.272306
2020-09-25T20:30:00+01:00,33.282437,33.297635,33.191253,33.297635
2020-09-28T14:30:00+01:00,33.76369,34.118298,33.682637,34.057508
2020-09-28T15:30:00+01:00,34.047376,34.22468,34.04231,34.189219
2020-09-28T16:30:00+01:00,34.189219,34.199351,33.981521,34.016981
2020-09-28T17:30:00+01:00,34.047376,34.20695,34.022047,34.168956
2020-09-28T18:30:00+01:00,34.168956,34.194285,34.082837,34.136028
2020-09-28T19:30:00+01:00,34.143627,34.244943,34.138561,34.184153
2020-09-28T20:30:00+01:00,34.184153,34.184153,34.016981,34.082837
2020-09-29T14:30:00+01:00,34.143627,34.305733,33.930862,34.290536
2020-09-29T15:30:00+01:00,34.280404,34.391852,34.214548,34.336128
2020-09-29T16:30:00+01:00,34.310799,34.5033,34.244943,34.351325
2020-09-29T17:30:00+01:00,34.447576,34.457708,34.366523,34.447576
2020-09-29T18:30:00+01:00,34.44251,34.472905,34.391852,34.472905
2020-09-29T19:30:00+01:00,34.518497,34.655275,34.518497,34.614748
2020-09-29T20:30:00+01:00,34.599551,34.690735,34.513432,34.652742
2020-09-30T14:30:00+01:00,34.670472,34.822447,34.62488,34.726196
2020-09-30T15:30:00+01:00,34.741394,34.771788,34.325996,34.336128
2020-09-30T16:30:00+01:00,34.32093,34.396918,34.234812,34.396918
2020-09-30T17:30:00+01:00,34.356391,34.472905,34.244943,34.452642
2020-09-30T18:30:00+01:00,34.483037,34.553958,34.432379,34.432379
2020-09-30T19:30:00+01:00,34.386786,34.386786,34.057508,34.184153
2020-09-30T20:30:00+01:00,34.179088,34.376655,34.158824,34.260141
2020-10-01T14:30:00+01:00,34.589419,34.678071,34.229746,34.229746
2020-10-01T15:30:00+01:00,34.295601,34.452642,34.244943,34.244943
2020-10-01T16:30:00+01:00,34.310799,34.310799,34.143627,34.16389
2020-10-01T17:30:00+01:00,34.184153,34.244943,34.113232,34.189219
2020-10-01T18:30:00+01:00,34.189219,34.305733,34.016981,34.057508
2020-10-01T19:30:00+01:00,34.179088,34.184153,34.027113,34.072705
2020-10-01T20:30:00+01:00,34.077771,34.199351,34.037245,34.199351
2020-10-02T14:30:00+01:00,33.540794,34.174022,33.515465,34.16389
2020-10-02T15:30:00+01:00,34.174022,34.239877,34.087903,34.219614
2020-10-02T16:30:00+01:00,34.138561,34.184153,33.951126,34.184153
2020-10-02T17:30:00+01:00,34.16389,34.244943,33.880204,33.925797
2020-10-02T18:30:00+01:00,33.925797,34.062574,33.905533,34.00685
2020-10-02T19:30:00+01:00,33.999251,34.062574,33.88527,34.062574
2020-10-02T20:30:00+01:00,34.1031,34.179088,34.004317,34.004317
2020-10-05T14:30:00+01:00,34.391852,34.543827,34.371589,34.371589
2020-10-05T15:30:00+01:00,34.407049,34.457708,34.239877,34.239877
2020-10-05T16:30:00+01:00,34.22468,34.34626,34.179088,34.32093
2020-10-05T17:30:00+01:00,34.336128,34.336128,34.108166,34.168956
2020-10-05T18:30:00+01:00,34.148693,34.32093,34.138561,34.250009
2020-10-05T19:30:00+01:00,34.300667,34.538761,34.295601,34.538761
2020-10-05T20:30:00+01:00,34.538761,34.594485,34.523563,34.523563
2020-10-06T14:30:00+01:00,34.518497,34.797118,34.32093,34.776854
2020-10-06T15:30:00+01:00,34.771788,34.771788,34.361457,34.361457
2020-10-06T16:30:00+01:00,34.356391,34.498234,34.356391,34.498234
2020-10-06T17:30:00+01:00,34.518497,34.807249,34.518497,34.807249
2020-10-06T18:30:00+01:00,34.827513,34.832578,34.700867,34.761657
2020-10-06T19:30:00+01:00,34.741394,34.832578,34.04231,34.16389
2020-10-06T20:30:00+01:00,34.229746,34.331062,34.077771,34.179088
2020-10-07T14:30:00+01:00,34.427313,34.427313,34.082837,34.138561
2020-10-07T15:30:00+01:00,34.118298,34.204417,34.108166,34.189219
2020-10-07T16:30:00+01:00,34.194285,34.310799,34.100567,34.16389
2020-10-07T17:30:00+01:00,34.189219,34.244943,34.168956,34.174022
2020-10-07T18:30:00+01:00,34.204417,34.234812,34.1031,34.113232
2020-10-07T19:30:00+01:00,34.06764,34.133495,34.027113,34.087903
2020-10-07T20:30:00+01:00,34.092969,34.148693,33.981521,34.143627
2020-10-08T14:30:00+01:00,34.194285,34.949092,34.179088,34.933895
2020-10-08T15:30:00+01:00,34.979487,35.045343,34.880704,34.888302
2020-10-08T16:30:00+01:00,34.873105,34.959224,34.789519,34.941493
2020-10-08T17:30:00+01:00,34.870572,34.913631,34.84271,34.893368
2020-10-08T18:30:00+01:00,34.893368,34.923763,34.830045,34.893368
2020-10-08T19:30:00+01:00,34.9035,34.954158,34.852842,34.868039
2020-10-08T20:30:00+01:00,34.944026,34.96429,34.738861,34.792052
2020-10-09T14:30:00+01:00,34.908566,35.126396,34.827513,34.837644
2020-10-09T15:30:00+01:00,34.878171,34.880704,34.710999,34.857907
2020-10-09T16:30:00+01:00,34.938961,35.131462,34.938961,35.004816
2020-10-09T17:30:00+01:00,35.014948,35.045343,34.9035,34.923763
2020-10-09T18:30:00+01:00,34.893368,34.893368,34.78192,34.78192
2020-10-09T19:30:00+01:00,34.736328,34.766723,34.655275,34.766723
2020-10-09T20:30:00+01:00,34.771788,34.771788,34.66034,34.66034
2020-10-12T14:30:00+01:00,34.797118,34.994685,34.716064,34.822447
2020-10-12T15:30:00+01:00,34.832578,34.969355,34.817381,34.878171
2020-10-12T16:30:00+01:00,34.832578,34.954158,34.797118,34.898434
2020-10-12T17:30:00+01:00,34.913631,35.111198,34.913631,35.111198
2020-10-12T18:30:00+01:00,35.192252,35.192252,35.101067,35.146659
2020-10-12T19:30:00+01:00,35.111198,35.197317,35.101067,35.161857
2020-10-12T20:30:00+01:00,35.166922,35.166922,35.075738,35.075738
2020-10-13T14:30:00+01:00,35.455674,35.511398,35.263173,35.46074
2020-10-13T15:30:00+01:00,35.46074,35.46074,35.280903,35.425279
2020-10-13T16:30:00+01:00,35.475937,35.693768,35.470872,35.531661
2020-10-13T17:30:00+01:00,35.602583,35.815347,35.52153,35.805216
2020-10-13T18:30:00+01:00,35.845742,35.95719,35.769755,35.774821
2020-10-13T19:30:00+01:00,35.73936,35.962256,35.703899,35.952125
2020-10-13T20:30:00+01:00,35.962256,35.987585,35.724163,35.724163
2020-10-14T14:30:00+01:00,35.886269,36.195284,35.795084,35.952125
2020-10-14T15:30:00+01:00,35.95719,35.95719,35.790018,35.871071
2020-10-14T16:30:00+01:00,35.92173,35.92173,35.602583,35.683636
2020-10-14T17:30:00+01:00,35.714031,35.866006,35.708965,35.845742
2020-10-14T18:30:00+01:00,35.810282,35.896401,35.810282,35.830545
2020-10-14T19:30:00+01:00,35.774821,35.92173,35.719097,35.86094
2020-10-14T20:30:00+01:00,35.896401,35.962256,35.759623,35.759623
2020-10-15T14:30:00+01:00,35.101067,35.648175,35.085869,35.293568
2020-10-15T15:30:00+01:00,35.273305,35.283436,35.075738,35.247976
2020-10-15T16:30:00+01:00,35.24291,35.298634,35.009882,35.009882
2020-10-15T17:30:00+01:00,35.020014,35.06054,34.959224,35.009882
2020-10-15T18:30:00+01:00,35.141593,35.359424,35.111198,35.359424
2020-10-15T19:30:00+01:00,35.364489,35.496201,35.329029,35.481003
2020-10-15T20:30:00+01:00,35.491135,35.640577,35.455674,35.465806
2020-10-16T14:30:00+01:00,35.876137,36.043309,35.551925,35.855874
2020-10-16T15:30:00+01:00,35.835611,35.835611,35.653241,35.658307
2020-10-16T16:30:00+01:00,35.663373,35.734294,35.653241,35.668439
2020-10-16T17:30:00+01:00,35.577254,35.648175,35.577254,35.64311
2020-10-16T18:30:00+01:00,35.648175,35.698834,35.612715,35.688702
2020-10-16T19:30:00+01:00,35.708965,35.744426,35.64311,35.653241
2020-10-16T20:30:00+01:00,35.653241,35.653241,35.546859,35.546859
2020-10-19T14:30:00+01:00,35.734294,35.901466,35.602583,35.769755
2020-10-19T15:30:00+01:00,35.754558,35.86094,35.688702,35.779887
2020-10-19T16:30:00+01:00,35.719097,35.815347,35.668439,35.683636
2020-10-19T17:30:00+01:00,35.693768,35.73936,35.670972,35.73936
2020-10-19T18:30:00+01:00,35.714031,35.714031,35.622846,35.703899
2020-10-19T19:30:00+01:00,35.668439,35.67857,35.27837,35.283436
2020-10-19T20:30:00+01:00,35.313831,35.334095,35.146659,35.171988
2020-10-20T14:30:00+01:00,35.470872,35.52153,35.237844,35.52153
2020-10-20T15:30:00+01:00,35.58232,35.638044,35.359424,35.430345
2020-10-20T16:30:00+01:00,35.440477,35.612715,35.425279,35.556991
2020-10-20T17:30:00+01:00,35.551925,35.622846,35.551925,35.61778
2020-10-20T18:30:00+01:00,35.607649,35.64311,35.445543,35.445543
2020-10-20T19:30:00+01:00,35.46074,35.481003,35.207449,35.33916
2020-10-20T20:30:00+01:00,35.318897,35.359424,35.146659,35.146659
2020-10-21T14:30:00+01:00,35.258107,35.691235,35.159324,35.64311
2020-10-21T15:30:00+01:00,35.719097,35.731761,35.258107,35.298634
2020-10-21T16:30:00+01:00,35.3037,35.450608,35.263173,35.33916
2020-10-21T17:30:00+01:00,35.374621,35.415148,35.247976,35.415148
2020-10-21T18:30:00+01:00,35.435411,35.435411,35.344226,35.394884
2020-10-21T19:30:00+01:00,35.410082,35.511398,35.389819,35.491135
2020-10-21T20:30:00+01:00,35.486069,35.501267,35.379687,35.379687
2020-10-22T14:30:00+01:00,35.475937,35.491135,34.675538,34.675538
2020-10-22T15:30:00+01:00,34.640077,34.873105,34.361457,34.847776
2020-10-22T16:30:00+01:00,34.832578,34.832578,34.705933,34.756591
2020-10-22T17:30:00+01:00,34.670472,35.06054,34.670472,35.040277
2020-10-22T18:30:00+01:00,35.085869,35.096001,35.020014,35.085869
2020-10-22T19:30:00+01:00,35.080804,35.111198,34.954158,34.994685
2020-10-22T20:30:00+01:00,34.928829,34.954158,34.837644,34.837644
2020-10-23T14:30:00+01:00,34.857907,34.857907,34.432379,34.488103
2020-10-23T15:30:00+01:00,34.422247,34.690735,34.396918,34.670472
2020-10-23T16:30:00+01:00,34.695801,34.710999,34.645143,34.68567
2020-10-23T17:30:00+01:00,34.68567,34.817381,34.68567,34.741394
2020-10-23T18:30:00+01:00,34.736328,34.761657,34.66034,34.751525
2020-10-23T19:30:00+01:00,34.736328,34.736328,34.477971,34.477971
2020-10-23T20:30:00+01:00,34.467839,34.543827,34.391852,34.533695
2020-10-26T13:30:00Z,34.108166,34.16389,33.449609,33.449609
2020-10-26T14:30:00Z,33.434412,33.490136,32.902501,32.953159
2020-10-26T15:30:00Z,32.907567,32.907567,32.654276,32.77079
2020-10-26T16:30:00Z,32.735329,32.74546,32.476972,32.532696
2020-10-26T17:30:00Z,32.532696,32.725197,32.411116,32.725197
2020-10-26T18:30:00Z,32.775855,32.831579,32.674539,32.785987
2020-10-26T19:30:00Z,32.783454,32.861974,32.689736,32.801184
2020-10-27T13:30:00Z,32.775855,32.775855,32.547894,32.664407
2020-10-27T14:30:00Z,32.598552,32.674539,32.552959,32.552959
2020-10-27T15:30:00Z,32.552959,32.573223,32.522564,32.537762
2020-10-27T16:30:00Z,32.461775,32.482038,32.411116,32.416182
2020-10-27T17:30:00Z,32.547894,32.547894,32.406051,32.411116
2020-10-27T18:30:00Z,32.400985,32.421248,32.178089,32.228747
2020-10-27T19:30:00Z,32.243944,32.324997,32.218615,32.233813
2020-10-28T13:30:00Z,31.539795,31.539795,31.048411,31.058542
2020-10-28T14:30:00Z,31.104135,31.154793,30.901502,30.936963
2020-10-28T15:30:00Z,30.936963,31.271307,30.89137,31.154793
2020-10-28T16:30:00Z,31.139596,31.175056,30.947094,31.007884
2020-10-28T17:30:00Z,31.033213,31.124398,30.997753,31.068674
2020-10-28T18:30:00Z,31.068674,31.149727,30.997753,31.07374
2020-10-28T19:30:00Z,31.058542,31.104135,30.739396,30.744462
2020-10-29T13:30:00Z,30.668474,30.866041,30.45571,30.501302
2020-10-29T14:30:00Z,30.526631,30.546895,30.349328,30.536763
2020-10-29T15:30:00Z,30.491171,30.526631,30.323999,30.526631
2020-10-29T16:30:00Z,30.5165,30.546895,30.39492,30.506368
2020-10-29T17:30:00Z,30.5165,30.764725,30.491171,30.744462
2020-10-29T18:30:00Z,30.764725,30.764725,30.440512,30.546895
2020-10-29T19:30:00Z,30.562092,30.749527,30.511434,30.658343
2020-10-30T13:30:00Z,30.698869,30.820449,30.182156,30.182156
2020-10-30T14:30:00Z,30.182156,30.268274,29.832614,30.268274
2020-10-30T15:30:00Z,30.258143,30.430381,30.222682,30.399986
2020-10-30T16:30:00Z,30.369591,30.369591,30.136563,30.172024
2020-10-30T17:30:00Z,30.096037,30.202419,30.025115,30.192287
2020-10-30T18:30:00Z,30.159359,30.374657,30.141629,30.374657
2020-10-30T19:30:00Z,30.344262,30.557026,30.248011,30.526631
2020-11-02T14:30:00Z,31.028148,31.083872,30.567158,31.043345
2020-11-02T15:30:00Z,31.033213,31.033213,30.860975,30.860975
2020-11-02T16:30:00Z,30.866041,30.977489,30.850844,30.972423
2020-11-02T17:30:00Z,30.840712,30.840712,30.546895,30.57729
2020-11-02T18:30:00Z,30.622882,30.698869,30.508901,30.698869
2020-11-02T19:30:00Z,30.739396,30.85591,30.607684,30.607684
2020-11-02T20:30:00Z,30.592487,30.597553,30.425315,30.526631
2020-11-03T14:30:00Z,30.936963,31.448611,30.936963,31.448611
2020-11-03T15:30:00Z,31.47394,31.767757,31.453676,31.499269
2020-11-03T16:30:00Z,31.468874,31.539795,31.392887,31.529664
2020-11-03T17:30:00Z,31.5094,31.560059,31.301702,31.311833
2020-11-03T18:30:00Z,31.342228,31.382755,31.154793,31.382755
2020-11-03T19:30:00Z,31.428347,31.433413,31.281439,31.392887
2020-11-03T20:30:00Z,31.387821,31.408084,31.347294,31.347294
2020-11-04T14:30:00Z,31.646178,31.899469,31.154793,31.899469
2020-11-04T15:30:00Z,31.924798,31.924798,31.600585,31.600585
2020-11-04T16:30:00Z,31.661375,31.767757,31.63098,31.767757
2020-11-04T17:30:00Z,31.793086,31.864008,31.742428,31.828547
2020-11-04T18:30:00Z,31.84881,31.858942,31.676572,31.681638
2020-11-04T19:30:00Z,31.666441,31.686704,31.468874,31.468874
2020-11-04T20:30:00Z,31.448611,31.539795,31.41315,31.539795
2020-11-05T14:30:00Z,32.094503,32.441511,31.98812,32.350327
2020-11-05T15:30:00Z,32.345261,32.563091,32.332596,32.502301
2020-11-05T16:30:00Z,32.418715,32.418715,32.167957,32.167957
2020-11-05T17:30:00Z,32.102101,32.355392,32.03118,32.319932
2020-11-05T18:30:00Z,32.3098,32.441511,32.284471,32.441511
2020-11-05T19:30:00Z,32.471906,32.482038,32.37059,32.441511
2020-11-05T20:30:00Z,32.426314,32.715066,32.380721,32.71
2020-11-06T14:30:00Z,32.522564,32.522564,32.162891,32.380721
2020-11-06T15:30:00Z,32.416182,32.684671,32.416182,32.654276
2020-11-06T16:30:00Z,32.750526,32.831579,32.720131,32.720131
2020-11-06T17:30:00Z,32.720131,32.841711,32.720131,32.841711
2020-11-06T18:30:00Z,32.796119,32.831579,32.785987,32.785987
2020-11-06T19:30:00Z,32.816382,32.816382,32.669473,32.697335
2020-11-06T20:30:00Z,32.669473,32.775855,32.669473,32.720131
2020-11-09T14:30:00Z,33.398951,33.444544,33.044344,33.044344
2020-11-09T15:30:00Z,33.034212,33.241911,33.019015,33.064607
2020-11-09T16:30:00Z,33.04941,33.1102,32.920231,33.1102
2020-11-09T17:30:00Z,33.079805,33.125397,32.998751,33.04941
2020-11-09T18:30:00Z,33.069673,33.105134,32.887303,32.902501
2020-11-09T19:30:00Z,32.861974,33.064607,32.851843,32.856909
2020-11-09T20:30:00Z,32.846777,32.917698,32.552959,32.558025
2020-11-10T14:30:00Z,32.507367,32.715066,32.400985,32.436445
2020-11-10T15:30:00Z,32.426314,32.537762,32.059042,32.537762
2020-11-10T16:30:00Z,32.720131,32.953159,32.720131,32.897435
2020-11-10T17:30:00Z,32.902501,32.998751,32.583354,32.58842
2020-11-10T18:30:00Z,32.568157,32.887303,32.537762,32.750526
2020-11-10T19:30:00Z,32.834112,32.937962,32.834112,32.892369
2020-11-10T20:30:00Z,32.897435,32.932896,32.71,32.715066
2020-11-11T14:30:00Z,32.796119,32.86704,32.593486,32.699868
2020-11-11T15:30:00Z,32.785987,32.785987,32.487104,32.74546
2020-11-11T16:30:00Z,32.71,32.892369,32.71,32.892369
2020-11-11T17:30:00Z,32.887303,33.013949,32.887303,32.948093
2020-11-11T18:30:00Z,32.943027,33.059541,32.917698,32.917698
2020-11-11T19:30:00Z,32.887303,32.892369,32.740395,32.740395
2020-11-11T20:30:00Z,32.71,32.917698,32.689736,32.86704
2020-11-12T14:30:00Z,32.859441,33.105134,32.801184,33.003817
2020-11-12T15:30:00Z,32.92783,33.08487,32.92783,32.963291
2020-11-12T16:30:00Z,32.943027,32.978488,32.760658,32.760658
2020-11-12T17:30:00Z,32.821448,32.821448,32.537762,32.542828
2020-11-12T18:30:00Z,32.517499,32.699868,32.517499,32.608683
2020-11-12T19:30:00Z,32.598552,32.669473,32.406051,32.507367
2020-11-12T20:30:00Z,32.456709,32.64921,32.43138,32.628947
2020-11-13T14:30:00Z,32.932896,33.297635,32.922764,32.978488
2020-11-13T15:30:00Z,32.998751,33.120331,32.92783,33.100068
2020-11-13T16:30:00Z,33.029146,33.176055,33.029146,33.130463
2020-11-13T17:30:00Z,33.120331,33.241911,33.100068,33.236845
2020-11-13T18:30:00Z,33.277372,33.368556,33.257108,33.358425
2020-11-13T19:30:00Z,33.353359,33.373622,33.302701,33.358425
2020-11-13T20:30:00Z,33.358425,33.520531,33.358425,33.495202
2020-11-16T14:30:00Z,33.677571,33.834612,33.419215,33.713032
2020-11-16T15:30:00Z,33.768756,34.087903,33.753559,34.001784
2020-11-16T16:30:00Z,34.001784,34.138561,33.976455,34.138561
2020-11-16T17:30:00Z,34.133495,34.189219,33.930862,33.930862
2020-11-16T18:30:00Z,33.930862,34.04231,33.829546,34.04231
2020-11-16T19:30:00Z,34.062574,34.087903,33.991652,34.027113
2020-11-16T20:30:00Z,34.037245,34.1031,34.032179,34.087903
2020-11-17T14:30:00Z,33.895402,34.1031,33.839678,34.098034
2020-11-17T15:30:00Z,34.1031,34.447576,34.1031,34.275338
2020-11-17T16:30:00Z,34.234812,34.401984,34.234812,34.401984
2020-11-17T17:30:00Z,34.462773,34.548892,34.432379,34.457708
2020-11-17T18:30:00Z,34.432379,34.488103,34.38172,34.472905
2020-11-17T19:30:00Z,34.472905,34.472905,34.300667,34.325996
2020-11-17T20:30:00Z,34.325996,34.396918,34.32093,34.38172
2020-11-18T14:30:00Z,34.5033,34.680604,34.204417,34.619814
2020-11-18T15:30:00Z,34.569156,34.751525,34.508366,34.726196
2020-11-18T16:30:00Z,34.726196,34.837644,34.695801,34.766723
2020-11-18T17:30:00Z,34.741394,34.832578,34.741394,34.804716
2020-11-18T18:30:00Z,34.72113,34.736328,34.574222,34.594485
2020-11-18T19:30:00Z,34.594485,34.695801,34.589419,34.599551
2020-11-18T20:30:00Z,34.579287,34.584353,34.214548,34.214548
2020-11-19T14:30:00Z,34.143627,34.523563,33.865007,34.214548
2020-11-19T15:30:00Z,34.234812,34.305733,34.138561,34.280404
2020-11-19T16:30:00Z,34.341194,34.407049,34.275338,34.371589
2020-11-19T17:30:00Z,34.361457,34.38172,34.32093,34.38172
2020-11-19T18:30:00Z,34.412115,34.412115,34.331062,34.389319
2020-11-19T19:30:00Z,34.407049,34.589419,34.407049,34.559024
2020-11-19T20:30:00Z,34.594485,34.797118,34.594485,34.705933
2020-11-20T14:30:00Z,34.776854,34.994685,34.645143,34.705933
2020-11-20T15:30:00Z,34.705933,34.761657,34.655275,34.746459
2020-11-20T16:30:00Z,34.751525,34.771788,34.695801,34.761657
2020-11-20T17:30:00Z,34.761657,34.888302,34.736328,34.873105
2020-11-20T18:30:00Z,34.862973,34.888302,34.812315,34.878171
2020-11-20T19:30:00Z,34.883237,34.918697,34.680604,34.680604
2020-11-20T20:30:00Z,34.670472,34.812315,34.665406,34.675538
2020-11-23T14:30:00Z,34.776854,35.33916,34.776854,34.883237
2020-11-23T15:30:00Z,34.852842,35.090935,34.817381,34.868039
2020-11-23T16:30:00Z,34.84271,34.918697,34.78192,34.918697
2020-11-23T17:30:00Z,34.908566,35.055474,34.908566,35.025079
2020-11-23T18:30:00Z,34.989619,34.989619,34.918697,34.944026
2020-11-23T19:30:00Z,34.954158,35.197317,34.944026,35.106133
2020-11-23T20:30:00Z,35.101067,35.166922,35.075738,35.151725
2020-11-24T14:30:00Z,35.369555,35.658307,35.161857,35.597517
2020-11-24T15:30:00Z,35.470872,35.536727,35.412615,35.455674
2020-11-24T16:30:00Z,35.450608,35.64311,35.450608,35.622846
2020-11-24T17:30:00Z,35.61778,35.663373,35.551925,35.64311
2020-11-24T18:30:00Z,35.673504,35.688702,35.572188,35.602583
2020-11-24T19:30:00Z,35.587386,35.648175,35.531661,35.607649
2020-11-24T20:30:00Z,35.61778,35.703899,35.52153,35.648175
2020-11-25T14:30:00Z,35.354358,35.384753,34.108166,34.341194
2020-11-25T15:30:00Z,34.356391,34.670472,34.148693,34.670472
2020-11-25T16:30:00Z,34.68567,34.746459,34.417181,34.746459
2020-11-25T17:30:00Z,34.771788,34.923763,34.736328,34.792052
2020-11-25T18:30:00Z,34.776854,35.085869,34.756591,35.075738
2020-11-25T19:30:00Z,35.126396,35.24291,35.014948,35.035211
2020-11-25T20:30:00Z,35.025079,35.136528,34.944026,35.136528
2020-11-27T14:30:00Z,35.131462,35.450608,34.969355,35.359424
2020-11-27T15:30:00Z,35.369555,35.562056,35.329029,35.384753
2020-11-27T16:30:00Z,35.389819,35.440477,35.293568,35.293568
2020-11-27T17:30:00Z,35.24291,35.39995,35.161857,35.349292
2020-11-30T14:30:00Z,35.58232,35.638044,34.452642,34.741394
2020-11-30T15:30:00Z,34.736328,35.192252,34.736328,35.004816
2020-11-30T16:30:00Z,34.938961,35.065606,34.9035,35.045343
2020-11-30T17:30:00Z,35.055474,35.177054,35.012415,35.101067
2020-11-30T18:30:00Z,35.004816,35.065606,34.954158,35.014948
2020-11-30T19:30:00Z,35.009882,35.171988,34.979487,35.106133
2020-11-30T20:30:00Z,35.131462,35.131462,34.857907,34.949092
2020-12-01T14:30:00Z,35.407549,35.450608,34.994685,35.227712
2020-12-01T15:30:00Z,35.177054,35.511398,35.065606,35.511398
2020-12-01T16:30:00Z,35.435411,35.503799,35.298634,35.346759
2020-12-01T17:30:00Z,35.344226,35.577254,35.318897,35.567122
2020-12-01T18:30:00Z,35.567122,35.703899,35.562056,35.688702
2020-12-01T19:30:00Z,35.67857,35.845742,35.546859,35.592451
2020-12-01T20:30:00Z,35.554458,35.708965,35.506332,35.706432
2020-12-02T14:30:00Z,35.754558,35.754558,35.3037,35.475937
2020-12-02T15:30:00Z,35.531661,35.987585,35.511398,35.86094
2020-12-02T16:30:00Z,35.866006,35.866006,35.673504,35.673504
2020-12-02T17:30:00Z,35.663373,35.866006,35.653241,35.795084
2020-12-02T18:30:00Z,35.802683,35.825479,35.556991,35.703899
2020-12-02T19:30:00Z,35.769755,35.86094,35.703899,35.840677
2020-12-02T20:30:00Z,35.830545,35.866006,35.708965,35.73936
2020-12-03T14:30:00Z,35.926795,36.104099,35.567122,36.104099
2020-12-03T15:30:00Z,36.043309,36.215547,35.95719,36.149692
2020-12-03T16:30:00Z,36.169955,36.220613,36.023046,36.023046
2020-12-03T17:30:00Z,36.058507,36.20035,36.050908,36.144626
2020-12-03T18:30:00Z,36.124362,36.185152,36.099033,36.180086
2020-12-03T19:30:00Z,36.175021,36.207948,36.002783,36.068638
2020-12-03T20:30:00Z,36.073704,36.073704,35.901466,35.916664
2020-12-04T14:30:00Z,36.038243,36.099033,35.845742,35.845742
2020-12-04T15:30:00Z,35.825479,36.190218,35.815347,36.175021
2020-12-04T16:30:00Z,36.20035,36.352324,35.871071,36.012914
2020-12-04T17:30:00Z,36.023046,36.225679,35.967322,35.967322
2020-12-04T18:30:00Z,36.058507,36.175021,35.992651,36.038243
2020-12-04T19:30:00Z,36.099033,36.590418,36.099033,36.47897
2020-12-04T20:30:00Z,36.534694,36.605615,36.463772,36.524562
2020-12-07T14:30:00Z,36.615747,36.615747,36.063573,36.195284
2020-12-07T15:30:00Z,36.13956,36.13956,35.941993,35.941993
2020-12-07T16:30:00Z,35.952125,36.392851,35.64311,36.251008
2020-12-07T17:30:00Z,36.311798,36.413114,36.088902,36.175021
2020-12-07T18:30:00Z,36.164889,36.164889,35.952125,36.01798
2020-12-07T19:30:00Z,35.987585,36.002783,35.622846,35.622846
2020-12-07T20:30:00Z,35.607649,35.663373,35.46074,35.653241
2020-12-08T14:30:00Z,35.703899,35.774821,35.587386,35.597517
2020-12-08T15:30:00Z,35.622846,36.002783,35.612715,36.002783
2020-12-08T16:30:00Z,36.063573,36.124362,35.997717,36.038243
2020-12-08T17:30:00Z,36.01798,36.20035,35.962256,36.20035
2020-12-08T18:30:00Z,36.205416,36.306732,36.205416,36.304199
2020-12-08T19:30:00Z,36.304199,36.377653,36.245942,36.321929
2020-12-08T20:30:00Z,36.337127,36.423246,36.319396,36.397917
2020-12-09T14:30:00Z,36.590418,36.909565,36.489101,36.727195
2020-12-09T15:30:00Z,36.706932,36.919696,36.570155,36.798116
2020-12-09T16:30:00Z,36.787985,36.838643,36.676537,36.691734
2020-12-09T17:30:00Z,36.671471,36.6968,36.413114,36.413114
2020-12-09T18:30:00Z,36.377653,36.377653,36.104099,36.175021
2020-12-09T19:30:00Z,36.159823,36.159823,35.997717,36.012914
2020-12-09T20:30:00Z,36.01798,36.240876,35.977454,36.23581
2020-12-10T14:30:00Z,35.86094,36.258607,35.61778,36.169955
2020-12-10T15:30:00Z,36.175021,36.53976,36.175021,36.453641
2020-12-10T16:30:00Z,36.458707,36.554957,36.367522,36.534694
2020-12-10T17:30:00Z,36.534694,36.534694,36.321929,36.473904
2020-12-10T18:30:00Z,36.468838,36.570155,36.35739,36.397917
2020-12-10T19:30:00Z,36.408048,36.57522,36.387785,36.499233
2020-12-10T20:30:00Z,36.534694,36.590418,36.524562,36.570155
2020-12-11T14:30:00Z,36.337127,36.717063,36.316864,36.671471
2020-12-11T15:30:00Z,36.534694,36.567622,36.395384,36.402983
2020-12-11T16:30:00Z,36.402983,36.461239,36.119297,36.124362
2020-12-11T17:30:00Z,36.109165,36.240876,36.053441,36.23581
2020-12-11T18:30:00Z,36.291534,36.301666,36.215547,36.215547
2020-12-11T19:30:00Z,36.225679,36.387785,36.225679,36.342193
2020-12-11T20:30:00Z,36.321929,36.387785,36.185152,36.251008
2020-12-14T14:30:00Z,36.560023,36.909565,36.473904,36.909565
2020-12-14T15:30:00Z,36.904499,36.960223,36.782919,36.782919
2020-12-14T16:30:00Z,36.762656,36.838643,36.75759,36.823446
2020-12-14T17:30:00Z,36.793051,36.793051,36.615747,36.711998
2020-12-14T18:30:00Z,36.681603,36.81838,36.681603,36.747458
2020-12-14T19:30:00Z,36.656274,36.782919,36.595484,36.762656
2020-12-14T20:30:00Z,36.722129,36.762656,36.641076,36.711998
2020-12-15T14:30:00Z,37.107132,37.259106,36.762656,36.762656
2020-12-15T15:30:00Z,36.767722,36.924762,36.686668,36.904499
2020-12-15T16:30:00Z,36.960223,36.965289,36.87917,36.965289
2020-12-15T17:30:00Z,36.97542,37.183119,36.934894,37.127395
2020-12-15T18:30:00Z,37.132461,37.365488,37.122329,37.355357
2020-12-15T19:30:00Z,37.37562,37.416147,37.304698,37.400949
2020-12-15T20:30:00Z,37.385752,37.385752,37.259106,37.370554
2020-12-16T14:30:00Z,37.502265,37.573187,37.370554,37.370554
2020-12-16T15:30:00Z,37.416147,37.492134,37.324962,37.482002
2020-12-16T16:30:00Z,37.476936,37.603582,37.446541,37.451607
2020-12-16T17:30:00Z,37.476936,37.53266,37.400949,37.421212
2020-12-16T18:30:00Z,37.43641,37.466805,37.37562,37.380686
2020-12-16T19:30:00Z,37.37562,37.633977,37.37562,37.547858
2020-12-16T20:30:00Z,37.542792,37.545325,37.340159,37.400949
2020-12-17T14:30:00Z,37.633977,37.892334,37.613713,37.861939
2020-12-17T15:30:00Z,37.87207,37.87207,37.689701,37.806215
2020-12-17T16:30:00Z,37.758089,37.821412,37.704898,37.821412
2020-12-17T17:30:00Z,37.801149,37.851807,37.765688,37.765688
2020-12-17T18:30:00Z,37.760622,37.839142,37.720096,37.806215
2020-12-17T19:30:00Z,37.796083,37.851807,37.77582,37.81128
2020-12-17T20:30:00Z,37.806215,37.877136,37.785951,37.83661
2020-12-18T14:30:00Z,37.963255,38.135493,37.796083,37.978453
2020-12-18T15:30:00Z,37.978453,38.181085,37.699832,37.884735
2020-12-18T16:30:00Z,37.867005,37.897399,37.750491,37.877136
2020-12-18T17:30:00Z,37.856873,37.948058,37.740359,37.750491
2020-12-18T18:30:00Z,37.755556,37.801149,36.848775,36.899433
2020-12-18T19:30:00Z,36.889301,37.010881,36.681603,36.828511
2020-12-18T20:30:00Z,36.762656,36.980486,36.762656,36.980486
2020-12-21T14:30:00Z,36.534694,36.75759,36.099033,36.099033
2020-12-21T15:30:00Z,36.114231,36.676537,36.023046,36.666405
2020-12-21T16:30:00Z,36.681603,36.924762,36.681603,36.909565
2020-12-21T17:30:00Z,36.919696,36.960223,36.752524,36.808248
2020-12-21T18:30:00Z,36.863972,37.117263,36.843709,37.117263
2020-12-21T19:30:00Z,37.107132,37.132461,36.932361,36.990618
2020-12-21T20:30:00Z,36.97542,37.051407,36.833577,37.005815
2020-12-22T14:30:00Z,37.335093,37.365488,36.970354,37.248974
2020-12-22T15:30:00Z,37.238843,37.294567,37.066605,37.097
2020-12-22T16:30:00Z,37.107132,37.107132,36.924762,37.031144
2020-12-22T17:30:00Z,37.031144,37.147658,37.010881,37.117263
2020-12-22T18:30:00Z,37.091934,37.183119,37.010881,37.056473
2020-12-22T19:30:00Z,37.061539,37.076737,36.980486,36.995683
2020-12-22T20:30:00Z,36.934894,36.945025,36.75759,36.863972
2020-12-23T14:30:00Z,37.043809,37.051407,36.676537,36.691734
2020-12-23T15:30:00Z,37.000749,37.102066,36.950091,37.076737
2020-12-23T16:30:00Z,37.061539,37.097,37.010881,37.076737
2020-12-23T17:30:00Z,37.081802,37.178053,36.924762,37.178053
2020-12-23T18:30:00Z,37.152724,37.400949,37.142592,37.350291
2020-12-23T19:30:00Z,37.31483,37.355357,37.223645,37.335093
2020-12-23T20:30:00Z,37.324962,37.330028,37.152724,37.19325
2020-12-24T14:30:00Z,37.365488,37.416147,37.000749,37.337626
2020-12-24T15:30:00Z,37.340159,37.406015,36.942492,36.942492
2020-12-24T16:30:00Z,36.945025,36.990618,36.858906,36.904499
2020-12-24T17:30:00Z,36.924762,37.076737,36.884235,36.970354
2020-12-28T14:30:00Z,37.15779,37.15779,36.737327,36.863972
2020-12-28T15:30:00Z,36.874104,37.010881,36.874104,36.945025
2020-12-28T16:30:00Z,36.950091,36.990618,36.91463,36.924762
2020-12-28T17:30:00Z,36.919696,36.934894,36.706932,36.869038
2020-12-28T18:30:00Z,36.889301,36.995683,36.884235,36.965289
2020-12-28T19:30:00Z,36.955157,36.985552,36.732261,36.828511
2020-12-28T20:30:00Z,36.833577,36.91463,36.813314,36.91463
2020-12-29T14:30:00Z,37.076737,37.345225,36.808248,36.81838
2020-12-29T15:30:00Z,36.767722,37.010881,36.767722,36.833577
2020-12-29T16:30:00Z,36.853841,36.87917,36.311798,36.377653
2020-12-29T17:30:00Z,36.291534,36.321929,36.180086,36.321929
2020-12-29T18:30:00Z,36.291534,36.291534,36.159823,36.175021
2020-12-29T19:30:00Z,36.175021,36.321929,36.164889,36.301666
2020-12-29T20:30:00Z,36.294067,36.301666,36.180086,36.271271
2020-12-30T14:30:00Z,36.473904,36.889301,36.473904,36.798116
2020-12-30T15:30:00Z,36.798116,36.889301,36.646142,36.863972
2020-12-30T16:30:00Z,36.863972,37.000749,36.727195,36.75759
2020-12-30T17:30:00Z,36.752524,36.838643,36.666405,36.808248
2020-12-30T18:30:00Z,36.808248,36.904499,36.706932,36.706932
2020-12-30T19:30:00Z,36.701866,36.706932,36.499233,36.610681
2020-12-30T20:30:00Z,36.676537,36.782919,36.646142,36.727195
2020-12-31T14:30:00Z,36.889301,36.889301,36.473904,36.767722
2020-12-31T15:30:00Z,36.777853,36.899433,36.762656,36.798116
2020-12-31T16:30:00Z,36.787985,36.980486,36.787985,36.950091
2020-12-31T17:30:00Z,36.924762,36.924762,36.858906,36.91463
2020-12-31T18:30:00Z,36.929828,37.021013,36.924762,37.021013
2020-12-31T19:30:00Z,37.031144,37.152724,37.031144,37.127395
2020-12-31T20:30:00Z,37.112197,37.15779,37.071671,37.137526
2021-01-04T14:30:00Z,37.370554,37.370554,36.980486,37.061539
2021-01-04T15:30:00Z,37.107132,37.127395,36.620813,36.762656
2021-01-04T16:30:00Z,36.75759,36.787985,36.347258,36.448575
2021-01-04T17:30:00Z,36.443509,36.727195,36.342193,36.722129
2021-01-04T18:30:00Z,36.727195,36.777853,36.615747,36.676537
2021-01-04T19:30:00Z,36.63601,36.661339,36.489101,36.519496
2021-01-04T20:30:00Z,36.499233,36.75759,36.489101,36.727195
2021-01-05T14:30:00Z,36.301666,36.939959,36.271271,36.762656
2021-01-05T15:30:00Z,36.752524,36.874104,36.727195,36.874104
2021-01-05T16:30:00Z,36.87917,36.950091,36.833577,36.950091
2021-01-05T17:30:00Z,36.955157,37.183119,36.955157,37.107132
2021-01-05T18:30:00Z,37.127395,37.451607,37.127395,37.289501
2021-01-05T19:30:00Z,37.31483,37.446541,37.132461,37.152724
2021-01-05T20:30:00Z,37.142592,37.279369,37.142592,37.167921
2021-01-06T14:30:00Z,37.188185,37.689701,36.965289,37.639043
2021-01-06T15:30:00Z,37.816346,37.948058,37.81128,37.861939
2021-01-06T16:30:00Z,37.826478,37.968321,37.821412,37.955656
2021-01-06T17:30:00Z,37.958189,38.084835,37.856873,37.897399
2021-01-06T18:30:00Z,37.867005,38.013913,37.745425,37.770754
2021-01-06T19:30:00Z,37.81128,37.841675,37.461739,37.487068
2021-01-06T20:30:00Z,37.4972,37.578253,37.461739,37.537726
2021-01-07T14:30:00Z,37.958189,38.474903,37.831544,38.474903
2021-01-07T15:30:00Z,38.434376,38.581285,38.403981,38.403981
2021-01-07T16:30:00Z,38.403981,38.606614,38.221612,38.236809
2021-01-07T17:30:00Z,38.236809,38.477436,38.221612,38.388784
2021-01-07T18:30:00Z,38.409047,38.464771,38.388784,38.449574
2021-01-07T19:30:00Z,38.469837,38.566088,38.431843,38.555956
2021-01-07T20:30:00Z,38.530627,38.677536,38.525561,38.67247
2021-01-08T14:30:00Z,38.864971,39.143591,38.39385,38.459705
2021-01-08T15:30:00Z,38.561022,38.677536,38.495166,38.652207
2021-01-08T16:30:00Z,38.682602,38.870037,38.682602,38.743391
2021-01-08T17:30:00Z,38.799115,38.885234,38.464771,38.555956
2021-01-08T18:30:00Z,38.55089,38.788984,38.434376,38.788984
2021-01-08T19:30:00Z,38.73326,38.920695,38.682602,38.79405
2021-01-08T20:30:00Z,38.819379,39.13346,38.804181,39.125861
2021-01-11T14:30:00Z,38.642075,38.783918,38.500232,38.702865
2021-01-11T15:30:00Z,38.753523,38.819379,38.652207,38.79405
2021-01-11T16:30:00Z,38.875103,38.895366,38.819379,38.849774
2021-01-11T17:30:00Z,38.854839,38.870037,38.631943,38.647141
2021-01-11T18:30:00Z,38.647141,38.707931,38.500232,38.500232
2021-01-11T19:30:00Z,38.469837,38.578752,38.343192,38.343192
2021-01-11T20:30:00Z,38.383718,38.45464,38.312797,38.312797
2021-01-12T14:30:00Z,38.343192,38.621812,38.343192,38.616746
2021-01-12T15:30:00Z,38.677536,38.788984,38.67247,38.783918
2021-01-12T16:30:00Z,38.748457,38.788984,38.505298,38.505298
2021-01-12T17:30:00Z,38.515429,38.571153,38.505298,38.571153
2021-01-12T18:30:00Z,38.642075,38.718062,38.566088,38.596483
2021-01-12T19:30:00Z,38.647141,38.652207,38.434376,38.505298
2021-01-12T20:30:00Z,38.55089,38.885234,38.55089,38.880169
2021-01-13T14:30:00Z,37.93286,37.93286,36.473904,36.504299
2021-01-13T15:30:00Z,36.468838,36.468838,36.124362,36.154757
2021-01-13T16:30:00Z,36.13956,36.175021,35.562056,35.597517
2021-01-13T17:30:00Z,35.612715,35.982519,35.592451,35.936927
2021-01-13T18:30:00Z,35.92173,36.033178,35.658307,35.896401
2021-01-13T19:30:00Z,35.891335,36.012914,35.693768,35.95719
2021-01-13T20:30:00Z,35.952125,36.099033,35.830545,36.083836
2021-01-14T14:30:00Z,36.256074,37.102066,36.119297,37.010881
2021-01-14T15:30:00Z,36.950091,37.380686,36.939959,37.137526
2021-01-14T16:30:00Z,37.097,37.274304,37.03621,37.233777
2021-01-14T17:30:00Z,37.243909,37.319896,37.147658,37.147658
2021-01-14T18:30:00Z,37.178053,37.385752,37.172987,37.284435
2021-01-14T19:30:00Z,37.274304,37.335093,37.071671,37.238843
2021-01-14T20:30:00Z,37.266705,37.400949,37.056473,37.132461
2021-01-15T14:30:00Z,37.005815,37.644108,36.934894,36.950091
2021-01-15T15:30:00Z,36.985552,37.492134,36.985552,37.492134
2021-01-15T16:30:00Z,37.482002,37.644108,37.482002,37.527595
2021-01-15T17:30:00Z,37.487068,37.897399,37.487068,37.796083
2021-01-15T18:30:00Z,37.780886,37.935393,37.704898,37.81128
2021-01-15T19:30:00Z,37.831544,37.831544,37.537726,37.588384
2021-01-15T20:30:00Z,37.59345,37.821412,37.542792,37.568121
2021-01-19T14:30:00Z,37.867005,37.902465,37.699832,37.785951
2021-01-19T15:30:00Z,37.841675,37.99365,37.760622,37.791017
2021-01-19T16:30:00Z,37.796083,37.816346,37.704898,37.760622
2021-01-19T17:30:00Z,37.77582,37.780886,37.679569,37.694767
2021-01-19T18:30:00Z,37.649174,37.912597,37.649174,37.846741
2021-01-19T19:30:00Z,37.846741,37.902465,37.821412,37.882202
2021-01-19T20:30:00Z,37.877136,37.927794,37.831544,37.922729
2021-01-20T14:30:00Z,38.33306,38.479969,38.024045,38.358389
2021-01-20T15:30:00Z,38.33306,38.358389,38.241875,38.348257
2021-01-20T16:30:00Z,38.353323,38.424245,38.302665,38.312797
2021-01-20T17:30:00Z,38.267204,38.479969,38.257073,38.424245
2021-01-20T18:30:00Z,38.485035,38.758589,38.469837,38.738326
2021-01-20T19:30:00Z,38.753523,39.016946,38.753523,38.82951
2021-01-20T20:30:00Z,38.82951,39.092933,38.809247,39.037209
2021-01-21T14:30:00Z,39.255039,39.295566,38.464771,38.657272
2021-01-21T15:30:00Z,38.586351,38.824444,38.55089,38.743391
2021-01-21T16:30:00Z,38.79405,38.819379,38.687667,38.73326
2021-01-21T17:30:00Z,38.712996,38.839642,38.712996,38.814313
2021-01-21T18:30:00Z,38.799115,38.900432,38.723128,38.900432
2021-01-21T19:30:00Z,38.961222,39.006814,38.864971,38.946024
2021-01-21T20:30:00Z,38.961222,39.01188,38.925761,38.966287
2021-01-22T14:30:00Z,38.312797,38.383718,38.165888,38.191217
2021-01-22T15:30:00Z,38.105098,38.140559,38.018979,38.120296
2021-01-22T16:30:00Z,38.079769,38.226678,38.05444,38.226678
2021-01-22T17:30:00Z,38.208947,38.221612,38.122828,38.186151
2021-01-22T18:30:00Z,38.155756,38.353323,38.130427,38.353323
2021-01-22T19:30:00Z,38.368521,38.479969,38.368521,38.479969
2021-01-22T20:30:00Z,38.515429,38.586351,38.4901,38.4901
2021-01-25T14:30:00Z,38.535693,38.535693,38.094966,38.363455
2021-01-25T15:30:00Z,38.358389,38.4901,37.289501,37.613713
2021-01-25T16:30:00Z,37.59345,37.968321,37.59345,37.674503
2021-01-25T17:30:00Z,37.83661,38.246941,37.83661,38.229211
2021-01-25T18:30:00Z,38.201349,38.201349,38.089901,38.125361
2021-01-25T19:30:00Z,38.206414,38.297599,38.140559,38.155756
2021-01-25T20:30:00Z,38.145625,38.312797,38.145625,38.312797
2021-01-26T14:30:00Z,38.327994,38.474903,37.99365,38.292533
2021-01-26T15:30:00Z,38.252007,38.363455,38.236809,38.348257
2021-01-26T16:30:00Z,38.338126,38.343192,38.11523,38.21148
2021-01-26T17:30:00Z,38.241875,38.353323,38.186151,38.348257
2021-01-26T18:30:00Z,38.343192,38.45464,38.343192,38.398916
2021-01-26T19:30:00Z,38.388784,38.728194,38.388784,38.687667
2021-01-26T20:30:00Z,38.718062,38.738326,38.45464,38.525561
2021-01-27T14:30:00Z,37.892334,37.988584,37.416147,37.953123
2021-01-27T15:30:00Z,38.044308,38.044308,37.411081,37.476936
2021-01-27T16:30:00Z,37.512397,38.089901,37.426278,37.978453
2021-01-27T17:30:00Z,38.024045,38.363455,38.008847,38.277336
2021-01-27T18:30:00Z,38.302665,38.302665,37.937926,37.998716
2021-01-27T19:30:00Z,37.877136,37.882202,37.385752,37.411081
2021-01-27T20:30:00Z,37.416147,37.659306,37.097,37.416147
2021-01-28T14:30:00Z,37.406015,37.801149,37.162856,37.324962
2021-01-28T15:30:00Z,37.188185,37.441476,36.960223,37.345225
2021-01-28T16:30:00Z,37.25404,37.679569,37.23631,37.583319
2021-01-28T17:30:00Z,37.583319,37.740359,37.507331,37.639043
2021-01-28T18:30:00Z,37.63651,38.084835,37.63651,38.05444
2021-01-28T19:30:00Z,38.008847,38.044308,37.709964,37.720096
2021-01-28T20:30:00Z,37.679569,37.780886,37.451607,37.451607
2021-01-29T14:30:00Z,37.238843,37.568121,37.233777,37.568121
2021-01-29T15:30:00Z,37.59345,37.745425,37.188185,37.188185
2021-01-29T16:30:00Z,37.152724,37.340159,37.056473,37.056473
2021-01-29T17:30:00Z,37.081802,37.081802,36.686668,36.87917
2021-01-29T18:30:00Z,36.934894,37.005815,36.732261,36.960223
2021-01-29T19:30:00Z,36.772787,37.03621,36.762656,37.005815
2021-01-29T20:30:00Z,37.010881,37.097,36.87917,36.924762
2021-02-01T14:30:00Z,37.299633,37.466805,36.980486,37.107132
2021-02-01T15:30:00Z,37.046342,37.25404,36.848775,37.238843
2021-02-01T16:30:00Z,37.228711,37.492134,37.15779,37.441476
2021-02-01T17:30:00Z,37.383219,37.639043,37.383219,37.639043
2021-02-01T18:30:00Z,37.631444,37.720096,37.573187,37.720096
2021-02-01T19:30:00Z,37.745425,37.841675,37.563055,37.603582
2021-02-01T20:30:00Z,37.53266,37.59345,37.476936,37.487068
2021-02-02T14:30:00Z,38.996682,39.376619,38.819379,39.01188
2021-02-02T15:30:00Z,39.01188,39.310763,38.748457,39.10813
2021-02-02T16:30:00Z,39.113196,39.265171,39.042275,39.234776
2021-02-02T17:30:00Z,39.244908,39.244908,38.956156,39.057472
2021-02-02T18:30:00Z,39.022011,39.022011,38.819379,38.996682
2021-02-02T19:30:00Z,39.01188,39.173986,38.996682,39.118262
2021-02-02T20:30:00Z,39.138525,39.138525,38.956156,39.092933
2021-02-03T14:30:00Z,39.148657,39.533659,39.113196,39.249973
2021-02-03T15:30:00Z,39.22971,39.280368,39.113196,39.13346
2021-02-03T16:30:00Z,39.113196,39.396882,39.113196,39.346224
2021-02-03T17:30:00Z,39.371553,39.462738,39.336092,39.336092
2021-02-03T18:30:00Z,39.346224,39.670436,39.331026,39.523528
2021-02-03T19:30:00Z,39.528593,39.528593,39.260105,39.295566
2021-02-03T20:30:00Z,39.331026,39.452606,39.305697,39.391816
2021-02-04T14:30:00Z,39.797082,39.959188,39.665371,39.883201
2021-02-04T15:30:00Z,39.903464,39.964254,39.599515,39.599515
2021-02-04T16:30:00Z,39.584317,39.898398,39.584317,39.888267
2021-02-04T17:30:00Z,39.933859,39.984517,39.873069,39.943991
2021-02-04T18:30:00Z,39.989583,40.014912,39.873069,39.883201
2021-02-04T19:30:00Z,39.923727,40.014912,39.883201,39.989583
2021-02-04T20:30:00Z,40.035175,40.171953,39.989583,40.171953
2021-02-05T14:30:00Z,40.222611,40.430309,40.192216,40.212479
2021-02-05T15:30:00Z,40.384717,40.455639,40.258072,40.318861
2021-02-05T16:30:00Z,40.318861,40.501231,40.30873,40.475902
2021-02-05T17:30:00Z,40.475902,40.556955,40.455639,40.521494
2021-02-05T18:30:00Z,40.52656,40.52656,40.384717,40.420178
2021-02-05T19:30:00Z,40.432842,40.432842,40.222611,40.222611
2021-02-05T20:30:00Z,40.227677,40.328993,40.156755,40.328993
2021-02-08T14:30:00Z,40.612679,40.810246,40.491099,40.491099
2021-02-08T15:30:00Z,40.546823,40.663337,40.501231,40.511363
2021-02-08T16:30:00Z,40.511363,40.546823,40.372052,40.425244
2021-02-08T17:30:00Z,40.46577,40.46577,40.30873,40.334059
2021-02-08T18:30:00Z,40.38725,40.40498,40.318861,40.354322
2021-02-08T19:30:00Z,40.359388,40.52656,40.359388,40.506297
2021-02-08T20:30:00Z,40.511363,40.521494,40.415112,40.437908
2021-02-09T14:30:00Z,40.171953,40.435375,39.994649,40.40498
2021-02-09T15:30:00Z,40.475902,40.475902,40.161821,40.18715
2021-02-09T16:30:00Z,40.182084,40.437908,40.161821,40.420178
2021-02-09T17:30:00Z,40.435375,40.435375,40.24794,40.253006
2021-02-09T18:30:00Z,40.328993,40.341658,40.258072,40.258072
2021-02-09T19:30:00Z,40.293532,40.40498,40.24794,40.394849
2021-02-09T20:30:00Z,40.435375,40.435375,40.283401,40.34419
2021-02-10T14:30:00Z,40.430309,40.50883,39.933859,40.06557
2021-02-10T15:30:00Z,40.025044,40.212479,39.761621,40.182084
2021-02-10T16:30:00Z,40.085834,40.318861,40.040241,40.258072
2021-02-10T17:30:00Z,40.278335,40.407513,40.177018,40.394849
2021-02-10T18:30:00Z,40.40498,40.437908,40.34419,40.399915
2021-02-10T19:30:00Z,40.384717,40.450573,40.273269,40.293532
2021-02-10T20:30:00Z,40.313796,40.313796,40.113696,40.280868
2021-02-11T14:30:00Z,40.374585,40.475902,40.197282,40.207413
2021-02-11T15:30:00Z,40.242874,40.263137,40.06557,40.06557
2021-02-11T16:30:00Z,40.080768,40.232742,39.589383,39.62991
2021-02-11T17:30:00Z,39.584317,39.812279,39.457672,39.802148
2021-02-11T18:30:00Z,39.817345,39.984517,39.817345,39.984517
2021-02-11T19:30:00Z,39.974386,39.974386,39.888267,39.959188
2021-02-11T20:30:00Z,40.075702,40.273269,40.075702,40.273269
2021-02-12T14:30:00Z,40.278335,40.278335,39.974386,40.146624
2021-02-12T15:30:00Z,40.009846,40.389783,40.009846,40.372052
2021-02-12T16:30:00Z,40.384717,40.384717,40.293532,40.293532
2021-02-12T17:30:00Z,40.288466,40.30873,40.207413,40.232742
2021-02-12T18:30:00Z,40.242874,40.298598,40.202348,40.273269
2021-02-12T19:30:00Z,40.268203,40.425244,40.177018,40.415112
2021-02-12T20:30:00Z,40.422711,40.531626,40.399915,40.531626
2021-02-16T14:30:00Z,40.98755,40.98755,40.34419,40.384717
2021-02-16T15:30:00Z,40.450573,40.511363,40.04784,40.04784
2021-02-16T16:30:00Z,39.994649,40.156755,39.766687,39.989583
2021-02-16T17:30:00Z,39.994649,40.141558,39.984517,40.136492
2021-02-16T18:30:00Z,40.212479,40.399915,40.207413,40.328993
2021-02-16T19:30:00Z,40.318861,40.374585,40.253006,40.288466
2021-02-16T20:30:00Z,40.268203,40.440441,40.227677,40.253006
2021-02-17T14:30:00Z,39.959188,40.486033,39.928793,40.364454
2021-02-17T15:30:00Z,40.34419,40.40498,39.923727,40.019978
2021-02-17T16:30:00Z,40.014912,40.050373,39.837608,39.837608
2021-02-17T17:30:00Z,39.842674,39.96932,39.837608,39.96932
2021-02-17T18:30:00Z,39.938925,40.060505,39.913596,40.060505
2021-02-17T19:30:00Z,40.022511,40.303664,40.022511,40.298598
2021-02-17T20:30:00Z,40.298598,40.349256,40.146624,40.166887
2021-02-18T14:30:00Z,39.943991,40.34419,39.670436,39.670436
2021-02-18T15:30:00Z,39.645107,40.050373,39.645107,40.040241
2021-02-18T16:30:00Z,40.009846,40.455639,40.009846,40.455639
2021-02-18T17:30:00Z,40.516428,40.663337,40.460704,40.663337
2021-02-18T18:30:00Z,40.64814,40.774785,40.635475,40.673469
2021-02-18T19:30:00Z,40.676002,40.698798,40.420178,40.496165
2021-02-18T20:30:00Z,40.501231,40.572152,40.366987,40.366987
2021-02-19T14:30:00Z,40.876102,41.174985,40.663337,41.0838
2021-02-19T15:30:00Z,41.078734,41.185117,40.931826,40.947023
2021-02-19T16:30:00Z,40.967286,40.992615,40.871036,40.896365
2021-02-19T17:30:00Z,40.896365,40.896365,40.673469,40.678535
2021-02-19T18:30:00Z,40.678535,40.736792,40.632942,40.678535
2021-02-19T19:30:00Z,40.724127,41.043274,40.698798,41.033142
2021-02-19T20:30:00Z,41.063537,41.078734,40.92676,40.92676
2021-02-22T14:30:00Z,40.668403,40.98755,40.410046,40.713995
2021-02-22T15:30:00Z,40.713995,41.114195,40.622811,41.114195
2021-02-22T16:30:00Z,41.053405,41.281367,41.053405,41.276301
2021-02-22T17:30:00Z,41.321894,41.509329,41.286433,41.288966
2021-02-22T18:30:00Z,41.256038,41.286433,41.154722,41.281367
2021-02-22T19:30:00Z,41.26617,41.276301,40.941957,40.941957
2021-02-22T20:30:00Z,40.906496,41.048339,40.891299,40.896365
2021-02-23T14:30:00Z,40.486033,40.486033,39.214513,40.202348
2021-02-23T15:30:00Z,40.101031,40.536692,40.055439,40.298598
2021-02-23T16:30:00Z,40.268203,40.359388,40.070636,40.136492
2021-02-23T17:30:00Z,40.318861,40.334059,40.03011,40.298598
2021-02-23T18:30:00Z,40.293532,40.577218,40.131426,40.577218
2021-02-23T19:30:00Z,40.541757,40.855838,40.399915,40.855838
2021-02-23T20:30:00Z,40.860904,40.947023,40.739324,40.80518
2021-02-24T14:30:00Z,40.860904,41.119261,40.751989,41.073669
2021-02-24T15:30:00Z,41.088866,41.291499,41.058471,41.225643
2021-02-24T16:30:00Z,41.256038,41.339624,41.154722,41.30163
2021-02-24T17:30:00Z,41.276301,41.337091,41.225643,41.337091
2021-02-24T18:30:00Z,41.332025,41.494132,41.32696,41.397881
2021-02-24T19:30:00Z,41.413079,41.433342,41.149656,41.20538
2021-02-24T20:30:00Z,41.195248,41.463737,41.164853,41.377618
2021-02-25T14:30:00Z,41.235775,41.311762,40.774785,40.840641
2021-02-25T15:30:00Z,40.653206,40.812779,40.602547,40.795048
2021-02-25T16:30:00Z,40.688666,40.688666,40.425244,40.521494
2021-02-25T17:30:00Z,40.470836,40.470836,40.025044,40.273269
2021-02-25T18:30:00Z,40.293532,40.597481,40.263137,40.577218
2021-02-25T19:30:00Z,40.531626,41.012879,40.30873,40.30873
2021-02-25T20:30:00Z,40.420178,40.556955,40.141558,40.407513
2021-02-26T14:30:00Z,40.584817,42.10203,40.572152,41.114195
2021-02-26T15:30:00Z,40.931826,41.808212,40.86597,41.681567
2021-02-26T16:30:00Z,41.732225,42.061503,41.717028,41.919661
2021-02-26T17:30:00Z,41.94499,41.98045,41.458671,41.82341
2021-02-26T18:30:00Z,41.76262,41.767686,41.20538,41.499197
2021-02-26T19:30:00Z,41.489066,41.570119,41.159788,41.159788
2021-02-26T20:30:00Z,41.164853,41.428276,41.063537,41.068603
2021-03-01T14:30:00Z,41.408013,41.975385,41.245906,41.742357
2021-03-01T15:30:00Z,41.818344,41.934858,41.706896,41.818344
2021-03-01T16:30:00Z,41.82341,42.22361,41.82341,42.183083
2021-03-01T17:30:00Z,42.178017,42.213478,41.995648,42.046306
2021-03-01T18:30:00Z,42.026043,42.026043,41.869002,41.874068
2021-03-01T19:30:00Z,41.899397,42.233741,41.899397,42.051372
2021-03-01T20:30:00Z,42.086833,42.112162,41.914595,42.096964
2021-03-02T14:30:00Z,42.046306,42.279334,41.747423,42.178017
2021-03-02T15:30:00Z,42.066569,42.066569,41.717028,41.717028
2021-03-02T16:30:00Z,41.767686,41.833542,41.620777,41.808212
2021-03-02T17:30:00Z,42.112162,42.221077,42.091898,42.16282
2021-03-02T18:30:00Z,42.299597,42.327459,41.990582,41.990582
2021-03-02T19:30:00Z,42.010845,42.208412,42.010845,42.147622
2021-03-02T20:30:00Z,42.167886,42.172952,41.909529,41.909529
2021-03-03T14:30:00Z,42.046306,42.198281,41.818344,41.848739
2021-03-03T15:30:00Z,41.924726,42.350255,41.924726,42.350255
2021-03-03T16:30:00Z,42.25907,42.335058,42.117227,42.172952
2021-03-03T17:30:00Z,42.147622,42.167886,41.985516,42.036174
2021-03-03T18:30:00Z,41.950055,42.020977,41.914595,41.929792
2021-03-03T19:30:00Z,41.965253,42.400913,41.965253,42.395848
2021-03-03T20:30:00Z,42.426243,42.633941,42.350255,42.360387
2021-03-04T14:30:00Z,42.408512,42.742856,41.787949,42.000714
2021-03-04T15:30:00Z,41.990582,42.243873,41.965253,41.975385
2021-03-04T16:30:00Z,41.985516,42.324926,41.848739,41.848739
2021-03-04T17:30:00Z,41.889266,41.909529,41.387749,41.711962
2021-03-04T18:30:00Z,41.727159,41.793015,41.294032,41.793015
2021-03-04T19:30:00Z,41.803147,42.172952,41.625843,41.94499
2021-03-04T20:30:00Z,41.950055,42.137491,41.863936,41.934858
2021-03-05T14:30:00Z,42.527559,43.094931,42.476901,42.679534
2021-03-05T15:30:00Z,42.633941,42.740323,42.248939,42.350255
2021-03-05T16:30:00Z,42.426243,43.160786,42.309729,43.135457
2021-03-05T17:30:00Z,43.115194,43.317827,42.811245,43.231708
2021-03-05T18:30:00Z,43.251971,43.401413,42.917627,43.130391
2021-03-05T19:30:00Z,43.186116,43.295031,43.145589,43.236774
2021-03-05T20:30:00Z,43.246905,43.393814,43.226642,43.24184
2021-03-08T14:30:00Z,43.409012,43.609111,43.186116,43.333024
2021-03-08T15:30:00Z,43.348222,43.687632,43.12026,43.687632
2021-03-08T16:30:00Z,43.682566,43.682566,43.054404,43.642039
2021-03-08T17:30:00Z,43.591381,43.900396,43.586315,43.85987
2021-03-08T18:30:00Z,43.849738,43.854804,43.490065,43.814277
2021-03-08T19:30:00Z,43.819343,43.89533,43.45967,43.606579
2021-03-08T20:30:00Z,43.566052,43.636973,43.105062,43.115194
2021-03-09T14:30:00Z,43.773751,44.29553,43.61671,43.971318
2021-03-09T15:30:00Z,43.935857,44.4779,43.915594,44.194214
2021-03-09T16:30:00Z,44.249938,44.280333,44.01691,44.153687
2021-03-09T17:30:00Z,44.148621,44.148621,43.849738,43.89533
2021-03-09T18:30:00Z,43.935857,44.004245,43.824409,43.832008
2021-03-09T19:30:00Z,43.832008,43.966252,43.794014,43.95612
2021-03-09T20:30:00Z,43.93839,43.981449,43.723092,43.83454
2021-03-10T14:30:00Z,44.052371,44.376583,44.042239,44.163819
2021-03-10T15:30:00Z,44.255004,44.584282,44.255004,44.452571
2021-03-10T16:30:00Z,44.437373,44.579216,44.128358,44.128358
2021-03-10T17:30:00Z,44.163819,44.23474,44.021976,44.103029
2021-03-10T18:30:00Z,44.158753,44.376583,43.986515,44.341122
2021-03-10T19:30:00Z,44.351254,44.569084,44.351254,44.523492
2021-03-10T20:30:00Z,44.520959,44.609611,44.412044,44.412044
2021-03-11T14:30:00Z,44.624808,44.966751,44.624808,44.903428
2021-03-11T15:30:00Z,44.888231,45.111127,44.878099,44.969284
2021-03-11T16:30:00Z,44.97435,45.298562,44.97435,45.176983
2021-03-11T17:30:00Z,45.187114,45.316293,45.116193,45.230174
2021-03-11T18:30:00Z,45.222575,45.298562,45.151654,45.197246
2021-03-11T19:30:00Z,45.19218,45.237773,45.03514,45.13139
2021-03-11T20:30:00Z,45.126325,45.126325,44.85277,44.862902
2021-03-12T14:30:00Z,44.705862,44.842639,44.543755,44.827441
2021-03-12T15:30:00Z,44.812244,44.832507,44.75652,44.781849
2021-03-12T16:30:00Z,44.797046,44.837573,44.771717,44.81731
2021-03-12T17:30:00Z,44.81731,44.822375,44.731191,44.822375
2021-03-12T18:30:00Z,44.827441,44.827441,44.79198,44.79198
2021-03-12T19:30:00Z,44.797046,44.85277,44.776783,44.81731
2021-03-12T20:30:00Z,44.837573,44.989547,44.837573,44.959152
2021-03-15T13:30:00Z,45.045271,45.045271,44.807178,45.004745
2021-03-15T14:30:00Z,44.994613,45.045271,44.908494,44.908494
2021-03-15T15:30:00Z,44.867968,44.888231,44.721059,44.888231
2021-03-15T16:30:00Z,44.954087,44.964218,44.75652,44.964218
2021-03-15T17:30:00Z,44.979416,45.030074,44.91356,44.928758
2021-03-15T18:30:00Z,44.964218,45.106061,44.964218,45.090864
2021-03-15T19:30:00Z,45.075666,45.217509,45.065535,45.217509
2021-03-16T13:30:00Z,45.126325,45.460669,44.979416,45.055403
2021-03-16T14:30:00Z,45.03514,45.075666,44.731191,44.959152
2021-03-16T15:30:00Z,44.964218,45.014877,44.857836,44.91356
2021-03-16T16:30:00Z,44.918626,45.19218,44.918626,45.161785
2021-03-16T17:30:00Z,45.09593,45.100995,44.786915,44.822375
2021-03-16T18:30:00Z,44.807178,45.207378,44.807178,45.207378
2021-03-16T19:30:00Z,45.202312,45.237773,45.085798,45.19218
2021-03-17T13:30:00Z,44.685598,45.516393,44.685598,45.516393
2021-03-17T14:30:00Z,45.485998,45.521459,45.040206,45.111127
2021-03-17T15:30:00Z,45.106061,45.516393,45.03514,45.516393
2021-03-17T16:30:00Z,45.480932,45.541722,45.430274,45.516393
2021-03-17T17:30:00Z,45.53159,45.896329,45.496129,45.724091
2021-03-17T18:30:00Z,45.683565,46.347187,45.683565,46.022975
2021-03-17T19:30:00Z,46.05337,46.245871,46.038172,46.238272
2021-03-18T13:30:00Z,45.516393,45.541722,45.141522,45.303628
2021-03-18T14:30:00Z,45.293497,45.577183,45.202312,45.521459
2021-03-18T15:30:00Z,45.561985,45.658236,45.425208,45.425208
2021-03-18T16:30:00Z,45.43534,45.480932,45.176983,45.283365
2021-03-18T17:30:00Z,45.31376,45.37455,45.136456,45.151654
2021-03-18T18:30:00Z,45.182049,45.182049,44.832507,44.878099
2021-03-18T19:30:00Z,44.918626,44.918626,44.614677,44.624808
2021-03-19T13:30:00Z,44.564019,44.943955,44.35632,44.680532
2021-03-19T14:30:00Z,44.690664,44.786915,44.493097,44.543755
2021-03-19T15:30:00Z,44.543755,44.832507,44.503229,44.680532
2021-03-19T16:30:00Z,44.715993,44.862902,44.660269,44.766651
2021-03-19T17:30:00Z,44.743855,44.964218,44.650137,44.655203
2021-03-19T18:30:00Z,44.660269,44.670401,44.523492,44.523492
2021-03-19T19:30:00Z,44.472834,44.604545,44.41711,44.457636
2021-03-22T13:30:00Z,44.209411,44.475367,44.148621,44.437373
2021-03-22T14:30:00Z,44.442439,44.624808,44.422176,44.624808
2021-03-22T15:30:00Z,44.632407,44.69573,44.493097,44.665335
2021-03-22T16:30:00Z,44.614677,44.715993,44.569084,44.569084
2021-03-22T17:30:00Z,44.599479,44.599479,44.4779,44.518426
2021-03-22T18:30:00Z,44.533624,44.589348,44.366452,44.432307
2021-03-22T19:30:00Z,44.422176,44.432307,44.057437,44.23474
2021-03-23T13:30:00Z,44.158753,44.386715,44.153687,44.330991
2021-03-23T14:30:00Z,44.361386,44.533624,44.118226,44.533624
2021-03-23T15:30:00Z,44.472834,44.472834,44.17395,44.17395
2021-03-23T16:30:00Z,44.087831,44.103029,43.864935,43.880133
2021-03-23T17:30:00Z,43.875067,43.971318,43.469801,43.474867
2021-03-23T18:30:00Z,43.479933,43.479933,42.973351,43.226642
2021-03-23T19:30:00Z,43.236774,43.449538,43.115194,43.429275
2021-03-24T13:30:00Z,43.702829,43.966252,43.560986,43.778816
2021-03-24T14:30:00Z,43.763619,44.118226,43.743356,43.890264
2021-03-24T15:30:00Z,43.885199,43.991581,43.631908,43.89533
2021-03-24T16:30:00Z,43.935857,44.092897,43.85987,44.042239
2021-03-24T17:30:00Z,44.067568,44.249938,44.067568,44.123292
2021-03-24T18:30:00Z,44.133424,44.163819,43.971318,44.01691
2021-03-24T19:30:00Z,44.032107,44.037173,43.766152,43.778816
2021-03-25T13:30:00Z,43.409012,43.996647,43.409012,43.783882
2021-03-25T14:30:00Z,43.763619,43.773751,43.049338,43.140523
2021-03-25T15:30:00Z,43.21651,43.419143,43.201313,43.419143
2021-03-25T16:30:00Z,43.378617,43.728158,43.307695,43.540723
2021-03-25T17:30:00Z,43.560986,43.586315,43.322893,43.333024
2021-03-25T18:30:00Z,43.257037,43.621776,43.257037,43.601513
2021-03-25T19:30:00Z,43.642039,43.697763,43.566052,43.566052
2021-03-26T13:30:00Z,44.072634,44.736256,44.072634,44.665335
2021-03-26T14:30:00Z,44.680532,44.680532,44.194214,44.29553
2021-03-26T15:30:00Z,44.320859,44.619743,44.260069,44.589348
2021-03-26T16:30:00Z,44.584282,44.599479,44.493097,44.57415
2021-03-26T17:30:00Z,44.589348,44.645072,44.351254,44.629874
2021-03-26T18:30:00Z,44.685598,44.857836,44.533624,44.857836
2021-03-26T19:30:00Z,44.883165,45.085798,44.883165,45.080732
2021-03-29T14:30:00+01:00,44.832507,45.361885,44.832507,44.837573
2021-03-29T15:30:00+01:00,44.726125,44.857836,44.553887,44.599479
2021-03-29T16:30:00+01:00,44.655203,44.746388,44.467768,44.533624
2021-03-29T17:30:00+01:00,44.599479,45.212444,44.599479,45.151654
2021-03-29T18:30:00+01:00,44.971817,45.379616,44.812244,44.812244
2021-03-29T19:30:00+01:00,44.766651,44.923692,44.594413,44.923692
2021-03-29T20:30:00+01:00,44.918626,44.918626,44.655203,44.665335
2021-03-30T14:30:00+01:00,44.827441,44.989547,44.41711,44.629874
2021-03-30T15:30:00+01:00,44.584282,44.645072,44.437373,44.579216
2021-03-30T16:30:00+01:00,44.51336,44.761586,44.482965,44.75652
2021-03-30T17:30:00+01:00,44.761586,44.862902,44.69573,44.837573
2021-03-30T18:30:00+01:00,44.786915,44.923692,44.766651,44.91356
2021-03-30T19:30:00+01:00,44.893297,45.025008,44.893297,44.979416
2021-03-30T20:30:00+01:00,45.032607,45.106061,44.766651,44.812244
2021-03-31T14:30:00+01:00,44.943955,44.943955,44.604545,44.690664
2021-03-31T15:30:00+01:00,44.726125,44.938889,44.607078,44.75652
2021-03-31T16:30:00+01:00,44.781849,44.903428,44.645072,44.822375
2021-03-31T17:30:00+01:00,44.827441,45.070601,44.746388,45.070601
2021-03-31T18:30:00+01:00,45.050337,45.085798,44.888231,44.888231
2021-03-31T19:30:00+01:00,44.969284,45.030074,44.807178,44.832507
2021-03-31T20:30:00+01:00,44.842639,44.938889,44.690664,44.710927
2021-04-01T14:30:00+01:00,44.984482,45.085798,44.665335,44.797046
2021-04-01T15:30:00+01:00,44.797046,45.009811,44.797046,44.832507
2021-04-01T16:30:00+01:00,44.837573,44.989547,44.776783,44.979416
2021-04-01T17:30:00+01:00,44.964218,45.030074,44.91356,44.984482
2021-04-01T18:30:00+01:00,45.040206,45.136456,45.040206,45.136456
2021-04-01T19:30:00+01:00,45.106061,45.151654,45.030074,45.045271
2021-04-01T20:30:00+01:00,45.045271,45.242838,45.045271,45.136456
2021-04-05T14:30:00+01:00,45.212444,45.369484,45.116193,45.268168
2021-04-05T15:30:00+01:00,45.288431,45.318826,45.106061,45.141522
2021-04-05T16:30:00+01:00,45.19218,45.450537,45.09593,45.450537
2021-04-05T17:30:00+01:00,45.455603,45.485998,45.334023,45.349221
2021-04-05T18:30:00+01:00,45.379616,45.475866,45.37455,45.455603
2021-04-05T19:30:00+01:00,45.440405,45.450537,45.187114,45.187114
2021-04-05T20:30:00+01:00,45.182049,45.37455,45.171917,45.268168
2021-04-06T14:30:00+01:00,45.19218,45.415076,45.161785,45.339089
2021-04-06T15:30:00+01:00,45.318826,45.430274,45.258036,45.430274
2021-04-06T16:30:00+01:00,45.430274,45.572117,45.430274,45.496129
2021-04-06T17:30:00+01:00,45.496129,45.516393,45.389747,45.465735
2021-04-06T18:30:00+01:00,45.475866,45.516393,45.404945,45.425208
2021-04-06T19:30:00+01:00,45.364418,45.364418,45.242838,45.283365
2021-04-06T20:30:00+01:00,45.293497,45.328957,45.232707,45.328957
2021-04-07T14:30:00+01:00,45.450537,46.772716,45.450537,46.772716
2021-04-07T15:30:00+01:00,46.777782,46.787914,46.656202,46.656202
2021-04-07T16:30:00+01:00,46.605544,46.605544,46.316792,46.463701
2021-04-07T17:30:00+01:00,46.468767,46.580215,46.418109,46.418109
2021-04-07T18:30:00+01:00,46.458635,46.559952,46.39278,46.509293
2021-04-07T19:30:00+01:00,46.48903,46.499162,46.326924,46.337056
2021-04-07T20:30:00+01:00,46.344654,46.397845,46.245871,46.352253
2021-04-08T14:30:00+01:00,46.595412,46.595412,45.906461,46.073633
2021-04-08T15:30:00+01:00,46.068567,46.524491,46.017909,46.519425
2021-04-08T16:30:00+01:00,46.539688,46.570083,46.468767,46.529557
2021-04-08T17:30:00+01:00,46.529557,46.70686,46.529557,46.70686
2021-04-08T18:30:00+01:00,46.73219,46.798045,46.686597,46.787914
2021-04-08T19:30:00+01:00,46.792979,46.904427,46.681531,46.686597
2021-04-08T20:30:00+01:00,46.70686,47.04627,46.701795,46.939888
2021-04-09T14:30:00+01:00,46.899362,47.142521,46.691663,47.036139
2021-04-09T15:30:00+01:00,47.036139,47.117192,46.970283,46.970283
2021-04-09T16:30:00+01:00,47.066534,47.32489,47.066534,47.32489
2021-04-09T17:30:00+01:00,47.345154,47.621241,47.304627,47.476865
2021-04-09T18:30:00+01:00,47.451536,47.471799,47.223574,47.223574
2021-04-09T19:30:00+01:00,47.238772,47.365417,47.218508,47.365417
2021-04-09T20:30:00+01:00,47.390746,47.562984,47.370483,47.557918
2021-04-12T14:30:00+01:00,47.086797,47.557918,47.086797,47.284364
2021-04-12T15:30:00+01:00,47.304627,47.441404,47.248903,47.329956
2021-04-12T16:30:00+01:00,47.314759,47.56805,47.299561,47.56805
2021-04-12T17:30:00+01:00,47.573116,47.618708,47.441404,47.441404
2021-04-12T18:30:00+01:00,47.451536,47.466733,47.32489,47.335022
2021-04-12T19:30:00+01:00,47.345154,47.345154,47.193179,47.218508
2021-04-12T20:30:00+01:00,47.208377,47.360351,47.208377,47.345154
2021-04-13T14:30:00+01:00,47.147587,47.177982,46.879098,47.020941
2021-04-13T15:30:00+01:00,47.10706,47.117192,46.934822,46.939888
2021-04-13T16:30:00+01:00,46.970283,47.04627,46.81071,46.980415
2021-04-13T17:30:00+01:00,46.944954,46.980415,46.894296,46.980415
2021-04-13T18:30:00+01:00,47.015875,47.04627,46.914559,46.965217
2021-04-13T19:30:00+01:00,46.965217,47.056402,46.838572,46.995612
2021-04-13T20:30:00+01:00,46.965217,46.975349,46.838572,46.874032
2021-04-14T14:30:00+01:00,46.894296,47.198245,46.894296,47.137455
2021-04-14T15:30:00+01:00,47.137455,47.248903,47.096929,47.137455
2021-04-14T16:30:00+01:00,47.253969,47.355285,47.243837,47.243837
2021-04-14T17:30:00+01:00,47.259035,47.32489,47.259035,47.32489
2021-04-14T18:30:00+01:00,47.284364,47.30716,47.041205,47.112126
2021-04-14T19:30:00+01:00,47.10706,47.127323,46.899362,47.026007
2021-04-14T20:30:00+01:00,46.944954,47.020941,46.944954,46.970283
2021-04-15T14:30:00+01:00,49.655168,49.959117,48.340587,49.959117
2021-04-15T15:30:00+01:00,49.969248,51.048268,49.938854,50.916557
2021-04-15T16:30:00+01:00,50.931754,51.0584,50.539153,51.007742
2021-04-15T17:30:00+01:00,51.012807,51.281296,50.567015,50.627805
2021-04-15T18:30:00+01:00,50.602476,50.602476,50.354251,50.44037
2021-04-15T19:30:00+01:00,50.450501,50.450501,49.938854,50.298527
2021-04-15T20:30:00+01:00,50.298527,50.298527,49.893261,50.10096
2021-04-16T14:30:00+01:00,50.450501,51.053334,50.303593,51.043202
2021-04-16T15:30:00+01:00,51.022939,51.499126,51.002676,51.357283
2021-04-16T16:30:00+01:00,51.372481,51.732154,51.372481,51.61564
2021-04-16T17:30:00+01:00,51.625772,51.625772,51.291428,51.387678
2021-04-16T18:30:00+01:00,51.387678,51.428205,51.281296,51.286362
2021-04-16T19:30:00+01:00,51.240769,51.499126,51.240769,51.453534
2021-04-16T20:30:00+01:00,51.443402,51.453534,51.286362,51.387678
2021-04-19T14:30:00+01:00,51.367415,52.046235,51.159716,52.046235
2021-04-19T15:30:00+01:00,52.010774,52.142485,51.828404,52.041169
2021-04-19T16:30:00+01:00,52.025971,52.345118,51.975313,52.299526
2021-04-19T17:30:00+01:00,52.269131,52.562948,52.200742,52.385645
2021-04-19T18:30:00+01:00,52.375513,52.431237,52.142485,52.423638
2021-04-19T19:30:00+01:00,52.299526,52.466698,52.264065,52.29446
2021-04-19T20:30:00+01:00,52.274197,52.400842,52.264065,52.365381
2021-04-20T14:30:00+01:00,52.051301,52.056366,51.49406,51.949984
2021-04-20T15:30:00+01:00,51.929721,51.929721,51.271164,51.362349
2021-04-20T16:30:00+01:00,51.301559,51.595377,51.271164,51.473797
2021-04-20T17:30:00+01:00,51.473797,51.514324,51.311691,51.321822
2021-04-20T18:30:00+01:00,51.331954,51.55485,51.331954,51.402876
2021-04-20T19:30:00+01:00,51.418073,51.585245,51.418073,51.549784
2021-04-20T20:30:00+01:00,51.504192,51.585245,51.377546,51.423139
2021-04-21T14:30:00+01:00,51.418073,51.747351,51.21544,51.478863
2021-04-21T15:30:00+01:00,51.49406,51.549784,51.377546,51.443402
2021-04-21T16:30:00+01:00,51.463665,51.55485,51.367415,51.483929
2021-04-21T17:30:00+01:00,51.506725,51.79801,51.504192,51.792944
2021-04-21T18:30:00+01:00,51.777746,51.823339,51.529521,51.529521
2021-04-21T19:30:00+01:00,51.529521,51.585245,51.448468,51.529521
2021-04-21T20:30:00+01:00,51.534587,51.570048,51.362349,51.372481
2021-04-22T14:30:00+01:00,51.144519,51.438336,51.033071,51.357283
2021-04-22T15:30:00+01:00,51.392744,51.570048,51.093861,51.43327
2021-04-22T16:30:00+01:00,51.468731,51.671364,51.468731,51.666298
2021-04-22T17:30:00+01:00,51.595377,51.595377,51.230638,51.367415
2021-04-22T18:30:00+01:00,51.413007,51.413007,50.739253,51.139453
2021-04-22T19:30:00+01:00,51.129321,51.240769,51.053334,51.088795
2021-04-22T20:30:00+01:00,51.038137,51.038137,50.901359,50.916557
2021-04-23T14:30:00+01:00,51.15465,51.220506,50.906425,51.073597
2021-04-23T15:30:00+01:00,51.185045,51.235703,51.083729,51.235703
2021-04-23T16:30:00+01:00,51.466198,51.519389,51.407941,51.4586
2021-04-23T17:30:00+01:00,51.483929,51.519389,51.423139,51.483929
2021-04-23T18:30:00+01:00,51.483929,51.49406,51.423139,51.463665
2021-04-23T19:30:00+01:00,51.478863,51.544718,51.407941,51.544718
2021-04-23T20:30:00+01:00,51.504192,51.504192,51.311691,51.357283
2021-04-26T14:30:00+01:00,51.463665,51.463665,51.139453,51.311691
2021-04-26T15:30:00+01:00,51.352217,51.387678,51.230638,51.230638
2021-04-26T16:30:00+01:00,51.210374,51.210374,51.002676,51.002676
2021-04-26T17:30:00+01:00,51.11919,51.144519,50.990011,50.990011
2021-04-26T18:30:00+01:00,50.972281,51.022939,50.946952,51.022939
2021-04-26T19:30:00+01:00,51.002676,51.002676,50.881096,50.93682
2021-04-26T20:30:00+01:00,50.825372,50.87603,50.754451,50.850701
2021-04-27T14:30:00+01:00,50.946952,50.99761,50.81524,50.99761
2021-04-27T15:30:00+01:00,51.012807,51.324355,51.012807,51.048268
2021-04-27T16:30:00+01:00,51.033071,51.0584,50.931754,50.952018
2021-04-27T17:30:00+01:00,50.967215,50.969748,50.84057,50.860833
2021-04-27T18:30:00+01:00,50.830438,50.926688,50.784845,50.926688
2021-04-27T19:30:00+01:00,50.982412,51.053334,50.946952,50.987478
2021-04-27T20:30:00+01:00,50.984945,51.038137,50.952018,51.007742
2021-04-28T14:30:00+01:00,50.941886,50.972281,50.741786,50.741786
2021-04-28T15:30:00+01:00,50.693661,50.749385,50.561949,50.691128
2021-04-28T16:30:00+01:00,50.683529,50.683529,50.480896,50.673397
2021-04-28T17:30:00+01:00,50.683529,50.71899,50.617673,50.693661
2021-04-28T18:30:00+01:00,50.668332,50.673397,50.450501,50.450501
2021-04-28T19:30:00+01:00,50.435304,50.668332,50.435304,50.511291
2021-04-28T20:30:00+01:00,50.480896,50.506225,50.359317,50.359317
2021-04-29T14:30:00+01:00,50.805109,50.886162,50.643003,50.648068
2021-04-29T15:30:00+01:00,50.673397,50.708858,50.572081,50.648068
2021-04-29T16:30:00+01:00,50.6582,50.800043,50.394777,50.450501
2021-04-29T17:30:00+01:00,50.44037,50.663266,50.425172,50.516357
2021-04-29T18:30:00+01:00,50.465699,50.698727,50.415041,50.693661
2021-04-29T19:30:00+01:00,50.668332,50.754451,50.602476,50.607542
2021-04-29T20:30:00+01:00,50.602476,50.673397,50.59741,50.6582
2021-04-30T14:30:00+01:00,50.435304,50.435304,50.227605,50.247869
2021-04-30T15:30:00+01:00,50.247869,50.247869,49.969248,50.050302
2021-04-30T16:30:00+01:00,50.019907,50.068032,49.984446,50.030038
2021-04-30T17:30:00+01:00,50.004709,50.024973,49.890728,49.989512
2021-04-30T18:30:00+01:00,50.019907,50.035104,49.746352,49.837537
2021-04-30T19:30:00+01:00,49.913524,49.933788,49.736221,49.827406
2021-04-30T20:30:00+01:00,49.807142,49.872998,49.731155,49.827406
2021-05-03T14:30:00+01:00,50.308658,50.409975,49.715957,49.726089
2021-05-03T15:30:00+01:00,49.710892,49.91859,49.599444,49.82234
2021-05-03T16:30:00+01:00,49.756484,49.954051,49.751418,49.817274
2021-05-03T17:30:00+01:00,49.791945,49.847669,49.695694,49.807142
2021-05-03T18:30:00+01:00,49.852735,49.959117,49.680497,49.721023
2021-05-03T19:30:00+01:00,49.76155,49.812208,49.558917,49.650102
2021-05-03T20:30:00+01:00,49.655168,49.670365,49.472798,49.523456
2021-05-04T14:30:00+01:00,48.92569,49.189112,48.773715,49.108059
2021-05-04T15:30:00+01:00,49.042203,49.219507,48.733188,48.824373
2021-05-04T16:30:00+01:00,48.844636,48.910492,48.576148,48.910492
2021-05-04T17:30:00+01:00,48.90036,49.037138,48.631872,49.037138
2021-05-04T18:30:00+01:00,48.935821,49.032072,48.816774,48.92569
2021-05-04T19:30:00+01:00,48.92569,48.940887,48.697728,48.748386
2021-05-04T20:30:00+01:00,48.735721,48.895295,48.636938,48.890229
2021-05-05T14:30:00+01:00,49.14352,49.412008,48.92569,49.113125
2021-05-05T15:30:00+01:00,49.097927,49.614641,49.08273,49.528522
2021-05-05T16:30:00+01:00,49.503193,49.70076,49.462666,49.70076
2021-05-05T17:30:00+01:00,49.690628,49.786879,49.63997,49.655168
2021-05-05T18:30:00+01:00,49.680497,49.908459,49.563983,49.908459
2021-05-05T19:30:00+01:00,49.926189,50.009775,49.70076,49.756484
2021-05-05T20:30:00+01:00,49.743819,49.872998,49.731155,49.82234
2021-05-06T14:30:00+01:00,50.050302,50.050302,49.538654,49.695694
2021-05-06T15:30:00+01:00,49.675431,49.994578,49.675431,49.984446
2021-05-06T16:30:00+01:00,50.009775,50.425172,49.923656,50.349185
2021-05-06T17:30:00+01:00,50.354251,50.44037,50.333988,50.369448
2021-05-06T18:30:00+01:00,50.409975,50.409975,50.090828,50.116157
2021-05-06T19:30:00+01:00,50.121223,50.37958,50.075631,50.374514
2021-05-06T20:30:00+01:00,50.349185,50.567015,50.308658,50.506225
2021-05-07T14:30:00+01:00,50.693661,51.347152,50.556884,51.200243
2021-05-07T15:30:00+01:00,51.331954,51.504192,51.286362,51.331954
2021-05-07T16:30:00+01:00,51.266098,51.331954,51.225572,51.230638
2021-05-07T17:30:00+01:00,51.235703,51.309158,51.063466,51.144519
2021-05-07T18:30:00+01:00,51.139453,51.139453,51.022939,51.071064
2021-05-07T19:30:00+01:00,51.078663,51.185045,50.99761,51.15465
2021-05-07T20:30:00+01:00,51.195177,51.21544,51.11919,51.167315
2021-05-10T14:30:00+01:00,51.190111,51.190111,50.769648,50.77978
2021-05-10T15:30:00+01:00,50.683529,50.683529,50.470765,50.587279
2021-05-10T16:30:00+01:00,50.572081,50.632871,50.541686,50.567015
2021-05-10T17:30:00+01:00,50.53662,50.673397,50.53662,50.627805
2021-05-10T18:30:00+01:00,50.561949,50.724056,50.561949,50.703792
2021-05-10T19:30:00+01:00,50.602476,50.6582,50.50116,50.556884
2021-05-10T20:30:00+01:00,50.622739,50.678463,50.465699,50.50116
2021-05-11T14:30:00+01:00,48.935821,49.680497,48.788912,48.793978
2021-05-11T15:30:00+01:00,48.778781,49.356284,48.62174,49.356284
2021-05-11T16:30:00+01:00,49.341087,49.381613,49.158717,49.270165
2021-05-11T17:30:00+01:00,49.23977,49.336021,49.024473,49.336021
2021-05-11T18:30:00+01:00,49.36135,49.655168,49.356284,49.558917
2021-05-11T19:30:00+01:00,49.594378,49.614641,49.325889,49.563983
2021-05-11T20:30:00+01:00,49.581713,49.581713,49.394278,49.533588
2021-05-12T14:30:00+01:00,49.138454,49.336021,48.672399,48.940887
2021-05-12T15:30:00+01:00,48.905426,48.976348,48.68253,48.68253
2021-05-12T16:30:00+01:00,48.616675,48.616675,47.856802,47.973315
2021-05-12T17:30:00+01:00,48.074632,48.074632,47.770683,48.034105
2021-05-12T18:30:00+01:00,47.975848,47.975848,47.72509,47.851736
2021-05-12T19:30:00+01:00,47.902394,48.130356,47.745354,47.780814
2021-05-12T20:30:00+01:00,47.760551,47.806143,47.633905,47.6643
2021-05-13T14:30:00+01:00,48.094895,48.854768,48.094895,48.611609
2021-05-13T15:30:00+01:00,48.631872,48.814242,48.515358,48.520424
2021-05-13T16:30:00+01:00,48.500161,48.62174,48.368449,48.571082
2021-05-13T17:30:00+01:00,48.702793,48.773715,48.535621,48.535621
2021-05-13T18:30:00+01:00,48.566016,48.945953,48.378581,48.890229
2021-05-13T19:30:00+01:00,48.986479,49.057401,48.935821,48.976348
2021-05-13T20:30:00+01:00,48.976348,49.087796,48.834505,48.834505
2021-05-14T14:30:00+01:00,49.432272,49.797011,49.310692,49.797011
2021-05-14T15:30:00+01:00,49.677964,49.677964,49.427206,49.536121
2021-05-14T16:30:00+01:00,49.54372,49.612108,49.54372,49.594378
2021-05-14T17:30:00+01:00,49.645036,49.8578,49.629839,49.837537
2021-05-14T18:30:00+01:00,49.842603,49.898327,49.726089,49.832471
2021-05-14T19:30:00+01:00,49.819807,49.893261,49.741287,49.802076
2021-05-14T20:30:00+01:00,49.888195,49.905926,49.832471,49.862866
2021-05-17T14:30:00+01:00,49.675431,49.959117,49.498127,49.933788
2021-05-17T15:30:00+01:00,49.63997,50.047769,49.63997,49.842603
2021-05-17T16:30:00+01:00,49.791945,49.898327,49.76155,49.898327
2021-05-17T17:30:00+01:00,49.893261,49.91859,49.751418,49.766616
2021-05-17T18:30:00+01:00,49.812208,49.817274,49.741287,49.817274
2021-05-17T19:30:00+01:00,49.862866,49.888195,49.721023,49.781813
2021-05-17T20:30:00+01:00,49.812208,49.832471,49.705826,49.82234
2021-05-18T14:30:00+01:00,50.16175,50.16175,49.721023,49.969248
2021-05-18T15:30:00+01:00,49.938854,49.969248,49.695694,49.705826
2021-05-18T16:30:00+01:00,49.624773,49.789412,49.548785,49.548785
2021-05-18T17:30:00+01:00,49.690628,49.827406,49.690628,49.827406
2021-05-18T18:30:00+01:00,49.842603,49.842603,49.726089,49.751418
2021-05-18T19:30:00+01:00,49.802076,49.913524,49.665299,49.908459
2021-05-18T20:30:00+01:00,49.898327,49.989512,49.70076,49.70076
2021-05-19T14:30:00+01:00,48.778781,48.869966,48.393778,48.520424
2021-05-19T15:30:00+01:00,48.510292,48.869966,48.353252,48.844636
2021-05-19T16:30:00+01:00,48.788912,49.087796,48.788912,49.077664
2021-05-19T17:30:00+01:00,49.047269,49.209375,49.027006,49.20431
2021-05-19T18:30:00+01:00,49.077664,49.371482,49.077664,49.341087
2021-05-19T19:30:00+01:00,49.366416,49.366416,48.981414,49.158717
2021-05-19T20:30:00+01:00,49.128322,49.128322,48.854768,49.057401
2021-05-20T14:30:00+01:00,49.234705,49.57918,49.224573,49.412008
2021-05-20T15:30:00+01:00,49.513325,49.999643,49.508259,49.8578
2021-05-20T16:30:00+01:00,49.872998,49.984446,49.563983,49.589312
2021-05-20T17:30:00+01:00,49.594378,49.786879,49.487996,49.786879
2021-05-20T18:30:00+01:00,49.802076,49.913524,49.665299,49.913524
2021-05-20T19:30:00+01:00,49.928722,50.146552,49.913524,50.146552
2021-05-20T20:30:00+01:00,50.113624,50.187079,49.933788,49.933788
2021-05-21T14:30:00+01:00,50.268132,50.44037,50.019907,50.019907
2021-05-21T15:30:00+01:00,49.959117,50.247869,49.88313,50.055367
2021-05-21T16:30:00+01:00,50.065499,50.095894,49.898327,49.943919
2021-05-21T17:30:00+01:00,49.923656,49.974314,49.842603,49.974314
2021-05-21T18:30:00+01:00,49.964183,50.030038,49.872998,49.903393
2021-05-21T19:30:00+01:00,49.903393,50.030038,49.842603,49.969248
2021-05-21T20:30:00+01:00,49.933788,50.014841,49.807142,49.88313
2021-05-24T14:30:00+01:00,50.333988,50.987478,50.252934,50.607542
2021-05-24T15:30:00+01:00,50.648068,50.87603,50.582213,50.582213
2021-05-24T16:30:00+01:00,50.546752,50.59741,50.455567,50.561949
2021-05-24T17:30:00+01:00,50.612608,50.724056,50.592344,50.698727
2021-05-24T18:30:00+01:00,50.698727,50.754451,50.637937,50.6582
2021-05-24T19:30:00+01:00,50.729121,50.800043,50.632871,50.800043
2021-05-24T20:30:00+01:00,50.789911,50.789911,50.678463,50.724056
2021-05-25T14:30:00+01:00,50.855767,51.106525,50.820306,50.957083
2021-05-25T15:30:00+01:00,50.962149,50.962149,50.6582,50.6582
2021-05-25T16:30:00+01:00,50.6582,50.724056,50.643003,50.673397
2021-05-25T17:30:00+01:00,50.663266,50.663266,50.556884,50.602476
2021-05-25T18:30:00+01:00,50.612608,50.683529,50.59741,50.632871
2021-05-25T19:30:00+01:00,50.637937,50.653134,50.409975,50.516357
2021-05-25T20:30:00+01:00,50.546752,50.546752,50.37958,50.432771
2021-05-26T14:30:00+01:00,50.551818,50.860833,50.389712,50.435304
2021-05-26T15:30:00+01:00,50.435304,50.539153,50.339053,50.480896
2021-05-26T16:30:00+01:00,50.511291,50.6582,50.47583,50.612608
2021-05-26T17:30:00+01:00,50.627805,50.627805,50.404909,50.470765
2021-05-26T18:30:00+01:00,50.450501,50.51889,50.384646,50.51889
2021-05-26T19:30:00+01:00,50.491028,50.556884,50.420106,50.556884
2021-05-26T20:30:00+01:00,50.561949,50.572081,50.445436,50.445436
2021-05-27T14:30:00+01:00,50.81524,50.865899,50.491028,50.531555
2021-05-27T15:30:00+01:00,50.53662,50.648068,50.369448,50.369448
2021-05-27T16:30:00+01:00,50.420106,50.420106,50.298527,50.298527
2021-05-27T17:30:00+01:00,50.298527,50.384646,50.217474,50.359317
2021-05-27T18:30:00+01:00,50.339053,50.339053,50.156684,50.187079
2021-05-27T19:30:00+01:00,50.273198,50.404909,50.258,50.404909
2021-05-27T20:30:00+01:00,50.364382,50.460633,50.293461,50.435304
2021-05-28T14:30:00+01:00,50.176947,50.278263,48.30766,49.027006
2021-05-28T15:30:00+01:00,49.113125,49.746352,49.113125,49.746352
2021-05-28T16:30:00+01:00,49.721023,49.731155,49.467732,49.650102
2021-05-28T17:30:00+01:00,49.771682,49.969248,49.715957,49.969248
2021-05-28T18:30:00+01:00,49.948985,50.151618,49.933788,49.984446
2021-05-28T19:30:00+01:00,49.974314,50.055367,49.91859,50.009775
2021-05-28T20:30:00+01:00,49.97938,50.212408,49.923656,49.969248
2021-06-01T14:30:00+01:00,50.577147,51.114124,50.53662,50.957083
2021-06-01T15:30:00+01:00,50.911491,51.468731,50.911491,51.220506
2021-06-01T16:30:00+01:00,51.261033,51.787878,51.261033,51.666298
2021-06-01T17:30:00+01:00,51.671364,51.939852,51.610574,51.610574
2021-06-01T18:30:00+01:00,51.656167,51.863865,51.625772,51.666298
2021-06-01T19:30:00+01:00,51.686561,51.949984,51.686561,51.889194
2021-06-01T20:30:00+01:00,51.89426,52.162749,51.868931,52.096893
2021-06-02T14:30:00+01:00,52.046235,52.319789,51.929721,52.01584
2021-06-02T15:30:00+01:00,51.899326,51.949984,51.73722,51.79801
2021-06-02T16:30:00+01:00,51.787878,51.868931,51.602975,51.635903
2021-06-02T17:30:00+01:00,51.620706,51.646035,51.326888,51.326888
2021-06-02T18:30:00+01:00,51.347152,51.49406,51.321822,51.468731
2021-06-02T19:30:00+01:00,51.483929,51.49406,51.31929,51.357283
2021-06-02T20:30:00+01:00,51.347152,51.372481,51.063466,51.063466
2021-06-03T14:30:00+01:00,50.648068,50.769648,50.31879,50.764582
2021-06-03T15:30:00+01:00,50.77978,51.33702,50.77978,51.225572
2021-06-03T16:30:00+01:00,51.093861,51.149585,51.093861,51.109058
2021-06-03T17:30:00+01:00,51.11919,51.377546,51.088795,51.377546
2021-06-03T18:30:00+01:00,51.382612,51.453534,51.240769,51.250901
2021-06-03T19:30:00+01:00,51.271164,51.635903,51.271164,51.610574
2021-06-03T20:30:00+01:00,51.610574,51.646035,51.483929,51.499126
2021-06-04T14:30:00+01:00,51.671364,51.904392,51.671364,51.873997
2021-06-04T15:30:00+01:00,51.792944,51.982912,51.767615,51.949984
2021-06-04T16:30:00+01:00,51.879063,51.879063,51.767615,51.843602
2021-06-04T17:30:00+01:00,51.899326,52.400842,51.889194,52.122222
2021-06-04T18:30:00+01:00,52.11209,52.177946,52.031037,52.177946
2021-06-04T19:30:00+01:00,52.203275,52.253933,52.117156,52.253933
2021-06-04T20:30:00+01:00,52.253933,52.446434,52.238736,52.446434
2021-06-07T14:30:00+01:00,52.801042,52.811173,52.426171,52.456566
2021-06-07T15:30:00+01:00,52.421105,52.421105,52.061432,52.061432
2021-06-07T16:30:00+01:00,51.990511,52.031037,51.89426,52.010774
2021-06-07T17:30:00+01:00,52.036103,52.051301,51.95505,51.995576
2021-06-07T18:30:00+01:00,51.985445,52.020906,51.975313,51.980379
2021-06-07T19:30:00+01:00,51.980379,52.020906,51.91199,52.01584
2021-06-07T20:30:00+01:00,52.010774,52.101959,51.934787,52.061432
2021-06-08T14:30:00+01:00,52.309657,52.51229,52.17288,52.441369
2021-06-08T15:30:00+01:00,52.367914,52.418572,52.258999,52.274197
2021-06-08T16:30:00+01:00,52.322322,52.714923,52.322322,52.704791
2021-06-08T17:30:00+01:00,52.598409,52.598409,52.39071,52.550284
2021-06-08T18:30:00+01:00,52.57308,52.679462,52.560415,52.679462
2021-06-08T19:30:00+01:00,52.674396,52.735186,52.618672,52.684528
2021-06-08T20:30:00+01:00,52.684528,52.73012,52.583212,52.644001
2021-06-09T14:30:00+01:00,52.770647,52.770647,52.441369,52.481895
2021-06-09T15:30:00+01:00,52.507224,52.507224,52.380579,52.39071
2021-06-09T16:30:00+01:00,52.360316,52.51229,52.360316,52.456566
2021-06-09T17:30:00+01:00,52.471764,52.471764,52.35525,52.395776
2021-06-09T18:30:00+01:00,52.365381,52.527488,52.345118,52.527488
2021-06-09T19:30:00+01:00,52.51229,52.684528,52.51229,52.613607
2021-06-09T20:30:00+01:00,52.598409,52.687061,52.537619,52.679462
2021-06-10T14:30:00+01:00,52.664265,52.988477,52.608541,52.917556
2021-06-10T15:30:00+01:00,52.922622,52.932753,52.476829,52.618672
2021-06-10T16:30:00+01:00,52.606008,52.826371,52.522422,52.79091
2021-06-10T17:30:00+01:00,52.811173,52.882095,52.674396,52.674396
2021-06-10T18:30:00+01:00,52.674396,52.765581,52.638936,52.69466
2021-06-10T19:30:00+01:00,52.69466,52.836503,52.664265,52.755449
2021-06-10T20:30:00+01:00,52.760515,52.788377,52.568014,52.583212
2021-06-11T14:30:00+01:00,52.623738,52.679462,51.752417,51.762549
2021-06-11T15:30:00+01:00,51.752417,52.269131,51.595377,52.258999
2021-06-11T16:30:00+01:00,52.243802,52.256466,52.127288,52.238736
2021-06-11T17:30:00+01:00,52.269131,52.41604,52.258999,52.41604
2021-06-11T18:30:00+01:00,52.405908,52.497093,52.304592,52.486961
2021-06-11T19:30:00+01:00,52.51229,52.598409,52.461632,52.562948
2021-06-11T20:30:00+01:00,52.557883,52.669331,52.4515,52.669331
2021-06-14T14:30:00+01:00,52.664265,52.664265,52.248867,52.248867
2021-06-14T15:30:00+01:00,52.223538,52.304592,52.031037,52.228604
2021-06-14T16:30:00+01:00,52.203275,52.203275,52.025971,52.056366
2021-06-14T17:30:00+01:00,52.056366,52.086761,51.868931,51.909458
2021-06-14T18:30:00+01:00,51.904392,51.944918,51.83347,51.83347
2021-06-14T19:30:00+01:00,51.808141,51.891727,51.808141,51.858799
2021-06-14T20:30:00+01:00,51.813207,52.031037,51.808141,52.01584
2021-06-15T14:30:00+01:00,52.086761,52.269131,52.086761,52.11209
2021-06-15T15:30:00+01:00,52.117156,52.142485,51.939852,51.965182
2021-06-15T16:30:00+01:00,51.980379,52.020906,51.924655,52.020906
2021-06-15T17:30:00+01:00,52.046235,52.291927,52.010774,52.279262
2021-06-15T18:30:00+01:00,52.284328,52.29446,52.198209,52.221005
2021-06-15T19:30:00+01:00,52.07663,52.132354,52.010774,52.020906
2021-06-15T20:30:00+01:00,52.025971,52.132354,52.000642,52.107025
2021-06-16T14:30:00+01:00,52.096893,52.142485,51.727088,51.828404
2021-06-16T15:30:00+01:00,51.904392,52.147551,51.899326,52.147551
2021-06-16T16:30:00+01:00,52.183012,52.324855,52.17288,52.304592
2021-06-16T17:30:00+01:00,52.329921,52.385645,52.157683,52.253933
2021-06-16T18:30:00+01:00,52.253933,52.350184,52.003175,52.003175
2021-06-16T19:30:00+01:00,51.95505,52.07663,51.752417,52.036103
2021-06-16T20:30:00+01:00,52.01584,52.096893,51.980379,52.010774
2021-06-17T14:30:00+01:00,51.914523,51.914523,51.169848,51.266098
2021-06-17T15:30:00+01:00,51.281296,51.33702,50.906425,50.982412
2021-06-17T16:30:00+01:00,50.977347,51.147052,50.53662,50.6582
2021-06-17T17:30:00+01:00,50.612608,51.005209,50.612608,50.911491
2021-06-17T18:30:00+01:00,50.924156,50.962149,50.746852,50.805109
2021-06-17T19:30:00+01:00,50.807642,50.810175,50.437837,50.470765
2021-06-17T20:30:00+01:00,50.491028,50.680996,50.394777,50.47583
2021-06-18T14:30:00+01:00,49.781813,49.82234,49.315758,49.690628
2021-06-18T15:30:00+01:00,49.665299,49.97938,49.553851,49.837537
2021-06-18T16:30:00+01:00,49.781813,49.928722,49.781813,49.91859
2021-06-18T17:30:00+01:00,49.908459,49.908459,49.660233,49.660233
2021-06-18T18:30:00+01:00,49.675431,49.766616,49.589312,49.645036
2021-06-18T19:30:00+01:00,49.665299,49.984446,49.650102,49.984446
2021-06-18T20:30:00+01:00,49.954051,50.062966,49.8578,49.928722
2021-06-21T14:30:00+01:00,50.273198,50.71899,50.232671,50.648068
2021-06-21T15:30:00+01:00,50.637937,50.708858,50.420106,50.447968
2021-06-21T16:30:00+01:00,50.445436,50.572081,50.430238,50.534087
2021-06-21T17:30:00+01:00,50.485962,50.506225,50.415041,50.506225
2021-06-21T18:30:00+01:00,50.506225,50.584746,50.480896,50.572081
2021-06-21T19:30:00+01:00,50.556884,50.602476,50.516357,50.582213
2021-06-21T20:30:00+01:00,50.577147,50.653134,50.546752,50.653134
2021-06-22T14:30:00+01:00,50.313724,50.333988,50.166815,50.273198
2021-06-22T15:30:00+01:00,50.323856,50.521423,50.298527,50.491028
2021-06-22T16:30:00+01:00,50.415041,50.450501,50.283329,50.295994
2021-06-22T17:30:00+01:00,50.265599,50.435304,50.258,50.435304
2021-06-22T18:30:00+01:00,50.430238,50.430238,50.252934,50.303593
2021-06-22T19:30:00+01:00,50.323856,50.632871,50.323856,50.632871
2021-06-22T20:30:00+01:00,50.653134,50.653134,50.463166,50.546752
2021-06-23T14:30:00+01:00,50.445436,50.556884,50.333988,50.341586
2021-06-23T15:30:00+01:00,50.316257,50.323856,50.202276,50.237737
2021-06-23T16:30:00+01:00,50.217474,50.323856,50.192145,50.313724
2021-06-23T17:30:00+01:00,50.303593,50.531555,50.298527,50.531555
2021-06-23T18:30:00+01:00,50.541686,50.541686,50.389712,50.404909
2021-06-23T19:30:00+01:00,50.369448,50.409975,50.288395,50.298527
2021-06-23T20:30:00+01:00,50.298527,50.328922,50.202276,50.247869
2021-06-24T14:30:00+01:00,50.653134,50.6582,50.455567,50.643003
2021-06-24T15:30:00+01:00,50.622739,50.622739,50.404909,50.516357
2021-06-24T16:30:00+01:00,50.435304,50.47583,50.404909,50.404909
2021-06-24T17:30:00+01:00,50.313724,50.389712,50.293461,50.313724
2021-06-24T18:30:00+01:00,50.30106,50.404909,50.263066,50.394777
2021-06-24T19:30:00+01:00,50.344119,50.344119,50.116157,50.126289
2021-06-24T20:30:00+01:00,50.116157,50.19721,49.97938,50.166815
2021-06-25T14:30:00+01:00,50.399843,50.503692,50.344119,50.47583
2021-06-25T15:30:00+01:00,50.491028,50.551818,50.460633,50.463166
2021-06-25T16:30:00+01:00,50.4581,50.541686,50.44037,50.480896
2021-06-25T17:30:00+01:00,50.485962,50.485962,50.399843,50.404909
2021-06-25T18:30:00+01:00,50.399843,50.480896,50.349185,50.420106
2021-06-25T19:30:00+01:00,50.384646,50.432771,50.298527,50.409975
2021-06-25T20:30:00+01:00,50.404909,50.435304,50.389712,50.402376
2021-06-28T14:30:00+01:00,50.374514,50.506225,50.354251,50.460633
2021-06-28T15:30:00+01:00,50.551818,50.607542,50.541686,50.582213
2021-06-28T16:30:00+01:00,50.599943,50.6582,50.556884,50.561949
2021-06-28T17:30:00+01:00,50.612608,50.612608,50.50116,50.546752
2021-06-28T18:30:00+01:00,50.602476,50.749385,50.59741,50.744319
2021-06-28T19:30:00+01:00,50.754451,50.754451,50.607542,50.617673
2021-06-28T20:30:00+01:00,50.610075,50.632871,50.53662,50.541686
2021-06-29T14:30:00+01:00,50.556884,50.653134,50.384646,50.653134
2021-06-29T15:30:00+01:00,50.71899,50.881096,50.716457,50.744319
2021-06-29T16:30:00+01:00,50.734187,51.33702,50.713924,51.012807
2021-06-29T17:30:00+01:00,51.028005,51.413007,50.99761,51.407941
2021-06-29T18:30:00+01:00,51.428205,51.468731,51.311691,51.413007
2021-06-29T19:30:00+01:00,51.392744,51.646035,51.375014,51.646035
2021-06-29T20:30:00+01:00,51.61564,51.818273,51.61564,51.77268
2021-06-30T14:30:00+01:00,51.27623,51.278763,50.820306,51.230638
2021-06-30T15:30:00+01:00,51.304092,51.49406,51.179979,51.220506
2021-06-30T16:30:00+01:00,51.114124,51.114124,50.825372,50.881096
2021-06-30T17:30:00+01:00,50.865899,50.891228,50.496094,50.496094
2021-06-30T18:30:00+01:00,50.485962,50.810175,50.485962,50.810175
2021-06-30T19:30:00+01:00,50.724056,50.724056,50.516357,50.567015
2021-06-30T20:30:00+01:00,50.521423,50.610075,50.496094,50.50116
2021-07-01T14:30:00+01:00,50.222539,50.344119,49.650102,50.116157
2021-07-01T15:30:00+01:00,50.116157,50.217474,49.959117,50.090828
2021-07-01T16:30:00+01:00,50.131355,50.136421,49.893261,49.893261
2021-07-01T17:30:00+01:00,49.867932,49.913524,49.842603,49.88313
2021-07-01T18:30:00+01:00,49.923656,49.984446,49.878064,49.893261
2021-07-01T19:30:00+01:00,49.888195,49.943919,49.791945,49.943919
2021-07-01T20:30:00+01:00,49.948985,49.994578,49.898327,49.984446
2021-07-02T14:30:00+01:00,49.923656,50.030038,49.670365,49.867932
2021-07-02T15:30:00+01:00,49.872998,50.045236,49.82234,50.045236
2021-07-02T16:30:00+01:00,50.116157,50.136421,50.030038,50.073098
2021-07-02T17:30:00+01:00,50.068032,50.247869,50.050302,50.237737
2021-07-02T18:30:00+01:00,50.288395,50.384646,50.288395,50.349185
2021-07-02T19:30:00+01:00,50.313724,50.50116,50.293461,50.496094
2021-07-02T20:30:00+01:00,50.491028,50.50116,50.328922,50.344119
2021-07-06T14:30:00+01:00,50.308658,50.729121,50.230138,50.247869
2021-07-06T15:30:00+01:00,50.182013,50.237737,49.82234,49.88313
2021-07-06T16:30:00+01:00,49.88313,49.948985,49.726089,49.791945
2021-07-06T17:30:00+01:00,49.781813,50.050302,49.76155,50.009775
2021-07-06T18:30:00+01:00,50.060433,50.126289,49.999643,49.999643
2021-07-06T19:30:00+01:00,50.050302,50.050302,49.964183,49.974314
2021-07-06T20:30:00+01:00,49.97938,49.989512,49.827406,49.827406
2021-07-07T14:30:00+01:00,49.872998,50.31879,49.847669,50.19721
2021-07-07T15:30:00+01:00,50.116157,50.47583,49.938854,50.465699
2021-07-07T16:30:00+01:00,50.526489,50.693661,50.50116,50.6582
2021-07-07T17:30:00+01:00,50.577147,50.622739,50.430238,50.430238
2021-07-07T18:30:00+01:00,50.430238,50.556884,50.402376,50.44037
2021-07-07T19:30:00+01:00,50.364382,50.465699,50.364382,50.399843
2021-07-07T20:30:00+01:00,50.369448,50.465699,50.349185,50.399843
2021-07-08T14:30:00+01:00,49.645036,50.217474,49.523456,49.903393
2021-07-08T15:30:00+01:00,50.004709,50.404909,49.908459,50.37958
2021-07-08T16:30:00+01:00,50.384646,50.465699,50.328922,50.339053
2021-07-08T17:30:00+01:00,50.384646,50.491028,50.247869,50.308658
2021-07-08T18:30:00+01:00,50.333988,50.333988,50.045236,50.045236
2021-07-08T19:30:00+01:00,50.095894,50.106026,49.974314,50.075631
2021-07-08T20:30:00+01:00,50.080697,50.237737,50.035104,50.141486
2021-07-09T14:30:00+01:00,50.283329,50.784845,50.283329,50.44037
2021-07-09T15:30:00+01:00,50.516357,50.941886,50.50116,50.916557
2021-07-09T16:30:00+01:00,50.916557,51.093861,50.906425,50.941886
2021-07-09T17:30:00+01:00,50.926688,50.982412,50.711391,50.71899
2021-07-09T18:30:00+01:00,50.663266,50.952018,50.663266,50.931754
2021-07-09T19:30:00+01:00,50.926688,51.012807,50.906425,51.002676
2021-07-09T20:30:00+01:00,51.022939,51.033071,50.729121,50.805109
2021-07-12T14:30:00+01:00,50.470765,50.506225,49.933788,49.948985
2021-07-12T15:30:00+01:00,50.024973,50.176947,49.943919,50.176947
2021-07-12T16:30:00+01:00,50.055367,50.126289,49.948985,49.948985
2021-07-12T17:30:00+01:00,49.878064,49.878064,49.538654,49.538654
2021-07-12T18:30:00+01:00,49.548785,49.558917,49.254968,49.462666
2021-07-12T19:30:00+01:00,49.452535,49.452535,49.224573,49.36135
2021-07-12T20:30:00+01:00,49.371482,49.371482,49.22204,49.229639
2021-07-13T14:30:00+01:00,48.854768,48.895295,48.135422,48.469766
2021-07-13T15:30:00+01:00,48.444437,48.530556,48.145553,48.495095
2021-07-13T16:30:00+01:00,48.505227,48.505227,48.150619,48.150619
2021-07-13T17:30:00+01:00,48.132889,48.155685,47.750419,47.806143
2021-07-13T18:30:00+01:00,47.831472,47.998645,47.638971,47.963184
2021-07-13T19:30:00+01:00,47.947986,47.953052,47.714959,47.745354
2021-07-13T20:30:00+01:00,47.740288,47.760551,47.486997,47.492062
2021-07-14T14:30:00+01:00,47.90746,48.538154,47.552852,47.557918
2021-07-14T15:30:00+01:00,47.56805,47.623774,47.284364,47.360351
2021-07-14T16:30:00+01:00,47.517392,47.598445,47.218508,47.486997
2021-07-14T17:30:00+01:00,47.461668,47.62884,47.461668,47.471799
2021-07-14T18:30:00+01:00,47.479398,47.608576,47.426207,47.522457
2021-07-14T19:30:00+01:00,47.527523,47.530056,47.436338,47.497128
2021-07-14T20:30:00+01:00,47.461668,47.461668,47.299561,47.309693
2021-07-15T14:30:00+01:00,46.904427,47.466733,46.777782,47.213442
2021-07-15T15:30:00+01:00,47.279298,47.294496,47.015875,47.248903
2021-07-15T16:30:00+01:00,47.213442,47.340088,47.127323,47.132389
2021-07-15T17:30:00+01:00,47.117192,47.253969,47.117192,47.188113
2021-07-15T18:30:00+01:00,47.177982,47.177982,47.000678,47.04627
2021-07-15T19:30:00+01:00,47.031073,47.411009,47.031073,47.395812
2021-07-15T20:30:00+01:00,47.375549,47.438871,47.335022,47.426207
2021-07-16T14:30:00+01:00,47.593379,47.704827,47.112126,47.137455
2021-07-16T15:30:00+01:00,47.137455,47.365417,47.071599,47.071599
2021-07-16T16:30:00+01:00,47.112126,47.243837,47.076665,47.16785
2021-07-16T17:30:00+01:00,47.162784,47.32489,47.101994,47.233706
2021-07-16T18:30:00+01:00,47.223574,47.223574,47.086797,47.104527
2021-07-16T19:30:00+01:00,47.026007,47.026007,46.82844,46.843638
2021-07-16T20:30:00+01:00,46.808177,46.874032,46.73219,46.73219
2021-07-19T14:30:00+01:00,46.058435,46.681531,45.972317,46.620741
2021-07-19T15:30:00+01:00,46.656202,46.995612,46.620741,46.909493
2021-07-19T16:30:00+01:00,47.051336,47.188113,46.995612,47.071599
2021-07-19T17:30:00+01:00,47.036139,47.056402,46.823374,46.848703
2021-07-19T18:30:00+01:00,46.813243,46.88923,46.76765,46.863901
2021-07-19T19:30:00+01:00,46.874032,46.909493,46.777782,46.894296
2021-07-19T20:30:00+01:00,46.899362,47.061468,46.843638,47.031073
2021-07-20T14:30:00+01:00,47.547787,48.322857,47.426207,48.297528
2021-07-20T15:30:00+01:00,48.312725,48.312725,48.034105,48.105027
2021-07-20T16:30:00+01:00,48.120224,48.317791,48.084763,48.297528
2021-07-20T17:30:00+01:00,48.272199,48.419108,48.135422,48.145553
2021-07-20T18:30:00+01:00,48.135422,48.34312,48.135422,48.287396
2021-07-20T19:30:00+01:00,48.327923,48.596411,48.24687,48.497628
2021-07-20T20:30:00+01:00,48.490029,48.500161,48.272199,48.302594
2021-07-21T14:30:00+01:00,48.429239,48.733188,48.236738,48.733188
2021-07-21T15:30:00+01:00,48.58628,48.986479,48.571082,48.875031
2021-07-21T16:30:00+01:00,48.829439,48.90036,48.778781,48.809176
2021-07-21T17:30:00+01:00,48.844636,48.880097,48.733188,48.78638
2021-07-21T18:30:00+01:00,48.773715,48.824373,48.715458,48.799044
2021-07-21T19:30:00+01:00,48.783847,48.80411,48.738254,48.799044
2021-07-21T20:30:00+01:00,48.793978,48.793978,48.631872,48.738254
2021-07-22T14:30:00+01:00,48.809176,48.809176,48.479897,48.500161
2021-07-22T15:30:00+01:00,48.474832,48.474832,48.24687,48.24687
2021-07-22T16:30:00+01:00,48.292462,48.332989,48.251935,48.332989
2021-07-22T17:30:00+01:00,48.322857,48.408976,48.257001,48.40391
2021-07-22T18:30:00+01:00,48.40391,48.723057,48.398844,48.723057
2021-07-22T19:30:00+01:00,48.687596,48.687596,48.4647,48.4647
2021-07-22T20:30:00+01:00,48.515358,48.626806,48.459634,48.626806
2021-07-23T14:30:00+01:00,48.717991,48.875031,48.717991,48.74332
2021-07-23T15:30:00+01:00,48.748386,48.910492,48.733188,48.793978
2021-07-23T16:30:00+01:00,48.829439,48.829439,48.697728,48.702793
2021-07-23T17:30:00+01:00,48.702793,48.702793,48.642004,48.642004
2021-07-23T18:30:00+01:00,48.647069,48.730655,48.647069,48.68253
2021-07-23T19:30:00+01:00,48.702793,48.80411,48.702793,48.748386
2021-07-23T20:30:00+01:00,48.799044,48.976348,48.799044,48.920624
2021-07-26T14:30:00+01:00,48.966216,49.097927,48.966216,49.097927
2021-07-26T15:30:00+01:00,48.90036,49.016874,48.854768,49.016874
2021-07-26T16:30:00+01:00,48.991545,49.006743,48.940887,48.956084
2021-07-26T17:30:00+01:00,48.814242,48.935821,48.773715,48.910492
2021-07-26T18:30:00+01:00,48.895295,48.895295,48.839571,48.890229
2021-07-26T19:30:00+01:00,48.892762,48.905426,48.839571,48.890229
2021-07-26T20:30:00+01:00,48.895295,48.915558,48.829439,48.8649
2021-07-27T14:30:00+01:00,48.479897,48.768649,48.426706,48.566016
2021-07-27T15:30:00+01:00,48.717991,48.733188,48.474832,48.601477
2021-07-27T16:30:00+01:00,48.591345,48.591345,48.388713,48.419108
2021-07-27T17:30:00+01:00,48.358318,48.434305,48.115158,48.175948
2021-07-27T18:30:00+01:00,48.378581,48.444437,48.353252,48.444437
2021-07-27T19:30:00+01:00,48.535621,48.581214,48.469766,48.560951
2021-07-27T20:30:00+01:00,48.515358,48.68253,48.474832,48.672399
2021-07-28T14:30:00+01:00,48.753452,48.829439,48.647069,48.707859
2021-07-28T15:30:00+01:00,48.753452,48.869966,48.753452,48.849702
2021-07-28T16:30:00+01:00,48.859834,48.915558,48.859834,48.880097
2021-07-28T17:30:00+01:00,48.763583,48.768649,48.707859,48.707859
2021-07-28T18:30:00+01:00,48.707859,48.707859,48.702793,48.702793
2021-07-28T19:30:00+01:00,48.717991,48.844636,48.717991,48.799044
2021-07-28T20:30:00+01:00,48.758518,48.758518,48.591345,48.591345
2021-07-29T14:30:00+01:00,48.829439,48.885163,48.591345,48.616675
2021-07-29T15:30:00+01:00,48.576148,48.814242,48.414042,48.783847
2021-07-29T16:30:00+01:00,48.819307,48.910492,48.819307,48.910492
2021-07-29T17:30:00+01:00,48.890229,48.981414,48.875031,48.981414
2021-07-29T18:30:00+01:00,49.006743,49.006743,48.940887,48.976348
2021-07-29T19:30:00+01:00,48.905426,48.940887,48.875031,48.90036
2021-07-29T20:30:00+01:00,48.928222,49.062467,48.928222,49.052335
2021-07-30T14:30:00+01:00,48.915558,49.189112,48.915558,49.102993
2021-07-30T15:30:00+01:00,48.905426,48.92569,48.768649,48.854768
2021-07-30T16:30:00+01:00,48.90036,48.90036,48.783847,48.844636
2021-07-30T17:30:00+01:00,48.905426,48.905426,48.819307,48.819307
2021-07-30T18:30:00+01:00,48.920624,49.02194,48.885163,49.02194
2021-07-30T19:30:00+01:00,48.910492,49.067533,48.910492,48.966216
2021-07-30T20:30:00+01:00,48.96115,48.966216,48.92569,48.92569
2021-08-02T14:30:00+01:00,49.092862,49.097927,48.849702,48.854768
2021-08-02T15:30:00+01:00,48.986479,48.986479,48.728123,48.869966
2021-08-02T16:30:00+01:00,48.910492,48.971282,48.672399,48.692662
2021-08-02T17:30:00+01:00,48.814242,48.814242,48.647069,48.738254
2021-08-02T18:30:00+01:00,48.636938,48.885163,48.636938,48.885163
2021-08-02T19:30:00+01:00,48.854768,48.854768,48.733188,48.733188
2021-08-02T20:30:00+01:00,48.758518,48.809176,48.712925,48.733188
2021-08-03T14:30:00+01:00,49.072598,49.305626,48.763583,49.305626
2021-08-03T15:30:00+01:00,49.290429,49.715957,49.229639,49.548785
2021-08-03T16:30:00+01:00,49.574115,49.741287,49.569049,49.670365
2021-08-03T17:30:00+01:00,49.70076,50.050302,49.70076,49.948985
2021-08-03T18:30:00+01:00,49.969248,50.024973,49.969248,49.969248
2021-08-03T19:30:00+01:00,49.933788,50.045236,49.933788,50.030038
2021-08-03T20:30:00+01:00,50.045236,50.045236,49.847669,49.8578
2021-08-04T14:30:00+01:00,49.381613,49.604509,49.381613,49.604509
2021-08-04T15:30:00+01:00,49.558917,49.665299,49.396811,49.396811
2021-08-04T16:30:00+01:00,49.310692,49.467732,49.295494,49.356284
2021-08-04T17:30:00+01:00,49.330955,49.336021,49.254968,49.280297
2021-08-04T18:30:00+01:00,49.254968,49.401877,49.229639,49.401877
2021-08-04T19:30:00+01:00,49.396811,49.467732,49.336021,49.432272
2021-08-04T20:30:00+01:00,49.457601,49.457601,49.305626,49.320824
2021-08-05T14:30:00+01:00,49.614641,49.878064,49.48293,49.594378
2021-08-05T15:30:00+01:00,49.690628,49.908459,49.690628,49.791945
2021-08-05T16:30:00+01:00,49.746352,49.797011,49.619707,49.710892
2021-08-05T17:30:00+01:00,49.629839,49.655168,49.589312,49.619707
2021-08-05T18:30:00+01:00,49.665299,49.797011,49.665299,49.756484
2021-08-05T19:30:00+01:00,49.776747,49.776747,49.670365,49.710892
2021-08-05T20:30:00+01:00,49.736221,49.82234,49.726089,49.82234
2021-08-06T14:30:00+01:00,49.8578,50.004709,49.746352,49.999643
2021-08-06T15:30:00+01:00,50.009775,50.014841,49.781813,49.959117
2021-08-06T16:30:00+01:00,49.969248,50.024973,49.938854,50.024973
2021-08-06T17:30:00+01:00,50.045236,50.045236,50.009775,50.009775
2021-08-06T18:30:00+01:00,49.999643,50.024973,49.964183,49.999643
2021-08-06T19:30:00+01:00,49.974314,49.989512,49.847669,49.8578
2021-08-06T20:30:00+01:00,49.862866,49.928722,49.82234,49.913524
2021-08-09T14:30:00+01:00,49.609575,49.736221,49.528522,49.599444
2021-08-09T15:30:00+01:00,49.589312,49.685563,49.589312,49.685563
2021-08-09T16:30:00+01:00,49.802076,49.908459,49.741287,49.746352
2021-08-09T17:30:00+01:00,49.756484,49.959117,49.756484,49.88313
2021-08-09T18:30:00+01:00,49.903393,49.936321,49.893261,49.936321
2021-08-09T19:30:00+01:00,49.954051,49.984446,49.898327,49.908459
2021-08-09T20:30:00+01:00,49.933788,50.024973,49.903393,49.91859
2021-08-10T14:30:00+01:00,50.080697,50.121223,49.862866,49.999643
2021-08-10T15:30:00+01:00,49.933788,49.994578,49.913524,49.943919
2021-08-10T16:30:00+01:00,49.959117,50.232671,49.959117,50.014841
2021-08-10T17:30:00+01:00,49.91859,49.91859,49.847669,49.888195
2021-08-10T18:30:00+01:00,49.837537,49.872998,49.741287,49.862866
2021-08-10T19:30:00+01:00,49.8578,49.898327,49.807142,49.898327
2021-08-10T20:30:00+01:00,49.91859,49.933788,49.872998,49.885662
2021-08-11T14:30:00+01:00,50.050302,50.273198,50.050302,50.237737
2021-08-11T15:30:00+01:00,50.222539,50.506225,50.222539,50.506225
2021-08-11T16:30:00+01:00,50.577147,50.6582,50.455567,50.455567
2021-08-11T17:30:00+01:00,50.546752,50.632871,50.546752,50.617673
2021-08-11T18:30:00+01:00,50.648068,50.881096,50.643003,50.759516
2021-08-11T19:30:00+01:00,50.708858,50.845635,50.683529,50.84057
2021-08-11T20:30:00+01:00,50.825372,50.896294,50.759516,50.855767
2021-08-12T14:30:00+01:00,50.688595,50.764582,50.617673,50.648068
2021-08-12T15:30:00+01:00,50.582213,50.916557,50.582213,50.886162
2021-08-12T16:30:00+01:00,50.830438,50.84057,50.698727,50.764582
2021-08-12T17:30:00+01:00,50.805109,50.916557,50.805109,50.830438
2021-08-12T18:30:00+01:00,50.865899,50.972281,50.860833,50.946952
2021-08-12T19:30:00+01:00,50.982412,51.025472,50.952018,50.972281
2021-08-12T20:30:00+01:00,50.957083,50.967215,50.886162,50.906425
2021-08-13T14:30:00+01:00,50.931754,51.068531,50.860833,50.921623
2021-08-13T15:30:00+01:00,50.926688,50.926688,50.485962,50.810175
2021-08-13T16:30:00+01:00,50.820306,50.855767,50.713924,50.713924
2021-08-13T17:30:00+01:00,50.769648,50.891228,50.769648,50.891228
2021-08-13T18:30:00+01:00,50.891228,50.891228,50.784845,50.784845
2021-08-13T19:30:00+01:00,50.764582,50.810175,50.683529,50.810175
2021-08-13T20:30:00+01:00,50.708858,50.734187,50.607542,50.683529
2021-08-16T14:30:00+01:00,50.212408,50.394777,50.121223,50.182013
2021-08-16T15:30:00+01:00,50.171881,50.288395,49.964183,50.065499
2021-08-16T16:30:00+01:00,50.106026,50.268132,50.095894,50.268132
2021-08-16T17:30:00+01:00,50.252934,50.435304,50.252934,50.435304
2021-08-16T18:30:00+01:00,50.44037,50.491028,50.37958,50.491028
2021-08-16T19:30:00+01:00,50.491028,50.582213,50.450501,50.53662
2021-08-16T20:30:00+01:00,50.541686,50.546752,50.455567,50.455567
2021-08-17T14:30:00+01:00,49.984446,50.212408,49.898327,49.898327
2021-08-17T15:30:00+01:00,49.923656,49.923656,49.412008,49.457601
2021-08-17T16:30:00+01:00,49.412008,49.589312,49.391745,49.563983
2021-08-17T17:30:00+01:00,49.655168,49.655168,49.224573,49.386679
2021-08-17T18:30:00+01:00,49.427206,49.599444,49.366416,49.553851
2021-08-17T19:30:00+01:00,49.553851,49.63997,49.51839,49.553851
2021-08-17T20:30:00+01:00,49.54372,49.599444,49.477864,49.596911
2021-08-18T14:30:00+01:00,49.310692,49.553851,49.310692,49.553851
2021-08-18T15:30:00+01:00,49.487996,49.57918,49.336021,49.376548
2021-08-18T16:30:00+01:00,49.356284,49.437337,49.356284,49.366416
2021-08-18T17:30:00+01:00,49.371482,49.604509,49.371482,49.589312
2021-08-18T18:30:00+01:00,49.599444,49.665299,49.462666,49.563983
2021-08-18T19:30:00+01:00,49.584246,49.609575,49.503193,49.551318
2021-08-18T20:30:00+01:00,49.487996,49.487996,49.118191,49.118191
2021-08-19T14:30:00+01:00,48.68253,49.047269,48.657201,49.027006
2021-08-19T15:30:00+01:00,48.981414,48.981414,48.667333,48.806643
2021-08-19T16:30:00+01:00,48.745853,48.956084,48.745853,48.880097
2021-08-19T17:30:00+01:00,48.859834,48.976348,48.778781,48.778781
2021-08-19T18:30:00+01:00,48.748386,48.814242,48.677464,48.799044
2021-08-19T19:30:00+01:00,48.631872,48.956084,48.631872,48.956084
2021-08-19T20:30:00+01:00,48.920624,48.966216,48.733188,48.733188
2021-08-20T14:30:00+01:00,49.406942,50.116157,49.351218,49.741287
2021-08-20T15:30:00+01:00,49.827406,49.91859,49.558917,49.558917
2021-08-20T16:30:00+01:00,49.695694,49.695694,49.371482,49.558917
2021-08-20T17:30:00+01:00,49.619707,49.776747,49.548785,49.70076
2021-08-20T18:30:00+01:00,49.695694,49.786879,49.655168,49.736221
2021-08-20T19:30:00+01:00,49.741287,49.903393,49.731155,49.832471
2021-08-20T20:30:00+01:00,49.832471,49.984446,49.832471,49.923656
2021-08-23T14:30:00+01:00,50.156684,50.389712,49.893261,50.323856
2021-08-23T15:30:00+01:00,50.394777,50.668332,50.394777,50.567015
2021-08-23T16:30:00+01:00,50.59741,50.6582,50.511291,50.643003
2021-08-23T17:30:00+01:00,50.678463,50.825372,50.663266,50.693661
2021-08-23T18:30:00+01:00,50.739253,50.774714,50.612608,50.612608
2021-08-23T19:30:00+01:00,50.592344,50.850701,50.592344,50.845635
2021-08-23T20:30:00+01:00,50.845635,50.881096,50.663266,50.708858
2021-08-24T14:30:00+01:00,51.159716,51.296493,50.602476,50.87603
2021-08-24T15:30:00+01:00,50.794977,50.969748,50.734187,50.941886
2021-08-24T16:30:00+01:00,50.911491,51.060933,50.881096,50.916557
2021-08-24T17:30:00+01:00,50.916557,50.921623,50.830438,50.916557
2021-08-24T18:30:00+01:00,51.000143,51.114124,50.967215,51.088795
2021-08-24T19:30:00+01:00,51.088795,51.144519,51.028005,51.109058
2021-08-24T20:30:00+01:00,51.114124,51.114124,50.891228,51.028005
2021-08-25T14:30:00+01:00,50.967215,51.291428,50.800043,51.200243
2021-08-25T15:30:00+01:00,51.195177,51.671364,51.179979,51.671364
2021-08-25T16:30:00+01:00,51.701759,51.843602,51.620706,51.828404
2021-08-25T17:30:00+01:00,51.858799,51.873997,51.681496,51.691627
2021-08-25T18:30:00+01:00,51.691627,51.757483,51.524455,51.671364
2021-08-25T19:30:00+01:00,51.666298,51.752417,51.656167,51.727088
2021-08-25T20:30:00+01:00,51.79801,51.879063,51.711891,51.711891
2021-08-26T14:30:00+01:00,51.914523,52.01584,51.326888,51.357283
2021-08-26T15:30:00+01:00,51.281296,51.499126,51.261033,51.453534
2021-08-26T16:30:00+01:00,51.392744,51.808141,51.392744,51.747351
2021-08-26T17:30:00+01:00,51.73722,51.808141,51.711891,51.777746
2021-08-26T18:30:00+01:00,51.701759,51.77268,51.651101,51.651101
2021-08-26T19:30:00+01:00,51.651101,51.651101,51.514324,51.559916
2021-08-26T20:30:00+01:00,51.570048,51.656167,51.423139,51.423139
2021-08-27T14:30:00+01:00,50.121223,51.352217,48.596411,48.707859
2021-08-27T15:30:00+01:00,48.601477,49.275231,48.140487,49.037138
2021-08-27T16:30:00+01:00,49.02194,49.219507,48.748386,48.991545
2021-08-27T17:30:00+01:00,49.047269,49.315758,48.814242,49.067533
2021-08-27T18:30:00+01:00,49.037138,49.419607,49.037138,49.391745
2021-08-27T19:30:00+01:00,49.381613,49.462666,49.219507,49.371482
2021-08-27T20:30:00+01:00,49.356284,49.401877,49.077664,49.077664
2021-08-30T14:30:00+01:00,49.477864,49.63997,48.869966,49.138454
2021-08-30T15:30:00+01:00,49.194178,49.285363,48.859834,48.915558
2021-08-30T16:30:00+01:00,48.991545,49.487996,48.991545,49.336021
2021-08-30T17:30:00+01:00,49.315758,49.685563,49.275231,49.589312
2021-08-30T18:30:00+01:00,49.594378,50.151618,49.594378,50.151618
2021-08-30T19:30:00+01:00,50.16175,50.182013,49.786879,49.807142
2021-08-30T20:30:00+01:00,49.786879,49.974314,49.70076,49.70076
2021-08-31T14:30:00+01:00,49.70076,49.802076,49.295494,49.741287
2021-08-31T15:30:00+01:00,49.715957,49.776747,49.386679,49.513325
2021-08-31T16:30:00+01:00,49.508259,49.670365,49.487996,49.508259
2021-08-31T17:30:00+01:00,49.513325,49.852735,49.508259,49.726089
2021-08-31T18:30:00+01:00,49.715957,49.746352,49.634904,49.63997
2021-08-31T19:30:00+01:00,49.629839,49.675431,49.401877,49.42214
2021-08-31T20:30:00+01:00,49.442403,49.472798,49.320824,49.320824
2021-09-01T14:30:00+01:00,49.406942,49.528522,49.138454,49.498127
2021-09-01T15:30:00+01:00,49.401877,49.472798,49.092862,49.092862
2021-09-01T16:30:00+01:00,49.128322,49.295494,49.027006,49.270165
2021-09-01T17:30:00+01:00,49.320824,49.619707,49.320824,49.558917
2021-09-01T18:30:00+01:00,49.574115,49.609575,49.498127,49.533588
2021-09-01T19:30:00+01:00,49.437337,49.442403,49.260034,49.260034
2021-09-01T20:30:00+01:00,49.275231,49.275231,49.001677,49.011809
2021-09-02T14:30:00+01:00,49.189112,49.437337,49.072598,49.275231
2021-09-02T15:30:00+01:00,49.30056,49.457601,49.168849,49.442403
2021-09-02T16:30:00+01:00,49.366416,49.371482,49.102993,49.130855
2021-09-02T17:30:00+01:00,49.118191,49.244836,49.062467,49.113125
2021-09-02T18:30:00+01:00,49.123257,49.128322,48.956084,49.032072
2021-09-02T19:30:00+01:00,48.96115,48.991545,48.920624,48.935821
2021-09-02T20:30:00+01:00,48.92569,49.209375,48.90036,49.209375
2021-09-03T14:30:00+01:00,49.249902,49.599444,49.234705,49.57918
2021-09-03T15:30:00+01:00,49.528522,49.619707,49.290429,49.366416
2021-09-03T16:30:00+01:00,49.432272,49.432272,49.199244,49.234705
2021-09-03T17:30:00+01:00,49.173915,49.224573,49.133388,49.194178
2021-09-03T18:30:00+01:00,49.163783,49.163783,49.092862,49.113125
2021-09-03T19:30:00+01:00,49.118191,49.260034,49.118191,49.184046
2021-09-03T20:30:00+01:00,49.178981,49.234705,49.14352,49.184046
2021-09-07T14:30:00+01:00,48.940887,49.189112,48.576148,48.80411
2021-09-07T15:30:00+01:00,48.733188,48.849702,48.657201,48.809176
2021-09-07T16:30:00+01:00,48.839571,48.859834,48.601477,48.601477
2021-09-07T17:30:00+01:00,48.62174,48.707859,48.560951,48.566016
2021-09-07T18:30:00+01:00,48.596411,48.667333,48.581214,48.58628
2021-09-07T19:30:00+01:00,48.58628,48.728123,48.581214,48.647069
2021-09-07T20:30:00+01:00,48.636938,48.692662,48.611609,48.62174
2021-09-08T14:30:00+01:00,48.728123,48.728123,48.181014,48.236738
2021-09-08T15:30:00+01:00,48.175948,48.30766,48.023974,48.206343
2021-09-08T16:30:00+01:00,48.216475,48.292462,47.765617,47.902394
2021-09-08T17:30:00+01:00,47.993579,47.993579,47.720024,47.755485
2021-09-08T18:30:00+01:00,47.760551,47.826407,47.714959,47.730156
2021-09-08T19:30:00+01:00,47.72509,47.983447,47.720024,47.841604
2021-09-08T20:30:00+01:00,47.806143,48.074632,47.780814,48.074632
2021-09-09T14:30:00+01:00,48.206343,48.383647,47.932789,48.383647
2021-09-09T15:30:00+01:00,48.490029,48.657201,48.424173,48.492562
2021-09-09T16:30:00+01:00,48.495095,48.652135,48.457101,48.596411
2021-09-09T17:30:00+01:00,48.555885,48.788912,48.555885,48.738254
2021-09-09T18:30:00+01:00,48.728123,48.885163,48.647069,48.854768
2021-09-09T19:30:00+01:00,48.816774,48.986479,48.74332,48.859834
2021-09-09T20:30:00+01:00,48.839571,49.027006,48.814242,48.824373
2021-09-10T14:30:00+01:00,49.113125,49.133388,48.444437,48.58628
2021-09-10T15:30:00+01:00,48.581214,48.581214,48.28233,48.363384
2021-09-10T16:30:00+01:00,48.4647,48.484963,48.226606,48.257001
2021-09-10T17:30:00+01:00,48.236738,48.376048,48.236738,48.287396
2021-09-10T18:30:00+01:00,48.262067,48.348186,48.160751,48.302594
2021-09-10T19:30:00+01:00,48.277265,48.327923,48.140487,48.201277
2021-09-10T20:30:00+01:00,48.170882,48.317791,48.155685,48.241804
2021-09-13T14:30:00+01:00,49.594378,50.131355,49.452535,49.645036
2021-09-13T15:30:00+01:00,49.766616,50.187079,49.766616,50.030038
2021-09-13T16:30:00+01:00,50.024973,50.344119,49.670365,50.344119
2021-09-13T17:30:00+01:00,50.293461,50.293461,49.943919,50.030038
2021-09-13T18:30:00+01:00,50.04017,50.04017,49.786879,49.791945
2021-09-13T19:30:00+01:00,49.766616,50.019907,49.736221,49.97938
2021-09-13T20:30:00+01:00,49.969248,50.080697,49.893261,50.080697
2021-09-14T14:30:00+01:00,50.009775,50.04017,49.533588,49.705826
2021-09-14T15:30:00+01:00,49.715957,49.76155,49.42214,49.645036
2021-09-14T16:30:00+01:00,49.655168,49.771682,49.614641,49.741287
2021-09-14T17:30:00+01:00,49.771682,49.771682,49.584246,49.736221
2021-09-14T18:30:00+01:00,49.76155,49.76155,49.48293,49.487996
2021-09-14T19:30:00+01:00,49.442403,49.51839,49.234705,49.417074
2021-09-14T20:30:00+01:00,49.406942,49.51839,49.305626,49.356284
2021-09-15T14:30:00+01:00,49.36135,49.88313,49.36135,49.832471
2021-09-15T15:30:00+01:00,49.862866,50.106026,49.756484,50.106026
2021-09-15T16:30:00+01:00,50.095894,50.19721,49.964183,50.187079
2021-09-15T17:30:00+01:00,50.237737,50.430238,50.222539,50.369448
2021-09-15T18:30:00+01:00,50.369448,50.551818,50.333988,50.47583
2021-09-15T19:30:00+01:00,50.44037,50.617673,50.415041,50.617673
2021-09-15T20:30:00+01:00,50.622739,51.022939,50.602476,50.87603
2021-09-16T14:30:00+01:00,50.805109,51.423139,50.678463,51.063466
2021-09-16T15:30:00+01:00,51.033071,51.261033,50.962149,51.048268
2021-09-16T16:30:00+01:00,51.038137,51.185045,50.93682,51.098926
2021-09-16T17:30:00+01:00,51.149585,51.21544,50.886162,50.891228
2021-09-16T18:30:00+01:00,50.870964,51.038137,50.855767,50.962149
2021-09-16T19:30:00+01:00,50.972281,51.331954,50.962149,51.331954
2021-09-16T20:30:00+01:00,51.342086,51.4586,51.306625,51.352217
2021-09-17T14:30:00+01:00,51.402876,51.701759,50.99761,51.195177
2021-09-17T15:30:00+01:00,51.098926,51.109058,50.724056,50.774714
2021-09-17T16:30:00+01:00,50.764582,50.934287,50.693661,50.931754
2021-09-17T17:30:00+01:00,50.931754,50.972281,50.703792,50.759516
2021-09-17T18:30:00+01:00,50.749385,50.81524,49.943919,49.946452
2021-09-17T19:30:00+01:00,49.959117,50.789911,49.959117,50.632871
2021-09-17T20:30:00+01:00,50.632871,50.987478,50.612608,50.93682
2021-09-20T14:30:00+01:00,50.19721,51.686561,50.19721,50.541686
2021-09-20T15:30:00+01:00,50.526489,51.022939,50.496094,50.891228
2021-09-20T16:30:00+01:00,50.926688,50.941886,50.612608,50.71899
2021-09-20T17:30:00+01:00,50.703792,50.713924,50.556884,50.592344
2021-09-20T18:30:00+01:00,50.53662,50.592344,50.369448,50.47583
2021-09-20T19:30:00+01:00,50.455567,50.764582,50.31879,50.764582
2021-09-20T20:30:00+01:00,50.759516,51.167315,50.759516,51.083729
2021-09-21T14:30:00+01:00,51.468731,51.752417,50.865899,50.972281
2021-09-21T15:30:00+01:00,51.007742,51.007742,50.364382,50.420106
2021-09-21T16:30:00+01:00,50.389712,50.632871,50.389712,50.425172
2021-09-21T17:30:00+01:00,50.323856,50.384646,50.151618,50.182013
2021-09-21T18:30:00+01:00,50.136421,50.359317,50.085762,50.323856
2021-09-21T19:30:00+01:00,50.359317,50.739253,50.341586,50.729121
2021-09-21T20:30:00+01:00,50.734187,50.734187,50.293461,50.308658
2021-09-22T14:30:00+01:00,50.546752,50.546752,49.614641,49.645036
2021-09-22T15:30:00+01:00,49.650102,50.202276,49.650102,50.192145
2021-09-22T16:30:00+01:00,50.242803,50.577147,50.222539,50.485962
2021-09-22T17:30:00+01:00,50.491028,50.59741,50.339053,50.394777
2021-09-22T18:30:00+01:00,50.384646,50.541686,50.222539,50.521423
2021-09-22T19:30:00+01:00,50.556884,50.556884,50.227605,50.435304
2021-09-22T20:30:00+01:00,50.435304,50.47583,50.232671,50.288395
2021-09-23T14:30:00+01:00,50.911491,52.35525,50.19721,52.35525
2021-09-23T15:30:00+01:00,52.340052,53.241768,52.117156,52.258999
2021-09-23T16:30:00+01:00,52.253933,52.497093,51.762549,52.497093
2021-09-23T17:30:00+01:00,52.588277,52.704791,52.507224,52.57308
2021-09-23T18:30:00+01:00,52.568014,52.613607,52.279262,52.357783
2021-09-23T19:30:00+01:00,52.322322,52.322322,52.07663,52.091827
2021-09-23T20:30:00+01:00,52.07663,52.122222,51.975313,52.061432
2021-09-24T14:30:00+01:00,52.051301,52.73012,52.051301,52.628804
2021-09-24T15:30:00+01:00,52.608541,52.6516,52.476829,52.497093
2021-09-24T16:30:00+01:00,52.492027,52.527488,52.253933,52.527488
2021-09-24T17:30:00+01:00,52.492027,52.593343,52.421105,52.446434
2021-09-24T18:30:00+01:00,52.507224,52.57308,52.385645,52.57308
2021-09-24T19:30:00+01:00,52.562948,52.664265,52.547751,52.628804
2021-09-24T20:30:00+01:00,52.63387,52.709857,52.578146,52.628804
2021-09-27T14:30:00+01:00,52.593343,52.760515,52.448967,52.644001
2021-09-27T15:30:00+01:00,52.689594,52.689594,52.537619,52.57308
2021-09-27T16:30:00+01:00,52.654133,52.887161,52.654133,52.887161
2021-09-27T17:30:00+01:00,52.942885,53.074596,52.932753,53.044201
2021-09-27T18:30:00+01:00,53.023938,53.039135,52.942885,53.039135
2021-09-27T19:30:00+01:00,53.003675,53.170847,52.942885,53.03407
2021-09-27T20:30:00+01:00,53.018872,53.231637,53.018872,53.120189
2021-09-28T14:30:00+01:00,53.094859,53.201242,52.811173,53.175913
2021-09-28T15:30:00+01:00,53.2519,53.368414,52.942885,53.099925
2021-09-28T16:30:00+01:00,53.023938,53.307624,52.998609,53.2519
2021-09-28T17:30:00+01:00,53.216439,53.287361,52.993543,53.267097
2021-09-28T18:30:00+01:00,53.241768,53.317756,53.188577,53.2519
2021-09-28T19:30:00+01:00,53.231637,53.520388,53.231637,53.426671
2021-09-28T20:30:00+01:00,53.393743,53.479862,53.236702,53.358282
2021-09-29T14:30:00+01:00,53.495059,53.702758,53.110057,53.368414
2021-09-29T15:30:00+01:00,53.277229,53.439335,52.892227,52.892227
2021-09-29T16:30:00+01:00,52.887161,52.887161,52.649067,52.689594
2021-09-29T17:30:00+01:00,52.725055,53.029004,52.659199,53.029004
2021-09-29T18:30:00+01:00,53.003675,53.449467,53.003675,53.403874
2021-09-29T19:30:00+01:00,53.429204,53.6521,53.429204,53.629303
2021-09-29T20:30:00+01:00,53.596376,53.611573,53.325354,53.398809
2021-09-30T14:30:00+01:00,53.581178,53.581178,52.801042,52.932753
2021-09-30T15:30:00+01:00,53.013806,53.094859,52.882095,53.003675
2021-09-30T16:30:00+01:00,53.018872,53.018872,52.041169,52.177946
2021-09-30T17:30:00+01:00,52.177946,52.684528,52.177946,52.570547
2021-09-30T18:30:00+01:00,52.532553,53.023938,52.532553,52.887161
2021-09-30T19:30:00+01:00,52.937819,53.221505,52.882095,53.00874
2021-09-30T20:30:00+01:00,52.932753,53.104991,52.69466,52.69466
2021-10-01T14:30:00+01:00,53.064465,53.256966,52.760515,52.927687
2021-10-01T15:30:00+01:00,52.978346,53.621705,52.942885,53.256966
2021-10-01T16:30:00+01:00,53.267097,53.477329,53.267097,53.474796
2021-10-01T17:30:00+01:00,53.439335,53.46973,53.414006,53.419072
2021-10-01T18:30:00+01:00,53.444401,53.647034,53.414006,53.647034
2021-10-01T19:30:00+01:00,53.662231,53.814206,53.662231,53.68756
2021-10-01T20:30:00+01:00,53.702758,53.702758,53.434269,53.581178
2021-10-04T14:30:00+01:00,53.723021,53.96618,53.500125,53.515322
2021-10-04T15:30:00+01:00,53.611573,53.6521,53.2519,53.302558
2021-10-04T16:30:00+01:00,53.241768,53.327887,53.03407,53.236702
2021-10-04T17:30:00+01:00,53.221505,53.231637,53.054333,53.054333
2021-10-04T18:30:00+01:00,53.054333,53.094859,52.953016,53.029004
2021-10-04T19:30:00+01:00,52.993543,53.236702,52.968214,53.064465
2021-10-04T20:30:00+01:00,53.120189,53.378545,53.104991,53.31269
2021-10-05T14:30:00+01:00,53.510257,53.510257,53.079662,53.454533
2021-10-05T15:30:00+01:00,53.459598,53.697692,53.459598,53.697692
2021-10-05T16:30:00+01:00,53.662231,53.733153,53.565981,53.576112
2021-10-05T17:30:00+01:00,53.479862,53.68756,53.474796,53.677429
2021-10-05T18:30:00+01:00,53.68756,53.707824,53.565981,53.707824
2021-10-05T19:30:00+01:00,53.692626,53.910456,53.692626,53.824338
2021-10-05T20:30:00+01:00,53.839535,53.839535,53.641968,53.662231
2021-10-06T14:30:00+01:00,52.983411,53.495059,52.689594,53.018872
2021-10-06T15:30:00+01:00,53.03407,53.287361,52.978346,52.978346
2021-10-06T16:30:00+01:00,53.00874,53.282295,52.866898,52.866898
2021-10-06T17:30:00+01:00,52.882095,53.018872,52.836503,53.018872
2021-10-06T18:30:00+01:00,53.074596,53.343085,53.064465,53.317756
2021-10-06T19:30:00+01:00,53.31269,53.525454,53.302558,53.525454
2021-10-06T20:30:00+01:00,53.53052,53.53052,53.378545,53.434269
2021-10-07T14:30:00+01:00,53.874996,53.905391,53.596376,53.682495
2021-10-07T15:30:00+01:00,53.733153,54.08776,53.667297,54.032036
2021-10-07T16:30:00+01:00,54.067497,54.138418,53.880062,54.001641
2021-10-07T17:30:00+01:00,54.006707,54.254932,53.890193,54.249866
2021-10-07T18:30:00+01:00,54.219471,54.219471,54.113089,54.138418
2021-10-07T19:30:00+01:00,54.173879,54.361314,54.14855,54.310656
2021-10-07T20:30:00+01:00,54.280261,54.432236,54.123221,54.224537
2021-10-08T14:30:00+01:00,54.523421,54.604474,53.13032,53.226571
2021-10-08T15:30:00+01:00,53.231637,53.505191,52.8517,53.398809
2021-10-08T16:30:00+01:00,53.459598,53.459598,53.13032,53.19111
2021-10-08T17:30:00+01:00,53.039135,53.170847,52.993543,53.049267
2021-10-08T18:30:00+01:00,53.120189,53.256966,53.099925,53.2519
2021-10-08T19:30:00+01:00,53.292426,53.414006,53.241768,53.40894
2021-10-08T20:30:00+01:00,53.429204,53.474796,53.221505,53.221505
2021-10-11T14:30:00+01:00,53.26963,53.641968,53.094859,53.576112
2021-10-11T15:30:00+01:00,53.459598,53.697692,53.449467,53.647034
2021-10-11T16:30:00+01:00,53.74835,53.80914,53.672363,53.672363
2021-10-11T17:30:00+01:00,53.677429,53.677429,53.500125,53.505191
2021-10-11T18:30:00+01:00,53.489993,53.560915,53.338019,53.353216
2021-10-11T19:30:00+01:00,53.368414,53.611573,53.368414,53.543184
2021-10-11T20:30:00+01:00,53.533053,53.543184,53.272163,53.300025
2021-10-12T14:30:00+01:00,53.267097,53.307624,52.841568,52.942885
2021-10-12T15:30:00+01:00,52.968214,53.036602,52.806108,52.907424
2021-10-12T16:30:00+01:00,52.877029,53.064465,52.831437,52.993543
2021-10-12T17:30:00+01:00,52.91249,52.937819,52.861832,52.887161
2021-10-12T18:30:00+01:00,52.882095,53.03407,52.882095,52.968214
2021-10-12T19:30:00+01:00,52.907424,52.91249,52.73012,52.780779
2021-10-12T20:30:00+01:00,52.752917,52.752917,52.378046,52.57308
2021-10-13T14:30:00+01:00,52.69466,52.709857,52.17288,52.269131
2021-10-13T15:30:00+01:00,52.329921,52.750384,52.329921,52.750384
2021-10-13T16:30:00+01:00,52.795976,52.795976,52.593343,52.674396
2021-10-13T17:30:00+01:00,52.69466,52.846634,52.664265,52.816239
2021-10-13T18:30:00+01:00,52.866898,52.993543,52.816239,52.871963
2021-10-13T19:30:00+01:00,52.785844,52.917556,52.719989,52.846634
2021-10-13T20:30:00+01:00,52.826371,52.91249,52.532553,52.532553
2021-10-14T14:30:00+01:00,52.887161,53.297492,52.856766,53.180978
2021-10-14T15:30:00+01:00,53.226571,53.68756,53.226571,53.515322
2021-10-14T16:30:00+01:00,53.510257,53.717955,53.510257,53.667297
2021-10-14T17:30:00+01:00,53.636902,53.788877,53.626771,53.6521
2021-10-14T18:30:00+01:00,53.702758,53.834469,53.702758,53.829403
2021-10-14T19:30:00+01:00,53.839535,53.905391,53.793943,53.793943
2021-10-14T20:30:00+01:00,53.74835,53.799008,53.611573,53.68756
2021-10-15T14:30:00+01:00,53.935786,54.204274,53.849667,53.996575
2021-10-15T15:30:00+01:00,54.072563,54.325854,54.072563,54.194142
2021-10-15T16:30:00+01:00,54.249866,54.275195,54.123221,54.259998
2021-10-15T17:30:00+01:00,54.320788,54.523421,54.320788,54.513289
2021-10-15T18:30:00+01:00,54.508223,54.614605,54.482894,54.614605
2021-10-15T19:30:00+01:00,54.533552,54.569013,54.417038,54.533552
2021-10-15T20:30:00+01:00,54.498092,54.695659,54.411973,54.558881
2021-10-18T14:30:00+01:00,54.964147,55.475795,54.872962,55.374478
2021-10-18T15:30:00+01:00,55.344084,55.546716,55.242767,55.242767
2021-10-18T16:30:00+01:00,55.207306,55.242767,55.156648,55.207306
2021-10-18T17:30:00+01:00,55.202241,55.242767,54.964147,54.989476
2021-10-18T18:30:00+01:00,55.019871,55.080661,54.943884,55.060398
2021-10-18T19:30:00+01:00,55.030003,55.268096,55.030003,55.192109
2021-10-18T20:30:00+01:00,55.181977,55.22757,55.06293,55.06293
2021-10-19T14:30:00+01:00,55.32382,55.485926,55.146517,55.247833
2021-10-19T15:30:00+01:00,55.217438,55.794941,55.217438,55.72402
2021-10-19T16:30:00+01:00,55.693625,55.886126,55.642967,55.774678
2021-10-19T17:30:00+01:00,55.800007,55.850666,55.718954,55.749349
2021-10-19T18:30:00+01:00,55.774678,55.779744,55.572045,55.587243
2021-10-19T19:30:00+01:00,55.60244,56.169812,55.536585,56.083693
2021-10-19T20:30:00+01:00,56.053298,56.174878,55.951982,56.164746
2021-10-20T14:30:00+01:00,56.405373,56.539617,56.169812,56.433235
2021-10-20T15:30:00+01:00,56.448432,56.514288,56.119154,56.205273
2021-10-20T16:30:00+01:00,56.225536,56.412972,56.129286,56.392708
2021-10-20T17:30:00+01:00,56.392708,56.554814,56.215405,56.28126
2021-10-20T18:30:00+01:00,56.304056,56.711855,56.286326,56.686526
2021-10-20T19:30:00+01:00,56.68146,56.686526,56.580144,56.62067
2021-10-20T20:30:00+01:00,56.610539,56.635868,56.514288,56.549749
2021-10-21T14:30:00+01:00,56.311655,56.955014,56.301523,56.797974
2021-10-21T15:30:00+01:00,56.777711,57.106989,56.727052,56.848632
2021-10-21T16:30:00+01:00,56.894224,57.14245,56.833435,57.14245
2021-10-21T17:30:00+01:00,57.167779,57.223503,56.955014,57.193108
2021-10-21T18:30:00+01:00,57.182976,57.182976,56.944883,57.046199
2021-10-21T19:30:00+01:00,57.056331,57.193108,57.010738,57.193108
2021-10-21T20:30:00+01:00,57.231101,57.491991,57.193108,57.243766
2021-10-22T14:30:00+01:00,57.269095,58.013771,57.14245,57.752881
2021-10-22T15:30:00+01:00,57.745282,57.952981,57.643966,57.714887
2021-10-22T16:30:00+01:00,57.727552,57.85673,57.486925,57.770611
2021-10-22T17:30:00+01:00,57.755414,58.018836,57.730085,57.97831
2021-10-22T18:30:00+01:00,57.968178,58.130284,57.968178,58.115087
2021-10-22T19:30:00+01:00,58.125219,58.130284,57.851664,57.892191
2021-10-22T20:30:00+01:00,57.91752,58.069495,57.892191,58.034034
2021-10-25T14:30:00+01:00,58.125219,58.251864,57.593308,57.649032
2021-10-25T15:30:00+01:00,57.654097,57.79594,57.441333,57.694624
2021-10-25T16:30:00+01:00,57.664229,57.684492,57.471728,57.497057
2021-10-25T17:30:00+01:00,57.48186,57.527452,57.223503,57.324819
2021-10-25T18:30:00+01:00,57.304556,57.329885,57.122186,57.208305
2021-10-25T19:30:00+01:00,57.218437,57.309622,56.970212,56.970212
2021-10-25T20:30:00+01:00,56.949948,57.122186,56.843566,56.889159
2021-10-26T14:30:00+01:00,57.147515,57.147515,56.468696,56.55988
2021-10-26T15:30:00+01:00,56.554814,56.889159,56.407906,56.828369
2021-10-26T16:30:00+01:00,56.944883,56.949948,56.382577,56.397774
2021-10-26T17:30:00+01:00,56.40284,56.478827,55.962114,56.210339
2021-10-26T18:30:00+01:00,56.179944,56.311655,56.119154,56.119154
2021-10-26T19:30:00+01:00,56.154615,56.169812,55.931719,55.931719
2021-10-26T20:30:00+01:00,55.921587,55.997574,55.797474,55.8456
2021-10-27T14:30:00+01:00,55.825336,55.825336,54.670329,54.852699
2021-10-27T15:30:00+01:00,54.857765,55.111056,54.791909,55.017338
2021-10-27T16:30:00+01:00,55.060398,55.111056,54.715922,55.050266
2021-10-27T17:30:00+01:00,55.055332,55.252899,54.883094,55.247833
2021-10-27T18:30:00+01:00,55.288359,55.399808,55.10599,55.16678
2021-10-27T19:30:00+01:00,55.197175,55.313689,55.136385,55.278228
2021-10-27T20:30:00+01:00,55.298491,55.336485,54.918555,54.92362
2021-10-28T14:30:00+01:00,55.703757,55.789876,55.116122,55.318754
2021-10-28T15:30:00+01:00,55.344084,55.592309,55.298491,55.534052
2021-10-28T16:30:00+01:00,55.531519,55.612572,55.288359,55.56698
2021-10-28T17:30:00+01:00,55.554315,55.94185,55.554315,55.921587
2021-10-28T18:30:00+01:00,55.891192,55.891192,55.531519,55.708823
2021-10-28T19:30:00+01:00,55.703757,55.764547,55.658164,55.708823
2021-10-28T20:30:00+01:00,55.718954,55.78481,55.622704,55.774678
2021-10-29T14:30:00+01:00,55.501124,56.494025,55.339018,56.286326
2021-10-29T15:30:00+01:00,56.276194,56.600407,56.197674,56.291392
2021-10-29T16:30:00+01:00,56.321787,56.392708,56.103956,56.392708
2021-10-29T17:30:00+01:00,56.392708,56.448432,56.103956,56.114088
2021-10-29T18:30:00+01:00,56.033035,56.18501,55.972245,55.997574
2021-10-29T19:30:00+01:00,56.00264,56.00264,55.759481,55.88106
2021-10-29T20:30:00+01:00,55.8456,55.865863,55.607506,55.718954
2021-11-01T13:30:00Z,55.901324,56.306589,55.673362,56.190075
2021-11-01T14:30:00Z,56.139417,56.154615,55.648033,55.982377
2021-11-01T15:30:00Z,56.017838,56.352182,55.946916,56.301523
2021-11-01T16:30:00Z,56.309122,56.509222,56.296458,56.357248
2021-11-01T17:30:00Z,56.34205,56.423103,56.169812,56.195141
2021-11-01T18:30:00Z,56.164746,56.174878,55.931719,56.098891
2021-11-01T19:30:00Z,56.083693,56.504156,56.083693,56.504156
2021-11-02T13:30:00Z,56.715,57.31,53.95,54.95
2021-11-02T14:30:00Z,54.91,55.25,54.62,54.93
2021-11-02T15:30:00Z,54.99,55.08,53.01,54.35
2021-11-02T16:30:00Z,54.41,54.87,53.89,54.04
2021-11-02T17:30:00Z,54,54.27,53.42,54.25
2021-11-02T18:30:00Z,54.24,54.5,53.88,54.49
2021-11-02T19:30:00Z,54.48,55.2,54.3,54.6
2021-11-03T13:30:00Z,55.05,55.25,54.43,54.76
2021-11-03T14:30:00Z,54.75,55.01,54.62,54.82
2021-11-03T15:30:00Z,54.8,55,54.77,54.88
2021-11-03T16:30:00Z,54.88,54.95,54.48,54.5
2021-11-03T17:30:00Z,54.5,54.89,54.28,54.81
2021-11-03T18:30:00Z,54.82,55.04,54.67,54.8
2021-11-03T19:30:00Z,54.8,55.21,54.78,55.2
2021-11-04T13:30:00Z,55.35,55.41,54.75,55.11
2021-11-04T14:30:00Z,55.13,55.36,54.71,54.89
2021-11-04T15:30:00Z,54.87,55.06,54.71,55.04
2021-11-04T16:30:00Z,55.01,55.035,54.51,54.62
2021-11-04T17:30:00Z,54.61,54.62,53.77,53.85
2021-11-04T18:30:00Z,53.88,54.68,53.82,54.64
2021-11-04T19:30:00Z,54.65,54.7,54.44,54.57
2021-11-05T13:30:00Z,54.8,55.01,54.59,54.82
2021-11-05T14:30:00Z,54.87,55.8,54.86,55.71
2021-11-05T15:30:00Z,55.71,56.12,55.67,55.83
2021-11-05T16:30:00Z,55.85,56.26,55.78,55.95
2021-11-05T17:30:00Z,55.95,56.035,55.83,55.99
2021-11-05T18:30:00Z,55.98,56.29,55.82,56.27
2021-11-05T19:30:00Z,56.29,56.43,56.11,56.36
2021-11-08T14:30:00Z,56.6,56.64,55.9,56.31
2021-11-08T15:30:00Z,56.33,56.41,56.07,56.21
2021-11-08T16:30:00Z,56.22,56.22,55.85,55.9
2021-11-08T17:30:00Z,55.86,55.86,55.36,55.48
2021-11-08T18:30:00Z,55.5,55.55,55.44,55.52
2021-11-08T19:30:00Z,55.5,55.54,55.31,55.31
2021-11-08T20:30:00Z,55.32,55.56,55.28,55.56
2021-11-09T14:30:00Z,55.54,56.05,55.04,55.61
2021-11-09T15:30:00Z,55.73,56.04,55.69,55.92
2021-11-09T16:30:00Z,55.9,56.14,55.87,56.01
2021-11-09T17:30:00Z,55.99,56.27,55.99,56.07
2021-11-09T18:30:00Z,56.05,56.16,55.95,56.09
2021-11-09T19:30:00Z,56.06,56.1,55.91,56.01
2021-11-09T20:30:00Z,56,56.09,55.97,56.08
2021-11-10T14:30:00Z,55.98,56.61,55.98,56.55
2021-11-10T15:30:00Z,56.54,57.03,56.4,56.99
2021-11-10T16:30:00Z,57.03,57.17,56.86,56.96
2021-11-10T17:30:00Z,56.96,57,56.7,56.7
2021-11-10T18:30:00Z,56.72,56.74,56.28,56.32
2021-11-10T19:30:00Z,56.28,56.57,56.19,56.51
2021-11-10T20:30:00Z,56.52,56.68,56.37,56.62
2021-11-11T14:30:00Z,57.08,57.08,56.62,56.89
2021-11-11T15:30:00Z,56.87,57.01,56.63,56.65
2021-11-11T16:30:00Z,56.54,56.62,56.14,56.18
2021-11-11T17:30:00Z,56.22,56.5,56.2,56.45
2021-11-11T18:30:00Z,56.45,56.48,56.36,56.37
2021-11-11T19:30:00Z,56.33,56.45,56.22,56.22
2021-11-11T20:30:00Z,56.22,56.25,55.98,56.19
2021-11-12T14:30:00Z,56.27,56.44,56.06,56.08
2021-11-12T15:30:00Z,56.11,56.36,56,56.25
2021-11-12T16:30:00Z,56.3,56.3,55.95,55.95
2021-11-12T17:30:00Z,55.94,56.04,55.91,55.93
2021-11-12T18:30:00Z,55.91,56.04,55.86,55.99
2021-11-12T19:30:00Z,56,56.13,55.97,56
2021-11-12T20:30:00Z,56.01,56.1,55.955,56.02
2021-11-15T14:30:00Z,56.48,57.16,56.29,56.38
2021-11-15T15:30:00Z,56.47,57.54,56.42,57.25
2021-11-15T16:30:00Z,57.2,57.2,56.62,56.72
2021-11-15T17:30:00Z,56.66,56.71,56.49,56.57
2021-11-15T18:30:00Z,56.55,56.75,56.54,56.65
2021-11-15T19:30:00Z,56.63,56.71,56.59,56.64
2021-11-15T20:30:00Z,56.64,56.83,56.46,56.69
2021-11-16T14:30:00Z,56.7,57.01,56.59,56.6
2021-11-16T15:30:00Z,56.59,56.83,56.53,56.72
2021-11-16T16:30:00Z,56.74,57.09,56.74,57.05
2021-11-16T17:30:00Z,57.03,57.08,56.86,57
2021-11-16T18:30:00Z,57.02,57.03,56.855,56.89
2021-11-16T19:30:00Z,56.95,56.95,56.83,56.91
2021-11-16T20:30:00Z,56.89,56.94,56.7,56.7
2021-11-17T14:30:00Z,56.98,57.12,56.46,56.6
2021-11-17T15:30:00Z,56.64,56.72,56.33,56.37
2021-11-17T16:30:00Z,56.37,56.49,56.17,56.17
2021-11-17T17:30:00Z,56.15,56.27,56.06,56.1
2021-11-17T18:30:00Z,56.1,56.19,56.01,56.07
2021-11-17T19:30:00Z,56.07,56.1,55.99,55.99
2021-11-17T20:30:00Z,56,56.24,55.97,55.99
2021-11-18T14:30:00Z,56.08,56.63,55.59,55.73
2021-11-18T15:30:00Z,55.67,56.06,55.56,56.02
2021-11-18T16:30:00Z,56.02,56.19,55.96,56.05
2021-11-18T17:30:00Z,56.08,56.11,55.71,55.73
2021-11-18T18:30:00Z,55.73,55.84,55.66,55.66
2021-11-18T19:30:00Z,55.63,56.09,55.62,56
2021-11-18T20:30:00Z,56.03,56.14,55.9,55.9
2021-11-19T14:30:00Z,55.79,55.98,55.55,55.55
2021-11-19T15:30:00Z,55.52,55.94,55.52,55.9
2021-11-19T16:30:00Z,55.92,55.92,55.61,55.74
2021-11-19T17:30:00Z,55.72,55.8,55.51,55.51
2021-11-19T18:30:00Z,55.5,55.52,55.235,55.235
2021-11-19T19:30:00Z,55.225,55.26,54.97,55.09
2021-11-19T20:30:00Z,55.09,55.25,54.995,54.995
2021-11-22T14:30:00Z,55.32,55.4,54.61,54.84
2021-11-22T15:30:00Z,54.96,55.1,54.79,54.8
2021-11-22T16:30:00Z,54.75,54.86,54.32,54.84
2021-11-22T17:30:00Z,54.85,55.005,54.75,55
2021-11-22T18:30:00Z,54.99,55.62,54.99,55.56
2021-11-22T19:30:00Z,55.57,55.67,55.4,55.43
2021-11-22T20:30:00Z,55.45,55.51,54.99,55.12
2021-11-23T14:30:00Z,54.9,55.15,54.7,54.93
2021-11-23T15:30:00Z,54.92,54.94,54.23,54.57
2021-11-23T16:30:00Z,54.55,54.61,54.25,54.56
2021-11-23T17:30:00Z,54.56,54.63,54.41,54.52
2021-11-23T18:30:00Z,54.51,54.9,54.5,54.86
2021-11-23T19:30:00Z,54.89,54.95,54.66,54.79
2021-11-23T20:30:00Z,54.79,54.805,54.6,54.74
2021-11-24T14:30:00Z,54.98,57.45,54.98,57.27
2021-11-24T15:30:00Z,57.3,57.5,57.14,57.28
2021-11-24T16:30:00Z,57.33,57.6,57.17,57.52
2021-11-24T17:30:00Z,57.46,57.47,57.1,57.36
2021-11-24T18:30:00Z,57.36,57.96,57.21,57.27
2021-11-24T19:30:00Z,57.28,57.56,57.22,57.54
2021-11-24T20:30:00Z,57.53,57.68,57.11,57.28
2021-11-26T14:30:00Z,56.01,57.7,56.01,56.74
2021-11-26T15:30:00Z,56.77,56.95,56.13,56.43
2021-11-26T16:30:00Z,56.41,56.62,56.05,56.56
2021-11-26T17:30:00Z,56.52,56.69,56,56.21
2021-11-29T14:30:00Z,57.05,57.46,56.54,56.83
2021-11-29T15:30:00Z,56.91,57.13,56.5,57
2021-11-29T16:30:00Z,57.02,57.51,56.98,57.32
2021-11-29T17:30:00Z,57.32,57.55,57.265,57.38
2021-11-29T18:30:00Z,57.39,57.74,57.33,57.61
2021-11-29T19:30:00Z,57.61,57.87,57.57,57.59
2021-11-29T20:30:00Z,57.6,57.74,57.53,57.59
2021-11-30T14:30:00Z,57.31,57.74,56.9,57.12
2021-11-30T15:30:00Z,57.11,57.17,56.3,56.48
2021-11-30T16:30:00Z,56.51,56.54,55.84,56.02
2021-11-30T17:30:00Z,55.98,56.02,55.79,55.91
2021-11-30T18:30:00Z,55.9,56.38,55.74,56.29
2021-11-30T19:30:00Z,56.24,56.36,55.82,56.24
2021-11-30T20:30:00Z,56.27,56.605,56.24,56.46
2021-12-01T14:30:00Z,56.67,57.06,56.6,56.79
2021-12-01T15:30:00Z,56.83,57.07,56.82,56.9
2021-12-01T16:30:00Z,56.9,57.15,56.59,56.96
2021-12-01T17:30:00Z,56.96,57.02,56.6,56.83
2021-12-01T18:30:00Z,56.85,57.22,56.6,56.96
2021-12-01T19:30:00Z,56.95,56.99,55.945,55.98
2021-12-01T20:30:00Z,55.97,56.08,55.58,55.67
2021-12-02T14:30:00Z,55.68,56.01,55.57,55.95
2021-12-02T15:30:00Z,55.97,56.82,55.61,56.68
2021-12-02T16:30:00Z,56.74,56.955,56.35,56.92
2021-12-02T17:30:00Z,56.93,56.98,56.8,56.91
2021-12-02T18:30:00Z,56.94,57.245,56.87,57.17
2021-12-02T19:30:00Z,57.17,57.21,56.85,57.04
2021-12-02T20:30:00Z,57.02,57.27,56.92,57.14
2021-12-03T14:30:00Z,57.485,58.26,57.47,58.25
2021-12-03T15:30:00Z,58.15,58.3,57.44,57.78
2021-12-03T16:30:00Z,57.76,58.22,57.64,58.06
2021-12-03T17:30:00Z,58.07,58.61,57.81,58.32
2021-12-03T18:30:00Z,58.3,58.32,57.92,58.11
2021-12-03T19:30:00Z,58.18,58.18,57.7,57.82
2021-12-03T20:30:00Z,57.81,58.45,57.8,58.44
2021-12-06T14:30:00Z,58.9,59.03,58.15,58.96
2021-12-06T15:30:00Z,58.955,59.02,58.74,58.94
2021-12-06T16:30:00Z,58.93,59.24,58.73,59.18
2021-12-06T17:30:00Z,59.19,59.28,59.02,59.18
2021-12-06T18:30:00Z,59.155,59.28,59.1,59.16
2021-12-06T19:30:00Z,59.19,59.19,58.63,58.67
2021-12-06T20:30:00Z,58.68,59.02,58.63,58.71
2021-12-07T14:30:00Z,59.19,59.43,58.22,58.71
2021-12-07T15:30:00Z,58.73,58.94,58.51,58.94
2021-12-07T16:30:00Z,58.95,59.31,58.93,59.24
2021-12-07T17:30:00Z,59.22,59.26,58.94,59.04
2021-12-07T18:30:00Z,59.05,59.16,58.88,59.01
2021-12-07T19:30:00Z,59,59.06,58.93,58.97
2021-12-07T20:30:00Z,58.97,59,58.84,58.91
2021-12-08T14:30:00Z,58.99,59,58.5,58.67
2021-12-08T15:30:00Z,58.58,58.63,58.19,58.29
2021-12-08T16:30:00Z,58.31,58.53,58.11,58.21
2021-12-08T17:30:00Z,58.15,58.22,57.95,58.14
2021-12-08T18:30:00Z,58.15,58.46,58.14,58.44
2021-12-08T19:30:00Z,58.48,58.74,58.44,58.49
2021-12-08T20:30:00Z,58.48,58.52,58.285,58.42
2021-12-09T14:30:00Z,58.36,58.57,57.84,58.03
2021-12-09T15:30:00Z,58.1,58.28,57.98,58.21
2021-12-09T16:30:00Z,58.22,58.29,58.03,58.125
2021-12-09T17:30:00Z,58.12,58.5,58.12,58.37
2021-12-09T18:30:00Z,58.38,58.43,57.98,58.01
2021-12-09T19:30:00Z,58.01,58.02,57.62,57.66
2021-12-09T20:30:00Z,57.7,57.76,57.62,57.66
2021-12-10T14:30:00Z,57.9,58.01,57.44,57.97
2021-12-10T15:30:00Z,57.97,57.97,57.29,57.535
2021-12-10T16:30:00Z,57.54,57.71,57.45,57.63
2021-12-10T17:30:00Z,57.64,57.64,57.3,57.38
2021-12-10T18:30:00Z,57.395,57.395,57.25,57.395
2021-12-10T19:30:00Z,57.38,57.61,57.11,57.61
2021-12-10T20:30:00Z,57.6,57.71,57.55,57.6
2021-12-13T14:30:00Z,57.4,57.4,56.18,56.31
2021-12-13T15:30:00Z,56.32,56.35,55.8,55.87
2021-12-13T16:30:00Z,55.81,56.49,55.77,56.46
2021-12-13T17:30:00Z,56.45,56.5,56.12,56.16
2021-12-13T18:30:00Z,56.14,56.26,56.02,56.21
2021-12-13T19:30:00Z,56.21,56.3,56.13,56.18
2021-12-13T20:30:00Z,56.175,56.21,55.67,55.69
2021-12-14T14:30:00Z,54.66,55.15,54.29,54.85
2021-12-14T15:30:00Z,54.89,54.94,54.32,54.55
2021-12-14T16:30:00Z,54.55,54.9,54.49,54.89
2021-12-14T17:30:00Z,54.86,54.87,54.56,54.57
2021-12-14T18:30:00Z,54.6,54.71,54.49,54.56
2021-12-14T19:30:00Z,54.57,55.03,54.52,54.99
2021-12-14T20:30:00Z,55.04,55.04,54.53,54.62
2021-12-15T14:30:00Z,54.73,55.02,54.45,54.8
2021-12-15T15:30:00Z,54.92,54.92,54.62,54.65
2021-12-15T16:30:00Z,54.61,54.715,54.54,54.69
2021-12-15T17:30:00Z,54.84,55.115,54.82,55.03
2021-12-15T18:30:00Z,55.04,55.36,54.92,55.15
2021-12-15T19:30:00Z,55.13,55.96,55.13,55.95
2021-12-15T20:30:00Z,55.94,56.06,55.87,56.06
2021-12-16T14:30:00Z,56.33,56.39,55.54,56.24
2021-12-16T15:30:00Z,56.25,56.33,55.84,56.08
2021-12-16T16:30:00Z,56.05,56.05,55.36,55.56
2021-12-16T17:30:00Z,55.58,55.6,55.35,55.54
2021-12-16T18:30:00Z,55.54,55.59,55.17,55.23
2021-12-16T19:30:00Z,55.27,55.32,54.97,55.235
2021-12-16T20:30:00Z,55.27,55.305,54.95,54.99
2021-12-17T14:30:00Z,54.87,54.96,54.14,54.17
2021-12-17T15:30:00Z,54.16,55.01,54.07,55.01
2021-12-17T16:30:00Z,55.01,55.01,54.41,54.53
2021-12-17T17:30:00Z,54.52,54.74,54.43,54.65
2021-12-17T18:30:00Z,54.64,54.83,54.58,54.61
2021-12-17T19:30:00Z,54.62,54.82,54.515,54.7
2021-12-17T20:30:00Z,54.73,54.74,54.33,54.63
2021-12-20T14:30:00Z,54.11,54.16,53.33,53.51
2021-12-20T15:30:00Z,53.46,53.68,53.09,53.27
2021-12-20T16:30:00Z,53.3,53.35,53.12,53.27
2021-12-20T17:30:00Z,53.28,53.38,53.15,53.26
2021-12-20T18:30:00Z,53.23,53.42,53.18,53.33
2021-12-20T19:30:00Z,53.33,53.62,53.3,53.61
2021-12-20T20:30:00Z,53.59,53.72,53.475,53.6
2021-12-21T14:30:00Z,54.5,54.69,53.97,54.28
2021-12-21T15:30:00Z,54.29,54.52,54.29,54.5
2021-12-21T16:30:00Z,54.5,54.94,54.5,54.8
2021-12-21T17:30:00Z,54.77,54.95,54.67,54.91
2021-12-21T18:30:00Z,54.88,55.23,54.88,55.15
2021-12-21T19:30:00Z,55.16,55.35,55.06,55.35
2021-12-21T20:30:00Z,55.34,55.47,55.04,55.43
2021-12-22T14:30:00Z,55.45,55.625,54.87,55.25
2021-12-22T15:30:00Z,55.27,55.33,54.97,55.04
2021-12-22T16:30:00Z,55,55.2,54.85,55.19
2021-12-22T17:30:00Z,55.2,55.28,55.02,55.2
2021-12-22T18:30:00Z,55.22,55.49,55.1,55.31
2021-12-22T19:30:00Z,55.31,55.35,55.095,55.18
2021-12-22T20:30:00Z,55.17,55.375,55.11,55.37
2021-12-23T14:30:00Z,55.6,56.045,55.54,55.93
2021-12-23T15:30:00Z,56.01,56.135,55.9,56.09
2021-12-23T16:30:00Z,56.1,56.21,56.05,56.05
2021-12-23T17:30:00Z,56.08,56.12,55.91,56.06
2021-12-23T18:30:00Z,56.095,56.095,55.81,55.92
2021-12-23T19:30:00Z,55.93,56.09,55.87,55.97
2021-12-23T20:30:00Z,55.97,56.105,55.88,55.885
2021-12-27T14:30:00Z,56.3,56.34,56.08,56.295
2021-12-27T15:30:00Z,56.3,56.64,56.28,56.59
2021-12-27T16:30:00Z,56.52,56.73,56.475,56.73
2021-12-27T17:30:00Z,56.66,56.75,56.66,56.75
2021-12-27T18:30:00Z,56.73,56.755,56.69,56.73
2021-12-27T19:30:00Z,56.75,56.76,56.5,56.6
2021-12-27T20:30:00Z,56.61,56.63,56.54,56.59
2021-12-28T14:30:00Z,56.9,57.01,56.82,56.98
2021-12-28T15:30:00Z,56.95,57.21,56.91,57.13
2021-12-28T16:30:00Z,57.13,57.33,57.04,57.04
2021-12-28T17:30:00Z,57,57.09,56.9,57.04
2021-12-28T18:30:00Z,57.06,57.06,56.95,56.98
2021-12-28T19:30:00Z,56.99,57.08,56.97,57.045
2021-12-28T20:30:00Z,57.05,57.06,56.935,56.955
2021-12-29T14:30:00Z,57.33,57.72,57.33,57.585
2021-12-29T15:30:00Z,57.555,57.79,57.47,57.47
2021-12-29T16:30:00Z,57.45,57.45,57.15,57.245
2021-12-29T17:30:00Z,57.22,57.305,57.17,57.24
2021-12-29T18:30:00Z,57.25,57.3,57.08,57.08
2021-12-29T19:30:00Z,57.09,57.31,57.07,57.3
2021-12-29T20:30:00Z,57.29,57.29,57,57.07
2021-12-30T14:30:00Z,57.07,57.07,56.6,56.83
2021-12-30T15:30:00Z,56.78,56.83,56.69,56.82
2021-12-30T16:30:00Z,56.85,56.92,56.76,56.89
2021-12-30T17:30:00Z,56.95,57,56.91,56.98
2021-12-30T18:30:00Z,56.99,57.03,56.82,56.89
2021-12-30T19:30:00Z,56.91,56.94,56.74,56.76
2021-12-30T20:30:00Z,56.765,56.78,56.47,56.51
2021-12-31T14:30:00Z,56.54,56.65,56.3,56.47
2021-12-31T15:30:00Z,56.38,56.47,56.33,56.39
2021-12-31T16:30:00Z,56.4,56.47,56.25,56.39
2021-12-31T17:30:00Z,56.33,56.5,56.33,56.43
2021-12-31T18:30:00Z,56.41,56.42,56.3,56.38
2021-12-31T19:30:00Z,56.38,56.5,56.37,56.47
2021-12-31T20:30:00Z,56.46,56.48,56.16,56.185
2022-01-03T14:30:00Z,56.54,56.85,56.28,56.8
2022-01-03T15:30:00Z,56.82,56.875,56.335,56.46
2022-01-03T16:30:00Z,56.46,56.85,56.28,56.83
2022-01-03T17:30:00Z,56.835,56.85,56.74,56.74
2022-01-03T18:30:00Z,56.76,56.93,56.69,56.92
2022-01-03T19:30:00Z,56.92,57.09,56.82,57
2022-01-03T20:30:00Z,57,57,56.815,56.95
2022-01-04T14:30:00Z,57.44,58.37,57.39,58.3
2022-01-04T15:30:00Z,58.3,58.7,58.23,58.43
2022-01-04T16:30:00Z,58.41,58.98,58.27,58.78
2022-01-04T17:30:00Z,58.74,58.75,58,58.09
2022-01-04T18:30:00Z,58.08,58.2,57.96,58.16
2022-01-04T19:30:00Z,58.15,58.54,58.14,58.44
2022-01-04T20:30:00Z,58.4,58.5,58.35,58.48
2022-01-05T14:30:00Z,58.44,58.62,58.26,58.5
2022-01-05T15:30:00Z,58.49,59.14,58.4,58.99
2022-01-05T16:30:00Z,59,59.49,58.91,59.49
2022-01-05T17:30:00Z,59.42,59.42,58.91,58.95
2022-01-05T18:30:00Z,58.91,58.96,58.59,58.66
2022-01-05T19:30:00Z,58.7,58.73,58.05,58.06
2022-01-05T20:30:00Z,58.04,58.12,57.87,57.92
2022-01-06T14:30:00Z,58.1,58.64,57.59,57.98
2022-01-06T15:30:00Z,58,58.465,57.98,58.05
2022-01-06T16:30:00Z,57.97,58.48,57.97,58.4
2022-01-06T17:30:00Z,58.36,58.4,58.29,58.34
2022-01-06T18:30:00Z,58.3,58.35,58.16,58.23
2022-01-06T19:30:00Z,58.23,58.41,58.1,58.25
2022-01-06T20:30:00Z,58.22,58.22,58.03,58.07
2022-01-07T14:30:00Z,58.17,58.42,57.78,57.94
2022-01-07T15:30:00Z,57.87,57.87,57.34,57.62
2022-01-07T16:30:00Z,57.67,57.99,57.59,57.91
2022-01-07T17:30:00Z,57.91,57.91,57.77,57.81
2022-01-07T18:30:00Z,57.77,58,57.77,57.86
2022-01-07T19:30:00Z,57.86,57.98,57.72,57.9
2022-01-07T20:30:00Z,57.9,58.17,57.82,58.01
2022-01-10T14:30:00Z,59.14,59.71,58.69,58.89
2022-01-10T15:30:00Z,58.84,59.39,58.84,59.11
2022-01-10T16:30:00Z,58.87,59.24,58.83,59.03
2022-01-10T17:30:00Z,58.99,59.52,58.91,59.47
2022-01-10T18:30:00Z,59.47,59.9,59.47,59.835
2022-01-10T19:30:00Z,59.81,59.925,59.75,59.89
2022-01-10T20:30:00Z,59.89,60.01,59.76,59.9
2022-01-11T14:30:00Z,59.93,60.46,59.77,60.26
2022-01-11T15:30:00Z,60.26,60.3,59.82,60.22
2022-01-11T16:30:00Z,60.23,60.45,59.99,60.25
2022-01-11T17:30:00Z,60.32,60.55,60.32,60.51
2022-01-11T18:30:00Z,60.49,60.5,60.27,60.41
2022-01-11T19:30:00Z,60.38,60.66,60.12,60.27
2022-01-11T20:30:00Z,60.3,60.3,60.17,60.25
2022-01-12T14:30:00Z,60.21,60.5,59.67,59.78
2022-01-12T15:30:00Z,59.83,59.91,59.14,59.38
2022-01-12T16:30:00Z,59.4,59.9,59.4,59.87
2022-01-12T17:30:00Z,59.89,60,59.71,59.78
2022-01-12T18:30:00Z,59.77,59.8,59.63,59.79
2022-01-12T19:30:00Z,59.77,59.81,59.64,59.79
2022-01-12T20:30:00Z,59.79,59.965,59.72,59.95
2022-01-13T14:30:00Z,60.43,60.63,60.05,60.285
2022-01-13T15:30:00Z,60.3,60.5,60.15,60.35
2022-01-13T16:30:00Z,60.37,60.37,59.94,59.98
2022-01-13T17:30:00Z,59.9,60.33,59.9,60.3
2022-01-13T18:30:00Z,60.3,60.43,60.23,60.365
2022-01-13T19:30:00Z,60.34,60.41,60.17,60.19
2022-01-13T20:30:00Z,60.27,60.31,60.15,60.175
2022-01-14T14:30:00Z,59.94,60.51,59.8,60.33
2022-01-14T15:30:00Z,60.27,60.41,60.01,60.1
2022-01-14T16:30:00Z,60.28,60.77,60.27,60.61
2022-01-14T17:30:00Z,60.64,60.67,60.26,60.3
2022-01-14T18:30:00Z,60.3,60.6,60.26,60.49
2022-01-14T19:30:00Z,60.45,60.65,60.45,60.52
2022-01-14T20:30:00Z,60.51,60.575,60.48,60.545
2022-01-18T14:30:00Z,60.25,60.79,60.08,60.65
2022-01-18T15:30:00Z,60.69,60.69,60.33,60.55
2022-01-18T16:30:00Z,60.54,60.61,60.13,60.13
2022-01-18T17:30:00Z,60.14,60.29,59.77,59.8
2022-01-18T18:30:00Z,59.81,60.17,59.79,60.02
2022-01-18T19:30:00Z,60.02,60.25,59.87,59.89
2022-01-18T20:30:00Z,59.89,59.89,59.4,59.485
2022-01-19T14:30:00Z,59.7,60.425,59.53,59.58
2022-01-19T15:30:00Z,59.61,59.61,58.51,58.545
2022-01-19T16:30:00Z,58.63,59.19,58.43,59.13
2022-01-19T17:30:00Z,59.14,59.15,58.99,59.05
2022-01-19T18:30:00Z,59.05,59.1,58.5,58.5
2022-01-19T19:30:00Z,58.48,58.74,58.43,58.52
2022-01-19T20:30:00Z,58.47,58.48,57.94,57.95
2022-01-20T14:30:00Z,58.3,58.58,57.96,58.54
2022-01-20T15:30:00Z,58.53,59.04,58.53,59.03
2022-01-20T16:30:00Z,58.99,58.99,58.69,58.83
2022-01-20T17:30:00Z,58.85,58.9,58.71,58.76
2022-01-20T18:30:00Z,58.75,58.8,58.45,58.46
2022-01-20T19:30:00Z,58.43,58.47,57.98,57.995
2022-01-20T20:30:00Z,58,58.05,57.35,57.42
2022-01-21T14:30:00Z,57.25,57.25,56.08,56.38
2022-01-21T15:30:00Z,56.36,57.03,56.36,56.92
2022-01-21T16:30:00Z,56.9,56.9,56.14,56.28
2022-01-21T17:30:00Z,56.23,56.31,55.84,55.97
2022-01-21T18:30:00Z,55.95,56.29,55.84,55.84
2022-01-21T19:30:00Z,55.85,55.97,55.29,55.32
2022-01-21T20:30:00Z,55.4,55.785,55.4,55.56
2022-01-24T14:30:00Z,54.66,54.66,53.75,54.33
2022-01-24T15:30:00Z,54.35,54.67,54.01,54.25
2022-01-24T16:30:00Z,54.34,54.42,53.66,53.9
2022-01-24T17:30:00Z,53.77,54.48,53.47,54.22
2022-01-24T18:30:00Z,54.32,54.78,54.28,54.3
2022-01-24T19:30:00Z,54.41,54.91,54.11,54.875
2022-01-24T20:30:00Z,54.88,55.585,54.85,55.42
2022-01-25T14:30:00Z,54.78,55,53.62,54.73
2022-01-25T15:30:00Z,54.72,55.05,54.64,54.91
2022-01-25T16:30:00Z,54.92,55.02,54.61,55.02
2022-01-25T17:30:00Z,54.96,55.25,54.775,55.24
2022-01-25T18:30:00Z,55.24,55.95,55.2,55.84
2022-01-25T19:30:00Z,55.82,56.03,55.48,55.48
2022-01-25T20:30:00Z,55.53,55.75,55.33,55.44
2022-01-26T14:30:00Z,56.4,56.72,55.86,56.15
2022-01-26T15:30:00Z,56.11,56.5,55.82,56.43
2022-01-26T16:30:00Z,56.44,56.5,56.345,56.49
2022-01-26T17:30:00Z,56.5,56.56,56.27,56.44
2022-01-26T18:30:00Z,56.42,56.66,56.02,56.4
2022-01-26T19:30:00Z,56.31,56.34,54.95,55.325
2022-01-26T20:30:00Z,55.305,55.53,55.13,55.385
2022-01-27T14:30:00Z,56.38,57.58,56.35,56.35
2022-01-27T15:30:00Z,56.33,57.05,56.18,56.46
2022-01-27T16:30:00Z,56.44,56.74,56.04,56.09
2022-01-27T17:30:00Z,56.03,56.03,55.29,55.37
2022-01-27T18:30:00Z,55.48,55.71,55.13,55.19
2022-01-27T19:30:00Z,55.22,55.55,55.11,55.53
2022-01-27T20:30:00Z,55.5,55.61,55.32,55.44
2022-01-28T14:30:00Z,55.3,55.38,54.76,54.83
2022-01-28T15:30:00Z,54.89,55.71,54.85,55.62
2022-01-28T16:30:00Z,55.64,56.01,55.54,55.78
2022-01-28T17:30:00Z,55.86,55.86,55.5,55.55
2022-01-28T18:30:00Z,55.68,55.68,55.03,55.06
2022-01-28T19:30:00Z,55.07,55.91,55,55.8
2022-01-28T20:30:00Z,55.84,56.38,55.68,56.23
2022-01-31T14:30:00Z,56.1,56.56,55.95,56.4
2022-01-31T15:30:00Z,56.38,56.38,56,56.12
2022-01-31T16:30:00Z,56.13,56.34,55.95,56.33
2022-01-31T17:30:00Z,56.29,56.585,56.21,56.53
2022-01-31T18:30:00Z,56.54,56.75,56.44,56.73
2022-01-31T19:30:00Z,56.74,56.78,56.34,56.37
2022-01-31T20:30:00Z,56.355,56.8,56.34,56.79
2022-02-01T14:30:00Z,56.715,57.49,56.49,57.39
2022-02-01T15:30:00Z,57.39,57.5,57.31,57.43
2022-02-01T16:30:00Z,57.42,57.8,57.34,57.67
2022-02-01T17:30:00Z,57.67,57.69,57.58,57.64
2022-02-01T18:30:00Z,57.62,57.82,57.62,57.8
2022-02-01T19:30:00Z,57.82,58.27,57.81,58.27
2022-02-01T20:30:00Z,58.28,58.61,58.24,58.57
2022-02-02T14:30:00Z,58.9,59.25,58.8,58.99
2022-02-02T15:30:00Z,58.97,59.43,58.84,59.38
2022-02-02T16:30:00Z,59.36,59.44,59.17,59.41
2022-02-02T17:30:00Z,59.38,59.45,59.29,59.33
2022-02-02T18:30:00Z,59.37,59.58,59.37,59.46
2022-02-02T19:30:00Z,59.48,59.7,59.405,59.59
2022-02-02T20:30:00Z,59.6,59.65,59.38,59.4
2022-02-03T14:30:00Z,59.15,59.94,59.15,59.85
2022-02-03T15:30:00Z,59.89,60.07,59.75,59.75
2022-02-03T16:30:00Z,59.78,59.78,59.51,59.57
2022-02-03T17:30:00Z,59.61,59.81,59.55,59.71
2022-02-03T18:30:00Z,59.76,59.87,59.72,59.72
2022-02-03T19:30:00Z,59.68,59.78,59.45,59.45
2022-02-03T20:30:00Z,59.49,59.5,59.13,59.19
2022-02-04T14:30:00Z,59.15,59.25,58.69,58.9
2022-02-04T15:30:00Z,58.7,58.77,58.28,58.55
2022-02-04T16:30:00Z,58.57,59.01,58.57,58.91
2022-02-04T17:30:00Z,58.95,59.19,58.92,58.97
2022-02-04T18:30:00Z,58.99,59.03,58.94,58.98
2022-02-04T19:30:00Z,59.01,59.22,58.99,59.16
2022-02-04T20:30:00Z,59.2,59.3,58.78,58.78
2022-02-07T14:30:00Z,59.32,59.61,58.9,59.06
2022-02-07T15:30:00Z,59.13,59.36,58.93,59.27
2022-02-07T16:30:00Z,59.23,59.23,58.85,58.99
2022-02-07T17:30:00Z,58.98,59.22,58.95,59.21
2022-02-07T18:30:00Z,59.28,59.32,59.03,59.12
2022-02-07T19:30:00Z,59.12,59.27,59.09,59.18
2022-02-07T20:30:00Z,59.19,59.26,58.85,58.94
2022-02-08T14:30:00Z,59.22,59.24,58.63,59.01
2022-02-08T15:30:00Z,59.06,59.57,59.06,59.57
2022-02-08T16:30:00Z,59.62,59.86,59.62,59.86
2022-02-08T17:30:00Z,59.87,60.02,59.82,59.86
2022-02-08T18:30:00Z,59.9,59.98,59.78,59.78
2022-02-08T19:30:00Z,59.75,59.92,59.64,59.83
2022-02-08T20:30:00Z,59.84,60,59.75,59.95
2022-02-09T14:30:00Z,60.32,60.65,60.09,60.435
2022-02-09T15:30:00Z,60.47,60.68,60.29,60.37
2022-02-09T16:30:00Z,60.4,60.64,60.26,60.64
2022-02-09T17:30:00Z,60.55,60.76,60.55,60.74
2022-02-09T18:30:00Z,60.73,61,60.7,60.87
2022-02-09T19:30:00Z,60.88,60.88,60.69,60.8
2022-02-09T20:30:00Z,60.83,60.95,60.78,60.79
2022-02-10T14:30:00Z,60.52,61.5,60.52,61.18
2022-02-10T15:30:00Z,61.15,61.5,61.15,61.33
2022-02-10T16:30:00Z,61.28,61.44,61.17,61.38
2022-02-10T17:30:00Z,61.43,61.43,61.03,61.08
2022-02-10T18:30:00Z,60.95,60.95,60.49,60.56
2022-02-10T19:30:00Z,60.58,60.71,60.5,60.57
2022-02-10T20:30:00Z,60.48,60.88,60.42,60.7
2022-02-11T14:30:00Z,60.67,61.24,60.57,61.16
2022-02-11T15:30:00Z,61.17,61.25,60.66,60.78
2022-02-11T16:30:00Z,60.79,60.89,60.59,60.79
2022-02-11T17:30:00Z,60.84,60.96,60.64,60.64
2022-02-11T18:30:00Z,60.6,60.6,59.82,59.95
2022-02-11T19:30:00Z,59.87,60.09,59.62,59.83
2022-02-11T20:30:00Z,59.84,59.84,59.365,59.525
2022-02-14T14:30:00Z,59.4,59.53,58.85,59.01
2022-02-14T15:30:00Z,58.94,59.07,58.62,59.07
2022-02-14T16:30:00Z,59.03,59.19,58.97,59.1
2022-02-14T17:30:00Z,59.1,59.16,59.02,59.03
2022-02-14T18:30:00Z,58.91,58.91,58.25,58.36
2022-02-14T19:30:00Z,58.5,58.59,58.25,58.55
2022-02-14T20:30:00Z,58.51,58.75,58.48,58.6
2022-02-15T14:30:00Z,58.93,59.89,58.92,59.8
2022-02-15T15:30:00Z,59.79,60.1,59.79,60
2022-02-15T16:30:00Z,60.02,60.04,59.89,59.98
2022-02-15T17:30:00Z,59.99,60.19,59.86,60.18
2022-02-15T18:30:00Z,60.25,60.42,60.17,60.21
2022-02-15T19:30:00Z,60.15,60.22,60,60.07
2022-02-15T20:30:00Z,60.08,60.08,59.75,59.81
2022-02-16T14:30:00Z,59.41,60.12,59.41,59.78
2022-02-16T15:30:00Z,59.785,59.98,59.64,59.92
2022-02-16T16:30:00Z,59.91,59.98,59.81,59.89
2022-02-16T17:30:00Z,59.77,59.77,59.57,59.68
2022-02-16T18:30:00Z,59.65,60.2,59.63,60.2
2022-02-16T19:30:00Z,60.2,60.52,60.03,60.46
2022-02-16T20:30:00Z,60.5,60.5,60.29,60.29
2022-02-17T14:30:00Z,60.02,60.35,59.58,59.82
2022-02-17T15:30:00Z,59.79,60,59.55,59.97
2022-02-17T16:30:00Z,59.99,60.33,59.99,60.26
2022-02-17T17:30:00Z,60.24,60.24,59.86,59.86
2022-02-17T18:30:00Z,59.85,59.86,59.58,59.6
2022-02-17T19:30:00Z,59.58,59.58,59.28,59.44
2022-02-17T20:30:00Z,59.47,59.6,59.245,59.255
2022-02-18T14:30:00Z,59.46,59.85,59.29,59.59
2022-02-18T15:30:00Z,59.59,59.59,59.11,59.17
2022-02-18T16:30:00Z,59.19,59.32,59,59.12
2022-02-18T17:30:00Z,59.02,59.03,58.78,58.79
2022-02-18T18:30:00Z,58.79,59.3,58.77,59.3
2022-02-18T19:30:00Z,59.33,59.44,59.11,59.11
2022-02-18T20:30:00Z,59.08,59.19,58.89,58.9
2022-02-22T14:30:00Z,58.63,58.99,58.25,58.77
2022-02-22T15:30:00Z,58.84,58.84,57.86,57.995
2022-02-22T16:30:00Z,58,58.18,57.67,57.76
2022-02-22T17:30:00Z,57.73,57.76,57.18,57.27
2022-02-22T18:30:00Z,57.28,57.33,56.92,57.2
2022-02-22T19:30:00Z,57.26,57.81,57.16,57.71
2022-02-22T20:30:00Z,57.67,57.76,57.01,57.14
2022-02-23T14:30:00Z,57.9,58.32,57.39,57.5
2022-02-23T15:30:00Z,57.49,57.7,57.13,57.24
2022-02-23T16:30:00Z,57.22,57.68,57.21,57.67
2022-02-23T17:30:00Z,57.67,57.71,57.12,57.17
2022-02-23T18:30:00Z,57.14,57.36,57,57
2022-02-23T19:30:00Z,57.01,57.06,56.79,57.02
2022-02-23T20:30:00Z,56.97,57,56.55,56.77
2022-02-24T14:30:00Z,55.16,55.55,54.74,55.3
2022-02-24T15:30:00Z,55.2,55.37,54.96,54.96
2022-02-24T16:30:00Z,55.05,55.1,54.41,54.5
2022-02-24T17:30:00Z,54.49,54.76,54.4,54.61
2022-02-24T18:30:00Z,54.55,55.06,54.44,55.02
2022-02-24T19:30:00Z,55.02,55.57,55.02,55.43
2022-02-24T20:30:00Z,55.38,55.94,55.36,55.79
2022-02-25T14:30:00Z,50.77,51.77,49.18,50.27
2022-02-25T15:30:00Z,50.24,51.84,50.11,51.61
2022-02-25T16:30:00Z,51.54,52.37,51.54,52.13
2022-02-25T17:30:00Z,52.18,52.85,52.13,52.74
2022-02-25T18:30:00Z,52.75,53,52.33,52.36
2022-02-25T19:30:00Z,52.37,52.455,51.965,51.985
2022-02-25T20:30:00Z,51.98,52.23,51.365,51.455
2022-02-28T14:30:00Z,50.81,51.81,50.54,51.26
2022-02-28T15:30:00Z,51.25,51.88,51.25,51.79
2022-02-28T16:30:00Z,51.77,52,51.4,51.44
2022-02-28T17:30:00Z,51.42,51.42,50.91,50.99
2022-02-28T18:30:00Z,50.84,51.02,50.41,50.43
2022-02-28T19:30:00Z,50.39,50.74,50.32,50.56
2022-02-28T20:30:00Z,50.56,50.97,50.48,50.96
2022-03-01T14:30:00Z,50.1,50.54,49.87,50.18
2022-03-01T15:30:00Z,50.16,50.4,49.62,50.31
2022-03-01T16:30:00Z,50.315,50.41,50.09,50.36
2022-03-01T17:30:00Z,50.32,50.4,49.86,49.86
2022-03-01T18:30:00Z,49.87,50.09,49.76,50.04
2022-03-01T19:30:00Z,49.98,50.3,49.85,49.9
2022-03-01T20:30:00Z,49.81,50.05,49.74,49.88
2022-03-02T14:30:00Z,50.38,52.83,50.38,52.83
2022-03-02T15:30:00Z,52.86,53.16,52.48,52.87
2022-03-02T16:30:00Z,52.86,53.01,52.35,53.01
2022-03-02T17:30:00Z,53.05,53.48,53.05,53.43
2022-03-02T18:30:00Z,53.45,53.82,53.45,53.6
2022-03-02T19:30:00Z,53.55,53.74,53.435,53.69
2022-03-02T20:30:00Z,53.71,53.79,53.54,53.605
2022-03-03T14:30:00Z,52.97,53.91,52.97,53.09
2022-03-03T15:30:00Z,53.01,53.01,52.48,52.725
2022-03-03T16:30:00Z,52.66,53.32,52.66,52.99
2022-03-03T17:30:00Z,53.01,53.42,53.01,53.1
2022-03-03T18:30:00Z,53.09,53.09,52.88,52.91
2022-03-03T19:30:00Z,52.9,52.92,52.49,52.9
2022-03-03T20:30:00Z,52.88,52.89,52.47,52.6
2022-03-04T14:30:00Z,52.05,52.37,51.83,51.99
2022-03-04T15:30:00Z,51.82,51.99,51.46,51.63
2022-03-04T16:30:00Z,51.58,52.07,51.4,51.89
2022-03-04T17:30:00Z,52.01,52.48,51.98,52.19
2022-03-04T18:30:00Z,52.23,52.28,51.65,51.84
2022-03-04T19:30:00Z,51.75,52.04,51.67,52.02
2022-03-04T20:30:00Z,52,52.03,51.75,51.96
2022-03-07T14:30:00Z,51.52,51.52,50.11,50.11
2022-03-07T15:30:00Z,50.19,50.23,49.92,50.2
2022-03-07T16:30:00Z,50.21,50.25,49.18,49.19
2022-03-07T17:30:00Z,49.125,49.53,49.01,49.53
2022-03-07T18:30:00Z,49.44,49.95,49.44,49.86
2022-03-07T19:30:00Z,49.79,49.84,49.42,49.84
2022-03-07T20:30:00Z,49.68,49.73,49.34,49.35
2022-03-08T14:30:00Z,49.79,49.8,49.195,49.26
2022-03-08T15:30:00Z,49.24,49.77,49.12,49.54
2022-03-08T16:30:00Z,49.54,50.84,49.4,50.84
2022-03-08T17:30:00Z,50.88,51.52,50.83,50.89
2022-03-08T18:30:00Z,50.71,50.83,50.28,50.7
2022-03-08T19:30:00Z,50.71,51.17,50.65,50.65
2022-03-08T20:30:00Z,50.62,50.66,50.22,50.28
2022-03-09T14:30:00Z,51.56,52.55,51.56,51.95
2022-03-09T15:30:00Z,51.91,52.17,51.7,51.9
2022-03-09T16:30:00Z,51.91,52.04,51.84,52.01
2022-03-09T17:30:00Z,52.03,52.4,51.965,52.36
2022-03-09T18:30:00Z,52.37,52.4,51.89,52.23
2022-03-09T19:30:00Z,52.225,52.34,52.09,52.28
2022-03-09T20:30:00Z,52.31,52.33,51.86,52
2022-03-10T14:30:00Z,51.67,52.14,51.66,51.9
2022-03-10T15:30:00Z,51.84,51.84,51.03,51.06
2022-03-10T16:30:00Z,51.13,51.57,51.13,51.56
2022-03-10T17:30:00Z,51.55,51.56,51.25,51.35
2022-03-10T18:30:00Z,51.31,51.74,51.23,51.73
2022-03-10T19:30:00Z,51.74,51.86,51.31,51.49
2022-03-10T20:30:00Z,51.5,52.01,51.49,51.96
2022-03-11T14:30:00Z,52.3,52.5,51.67,51.76
2022-03-11T15:30:00Z,51.76,52.05,51.57,51.99
2022-03-11T16:30:00Z,51.85,51.96,51.7,51.88
2022-03-11T17:30:00Z,51.78,52.43,51.75,52.41
2022-03-11T18:30:00Z,52.43,52.7,52.31,52.59
2022-03-11T19:30:00Z,52.55,52.56,51.895,51.94
2022-03-11T20:30:00Z,51.96,52.16,51.92,52.01
2022-03-14T13:30:00Z,51.85,52.5,51.5,52
2022-03-14T14:30:00Z,51.94,52.34,51.71,51.72
2022-03-14T15:30:00Z,51.63,51.65,51.21,51.54
2022-03-14T16:30:00Z,51.49,51.49,50.63,50.64
2022-03-14T17:30:00Z,50.6,50.64,50.4,50.57
2022-03-14T18:30:00Z,50.56,50.87,50.53,50.79
2022-03-14T19:30:00Z,50.805,50.86,50.58,50.76
2022-03-15T13:30:00Z,50.9,51.35,50.57,51.09
2022-03-15T14:30:00Z,51.08,51.97,51.08,51.94
2022-03-15T15:30:00Z,51.91,52.07,51.75,52.03
2022-03-15T16:30:00Z,52.12,52.12,51.72,51.78
2022-03-15T17:30:00Z,51.83,52.04,51.69,51.79
2022-03-15T18:30:00Z,51.73,52.08,51.73,52.08
2022-03-15T19:30:00Z,52.09,52.17,51.95,52.045
2022-03-16T13:30:00Z,51.69,52.25,51.34,52.09
2022-03-16T14:30:00Z,52.07,52.39,52.03,52.03
2022-03-16T15:30:00Z,52.07,52.12,51.93,52.08
2022-03-16T16:30:00Z,52.06,52.17,51.47,51.47
2022-03-16T17:30:00Z,51.47,51.52,50.92,50.92
2022-03-16T18:30:00Z,50.81,51.955,50.65,51.955
2022-03-16T19:30:00Z,51.95,52.01,51.77,51.945
2022-03-17T13:30:00Z,51.38,51.38,50.05,50.11
2022-03-17T14:30:00Z,50.1,50.13,49.52,50.12
2022-03-17T15:30:00Z,50.17,50.28,50,50.03
2022-03-17T16:30:00Z,50.02,50.41,49.89,50.41
2022-03-17T17:30:00Z,50.34,50.44,50.2,50.42
2022-03-17T18:30:00Z,50.39,50.58,50.34,50.55
2022-03-17T19:30:00Z,50.5,50.53,50.3,50.525
2022-03-18T13:30:00Z,50.32,51,50.07,50.12
2022-03-18T14:30:00Z,50.09,50.7,50.06,50.64
2022-03-18T15:30:00Z,50.61,50.95,50.61,50.91
2022-03-18T16:30:00Z,50.91,51.2,50.84,51.2
2022-03-18T17:30:00Z,51.18,51.27,51.02,51.23
2022-03-18T18:30:00Z,51.24,51.47,51.16,51.38
2022-03-18T19:30:00Z,51.35,51.885,51.35,51.84
2022-03-21T13:30:00Z,51.85,52.81,51.84,52.57
2022-03-21T14:30:00Z,52.54,52.94,52.22,52.29
2022-03-21T15:30:00Z,52.3,52.68,52.16,52.59
2022-03-21T16:30:00Z,52.62,52.62,52.09,52.13
2022-03-21T17:30:00Z,52.08,52.32,52.08,52.3
2022-03-21T18:30:00Z,52.24,52.29,52.07,52.25
2022-03-21T19:30:00Z,52.25,52.355,52.14,52.31
2022-03-22T13:30:00Z,52.55,53.22,52.49,52.95
2022-03-22T14:30:00Z,52.71,52.9,52.57,52.83
2022-03-22T15:30:00Z,52.79,52.79,52.32,52.5
2022-03-22T16:30:00Z,52.52,52.95,52.5,52.95
2022-03-22T17:30:00Z,52.97,53.07,52.88,53.03
2022-03-22T18:30:00Z,53.02,53.08,52.94,53
2022-03-22T19:30:00Z,52.94,53.02,52.92,52.97
2022-03-23T13:30:00Z,52.82,53.24,52.77,53.18
2022-03-23T14:30:00Z,53.12,53.37,53.07,53.37
2022-03-23T15:30:00Z,53.19,53.25,52.67,52.69
2022-03-23T16:30:00Z,52.68,52.81,52.56,52.68
2022-03-23T17:30:00Z,52.61,52.85,52.57,52.85
2022-03-23T18:30:00Z,52.79,52.99,52.78,52.94
2022-03-23T19:30:00Z,52.84,52.86,52.58,52.58
2022-03-24T13:30:00Z,52.62,53.38,52.57,53.29
2022-03-24T14:30:00Z,53.33,53.84,53.33,53.83
2022-03-24T15:30:00Z,53.83,53.83,53.26,53.3
2022-03-24T16:30:00Z,53.315,53.47,53.28,53.46
2022-03-24T17:30:00Z,53.44,53.53,53.39,53.395
2022-03-24T18:30:00Z,53.425,53.63,53.4,53.54
2022-03-24T19:30:00Z,53.55,53.55,53.405,53.5
2022-03-25T13:30:00Z,53.47,54.51,53.47,54.5
2022-03-25T14:30:00Z,54.34,54.6,54.24,54.32
2022-03-25T15:30:00Z,54.31,54.39,53.92,54
2022-03-25T16:30:00Z,53.99,54.18,53.96,54.18
2022-03-25T17:30:00Z,54.19,54.77,54.17,54.705
2022-03-25T18:30:00Z,54.71,54.87,54.58,54.62
2022-03-25T19:30:00Z,54.63,54.84,54.5,54.8
2022-03-28T14:30:00+01:00,54.07,54.5,53.76,54.38
2022-03-28T15:30:00+01:00,54.38,54.47,54.06,54.06
2022-03-28T16:30:00+01:00,54,54.02,53.87,53.99
2022-03-28T17:30:00+01:00,54,54.08,53.89,53.99
2022-03-28T18:30:00+01:00,53.96,54.17,53.96,54.15
2022-03-28T19:30:00+01:00,54.08,54.39,53.94,54.21
2022-03-28T20:30:00+01:00,54.17,54.34,54.13,54.34
2022-03-29T14:30:00+01:00,54.78,55.3,54.59,54.72
2022-03-29T15:30:00+01:00,54.75,54.78,54.32,54.42
2022-03-29T16:30:00+01:00,54.48,54.74,54.48,54.6
2022-03-29T17:30:00+01:00,54.6,54.68,54.47,54.63
2022-03-29T18:30:00+01:00,54.63,54.745,54.6,54.745
2022-03-29T19:30:00+01:00,54.74,54.99,54.64,54.95
2022-03-29T20:30:00+01:00,54.98,55.065,54.93,55.02
2022-03-30T14:30:00+01:00,55,55.23,54.66,55.01
2022-03-30T15:30:00+01:00,55,55,54.58,54.6
2022-03-30T16:30:00+01:00,54.61,54.625,54.42,54.57
2022-03-30T17:30:00+01:00,54.56,54.59,54.46,54.51
2022-03-30T18:30:00+01:00,54.49,54.49,54.33,54.44
2022-03-30T19:30:00+01:00,54.42,54.5,54.3,54.32
2022-03-30T20:30:00+01:00,54.34,54.39,54.18,54.3
2022-03-31T14:30:00+01:00,51.27,51.54,50.18,51.04
2022-03-31T15:30:00+01:00,51.02,51.3,50.74,51.18
2022-03-31T16:30:00+01:00,51.2,51.65,51.2,51.41
2022-03-31T17:30:00+01:00,51.42,51.42,51.05,51.11
2022-03-31T18:30:00+01:00,51.09,51.1,50.91,51.01
2022-03-31T19:30:00+01:00,50.94,51.01,50.48,50.5
2022-03-31T20:30:00+01:00,50.49,50.58,50.2,50.22
2022-04-01T14:30:00+01:00,48.71,48.99,47.67,48.73
2022-04-01T15:30:00+01:00,48.74,48.89,48.16,48.81
2022-04-01T16:30:00+01:00,48.79,48.895,48.3,48.36
2022-04-01T17:30:00+01:00,48.31,48.5,48.265,48.34
2022-04-01T18:30:00+01:00,48.32,48.59,48.32,48.49
2022-04-01T19:30:00+01:00,48.52,48.75,48.49,48.55
2022-04-01T20:30:00+01:00,48.57,48.905,48.51,48.78
2022-04-04T14:30:00+01:00,48.92,49.38,48.78,49.15
2022-04-04T15:30:00+01:00,48.91,49.37,48.88,49.37
2022-04-04T16:30:00+01:00,49.23,49.54,49.22,49.53
2022-04-04T17:30:00+01:00,49.52,49.57,49.23,49.51
2022-04-04T18:30:00+01:00,49.48,49.74,49.39,49.7
2022-04-04T19:30:00+01:00,49.74,49.83,49.47,49.62
2022-04-04T20:30:00+01:00,49.565,49.565,49.345,49.4
2022-04-05T14:30:00+01:00,49.04,49.59,49.04,49.29
2022-04-05T15:30:00+01:00,49.33,49.43,49.065,49.27
2022-04-05T16:30:00+01:00,49.3,49.3,48.71,48.84
2022-04-05T17:30:00+01:00,48.85,49.02,48.79,48.93
2022-04-05T18:30:00+01:00,48.89,49.17,48.81,49.1
2022-04-05T19:30:00+01:00,49.1,49.15,48.85,48.98
2022-04-05T20:30:00+01:00,48.9,48.96,48.66,48.67
2022-04-06T14:30:00+01:00,48.26,48.41,47.27,47.27
2022-04-06T15:30:00+01:00,47.25,47.43,47.1,47.3
2022-04-06T16:30:00+01:00,47.3,47.3,46.93,46.98
2022-04-06T17:30:00+01:00,46.95,47.28,46.76,47.28
2022-04-06T18:30:00+01:00,47.2,47.4,47.035,47.08
2022-04-06T19:30:00+01:00,47.08,47.47,47.08,47.22
2022-04-06T20:30:00+01:00,47.18,47.365,46.965,47.12
2022-04-07T14:30:00+01:00,47.6,48.7,47.6,47.94
2022-04-07T15:30:00+01:00,47.8,48.17,47.35,47.35
2022-04-07T16:30:00+01:00,47.34,47.53,47.13,47.38
2022-04-07T17:30:00+01:00,47.32,47.66,46.94,47.65
2022-04-07T18:30:00+01:00,47.6,47.86,47.54,47.75
2022-04-07T19:30:00+01:00,47.71,48.01,47.58,47.9
2022-04-07T20:30:00+01:00,47.86,47.88,47.63,47.695
2022-04-08T14:30:00+01:00,47.44,47.69,47.26,47.66
2022-04-08T15:30:00+01:00,47.58,47.93,47.53,47.6
2022-04-08T16:30:00+01:00,47.575,48.06,47.55,48.06
2022-04-08T17:30:00+01:00,47.87,47.98,47.77,47.78
2022-04-08T18:30:00+01:00,47.72,47.72,47.25,47.29
2022-04-08T19:30:00+01:00,47.26,47.65,47.13,47.61
2022-04-08T20:30:00+01:00,47.63,47.65,47.345,47.39
2022-04-11T14:30:00+01:00,47.01,48.02,47.01,47.51
2022-04-11T15:30:00+01:00,47.52,47.54,47.23,47.35
2022-04-11T16:30:00+01:00,47.36,47.61,47.3,47.39
2022-04-11T17:30:00+01:00,47.35,47.36,47.14,47.17
2022-04-11T18:30:00+01:00,47.18,47.26,47.06,47.06
2022-04-11T19:30:00+01:00,47.01,47.16,46.89,46.895
2022-04-11T20:30:00+01:00,46.91,47.03,46.86,46.96
2022-04-12T14:30:00+01:00,47.17,47.73,47.16,47.43
2022-04-12T15:30:00+01:00,47.43,47.56,47.25,47.52
2022-04-12T16:30:00+01:00,47.53,47.71,47.47,47.47
2022-04-12T17:30:00+01:00,47.52,47.7,47.51,47.57
2022-04-12T18:30:00+01:00,47.6,47.6,47.21,47.24
2022-04-12T19:30:00+01:00,47.24,47.35,47.07,47.09
2022-04-12T20:30:00+01:00,47.08,47.33,47.045,47.06
2022-04-13T14:30:00+01:00,47.025,47.44,46.93,47.05
2022-04-13T15:30:00+01:00,47.12,47.53,47.11,47.46
2022-04-13T16:30:00+01:00,47.46,47.71,47.15,47.19
2022-04-13T17:30:00+01:00,47.2,47.47,47.14,47.35
2022-04-13T18:30:00+01:00,47.36,47.53,47.33,47.35
2022-04-13T19:30:00+01:00,47.32,47.52,47.27,47.43
2022-04-13T20:30:00+01:00,47.43,47.53,47.29,47.31
2022-04-14T14:30:00+01:00,47.2,47.38,46.91,47.12
2022-04-14T15:30:00+01:00,47.18,47.68,47.18,47.6
2022-04-14T16:30:00+01:00,47.63,47.64,47.17,47.17
2022-04-14T17:30:00+01:00,47.16,47.31,47.09,47.3
2022-04-14T18:30:00+01:00,47.31,47.635,47.31,47.42
2022-04-14T19:30:00+01:00,47.43,47.43,47.03,47.09
2022-04-14T20:30:00+01:00,47.08,47.16,46.915,46.93
2022-04-18T14:30:00+01:00,46.74,47.68,46.68,47.41
2022-04-18T15:30:00+01:00,47.4,47.8,47.4,47.73
2022-04-18T16:30:00+01:00,47.6,47.74,47.31,47.31
2022-04-18T17:30:00+01:00,47.28,47.45,47.25,47.45
2022-04-18T18:30:00+01:00,47.46,47.63,47.45,47.52
2022-04-18T19:30:00+01:00,47.52,47.59,47.43,47.49
2022-04-18T20:30:00+01:00,47.39,47.49,47.27,47.49
2022-04-19T14:30:00+01:00,47.16,47.87,47.08,47.87
2022-04-19T15:30:00+01:00,47.94,48.14,47.85,48.03
2022-04-19T16:30:00+01:00,48.02,48.03,47.77,47.98
2022-04-19T17:30:00+01:00,47.97,48,47.8,47.91
2022-04-19T18:30:00+01:00,47.87,47.96,47.81,47.845
2022-04-19T19:30:00+01:00,47.85,48.09,47.72,48.09
2022-04-19T20:30:00+01:00,48.08,48.12,47.96,47.99
2022-04-20T14:30:00+01:00,48.5,49.44,48.5,49.4
2022-04-20T15:30:00+01:00,49.41,49.52,49.39,49.51
2022-04-20T16:30:00+01:00,49.49,49.6,49.2,49.2
2022-04-20T17:30:00+01:00,49.2,49.54,49.19,49.51
2022-04-20T18:30:00+01:00,49.51,49.51,49.1,49.14
2022-04-20T19:30:00+01:00,49.09,49.23,49.01,49.2
2022-04-20T20:30:00+01:00,49.16,49.3,48.985,49
2022-04-21T14:30:00+01:00,49.14,49.3,48.99,49.25
2022-04-21T15:30:00+01:00,49.28,49.48,49.07,49.09
2022-04-21T16:30:00+01:00,48.99,49.04,48.7,48.74
2022-04-21T17:30:00+01:00,48.61,48.76,48.41,48.52
2022-04-21T18:30:00+01:00,48.49,48.55,48.16,48.23
2022-04-21T19:30:00+01:00,48.24,48.39,47.92,48.18
2022-04-21T20:30:00+01:00,48.17,48.35,48.13,48.22
2022-04-22T14:30:00+01:00,47.84,47.84,47.365,47.5
2022-04-22T15:30:00+01:00,47.45,47.54,47.22,47.52
2022-04-22T16:30:00+01:00,47.47,47.47,47.17,47.34
2022-04-22T17:30:00+01:00,47.34,47.47,47.3,47.33
2022-04-22T18:30:00+01:00,47.32,47.37,47.2,47.28
2022-04-22T19:30:00+01:00,47.25,47.37,47.08,47.3
2022-04-22T20:30:00+01:00,47.36,47.45,46.845,46.87
2022-04-25T14:30:00+01:00,46.295,46.53,45.96,46.44
2022-04-25T15:30:00+01:00,46.43,46.5,46.18,46.35
2022-04-25T16:30:00+01:00,46.23,46.6,46.01,46.52
2022-04-25T17:30:00+01:00,46.43,46.74,46.42,46.66
2022-04-25T18:30:00+01:00,46.7,46.71,46.14,46.62
2022-04-25T19:30:00+01:00,46.63,47.02,46.47,47.02
2022-04-25T20:30:00+01:00,47.02,47.28,47.02,47.27
2022-04-26T14:30:00+01:00,46.99,47.65,46.945,47.36
2022-04-26T15:30:00+01:00,47.37,47.37,46.865,47.02
2022-04-26T16:30:00+01:00,46.97,47.31,46.77,47.25
2022-04-26T17:30:00+01:00,47.24,47.35,46.87,46.87
2022-04-26T18:30:00+01:00,46.82,47.01,46.73,46.99
2022-04-26T19:30:00+01:00,46.95,47.05,46.705,46.76
2022-04-26T20:30:00+01:00,46.71,46.72,46.48,46.52
2022-04-27T14:30:00+01:00,46.46,47.31,46.04,46.08
2022-04-27T15:30:00+01:00,45.87,46.43,45.76,46.4
2022-04-27T16:30:00+01:00,46.49,46.85,46.41,46.79
2022-04-27T17:30:00+01:00,46.87,46.94,46.64,46.73
2022-04-27T18:30:00+01:00,46.74,46.89,46.64,46.68
2022-04-27T19:30:00+01:00,46.67,46.76,46.46,46.63
2022-04-27T20:30:00+01:00,46.62,46.76,46.51,46.6
2022-04-28T14:30:00+01:00,47.31,47.46,46.96,47.02
2022-04-28T15:30:00+01:00,47,47.37,46.86,47.31
2022-04-28T16:30:00+01:00,47.28,47.56,47.13,47.55
2022-04-28T17:30:00+01:00,47.6,47.87,47.59,47.83
2022-04-28T18:30:00+01:00,47.83,47.98,47.79,47.95
2022-04-28T19:30:00+01:00,47.98,48.43,47.96,48.37
2022-04-28T20:30:00+01:00,48.27,48.305,48.005,48.12
2022-04-29T14:30:00+01:00,47.99,49.2,47.99,48.76
2022-04-29T15:30:00+01:00,48.73,48.82,48.19,48.29
2022-04-29T16:30:00+01:00,48.27,48.45,47.96,47.96
2022-04-29T17:30:00+01:00,47.87,47.93,47.72,47.9
2022-04-29T18:30:00+01:00,47.93,48.02,47.55,47.65
2022-04-29T19:30:00+01:00,47.6,47.6,47.35,47.37
2022-04-29T20:30:00+01:00,47.37,47.57,46.94,46.95
2022-05-02T14:30:00+01:00,47.15,47.46,46.91,47.29
2022-05-02T15:30:00+01:00,47.25,47.37,46.64,46.72
2022-05-02T16:30:00+01:00,46.68,47.12,46.63,47.03
2022-05-02T17:30:00+01:00,46.98,47,46.46,46.49
2022-05-02T18:30:00+01:00,46.49,46.72,46.41,46.55
2022-05-02T19:30:00+01:00,46.53,47.21,46.41,47.12
2022-05-02T20:30:00+01:00,47.15,47.54,47.15,47.5
2022-05-03T14:30:00+01:00,47.73,47.82,47.26,47.45
2022-05-03T15:30:00+01:00,47.52,47.94,47.34,47.9
2022-05-03T16:30:00+01:00,47.89,48.12,47.805,47.99
2022-05-03T17:30:00+01:00,47.95,48.25,47.95,48.13
2022-05-03T18:30:00+01:00,48.14,48.14,47.62,47.68
2022-05-03T19:30:00+01:00,47.67,48.065,47.45,47.93
2022-05-03T20:30:00+01:00,47.93,47.99,47.73,47.86
2022-05-04T14:30:00+01:00,48.24,48.53,48.06,48.44
2022-05-04T15:30:00+01:00,48.45,48.45,47.96,47.97
2022-05-04T16:30:00+01:00,47.83,48.23,47.67,48.22
2022-05-04T17:30:00+01:00,48.27,48.39,48.15,48.2
2022-05-04T18:30:00+01:00,48.18,48.28,47.59,47.9
2022-05-04T19:30:00+01:00,47.84,48.91,47.32,48.89
2022-05-04T20:30:00+01:00,48.89,49.01,48.78,48.88
2022-05-05T14:30:00+01:00,48.62,48.78,47.96,48.07
2022-05-05T15:30:00+01:00,48.06,48.06,47.7,47.82
2022-05-05T16:30:00+01:00,47.79,48.02,47.38,47.6
2022-05-05T17:30:00+01:00,47.63,47.85,47.28,47.74
2022-05-05T18:30:00+01:00,47.66,47.79,47.29,47.37
2022-05-05T19:30:00+01:00,47.35,47.47,46.96,47.03
2022-05-05T20:30:00+01:00,47,47.27,46.92,47.21
2022-05-06T14:30:00+01:00,46.52,46.57,45.47,45.95
2022-05-06T15:30:00+01:00,45.94,46.32,45.56,46.32
2022-05-06T16:30:00+01:00,46.35,46.35,45.59,45.84
2022-05-06T17:30:00+01:00,45.91,46.17,45.78,46.01
2022-05-06T18:30:00+01:00,46.17,46.17,45.67,45.67
2022-05-06T19:30:00+01:00,45.67,45.89,45.38,45.53
2022-05-06T20:30:00+01:00,45.5,45.8,45.5,45.59
2022-05-09T14:30:00+01:00,44.96,45.78,44.92,45.56
2022-05-09T15:30:00+01:00,45.5,45.5,45.04,45.12
2022-05-09T16:30:00+01:00,45.07,45.47,44.96,45.38
2022-05-09T17:30:00+01:00,45.37,45.4,45.01,45.1
2022-05-09T18:30:00+01:00,45.13,45.13,44.9,45.01
2022-05-09T19:30:00+01:00,45.02,45.31,44.96,45.16
2022-05-09T20:30:00+01:00,45.13,45.3,44.94,45.2
2022-05-10T14:30:00+01:00,46.05,46.11,45.34,45.68
2022-05-10T15:30:00+01:00,45.69,45.69,45.01,45.13
2022-05-10T16:30:00+01:00,45.03,45.27,44.97,45.03
2022-05-10T17:30:00+01:00,44.95,45.06,44.79,44.97
2022-05-10T18:30:00+01:00,45.09,45.93,45.09,45.7
2022-05-10T19:30:00+01:00,45.74,46.23,45.7,45.95
2022-05-10T20:30:00+01:00,45.88,45.88,45.46,45.49
2022-05-11T14:30:00+01:00,45.48,46,45.16,45.9
2022-05-11T15:30:00+01:00,46.07,46.22,45.71,45.89
2022-05-11T16:30:00+01:00,45.9,46.08,45.27,45.27
2022-05-11T17:30:00+01:00,45.22,45.28,44.62,44.62
2022-05-11T18:30:00+01:00,44.59,44.96,44.37,44.92
2022-05-11T19:30:00+01:00,44.89,44.99,44.7,44.78
2022-05-11T20:30:00+01:00,44.78,44.78,44.34,44.37
2022-05-12T14:30:00+01:00,44.2,44.74,43.62,44.29
2022-05-12T15:30:00+01:00,44.37,44.895,44.08,44.48
2022-05-12T16:30:00+01:00,44.51,44.54,43.58,43.96
2022-05-12T17:30:00+01:00,43.98,44.21,43.77,43.78
2022-05-12T18:30:00+01:00,43.85,43.85,43.3,43.36
2022-05-12T19:30:00+01:00,43.35,43.72,43.17,43.605
2022-05-12T20:30:00+01:00,43.5,43.76,43.47,43.76
2022-05-13T14:30:00+01:00,44.34,44.87,44.22,44.76
2022-05-13T15:30:00+01:00,44.76,45.45,44.74,45.44
2022-05-13T16:30:00+01:00,45.48,45.56,45.24,45.46
2022-05-13T17:30:00+01:00,45.51,45.58,45.32,45.39
2022-05-13T18:30:00+01:00,45.4,45.4,44.78,44.82
2022-05-13T19:30:00+01:00,44.84,45.28,44.79,45.28
2022-05-13T20:30:00+01:00,45.25,45.31,45,45.04
2022-05-16T14:30:00+01:00,45.01,45.18,44.5,45.12
2022-05-16T15:30:00+01:00,45.15,45.15,44.56,44.82
2022-05-16T16:30:00+01:00,44.76,45.34,44.74,45.24
2022-05-16T17:30:00+01:00,45.27,45.28,45,45.22
2022-05-16T18:30:00+01:00,45.2,45.32,45,45.31
2022-05-16T19:30:00+01:00,45.31,45.34,45,45.1
2022-05-16T20:30:00+01:00,45.06,45.12,44.93,45.05
2022-05-17T14:30:00+01:00,45.99,46.29,45.83,46.04
2022-05-17T15:30:00+01:00,46,46.485,45.97,46.485
2022-05-17T16:30:00+01:00,46.495,46.6,46.29,46.55
2022-05-17T17:30:00+01:00,46.48,46.65,46.46,46.57
2022-05-17T18:30:00+01:00,46.58,46.6,45.92,45.99
2022-05-17T19:30:00+01:00,45.95,46.64,45.75,46.56
2022-05-17T20:30:00+01:00,46.56,46.7,46.395,46.63
2022-05-18T14:30:00+01:00,45.985,46.12,45.61,45.68
2022-05-18T15:30:00+01:00,45.52,45.61,44.99,44.99
2022-05-18T16:30:00+01:00,45,45.06,44.35,44.41
2022-05-18T17:30:00+01:00,44.3,44.36,44.05,44.14
2022-05-18T18:30:00+01:00,44.1,44.14,43.865,43.91
2022-05-18T19:30:00+01:00,43.9,43.92,43.365,43.365
2022-05-18T20:30:00+01:00,43.4,43.72,43.255,43.29
2022-05-19T14:30:00+01:00,42.42,42.5,40.9,41.59
2022-05-19T15:30:00+01:00,41.61,41.72,41,41.25
2022-05-19T16:30:00+01:00,41.28,41.87,41.28,41.64
2022-05-19T17:30:00+01:00,41.61,41.63,40.98,41.41
2022-05-19T18:30:00+01:00,41.39,41.68,41.13,41.56
2022-05-19T19:30:00+01:00,41.54,42.03,41.45,41.45
2022-05-19T20:30:00+01:00,41.46,41.56,41.05,41.05
2022-05-20T14:30:00+01:00,41.39,41.42,39.81,40.13
2022-05-20T15:30:00+01:00,40.1,40.29,39.65,39.77
2022-05-20T16:30:00+01:00,39.78,39.91,39.27,39.28
2022-05-20T17:30:00+01:00,39.24,39.31,38.59,38.59
2022-05-20T18:30:00+01:00,38.56,38.77,38.33,38.54
2022-05-20T19:30:00+01:00,38.53,39.26,38.4,39.26
2022-05-20T20:30:00+01:00,39.27,40.09,39.17,40.06
2022-05-23T14:30:00+01:00,40.81,41.44,40.6,40.86
2022-05-23T15:30:00+01:00,41.07,41.32,40.96,41.07
2022-05-23T16:30:00+01:00,41.07,41.15,40.65,40.96
2022-05-23T17:30:00+01:00,40.94,41.15,40.67,40.83
2022-05-23T18:30:00+01:00,40.81,41.35,40.81,41.32
2022-05-23T19:30:00+01:00,41.3,41.33,41.09,41.26
2022-05-23T20:30:00+01:00,41.26,41.475,40.92,41.24
2022-05-24T14:30:00+01:00,41.06,41.39,39.98,40.26
2022-05-24T15:30:00+01:00,40.22,40.4,39.9,40.36
2022-05-24T16:30:00+01:00,40.43,40.82,40.28,40.58
2022-05-24T17:30:00+01:00,40.55,40.58,40.23,40.35
2022-05-24T18:30:00+01:00,40.35,40.7,40.25,40.61
2022-05-24T19:30:00+01:00,40.59,40.76,40.38,40.76
2022-05-24T20:30:00+01:00,40.75,41.08,40.75,40.87
2022-05-25T14:30:00+01:00,40.97,42.37,40.97,42.37
2022-05-25T15:30:00+01:00,42.4,42.97,42.37,42.94
2022-05-25T16:30:00+01:00,42.85,43.04,42.56,42.77
2022-05-25T17:30:00+01:00,42.76,42.93,42.62,42.75
2022-05-25T18:30:00+01:00,42.76,43.28,42.74,43.22
2022-05-25T19:30:00+01:00,43.23,43.6,43.14,43.56
2022-05-25T20:30:00+01:00,43.56,43.67,43.28,43.31
2022-05-26T14:30:00+01:00,42.39,44.03,42.03,44
2022-05-26T15:30:00+01:00,43.97,44.12,43.6,44.03
2022-05-26T16:30:00+01:00,44.03,44.27,43.82,44.27
2022-05-26T17:30:00+01:00,44.25,44.33,44.05,44.05
2022-05-26T18:30:00+01:00,44.04,44.21,43.97,44.02
2022-05-26T19:30:00+01:00,44.065,44.065,43.75,44.05
2022-05-26T20:30:00+01:00,44.11,44.17,43.72,43.98
2022-05-27T14:30:00+01:00,50.51,52.54,48.885,49.28
2022-05-27T15:30:00+01:00,49.295,49.68,48.51,48.63
2022-05-27T16:30:00+01:00,48.66,49.405,48.47,49.25
2022-05-27T17:30:00+01:00,49.24,49.66,49.24,49.61
2022-05-27T18:30:00+01:00,49.61,49.68,49.07,49.09
2022-05-27T19:30:00+01:00,49.08,49.56,48.975,49.23
2022-05-27T20:30:00+01:00,49.24,49.64,49.085,49.56
2022-05-31T14:30:00+01:00,49.44,49.82,48.42,49.07
2022-05-31T15:30:00+01:00,49.17,49.2,48.62,48.85
2022-05-31T16:30:00+01:00,48.8,49.37,48.73,49.35
2022-05-31T17:30:00+01:00,49.35,49.46,49.19,49.31
2022-05-31T18:30:00+01:00,49.3,49.97,49.25,49.85
2022-05-31T19:30:00+01:00,49.84,50.04,49.53,50.03
2022-05-31T20:30:00+01:00,50.04,50.45,49.93,49.96
2022-06-01T14:30:00+01:00,50.54,51.22,50.21,50.39
2022-06-01T15:30:00+01:00,50.47,50.8,50.19,50.28
2022-06-01T16:30:00+01:00,50.29,50.55,49.9,50.08
2022-06-01T17:30:00+01:00,50.05,50.7,50.04,50.67
2022-06-01T18:30:00+01:00,50.62,51.36,50.59,51.26
2022-06-01T19:30:00+01:00,51.27,51.52,51.1,51.13
2022-06-01T20:30:00+01:00,51.08,51.16,50.58,50.66
2022-06-02T14:30:00+01:00,49.99,50.69,49.96,50.17
2022-06-02T15:30:00+01:00,50.16,50.7,50.13,50.56
2022-06-02T16:30:00+01:00,50.56,51.16,50.49,51.15
2022-06-02T17:30:00+01:00,51.15,51.195,50.79,50.86
2022-06-02T18:30:00+01:00,50.84,51.05,50.73,51
2022-06-02T19:30:00+01:00,51.05,51.14,50.93,51.005
2022-06-02T20:30:00+01:00,51.03,51.335,51.03,51.28
2022-06-03T14:30:00+01:00,50.85,51.71,50.82,51.4
2022-06-03T15:30:00+01:00,51.34,51.34,51.03,51.14
2022-06-03T16:30:00+01:00,51.15,51.45,51.15,51.4
2022-06-03T17:30:00+01:00,51.39,51.49,51.25,51.31
2022-06-03T18:30:00+01:00,51.28,51.5,51.27,51.41
2022-06-03T19:30:00+01:00,51.43,51.43,50.9,51.13
2022-06-03T20:30:00+01:00,51.08,51.22,51.015,51.015
2022-06-06T14:30:00+01:00,51.1,51.29,50.75,51.02
2022-06-06T15:30:00+01:00,50.96,51,50.42,50.52
2022-06-06T16:30:00+01:00,50.57,50.82,50.45,50.51
2022-06-06T17:30:00+01:00,50.42,50.65,50.41,50.58
2022-06-06T18:30:00+01:00,50.58,50.76,50.195,50.24
2022-06-06T19:30:00+01:00,50.22,50.24,50.02,50.09
2022-06-06T20:30:00+01:00,50.08,50.21,49.945,50.06
2022-06-07T14:30:00+01:00,49.73,50.89,49.73,50.89
2022-06-07T15:30:00+01:00,50.85,51.08,50.61,50.61
2022-06-07T16:30:00+01:00,50.61,50.66,50.42,50.54
2022-06-07T17:30:00+01:00,50.54,50.91,50.49,50.88
2022-06-07T18:30:00+01:00,50.92,51.03,50.78,50.97
2022-06-07T19:30:00+01:00,50.96,51.11,50.85,51.08
2022-06-07T20:30:00+01:00,51.07,51.25,51.06,51.21
2022-06-08T14:30:00+01:00,51.1,51.1,50.5,50.71
2022-06-08T15:30:00+01:00,50.74,51.17,50.64,51.135
2022-06-08T16:30:00+01:00,51.13,51.28,51.07,51.17
2022-06-08T17:30:00+01:00,51.21,51.21,50.77,50.77
2022-06-08T18:30:00+01:00,50.63,50.76,50.375,50.44
2022-06-08T19:30:00+01:00,50.41,50.62,50.37,50.61
2022-06-08T20:30:00+01:00,50.59,50.61,50.34,50.34
2022-06-09T14:30:00+01:00,50.3,50.88,50.16,50.33
2022-06-09T15:30:00+01:00,50.41,50.56,50.01,50.18
2022-06-09T16:30:00+01:00,50.35,50.91,50.32,50.91
2022-06-09T17:30:00+01:00,50.86,51.37,50.86,51.17
2022-06-09T18:30:00+01:00,51.14,51.4,50.99,51.03
2022-06-09T19:30:00+01:00,51,51.01,50.69,50.83
2022-06-09T20:30:00+01:00,50.78,50.78,50.34,50.35
2022-06-10T14:30:00+01:00,49.99,50.16,49.2,49.25
2022-06-10T15:30:00+01:00,49.17,49.39,49.075,49.075
2022-06-10T16:30:00+01:00,49.11,49.45,49.06,49.35
2022-06-10T17:30:00+01:00,49.43,49.76,49.365,49.75
2022-06-10T18:30:00+01:00,49.74,49.95,49.54,49.54
2022-06-10T19:30:00+01:00,49.57,49.81,49.44,49.72
2022-06-10T20:30:00+01:00,49.72,49.725,49.15,49.15
2022-06-13T14:30:00+01:00,47.76,48.24,47.34,47.35
2022-06-13T15:30:00+01:00,47.34,47.62,47.09,47.57
2022-06-13T16:30:00+01:00,47.56,47.89,47.465,47.79
2022-06-13T17:30:00+01:00,47.75,47.97,47.44,47.44
2022-06-13T18:30:00+01:00,47.43,47.86,47.4,47.6
2022-06-13T19:30:00+01:00,47.57,47.69,47.295,47.295
2022-06-13T20:30:00+01:00,47.25,47.37,47.085,47.25
2022-06-14T14:30:00+01:00,47.74,47.8,47.23,47.61
2022-06-14T15:30:00+01:00,47.59,47.73,47.44,47.57
2022-06-14T16:30:00+01:00,47.55,47.71,47.18,47.28
2022-06-14T17:30:00+01:00,47.27,47.55,47.26,47.47
2022-06-14T18:30:00+01:00,47.41,47.62,47.19,47.62
2022-06-14T19:30:00+01:00,47.6,47.6,47.03,47.24
2022-06-14T20:30:00+01:00,47.25,47.6,47.25,47.34
2022-06-15T14:30:00+01:00,47.75,48.29,47.52,48.28
2022-06-15T15:30:00+01:00,48.29,48.38,47.95,48.05
2022-06-15T16:30:00+01:00,48.06,48.29,48.05,48.24
2022-06-15T17:30:00+01:00,48.21,48.21,47.88,48.06
2022-06-15T18:30:00+01:00,47.99,48.04,47.34,47.48
2022-06-15T19:30:00+01:00,47.5,48.51,47.15,48.44
2022-06-15T20:30:00+01:00,48.38,48.58,47.75,47.89
2022-06-16T14:30:00+01:00,46.89,47,46.13,46.34
2022-06-16T15:30:00+01:00,46.33,46.39,45.65,46.04
2022-06-16T16:30:00+01:00,45.9,45.95,45.73,45.8
2022-06-16T17:30:00+01:00,45.87,45.975,45.76,45.95
2022-06-16T18:30:00+01:00,45.89,45.96,45.45,45.58
2022-06-16T19:30:00+01:00,45.57,45.84,45.42,45.84
2022-06-16T20:30:00+01:00,45.83,45.88,45.65,45.88
2022-06-17T14:30:00+01:00,46.75,47.39,46.47,46.56
2022-06-17T15:30:00+01:00,46.58,47.05,46.37,47.05
2022-06-17T16:30:00+01:00,47.06,47.08,46.7,47.08
2022-06-17T17:30:00+01:00,47,47.48,46.98,47.43
2022-06-17T18:30:00+01:00,47.45,47.62,47.4,47.54
2022-06-17T19:30:00+01:00,47.49,47.81,47.42,47.69
2022-06-17T20:30:00+01:00,47.68,47.93,47.54,47.59
2022-06-21T14:30:00+01:00,49.11,49.12,48.63,48.84
2022-06-21T15:30:00+01:00,48.92,49.08,48.84,49.06
2022-06-21T16:30:00+01:00,49.08,49.26,49.03,49.16
2022-06-21T17:30:00+01:00,49.13,49.34,49.02,49.255
2022-06-21T18:30:00+01:00,49.29,49.44,49.11,49.22
2022-06-21T19:30:00+01:00,49.25,49.275,49.07,49.2
2022-06-21T20:30:00+01:00,49.2,49.38,49.14,49.26
2022-06-22T14:30:00+01:00,49.03,49.75,48.93,49.35
2022-06-22T15:30:00+01:00,49.38,49.43,48.94,49.02
2022-06-22T16:30:00+01:00,49,49.07,48.43,48.71
2022-06-22T17:30:00+01:00,48.69,48.9,48.69,48.9
2022-06-22T18:30:00+01:00,48.91,49.19,48.85,48.95
2022-06-22T19:30:00+01:00,48.95,49.11,48.71,48.71
2022-06-22T20:30:00+01:00,48.68,48.78,48.52,48.68
2022-06-23T14:30:00+01:00,48.78,49.46,48.78,49.16
2022-06-23T15:30:00+01:00,49.1,49.52,49.02,49.49
2022-06-23T16:30:00+01:00,49.49,49.49,48.83,48.99
2022-06-23T17:30:00+01:00,48.98,48.98,48.39,48.69
2022-06-23T18:30:00+01:00,48.63,48.7,48.51,48.6
2022-06-23T19:30:00+01:00,48.71,49.17,48.69,49.15
2022-06-23T20:30:00+01:00,49.135,49.16,48.99,49.03
2022-06-24T14:30:00+01:00,49.45,50.25,49.445,49.985
2022-06-24T15:30:00+01:00,50.02,50.64,49.99,50.47
2022-06-24T16:30:00+01:00,50.43,50.69,50.25,50.25
2022-06-24T17:30:00+01:00,50.25,50.33,50.19,50.33
2022-06-24T18:30:00+01:00,50.36,50.36,50.09,50.23
2022-06-24T19:30:00+01:00,50.22,50.4,50.13,50.4
2022-06-24T20:30:00+01:00,50.38,50.51,50.14,50.28
2022-06-27T14:30:00+01:00,50.44,50.44,49.95,50.025
2022-06-27T15:30:00+01:00,50.08,50.41,50.04,50.35
2022-06-27T16:30:00+01:00,50.28,50.38,50.14,50.32
2022-06-27T17:30:00+01:00,50.24,50.39,50.11,50.11
2022-06-27T18:30:00+01:00,50.1,50.255,49.99,50.18
2022-06-27T19:30:00+01:00,50.2,50.46,50.15,50.38
2022-06-27T20:30:00+01:00,50.38,50.44,50.15,50.21
2022-06-28T14:30:00+01:00,50.48,50.62,50.08,50.17
2022-06-28T15:30:00+01:00,50.07,50.08,49.56,49.61
2022-06-28T16:30:00+01:00,49.57,49.62,49.21,49.45
2022-06-28T17:30:00+01:00,49.54,49.75,49.29,49.53
2022-06-28T18:30:00+01:00,49.62,49.62,49.12,49.14
2022-06-28T19:30:00+01:00,49.07,49.17,48.9,49.095
2022-06-28T20:30:00+01:00,49.12,49.245,48.9,48.93
2022-06-29T14:30:00+01:00,48.63,48.64,47.85,47.98
2022-06-29T15:30:00+01:00,47.96,48.06,47.59,47.72
2022-06-29T16:30:00+01:00,47.75,47.97,47.57,47.57
2022-06-29T17:30:00+01:00,47.58,47.76,47.55,47.71
2022-06-29T18:30:00+01:00,47.67,47.92,47.6,47.69
2022-06-29T19:30:00+01:00,47.7,47.7,47.46,47.63
2022-06-29T20:30:00+01:00,47.6,47.6,47.25,47.39
2022-06-30T14:30:00+01:00,46.66,46.66,45.92,46.015
2022-06-30T15:30:00+01:00,46.03,46.64,45.95,46.64
2022-06-30T16:30:00+01:00,46.61,47.105,46.49,47.07
2022-06-30T17:30:00+01:00,47.19,47.27,46.49,46.52
2022-06-30T18:30:00+01:00,46.53,46.82,46.49,46.63
2022-06-30T19:30:00+01:00,46.62,46.62,46.08,46.38
2022-06-30T20:30:00+01:00,46.4,46.55,46.01,46.21
2022-07-01T14:30:00+01:00,45.93,45.93,44.08,44.13
2022-07-01T15:30:00+01:00,44.05,44.05,43.28,43.31
2022-07-01T16:30:00+01:00,43.34,43.48,42.77,42.97
2022-07-01T17:30:00+01:00,42.98,43.01,42.43,42.61
2022-07-01T18:30:00+01:00,42.61,42.88,42.52,42.57
2022-07-01T19:30:00+01:00,42.6,42.79,42.54,42.59
2022-07-01T20:30:00+01:00,42.59,42.76,42.52,42.75
2022-07-05T14:30:00+01:00,41.7,42.36,41.58,42.23
2022-07-05T15:30:00+01:00,42.23,42.83,42.23,42.29
2022-07-05T16:30:00+01:00,42.3,42.875,42.23,42.81
2022-07-05T17:30:00+01:00,42.79,43.12,42.62,42.94
2022-07-05T18:30:00+01:00,42.92,43,42.77,42.91
2022-07-05T19:30:00+01:00,42.91,43.18,42.91,43.165
2022-07-05T20:30:00+01:00,43.14,43.18,43.05,43.13
2022-07-06T14:30:00+01:00,42.85,43.05,42.01,42.12
2022-07-06T15:30:00+01:00,42.13,42.19,41.75,41.75
2022-07-06T16:30:00+01:00,41.77,41.86,41.55,41.56
2022-07-06T17:30:00+01:00,41.59,41.84,41.59,41.65
2022-07-06T18:30:00+01:00,41.65,42.09,41.62,42.08
2022-07-06T19:30:00+01:00,42.13,42.51,42.12,42.49
2022-07-06T20:30:00+01:00,42.44,42.56,42.175,42.2
2022-07-07T14:30:00+01:00,42.69,43.44,42.66,42.93
2022-07-07T15:30:00+01:00,43,43.17,42.93,43.15
2022-07-07T16:30:00+01:00,43.15,43.27,43.07,43.23
2022-07-07T17:30:00+01:00,43.21,43.42,43.19,43.39
2022-07-07T18:30:00+01:00,43.365,43.42,43.17,43.21
2022-07-07T19:30:00+01:00,43.22,43.22,43.03,43.09
2022-07-07T20:30:00+01:00,43.09,43.185,42.88,42.94
2022-07-08T14:30:00+01:00,42.6,42.93,42.18,42.91
2022-07-08T15:30:00+01:00,42.93,43.15,42.735,43.06
2022-07-08T16:30:00+01:00,43.09,43.24,42.93,42.93
2022-07-08T17:30:00+01:00,42.92,42.97,42.8,42.92
2022-07-08T18:30:00+01:00,42.94,43.09,42.84,43.04
2022-07-08T19:30:00+01:00,43.03,43.03,42.91,43.01
2022-07-08T20:30:00+01:00,43.02,43.04,42.86,42.9
2022-07-11T14:30:00+01:00,42.54,43.01,42.31,42.4
2022-07-11T15:30:00+01:00,42.41,42.79,42.41,42.71
2022-07-11T16:30:00+01:00,42.71,42.725,42.52,42.58
2022-07-11T17:30:00+01:00,42.55,42.77,42.52,42.77
2022-07-11T18:30:00+01:00,42.78,42.88,42.72,42.73
2022-07-11T19:30:00+01:00,42.72,42.73,42.54,42.65
2022-07-11T20:30:00+01:00,42.64,42.68,42.42,42.48
2022-07-12T14:30:00+01:00,42.65,43.41,42.65,43.25
2022-07-12T15:30:00+01:00,43.26,43.67,43.18,43.67
2022-07-12T16:30:00+01:00,43.64,43.69,43.23,43.24
2022-07-12T17:30:00+01:00,43.2,43.33,43.16,43.2
2022-07-12T18:30:00+01:00,43.21,43.43,43.2,43.365
2022-07-12T19:30:00+01:00,43.42,43.42,42.63,42.69
2022-07-12T20:30:00+01:00,42.69,43.17,42.61,43.035
2022-07-13T14:30:00+01:00,42.52,43.41,42.41,42.905
2022-07-13T15:30:00+01:00,42.89,43.41,42.81,43.01
2022-07-13T16:30:00+01:00,43.05,43.22,42.82,43.12
2022-07-13T17:30:00+01:00,43.11,43.39,43.1,43.3
2022-07-13T18:30:00+01:00,43.29,43.57,43.25,43.48
2022-07-13T19:30:00+01:00,43.49,43.57,43.34,43.39
2022-07-13T20:30:00+01:00,43.38,43.38,43.12,43.14
2022-07-14T14:30:00+01:00,42.55,42.61,41.37,41.61
2022-07-14T15:30:00+01:00,41.63,41.82,41.5,41.77
2022-07-14T16:30:00+01:00,41.8,42.48,41.8,42.205
2022-07-14T17:30:00+01:00,42.21,42.385,41.99,42.31
2022-07-14T18:30:00+01:00,42.31,42.67,42.22,42.67
2022-07-14T19:30:00+01:00,42.66,42.75,42.56,42.73
2022-07-14T20:30:00+01:00,42.76,42.8,42.49,42.71
2022-07-15T14:30:00+01:00,43.23,43.27,42.63,43.25
2022-07-15T15:30:00+01:00,43.23,43.34,42.99,43.2
2022-07-15T16:30:00+01:00,43.19,43.24,43.01,43.04
2022-07-15T17:30:00+01:00,43.05,43.21,43.01,43.21
2022-07-15T18:30:00+01:00,43.22,43.22,43.035,43.09
2022-07-15T19:30:00+01:00,43.08,43.33,43.055,43.26
2022-07-15T20:30:00+01:00,43.27,43.46,43.22,43.45
2022-07-18T14:30:00+01:00,43.99,44.12,43.64,43.9
2022-07-18T15:30:00+01:00,44,44.01,43.83,43.885
2022-07-18T16:30:00+01:00,43.85,43.95,43.83,43.89
2022-07-18T17:30:00+01:00,43.91,43.91,43.51,43.51
2022-07-18T18:30:00+01:00,43.43,43.44,42.97,43.05
2022-07-18T19:30:00+01:00,43.035,43.14,42.95,43.02
2022-07-18T20:30:00+01:00,42.98,43,42.8,42.91
2022-07-19T14:30:00+01:00,43.01,44.095,43.01,44.095
2022-07-19T15:30:00+01:00,44.13,44.14,43.81,43.99
2022-07-19T16:30:00+01:00,43.98,44.07,43.87,43.95
2022-07-19T17:30:00+01:00,43.93,44.03,43.81,43.82
2022-07-19T18:30:00+01:00,43.84,44.04,43.84,43.9
2022-07-19T19:30:00+01:00,43.92,44.025,43.91,44
2022-07-19T20:30:00+01:00,44.02,44.09,43.91,44.045
2022-07-20T14:30:00+01:00,44.11,44.46,43.93,44.41
2022-07-20T15:30:00+01:00,44.44,44.68,44.31,44.31
2022-07-20T16:30:00+01:00,44.32,44.32,44.12,44.13
2022-07-20T17:30:00+01:00,44.12,44.12,43.48,43.69
2022-07-20T18:30:00+01:00,43.73,44,43.65,43.97
2022-07-20T19:30:00+01:00,43.97,44.3,43.96,44.25
2022-07-20T20:30:00+01:00,44.25,44.25,44.11,44.165
2022-07-21T14:30:00+01:00,44.15,44.515,43.79,43.87
2022-07-21T15:30:00+01:00,43.89,44.19,43.83,44.1
2022-07-21T16:30:00+01:00,44.075,44.38,44.02,44.38
2022-07-21T17:30:00+01:00,44.4,44.55,44.39,44.51
2022-07-21T18:30:00+01:00,44.5,44.53,44.39,44.51
2022-07-21T19:30:00+01:00,44.5,44.58,44.34,44.55
2022-07-21T20:30:00+01:00,44.56,44.73,44.5,44.63
2022-07-22T14:30:00+01:00,44.42,44.52,43.83,43.95
2022-07-22T15:30:00+01:00,44,44.26,43.69,43.69
2022-07-22T16:30:00+01:00,43.685,43.77,43.49,43.77
2022-07-22T17:30:00+01:00,43.79,43.87,43.6,43.645
2022-07-22T18:30:00+01:00,43.63,43.63,43.42,43.57
2022-07-22T19:30:00+01:00,43.56,43.65,43.38,43.42
2022-07-22T20:30:00+01:00,43.41,43.42,43.2,43.34
2022-07-25T14:30:00+01:00,43.76,44.27,43.43,43.48
2022-07-25T15:30:00+01:00,43.45,43.51,43.27,43.41
2022-07-25T16:30:00+01:00,43.48,43.79,43.48,43.65
2022-07-25T17:30:00+01:00,43.64,43.88,43.63,43.72
2022-07-25T18:30:00+01:00,43.74,43.79,43.64,43.65
2022-07-25T19:30:00+01:00,43.65,43.71,43.49,43.66
2022-07-25T20:30:00+01:00,43.65,43.88,43.61,43.88
2022-07-26T14:30:00+01:00,43.85,44.05,43.67,43.85
2022-07-26T15:30:00+01:00,43.87,44.08,43.42,43.42
2022-07-26T16:30:00+01:00,43.43,43.5,43.3,43.31
2022-07-26T17:30:00+01:00,43.31,43.57,43.3,43.57
2022-07-26T18:30:00+01:00,43.54,43.68,43.46,43.46
2022-07-26T19:30:00+01:00,43.45,43.51,43.36,43.45
2022-07-26T20:30:00+01:00,43.47,43.49,43.395,43.44
2022-07-27T14:30:00+01:00,43.72,43.75,43.38,43.75
2022-07-27T15:30:00+01:00,43.76,43.82,43.57,43.57
2022-07-27T16:30:00+01:00,43.58,43.86,43.58,43.68
2022-07-27T17:30:00+01:00,43.67,43.76,43.57,43.61
2022-07-27T18:30:00+01:00,43.61,43.75,43.54,43.7
2022-07-27T19:30:00+01:00,43.68,44.37,43.55,44.37
2022-07-27T20:30:00+01:00,44.37,44.48,44.29,44.29
2022-07-28T14:30:00+01:00,44.415,44.82,43.92,43.96
2022-07-28T15:30:00+01:00,44.01,44.48,43.95,44.48
2022-07-28T16:30:00+01:00,44.54,44.54,44.32,44.43
2022-07-28T17:30:00+01:00,44.43,44.615,44.33,44.615
2022-07-28T18:30:00+01:00,44.61,44.725,44.57,44.57
2022-07-28T19:30:00+01:00,44.56,44.57,44.47,44.5
2022-07-28T20:30:00+01:00,44.49,44.54,44.38,44.51
2022-07-29T14:30:00+01:00,44.37,44.63,44.21,44.27
2022-07-29T15:30:00+01:00,44.29,44.42,44.06,44.08
2022-07-29T16:30:00+01:00,44.08,44.47,44.06,44.43
2022-07-29T17:30:00+01:00,44.45,44.53,44.36,44.52
2022-07-29T18:30:00+01:00,44.51,44.87,44.51,44.85
2022-07-29T19:30:00+01:00,44.84,44.87,44.78,44.87
2022-07-29T20:30:00+01:00,44.915,45.08,44.87,45.055
2022-08-01T14:30:00+01:00,44.79,45.47,44.62,45.3
2022-08-01T15:30:00+01:00,45.34,45.66,45.31,45.62
2022-08-01T16:30:00+01:00,45.62,45.74,45.55,45.67
2022-08-01T17:30:00+01:00,45.65,45.65,45.34,45.35
2022-08-01T18:30:00+01:00,45.34,45.34,45.17,45.23
2022-08-01T19:30:00+01:00,45.26,45.39,45.09,45.27
2022-08-01T20:30:00+01:00,45.29,45.45,45.29,45.43
2022-08-02T14:30:00+01:00,45.05,45.19,44.2,44.33
2022-08-02T15:30:00+01:00,44.39,44.8,44.32,44.8
2022-08-02T16:30:00+01:00,44.65,45.03,44.55,44.96
2022-08-02T17:30:00+01:00,44.93,44.93,44.57,44.57
2022-08-02T18:30:00+01:00,44.535,44.54,44.135,44.54
2022-08-02T19:30:00+01:00,44.58,44.63,44.26,44.33
2022-08-02T20:30:00+01:00,44.36,44.45,44.24,44.26
2022-08-03T14:30:00+01:00,44.22,44.34,43.685,43.8
2022-08-03T15:30:00+01:00,43.86,43.86,43.435,43.61
2022-08-03T16:30:00+01:00,43.65,44.24,43.65,44.19
2022-08-03T17:30:00+01:00,44.27,44.61,44.27,44.56
2022-08-03T18:30:00+01:00,44.64,44.84,44.63,44.75
2022-08-03T19:30:00+01:00,44.8,44.85,44.73,44.75
2022-08-03T20:30:00+01:00,44.73,44.74,44.45,44.47
2022-08-04T14:30:00+01:00,44.37,44.43,43.57,43.85
2022-08-04T15:30:00+01:00,43.84,44,43.71,43.88
2022-08-04T16:30:00+01:00,43.92,44.01,43.79,43.92
2022-08-04T17:30:00+01:00,43.87,43.94,43.685,43.85
2022-08-04T18:30:00+01:00,43.84,44.03,43.84,43.99
2022-08-04T19:30:00+01:00,43.99,44.2,43.92,44.18
2022-08-04T20:30:00+01:00,44.19,44.28,44.04,44.215
2022-08-05T14:30:00+01:00,43.87,45.33,43.83,45.22
2022-08-05T15:30:00+01:00,45.19,45.41,45.03,45.03
2022-08-05T16:30:00+01:00,45.02,45.16,44.87,45.11
2022-08-05T17:30:00+01:00,45.13,45.38,45.09,45.31
2022-08-05T18:30:00+01:00,45.28,45.36,45,45.01
2022-08-05T19:30:00+01:00,44.99,45.145,44.95,45.14
2022-08-05T20:30:00+01:00,45.13,45.435,45.13,45.41
2022-08-08T14:30:00+01:00,45.65,46.28,45.59,46
2022-08-08T15:30:00+01:00,46.07,46.42,45.87,45.89
2022-08-08T16:30:00+01:00,45.87,45.87,45.27,45.34
2022-08-08T17:30:00+01:00,45.29,45.49,45.23,45.36
2022-08-08T18:30:00+01:00,45.36,45.44,45.28,45.43
2022-08-08T19:30:00+01:00,45.46,45.56,45.43,45.53
2022-08-08T20:30:00+01:00,45.47,45.53,45.38,45.45
2022-08-09T14:30:00+01:00,45.42,45.42,44.92,45
2022-08-09T15:30:00+01:00,44.9,44.98,44.81,44.86
2022-08-09T16:30:00+01:00,44.86,44.89,44.57,44.61
2022-08-09T17:30:00+01:00,44.64,44.8,44.62,44.77
2022-08-09T18:30:00+01:00,44.81,45.05,44.745,44.96
2022-08-09T19:30:00+01:00,44.99,45.26,44.99,45.13
2022-08-09T20:30:00+01:00,45.1,45.11,44.98,45.085
2022-08-10T14:30:00+01:00,46,46.68,45.89,46.57
2022-08-10T15:30:00+01:00,46.52,47.06,46.52,47.06
2022-08-10T16:30:00+01:00,47.07,47.07,46.66,46.695
2022-08-10T17:30:00+01:00,46.71,46.88,46.65,46.875
2022-08-10T18:30:00+01:00,46.895,47.21,46.87,46.98
2022-08-10T19:30:00+01:00,46.98,47.13,46.965,47.115
2022-08-10T20:30:00+01:00,47.115,47.23,47.055,47.22
2022-08-11T14:30:00+01:00,47.55,48.44,47.5,48.18
2022-08-11T15:30:00+01:00,48.27,48.38,47.6,47.74
2022-08-11T16:30:00+01:00,47.76,47.77,47.51,47.7
2022-08-11T17:30:00+01:00,47.73,47.96,47.73,47.9
2022-08-11T18:30:00+01:00,47.905,47.995,47.72,47.75
2022-08-11T19:30:00+01:00,47.73,47.73,47.33,47.52
2022-08-11T20:30:00+01:00,47.54,47.65,47.44,47.595
2022-08-12T14:30:00+01:00,47.68,48.29,47.68,48.11
2022-08-12T15:30:00+01:00,48.07,48.08,47.84,47.96
2022-08-12T16:30:00+01:00,47.92,47.99,47.89,47.96
2022-08-12T17:30:00+01:00,47.98,47.98,47.85,47.96
2022-08-12T18:30:00+01:00,47.91,47.98,47.88,47.88
2022-08-12T19:30:00+01:00,47.89,48.01,47.85,47.98
2022-08-12T20:30:00+01:00,47.99,48.255,47.945,48.23
2022-08-15T14:30:00+01:00,48.09,48.68,48.09,48.38
2022-08-15T15:30:00+01:00,48.37,48.39,47.98,48.2
2022-08-15T16:30:00+01:00,48.24,48.49,48.19,48.48
2022-08-15T17:30:00+01:00,48.5,48.63,48.44,48.51
2022-08-15T18:30:00+01:00,48.49,48.49,48.34,48.355
2022-08-15T19:30:00+01:00,48.35,48.39,48.19,48.315
2022-08-15T20:30:00+01:00,48.31,48.41,48.3,48.31
2022-08-16T14:30:00+01:00,48.29,48.72,48.24,48.63
2022-08-16T15:30:00+01:00,48.52,48.88,48.46,48.88
2022-08-16T16:30:00+01:00,48.96,49.24,48.9,49.07
2022-08-16T17:30:00+01:00,49.11,49.11,48.8,48.84
2022-08-16T18:30:00+01:00,48.82,48.84,48.69,48.76
2022-08-16T19:30:00+01:00,48.76,48.76,48.51,48.64
2022-08-16T20:30:00+01:00,48.63,48.68,48.55,48.58
2022-08-17T14:30:00+01:00,48.2,48.24,47.565,47.78
2022-08-17T15:30:00+01:00,47.82,47.83,47.49,47.52
2022-08-17T16:30:00+01:00,47.55,47.56,47.19,47.35
2022-08-17T17:30:00+01:00,47.39,47.51,47.36,47.5
2022-08-17T18:30:00+01:00,47.57,47.9,47.5,47.84
2022-08-17T19:30:00+01:00,47.85,48.02,47.6,47.7
2022-08-17T20:30:00+01:00,47.71,47.86,47.68,47.84
2022-08-18T14:30:00+01:00,48.24,48.53,47.81,48.5
2022-08-18T15:30:00+01:00,48.49,48.87,48.47,48.8
2022-08-18T16:30:00+01:00,48.81,48.85,48.49,48.49
2022-08-18T17:30:00+01:00,48.45,48.63,48.36,48.61
2022-08-18T18:30:00+01:00,48.6,48.69,48.57,48.67
2022-08-18T19:30:00+01:00,48.65,48.955,48.62,48.87
2022-08-18T20:30:00+01:00,48.865,49.03,48.865,48.9
2022-08-19T14:30:00+01:00,48.22,48.27,47.35,47.48
2022-08-19T15:30:00+01:00,47.48,47.66,47.39,47.66
2022-08-19T16:30:00+01:00,47.675,47.675,47.425,47.43
2022-08-19T17:30:00+01:00,47.41,47.49,47.38,47.42
2022-08-19T18:30:00+01:00,47.41,47.58,47.38,47.545
2022-08-19T19:30:00+01:00,47.555,47.61,47.48,47.6
2022-08-19T20:30:00+01:00,47.6,47.72,47.525,47.695
2022-08-22T14:30:00+01:00,46.94,47.05,46.55,46.65
2022-08-22T15:30:00+01:00,46.64,47.11,46.59,47.06
2022-08-22T16:30:00+01:00,47.02,47.14,46.82,46.93
2022-08-22T17:30:00+01:00,46.9,47,46.8,46.81
2022-08-22T18:30:00+01:00,46.81,47.21,46.76,46.955
2022-08-22T19:30:00+01:00,46.95,46.95,46.745,46.785
2022-08-22T20:30:00+01:00,46.79,46.84,46.565,46.84
2022-08-23T14:30:00+01:00,46.74,47.81,46.74,47.53
2022-08-23T15:30:00+01:00,47.54,47.75,47.29,47.39
2022-08-23T16:30:00+01:00,47.31,47.32,47,47.01
2022-08-23T17:30:00+01:00,47.02,47.24,46.97,47.08
2022-08-23T18:30:00+01:00,47.06,47.09,46.9,46.99
2022-08-23T19:30:00+01:00,46.99,47.15,46.9,47.12
2022-08-23T20:30:00+01:00,47.11,47.13,46.91,46.93
2022-08-24T14:30:00+01:00,46.75,46.89,46.18,46.88
2022-08-24T15:30:00+01:00,46.89,47.22,46.7,47.19
2022-08-24T16:30:00+01:00,47.18,47.21,46.95,47
2022-08-24T17:30:00+01:00,46.99,47,46.78,46.78
2022-08-24T18:30:00+01:00,46.79,46.81,46.67,46.74
2022-08-24T19:30:00+01:00,46.74,46.79,46.6,46.78
2022-08-24T20:30:00+01:00,46.78,46.89,46.6,46.62
2022-08-25T14:30:00+01:00,47.2,47.9,47.2,47.65
2022-08-25T15:30:00+01:00,47.65,47.95,47.59,47.68
2022-08-25T16:30:00+01:00,47.67,47.97,47.55,47.8
2022-08-25T17:30:00+01:00,47.81,47.82,47.62,47.74
2022-08-25T18:30:00+01:00,47.75,47.88,47.49,47.61
2022-08-25T19:30:00+01:00,47.6,47.755,47.33,47.73
2022-08-25T20:30:00+01:00,47.75,48,47.66,48
2022-08-26T14:30:00+01:00,45.86,45.86,43.135,43.71
2022-08-26T15:30:00+01:00,43.7,43.76,42.69,42.9
2022-08-26T16:30:00+01:00,42.895,42.92,42.09,42.29
2022-08-26T17:30:00+01:00,42.28,42.72,42.23,42.405
2022-08-26T18:30:00+01:00,42.4,42.49,42.07,42.31
2022-08-26T19:30:00+01:00,42.31,42.355,41.61,41.97
2022-08-26T20:30:00+01:00,41.97,42.065,41.19,41.43
2022-08-29T14:30:00+01:00,40.92,42.35,40.86,41.34
2022-08-29T15:30:00+01:00,41.33,41.38,40.83,40.98
2022-08-29T16:30:00+01:00,41.01,41.395,41.01,41.28
2022-08-29T17:30:00+01:00,41.27,41.41,41.205,41.31
2022-08-29T18:30:00+01:00,41.305,41.395,41.21,41.24
2022-08-29T19:30:00+01:00,41.235,41.295,40.75,40.755
2022-08-29T20:30:00+01:00,40.745,40.78,40.525,40.585
2022-08-30T14:30:00+01:00,40.87,41.31,40.24,40.26
2022-08-30T15:30:00+01:00,40.24,40.29,39.74,40.15
2022-08-30T16:30:00+01:00,40.16,40.43,40,40.22
2022-08-30T17:30:00+01:00,40.22,40.23,39.71,39.87
2022-08-30T18:30:00+01:00,39.83,40.09,39.75,40.03
2022-08-30T19:30:00+01:00,40.02,40.25,39.9,39.93
2022-08-30T20:30:00+01:00,39.93,40.02,39.69,39.69
2022-08-31T14:30:00+01:00,39.08,39.59,38.625,39.17
2022-08-31T15:30:00+01:00,39.15,39.33,39,39.27
2022-08-31T16:30:00+01:00,39.25,39.35,39.13,39.17
2022-08-31T17:30:00+01:00,39.15,39.16,38.9,38.91
2022-08-31T18:30:00+01:00,38.91,38.98,38.76,38.79
2022-08-31T19:30:00+01:00,38.765,38.83,38.55,38.71
2022-08-31T20:30:00+01:00,38.7,38.7,38.185,38.28
2022-09-01T14:30:00+01:00,37.88,38,37.34,37.66
2022-09-01T15:30:00+01:00,37.64,37.64,37.24,37.35
2022-09-01T16:30:00+01:00,37.355,37.6,37.12,37.21
2022-09-01T17:30:00+01:00,37.18,37.53,37.13,37.48
2022-09-01T18:30:00+01:00,37.48,37.64,37.34,37.62
2022-09-01T19:30:00+01:00,37.67,37.82,37.52,37.58
2022-09-01T20:30:00+01:00,37.58,37.695,37.47,37.65
2022-09-02T14:30:00+01:00,38.26,38.42,37.73,38.26
2022-09-02T15:30:00+01:00,38.27,38.44,38.05,38.1
2022-09-02T16:30:00+01:00,38.15,38.45,38.07,38.12
2022-09-02T17:30:00+01:00,38.1,38.13,37.6,37.62
2022-09-02T18:30:00+01:00,37.61,37.71,37.47,37.69
2022-09-02T19:30:00+01:00,37.7,37.84,37.58,37.71
2022-09-02T20:30:00+01:00,37.7,37.81,37.54,37.8
2022-09-06T14:30:00+01:00,37.91,37.91,36.81,37.01
2022-09-06T15:30:00+01:00,37.015,37.43,36.79,37.33
2022-09-06T16:30:00+01:00,37.36,37.64,37.32,37.385
2022-09-06T17:30:00+01:00,37.385,37.46,37.09,37.16
2022-09-06T18:30:00+01:00,37.15,37.3,37.1,37.2
2022-09-06T19:30:00+01:00,37.19,37.27,37.08,37.19
2022-09-06T20:30:00+01:00,37.17,37.36,37.05,37.32
2022-09-07T14:30:00+01:00,37.1,37.41,36.76,37.02
2022-09-07T15:30:00+01:00,37.05,37.59,37.01,37.59
2022-09-07T16:30:00+01:00,37.56,37.76,37.53,37.59
2022-09-07T17:30:00+01:00,37.56,37.7,37.45,37.66
2022-09-07T18:30:00+01:00,37.66,37.97,37.66,37.9
2022-09-07T19:30:00+01:00,37.91,38.12,37.89,38.1
2022-09-07T20:30:00+01:00,38.11,38.145,37.93,37.97
2022-09-08T14:30:00+01:00,37.725,37.93,37.44,37.83
2022-09-08T15:30:00+01:00,37.81,38.2,37.81,38.06
2022-09-08T16:30:00+01:00,38.05,38.07,37.66,37.85
2022-09-08T17:30:00+01:00,37.83,38.29,37.83,38.23
2022-09-08T18:30:00+01:00,38.23,38.28,38,38.23
2022-09-08T19:30:00+01:00,38.22,38.36,38.14,38.33
2022-09-08T20:30:00+01:00,38.32,38.51,38.24,38.505
2022-09-09T14:30:00+01:00,38.91,39.62,38.91,39.49
2022-09-09T15:30:00+01:00,39.49,39.64,39.4,39.53
2022-09-09T16:30:00+01:00,39.53,39.69,39.41,39.54
2022-09-09T17:30:00+01:00,39.55,39.81,39.53,39.75
2022-09-09T18:30:00+01:00,39.76,39.94,39.75,39.87
2022-09-09T19:30:00+01:00,39.86,39.86,39.58,39.8
2022-09-09T20:30:00+01:00,39.785,39.88,39.75,39.785
2022-09-12T14:30:00+01:00,40.09,40.74,40.09,40.675
2022-09-12T15:30:00+01:00,40.68,40.75,40.24,40.42
2022-09-12T16:30:00+01:00,40.48,40.48,40.08,40.21
2022-09-12T17:30:00+01:00,40.2,40.49,40.2,40.46
2022-09-12T18:30:00+01:00,40.47,40.47,40.255,40.26
2022-09-12T19:30:00+01:00,40.255,40.37,40.22,40.29
2022-09-12T20:30:00+01:00,40.28,40.345,40.23,40.31
2022-09-13T14:30:00+01:00,39.26,39.49,39.23,39.43
2022-09-13T15:30:00+01:00,39.43,39.43,38.94,39.02
2022-09-13T16:30:00+01:00,39.09,39.12,38.85,38.95
2022-09-13T17:30:00+01:00,38.94,38.94,38.7,38.77
2022-09-13T18:30:00+01:00,38.77,38.83,38.51,38.51
2022-09-13T19:30:00+01:00,38.52,38.56,38.325,38.325
2022-09-13T20:30:00+01:00,38.33,38.4,38.145,38.275
2022-09-14T14:30:00+01:00,38.42,38.67,37.81,37.86
2022-09-14T15:30:00+01:00,37.84,38.4,37.84,38.23
2022-09-14T16:30:00+01:00,38.21,38.39,38.11,38.12
2022-09-14T17:30:00+01:00,38.16,38.25,38.07,38.18
2022-09-14T18:30:00+01:00,38.19,38.22,38.09,38.12
2022-09-14T19:30:00+01:00,38.13,38.2,37.81,38.02
2022-09-14T20:30:00+01:00,38,38.16,37.89,38.155
2022-09-15T14:30:00+01:00,37.91,38.14,37.49,37.52
2022-09-15T15:30:00+01:00,37.53,37.845,37.3,37.6
2022-09-15T16:30:00+01:00,37.59,37.69,37.42,37.57
2022-09-15T17:30:00+01:00,37.59,38.02,37.56,37.99
2022-09-15T18:30:00+01:00,37.97,37.98,37.75,37.9
2022-09-15T19:30:00+01:00,37.9,37.94,37.39,37.43
2022-09-15T20:30:00+01:00,37.43,37.68,37.43,37.635
2022-09-16T14:30:00+01:00,37.2,37.5,36.97,37.46
2022-09-16T15:30:00+01:00,37.53,37.69,37.23,37.23
2022-09-16T16:30:00+01:00,37.19,37.32,37.08,37.11
2022-09-16T17:30:00+01:00,37.11,37.31,37.08,37.255
2022-09-16T18:30:00+01:00,37.2,37.5,37.2,37.44
2022-09-16T19:30:00+01:00,37.435,37.73,37.4,37.65
2022-09-16T20:30:00+01:00,37.6,38.12,37.56,37.96
2022-09-19T14:30:00+01:00,37.64,37.94,37.58,37.92
2022-09-19T15:30:00+01:00,37.935,37.98,37.56,37.56
2022-09-19T16:30:00+01:00,37.54,37.55,37.17,37.44
2022-09-19T17:30:00+01:00,37.45,37.65,37.44,37.64
2022-09-19T18:30:00+01:00,37.66,37.66,37.45,37.5
2022-09-19T19:30:00+01:00,37.5,37.83,37.5,37.82
2022-09-19T20:30:00+01:00,37.82,37.84,37.69,37.815
2022-09-20T14:30:00+01:00,37.37,37.39,36.99,37.17
2022-09-20T15:30:00+01:00,37.1,37.33,37.01,37.15
2022-09-20T16:30:00+01:00,37.15,37.23,36.985,37.035
2022-09-20T17:30:00+01:00,37.025,37.03,36.81,36.86
2022-09-20T18:30:00+01:00,36.83,36.9,36.73,36.845
2022-09-20T19:30:00+01:00,36.84,36.98,36.75,36.925
2022-09-20T20:30:00+01:00,36.9,37.085,36.84,36.95
2022-09-21T14:30:00+01:00,37.24,37.49,37.07,37.34
2022-09-21T15:30:00+01:00,37.37,37.42,37.24,37.4
2022-09-21T16:30:00+01:00,37.37,37.59,37.34,37.53
2022-09-21T17:30:00+01:00,37.53,37.555,37.36,37.39
2022-09-21T18:30:00+01:00,37.39,37.55,36.81,37.03
2022-09-21T19:30:00+01:00,37.01,37.82,36.97,37.09
2022-09-21T20:30:00+01:00,37.05,37.15,36.76,36.79
2022-09-22T14:30:00+01:00,36.6,36.78,36.35,36.71
2022-09-22T15:30:00+01:00,36.73,36.88,36.36,36.53
2022-09-22T16:30:00+01:00,36.53,36.59,36.36,36.48
2022-09-22T17:30:00+01:00,36.47,36.58,36.35,36.39
2022-09-22T18:30:00+01:00,36.4,36.48,36.21,36.24
2022-09-22T19:30:00+01:00,36.22,36.52,36.22,36.4
2022-09-22T20:30:00+01:00,36.42,36.52,36.24,36.275
2022-09-23T14:30:00+01:00,35.79,36.12,35.4,35.51
2022-09-23T15:30:00+01:00,35.5,35.68,35.41,35.44
2022-09-23T16:30:00+01:00,35.44,35.49,34.84,34.85
2022-09-23T17:30:00+01:00,34.84,35.15,34.8,35.1
2022-09-23T18:30:00+01:00,35.11,35.29,35.03,35.19
2022-09-23T19:30:00+01:00,35.19,35.28,34.99,35.23
2022-09-23T20:30:00+01:00,35.29,35.55,35.27,35.52
2022-09-26T14:30:00+01:00,35.08,35.66,35.06,35.57
2022-09-26T15:30:00+01:00,35.57,35.58,35.15,35.155
2022-09-26T16:30:00+01:00,35.16,35.19,34.92,34.96
2022-09-26T17:30:00+01:00,34.95,34.99,34.65,34.66
2022-09-26T18:30:00+01:00,34.67,34.95,34.64,34.84
2022-09-26T19:30:00+01:00,34.82,35.04,34.785,34.94
2022-09-26T20:30:00+01:00,34.94,34.96,34.67,34.705
2022-09-27T14:30:00+01:00,35.28,35.66,34.99,35.17
2022-09-27T15:30:00+01:00,35.17,35.37,34.96,34.99
2022-09-27T16:30:00+01:00,35,35.01,34.55,34.78
2022-09-27T17:30:00+01:00,34.76,34.88,34.66,34.74
2022-09-27T18:30:00+01:00,34.72,34.82,34.62,34.7
2022-09-27T19:30:00+01:00,34.7,34.92,34.6,34.72
2022-09-27T20:30:00+01:00,34.73,34.78,34.66,34.725
2022-09-28T14:30:00+01:00,34.64,35.06,34.63,34.99
2022-09-28T15:30:00+01:00,34.98,35.16,34.93,35.09
2022-09-28T16:30:00+01:00,35.1,35.22,35.02,35.02
2022-09-28T17:30:00+01:00,35.04,35.06,34.91,35
2022-09-28T18:30:00+01:00,34.95,34.95,34.79,34.88
2022-09-28T19:30:00+01:00,34.91,35.2,34.89,35.19
2022-09-28T20:30:00+01:00,35.19,35.395,35.19,35.335
2022-09-29T14:30:00+01:00,34.64,34.64,34.27,34.38
2022-09-29T15:30:00+01:00,34.28,34.39,34.18,34.27
2022-09-29T16:30:00+01:00,34.25,34.46,34.21,34.34
2022-09-29T17:30:00+01:00,34.34,34.43,34.05,34.12
2022-09-29T18:30:00+01:00,34.13,34.13,33.81,34.015
2022-09-29T19:30:00+01:00,34.02,34.22,34.01,34.02
2022-09-29T20:30:00+01:00,34.01,34.28,34.01,34.205
2022-09-30T14:30:00+01:00,34.42,34.73,34.36,34.59
2022-09-30T15:30:00+01:00,34.58,34.94,34.58,34.79
2022-09-30T16:30:00+01:00,34.77,34.82,34.52,34.69
2022-09-30T17:30:00+01:00,34.7,34.79,34.61,34.73
2022-09-30T18:30:00+01:00,34.73,34.75,34.48,34.64
2022-09-30T19:30:00+01:00,34.64,34.69,34.33,34.41
2022-09-30T20:30:00+01:00,34.42,34.46,34.1,34.165
2022-10-03T14:30:00+01:00,34.5,35.27,34.26,35.19
2022-10-03T15:30:00+01:00,35.22,35.72,35,35.56
2022-10-03T16:30:00+01:00,35.56,35.75,35.41,35.63
2022-10-03T17:30:00+01:00,35.62,35.94,35.555,35.87
2022-10-03T18:30:00+01:00,35.85,35.97,35.72,35.79
2022-10-03T19:30:00+01:00,35.76,36.11,35.76,36.09
2022-10-03T20:30:00+01:00,36.11,36.13,35.87,35.89
2022-10-04T14:30:00+01:00,36.58,37.2,36.54,37.16
2022-10-04T15:30:00+01:00,37.12,37.485,37.1,37.41
2022-10-04T16:30:00+01:00,37.42,37.46,37.25,37.335
2022-10-04T17:30:00+01:00,37.3,37.3,36.875,37.03
2022-10-04T18:30:00+01:00,37.03,37.17,36.97,37.13
2022-10-04T19:30:00+01:00,37.14,37.33,37.14,37.25
2022-10-04T20:30:00+01:00,37.25,37.465,37.23,37.465
2022-10-05T14:30:00+01:00,36.99,37.26,36.92,37.09
2022-10-05T15:30:00+01:00,37.07,37.24,36.99,37.19
2022-10-05T16:30:00+01:00,37.21,37.54,37.21,37.49
2022-10-05T17:30:00+01:00,37.505,37.83,37.5,37.755
2022-10-05T18:30:00+01:00,37.76,37.76,37.625,37.66
2022-10-05T19:30:00+01:00,37.685,38.09,37.65,38.03
2022-10-05T20:30:00+01:00,38.03,38.09,37.81,37.82
2022-10-06T14:30:00+01:00,37.96,38.29,37.76,37.78
2022-10-06T15:30:00+01:00,37.77,38.22,37.77,38.11
2022-10-06T16:30:00+01:00,38.12,38.14,37.63,37.8
2022-10-06T17:30:00+01:00,37.8,37.93,37.73,37.88
2022-10-06T18:30:00+01:00,37.87,37.87,37.56,37.61
2022-10-06T19:30:00+01:00,37.61,37.68,37.415,37.45
2022-10-06T20:30:00+01:00,37.46,37.5,37.38,37.48
2022-10-07T14:30:00+01:00,36.07,36.45,35.8,36.01
2022-10-07T15:30:00+01:00,35.98,36.01,35.31,35.36
2022-10-07T16:30:00+01:00,35.34,35.44,35.17,35.17
2022-10-07T17:30:00+01:00,35.14,35.2,34.93,34.98
2022-10-07T18:30:00+01:00,34.975,35.05,34.68,34.84
2022-10-07T19:30:00+01:00,34.85,34.89,34.63,34.66
2022-10-07T20:30:00+01:00,34.69,34.73,34.55,34.6
2022-10-10T14:30:00+01:00,34.97,34.99,34.12,34.49
2022-10-10T15:30:00+01:00,34.46,34.5,34.03,34.26
2022-10-10T16:30:00+01:00,34.24,34.24,33.76,33.78
2022-10-10T17:30:00+01:00,33.8,34.01,33.71,34.01
2022-10-10T18:30:00+01:00,34.1,34.57,34.1,34.31
2022-10-10T19:30:00+01:00,34.33,34.52,34.315,34.39
2022-10-10T20:30:00+01:00,34.39,34.66,34.35,34.48
2022-10-11T14:30:00+01:00,34.52,34.56,33.9,34.26
2022-10-11T15:30:00+01:00,34.21,34.44,34.09,34.31
2022-10-11T16:30:00+01:00,34.31,34.53,34.24,34.46
2022-10-11T17:30:00+01:00,34.515,34.66,34.42,34.59
2022-10-11T18:30:00+01:00,34.53,34.73,34.2,34.33
2022-10-11T19:30:00+01:00,34.36,34.42,33.74,33.86
2022-10-11T20:30:00+01:00,33.85,34.05,33.83,33.86
2022-10-12T14:30:00+01:00,33.95,34.02,33.62,33.71
2022-10-12T15:30:00+01:00,33.7,33.95,33.7,33.89
2022-10-12T16:30:00+01:00,33.93,34.1,33.89,33.97
2022-10-12T17:30:00+01:00,33.97,34.055,33.88,34
2022-10-12T18:30:00+01:00,34.005,34.07,33.845,34.07
2022-10-12T19:30:00+01:00,34.12,34.12,33.9,34.05
2022-10-12T20:30:00+01:00,34.04,34.11,33.78,33.78
2022-10-13T14:30:00+01:00,33.07,34.1,32.93,33.7
2022-10-13T15:30:00+01:00,33.68,34.94,33.68,34.65
2022-10-13T16:30:00+01:00,34.66,35.25,34.65,34.67
2022-10-13T17:30:00+01:00,34.645,35.08,34.645,35.07
2022-10-13T18:30:00+01:00,34.99,35.18,34.87,34.9
2022-10-13T19:30:00+01:00,34.9,35.245,34.9,35
2022-10-13T20:30:00+01:00,34.99,35.07,34.81,34.985
2022-10-14T14:30:00+01:00,35.16,35.18,34.36,34.46
2022-10-14T15:30:00+01:00,34.5,34.85,34.47,34.7
2022-10-14T16:30:00+01:00,34.68,34.68,34.29,34.29
2022-10-14T17:30:00+01:00,34.35,34.48,34.31,34.36
2022-10-14T18:30:00+01:00,34.43,34.43,34.14,34.14
2022-10-14T19:30:00+01:00,34.15,34.34,34.02,34.32
2022-10-14T20:30:00+01:00,34.3,34.41,34.175,34.255
2022-10-17T14:30:00+01:00,34.45,35.13,34.4,34.52
2022-10-17T15:30:00+01:00,34.51,34.55,34.09,34.34
2022-10-17T16:30:00+01:00,34.34,34.49,34.29,34.42
2022-10-17T17:30:00+01:00,34.45,34.69,34.32,34.69
2022-10-17T18:30:00+01:00,34.7,34.83,34.58,34.61
2022-10-17T19:30:00+01:00,34.6,34.71,34.5,34.54
2022-10-17T20:30:00+01:00,34.57,34.595,34.445,34.46
2022-10-18T14:30:00+01:00,34.88,35.11,34.32,34.35
2022-10-18T15:30:00+01:00,34.33,34.51,34.18,34.2
2022-10-18T16:30:00+01:00,34.13,34.57,34.01,34.45
2022-10-18T17:30:00+01:00,34.455,34.69,34.455,34.65
2022-10-18T18:30:00+01:00,34.66,34.8,34.66,34.76
2022-10-18T19:30:00+01:00,34.78,34.78,34.31,34.49
2022-10-18T20:30:00+01:00,34.49,34.61,34.46,34.565
2022-10-19T14:30:00+01:00,34.21,34.94,34.16,34.91
2022-10-19T15:30:00+01:00,34.94,34.95,34.51,34.86
2022-10-19T16:30:00+01:00,34.87,34.985,34.64,34.66
2022-10-19T17:30:00+01:00,34.65,34.71,34.16,34.28
2022-10-19T18:30:00+01:00,34.3,34.61,34.3,34.515
2022-10-19T19:30:00+01:00,34.5,34.7,34.4,34.59
2022-10-19T20:30:00+01:00,34.59,34.6,34.45,34.5
2022-10-20T14:30:00+01:00,34.77,35.64,34.67,35.59
2022-10-20T15:30:00+01:00,35.6,35.62,35.29,35.29
2022-10-20T16:30:00+01:00,35.33,35.45,35.08,35.11
2022-10-20T17:30:00+01:00,35.13,35.13,34.82,34.92
2022-10-20T18:30:00+01:00,34.86,34.915,34.695,34.695
2022-10-20T19:30:00+01:00,34.69,34.96,34.67,34.93
2022-10-20T20:30:00+01:00,34.91,34.96,34.785,34.84
2022-10-21T14:30:00+01:00,35.36,36.59,35.36,36.12
2022-10-21T15:30:00+01:00,36.13,36.365,36.035,36.25
2022-10-21T16:30:00+01:00,36.36,36.48,36.21,36.28
2022-10-21T17:30:00+01:00,36.29,36.55,36.28,36.55
2022-10-21T18:30:00+01:00,36.54,36.72,36.51,36.65
2022-10-21T19:30:00+01:00,36.68,36.965,36.57,36.965
2022-10-21T20:30:00+01:00,36.955,36.97,36.82,36.86
2022-10-24T14:30:00+01:00,36.79,37.44,36.79,36.945
2022-10-24T15:30:00+01:00,36.88,37.23,36.83,37.23
2022-10-24T16:30:00+01:00,37.23,37.35,37.09,37.28
2022-10-24T17:30:00+01:00,37.25,37.29,37.09,37.13
2022-10-24T18:30:00+01:00,37.09,37.23,37.05,37.22
2022-10-24T19:30:00+01:00,37.225,37.385,37.21,37.37
2022-10-24T20:30:00+01:00,37.345,37.37,37.22,37.265
2022-10-25T14:30:00+01:00,37.16,37.96,37.09,37.7
2022-10-25T15:30:00+01:00,37.7,37.825,37.52,37.81
2022-10-25T16:30:00+01:00,37.83,37.88,37.68,37.72
2022-10-25T17:30:00+01:00,37.71,37.75,37.51,37.59
2022-10-25T18:30:00+01:00,37.63,37.64,37.44,37.575
2022-10-25T19:30:00+01:00,37.565,37.745,37.51,37.745
2022-10-25T20:30:00+01:00,37.74,37.84,37.71,37.76
2022-10-26T14:30:00+01:00,37.4,37.92,37.32,37.92
2022-10-26T15:30:00+01:00,37.86,38.16,37.79,38.01
2022-10-26T16:30:00+01:00,38.02,38.17,38,38.09
2022-10-26T17:30:00+01:00,38.1,38.11,37.5,37.5
2022-10-26T18:30:00+01:00,37.47,37.86,37.45,37.71
2022-10-26T19:30:00+01:00,37.69,37.86,37.64,37.81
2022-10-26T20:30:00+01:00,37.805,37.865,37.74,37.82
2022-10-27T14:30:00+01:00,38.24,38.3,37.56,38.12
2022-10-27T15:30:00+01:00,38.08,38.1,37.65,37.72
2022-10-27T16:30:00+01:00,37.68,37.79,37.49,37.56
2022-10-27T17:30:00+01:00,37.57,37.82,37.57,37.75
2022-10-27T18:30:00+01:00,37.755,37.84,37.67,37.83
2022-10-27T19:30:00+01:00,37.82,37.975,37.78,37.89
2022-10-27T20:30:00+01:00,37.89,37.99,37.76,37.79
2022-10-28T14:30:00+01:00,38.16,38.8,38.13,38.65
2022-10-28T15:30:00+01:00,38.67,39.08,38.49,39.01
2022-10-28T16:30:00+01:00,39.01,39.21,38.94,39.19
2022-10-28T17:30:00+01:00,39.175,39.25,39.02,39.14
2022-10-28T18:30:00+01:00,39.15,39.38,39.15,39.26
2022-10-28T19:30:00+01:00,39.28,39.32,39.07,39.19
2022-10-28T20:30:00+01:00,39.18,39.26,39.09,39.16
2022-10-31T13:30:00Z,38.6,38.74,38.31,38.53
2022-10-31T14:30:00Z,38.53,38.81,38.43,38.76
2022-10-31T15:30:00Z,38.76,38.88,38.6,38.67
2022-10-31T16:30:00Z,38.675,38.79,38.49,38.79
2022-10-31T17:30:00Z,38.76,38.825,38.64,38.77
2022-10-31T18:30:00Z,38.77,38.89,38.66,38.67
2022-10-31T19:30:00Z,38.55,38.7,38.39,38.415
2022-11-01T13:30:00Z,39,39,38.35,38.5
2022-11-01T14:30:00Z,38.53,38.53,38.09,38.49
2022-11-01T15:30:00Z,38.56,38.81,38.4,38.77
2022-11-01T16:30:00Z,38.84,39.14,38.82,39.08
2022-11-01T17:30:00Z,39.03,39.075,38.89,39.02
2022-11-01T18:30:00Z,39.04,39.23,38.97,39.14
2022-11-01T19:30:00Z,39.16,39.235,39.08,39.16
2022-11-02T13:30:00Z,39.03,39.11,38.84,38.93
2022-11-02T14:30:00Z,38.79,39.02,38.71,38.87
2022-11-02T15:30:00Z,38.93,39.07,38.755,38.8
2022-11-02T16:30:00Z,38.8,38.84,38.66,38.7
2022-11-02T17:30:00Z,38.73,39.245,38.72,39.14
2022-11-02T18:30:00Z,39.15,39.23,37.76,37.83
2022-11-02T19:30:00Z,37.795,37.97,37.66,37.71
2022-11-03T13:30:00Z,36.99,37.49,36.99,37.48
2022-11-03T14:30:00Z,37.49,37.8,37.24,37.54
2022-11-03T15:30:00Z,37.54,37.76,37.43,37.65
2022-11-03T16:30:00Z,37.61,37.74,37.35,37.51
2022-11-03T17:30:00Z,37.52,37.59,37.36,37.49
2022-11-03T18:30:00Z,37.48,37.56,37.37,37.46
2022-11-03T19:30:00Z,37.46,37.54,37.26,37.335
2022-11-04T13:30:00Z,38.43,39.32,38.27,39.18
2022-11-04T14:30:00Z,39.06,39.19,38.85,38.85
2022-11-04T15:30:00Z,38.795,38.82,38.18,38.51
2022-11-04T16:30:00Z,38.51,38.51,38.25,38.37
2022-11-04T17:30:00Z,38.37,38.46,38.14,38.43
2022-11-04T18:30:00Z,38.46,39.07,38.45,38.97
2022-11-04T19:30:00Z,38.84,39.01,38.78,39.01
2022-11-07T14:30:00Z,39.3,39.67,39,39.43
2022-11-07T15:30:00Z,39.41,39.73,39.26,39.64
2022-11-07T16:30:00Z,39.6,39.735,39.44,39.71
2022-11-07T17:30:00Z,39.71,39.715,39.54,39.67
2022-11-07T18:30:00Z,39.71,39.815,39.57,39.815
2022-11-07T19:30:00Z,39.815,39.99,39.805,39.93
2022-11-07T20:30:00Z,39.885,39.93,39.75,39.865
2022-11-08T14:30:00Z,40.33,40.76,40.2,40.67
2022-11-08T15:30:00Z,40.685,40.85,40.58,40.85
2022-11-08T16:30:00Z,40.825,41.03,40.8,40.83
2022-11-08T17:30:00Z,40.75,41.04,40.71,40.72
2022-11-08T18:30:00Z,40.71,40.78,40.24,40.24
2022-11-08T19:30:00Z,40.2,40.52,40.07,40.48
2022-11-08T20:30:00Z,40.56,40.705,40.38,40.42
2022-11-09T14:30:00Z,39.73,40.23,39.26,39.99
2022-11-09T15:30:00Z,40.08,40.16,39.79,40.09
2022-11-09T16:30:00Z,40,40.19,39.7,39.8
2022-11-09T17:30:00Z,39.87,39.97,39.71,39.72
2022-11-09T18:30:00Z,39.7,39.73,39.505,39.66
2022-11-09T19:30:00Z,39.58,39.59,39.4,39.44
2022-11-09T20:30:00Z,39.44,39.44,39.275,39.345
2022-11-10T14:30:00Z,41.07,41.08,40.51,40.95
2022-11-10T15:30:00Z,40.94,40.98,40.64,40.89
2022-11-10T16:30:00Z,40.91,40.99,40.7,40.75
2022-11-10T17:30:00Z,40.74,41.16,40.57,41.06
2022-11-10T18:30:00Z,41.08,41.29,41.02,41.29
2022-11-10T19:30:00Z,41.28,41.62,41.28,41.6
2022-11-10T20:30:00Z,41.63,41.725,41.36,41.7
2022-11-11T14:30:00Z,41.72,42.4,41.63,42.27
2022-11-11T15:30:00Z,42.31,42.59,42.16,42.37
2022-11-11T16:30:00Z,42.35,42.74,42.35,42.71
2022-11-11T17:30:00Z,42.74,42.995,42.73,42.995
2022-11-11T18:30:00Z,43,43.01,42.76,42.96
2022-11-11T19:30:00Z,43,43.01,42.62,42.7
2022-11-11T20:30:00Z,42.7,42.74,42.61,42.69
2022-11-14T14:30:00Z,41.96,42.43,41.78,42.26
2022-11-14T15:30:00Z,42.25,42.42,42.17,42.355
2022-11-14T16:30:00Z,42.55,42.84,42.51,42.78
2022-11-14T17:30:00Z,42.78,42.88,42.67,42.85
2022-11-14T18:30:00Z,42.845,42.92,42.65,42.65
2022-11-14T19:30:00Z,42.68,42.72,42.33,42.49
2022-11-14T20:30:00Z,42.485,42.51,42.21,42.25
2022-11-15T14:30:00Z,43.3,43.38,42.5,42.98
2022-11-15T15:30:00Z,42.92,43.02,42.59,42.88
2022-11-15T16:30:00Z,42.89,43.065,42.89,42.92
2022-11-15T17:30:00Z,42.93,43.1,42.47,42.48
2022-11-15T18:30:00Z,42.51,42.64,42.2,42.54
2022-11-15T19:30:00Z,42.59,42.63,42.31,42.54
2022-11-15T20:30:00Z,42.54,42.54,42.3,42.355
2022-11-16T14:30:00Z,41.82,41.82,41.42,41.55
2022-11-16T15:30:00Z,41.45,41.57,41.22,41.51
2022-11-16T16:30:00Z,41.48,41.49,41.15,41.2
2022-11-16T17:30:00Z,41.27,41.34,41.16,41.28
2022-11-16T18:30:00Z,41.26,41.27,41.08,41.27
2022-11-16T19:30:00Z,41.15,41.32,41.15,41.18
2022-11-16T20:30:00Z,41.17,41.41,41.05,41.19
2022-11-17T14:30:00Z,40.52,41.15,40.43,41.06
2022-11-17T15:30:00Z,41.06,41.17,40.95,41.17
2022-11-17T16:30:00Z,41.16,41.51,41.1,41.44
2022-11-17T17:30:00Z,41.45,41.73,41.42,41.66
2022-11-17T18:30:00Z,41.67,41.77,41.6,41.68
2022-11-17T19:30:00Z,41.7,41.81,41.64,41.7
2022-11-17T20:30:00Z,41.695,41.91,41.635,41.77
2022-11-18T14:30:00Z,41.89,42.02,41.65,41.98
2022-11-18T15:30:00Z,41.97,42.1,41.83,41.83
2022-11-18T16:30:00Z,41.82,41.84,41.37,41.45
2022-11-18T17:30:00Z,41.45,41.6,41.41,41.58
2022-11-18T18:30:00Z,41.6,41.72,41.49,41.66
2022-11-18T19:30:00Z,41.66,41.905,41.58,41.89
2022-11-18T20:30:00Z,41.92,42.135,41.85,42.04
2022-11-21T14:30:00Z,41.54,41.66,40.27,40.27
2022-11-21T15:30:00Z,40.24,40.32,39.9,40.19
2022-11-21T16:30:00Z,40.2,40.4,40.19,40.36
2022-11-21T17:30:00Z,40.4,40.65,40.36,40.52
2022-11-21T18:30:00Z,40.52,40.65,40.44,40.49
2022-11-21T19:30:00Z,40.48,40.775,40.48,40.71
2022-11-21T20:30:00Z,40.685,41.105,40.59,41.1
2022-11-22T14:30:00Z,41.9,43.08,40.47,42.71
2022-11-22T15:30:00Z,42.71,42.97,42.21,42.74
2022-11-22T16:30:00Z,42.72,43.13,42.18,43.11
2022-11-22T17:30:00Z,43.12,43.54,43.08,43.54
2022-11-22T18:30:00Z,43.51,43.75,43.44,43.51
2022-11-22T19:30:00Z,43.51,43.86,43.46,43.84
2022-11-22T20:30:00Z,43.85,43.95,43.67,43.86
2022-11-23T14:30:00Z,43.68,45.05,43.61,44.99
2022-11-23T15:30:00Z,44.99,45.32,44.87,44.91
2022-11-23T16:30:00Z,44.9,44.9,44.27,44.43
2022-11-23T17:30:00Z,44.48,44.54,44.24,44.34
2022-11-23T18:30:00Z,44.34,44.61,44.31,44.59
2022-11-23T19:30:00Z,44.56,44.69,44.45,44.63
2022-11-23T20:30:00Z,44.63,44.67,44.555,44.61
2022-11-25T14:30:00Z,44.5,45.06,44.43,44.96
2022-11-25T15:30:00Z,44.97,44.97,44.705,44.775
2022-11-25T16:30:00Z,44.77,44.92,44.68,44.88
2022-11-25T17:30:00Z,44.885,44.95,44.6,44.65
2022-11-25T18:30:00Z,44.64,44.64,44.64,44.64
2022-11-28T14:30:00Z,44.165,44.19,43.76,44.09
2022-11-28T15:30:00Z,44.09,44.29,43.93,43.99
2022-11-28T16:30:00Z,44.01,44.01,43.77,43.81
2022-11-28T17:30:00Z,43.82,43.91,43.61,43.67
2022-11-28T18:30:00Z,43.66,43.78,43.56,43.73
2022-11-28T19:30:00Z,43.72,43.84,43.61,43.66
2022-11-28T20:30:00Z,43.66,43.705,43.565,43.61
2022-11-29T14:30:00Z,43.86,43.91,43.5,43.91
2022-11-29T15:30:00Z,43.9,43.93,43.5,43.69
2022-11-29T16:30:00Z,43.69,43.8,43.61,43.71
2022-11-29T17:30:00Z,43.7,43.88,43.5,43.54
2022-11-29T18:30:00Z,43.56,43.83,43.56,43.6
2022-11-29T19:30:00Z,43.6,43.67,43.45,43.545
2022-11-29T20:30:00Z,43.55,43.61,43.41,43.545
2022-11-30T14:30:00Z,43.415,43.48,42.86,43.27
2022-11-30T15:30:00Z,43.33,43.42,43.02,43.28
2022-11-30T16:30:00Z,43.29,43.32,42.82,42.82
2022-11-30T17:30:00Z,42.81,43.11,42.75,43.1
2022-11-30T18:30:00Z,43.08,44.42,43.04,44.33
2022-11-30T19:30:00Z,44.31,44.55,44.16,44.53
2022-11-30T20:30:00Z,44.52,44.81,44.445,44.81
2022-12-01T14:30:00Z,44.86,45.08,44.43,44.53
2022-12-01T15:30:00Z,44.44,44.82,44.41,44.73
2022-12-01T16:30:00Z,44.72,44.96,44.71,44.9
2022-12-01T17:30:00Z,44.9,45.08,44.81,44.87
2022-12-01T18:30:00Z,44.865,45.16,44.865,45.16
2022-12-01T19:30:00Z,45.17,45.36,44.985,45.06
2022-12-01T20:30:00Z,45.08,45.13,44.885,44.915
2022-12-02T14:30:00Z,44.395,44.71,44.17,44.22
2022-12-02T15:30:00Z,44.27,44.27,43.94,44.21
2022-12-02T16:30:00Z,44.22,44.53,44.2,44.34
2022-12-02T17:30:00Z,44.34,44.35,44.07,44.155
2022-12-02T18:30:00Z,44.14,44.2,44.06,44.08
2022-12-02T19:30:00Z,44.08,44.63,44.07,44.54
2022-12-02T20:30:00Z,44.53,44.54,44.26,44.535
2022-12-05T14:30:00Z,43.9,44.07,43.64,43.77
2022-12-05T15:30:00Z,43.78,43.81,43.43,43.5
2022-12-05T16:30:00Z,43.505,43.52,43.265,43.27
2022-12-05T17:30:00Z,43.28,43.28,42.99,43.24
2022-12-05T18:30:00Z,43.22,43.31,43.14,43.17
2022-12-05T19:30:00Z,43.15,43.19,43.03,43.03
2022-12-05T20:30:00Z,43.03,43.12,42.95,43.095
2022-12-06T14:30:00Z,43.09,43.14,42.38,42.47
2022-12-06T15:30:00Z,42.47,42.5,42.09,42.25
2022-12-06T16:30:00Z,42.25,42.53,42.25,42.5
2022-12-06T17:30:00Z,42.49,42.6,42.245,42.245
2022-12-06T18:30:00Z,42.25,42.45,42.22,42.22
2022-12-06T19:30:00Z,42.205,42.48,42.16,42.175
2022-12-06T20:30:00Z,42.18,42.575,42.14,42.48
2022-12-07T14:30:00Z,42.04,42.08,41.49,41.82
2022-12-07T15:30:00Z,41.82,42.12,41.7,41.77
2022-12-07T16:30:00Z,41.74,42.2,41.74,42
2022-12-07T17:30:00Z,42.03,42.27,42.01,42.2
2022-12-07T18:30:00Z,42.17,42.17,41.82,41.89
2022-12-07T19:30:00Z,41.895,42,41.85,41.92
2022-12-07T20:30:00Z,41.94,41.99,41.85,41.92
2022-12-08T14:30:00Z,42.05,42.19,41.91,41.91
2022-12-08T15:30:00Z,41.95,42.11,41.78,42.02
2022-12-08T16:30:00Z,42.04,42.1,41.82,41.85
2022-12-08T17:30:00Z,41.85,41.945,41.72,41.85
2022-12-08T18:30:00Z,41.86,42.14,41.8,42.02
2022-12-08T19:30:00Z,42.03,42.44,41.98,42.39
2022-12-08T20:30:00Z,42.37,42.45,42.12,42.245
2022-12-09T14:30:00Z,41.89,42.21,41.77,42.05
2022-12-09T15:30:00Z,42.09,42.345,42.04,42.28
2022-12-09T16:30:00Z,42.29,42.48,42.24,42.345
2022-12-09T17:30:00Z,42.35,42.5,42.33,42.35
2022-12-09T18:30:00Z,42.34,42.42,42.15,42.28
2022-12-09T19:30:00Z,42.26,42.32,42.16,42.18
2022-12-09T20:30:00Z,42.16,42.19,41.805,41.84
2022-12-12T14:30:00Z,41.64,41.97,41.43,41.85
2022-12-12T15:30:00Z,41.84,42.23,41.72,42.23
2022-12-12T16:30:00Z,42.23,42.23,42.07,42.17
2022-12-12T17:30:00Z,42.16,42.35,42.07,42.26
2022-12-12T18:30:00Z,42.28,42.4,42.23,42.38
2022-12-12T19:30:00Z,42.35,42.82,42.32,42.79
2022-12-12T20:30:00Z,42.81,42.865,42.65,42.855
2022-12-13T14:30:00Z,44.35,44.35,43.24,43.25
2022-12-13T15:30:00Z,43.21,43.4,43,43.35
2022-12-13T16:30:00Z,43.39,43.62,42.845,42.91
2022-12-13T17:30:00Z,42.89,43.15,42.8,43.12
2022-12-13T18:30:00Z,43.135,43.145,42.79,42.86
2022-12-13T19:30:00Z,42.86,43.03,42.6,42.91
2022-12-13T20:30:00Z,42.96,42.99,42.76,42.865
2022-12-14T14:30:00Z,42.44,42.6,42.14,42.53
2022-12-14T15:30:00Z,42.46,42.77,42.46,42.77
2022-12-14T16:30:00Z,42.81,42.85,42.73,42.76
2022-12-14T17:30:00Z,42.73,42.77,42.64,42.75
2022-12-14T18:30:00Z,42.75,42.82,41.91,41.91
2022-12-14T19:30:00Z,41.9,42.24,41.55,41.9
2022-12-14T20:30:00Z,41.68,41.88,41.585,41.69
2022-12-15T14:30:00Z,40.82,40.84,40.37,40.54
2022-12-15T15:30:00Z,40.52,40.81,40.05,40.05
2022-12-15T16:30:00Z,40.06,40.17,39.94,40.12
2022-12-15T17:30:00Z,40.12,40.23,39.85,39.86
2022-12-15T18:30:00Z,39.85,39.87,39.635,39.69
2022-12-15T19:30:00Z,39.72,39.92,39.685,39.76
2022-12-15T20:30:00Z,39.76,39.8,39.29,39.42
2022-12-16T14:30:00Z,38.95,39.44,38.93,38.93
2022-12-16T15:30:00Z,39.04,39.12,38.82,39.02
2022-12-16T16:30:00Z,39.01,39.17,38.905,38.94
2022-12-16T17:30:00Z,38.92,39.055,38.75,38.75
2022-12-16T18:30:00Z,38.75,38.98,38.71,38.88
2022-12-16T19:30:00Z,38.87,39.07,38.77,39.02
2022-12-16T20:30:00Z,39.01,39.4,39.01,39.25
2022-12-19T14:30:00Z,39.34,39.4,39.01,39.08
2022-12-19T15:30:00Z,39.08,39.08,38.8,38.94
2022-12-19T16:30:00Z,38.91,39.02,38.79,38.94
2022-12-19T17:30:00Z,38.925,39.09,38.83,38.83
2022-12-19T18:30:00Z,38.85,38.91,38.75,38.82
2022-12-19T19:30:00Z,38.81,38.89,38.65,38.76
2022-12-19T20:30:00Z,38.75,39.13,38.75,39.005
2022-12-20T14:30:00Z,38.75,39.06,38.67,39
2022-12-20T15:30:00Z,39.02,39.13,38.81,38.83
2022-12-20T16:30:00Z,38.83,39.07,38.83,38.88
2022-12-20T17:30:00Z,38.845,39.01,38.75,38.98
2022-12-20T18:30:00Z,39.03,39.08,38.87,38.9
2022-12-20T19:30:00Z,38.905,38.91,38.78,38.9
2022-12-20T20:30:00Z,38.89,38.995,38.885,38.94
2022-12-21T14:30:00Z,39.15,39.46,39.15,39.43
2022-12-21T15:30:00Z,39.37,39.53,39.31,39.42
2022-12-21T16:30:00Z,39.45,39.45,39.26,39.28
2022-12-21T17:30:00Z,39.265,39.41,39.25,39.27
2022-12-21T18:30:00Z,39.27,39.515,39.25,39.5
2022-12-21T19:30:00Z,39.5,39.55,39.16,39.21
2022-12-21T20:30:00Z,39.21,39.27,39.03,39.125
2022-12-22T14:30:00Z,38.46,38.46,38.01,38.39
2022-12-22T15:30:00Z,38.34,38.51,38.32,38.39
2022-12-22T16:30:00Z,38.4,38.47,38.255,38.27
2022-12-22T17:30:00Z,38.29,38.36,38.21,38.36
2022-12-22T18:30:00Z,38.35,38.63,38.34,38.63
2022-12-22T19:30:00Z,38.64,38.995,38.58,38.96
2022-12-22T20:30:00Z,38.96,39.145,38.79,39.14
2022-12-23T14:30:00Z,39.2,39.28,38.62,38.99
2022-12-23T15:30:00Z,39.05,39.07,38.74,38.83
2022-12-23T16:30:00Z,38.84,38.99,38.805,38.94
2022-12-23T17:30:00Z,38.93,39.05,38.86,39.05
2022-12-23T18:30:00Z,39.06,39.16,39,39.09
2022-12-23T19:30:00Z,39.09,39.15,39.05,39.12
2022-12-23T20:30:00Z,39.13,39.175,39.045,39.125
2022-12-27T14:30:00Z,39.22,39.355,38.97,39.35
2022-12-27T15:30:00Z,39.37,39.58,39.275,39.46
2022-12-27T16:30:00Z,39.45,39.5,39.27,39.31
2022-12-27T17:30:00Z,39.3,39.45,39.24,39.33
2022-12-27T18:30:00Z,39.3,39.3,39.15,39.16
2022-12-27T19:30:00Z,39.17,39.41,39.115,39.4
2022-12-27T20:30:00Z,39.4,39.495,39.365,39.41
2022-12-28T14:30:00Z,39.38,39.49,39.07,39.08
2022-12-28T15:30:00Z,39.06,39.16,38.78,38.81
2022-12-28T16:30:00Z,38.82,38.865,38.68,38.76
2022-12-28T17:30:00Z,38.77,38.97,38.77,38.9
2022-12-28T18:30:00Z,38.905,38.905,38.76,38.765
2022-12-28T19:30:00Z,38.76,38.83,38.62,38.67
2022-12-28T20:30:00Z,38.68,38.765,38.68,38.765
2022-12-29T14:30:00Z,39.11,39.8,39.02,39.65
2022-12-29T15:30:00Z,39.63,39.75,39.54,39.745
2022-12-29T16:30:00Z,39.77,39.83,39.67,39.71
2022-12-29T17:30:00Z,39.68,39.79,39.64,39.78
2022-12-29T18:30:00Z,39.785,39.92,39.725,39.85
2022-12-29T19:30:00Z,39.84,39.88,39.73,39.77
2022-12-29T20:30:00Z,39.775,39.85,39.765,39.815
2022-12-30T14:30:00Z,39.49,39.77,39.38,39.73
2022-12-30T15:30:00Z,39.7,39.91,39.69,39.79
2022-12-30T16:30:00Z,39.82,39.95,39.73,39.815
2022-12-30T17:30:00Z,39.81,39.88,39.63,39.72
2022-12-30T18:30:00Z,39.72,39.85,39.72,39.85
2022-12-30T19:30:00Z,39.855,40.035,39.785,39.99
2022-12-30T20:30:00Z,39.985,40.21,39.96,40.205
2023-01-03T14:30:00Z,40.56,40.83,39.97,40.15
2023-01-03T15:30:00Z,40.16,40.38,40.1,40.31
2023-01-03T16:30:00Z,40.29,40.4,40.11,40.12
2023-01-03T17:30:00Z,40.1,40.45,40.1,40.45
2023-01-03T18:30:00Z,40.44,40.625,40.38,40.565
2023-01-03T19:30:00Z,40.565,40.835,40.43,40.775
2023-01-03T20:30:00Z,40.78,40.975,40.76,40.89
2023-01-04T14:30:00Z,41.01,41.6,40.82,40.88
2023-01-04T15:30:00Z,40.875,41.43,40.76,41.33
2023-01-04T16:30:00Z,41.34,41.44,41.28,41.28
2023-01-04T17:30:00Z,41.28,41.37,41.16,41.24
2023-01-04T18:30:00Z,41.21,41.35,40.81,40.81
2023-01-04T19:30:00Z,40.8,41.21,40.8,40.83
2023-01-04T20:30:00Z,40.82,40.94,40.58,40.935
2023-01-05T14:30:00Z,40.75,40.89,40.32,40.84
2023-01-05T15:30:00Z,40.85,41,40.74,40.86
2023-01-05T16:30:00Z,40.84,41.03,40.84,40.95
2023-01-05T17:30:00Z,40.94,40.98,40.6,40.8
2023-01-05T18:30:00Z,40.79,40.99,40.76,40.92
2023-01-05T19:30:00Z,40.94,41.09,40.84,40.895
2023-01-05T20:30:00Z,40.88,40.95,40.795,40.865
2023-01-06T14:30:00Z,41.17,41.5,40.83,41.45
2023-01-06T15:30:00Z,41.46,41.68,41.44,41.66
2023-01-06T16:30:00Z,41.67,42.23,41.62,42.17
2023-01-06T17:30:00Z,42.18,42.2,41.83,42.01
2023-01-06T18:30:00Z,42.02,42.29,42.02,42.22
2023-01-06T19:30:00Z,42.22,42.45,42.155,42.385
2023-01-06T20:30:00Z,42.39,42.585,42.36,42.415
2023-01-09T14:30:00Z,42.63,42.83,42.53,42.72
2023-01-09T15:30:00Z,42.71,43.07,42.65,43.03
2023-01-09T16:30:00Z,43.02,43.09,42.88,42.92
2023-01-09T17:30:00Z,42.95,42.95,42.74,42.825
2023-01-09T18:30:00Z,42.835,42.9,42.63,42.65
2023-01-09T19:30:00Z,42.645,42.67,42.34,42.41
2023-01-09T20:30:00Z,42.4,42.4,42.19,42.29
2023-01-10T14:30:00Z,42.08,42.385,41.88,42.19
2023-01-10T15:30:00Z,42.18,42.54,42,42.41
2023-01-10T16:30:00Z,42.41,42.56,42.315,42.48
2023-01-10T17:30:00Z,42.48,42.6,42.44,42.51
2023-01-10T18:30:00Z,42.5,42.63,42.47,42.545
2023-01-10T19:30:00Z,42.55,42.55,42.405,42.48
2023-01-10T20:30:00Z,42.48,42.59,42.445,42.49
2023-01-11T14:30:00Z,42.08,42.08,39.7,40.88
2023-01-11T15:30:00Z,40.84,40.98,40.4,40.97
2023-01-11T16:30:00Z,40.98,41.22,40.805,41.03
2023-01-11T17:30:00Z,41.025,41.13,40.84,41.07
2023-01-11T18:30:00Z,41.04,41.06,40.64,40.73
2023-01-11T19:30:00Z,40.72,40.725,40.38,40.405
2023-01-11T20:30:00Z,40.4,40.82,40.3,40.82
2023-01-12T14:30:00Z,40.52,40.67,39.98,40.12
2023-01-12T15:30:00Z,40.11,40.17,39.79,39.94
2023-01-12T16:30:00Z,39.94,40.13,39.87,40.03
2023-01-12T17:30:00Z,40.03,40.13,39.905,39.91
2023-01-12T18:30:00Z,39.91,40.305,39.86,40.19
2023-01-12T19:30:00Z,40.19,40.25,39.96,39.96
2023-01-12T20:30:00Z,39.96,40.03,39.8,39.93
2023-01-13T14:30:00Z,39.4,39.51,39,39.49
2023-01-13T15:30:00Z,39.55,39.55,39.15,39.4
2023-01-13T16:30:00Z,39.37,39.75,39.36,39.71
2023-01-13T17:30:00Z,39.67,40.02,39.65,39.97
2023-01-13T18:30:00Z,39.98,40.01,39.86,39.94
2023-01-13T19:30:00Z,39.945,40.05,39.94,40.04
2023-01-13T20:30:00Z,40.06,40.2,40.005,40.19
2023-01-17T14:30:00Z,40.17,40.19,39.73,39.785
2023-01-17T15:30:00Z,39.79,39.83,39.45,39.59
2023-01-17T16:30:00Z,39.595,40,39.595,39.82
2023-01-17T17:30:00Z,39.855,40.11,39.855,40.06
2023-01-17T18:30:00Z,40.06,40.11,39.77,39.77
2023-01-17T19:30:00Z,39.78,40.01,39.78,39.89
2023-01-17T20:30:00Z,39.88,40.04,39.87,40.03
2023-01-18T14:30:00Z,40.27,40.495,40.06,40.46
2023-01-18T15:30:00Z,40.42,40.42,39.915,39.98
2023-01-18T16:30:00Z,39.97,40.07,39.75,39.76
2023-01-18T17:30:00Z,39.75,39.9,39.71,39.83
2023-01-18T18:30:00Z,39.82,40.06,39.7,40.05
2023-01-18T19:30:00Z,40.06,40.13,39.99,40.08
2023-01-18T20:30:00Z,40.07,40.07,39.93,40.03
2023-01-19T14:30:00Z,39.5,39.5,39.05,39.25
2023-01-19T15:30:00Z,39.25,39.38,39.09,39.21
2023-01-19T16:30:00Z,39.21,39.46,39.21,39.42
2023-01-19T17:30:00Z,39.39,39.5,39.37,39.45
2023-01-19T18:30:00Z,39.48,39.8,39.47,39.79
2023-01-19T19:30:00Z,39.75,39.86,39.72,39.795
2023-01-19T20:30:00Z,39.79,39.79,39.42,39.465
2023-01-20T14:30:00Z,39.85,39.85,39.41,39.75
2023-01-20T15:30:00Z,39.76,40.19,39.73,40.16
2023-01-20T16:30:00Z,40.19,40.195,39.76,39.905
2023-01-20T17:30:00Z,39.89,39.89,39.665,39.69
2023-01-20T18:30:00Z,39.68,40.05,39.67,40.03
2023-01-20T19:30:00Z,40.03,40.19,40.005,40.08
2023-01-20T20:30:00Z,40.08,40.29,40,40.255
2023-01-23T14:30:00Z,40.74,41.17,40.64,40.98
2023-01-23T15:30:00Z,41,41.34,40.9,41.23
2023-01-23T16:30:00Z,41.22,41.42,41.2,41.29
2023-01-23T17:30:00Z,41.3,41.4,41.24,41.38
2023-01-23T18:30:00Z,41.395,41.615,41.28,41.3
2023-01-23T19:30:00Z,41.31,41.33,41.065,41.165
2023-01-23T20:30:00Z,41.17,41.21,41.01,41.035
2023-01-24T14:30:00Z,40.3,40.81,40.16,40.79
2023-01-24T15:30:00Z,40.76,41.07,40.73,40.87
2023-01-24T16:30:00Z,40.87,40.87,40.67,40.84
2023-01-24T17:30:00Z,40.79,40.83,40.61,40.64
2023-01-24T18:30:00Z,40.66,40.785,40.65,40.685
2023-01-24T19:30:00Z,40.685,40.74,40.605,40.655
2023-01-24T20:30:00Z,40.64,40.65,40.46,40.61
2023-01-25T14:30:00Z,40,40.12,39.86,39.88
2023-01-25T15:30:00Z,39.92,40.17,39.79,40.16
2023-01-25T16:30:00Z,40.165,40.275,40.02,40.08
2023-01-25T17:30:00Z,40.085,40.5,40.07,40.49
2023-01-25T18:30:00Z,40.5,40.73,40.48,40.62
2023-01-25T19:30:00Z,40.605,40.775,40.48,40.59
2023-01-25T20:30:00Z,40.61,40.65,40.475,40.515
2023-01-26T14:30:00Z,40.94,41.02,40.23,40.58
2023-01-26T15:30:00Z,40.57,40.66,40.27,40.41
2023-01-26T16:30:00Z,40.42,40.65,40.41,40.545
2023-01-26T17:30:00Z,40.54,40.57,40.43,40.53
2023-01-26T18:30:00Z,40.53,40.7,40.52,40.64
2023-01-26T19:30:00Z,40.65,40.9,40.65,40.88
2023-01-26T20:30:00Z,40.88,41,40.77,40.99
2023-01-27T14:30:00Z,40.6,41.16,40.55,40.97
2023-01-27T15:30:00Z,40.95,41.14,40.54,40.58
2023-01-27T16:30:00Z,40.6,40.89,40.6,40.78
2023-01-27T17:30:00Z,40.74,40.79,40.62,40.7
2023-01-27T18:30:00Z,40.7,40.76,40.66,40.73
2023-01-27T19:30:00Z,40.73,40.84,40.62,40.71
2023-01-27T20:30:00Z,40.705,40.735,40.3,40.31
2023-01-30T14:30:00Z,40.05,40.39,39.83,40.27
2023-01-30T15:30:00Z,40.25,40.27,40.04,40.23
2023-01-30T16:30:00Z,40.225,40.27,39.96,40
2023-01-30T17:30:00Z,40.01,40.08,39.91,40.03
2023-01-30T18:30:00Z,40.02,40.05,39.95,39.97
2023-01-30T19:30:00Z,39.96,40.03,39.91,39.96
2023-01-30T20:30:00Z,39.96,40.075,39.9,40.02
2023-01-31T14:30:00Z,39.9,39.9,39.51,39.81
2023-01-31T15:30:00Z,39.81,40,39.74,39.96
2023-01-31T16:30:00Z,39.96,40.115,39.95,40.01
2023-01-31T17:30:00Z,39.98,40.08,39.955,39.99
2023-01-31T18:30:00Z,40.04,40.305,40.04,40.28
2023-01-31T19:30:00Z,40.29,40.495,40.29,40.4
2023-01-31T20:30:00Z,40.4,40.615,40.4,40.61
2023-02-01T14:30:00Z,40.5,40.93,40.36,40.835
2023-02-01T15:30:00Z,40.83,40.89,40.55,40.71
2023-02-01T16:30:00Z,40.71,40.81,40.63,40.73
2023-02-01T17:30:00Z,40.73,40.76,40.665,40.7
2023-02-01T18:30:00Z,40.72,40.87,40.665,40.71
2023-02-01T19:30:00Z,40.7,41.3,40.46,41.21
2023-02-01T20:30:00Z,41.21,41.44,41.155,41.24
2023-02-02T14:30:00Z,41.5,42.33,41.48,42.28
2023-02-02T15:30:00Z,42.33,42.6,42.32,42.42
2023-02-02T16:30:00Z,42.41,43.065,42.4,42.81
2023-02-02T17:30:00Z,42.8,42.8,42.44,42.56
2023-02-02T18:30:00Z,42.55,42.64,42.325,42.33
2023-02-02T19:30:00Z,42.31,42.33,42.09,42.22
2023-02-02T20:30:00Z,42.22,42.45,42.18,42.44
2023-02-03T14:30:00Z,41.85,42.54,41.75,42.5
2023-02-03T15:30:00Z,42.535,42.76,42.53,42.58
2023-02-03T16:30:00Z,42.625,42.69,42.45,42.45
2023-02-03T17:30:00Z,42.485,42.54,42.15,42.19
2023-02-03T18:30:00Z,42.17,42.37,42.15,42.32
2023-02-03T19:30:00Z,42.33,42.38,42.13,42.2
2023-02-03T20:30:00Z,42.21,42.32,42.14,42.23
2023-02-06T14:30:00Z,41.74,41.81,40.44,40.48
2023-02-06T15:30:00Z,40.41,40.72,40.36,40.61
2023-02-06T16:30:00Z,40.65,40.875,40.62,40.72
2023-02-06T17:30:00Z,40.73,41.15,40.73,41.1
2023-02-06T18:30:00Z,41.085,41.17,40.955,41.06
2023-02-06T19:30:00Z,41.055,41.09,40.845,40.905
2023-02-06T20:30:00Z,40.8,41.13,40.8,41.005
2023-02-07T14:30:00Z,40.86,41.52,40.79,41.49
2023-02-07T15:30:00Z,41.49,41.78,41.42,41.47
2023-02-07T16:30:00Z,41.43,41.65,41.38,41.55
2023-02-07T17:30:00Z,41.54,42.125,41.49,41.49
2023-02-07T18:30:00Z,41.45,41.85,41.24,41.81
2023-02-07T19:30:00Z,41.82,41.98,41.77,41.89
2023-02-07T20:30:00Z,41.89,42.19,41.82,41.98
2023-02-08T14:30:00Z,41.71,42.18,41.57,41.98
2023-02-08T15:30:00Z,41.9,42.09,41.82,42.01
2023-02-08T16:30:00Z,42.03,42.14,41.88,42.03
2023-02-08T17:30:00Z,42.06,42.23,41.9,42.2
2023-02-08T18:30:00Z,42.18,42.2,42.055,42.07
2023-02-08T19:30:00Z,42.095,42.1,41.71,41.8
2023-02-08T20:30:00Z,41.78,42.005,41.78,41.83
2023-02-09T14:30:00Z,42.59,42.96,42.59,42.71
2023-02-09T15:30:00Z,42.68,42.76,42.475,42.505
2023-02-09T16:30:00Z,42.53,42.54,42.39,42.44
2023-02-09T17:30:00Z,42.4,42.4,42.11,42.19
2023-02-09T18:30:00Z,42.21,42.24,41.98,41.98
2023-02-09T19:30:00Z,41.98,42.09,41.97,42.04
2023-02-09T20:30:00Z,41.98,42.175,41.92,42.03
2023-02-10T14:30:00Z,41.95,42.75,41.9,42.745
2023-02-10T15:30:00Z,42.74,43.25,42.73,43.05
2023-02-10T16:30:00Z,43.07,43.07,42.7,42.77
2023-02-10T17:30:00Z,42.78,42.86,42.52,42.75
2023-02-10T18:30:00Z,42.75,42.83,42.28,42.28
2023-02-10T19:30:00Z,42.28,42.69,42.26,42.66
2023-02-10T20:30:00Z,42.68,42.82,42.61,42.715
2023-02-13T14:30:00Z,42.68,43.34,42.68,43.3
2023-02-13T15:30:00Z,43.31,43.58,43.24,43.58
2023-02-13T16:30:00Z,43.57,43.81,43.325,43.79
2023-02-13T17:30:00Z,43.8,43.8,43.62,43.65
2023-02-13T18:30:00Z,43.66,43.675,43.38,43.39
2023-02-13T19:30:00Z,43.4,43.42,43.22,43.23
2023-02-13T20:30:00Z,43.23,43.435,43.23,43.405
2023-02-14T14:30:00Z,43.25,43.79,43.05,43.5
2023-02-14T15:30:00Z,43.48,43.5,43.17,43.2
2023-02-14T16:30:00Z,43.15,43.22,43.01,43.155
2023-02-14T17:30:00Z,43.155,43.22,42.93,43.18
2023-02-14T18:30:00Z,43.17,43.19,43,43.11
2023-02-14T19:30:00Z,43.1,43.16,42.96,43.03
2023-02-14T20:30:00Z,43.04,43.16,43.005,43.03
2023-02-15T14:30:00Z,42.63,42.88,42.52,42.77
2023-02-15T15:30:00Z,42.76,42.9,42.69,42.89
2023-02-15T16:30:00Z,42.82,43.04,42.75,42.78
2023-02-15T17:30:00Z,42.79,42.88,42.71,42.84
2023-02-15T18:30:00Z,42.9,42.94,42.86,42.86
2023-02-15T19:30:00Z,42.91,42.91,42.7,42.74
2023-02-15T20:30:00Z,42.74,42.795,42.64,42.79
2023-02-16T14:30:00Z,42.65,43.23,42.55,43.09
2023-02-16T15:30:00Z,43.09,43.36,43.08,43.36
2023-02-16T16:30:00Z,43.43,43.48,43.23,43.48
2023-02-16T17:30:00Z,43.5,43.71,43.5,43.62
2023-02-16T18:30:00Z,43.63,43.65,43.42,43.49
2023-02-16T19:30:00Z,43.46,43.49,43,43
2023-02-16T20:30:00Z,42.98,42.99,42.7,42.7
2023-02-17T14:30:00Z,42.59,42.87,42.35,42.78
2023-02-17T15:30:00Z,42.76,42.96,42.44,42.47
2023-02-17T16:30:00Z,42.465,42.73,42.37,42.66
2023-02-17T17:30:00Z,42.65,42.81,42.6,42.71
2023-02-17T18:30:00Z,42.72,42.72,42.51,42.57
2023-02-17T19:30:00Z,42.59,42.745,42.59,42.6
2023-02-17T20:30:00Z,42.595,42.65,42.46,42.485
2023-02-21T14:30:00Z,41.96,42.41,41.86,42.22
2023-02-21T15:30:00Z,42.25,42.3,41.99,42.09
2023-02-21T16:30:00Z,42.08,42.12,41.91,41.94
2023-02-21T17:30:00Z,41.94,41.99,41.77,41.77
2023-02-21T18:30:00Z,41.75,41.84,41.695,41.7
2023-02-21T19:30:00Z,41.7,42.02,41.7,41.93
2023-02-21T20:30:00Z,41.94,42.165,41.9,41.9
2023-02-22T14:30:00Z,41.93,42.24,41.82,41.84
2023-02-22T15:30:00Z,41.82,41.885,41.7,41.7
2023-02-22T16:30:00Z,41.7,41.76,41.63,41.68
2023-02-22T17:30:00Z,41.7,42.02,41.7,42.02
2023-02-22T18:30:00Z,41.99,42.02,41.8,41.85
2023-02-22T19:30:00Z,41.77,41.78,41.63,41.705
2023-02-22T20:30:00Z,41.69,41.89,41.66,41.82
2023-02-23T14:30:00Z,42.36,42.42,41.97,42.22
2023-02-23T15:30:00Z,42.175,42.175,41.58,41.61
2023-02-23T16:30:00Z,41.57,41.685,41.44,41.68
2023-02-23T17:30:00Z,41.7,41.8,41.64,41.71
2023-02-23T18:30:00Z,41.71,42.035,41.65,42.01
2023-02-23T19:30:00Z,42.02,42.3,41.99,42.29
2023-02-23T20:30:00Z,42.25,42.28,42.015,42.03
2023-02-24T14:30:00Z,41.31,41.45,41.12,41.32
2023-02-24T15:30:00Z,41.32,41.52,41.21,41.46
2023-02-24T16:30:00Z,41.45,41.71,41.38,41.49
2023-02-24T17:30:00Z,41.525,41.575,41.42,41.475
2023-02-24T18:30:00Z,41.47,41.66,41.45,41.52
2023-02-24T19:30:00Z,41.545,41.795,41.49,41.65
2023-02-24T20:30:00Z,41.64,41.67,41.455,41.63
2023-02-27T14:30:00Z,42.06,42.08,40.91,41.43
2023-02-27T15:30:00Z,41.46,41.47,40.91,41.04
2023-02-27T16:30:00Z,40.98,41.32,40.91,41.3
2023-02-27T17:30:00Z,41.37,41.46,41.23,41.27
2023-02-27T18:30:00Z,41.25,41.27,41.09,41.2
2023-02-27T19:30:00Z,41.2,41.225,40.96,41
2023-02-27T20:30:00Z,41.02,41.045,40.875,41.035
2023-02-28T14:30:00Z,40.86,41.16,40.52,41.14
2023-02-28T15:30:00Z,41.14,41.465,41.03,41.35
2023-02-28T16:30:00Z,41.31,41.35,40.975,41.28
2023-02-28T17:30:00Z,41.28,41.35,41.06,41.15
2023-02-28T18:30:00Z,41.16,41.565,41.12,41.51
2023-02-28T19:30:00Z,41.53,41.67,40.93,40.94
2023-02-28T20:30:00Z,40.87,40.88,40.65,40.655
2023-03-01T14:30:00Z,40.91,40.94,40.43,40.52
2023-03-01T15:30:00Z,40.52,40.68,40.275,40.4
2023-03-01T16:30:00Z,40.4,40.8,40.355,40.74
2023-03-01T17:30:00Z,40.74,40.74,40.385,40.42
2023-03-01T18:30:00Z,40.42,40.46,40.27,40.27
2023-03-01T19:30:00Z,40.26,40.29,39.98,40.2
2023-03-01T20:30:00Z,40.19,40.5,40.19,40.43
2023-03-02T14:30:00Z,39.91,39.91,39.16,39.4
2023-03-02T15:30:00Z,39.33,39.66,39.33,39.58
2023-03-02T16:30:00Z,39.6,39.6,38.9,39.06
2023-03-02T17:30:00Z,39.02,39.58,39.02,39.22
2023-03-02T18:30:00Z,39.21,39.68,39.2,39.65
2023-03-02T19:30:00Z,39.65,39.85,39.315,39.8
2023-03-02T20:30:00Z,39.79,40.23,39.76,40.16
2023-03-03T14:30:00Z,38.95,40.96,38.89,40.96
2023-03-03T15:30:00Z,40.92,40.92,39.98,40.34
2023-03-03T16:30:00Z,40.34,40.49,40.04,40.12
2023-03-03T17:30:00Z,40.11,40.63,40.02,40.32
2023-03-03T18:30:00Z,40.35,40.41,40.09,40.21
2023-03-03T19:30:00Z,40.22,40.24,39.74,39.97
2023-03-03T20:30:00Z,39.95,40.025,39.78,39.78
2023-03-06T14:30:00Z,40.01,40.18,39.57,40.09
2023-03-06T15:30:00Z,40.09,40.23,39.59,39.61
2023-03-06T16:30:00Z,39.59,39.77,39.59,39.63
2023-03-06T17:30:00Z,39.63,39.65,39.37,39.39
2023-03-06T18:30:00Z,39.37,39.44,39.26,39.3
2023-03-06T19:30:00Z,39.29,39.4,39.17,39.23
2023-03-06T20:30:00Z,39.24,39.29,39.105,39.105
2023-03-07T14:30:00Z,39.04,39.52,39.01,39.21
2023-03-07T15:30:00Z,39.205,39.33,38.67,38.67
2023-03-07T16:30:00Z,38.7,38.88,38.56,38.73
2023-03-07T17:30:00Z,38.72,38.73,38.34,38.39
2023-03-07T18:30:00Z,38.38,38.44,38.215,38.28
2023-03-07T19:30:00Z,38.3,38.31,38.11,38.15
2023-03-07T20:30:00Z,38.14,38.21,37.99,37.99
2023-03-08T14:30:00Z,38.27,38.44,38.03,38.32
2023-03-08T15:30:00Z,38.27,38.48,38.18,38.42
2023-03-08T16:30:00Z,38.4,38.59,38.25,38.41
2023-03-08T17:30:00Z,38.39,38.57,38.29,38.55
2023-03-08T18:30:00Z,38.54,38.63,38.46,38.59
2023-03-08T19:30:00Z,38.59,38.65,38.49,38.59
2023-03-08T20:30:00Z,38.59,38.8,38.58,38.77
2023-03-09T14:30:00Z,38.67,38.91,38.55,38.73
2023-03-09T15:30:00Z,38.73,38.86,38.51,38.51
2023-03-09T16:30:00Z,38.5,38.51,38.33,38.49
2023-03-09T17:30:00Z,38.51,38.52,38.29,38.36
2023-03-09T18:30:00Z,38.38,38.39,38.07,38.18
2023-03-09T19:30:00Z,38.16,38.17,37.73,37.82
2023-03-09T20:30:00Z,37.79,37.9,37.73,37.805
2023-03-10T14:30:00Z,37.57,37.66,36.96,37.18
2023-03-10T15:30:00Z,37.2,37.41,37.01,37.36
2023-03-10T16:30:00Z,37.34,37.47,36.91,36.98
2023-03-10T17:30:00Z,36.99,37.1,36.44,36.49
2023-03-10T18:30:00Z,36.49,36.67,36.29,36.59
2023-03-10T19:30:00Z,36.61,37.2,36.61,37.2
2023-03-10T20:30:00Z,37.195,37.195,36.625,36.72
2023-03-13T13:30:00Z,36.35,36.58,35.96,35.96
2023-03-13T14:30:00Z,35.99,36.76,35.99,36.76
2023-03-13T15:30:00Z,36.75,36.78,36.18,36.23
2023-03-13T16:30:00Z,36.25,36.31,35.99,36.19
2023-03-13T17:30:00Z,36.18,36.67,36.1,36.62
2023-03-13T18:30:00Z,36.63,36.81,36.47,36.55
2023-03-13T19:30:00Z,36.56,36.81,36.54,36.585
2023-03-14T13:30:00Z,37.47,38.17,37.47,38.02
2023-03-14T14:30:00Z,38.02,38.29,37.96,38.26
2023-03-14T15:30:00Z,38.26,38.27,38.01,38.02
2023-03-14T16:30:00Z,37.99,38.09,37.47,37.57
2023-03-14T17:30:00Z,37.56,37.72,37.27,37.42
2023-03-14T18:30:00Z,37.4,37.5,37.17,37.23
2023-03-14T19:30:00Z,37.23,37.555,37.23,37.54
2023-03-15T13:30:00Z,37.17,37.88,37.17,37.82
2023-03-15T14:30:00Z,37.76,37.9,37.5,37.51
2023-03-15T15:30:00Z,37.5,37.77,37.485,37.57
2023-03-15T16:30:00Z,37.56,37.74,37.45,37.64
2023-03-15T17:30:00Z,37.64,38.02,37.53,37.92
2023-03-15T18:30:00Z,38.01,38.13,37.54,37.58
2023-03-15T19:30:00Z,37.535,37.62,37.31,37.52
2023-03-16T13:30:00Z,36.52,37.36,36.48,36.9
2023-03-16T14:30:00Z,36.85,37.37,36.72,37.34
2023-03-16T15:30:00Z,37.36,37.44,37.15,37.26
2023-03-16T16:30:00Z,37.27,37.615,37.24,37.46
2023-03-16T17:30:00Z,37.46,37.65,37.41,37.56
2023-03-16T18:30:00Z,37.54,37.955,37.46,37.94
2023-03-16T19:30:00Z,37.93,38.1,37.83,38.075
2023-03-17T13:30:00Z,38,38.13,37.54,37.61
2023-03-17T14:30:00Z,37.67,37.69,37.19,37.25
2023-03-17T15:30:00Z,37.26,37.34,37.05,37.33
2023-03-17T16:30:00Z,37.37,37.65,37.33,37.57
2023-03-17T17:30:00Z,37.57,37.63,37.42,37.54
2023-03-17T18:30:00Z,37.53,37.58,37.075,37.08
2023-03-17T19:30:00Z,37.075,37.31,36.88,37.2
2023-03-20T13:30:00Z,37.59,38.645,37.53,38.63
2023-03-20T14:30:00Z,38.645,38.72,38.5,38.72
2023-03-20T15:30:00Z,38.73,38.84,38.28,38.34
2023-03-20T16:30:00Z,38.36,38.435,38.23,38.3
2023-03-20T17:30:00Z,38.31,38.34,38.18,38.21
2023-03-20T18:30:00Z,38.21,38.27,38.08,38.26
2023-03-20T19:30:00Z,38.21,38.545,38.21,38.54
2023-03-21T13:30:00Z,39,39.34,38.84,38.87
2023-03-21T14:30:00Z,38.9,39.04,38.76,38.93
2023-03-21T15:30:00Z,38.97,39,38.75,38.85
2023-03-21T16:30:00Z,38.86,38.98,38.84,38.96
2023-03-21T17:30:00Z,38.995,38.995,38.77,38.81
2023-03-21T18:30:00Z,38.79,39.02,38.78,38.99
2023-03-21T19:30:00Z,38.99,39.17,38.97,39.145
2023-03-22T13:30:00Z,39.19,39.23,38.97,39.18
2023-03-22T14:30:00Z,39.19,39.33,39.02,39.05
2023-03-22T15:30:00Z,39.09,39.27,39.09,39.12
2023-03-22T16:30:00Z,39.09,39.12,38.95,39.08
2023-03-22T17:30:00Z,39.095,39.47,39.06,39.24
2023-03-22T18:30:00Z,39.25,39.37,38.64,38.91
2023-03-22T19:30:00Z,38.92,38.92,38.07,38.07
2023-03-23T13:30:00Z,38.4,38.5,38.06,38.06
2023-03-23T14:30:00Z,38.06,38.6,38.05,38.42
2023-03-23T15:30:00Z,38.43,38.55,38.26,38.31
2023-03-23T16:30:00Z,38.3,38.35,38.09,38.13
2023-03-23T17:30:00Z,38.12,38.17,37.73,37.73
2023-03-23T18:30:00Z,37.725,37.82,37.39,37.59
2023-03-23T19:30:00Z,37.57,37.97,37.55,37.82
2023-03-24T13:30:00Z,37.56,37.64,37.24,37.4
2023-03-24T14:30:00Z,37.46,37.5,36.97,36.97
2023-03-24T15:30:00Z,36.96,37.21,36.875,36.875
2023-03-24T16:30:00Z,36.92,37.25,36.815,37.19
2023-03-24T17:30:00Z,37.21,37.28,37.07,37.1
2023-03-24T18:30:00Z,37.11,37.3,37.11,37.23
2023-03-24T19:30:00Z,37.24,37.39,37.14,37.38
2023-03-27T14:30:00+01:00,37.82,37.87,37.66,37.75
2023-03-27T15:30:00+01:00,37.77,37.95,37.68,37.95
2023-03-27T16:30:00+01:00,37.98,37.99,37.75,37.99
2023-03-27T17:30:00+01:00,38.02,38.1,37.94,38.1
2023-03-27T18:30:00+01:00,38.1,38.15,37.97,37.98
2023-03-27T19:30:00+01:00,38,38.14,38,38.105
2023-03-27T20:30:00+01:00,38.11,38.13,37.92,38.005
2023-03-28T14:30:00+01:00,37.875,38.06,37.77,38
2023-03-28T15:30:00+01:00,38,38.01,37.73,37.83
2023-03-28T16:30:00+01:00,37.82,37.95,37.8,37.87
2023-03-28T17:30:00+01:00,37.86,37.93,37.68,37.7
2023-03-28T18:30:00+01:00,37.715,37.72,37.56,37.7
2023-03-28T19:30:00+01:00,37.71,38.05,37.695,38.02
2023-03-28T20:30:00+01:00,38.02,38.315,38.01,38.31
2023-03-29T14:30:00+01:00,38.95,39.08,38.72,39.01
2023-03-29T15:30:00+01:00,39.02,39.06,38.64,38.93
2023-03-29T16:30:00+01:00,38.92,38.995,38.81,38.82
2023-03-29T17:30:00+01:00,38.805,38.865,38.73,38.865
2023-03-29T18:30:00+01:00,38.865,38.89,38.65,38.76
2023-03-29T19:30:00+01:00,38.75,38.98,38.735,38.98
2023-03-29T20:30:00+01:00,38.97,39.22,38.92,39.12
2023-03-30T14:30:00+01:00,39.47,39.94,39.465,39.9
2023-03-30T15:30:00+01:00,39.88,39.92,39.63,39.69
2023-03-30T16:30:00+01:00,39.69,39.76,39.61,39.63
2023-03-30T17:30:00+01:00,39.63,39.7,39.56,39.63
2023-03-30T18:30:00+01:00,39.62,39.735,39.58,39.73
2023-03-30T19:30:00+01:00,39.755,39.85,39.69,39.74
2023-03-30T20:30:00+01:00,39.74,39.915,39.71,39.87
2023-03-31T14:30:00+01:00,39.96,40.38,39.96,40.12
2023-03-31T15:30:00+01:00,40.17,40.23,40.05,40.2
2023-03-31T16:30:00+01:00,40.2,40.23,40.13,40.18
2023-03-31T17:30:00+01:00,40.18,40.23,40,40.01
2023-03-31T18:30:00+01:00,40.02,40.105,39.99,40.07
2023-03-31T19:30:00+01:00,40.07,40.2,39.95,40.18
2023-03-31T20:30:00+01:00,40.18,40.23,39.94,40.19
2023-04-03T14:30:00+01:00,40.08,41.15,40.08,40.74
2023-04-03T15:30:00+01:00,40.75,40.83,40.48,40.48
2023-04-03T16:30:00+01:00,40.47,40.67,40.47,40.57
2023-04-03T17:30:00+01:00,40.57,40.655,40.51,40.55
2023-04-03T18:30:00+01:00,40.55,40.96,40.54,40.96
2023-04-03T19:30:00+01:00,40.95,41.06,40.94,40.97
2023-04-03T20:30:00+01:00,40.98,41.04,40.905,40.96
2023-04-04T14:30:00+01:00,41.25,41.34,40.645,40.7
2023-04-04T15:30:00+01:00,40.69,40.83,40.48,40.59
2023-04-04T16:30:00+01:00,40.58,40.81,40.555,40.81
2023-04-04T17:30:00+01:00,40.81,40.89,40.675,40.86
2023-04-04T18:30:00+01:00,40.88,41.05,40.81,40.81
2023-04-04T19:30:00+01:00,40.81,40.85,40.61,40.61
2023-04-04T20:30:00+01:00,40.62,40.92,40.61,40.86
2023-04-05T14:30:00+01:00,40.74,41.12,40.58,41.015
2023-04-05T15:30:00+01:00,40.96,41.03,40.68,40.68
2023-04-05T16:30:00+01:00,40.68,40.77,40.48,40.52
2023-04-05T17:30:00+01:00,40.49,40.5,40.34,40.44
2023-04-05T18:30:00+01:00,40.44,40.605,40.43,40.6
2023-04-05T19:30:00+01:00,40.595,40.73,40.58,40.7
2023-04-05T20:30:00+01:00,40.7,40.84,40.67,40.84
2023-04-06T14:30:00+01:00,40.78,40.8,40.23,40.47
2023-04-06T15:30:00+01:00,40.42,40.59,40.36,40.56
2023-04-06T16:30:00+01:00,40.555,40.71,40.52,40.68
2023-04-06T17:30:00+01:00,40.68,40.79,40.64,40.69
2023-04-06T18:30:00+01:00,40.69,40.73,40.58,40.6
2023-04-06T19:30:00+01:00,40.62,40.65,40.36,40.36
2023-04-06T20:30:00+01:00,40.37,40.39,40.23,40.23
2023-04-10T14:30:00+01:00,39.9,41.17,39.9,41.15
2023-04-10T15:30:00+01:00,41.17,41.27,41.085,41.26
2023-04-10T16:30:00+01:00,41.26,41.28,40.89,40.94
2023-04-10T17:30:00+01:00,40.94,41.09,40.94,41.09
2023-04-10T18:30:00+01:00,41.095,41.21,41.04,41.08
2023-04-10T19:30:00+01:00,41.09,41.3,41.05,41.2
2023-04-10T20:30:00+01:00,41.19,41.44,41.16,41.44
2023-04-11T14:30:00+01:00,41.49,41.86,41.21,41.75
2023-04-11T15:30:00+01:00,41.74,41.74,41.51,41.665
2023-04-11T16:30:00+01:00,41.66,41.93,41.62,41.88
2023-04-11T17:30:00+01:00,41.88,41.95,41.83,41.83
2023-04-11T18:30:00+01:00,41.84,41.93,41.76,41.91
2023-04-11T19:30:00+01:00,41.92,41.93,41.82,41.89
2023-04-11T20:30:00+01:00,41.9,41.91,41.575,41.6
2023-04-12T14:30:00+01:00,41.86,41.94,41.32,41.47
2023-04-12T15:30:00+01:00,41.48,41.56,41.15,41.46
2023-04-12T16:30:00+01:00,41.46,41.67,41.42,41.67
2023-04-12T17:30:00+01:00,41.67,41.91,41.6,41.89
2023-04-12T18:30:00+01:00,41.9,41.99,41.775,41.8
2023-04-12T19:30:00+01:00,41.795,41.92,41.655,41.68
2023-04-12T20:30:00+01:00,41.68,41.955,41.67,41.87
2023-04-13T14:30:00+01:00,41.86,42.28,41.8,42.01
2023-04-13T15:30:00+01:00,42.02,42.05,41.78,41.81
2023-04-13T16:30:00+01:00,41.79,42.22,41.75,42.21
2023-04-13T17:30:00+01:00,42.22,42.4,42.1,42.31
2023-04-13T18:30:00+01:00,42.3,42.47,42.23,42.41
2023-04-13T19:30:00+01:00,42.41,42.73,42.325,42.69
2023-04-13T20:30:00+01:00,42.69,42.77,42.61,42.655
2023-04-14T14:30:00+01:00,42.51,43.73,42.51,43.06
2023-04-14T15:30:00+01:00,43.05,43.14,42.695,42.86
2023-04-14T16:30:00+01:00,42.86,43.31,42.8,43.1
2023-04-14T17:30:00+01:00,43.1,43.35,42.92,42.92
2023-04-14T18:30:00+01:00,42.91,43.04,42.865,42.92
2023-04-14T19:30:00+01:00,42.92,43.06,42.85,43.03
2023-04-14T20:30:00+01:00,43.02,43.33,43,43.27
2023-04-17T14:30:00+01:00,42.87,43.85,42.75,43.52
2023-04-17T15:30:00+01:00,43.52,43.78,43.44,43.69
2023-04-17T16:30:00+01:00,43.7,43.84,43.51,43.58
2023-04-17T17:30:00+01:00,43.585,43.88,43.57,43.78
2023-04-17T18:30:00+01:00,43.79,43.79,43.5,43.555
2023-04-17T19:30:00+01:00,43.55,43.81,43.525,43.795
2023-04-17T20:30:00+01:00,43.795,43.995,43.79,43.92
2023-04-18T14:30:00+01:00,44.25,45.12,44.24,44.59
2023-04-18T15:30:00+01:00,44.58,44.765,44.38,44.61
2023-04-18T16:30:00+01:00,44.61,45.42,44.6,45.42
2023-04-18T17:30:00+01:00,45.42,45.59,45.26,45.56
2023-04-18T18:30:00+01:00,45.57,45.65,45.365,45.44
2023-04-18T19:30:00+01:00,45.435,45.48,45.215,45.4
2023-04-18T20:30:00+01:00,45.4,45.555,45.32,45.51
2023-04-19T14:30:00+01:00,44.63,45.32,44.17,45.13
2023-04-19T15:30:00+01:00,45.13,45.15,44.46,44.56
2023-04-19T16:30:00+01:00,44.57,44.58,44.11,44.45
2023-04-19T17:30:00+01:00,44.45,44.515,44.26,44.31
2023-04-19T18:30:00+01:00,44.32,44.32,44.14,44.24
2023-04-19T19:30:00+01:00,44.24,44.27,43.995,44.02
2023-04-19T20:30:00+01:00,44.01,44.08,43.82,43.83
2023-04-20T14:30:00+01:00,43.42,43.42,42.76,43.04
2023-04-20T15:30:00+01:00,43.02,43.2,42.92,43.19
2023-04-20T16:30:00+01:00,43.18,43.32,43.07,43.23
2023-04-20T17:30:00+01:00,43.24,43.56,43.23,43.53
2023-04-20T18:30:00+01:00,43.51,43.55,43.35,43.42
2023-04-20T19:30:00+01:00,43.42,43.42,42.885,42.89
2023-04-20T20:30:00+01:00,42.9,42.995,42.825,42.91
2023-04-21T14:30:00+01:00,42.51,42.89,42.51,42.74
2023-04-21T15:30:00+01:00,42.74,42.78,42.52,42.57
2023-04-21T16:30:00+01:00,42.57,42.81,42.52,42.73
2023-04-21T17:30:00+01:00,42.74,42.88,42.69,42.72
2023-04-21T18:30:00+01:00,42.745,42.89,42.74,42.83
2023-04-21T19:30:00+01:00,42.85,42.87,42.77,42.855
2023-04-21T20:30:00+01:00,42.85,43.14,42.85,43.1
2023-04-24T14:30:00+01:00,42.66,42.85,42.37,42.77
2023-04-24T15:30:00+01:00,42.78,42.8,42.43,42.58
2023-04-24T16:30:00+01:00,42.6,42.65,42.37,42.46
2023-04-24T17:30:00+01:00,42.47,42.49,42.365,42.41
2023-04-24T18:30:00+01:00,42.41,42.6,42.41,42.565
2023-04-24T19:30:00+01:00,42.57,42.77,42.56,42.71
2023-04-24T20:30:00+01:00,42.71,42.75,42.63,42.67
2023-04-25T14:30:00+01:00,42.575,42.68,42.28,42.28
2023-04-25T15:30:00+01:00,42.25,42.4,42.19,42.315
2023-04-25T16:30:00+01:00,42.29,42.325,42.13,42.13
2023-04-25T17:30:00+01:00,42.13,42.165,41.87,41.91
2023-04-25T18:30:00+01:00,41.89,41.94,41.73,41.94
2023-04-25T19:30:00+01:00,41.93,41.99,41.78,41.79
2023-04-25T20:30:00+01:00,41.8,41.85,41.7,41.7
2023-04-26T14:30:00+01:00,41.71,41.97,41.67,41.79
2023-04-26T15:30:00+01:00,41.79,42.08,41.7,42.02
2023-04-26T16:30:00+01:00,42.02,42.18,42.02,42.045
2023-04-26T17:30:00+01:00,42.04,42.115,41.96,41.96
2023-04-26T18:30:00+01:00,41.96,41.97,41.68,41.74
2023-04-26T19:30:00+01:00,41.75,41.76,41.47,41.625
2023-04-26T20:30:00+01:00,41.63,41.72,41.58,41.66
2023-04-27T14:30:00+01:00,41.8,42.22,41.76,42.12
2023-04-27T15:30:00+01:00,42.14,42.28,42.11,42.25
2023-04-27T16:30:00+01:00,42.24,42.41,42.2,42.38
2023-04-27T17:30:00+01:00,42.385,42.41,42.22,42.39
2023-04-27T18:30:00+01:00,42.4,42.51,42.39,42.48
2023-04-27T19:30:00+01:00,42.47,42.72,42.47,42.72
2023-04-27T20:30:00+01:00,42.73,42.81,42.64,42.81
2023-04-28T14:30:00+01:00,42.98,43.41,42.84,43.41
2023-04-28T15:30:00+01:00,43.41,43.44,43.12,43.32
2023-04-28T16:30:00+01:00,43.33,43.49,43.3,43.47
2023-04-28T17:30:00+01:00,43.48,43.52,43.3,43.33
2023-04-28T18:30:00+01:00,43.34,43.36,43.07,43.13
2023-04-28T19:30:00+01:00,43.14,43.42,43.07,43.42
2023-04-28T20:30:00+01:00,43.43,43.635,43.41,43.47
2023-05-01T14:30:00+01:00,43.505,44.1,43.505,43.87
2023-05-01T15:30:00+01:00,43.88,44.02,43.58,43.58
2023-05-01T16:30:00+01:00,43.57,43.69,43.55,43.66
2023-05-01T17:30:00+01:00,43.665,43.72,43.42,43.42
2023-05-01T18:30:00+01:00,43.42,43.62,43.38,43.62
2023-05-01T19:30:00+01:00,43.615,43.915,43.52,43.82
2023-05-01T20:30:00+01:00,43.82,44.06,43.77,43.81
2023-05-02T14:30:00+01:00,45.12,45.65,44.52,44.77
2023-05-02T15:30:00+01:00,44.77,44.77,43.89,44.265
2023-05-02T16:30:00+01:00,44.31,44.49,44.15,44.44
2023-05-02T17:30:00+01:00,44.44,44.56,44.37,44.48
2023-05-02T18:30:00+01:00,44.48,45.02,44.47,44.63
2023-05-02T19:30:00+01:00,44.63,44.89,44.53,44.8
2023-05-02T20:30:00+01:00,44.8,44.81,44.64,44.76
2023-05-03T14:30:00+01:00,45.12,45.61,45.12,45.21
2023-05-03T15:30:00+01:00,45.25,45.36,44.82,44.88
2023-05-03T16:30:00+01:00,44.88,45.025,44.8,45
2023-05-03T17:30:00+01:00,44.99,45,44.89,44.97
2023-05-03T18:30:00+01:00,44.97,45.595,44.86,45.49
2023-05-03T19:30:00+01:00,45.49,45.74,45.03,45.18
2023-05-03T20:30:00+01:00,45.17,45.36,45.065,45.15
2023-05-04T14:30:00+01:00,45.035,45.145,44.24,44.57
2023-05-04T15:30:00+01:00,44.6,44.89,44.45,44.69
2023-05-04T16:30:00+01:00,44.7,44.82,44.43,44.7
2023-05-04T17:30:00+01:00,44.7,44.83,44.575,44.78
2023-05-04T18:30:00+01:00,44.8,44.86,44.46,44.46
2023-05-04T19:30:00+01:00,44.45,44.52,44.09,44.14
2023-05-04T20:30:00+01:00,44.13,44.34,44.13,44.17
2023-05-05T14:30:00+01:00,44.78,45,44.62,44.94
2023-05-05T15:30:00+01:00,44.92,45.5,44.81,45.49
2023-05-05T16:30:00+01:00,45.5,45.67,45.365,45.635
2023-05-05T17:30:00+01:00,45.63,45.67,45.37,45.52
2023-05-05T18:30:00+01:00,45.51,45.675,45.47,45.62
2023-05-05T19:30:00+01:00,45.63,45.79,45.61,45.7
2023-05-05T20:30:00+01:00,45.7,45.7,45.29,45.37
2023-05-08T14:30:00+01:00,45.55,45.94,45.19,45.69
2023-05-08T15:30:00+01:00,45.72,46.18,45.69,45.85
2023-05-08T16:30:00+01:00,45.85,45.91,45.67,45.68
2023-05-08T17:30:00+01:00,45.7,45.84,45.68,45.81
2023-05-08T18:30:00+01:00,45.825,45.875,45.65,45.835
2023-05-08T19:30:00+01:00,45.84,45.9,45.765,45.84
2023-05-08T20:30:00+01:00,45.835,46.065,45.835,46.01
2023-05-09T14:30:00+01:00,45.95,46.09,45.26,45.6
2023-05-09T15:30:00+01:00,45.58,46.03,45.56,45.91
2023-05-09T16:30:00+01:00,45.91,46.14,45.91,46.07
2023-05-09T17:30:00+01:00,46.09,46.16,45.87,45.91
2023-05-09T18:30:00+01:00,45.91,46.215,45.89,46.105
2023-05-09T19:30:00+01:00,46.11,46.125,45.95,46
2023-05-09T20:30:00+01:00,46,46.1,45.96,46
2023-05-10T14:30:00+01:00,46.42,46.55,45.82,45.87
2023-05-10T15:30:00+01:00,45.87,46.02,45.685,46.01
2023-05-10T16:30:00+01:00,46.01,46.15,45.83,45.94
2023-05-10T17:30:00+01:00,45.96,45.975,45.46,45.5
2023-05-10T18:30:00+01:00,45.5,45.93,45.5,45.9
2023-05-10T19:30:00+01:00,45.91,46.1,45.85,45.91
2023-05-10T20:30:00+01:00,45.9,45.95,45.73,45.82
2023-05-11T14:30:00+01:00,45.75,45.75,45.2,45.44
2023-05-11T15:30:00+01:00,45.44,45.54,45.27,45.29
2023-05-11T16:30:00+01:00,45.3,45.38,45,45.23
2023-05-11T17:30:00+01:00,45.24,45.26,44.91,44.93
2023-05-11T18:30:00+01:00,44.91,44.92,44.48,44.59
2023-05-11T19:30:00+01:00,44.61,44.92,44.55,44.86
2023-05-11T20:30:00+01:00,44.85,44.86,44.625,44.71
2023-05-12T14:30:00+01:00,44.74,44.77,44.51,44.53
2023-05-12T15:30:00+01:00,44.54,44.675,44.47,44.5
2023-05-12T16:30:00+01:00,44.5,44.5,44.22,44.23
2023-05-12T17:30:00+01:00,44.24,44.41,44.19,44.37
2023-05-12T18:30:00+01:00,44.36,44.4,44.23,44.36
2023-05-12T19:30:00+01:00,44.35,44.5,44.28,44.48
2023-05-12T20:30:00+01:00,44.49,44.79,44.49,44.765
2023-05-15T14:30:00+01:00,44.82,44.91,44.45,44.65
2023-05-15T15:30:00+01:00,44.67,44.84,44.65,44.76
2023-05-15T16:30:00+01:00,44.75,44.82,44.61,44.75
2023-05-15T17:30:00+01:00,44.76,44.99,44.76,44.77
2023-05-15T18:30:00+01:00,44.77,44.81,44.645,44.685
2023-05-15T19:30:00+01:00,44.69,44.8,44.67,44.74
2023-05-15T20:30:00+01:00,44.75,45,44.74,44.95
2023-05-16T14:30:00+01:00,44.805,45.46,44.7,45.43
2023-05-16T15:30:00+01:00,45.43,45.67,45.38,45.65
2023-05-16T16:30:00+01:00,45.66,45.995,45.53,45.96
2023-05-16T17:30:00+01:00,45.96,46.13,45.77,45.79
2023-05-16T18:30:00+01:00,45.82,45.88,45.46,45.48
2023-05-16T19:30:00+01:00,45.48,45.56,45.33,45.47
2023-05-16T20:30:00+01:00,45.47,45.47,45.325,45.38
2023-05-17T14:30:00+01:00,45.86,45.88,45.25,45.58
2023-05-17T15:30:00+01:00,45.58,45.77,45.53,45.64
2023-05-17T16:30:00+01:00,45.64,45.84,45.64,45.68
2023-05-17T17:30:00+01:00,45.67,46.05,45.66,46.01
2023-05-17T18:30:00+01:00,46.02,46.17,45.86,45.99
2023-05-17T19:30:00+01:00,45.99,46.07,45.91,45.94
2023-05-17T20:30:00+01:00,45.95,45.98,45.795,45.845
2023-05-18T14:30:00+01:00,45.795,46.48,45.66,46.47
2023-05-18T15:30:00+01:00,46.48,46.95,46.48,46.92
2023-05-18T16:30:00+01:00,46.92,46.94,46.27,46.33
2023-05-18T17:30:00+01:00,46.34,46.52,46.32,46.33
2023-05-18T18:30:00+01:00,46.32,46.54,46.295,46.52
2023-05-18T19:30:00+01:00,46.53,46.98,46.53,46.95
2023-05-18T20:30:00+01:00,46.96,47.31,46.9,47.11
2023-05-19T14:30:00+01:00,47.5,48.155,47.4,47.98
2023-05-19T15:30:00+01:00,47.99,48.18,47.5,47.52
2023-05-19T16:30:00+01:00,47.51,47.86,47.4,47.82
2023-05-19T17:30:00+01:00,47.81,48.09,47.67,47.91
2023-05-19T18:30:00+01:00,47.92,47.95,47.7,47.72
2023-05-19T19:30:00+01:00,47.69,47.905,47.63,47.74
2023-05-19T20:30:00+01:00,47.74,47.76,47.59,47.745
2023-05-22T14:30:00+01:00,46.75,47.94,46.4,47.48
2023-05-22T15:30:00+01:00,47.47,47.66,47.395,47.48
2023-05-22T16:30:00+01:00,47.48,47.555,47.2,47.26
2023-05-22T17:30:00+01:00,47.26,47.31,47.05,47.2
2023-05-22T18:30:00+01:00,47.2,47.38,47.05,47.38
2023-05-22T19:30:00+01:00,47.405,47.53,47.325,47.41
2023-05-22T20:30:00+01:00,47.4,47.56,47.4,47.53
2023-05-23T14:30:00+01:00,47.25,47.56,46.905,47.17
2023-05-23T15:30:00+01:00,47.18,47.25,46.97,47.15
2023-05-23T16:30:00+01:00,47.16,47.19,47.015,47.06
2023-05-23T17:30:00+01:00,47.05,47.08,46.76,46.77
2023-05-23T18:30:00+01:00,46.77,46.93,46.48,46.52
2023-05-23T19:30:00+01:00,46.5,46.65,46.46,46.59
2023-05-23T20:30:00+01:00,46.6,46.62,46.34,46.34
2023-05-24T14:30:00+01:00,46,46,45.46,45.49
2023-05-24T15:30:00+01:00,45.5,45.72,45.31,45.66
2023-05-24T16:30:00+01:00,45.67,45.72,45.25,45.45
2023-05-24T17:30:00+01:00,45.45,45.54,45.32,45.46
2023-05-24T18:30:00+01:00,45.45,45.65,45.44,45.55
2023-05-24T19:30:00+01:00,45.55,45.93,45.55,45.88
2023-05-24T20:30:00+01:00,45.89,46.04,45.81,45.9
2023-05-25T14:30:00+01:00,46.67,47.43,46.56,47.16
2023-05-25T15:30:00+01:00,47.17,47.27,46.84,46.91
2023-05-25T16:30:00+01:00,46.92,47.34,46.72,47.32
2023-05-25T17:30:00+01:00,47.34,47.73,47.3,47.72
2023-05-25T18:30:00+01:00,47.72,47.94,47.59,47.89
2023-05-25T19:30:00+01:00,47.89,48.32,47.665,48.26
2023-05-25T20:30:00+01:00,48.25,48.32,47.985,48.09
2023-05-26T14:30:00+01:00,48.29,48.41,47.49,47.77
2023-05-26T15:30:00+01:00,47.78,48.16,47.63,48.14
2023-05-26T16:30:00+01:00,48.14,48.25,47.98,48.17
2023-05-26T17:30:00+01:00,48.17,48.37,47.98,48.2
2023-05-26T18:30:00+01:00,48.19,48.25,47.94,48.11
2023-05-26T19:30:00+01:00,48.12,48.44,48.1,48.335
2023-05-26T20:30:00+01:00,48.35,48.55,48.28,48.5
2023-05-30T14:30:00+01:00,48.78,49.08,47.99,48.27
2023-05-30T15:30:00+01:00,48.25,48.35,47.96,48.15
2023-05-30T16:30:00+01:00,48.17,48.36,48.01,48.32
2023-05-30T17:30:00+01:00,48.31,48.31,47.96,48.06
2023-05-30T18:30:00+01:00,48.05,48.13,47.62,47.73
2023-05-30T19:30:00+01:00,47.72,47.72,47.28,47.33
2023-05-30T20:30:00+01:00,47.335,47.38,47.17,47.31
2023-05-31T14:30:00+01:00,45.815,46.16,44.46,45.98
2023-05-31T15:30:00+01:00,45.97,46.16,45.52,45.63
2023-05-31T16:30:00+01:00,45.63,45.74,45.32,45.56
2023-05-31T17:30:00+01:00,45.55,45.66,45.26,45.29
2023-05-31T18:30:00+01:00,45.3,45.41,45.04,45.27
2023-05-31T19:30:00+01:00,45.27,45.28,44.5,44.655
2023-05-31T20:30:00+01:00,44.66,44.91,44.66,44.81
2023-06-01T14:30:00+01:00,44.88,45.53,44.71,45.03
2023-06-01T15:30:00+01:00,45.02,45.58,45.01,45.4
2023-06-01T16:30:00+01:00,45.41,45.74,45.4,45.7
2023-06-01T17:30:00+01:00,45.7,45.8,45.51,45.55
2023-06-01T18:30:00+01:00,45.54,45.605,45.44,45.48
2023-06-01T19:30:00+01:00,45.48,47.35,45.33,46.08
2023-06-01T20:30:00+01:00,46.1,46.13,45.18,45.46
2023-06-02T14:30:00+01:00,45.5,47.21,45.5,47.12
2023-06-02T15:30:00+01:00,47.14,47.82,46.59,47.79
2023-06-02T16:30:00+01:00,47.79,47.84,47.08,47.28
2023-06-02T17:30:00+01:00,47.26,47.45,47.07,47.24
2023-06-02T18:30:00+01:00,47.255,47.335,46.93,47.21
2023-06-02T19:30:00+01:00,47.22,47.41,47.05,47.06
2023-06-02T20:30:00+01:00,47.06,47.34,46.99,47.27
2023-06-05T14:30:00+01:00,47.42,47.57,45.83,45.83
2023-06-05T15:30:00+01:00,45.8,46.115,45.3,46.1
2023-06-05T16:30:00+01:00,46.09,46.15,45.735,46.005
2023-06-05T17:30:00+01:00,46,46.34,45.8,46.01
2023-06-05T18:30:00+01:00,45.99,46.02,45.72,45.78
2023-06-05T19:30:00+01:00,45.8,45.8,45.34,45.44
2023-06-05T20:30:00+01:00,45.43,45.67,45.35,45.48
2023-06-06T14:30:00+01:00,45.38,46.26,45.17,46.16
2023-06-06T15:30:00+01:00,46.16,46.88,46.105,46.88
2023-06-06T16:30:00+01:00,46.88,47.07,46.72,46.72
2023-06-06T17:30:00+01:00,46.7,46.74,46.32,46.56
2023-06-06T18:30:00+01:00,46.57,46.91,46.46,46.9
2023-06-06T19:30:00+01:00,46.895,47.03,46.76,47.01
2023-06-06T20:30:00+01:00,47.01,47.02,46.715,46.86
2023-06-07T14:30:00+01:00,46.86,47.29,46.77,47.07
2023-06-07T15:30:00+01:00,47.065,47.42,46.88,47.42
2023-06-07T16:30:00+01:00,47.43,47.69,47.425,47.55
2023-06-07T17:30:00+01:00,47.56,47.6,47.39,47.44
2023-06-07T18:30:00+01:00,47.43,47.495,47.29,47.47
2023-06-07T19:30:00+01:00,47.48,47.75,47.48,47.74
2023-06-07T20:30:00+01:00,47.735,47.78,47.535,47.68
2023-06-08T14:30:00+01:00,47.9,48.1,47.2,47.29
2023-06-08T15:30:00+01:00,47.3,47.79,47.25,47.75
2023-06-08T16:30:00+01:00,47.75,47.93,47.67,47.91
2023-06-08T17:30:00+01:00,47.91,47.985,47.73,47.87
2023-06-08T18:30:00+01:00,47.85,47.985,47.715,47.97
2023-06-08T19:30:00+01:00,47.99,48.07,47.71,47.74
2023-06-08T20:30:00+01:00,47.745,47.9,47.59,47.89
2023-06-09T14:30:00+01:00,48.09,48.66,48.09,48.35
2023-06-09T15:30:00+01:00,48.37,48.425,48.11,48.21
2023-06-09T16:30:00+01:00,48.19,48.29,47.88,47.92
2023-06-09T17:30:00+01:00,47.93,47.98,47.83,47.91
2023-06-09T18:30:00+01:00,47.905,47.92,47.6,47.78
2023-06-09T19:30:00+01:00,47.79,47.81,47.59,47.78
2023-06-09T20:30:00+01:00,47.78,47.8,47.6,47.61
2023-06-12T14:30:00+01:00,47.61,48.03,47.61,47.82
2023-06-12T15:30:00+01:00,47.83,48.08,47.615,47.79
2023-06-12T16:30:00+01:00,47.79,47.96,47.72,47.85
2023-06-12T17:30:00+01:00,47.85,48.085,47.805,48.05
2023-06-12T18:30:00+01:00,48.05,48.05,47.83,47.84
2023-06-12T19:30:00+01:00,47.82,48.03,47.72,47.96
2023-06-12T20:30:00+01:00,47.95,48.12,47.93,48.09
2023-06-13T14:30:00+01:00,48.26,48.67,48.25,48.52
2023-06-13T15:30:00+01:00,48.53,48.68,48.44,48.64
2023-06-13T16:30:00+01:00,48.64,48.66,48.29,48.38
2023-06-13T17:30:00+01:00,48.39,48.52,48.34,48.51
2023-06-13T18:30:00+01:00,48.51,48.57,48.39,48.43
2023-06-13T19:30:00+01:00,48.42,48.61,48.36,48.59
2023-06-13T20:30:00+01:00,48.6,48.815,48.55,48.79
2023-06-14T14:30:00+01:00,48.74,49.12,48.74,49.02
2023-06-14T15:30:00+01:00,49.02,49.25,48.92,49.17
2023-06-14T16:30:00+01:00,49.15,49.34,49.08,49.1
2023-06-14T17:30:00+01:00,49.1,49.21,48.995,49.01
2023-06-14T18:30:00+01:00,49.02,49.13,48.8,48.94
2023-06-14T19:30:00+01:00,48.94,49.68,48.9,49.53
2023-06-14T20:30:00+01:00,49.53,49.55,49.21,49.37
2023-06-15T14:30:00+01:00,49.51,49.75,49.17,49.75
2023-06-15T15:30:00+01:00,49.76,50.26,49.65,50.26
2023-06-15T16:30:00+01:00,50.26,50.46,50.15,50.18
2023-06-15T17:30:00+01:00,50.18,50.215,49.94,49.99
2023-06-15T18:30:00+01:00,50,50.17,49.98,50.01
2023-06-15T19:30:00+01:00,50.02,50.11,49.99,50.05
2023-06-15T20:30:00+01:00,50.06,50.27,50.02,50.2
2023-06-16T14:30:00+01:00,50.39,50.39,49.68,50.09
2023-06-16T15:30:00+01:00,50.09,50.11,49.685,49.83
2023-06-16T16:30:00+01:00,49.82,49.95,49.6,49.93
2023-06-16T17:30:00+01:00,49.93,50.16,49.9,50.1
2023-06-16T18:30:00+01:00,50.09,50.11,49.98,50.07
2023-06-16T19:30:00+01:00,50.07,50.17,50.01,50.07
2023-06-16T20:30:00+01:00,50.07,50.11,49.53,49.66
2023-06-20T14:30:00+01:00,49.55,49.58,48.87,48.94
2023-06-20T15:30:00+01:00,48.92,49.25,48.9,49.09
2023-06-20T16:30:00+01:00,49.1,49.17,48.75,48.95
2023-06-20T17:30:00+01:00,48.94,49.25,48.77,49.13
2023-06-20T18:30:00+01:00,49.13,49.33,49.06,49.16
2023-06-20T19:30:00+01:00,49.15,49.35,48.99,49.13
2023-06-20T20:30:00+01:00,49.14,49.37,49.07,49.34
2023-06-21T14:30:00+01:00,49.835,50.58,49.7,49.95
2023-06-21T15:30:00+01:00,49.96,50.15,49.41,49.7
2023-06-21T16:30:00+01:00,49.69,49.91,49.57,49.86
2023-06-21T17:30:00+01:00,49.86,49.87,49.62,49.81
2023-06-21T18:30:00+01:00,49.81,49.995,49.76,49.99
2023-06-21T19:30:00+01:00,50,50.06,49.93,50.035
2023-06-21T20:30:00+01:00,50.035,50.11,49.97,50.055
2023-06-22T14:30:00+01:00,49.76,50.87,49.76,50.72
2023-06-22T15:30:00+01:00,50.725,50.74,50.38,50.71
2023-06-22T16:30:00+01:00,50.72,50.92,50.67,50.76
2023-06-22T17:30:00+01:00,50.76,50.8,50.61,50.72
2023-06-22T18:30:00+01:00,50.715,50.98,50.63,50.95
2023-06-22T19:30:00+01:00,50.955,51.38,50.955,51.22
2023-06-22T20:30:00+01:00,51.23,51.44,51.2,51.29
2023-06-23T14:30:00+01:00,50.88,51.41,50.51,51.38
2023-06-23T15:30:00+01:00,51.38,51.64,50.915,51.2
2023-06-23T16:30:00+01:00,51.18,51.39,51.125,51.39
2023-06-23T17:30:00+01:00,51.39,51.48,51.29,51.42
2023-06-23T18:30:00+01:00,51.42,51.54,51.2,51.22
2023-06-23T19:30:00+01:00,51.19,51.22,50.64,50.71
2023-06-23T20:30:00+01:00,50.69,51.28,50.66,50.87
2023-06-26T14:30:00+01:00,50.96,51.58,50.92,51.22
2023-06-26T15:30:00+01:00,51.22,51.26,50.79,50.79
2023-06-26T16:30:00+01:00,50.78,51.02,50.73,50.955
2023-06-26T17:30:00+01:00,50.97,51.07,50.73,51
2023-06-26T18:30:00+01:00,51.01,51.21,50.965,51.2
2023-06-26T19:30:00+01:00,51.2,51.28,51.16,51.27
2023-06-26T20:30:00+01:00,51.26,51.35,51.05,51.33
2023-06-27T14:30:00+01:00,51.32,51.5,50.9,51.18
2023-06-27T15:30:00+01:00,51.19,51.3,51.12,51.27
2023-06-27T16:30:00+01:00,51.27,51.48,51.18,51.47
2023-06-27T17:30:00+01:00,51.47,51.57,51.38,51.47
2023-06-27T18:30:00+01:00,51.47,51.5,51.39,51.46
2023-06-27T19:30:00+01:00,51.45,51.46,51.17,51.37
2023-06-27T20:30:00+01:00,51.37,51.395,51.25,51.39
2023-06-28T14:30:00+01:00,51.03,51.46,50.92,51.26
2023-06-28T15:30:00+01:00,51.26,51.64,51.26,51.48
2023-06-28T16:30:00+01:00,51.47,51.76,51.46,51.53
2023-06-28T17:30:00+01:00,51.54,51.62,51.34,51.56
2023-06-28T18:30:00+01:00,51.58,51.74,51.49,51.72
2023-06-28T19:30:00+01:00,51.72,51.92,51.62,51.88
2023-06-28T20:30:00+01:00,51.84,51.87,51.75,51.78
2023-06-29T14:30:00+01:00,51.98,52.79,51.8,52.5
2023-06-29T15:30:00+01:00,52.53,52.82,52.33,52.77
2023-06-29T16:30:00+01:00,52.77,52.83,52.57,52.74
2023-06-29T17:30:00+01:00,52.74,52.84,52.63,52.63
2023-06-29T18:30:00+01:00,52.62,52.715,52.41,52.68
2023-06-29T19:30:00+01:00,52.67,52.79,52.58,52.76
2023-06-29T20:30:00+01:00,52.75,53.14,52.66,53.11
2023-06-30T14:30:00+01:00,53.94,54.6,53.77,53.98
2023-06-30T15:30:00+01:00,53.94,54.18,53.77,54.11
2023-06-30T16:30:00+01:00,54.11,54.15,53.89,54.07
2023-06-30T17:30:00+01:00,54.07,54.21,54.005,54.175
2023-06-30T18:30:00+01:00,54.18,54.48,54.18,54.46
2023-06-30T19:30:00+01:00,54.46,54.47,54.31,54.47
2023-06-30T20:30:00+01:00,54.47,54.47,54.11,54.12
2023-07-03T14:30:00+01:00,54.1,54.27,53.74,54.11
2023-07-03T15:30:00+01:00,54.11,54.29,54,54.2
2023-07-03T16:30:00+01:00,54.21,54.37,54.13,54.36
2023-07-03T17:30:00+01:00,54.36,54.78,54.36,54.65
2023-07-05T14:30:00+01:00,54.11,54.67,53.96,54.56
2023-07-05T15:30:00+01:00,54.57,54.585,54.29,54.47
2023-07-05T16:30:00+01:00,54.48,54.52,54.1,54.16
2023-07-05T17:30:00+01:00,54.16,54.16,53.87,53.885
2023-07-05T18:30:00+01:00,53.9,54.21,53.87,54.06
2023-07-05T19:30:00+01:00,54.07,54.2,54.05,54.15
2023-07-05T20:30:00+01:00,54.16,54.34,54.155,54.215
2023-07-06T14:30:00+01:00,53.81,54.32,53.56,53.63
2023-07-06T15:30:00+01:00,53.62,53.75,53.35,53.58
2023-07-06T16:30:00+01:00,53.59,53.74,53.55,53.68
2023-07-06T17:30:00+01:00,53.67,53.77,53.61,53.66
2023-07-06T18:30:00+01:00,53.67,53.81,53.67,53.675
2023-07-06T19:30:00+01:00,53.68,53.9,53.665,53.81
2023-07-06T20:30:00+01:00,53.82,53.89,53.76,53.81
2023-07-07T14:30:00+01:00,53.95,54.3,53.95,54.12
2023-07-07T15:30:00+01:00,54.11,54.41,54.04,54.3
2023-07-07T16:30:00+01:00,54.3,54.425,54.22,54.38
2023-07-07T17:30:00+01:00,54.35,54.52,54.13,54.27
2023-07-07T18:30:00+01:00,54.29,54.3,54.14,54.3
2023-07-07T19:30:00+01:00,54.29,54.32,54.01,54.04
2023-07-07T20:30:00+01:00,54.04,54.1,53.47,53.535
2023-07-10T14:30:00+01:00,53.33,53.95,53.25,53.78
2023-07-10T15:30:00+01:00,53.75,54.095,53.69,54.09
2023-07-10T16:30:00+01:00,54.09,54.095,53.71,53.95
2023-07-10T17:30:00+01:00,53.95,54.125,53.91,54.12
2023-07-10T18:30:00+01:00,54.12,54.43,54.03,54.41
2023-07-10T19:30:00+01:00,54.4,54.72,54.37,54.68
2023-07-10T20:30:00+01:00,54.67,54.88,54.66,54.86
2023-07-11T14:30:00+01:00,55.1,55.49,54.88,55.06
2023-07-11T15:30:00+01:00,55.06,55.27,54.88,55
2023-07-11T16:30:00+01:00,54.99,55.39,54.91,55.38
2023-07-11T17:30:00+01:00,55.39,55.615,55.34,55.53
2023-07-11T18:30:00+01:00,55.54,55.855,55.485,55.8
2023-07-11T19:30:00+01:00,55.805,55.86,55.66,55.715
2023-07-11T20:30:00+01:00,55.71,55.805,55.63,55.72
2023-07-12T14:30:00+01:00,55.5,55.69,55.07,55.24
2023-07-12T15:30:00+01:00,55.28,55.295,54.95,54.985
2023-07-12T16:30:00+01:00,54.98,54.985,54.215,54.4
2023-07-12T17:30:00+01:00,54.41,54.7,54.3,54.38
2023-07-12T18:30:00+01:00,54.35,54.48,54.25,54.47
2023-07-12T19:30:00+01:00,54.46,54.53,54.285,54.32
2023-07-12T20:30:00+01:00,54.32,54.38,54.155,54.17
2023-07-13T14:30:00+01:00,54.58,54.8,54.22,54.75
2023-07-13T15:30:00+01:00,54.75,55.09,54.745,54.96
2023-07-13T16:30:00+01:00,54.965,55.37,54.93,55.35
2023-07-13T17:30:00+01:00,55.35,55.65,55.34,55.48
2023-07-13T18:30:00+01:00,55.47,55.545,55.32,55.475
2023-07-13T19:30:00+01:00,55.47,55.59,55.37,55.51
2023-07-13T20:30:00+01:00,55.5,55.65,55.405,55.64
2023-07-14T14:30:00+01:00,55.605,56.1,55.49,55.91
2023-07-14T15:30:00+01:00,55.83,55.92,55.16,55.35
2023-07-14T16:30:00+01:00,55.36,55.36,54.93,55.01
2023-07-14T17:30:00+01:00,55,55.17,54.84,55.07
2023-07-14T18:30:00+01:00,55.1,55.42,55.09,55.33
2023-07-14T19:30:00+01:00,55.34,55.49,55.2,55.45
2023-07-14T20:30:00+01:00,55.46,55.59,55.42,55.45
2023-07-17T14:30:00+01:00,55.62,55.68,55.08,55.12
2023-07-17T15:30:00+01:00,55.18,55.21,54.82,54.97
2023-07-17T16:30:00+01:00,54.97,55.02,54.71,54.77
2023-07-17T17:30:00+01:00,54.8,55.01,54.72,54.885
2023-07-17T18:30:00+01:00,54.89,55.21,54.89,55.12
2023-07-17T19:30:00+01:00,55.12,55.25,55.09,55.14
2023-07-17T20:30:00+01:00,55.14,55.14,54.7,54.72
2023-07-18T14:30:00+01:00,54.98,55.04,54.57,54.63
2023-07-18T15:30:00+01:00,54.63,54.63,53.36,53.38
2023-07-18T16:30:00+01:00,53.38,54.1,53.15,53.57
2023-07-18T17:30:00+01:00,53.58,53.76,53.54,53.71
2023-07-18T18:30:00+01:00,53.7,54.07,53.67,54.04
2023-07-18T19:30:00+01:00,54.02,54.33,53.91,54
2023-07-18T20:30:00+01:00,53.995,54.05,53.85,53.85
2023-07-19T14:30:00+01:00,54.02,54.49,54.02,54.24
2023-07-19T15:30:00+01:00,54.22,54.315,54,54.22
2023-07-19T16:30:00+01:00,54.23,54.52,54.14,54.43
2023-07-19T17:30:00+01:00,54.39,54.4,54.15,54.3
2023-07-19T18:30:00+01:00,54.29,54.36,54.23,54.29
2023-07-19T19:30:00+01:00,54.28,54.36,54.17,54.23
2023-07-19T20:30:00+01:00,54.23,54.36,54.21,54.3
2023-07-20T14:30:00+01:00,54.07,54.21,53.46,53.55
2023-07-20T15:30:00+01:00,53.58,53.59,53.3,53.35
2023-07-20T16:30:00+01:00,53.365,53.85,53.29,53.74
2023-07-20T17:30:00+01:00,53.72,53.91,53.64,53.91
2023-07-20T18:30:00+01:00,53.91,53.98,53.45,53.46
2023-07-20T19:30:00+01:00,53.45,53.6,53.24,53.34
2023-07-20T20:30:00+01:00,53.33,53.63,53.32,53.595
2023-07-21T14:30:00+01:00,53.46,54.26,53.46,53.99
2023-07-21T15:30:00+01:00,53.98,54.09,53.82,53.94
2023-07-21T16:30:00+01:00,53.95,54.01,53.77,53.8
2023-07-21T17:30:00+01:00,53.8,53.89,53.69,53.89
2023-07-21T18:30:00+01:00,53.88,54.01,53.86,53.93
2023-07-21T19:30:00+01:00,53.94,53.94,53.435,53.61
2023-07-21T20:30:00+01:00,53.61,53.755,53.55,53.57
2023-07-24T14:30:00+01:00,53.87,54.19,53.68,54.17
2023-07-24T15:30:00+01:00,54.21,54.22,53.91,53.97
2023-07-24T16:30:00+01:00,53.97,53.98,53.725,53.8
2023-07-24T17:30:00+01:00,53.8,53.81,53.645,53.77
2023-07-24T18:30:00+01:00,53.77,53.855,53.65,53.68
2023-07-24T19:30:00+01:00,53.67,53.74,53.58,53.61
2023-07-24T20:30:00+01:00,53.62,53.755,53.62,53.73
2023-07-25T14:30:00+01:00,54.1,54.47,54.09,54.29
2023-07-25T15:30:00+01:00,54.29,54.47,54.25,54.43
2023-07-25T16:30:00+01:00,54.45,54.51,54.315,54.33
2023-07-25T17:30:00+01:00,54.33,54.43,54.27,54.27
2023-07-25T18:30:00+01:00,54.28,54.63,54.27,54.6
2023-07-25T19:30:00+01:00,54.6,54.65,54.43,54.46
2023-07-25T20:30:00+01:00,54.45,54.52,54.36,54.38
2023-07-26T14:30:00+01:00,54.25,54.53,53.97,54.15
2023-07-26T15:30:00+01:00,54.16,54.18,53.77,54.05
2023-07-26T16:30:00+01:00,54.05,54.33,54.04,54.1
2023-07-26T17:30:00+01:00,54.1,54.15,54,54.05
2023-07-26T18:30:00+01:00,54.07,54.25,54.04,54.145
2023-07-26T19:30:00+01:00,54.16,54.5,53.89,53.94
2023-07-26T20:30:00+01:00,53.98,54.13,53.9,53.92
2023-07-27T14:30:00+01:00,54.25,54.72,54.25,54.33
2023-07-27T15:30:00+01:00,54.32,54.41,54.2,54.41
2023-07-27T16:30:00+01:00,54.42,54.74,54.42,54.66
2023-07-27T17:30:00+01:00,54.69,54.775,54.49,54.49
2023-07-27T18:30:00+01:00,54.48,54.52,54.2,54.25
2023-07-27T19:30:00+01:00,54.25,54.35,53.77,53.86
2023-07-27T20:30:00+01:00,53.85,53.9,53.59,53.71
2023-07-28T14:30:00+01:00,54.29,54.4,53.83,54.125
2023-07-28T15:30:00+01:00,54.125,54.18,53.84,54.1
2023-07-28T16:30:00+01:00,54.11,54.15,53.83,53.89
2023-07-28T17:30:00+01:00,53.87,53.89,53.15,53.18
2023-07-28T18:30:00+01:00,53.2,53.26,53.04,53.09
2023-07-28T19:30:00+01:00,53.08,53.09,52.73,52.75
2023-07-28T20:30:00+01:00,52.74,52.79,52.53,52.62
2023-07-31T14:30:00+01:00,52.38,53,52.36,52.71
2023-07-31T15:30:00+01:00,52.73,53.16,52.68,53.14
2023-07-31T16:30:00+01:00,53.14,53.15,52.71,52.79
2023-07-31T17:30:00+01:00,52.78,52.81,52.56,52.61
2023-07-31T18:30:00+01:00,52.59,52.69,52.58,52.66
2023-07-31T19:30:00+01:00,52.66,52.71,52.59,52.71
2023-07-31T20:30:00+01:00,52.72,52.94,52.59,52.94
2023-08-01T14:30:00+01:00,53.03,53.31,52.77,53.06
2023-08-01T15:30:00+01:00,53.04,53.43,52.99,53.36
2023-08-01T16:30:00+01:00,53.36,53.4,53.14,53.29
2023-08-01T17:30:00+01:00,53.28,53.46,53.24,53.46
2023-08-01T18:30:00+01:00,53.47,53.61,53.41,53.55
2023-08-01T19:30:00+01:00,53.55,53.67,53.51,53.57
2023-08-01T20:30:00+01:00,53.56,53.65,53.37,53.37
2023-08-02T14:30:00+01:00,53.13,53.15,52.5,52.71
2023-08-02T15:30:00+01:00,52.71,52.99,52.47,52.87
2023-08-02T16:30:00+01:00,52.88,52.88,52.51,52.7
2023-08-02T17:30:00+01:00,52.68,52.96,52.64,52.96
2023-08-02T18:30:00+01:00,52.95,53.25,52.94,53.17
2023-08-02T19:30:00+01:00,53.16,53.17,52.98,52.99
2023-08-02T20:30:00+01:00,52.99,53.02,52.74,52.95
2023-08-03T14:30:00+01:00,52.5,52.69,52.05,52.54
2023-08-03T15:30:00+01:00,52.54,53.29,52.47,53.29
2023-08-03T16:30:00+01:00,53.28,53.62,53.18,53.62
2023-08-03T17:30:00+01:00,53.62,53.955,53.62,53.9
2023-08-03T18:30:00+01:00,53.905,53.93,53.3,53.46
2023-08-03T19:30:00+01:00,53.49,53.76,53.44,53.66
2023-08-03T20:30:00+01:00,53.66,53.72,53.49,53.5
2023-08-04T14:30:00+01:00,53.73,54.32,53.56,54.13
2023-08-04T15:30:00+01:00,54.13,54.31,54.04,54.24
2023-08-04T16:30:00+01:00,54.24,54.48,54.21,54.48
2023-08-04T17:30:00+01:00,54.49,54.55,54.19,54.26
2023-08-04T18:30:00+01:00,54.27,54.29,53.98,53.98
2023-08-04T19:30:00+01:00,53.98,54,53.45,53.54
2023-08-04T20:30:00+01:00,53.55,53.6,53.06,53.24
2023-08-07T14:30:00+01:00,53.72,54.32,53.67,54.28
2023-08-07T15:30:00+01:00,54.27,54.35,54.1,54.24
2023-08-07T16:30:00+01:00,54.24,54.58,54.14,54.54
2023-08-07T17:30:00+01:00,54.55,54.61,54.34,54.36
2023-08-07T18:30:00+01:00,54.355,54.49,54.34,54.36
2023-08-07T19:30:00+01:00,54.37,54.54,54.37,54.51
2023-08-07T20:30:00+01:00,54.5,54.64,54.45,54.56
2023-08-08T14:30:00+01:00,55.16,56.84,54.85,56.83
2023-08-08T15:30:00+01:00,56.83,58.54,56.74,58.52
2023-08-08T16:30:00+01:00,58.54,58.68,57.73,58.06
2023-08-08T17:30:00+01:00,58.04,58.38,57.8,58.28
2023-08-08T18:30:00+01:00,58.26,58.29,57.655,57.94
2023-08-08T19:30:00+01:00,57.96,58.05,57.6,57.71
2023-08-08T20:30:00+01:00,57.7,57.73,57.445,57.59
2023-08-09T14:30:00+01:00,57.27,57.87,57.07,57.7
2023-08-09T15:30:00+01:00,57.72,57.79,56.98,57.06
2023-08-09T16:30:00+01:00,57.05,57.26,56.82,57.25
2023-08-09T17:30:00+01:00,57.26,57.38,57.14,57.3
2023-08-09T18:30:00+01:00,57.32,57.33,57.21,57.28
2023-08-09T19:30:00+01:00,57.29,57.35,56.99,57.01
2023-08-09T20:30:00+01:00,56.98,56.98,56.55,56.58
2023-08-10T14:30:00+01:00,57.05,57.38,56.76,56.77
2023-08-10T15:30:00+01:00,56.8,56.855,55.58,55.9
2023-08-10T16:30:00+01:00,56.01,56.28,55.42,55.61
2023-08-10T17:30:00+01:00,55.6,55.75,55.45,55.64
2023-08-10T18:30:00+01:00,55.64,55.95,55.46,55.9
2023-08-10T19:30:00+01:00,55.9,56.12,55.83,56.03
2023-08-10T20:30:00+01:00,56.02,56.03,55.75,55.99
2023-08-11T14:30:00+01:00,55.86,57.57,55.86,57.57
2023-08-11T15:30:00+01:00,57.55,57.56,56.82,57
2023-08-11T16:30:00+01:00,57.03,57.21,56.88,57.04
2023-08-11T17:30:00+01:00,57.05,57.1,56.69,57
2023-08-11T18:30:00+01:00,56.98,57.15,56.83,57.06
2023-08-11T19:30:00+01:00,57.09,57.26,57,57.2
2023-08-11T20:30:00+01:00,57.19,57.24,56.78,56.82
2023-08-14T14:30:00+01:00,56.61,56.94,56.37,56.49
2023-08-14T15:30:00+01:00,56.5,56.78,56.3,56.39
2023-08-14T16:30:00+01:00,56.39,56.71,56.31,56.61
2023-08-14T17:30:00+01:00,56.6,56.79,56.54,56.72
2023-08-14T18:30:00+01:00,56.73,56.9,56.56,56.69
2023-08-14T19:30:00+01:00,56.7,56.79,56.62,56.73
2023-08-14T20:30:00+01:00,56.72,56.85,56.7,56.74
2023-08-15T14:30:00+01:00,56.52,56.57,56.19,56.24
2023-08-15T15:30:00+01:00,56.23,56.49,56.11,56.49
2023-08-15T16:30:00+01:00,56.48,56.68,56.41,56.47
2023-08-15T17:30:00+01:00,56.47,56.47,55.88,56.07
2023-08-15T18:30:00+01:00,56.05,56.19,56,56.12
2023-08-15T19:30:00+01:00,56.16,56.26,55.93,55.94
2023-08-15T20:30:00+01:00,55.93,55.93,55.7,55.7
2023-08-16T14:30:00+01:00,55.645,56.16,55.61,56.03
2023-08-16T15:30:00+01:00,56.04,56.3,56,56.15
2023-08-16T16:30:00+01:00,56.155,56.19,55.52,55.55
2023-08-16T17:30:00+01:00,55.56,55.68,55.43,55.61
2023-08-16T18:30:00+01:00,55.62,55.74,55.45,55.63
2023-08-16T19:30:00+01:00,55.64,55.77,55.28,55.32
2023-08-16T20:30:00+01:00,55.32,55.47,55.16,55.21
2023-08-17T14:30:00+01:00,55.38,55.55,54.76,54.8
2023-08-17T15:30:00+01:00,54.79,55.21,54.64,54.88
2023-08-17T16:30:00+01:00,54.89,55.34,54.74,55.28
2023-08-17T17:30:00+01:00,55.28,55.64,55.28,55.48
2023-08-17T18:30:00+01:00,55.47,55.81,55.42,55.62
2023-08-17T19:30:00+01:00,55.58,55.58,54.85,54.95
2023-08-17T20:30:00+01:00,54.94,55.12,54.84,54.85
2023-08-18T14:30:00+01:00,54.45,55.35,54.44,55.1
2023-08-18T15:30:00+01:00,55.07,55.31,54.95,55.01
2023-08-18T16:30:00+01:00,55.04,55.26,54.96,55.09
2023-08-18T17:30:00+01:00,55.07,55.27,54.96,55.05
2023-08-18T18:30:00+01:00,55.06,55.17,54.91,55.17
2023-08-18T19:30:00+01:00,55.16,55.16,54.93,54.97
2023-08-18T20:30:00+01:00,54.96,55.1,54.79,54.94
2023-08-21T14:30:00+01:00,55.255,56.11,55.255,55.76
2023-08-21T15:30:00+01:00,55.74,55.94,55.71,55.83
2023-08-21T16:30:00+01:00,55.83,56.03,55.74,55.82
2023-08-21T17:30:00+01:00,55.83,56.25,55.78,56.15
2023-08-21T18:30:00+01:00,56.15,56.43,55.96,55.98
2023-08-21T19:30:00+01:00,56,56.085,55.9,56
2023-08-21T20:30:00+01:00,55.99,56.11,55.945,56.06
2023-08-22T14:30:00+01:00,56.45,56.56,55.92,56.05
2023-08-22T15:30:00+01:00,56.07,56.4,55.89,56.18
2023-08-22T16:30:00+01:00,56.18,56.285,55.55,55.64
2023-08-22T17:30:00+01:00,55.65,55.85,55.62,55.72
2023-08-22T18:30:00+01:00,55.71,55.82,55.6,55.77
2023-08-22T19:30:00+01:00,55.78,55.9,55.73,55.82
2023-08-22T20:30:00+01:00,55.81,55.91,55.71,55.8
2023-08-23T14:30:00+01:00,56.2,56.32,55.75,55.91
2023-08-23T15:30:00+01:00,55.93,56.47,55.93,56.44
2023-08-23T16:30:00+01:00,56.45,56.71,56.36,56.67
2023-08-23T17:30:00+01:00,56.66,56.71,56.46,56.61
2023-08-23T18:30:00+01:00,56.65,56.72,56.45,56.6
2023-08-23T19:30:00+01:00,56.6,56.73,56.44,56.71
2023-08-23T20:30:00+01:00,56.7,56.9,56.69,56.83
2023-08-24T14:30:00+01:00,57.37,57.72,56.51,56.51
2023-08-24T15:30:00+01:00,56.51,56.72,56.22,56.72
2023-08-24T16:30:00+01:00,56.71,56.85,56.57,56.76
2023-08-24T17:30:00+01:00,56.84,57.07,56.7,56.92
2023-08-24T18:30:00+01:00,56.91,57.16,56.7,57.1
2023-08-24T19:30:00+01:00,57.12,57.15,56.83,56.845
2023-08-24T20:30:00+01:00,56.86,56.96,56.71,56.72
2023-08-25T14:30:00+01:00,56.78,56.875,56.17,56.26
2023-08-25T15:30:00+01:00,56.24,56.25,55.64,56.07
2023-08-25T16:30:00+01:00,56.06,56.18,55.82,56.17
2023-08-25T17:30:00+01:00,56.18,56.375,56.09,56.16
2023-08-25T18:30:00+01:00,56.16,56.48,56,56.48
2023-08-25T19:30:00+01:00,56.5,56.57,56.35,56.51
2023-08-25T20:30:00+01:00,56.51,56.52,56.17,56.21
2023-08-28T14:30:00+01:00,56.3,57.47,56.11,57.38
2023-08-28T15:30:00+01:00,57.33,57.4,56.91,56.99
2023-08-28T16:30:00+01:00,57.04,57.11,56.85,56.95
2023-08-28T17:30:00+01:00,56.935,57.44,56.92,57.44
2023-08-28T18:30:00+01:00,57.45,57.5,57.13,57.2
2023-08-28T19:30:00+01:00,57.23,57.3,56.86,56.93
2023-08-28T20:30:00+01:00,56.92,57.22,56.89,57.19
2023-08-29T14:30:00+01:00,57.2,57.27,56.73,56.97
2023-08-29T15:30:00+01:00,57,57.1,56.7,56.92
2023-08-29T16:30:00+01:00,56.93,57.08,56.72,57.05
2023-08-29T17:30:00+01:00,57.05,57.09,56.7,56.72
2023-08-29T18:30:00+01:00,56.74,56.83,56.38,56.45
2023-08-29T19:30:00+01:00,56.46,56.57,56.33,56.49
2023-08-29T20:30:00+01:00,56.48,56.61,56.32,56.49
2023-08-30T14:30:00+01:00,54.655,55.15,53.66,54.79
2023-08-30T15:30:00+01:00,54.8,55.44,54.75,55.32
2023-08-30T16:30:00+01:00,55.35,55.74,55.32,55.63
2023-08-30T17:30:00+01:00,55.63,55.68,55.42,55.44
2023-08-30T18:30:00+01:00,55.45,55.68,55.43,55.61
2023-08-30T19:30:00+01:00,55.6,55.95,55.6,55.76
2023-08-30T20:30:00+01:00,55.76,55.83,55.65,55.68
2023-08-31T14:30:00+01:00,55.955,56.54,55.58,56.3
2023-08-31T15:30:00+01:00,56.28,56.75,56.2,56.74
2023-08-31T16:30:00+01:00,56.71,56.78,56.28,56.28
2023-08-31T17:30:00+01:00,56.26,56.34,56.17,56.29
2023-08-31T18:30:00+01:00,56.3,56.45,56.17,56.32
2023-08-31T19:30:00+01:00,56.34,56.48,56.12,56.31
2023-08-31T20:30:00+01:00,56.32,56.52,56.25,56.25
2023-09-01T14:30:00+01:00,64.08,70.25,63.91,68.83
2023-09-01T15:30:00+01:00,68.85,70.24,68.69,69.16
2023-09-01T16:30:00+01:00,69.2,69.45,68.02,68.71
2023-09-01T17:30:00+01:00,68.72,68.97,68.35,68.4
2023-09-01T18:30:00+01:00,68.38,68.5,67.73,68.09
2023-09-01T19:30:00+01:00,68.15,69.49,67.95,68.47
2023-09-01T20:30:00+01:00,68.48,68.52,67.92,68.14
2023-09-05T14:30:00+01:00,67.78,69.72,67.54,69.63
2023-09-05T15:30:00+01:00,69.59,69.82,69.11,69.68
2023-09-05T16:30:00+01:00,69.69,69.69,69.06,69.16
2023-09-05T17:30:00+01:00,69.15,69.205,68.58,68.83
2023-09-05T18:30:00+01:00,68.86,68.955,68.28,68.46
2023-09-05T19:30:00+01:00,68.45,68.74,68.37,68.51
2023-09-05T20:30:00+01:00,68.5,68.62,67.96,68.11
2023-09-06T14:30:00+01:00,67.73,69.64,67.73,68.41
2023-09-06T15:30:00+01:00,68.35,69.26,68.35,69.19
2023-09-06T16:30:00+01:00,69.19,69.5,68.91,69.08
2023-09-06T17:30:00+01:00,69.06,69.14,68.83,69.105
2023-09-06T18:30:00+01:00,69.12,69.86,69.1,69.76
2023-09-06T19:30:00+01:00,69.74,70.35,69.62,70.09
2023-09-06T20:30:00+01:00,70.08,70.48,69.96,70.46
2023-09-07T14:30:00+01:00,69.86,70.6,68.94,69.74
2023-09-07T15:30:00+01:00,69.74,69.77,68.74,68.99
2023-09-07T16:30:00+01:00,68.97,69.23,68.58,68.83
2023-09-07T17:30:00+01:00,68.83,69.12,68.8,69.05
2023-09-07T18:30:00+01:00,69.06,69.29,68.92,68.92
2023-09-07T19:30:00+01:00,68.91,69.04,68.79,68.89
2023-09-07T20:30:00+01:00,68.88,68.99,68.75,68.96
2023-09-08T14:30:00+01:00,69.24,70.86,69.14,70.43
2023-09-08T15:30:00+01:00,70.44,70.58,70,70.55
2023-09-08T16:30:00+01:00,70.55,70.77,70.36,70.71
2023-09-08T17:30:00+01:00,70.7,70.88,70.53,70.53
2023-09-08T18:30:00+01:00,70.52,70.59,70.3,70.43
2023-09-08T19:30:00+01:00,70.43,70.44,70.1,70.14
2023-09-08T20:30:00+01:00,70.14,70.52,70.07,70.52
2023-09-11T14:30:00+01:00,71.13,71.35,70.56,71.17
2023-09-11T15:30:00+01:00,71.16,71.88,70.97,71.66
2023-09-11T16:30:00+01:00,71.66,71.78,71.23,71.5
2023-09-11T17:30:00+01:00,71.51,72.12,71.43,72.02
2023-09-11T18:30:00+01:00,72.02,72.54,71.98,72.53
2023-09-11T19:30:00+01:00,72.53,72.82,72.42,72.62
2023-09-11T20:30:00+01:00,72.63,72.65,72.16,72.16
2023-09-12T14:30:00+01:00,71.55,72.27,71.48,71.85
2023-09-12T15:30:00+01:00,71.86,71.97,71.57,71.8
2023-09-12T16:30:00+01:00,71.82,71.97,71.58,71.62
2023-09-12T17:30:00+01:00,71.63,71.83,71.51,71.66
2023-09-12T18:30:00+01:00,71.67,71.68,70.91,71.02
2023-09-12T19:30:00+01:00,71.01,71.06,70.67,70.84
2023-09-12T20:30:00+01:00,70.84,70.98,70.595,70.72
2023-09-13T14:30:00+01:00,70.9,71.2,70.12,70.31
2023-09-13T15:30:00+01:00,70.34,70.54,70.19,70.41
2023-09-13T16:30:00+01:00,70.4,70.4,69.76,69.94
2023-09-13T17:30:00+01:00,70,70.6,69.9,70.58
2023-09-13T18:30:00+01:00,70.57,70.64,70.325,70.4
2023-09-13T19:30:00+01:00,70.41,70.46,70.09,70.315
2023-09-13T20:30:00+01:00,70.31,70.53,70.31,70.44
2023-09-14T14:30:00+01:00,70.47,70.62,70.145,70.54
2023-09-14T15:30:00+01:00,70.53,70.75,70.37,70.38
2023-09-14T16:30:00+01:00,70.39,70.55,70.3,70.39
2023-09-14T17:30:00+01:00,70.42,70.56,70.39,70.515
2023-09-14T18:30:00+01:00,70.52,70.63,70.46,70.52
2023-09-14T19:30:00+01:00,70.52,70.7,70.47,70.48
2023-09-14T20:30:00+01:00,70.47,71.15,70.46,71.15
2023-09-15T14:30:00+01:00,70.595,71.06,70.34,70.4
2023-09-15T15:30:00+01:00,70.4,70.49,69.44,69.5
2023-09-15T16:30:00+01:00,69.49,69.58,68.66,68.68
2023-09-15T17:30:00+01:00,68.67,69.45,68.67,69.32
2023-09-15T18:30:00+01:00,69.3,69.48,69.13,69.4
2023-09-15T19:30:00+01:00,69.4,69.53,69.21,69.28
2023-09-15T20:30:00+01:00,69.28,69.535,68.97,69.26
2023-09-18T14:30:00+01:00,69.01,69.03,68.41,68.64
2023-09-18T15:30:00+01:00,68.61,69.02,68.5,69.01
2023-09-18T16:30:00+01:00,69.01,69.34,69.01,69.26
2023-09-18T17:30:00+01:00,69.28,69.45,69.12,69.18
2023-09-18T18:30:00+01:00,69.17,69.23,69,69.13
2023-09-18T19:30:00+01:00,69.11,69.26,68.95,69.16
2023-09-18T20:30:00+01:00,69.15,69.19,69.01,69.15
2023-09-19T14:30:00+01:00,69.77,70.27,69.28,69.99
2023-09-19T15:30:00+01:00,70,70.01,69.67,69.96
2023-09-19T16:30:00+01:00,69.97,70.11,69.66,69.76
2023-09-19T17:30:00+01:00,69.74,70.08,69.64,69.95
2023-09-19T18:30:00+01:00,69.97,70.17,69.96,70.13
2023-09-19T19:30:00+01:00,70.14,70.41,69.87,69.925
2023-09-19T20:30:00+01:00,69.94,69.965,69.615,69.88
2023-09-20T14:30:00+01:00,70,70.44,69.95,70.2
2023-09-20T15:30:00+01:00,70.21,70.29,70.05,70.26
2023-09-20T16:30:00+01:00,70.25,70.43,70.19,70.41
2023-09-20T17:30:00+01:00,70.39,70.4,70.16,70.17
2023-09-20T18:30:00+01:00,70.16,70.17,69.6,69.87
2023-09-20T19:30:00+01:00,69.77,69.96,69.35,69.42
2023-09-20T20:30:00+01:00,69.435,69.44,68.88,68.93
2023-09-21T14:30:00+01:00,68.09,68.88,68.04,68.27
2023-09-21T15:30:00+01:00,68.27,68.53,68.12,68.33
2023-09-21T16:30:00+01:00,68.38,68.63,68.38,68.63
2023-09-21T17:30:00+01:00,68.6,69.17,68.59,69.11
2023-09-21T18:30:00+01:00,69.11,69.19,68.71,68.8
2023-09-21T19:30:00+01:00,68.77,68.94,68.6,68.64
2023-09-21T20:30:00+01:00,68.62,68.78,68.31,68.44
2023-09-22T14:30:00+01:00,68.57,69.47,68.57,69.13
2023-09-22T15:30:00+01:00,69.11,69.77,69.11,69.74
2023-09-22T16:30:00+01:00,69.71,70.16,69.71,70.15
2023-09-22T17:30:00+01:00,70.13,70.57,70.13,70.21
2023-09-22T18:30:00+01:00,70.21,70.21,69.64,69.77
2023-09-22T19:30:00+01:00,69.72,70.33,69.69,70.3
2023-09-22T20:30:00+01:00,70.3,70.33,69.99,70.09
2023-09-25T14:30:00+01:00,70.18,70.98,69.88,69.92
2023-09-25T15:30:00+01:00,69.91,70.17,69.53,70.06
2023-09-25T16:30:00+01:00,70.09,70.17,69.81,70
2023-09-25T17:30:00+01:00,70.01,70.09,69.61,69.97
2023-09-25T18:30:00+01:00,70.01,70.11,69.81,69.81
2023-09-25T19:30:00+01:00,69.85,69.96,69.4,69.94
2023-09-25T20:30:00+01:00,69.94,70.09,69.8,70.04
2023-09-26T14:30:00+01:00,69.85,70.06,69.37,69.76
2023-09-26T15:30:00+01:00,69.74,70.01,69.54,69.54
2023-09-26T16:30:00+01:00,69.54,69.83,69.48,69.79
2023-09-26T17:30:00+01:00,69.83,69.96,69.63,69.63
2023-09-26T18:30:00+01:00,69.63,69.68,69.44,69.46
2023-09-26T19:30:00+01:00,69.47,69.56,69.17,69.26
2023-09-26T20:30:00+01:00,69.27,69.44,68.93,68.94
2023-09-27T14:30:00+01:00,69.62,69.95,68.59,68.62
2023-09-27T15:30:00+01:00,68.61,68.73,67.35,67.41
2023-09-27T16:30:00+01:00,67.4,67.87,67.24,67.84
2023-09-27T17:30:00+01:00,67.87,68.25,67.82,67.82
2023-09-27T18:30:00+01:00,67.84,68.35,67.81,68.32
2023-09-27T19:30:00+01:00,68.35,68.75,68.1,68.1
2023-09-27T20:30:00+01:00,68.11,68.21,67.87,67.96
2023-09-28T14:30:00+01:00,68.23,69.05,68.03,68.85
2023-09-28T15:30:00+01:00,68.88,68.96,68.62,68.88
2023-09-28T16:30:00+01:00,68.89,69.09,68.74,69.09
2023-09-28T17:30:00+01:00,69.06,69.26,68.81,68.84
2023-09-28T18:30:00+01:00,68.81,68.82,68.52,68.61
2023-09-28T19:30:00+01:00,68.57,68.93,68.3,68.92
2023-09-28T20:30:00+01:00,68.91,68.92,68.47,68.48
2023-09-29T14:30:00+01:00,69.115,69.24,68.55,69.08
2023-09-29T15:30:00+01:00,69.1,69.6,68.98,69.36
2023-09-29T16:30:00+01:00,69.34,69.38,68.97,69.15
2023-09-29T17:30:00+01:00,69.16,69.2,68.58,68.97
2023-09-29T18:30:00+01:00,68.98,69.06,68.83,68.86
2023-09-29T19:30:00+01:00,68.87,69.13,68.76,68.9
2023-09-29T20:30:00+01:00,68.89,69.01,68.56,68.92
2023-10-02T14:30:00+01:00,68.76,69.33,68.4,68.48
2023-10-02T15:30:00+01:00,68.45,68.7,68.37,68.64
2023-10-02T16:30:00+01:00,68.65,68.67,68.15,68.24
2023-10-02T17:30:00+01:00,68.23,68.27,67.57,67.77
2023-10-02T18:30:00+01:00,67.77,67.82,67.42,67.56
2023-10-02T19:30:00+01:00,67.55,67.65,67.35,67.54
2023-10-02T20:30:00+01:00,67.53,67.82,67.5,67.7
2023-10-03T14:30:00+01:00,68.71,68.93,67.29,67.44
2023-10-03T15:30:00+01:00,67.38,67.66,67.05,67.22
2023-10-03T16:30:00+01:00,67.215,67.39,66.82,67.35
2023-10-03T17:30:00+01:00,67.33,67.33,67.11,67.14
2023-10-03T18:30:00+01:00,67.14,67.2,67,67.13
2023-10-03T19:30:00+01:00,67.12,67.415,66.91,66.94
2023-10-03T20:30:00+01:00,66.94,67.26,66.91,67.24
2023-10-04T14:30:00+01:00,67.36,67.845,66.46,66.88
2023-10-04T15:30:00+01:00,66.86,67.22,66.84,67.05
2023-10-04T16:30:00+01:00,67.05,67.16,66.95,67.1
2023-10-04T17:30:00+01:00,67.11,67.42,66.88,67.13
2023-10-04T18:30:00+01:00,67.12,67.41,66.94,67.2
2023-10-04T19:30:00+01:00,67.23,67.28,66.96,67.09
2023-10-04T20:30:00+01:00,67.1,67.29,67.03,67.19
2023-10-05T14:30:00+01:00,65.91,67.06,65.54,66.2
2023-10-05T15:30:00+01:00,66.21,66.28,64.32,64.65
2023-10-05T16:30:00+01:00,64.64,65.69,64.62,65.34
2023-10-05T17:30:00+01:00,65.35,65.72,65.3,65.45
2023-10-05T18:30:00+01:00,65.46,66,65.42,65.91
2023-10-05T19:30:00+01:00,65.92,66.22,65.8,65.99
2023-10-05T20:30:00+01:00,66,66.3,65.99,66.21
2023-10-06T14:30:00+01:00,66.66,66.66,65.88,66.21
2023-10-06T15:30:00+01:00,66.205,66.63,66,66.3
2023-10-06T16:30:00+01:00,66.3,67.05,66.26,66.68
2023-10-06T17:30:00+01:00,66.68,66.85,66.49,66.59
2023-10-06T18:30:00+01:00,66.61,66.74,66.24,66.49
2023-10-06T19:30:00+01:00,66.5,66.65,66.34,66.52
2023-10-06T20:30:00+01:00,66.51,66.52,66.22,66.41
2023-10-09T14:30:00+01:00,66.24,67.225,66,66.99
2023-10-09T15:30:00+01:00,67,67.06,66.73,67
2023-10-09T16:30:00+01:00,66.99,67.22,66.85,67.03
2023-10-09T17:30:00+01:00,67.04,67.16,66.85,67.125
2023-10-09T18:30:00+01:00,67.17,67.44,67.15,67.32
2023-10-09T19:30:00+01:00,67.31,67.41,67.11,67.26
2023-10-09T20:30:00+01:00,67.26,67.41,67.17,67.2
2023-10-10T14:30:00+01:00,67.62,68.53,67.44,68.42
2023-10-10T15:30:00+01:00,68.42,68.5,68.04,68.14
2023-10-10T16:30:00+01:00,68.14,68.4,68,68.39
2023-10-10T17:30:00+01:00,68.39,68.44,67.9,68.09
2023-10-10T18:30:00+01:00,68.1,68.33,68.04,68.14
2023-10-10T19:30:00+01:00,68.15,68.23,68.1,68.13
2023-10-10T20:30:00+01:00,68.12,68.25,67.92,68.01
2023-10-11T14:30:00+01:00,68.15,69.59,68.08,69.01
2023-10-11T15:30:00+01:00,69,69.06,68.45,68.65
2023-10-11T16:30:00+01:00,68.65,69.09,68.51,68.89
2023-10-11T17:30:00+01:00,68.91,69.24,68.88,69.13
2023-10-11T18:30:00+01:00,69.12,69.61,69.06,69.49
2023-10-11T19:30:00+01:00,69.49,69.8,69.48,69.8
2023-10-11T20:30:00+01:00,69.8,70.35,69.78,70.33
2023-10-12T14:30:00+01:00,70.02,70.75,69.89,70.43
2023-10-12T15:30:00+01:00,70.42,70.62,70.12,70.34
2023-10-12T16:30:00+01:00,70.32,70.59,70.28,70.4
2023-10-12T17:30:00+01:00,70.42,70.68,69.66,69.69
2023-10-12T18:30:00+01:00,69.68,69.7,68.65,69.06
2023-10-12T19:30:00+01:00,69.05,69.38,68.98,69.29
2023-10-12T20:30:00+01:00,69.29,69.29,68.92,69.05
2023-10-13T14:30:00+01:00,69.43,70.6,68.9,69.02
2023-10-13T15:30:00+01:00,69.005,69.23,68.62,68.76
2023-10-13T16:30:00+01:00,68.76,68.93,68.3,68.59
2023-10-13T17:30:00+01:00,68.63,68.69,67.91,67.96
2023-10-13T18:30:00+01:00,67.95,68.26,67.82,67.91
2023-10-13T19:30:00+01:00,67.92,68.23,67.9,67.96
2023-10-13T20:30:00+01:00,67.97,68.05,67.755,68.04
2023-10-16T14:30:00+01:00,67.69,68.61,67.29,68.04
2023-10-16T15:30:00+01:00,68.04,68.29,67.78,68.01
2023-10-16T16:30:00+01:00,68.03,68.04,67.73,67.94
2023-10-16T17:30:00+01:00,67.95,68.16,67.67,67.88
2023-10-16T18:30:00+01:00,67.89,68.02,67.79,67.86
2023-10-16T19:30:00+01:00,67.86,68.08,67.83,68.08
2023-10-16T20:30:00+01:00,68.08,68.12,67.7,67.76
2023-10-17T14:30:00+01:00,67.33,68.205,66.72,68.15
2023-10-17T15:30:00+01:00,68.18,68.38,67.98,68.27
2023-10-17T16:30:00+01:00,68.26,68.61,68.16,68.6
2023-10-17T17:30:00+01:00,68.6,68.62,68.27,68.3
2023-10-17T18:30:00+01:00,68.32,68.58,68.15,68.57
2023-10-17T19:30:00+01:00,68.58,68.58,67.93,67.97
2023-10-17T20:30:00+01:00,67.98,68.07,67.78,67.9
2023-10-18T14:30:00+01:00,67.24,68.31,67.19,67.98
2023-10-18T15:30:00+01:00,67.92,67.95,67.56,67.73
2023-10-18T16:30:00+01:00,67.71,67.875,67.53,67.55
2023-10-18T17:30:00+01:00,67.55,67.72,67.31,67.47
2023-10-18T18:30:00+01:00,67.48,67.64,67.06,67.51
2023-10-18T19:30:00+01:00,67.51,67.6,66.99,67.01
2023-10-18T20:30:00+01:00,67.01,67.16,66.875,66.89
2023-10-19T14:30:00+01:00,67.41,67.85,67.15,67.15
2023-10-19T15:30:00+01:00,67.11,67.5,67.03,67.47
2023-10-19T16:30:00+01:00,67.49,68.25,67.445,67.86
2023-10-19T17:30:00+01:00,67.89,68.48,67.41,68.46
2023-10-19T18:30:00+01:00,68.5,68.68,67.88,67.91
2023-10-19T19:30:00+01:00,67.91,67.92,67.14,67.27
2023-10-19T20:30:00+01:00,67.28,67.33,66.79,67.03
2023-10-20T14:30:00+01:00,66.99,67.23,66.33,66.41
2023-10-20T15:30:00+01:00,66.41,66.46,65.35,65.96
2023-10-20T16:30:00+01:00,65.96,66.29,65.92,65.98
2023-10-20T17:30:00+01:00,65.98,66.29,65.92,66.2
2023-10-20T18:30:00+01:00,66.21,66.42,66.01,66.02
2023-10-20T19:30:00+01:00,66.01,66.16,65.84,66.1
2023-10-20T20:30:00+01:00,66.1,66.14,65.82,65.91
2023-10-23T14:30:00+01:00,65.44,66.26,64.76,66.12
2023-10-23T15:30:00+01:00,66.14,66.2,65.64,65.89
2023-10-23T16:30:00+01:00,65.9,65.99,65.73,65.97
2023-10-23T17:30:00+01:00,65.96,66.2,65.78,65.78
2023-10-23T18:30:00+01:00,65.76,65.86,65.56,65.64
2023-10-23T19:30:00+01:00,65.64,66.06,65.64,65.68
2023-10-23T20:30:00+01:00,65.67,65.69,65.36,65.54
2023-10-24T14:30:00+01:00,66.45,66.75,66.02,66.75
2023-10-24T15:30:00+01:00,66.75,67.03,66.53,66.82
2023-10-24T16:30:00+01:00,66.81,66.89,66.4,66.48
2023-10-24T17:30:00+01:00,66.47,66.82,66.27,66.76
2023-10-24T18:30:00+01:00,66.77,66.86,66.55,66.6
2023-10-24T19:30:00+01:00,66.63,67.15,66.63,67.15
2023-10-24T20:30:00+01:00,67.15,67.16,66.79,66.95
2023-10-25T14:30:00+01:00,66.82,67.13,66.58,66.83
2023-10-25T15:30:00+01:00,66.83,67.53,66.79,67.27
2023-10-25T16:30:00+01:00,67.25,67.28,66.72,66.84
2023-10-25T17:30:00+01:00,66.84,66.96,66.32,66.36
2023-10-25T18:30:00+01:00,66.34,66.62,66.09,66.53
2023-10-25T19:30:00+01:00,66.53,66.64,66.12,66.4
2023-10-25T20:30:00+01:00,66.4,66.42,66.11,66.34
2023-10-26T14:30:00+01:00,66.18,66.6,65.155,65.33
2023-10-26T15:30:00+01:00,65.31,65.44,64.965,65.32
2023-10-26T16:30:00+01:00,65.34,65.43,63.91,64.24
2023-10-26T17:30:00+01:00,64.27,64.68,64.185,64.2
2023-10-26T18:30:00+01:00,64.18,64.51,63.91,64.51
2023-10-26T19:30:00+01:00,64.5,65.16,64.47,64.69
2023-10-26T20:30:00+01:00,64.68,64.73,64.31,64.51
2023-10-27T14:30:00+01:00,65,65.99,65,65.38
2023-10-27T15:30:00+01:00,65.38,66.08,65.21,65.94
2023-10-27T16:30:00+01:00,65.96,66.15,65.71,65.97
2023-10-27T17:30:00+01:00,65.97,66.05,65.49,65.67
2023-10-27T18:30:00+01:00,65.67,65.93,65.56,65.85
2023-10-27T19:30:00+01:00,65.84,66.06,65.72,66.03
2023-10-27T20:30:00+01:00,66.04,66.05,65.85,65.96
2023-10-30T13:30:00Z,66.28,66.79,65.85,66.38
2023-10-30T14:30:00Z,66.38,66.46,66.04,66.35
2023-10-30T15:30:00Z,66.35,66.54,66.18,66.2
2023-10-30T16:30:00Z,66.19,66.38,65.94,66.355
2023-10-30T17:30:00Z,66.4,66.44,66.17,66.18
2023-10-30T18:30:00Z,66.19,66.52,66.13,66.43
2023-10-30T19:30:00Z,66.42,66.46,66.27,66.44
2023-10-31T13:30:00Z,66.07,66.6,65.74,66.19
2023-10-31T14:30:00Z,66.18,66.56,65.89,66.23
2023-10-31T15:30:00Z,66.26,66.5,66.16,66.23
2023-10-31T16:30:00Z,66.24,66.66,66.15,66.57
2023-10-31T17:30:00Z,66.58,66.92,66.58,66.71
2023-10-31T18:30:00Z,66.71,66.92,66.66,66.91
2023-10-31T19:30:00Z,66.91,66.96,66.76,66.9
2023-11-01T13:30:00Z,67.29,68.05,66.75,67.995
2023-11-01T14:30:00Z,68.01,68.12,67.67,67.88
2023-11-01T15:30:00Z,67.91,67.98,67.81,67.82
2023-11-01T16:30:00Z,67.84,68.08,67.52,67.94
2023-11-01T17:30:00Z,67.94,68.13,67.78,68.11
2023-11-01T18:30:00Z,68.11,68.74,67.9,68.66
2023-11-01T19:30:00Z,68.66,68.72,68.44,68.67
2023-11-02T13:30:00Z,69.49,69.91,68.98,69.37
2023-11-02T14:30:00Z,69.36,69.38,68.79,68.83
2023-11-02T15:30:00Z,68.83,69.02,68.47,68.55
2023-11-02T16:30:00Z,68.51,68.68,68.32,68.47
2023-11-02T17:30:00Z,68.48,68.75,68.48,68.66
2023-11-02T18:30:00Z,68.69,68.76,68.62,68.63
2023-11-02T19:30:00Z,68.61,68.8,68.56,68.65
2023-11-03T13:30:00Z,68.8,69.9,68.64,69.55
2023-11-03T14:30:00Z,69.62,70.07,69.62,69.85
2023-11-03T15:30:00Z,69.86,70.02,69.8,69.86
2023-11-03T16:30:00Z,69.86,69.94,69.6,69.69
2023-11-03T17:30:00Z,69.695,69.74,69.54,69.7
2023-11-03T18:30:00Z,69.7,70.01,69.68,69.8
2023-11-03T19:30:00Z,69.79,69.79,69.49,69.51
2023-11-06T14:30:00Z,69.79,70.59,69.75,70.44
2023-11-06T15:30:00Z,70.45,70.98,70.3,70.8
2023-11-06T16:30:00Z,70.77,71.86,70.76,71.6
2023-11-06T17:30:00Z,71.6,71.89,71.33,71.43
2023-11-06T18:30:00Z,71.43,71.56,71.24,71.54
2023-11-06T19:30:00Z,71.53,72.25,71.53,72.11
2023-11-06T20:30:00Z,72.12,72.29,71.94,71.95
2023-11-07T14:30:00Z,71.71,72.11,71.14,72.05
2023-11-07T15:30:00Z,72.09,72.3,71.73,71.83
2023-11-07T16:30:00Z,71.84,71.93,71.46,71.65
2023-11-07T17:30:00Z,71.66,71.95,71.59,71.69
2023-11-07T18:30:00Z,71.69,71.86,71.5,71.75
2023-11-07T19:30:00Z,71.75,71.88,71.52,71.76
2023-11-07T20:30:00Z,71.77,71.86,71.5,71.62
2023-11-08T14:30:00Z,71.81,71.83,71.03,71.465
2023-11-08T15:30:00Z,71.47,71.84,71.42,71.67
2023-11-08T16:30:00Z,71.67,71.79,71.31,71.42
2023-11-08T17:30:00Z,71.42,71.63,71.39,71.6
2023-11-08T18:30:00Z,71.58,72.25,71.56,72.24
2023-11-08T19:30:00Z,72.22,72.25,71.98,72.17
2023-11-08T20:30:00Z,72.15,72.5,72.09,72.49
2023-11-09T14:30:00Z,72.61,73.28,72.16,72.69
2023-11-09T15:30:00Z,72.67,72.7,72.28,72.34
2023-11-09T16:30:00Z,72.33,72.72,72.19,72.58
2023-11-09T17:30:00Z,72.61,72.7,72.17,72.48
2023-11-09T18:30:00Z,72.45,72.56,71.83,72.1
2023-11-09T19:30:00Z,72.1,72.16,71.67,71.76
2023-11-09T20:30:00Z,71.76,72.37,71.67,72.24
2023-11-10T14:30:00Z,72.74,73.17,72.41,72.74
2023-11-10T15:30:00Z,72.73,73.32,72.6,73.2
2023-11-10T16:30:00Z,73.21,73.45,73.1,73.22
2023-11-10T17:30:00Z,73.22,73.55,73.21,73.47
2023-11-10T18:30:00Z,73.48,73.79,73.48,73.56
2023-11-10T19:30:00Z,73.55,73.57,73.21,73.39
2023-11-10T20:30:00Z,73.41,73.52,73.23,73.49
2023-11-13T14:30:00Z,72.95,73.82,72.41,73.49
2023-11-13T15:30:00Z,73.47,73.94,73.46,73.78
2023-11-13T16:30:00Z,73.78,73.87,73.5,73.58
2023-11-13T17:30:00Z,73.58,73.88,73.54,73.82
2023-11-13T18:30:00Z,73.81,74.02,73.79,73.9
2023-11-13T19:30:00Z,73.89,74.05,73.83,73.95
2023-11-13T20:30:00Z,73.95,73.955,73.76,73.765
2023-11-14T14:30:00Z,74.435,74.65,73.41,74.02
2023-11-14T15:30:00Z,74.01,74.27,73.7,73.74
2023-11-14T16:30:00Z,73.72,73.72,73.33,73.59
2023-11-14T17:30:00Z,73.6,73.93,73.58,73.78
2023-11-14T18:30:00Z,73.78,74.12,73.67,74.09
2023-11-14T19:30:00Z,74.1,74.255,73.97,74.09
2023-11-14T20:30:00Z,74.09,74.17,73.84,73.895
2023-11-15T14:30:00Z,72.93,74.13,72.51,73.81
2023-11-15T15:30:00Z,73.81,73.82,73.24,73.61
2023-11-15T16:30:00Z,73.6,73.78,73.4,73.71
2023-11-15T17:30:00Z,73.72,73.81,73.24,73.47
2023-11-15T18:30:00Z,73.485,73.705,73.36,73.49
2023-11-15T19:30:00Z,73.49,73.59,73.03,73.06
2023-11-15T20:30:00Z,73.05,73.145,72.81,72.94
2023-11-16T14:30:00Z,72.69,73.1,71.86,72.36
2023-11-16T15:30:00Z,72.34,72.42,71.84,71.97
2023-11-16T16:30:00Z,71.93,72.2,71.81,72.19
2023-11-16T17:30:00Z,72.2,72.43,71.92,72.03
2023-11-16T18:30:00Z,72.03,72.35,71.94,72.25
2023-11-16T19:30:00Z,72.24,72.61,72.24,72.47
2023-11-16T20:30:00Z,72.48,72.68,72.405,72.54
2023-11-17T14:30:00Z,72.64,73.48,72.64,73.35
2023-11-17T15:30:00Z,73.34,73.58,72.99,73.48
2023-11-17T16:30:00Z,73.49,74.01,73.48,73.8
2023-11-17T17:30:00Z,73.79,73.97,73.65,73.76
2023-11-17T18:30:00Z,73.77,73.88,73.515,73.515
2023-11-17T19:30:00Z,73.52,73.59,73.27,73.48
2023-11-17T20:30:00Z,73.49,73.63,73.3,73.62
2023-11-20T14:30:00Z,73.9,74.02,73.23,73.51
2023-11-20T15:30:00Z,73.51,73.61,73.17,73.22
2023-11-20T16:30:00Z,73.22,73.4,73.12,73.22
2023-11-20T17:30:00Z,73.22,73.64,73.18,73.51
2023-11-20T18:30:00Z,73.53,73.66,73.32,73.37
2023-11-20T19:30:00Z,73.37,73.55,73.35,73.5
2023-11-20T20:30:00Z,73.5,73.52,73.31,73.36
2023-11-21T14:30:00Z,73.77,74.06,72.92,73.59
2023-11-21T15:30:00Z,73.55,73.59,73.24,73.51
2023-11-21T16:30:00Z,73.52,73.75,73.375,73.75
2023-11-21T17:30:00Z,73.78,73.78,73.44,73.53
2023-11-21T18:30:00Z,73.535,73.74,73.535,73.67
2023-11-21T19:30:00Z,73.68,73.81,73.57,73.69
2023-11-21T20:30:00Z,73.69,73.72,73.43,73.61
2023-11-22T14:30:00Z,74.2,75.29,74.01,75.23
2023-11-22T15:30:00Z,75.22,75.38,74.81,74.94
2023-11-22T16:30:00Z,74.95,75.1,74.86,75
2023-11-22T17:30:00Z,74.98,74.98,74.6,74.83
2023-11-22T18:30:00Z,74.82,74.88,74.57,74.615
2023-11-22T19:30:00Z,74.615,74.615,74.26,74.52
2023-11-22T20:30:00Z,74.53,74.74,74.5,74.68
2023-11-24T14:30:00Z,74.69,75.01,74.19,74.46
2023-11-24T15:30:00Z,74.47,74.67,74.37,74.53
2023-11-24T16:30:00Z,74.53,74.7,74.44,74.45
2023-11-24T17:30:00Z,74.45,74.59,74.27,74.44
2023-11-27T14:30:00Z,74.18,74.25,73.38,74.24
2023-11-27T15:30:00Z,74.28,74.36,74.01,74.26
2023-11-27T16:30:00Z,74.3,74.57,74.27,74.51
2023-11-27T17:30:00Z,74.5,74.77,74.47,74.72
2023-11-27T18:30:00Z,74.7,74.75,74.48,74.73
2023-11-27T19:30:00Z,74.73,75.05,74.46,75.05
2023-11-27T20:30:00Z,75.06,75.13,74.47,74.47
2023-11-28T14:30:00Z,74.17,74.91,73.94,74.88
2023-11-28T15:30:00Z,74.86,74.88,74.44,74.48
2023-11-28T16:30:00Z,74.47,74.68,74.33,74.33
2023-11-28T17:30:00Z,74.32,74.41,74.02,74.19
2023-11-28T18:30:00Z,74.17,74.23,73.98,74.07
2023-11-28T19:30:00Z,74.08,74.21,73.95,74.01
2023-11-28T20:30:00Z,74.03,74.09,73.85,74.03
2023-11-29T14:30:00Z,74.66,75.62,74.44,75.34
2023-11-29T15:30:00Z,75.35,76.08,75.19,75.36
2023-11-29T16:30:00Z,75.38,75.79,75.12,75.75
2023-11-29T17:30:00Z,75.72,75.72,75.18,75.36
2023-11-29T18:30:00Z,75.36,75.4,75.17,75.18
2023-11-29T19:30:00Z,75.18,75.21,74.93,74.93
2023-11-29T20:30:00Z,74.92,75.09,74.89,75.04
2023-11-30T14:30:00Z,75.1,75.43,74.64,75.14
2023-11-30T15:30:00Z,75.15,75.42,75.03,75.32
2023-11-30T16:30:00Z,75.3,75.39,75.06,75.21
2023-11-30T17:30:00Z,75.19,75.27,74.83,74.88
2023-11-30T18:30:00Z,74.88,75.39,74.79,75.2
2023-11-30T19:30:00Z,75.21,75.51,75.05,75.09
2023-11-30T20:30:00Z,75.11,75.98,75.11,75.91
2023-12-01T14:30:00Z,72.16,72.16,68.5,71.67
2023-12-01T15:30:00Z,71.66,72.93,71.62,72.44
2023-12-01T16:30:00Z,72.44,72.44,71.74,71.9
2023-12-01T17:30:00Z,71.88,72.64,71.84,72.37
2023-12-01T18:30:00Z,72.4,72.66,72.09,72.42
2023-12-01T19:30:00Z,72.43,73.05,72.4,72.89
2023-12-01T20:30:00Z,72.9,72.94,71.9,71.91
2023-12-04T14:30:00Z,70.84,71.06,69.76,70.17
2023-12-04T15:30:00Z,70.16,70.16,68.84,69.05
2023-12-04T16:30:00Z,69.04,69.58,68.91,69.58
2023-12-04T17:30:00Z,69.57,69.64,69.07,69.29
2023-12-04T18:30:00Z,69.28,69.33,68.68,68.87
2023-12-04T19:30:00Z,68.89,69.36,68.86,69.19
2023-12-04T20:30:00Z,69.19,69.445,69.08,69.27
2023-12-05T14:30:00Z,69.23,70.31,69.12,69.69
2023-12-05T15:30:00Z,69.75,70,69.46,69.81
2023-12-05T16:30:00Z,69.8,69.87,69.51,69.54
2023-12-05T17:30:00Z,69.55,69.61,69.36,69.5
2023-12-05T18:30:00Z,69.5,69.5,69.16,69.39
2023-12-05T19:30:00Z,69.4,69.62,69.34,69.58
2023-12-05T20:30:00Z,69.56,69.6,69.27,69.32
2023-12-06T14:30:00Z,69.66,69.82,69.03,69.13
2023-12-06T15:30:00Z,69.16,69.21,68.31,68.46
2023-12-06T16:30:00Z,68.47,68.52,68.15,68.19
2023-12-06T17:30:00Z,68.18,68.28,67.93,68.21
2023-12-06T18:30:00Z,68.21,68.23,67.98,68.13
2023-12-06T19:30:00Z,68.13,68.28,67.74,67.77
2023-12-06T20:30:00Z,67.77,67.78,67.51,67.63
2023-12-07T14:30:00Z,67.86,68.36,67.63,67.89
2023-12-07T15:30:00Z,67.87,67.99,67.62,67.9
2023-12-07T16:30:00Z,67.87,68.42,67.825,68.38
2023-12-07T17:30:00Z,68.38,68.575,68.37,68.52
2023-12-07T18:30:00Z,68.52,68.8,68.5,68.785
2023-12-07T19:30:00Z,68.8,68.8,68.52,68.66
2023-12-07T20:30:00Z,68.65,68.715,68.55,68.6
2023-12-08T14:30:00Z,68.53,69.33,68.44,68.73
2023-12-08T15:30:00Z,68.73,69.03,68.55,68.8
2023-12-08T16:30:00Z,68.82,69.04,68.77,68.965
2023-12-08T17:30:00Z,68.96,69.2,68.95,69.17
2023-12-08T18:30:00Z,69.16,69.16,68.78,68.855
2023-12-08T19:30:00Z,68.86,69.04,68.78,68.84
2023-12-08T20:30:00Z,68.84,68.95,68.685,68.685
2023-12-11T14:30:00Z,68.595,69.03,68.5,68.9
2023-12-11T15:30:00Z,68.9,69.53,68.9,69.35
2023-12-11T16:30:00Z,69.36,69.59,69.21,69.53
2023-12-11T17:30:00Z,69.54,69.67,69.45,69.58
2023-12-11T18:30:00Z,69.58,69.76,69.58,69.62
2023-12-11T19:30:00Z,69.63,69.7,69.48,69.54
2023-12-11T20:30:00Z,69.54,69.585,69.235,69.24
2023-12-12T14:30:00Z,69.13,69.5,68.95,69.14
2023-12-12T15:30:00Z,69.18,69.65,69.13,69.62
2023-12-12T16:30:00Z,69.62,69.66,69.43,69.59
2023-12-12T17:30:00Z,69.6,69.965,69.585,69.92
2023-12-12T18:30:00Z,69.92,70.31,69.85,70.13
2023-12-12T19:30:00Z,70.14,70.2,70.04,70.19
2023-12-12T20:30:00Z,70.18,70.185,69.95,70
2023-12-13T14:30:00Z,70.1,70.1,69.39,69.43
2023-12-13T15:30:00Z,69.43,69.57,69.26,69.37
2023-12-13T16:30:00Z,69.37,69.59,69.37,69.57
2023-12-13T17:30:00Z,69.57,69.92,69.54,69.92
2023-12-13T18:30:00Z,69.925,70.375,69.77,70.25
2023-12-13T19:30:00Z,70.26,70.48,69.63,69.65
2023-12-13T20:30:00Z,69.65,69.88,69.61,69.87
2023-12-14T14:30:00Z,70.64,72.25,70.64,71.79
2023-12-14T15:30:00Z,71.8,72.05,71.68,72.05
2023-12-14T16:30:00Z,72.08,72.27,71.74,71.86
2023-12-14T17:30:00Z,71.87,72.045,71.56,71.59
2023-12-14T18:30:00Z,71.58,72.1,71.54,71.98
2023-12-14T19:30:00Z,72,72.39,71.95,72.26
2023-12-14T20:30:00Z,72.255,72.46,72.16,72.43
2023-12-15T14:30:00Z,72,72.95,71.88,72.24
2023-12-15T15:30:00Z,72.25,72.91,72.22,72.91
2023-12-15T16:30:00Z,72.87,72.98,72.27,72.52
2023-12-15T17:30:00Z,72.53,72.53,72.28,72.44
2023-12-15T18:30:00Z,72.44,72.51,72.13,72.35
2023-12-15T19:30:00Z,72.33,72.44,71.825,71.845
2023-12-15T20:30:00Z,71.85,71.93,71.4,71.59
2023-12-18T14:30:00Z,71.63,71.81,71.05,71.49
2023-12-18T15:30:00Z,71.5,72.72,71.46,72.67
2023-12-18T16:30:00Z,72.66,72.92,72.56,72.63
2023-12-18T17:30:00Z,72.64,72.68,72.44,72.57
2023-12-18T18:30:00Z,72.58,73.05,72.54,72.97
2023-12-18T19:30:00Z,72.98,73.42,72.94,73.42
2023-12-18T20:30:00Z,73.41,73.67,73.37,73.37
2023-12-19T14:30:00Z,73.76,74.01,73.17,73.35
2023-12-19T15:30:00Z,73.31,73.34,72.87,72.97
2023-12-19T16:30:00Z,72.96,73.34,72.96,73.33
2023-12-19T17:30:00Z,73.34,73.48,73.26,73.36
2023-12-19T18:30:00Z,73.39,73.6,73.37,73.48
2023-12-19T19:30:00Z,73.48,73.5,73.34,73.48
2023-12-19T20:30:00Z,73.48,73.62,73.435,73.53
2023-12-20T14:30:00Z,73.53,73.97,73.35,73.96
2023-12-20T15:30:00Z,73.97,74.26,73.67,73.72
2023-12-20T16:30:00Z,73.69,73.85,73.62,73.81
2023-12-20T17:30:00Z,73.8,74.02,73.75,73.98
2023-12-20T18:30:00Z,73.99,74.02,73.68,73.9
2023-12-20T19:30:00Z,73.9,73.925,72.75,72.75
2023-12-20T20:30:00Z,72.74,72.97,72.31,72.4
2023-12-21T14:30:00Z,73.36,74.75,73.36,74.59
2023-12-21T15:30:00Z,74.6,75.39,74.56,75.24
2023-12-21T16:30:00Z,75.2,75.2,74.62,74.68
2023-12-21T17:30:00Z,74.65,74.79,74.55,74.76
2023-12-21T18:30:00Z,74.77,74.85,74.62,74.73
2023-12-21T19:30:00Z,74.73,75.18,74.62,75.15
2023-12-21T20:30:00Z,75.16,75.33,74.97,75.3
2023-12-22T14:30:00Z,75.76,75.76,75.05,75.5
2023-12-22T15:30:00Z,75.5,75.96,75.43,75.96
2023-12-22T16:30:00Z,75.95,76.09,75.88,75.96
2023-12-22T17:30:00Z,75.94,76.15,75.87,75.94
2023-12-22T18:30:00Z,75.94,76.04,75.38,75.44
2023-12-22T19:30:00Z,75.43,75.96,75.36,75.84
2023-12-22T20:30:00Z,75.87,75.88,75.58,75.69
2023-12-26T14:30:00Z,75.95,76.6,75.88,76.42
2023-12-26T15:30:00Z,76.44,76.69,76.36,76.51
2023-12-26T16:30:00Z,76.52,76.88,76.52,76.73
2023-12-26T17:30:00Z,76.74,76.94,76.685,76.94
2023-12-26T18:30:00Z,76.95,76.97,76.78,76.97
2023-12-26T19:30:00Z,76.98,77.29,76.95,77.28
2023-12-26T20:30:00Z,77.28,77.28,76.97,76.97
2023-12-27T14:30:00Z,77.17,77.45,76.94,77.14
2023-12-27T15:30:00Z,77.11,77.22,76.92,77.12
2023-12-27T16:30:00Z,77.14,77.36,77.14,77.34
2023-12-27T17:30:00Z,77.35,77.4,77.04,77.15
2023-12-27T18:30:00Z,77.16,77.25,76.94,77.13
2023-12-27T19:30:00Z,77.14,77.18,77.04,77.18
2023-12-27T20:30:00Z,77.19,77.26,77.13,77.26
2023-12-28T14:30:00Z,77.18,77.19,76.71,76.94
2023-12-28T15:30:00Z,76.95,77.02,76.74,76.99
2023-12-28T16:30:00Z,76.98,77.02,76.8,76.83
2023-12-28T17:30:00Z,76.83,76.88,76.68,76.8
2023-12-28T18:30:00Z,76.79,76.9,76.79,76.84
2023-12-28T19:30:00Z,76.83,76.95,76.7,76.72
2023-12-28T20:30:00Z,76.72,76.88,76.65,76.66
2023-12-29T14:30:00Z,76.75,76.91,76.42,76.53
2023-12-29T15:30:00Z,76.52,76.56,76.23,76.28
2023-12-29T16:30:00Z,76.29,76.45,76.2,76.33
2023-12-29T17:30:00Z,76.34,76.51,76.34,76.44
2023-12-29T18:30:00Z,76.46,76.6,76.45,76.47
2023-12-29T19:30:00Z,76.49,76.805,76.48,76.75
2023-12-29T20:30:00Z,76.74,76.74,76.39,76.49
2024-01-02T14:30:00Z,75.97,76,74.42,74.56
2024-01-02T15:30:00Z,74.55,74.81,74.32,74.67
2024-01-02T16:30:00Z,74.68,75.12,74.66,75
2024-01-02T17:30:00Z,75,75.47,74.95,75.42
2024-01-02T18:30:00Z,75.42,75.48,74.96,75.04
2024-01-02T19:30:00Z,75.03,75.05,74.38,74.52
2024-01-02T20:30:00Z,74.49,74.8,74.35,74.79
2024-01-03T14:30:00Z,74.7,76.81,74.66,76.56
2024-01-03T15:30:00Z,76.57,76.63,76.24,76.39
2024-01-03T16:30:00Z,76.4,76.4,76.12,76.34
2024-01-03T17:30:00Z,76.37,76.71,76.31,76.62
2024-01-03T18:30:00Z,76.64,76.73,76.49,76.71
2024-01-03T19:30:00Z,76.73,76.75,76.42,76.67
2024-01-03T20:30:00Z,76.66,76.76,76.49,76.6
2024-01-04T14:30:00Z,76.65,77.13,76.39,77.04
2024-01-04T15:30:00Z,77.05,77.05,76.62,76.71
2024-01-04T16:30:00Z,76.72,76.8,76.54,76.6
2024-01-04T17:30:00Z,76.59,76.59,76.36,76.43
2024-01-04T18:30:00Z,76.44,76.5,76.28,76.31
2024-01-04T19:30:00Z,76.3,76.42,75.99,76.35
2024-01-04T20:30:00Z,76.34,76.43,75.845,75.97
2024-01-05T14:30:00Z,75.56,76.46,75.33,76.07
2024-01-05T15:30:00Z,76.11,76.31,75.93,76.26
2024-01-05T16:30:00Z,76.27,76.28,75.89,75.93
2024-01-05T17:30:00Z,75.95,76.1,75.9,76.05
2024-01-05T18:30:00Z,76.06,76.22,75.9,76.15
2024-01-05T19:30:00Z,76.17,76.25,76.02,76.08
2024-01-05T20:30:00Z,76.06,76.06,75.78,75.84
2024-01-08T14:30:00Z,77.96,79.01,77.37,78.69
2024-01-08T15:30:00Z,78.69,79.26,78.69,79.1
2024-01-08T16:30:00Z,79.08,79.21,79.03,79.06
2024-01-08T17:30:00Z,79.06,79.15,78.94,78.95
2024-01-08T18:30:00Z,78.95,79.4,78.83,79.4
2024-01-08T19:30:00Z,79.41,79.66,79.31,79.62
2024-01-08T20:30:00Z,79.61,79.61,79.27,79.35
2024-01-09T14:30:00Z,79.16,79.45,77.75,77.95
2024-01-09T15:30:00Z,77.95,77.96,77.48,77.8
2024-01-09T16:30:00Z,77.81,78.15,77.69,78.115
2024-01-09T17:30:00Z,78.11,78.26,77.58,77.64
2024-01-09T18:30:00Z,77.64,77.86,77.39,77.39
2024-01-09T19:30:00Z,77.39,77.815,77.16,77.45
2024-01-09T20:30:00Z,77.44,77.45,77.06,77.11
2024-01-10T14:30:00Z,77.88,78.72,77.71,78.61
2024-01-10T15:30:00Z,78.64,78.75,78.27,78.36
2024-01-10T16:30:00Z,78.37,78.43,77.99,78.04
2024-01-10T17:30:00Z,78.04,78.45,78,78.27
2024-01-10T18:30:00Z,78.27,78.48,78.15,78.34
2024-01-10T19:30:00Z,78.36,78.47,77.97,78.105
2024-01-10T20:30:00Z,78.1,78.29,78.065,78.25
2024-01-11T14:30:00Z,78.69,79.19,77.59,78.31
2024-01-11T15:30:00Z,78.32,78.4,77.72,77.79
2024-01-11T16:30:00Z,77.8,78.045,77.555,77.97
2024-01-11T17:30:00Z,77.97,78.75,77.96,78.68
2024-01-11T18:30:00Z,78.68,79.305,78.66,79.19
2024-01-11T19:30:00Z,79.25,79.66,79.24,79.575
2024-01-11T20:30:00Z,79.575,79.8,79.4,79.71
2024-01-12T14:30:00Z,79.96,80.25,79.24,80
2024-01-12T15:30:00Z,80.02,80.14,79.44,79.95
2024-01-12T16:30:00Z,79.93,79.94,79.44,79.51
2024-01-12T17:30:00Z,79.55,79.73,79.54,79.6
2024-01-12T18:30:00Z,79.61,79.8,79.59,79.66
2024-01-12T19:30:00Z,79.665,79.67,79.24,79.52
2024-01-12T20:30:00Z,79.5,79.5,79.19,79.29
2024-01-16T14:30:00Z,79.2,79.54,78.66,78.8
2024-01-16T15:30:00Z,78.8,79.18,78.72,79.09
2024-01-16T16:30:00Z,79.12,79.21,78.89,78.89
2024-01-16T17:30:00Z,78.88,78.94,78.5,78.91
2024-01-16T18:30:00Z,78.91,78.94,78.59,78.7
2024-01-16T19:30:00Z,78.69,78.95,78.6,78.66
2024-01-16T20:30:00Z,78.66,79.56,78.62,79.5
2024-01-17T14:30:00Z,78.5,78.8,77.84,78.31
2024-01-17T15:30:00Z,78.315,78.315,77.42,77.56
2024-01-17T16:30:00Z,77.6,77.73,76.92,77.02
2024-01-17T17:30:00Z,77.01,77.46,76.97,77.36
2024-01-17T18:30:00Z,77.37,77.71,77.24,77.65
2024-01-17T19:30:00Z,77.66,77.7,77.27,77.325
2024-01-17T20:30:00Z,77.32,77.74,77.3,77.62
2024-01-18T14:30:00Z,78.68,79,77.69,77.93
2024-01-18T15:30:00Z,77.95,78.75,77.77,78.74
2024-01-18T16:30:00Z,78.74,78.85,78.1,78.21
2024-01-18T17:30:00Z,78.23,78.25,77.97,78
2024-01-18T18:30:00Z,78,78.32,77.97,78.29
2024-01-18T19:30:00Z,78.31,78.42,78.11,78.39
2024-01-18T20:30:00Z,78.4,78.49,78.31,78.41
2024-01-19T14:30:00Z,79.21,81.4,79.21,81.16
2024-01-19T15:30:00Z,81.19,82.84,81.19,82.63
2024-01-19T16:30:00Z,82.62,83.54,82.3,82.61
2024-01-19T17:30:00Z,82.59,83.64,82.59,83.55
2024-01-19T18:30:00Z,83.57,84.75,83.54,84.55
2024-01-19T19:30:00Z,84.55,84.6,83.45,83.47
2024-01-19T20:30:00Z,83.44,83.51,82.89,83.25
2024-01-22T14:30:00Z,83.66,83.74,82,82.05
2024-01-22T15:30:00Z,82.05,82.05,81.5,81.79
2024-01-22T16:30:00Z,81.8,81.8,81,81.03
2024-01-22T17:30:00Z,81.04,81.53,81,81.31
2024-01-22T18:30:00Z,81.33,81.43,81.13,81.28
2024-01-22T19:30:00Z,81.28,81.63,81.25,81.4
2024-01-22T20:30:00Z,81.39,81.48,81.12,81.15
2024-01-23T14:30:00Z,81.02,82.47,80.54,82.06
2024-01-23T15:30:00Z,82.1,82.3,81.97,82.11
2024-01-23T16:30:00Z,82.09,82.12,81.76,81.85
2024-01-23T17:30:00Z,81.86,81.97,81.71,81.85
2024-01-23T18:30:00Z,81.86,82.01,81.8,81.97
2024-01-23T19:30:00Z,81.97,82.23,81.86,82.22
2024-01-23T20:30:00Z,82.22,82.46,81.98,82.435
2024-01-24T14:30:00Z,83.61,84.53,82.96,84.48
2024-01-24T15:30:00Z,84.45,84.91,84.24,84.75
2024-01-24T16:30:00Z,84.75,84.79,84.41,84.54
2024-01-24T17:30:00Z,84.55,84.68,84.19,84.19
2024-01-24T18:30:00Z,84.17,84.2,83.63,83.66
2024-01-24T19:30:00Z,83.69,84,83.31,83.39
2024-01-24T20:30:00Z,83.38,83.8,83.37,83.71
2024-01-25T14:30:00Z,84.28,84.75,83.88,84.62
2024-01-25T15:30:00Z,84.63,85.03,84.48,84.965
2024-01-25T16:30:00Z,84.95,84.95,84.17,84.23
2024-01-25T17:30:00Z,84.23,84.37,84.03,84.16
2024-01-25T18:30:00Z,84.12,84.23,83.5,83.62
2024-01-25T19:30:00Z,83.67,83.79,83.16,83.185
2024-01-25T20:30:00Z,83.19,83.33,83.01,83.03
2024-01-26T14:30:00Z,82.54,84,82.43,83.82
2024-01-26T15:30:00Z,83.8,84.2,83.57,84.15
2024-01-26T16:30:00Z,84.12,84.38,83.9,84
2024-01-26T17:30:00Z,84.01,84.25,83.79,84.21
2024-01-26T18:30:00Z,84.22,84.27,83.99,84.12
2024-01-26T19:30:00Z,84.12,84.36,83.98,84.27
2024-01-26T20:30:00Z,84.28,84.34,84.09,84.22
2024-01-29T14:30:00Z,84.35,84.65,84.2,84.39
2024-01-29T15:30:00Z,84.4,84.4,83.71,83.93
2024-01-29T16:30:00Z,83.92,84.17,83.88,84.13
2024-01-29T17:30:00Z,84.15,84.19,83.69,83.9
2024-01-29T18:30:00Z,83.88,83.915,83.65,83.76
2024-01-29T19:30:00Z,83.79,84.01,83.45,83.81
2024-01-29T20:30:00Z,83.8,83.81,83.345,83.4
2024-01-30T14:30:00Z,85.74,86.45,85.2,85.66
2024-01-30T15:30:00Z,85.69,85.895,85.17,85.19
2024-01-30T16:30:00Z,85.18,85.19,84.74,85.02
2024-01-30T17:30:00Z,85,85.01,84.67,84.82
2024-01-30T18:30:00Z,84.84,84.92,84.32,84.8
2024-01-30T19:30:00Z,84.8,85.39,84.72,85.24
2024-01-30T20:30:00Z,85.25,85.25,84.735,84.81
2024-01-31T14:30:00Z,83.06,83.59,82.24,82.33
2024-01-31T15:30:00Z,82.34,82.79,81.83,82.73
2024-01-31T16:30:00Z,82.74,82.98,82.67,82.92
2024-01-31T17:30:00Z,82.98,83.4,82.98,83.13
2024-01-31T18:30:00Z,83.16,83.41,82.88,83.02
2024-01-31T19:30:00Z,83.05,83.59,82.58,82.94
2024-01-31T20:30:00Z,82.92,82.92,82.5,82.89
2024-02-01T14:30:00Z,83.75,84.55,83.03,84.545
2024-02-01T15:30:00Z,84.53,84.87,84.3,84.68
2024-02-01T16:30:00Z,84.68,85.29,84.65,85.29
2024-02-01T17:30:00Z,85.29,85.38,85.02,85.33
2024-02-01T18:30:00Z,85.34,85.63,85.17,85.63
2024-02-01T19:30:00Z,85.64,85.98,85.54,85.8
2024-02-01T20:30:00Z,85.8,85.84,85.43,85.77
2024-02-02T14:30:00Z,85.66,86.79,85.4,85.55
2024-02-02T15:30:00Z,85.54,86.02,85.22,86.02
2024-02-02T16:30:00Z,86.07,86.89,85.97,86.89
2024-02-02T17:30:00Z,86.88,86.89,86.16,86.35
2024-02-02T18:30:00Z,86.35,86.815,86.31,86.59
2024-02-02T19:30:00Z,86.59,86.85,86.42,86.61
2024-02-02T20:30:00Z,86.64,86.64,86.29,86.32
2024-02-05T14:30:00Z,86.51,86.87,84.82,85.24
2024-02-05T15:30:00Z,85.21,85.29,84.77,85.05
2024-02-05T16:30:00Z,85.09,85.37,85.05,85.28
2024-02-05T17:30:00Z,85.33,85.64,85.31,85.5
2024-02-05T18:30:00Z,85.53,85.74,85.385,85.68
2024-02-05T19:30:00Z,85.69,85.94,85.6,85.74
2024-02-05T20:30:00Z,85.75,85.89,85.67,85.69
2024-02-06T14:30:00Z,86.17,86.29,83.05,83.43
2024-02-06T15:30:00Z,83.435,83.74,83.19,83.36
2024-02-06T16:30:00Z,83.35,83.42,82.54,82.62
2024-02-06T17:30:00Z,82.625,82.67,82.19,82.62
2024-02-06T18:30:00Z,82.66,82.69,82.165,82.33
2024-02-06T19:30:00Z,82.33,83.18,82.22,82.82
2024-02-06T20:30:00Z,82.835,82.89,82.52,82.66
2024-02-07T14:30:00Z,83.44,83.83,82.82,83.71
2024-02-07T15:30:00Z,83.74,83.78,83.41,83.61
2024-02-07T16:30:00Z,83.62,83.68,83.31,83.31
2024-02-07T17:30:00Z,83.3,83.47,83.12,83.45
2024-02-07T18:30:00Z,83.47,83.55,83.17,83.17
2024-02-07T19:30:00Z,83.19,83.35,83.08,83.185
2024-02-07T20:30:00Z,83.19,83.81,83.13,83.72
2024-02-08T14:30:00Z,83.79,84.56,83.61,84.47
2024-02-08T15:30:00Z,84.46,84.72,84.39,84.49
2024-02-08T16:30:00Z,84.49,84.99,84.45,84.81
2024-02-08T17:30:00Z,84.79,84.86,84.47,84.82
2024-02-08T18:30:00Z,84.87,85.13,84.52,84.66
2024-02-08T19:30:00Z,84.65,84.96,84.63,84.87
2024-02-08T20:30:00Z,84.89,84.92,84.33,84.78
2024-02-09T14:30:00Z,85.02,86.28,85.01,86.24
2024-02-09T15:30:00Z,86.26,86.42,86,86.12
2024-02-09T16:30:00Z,86.14,86.27,85.87,86
2024-02-09T17:30:00Z,85.97,86.48,85.85,86.41
2024-02-09T18:30:00Z,86.42,86.63,86.28,86.61
2024-02-09T19:30:00Z,86.61,86.64,86.25,86.33
2024-02-09T20:30:00Z,86.34,86.4,86.14,86.2
2024-02-12T14:30:00Z,86.5,86.89,85.83,86.14
2024-02-12T15:30:00Z,86.14,86.75,86.05,86.35
2024-02-12T16:30:00Z,86.34,86.73,86.08,86.65
2024-02-12T17:30:00Z,86.66,86.83,86.48,86.52
2024-02-12T18:30:00Z,86.5,86.64,85.98,86.31
2024-02-12T19:30:00Z,86.3,86.63,86.19,86.51
2024-02-12T20:30:00Z,86.52,86.61,86.36,86.59
2024-02-13T14:30:00Z,84.985,85.33,83.6,83.92
2024-02-13T15:30:00Z,83.94,84.29,83.74,83.99
2024-02-13T16:30:00Z,83.98,84.37,83.78,84.12
2024-02-13T17:30:00Z,84.12,84.43,83.8,84.38
2024-02-13T18:30:00Z,84.37,84.53,83.89,83.96
2024-02-13T19:30:00Z,83.96,84,83.46,83.58
2024-02-13T20:30:00Z,83.57,84.14,83.56,83.99
2024-02-14T14:30:00Z,84.82,85.96,84.79,85.92
2024-02-14T15:30:00Z,85.96,85.96,85.2,85.46
2024-02-14T16:30:00Z,85.48,85.7,85.35,85.7
2024-02-14T17:30:00Z,85.72,85.73,85.35,85.49
2024-02-14T18:30:00Z,85.49,85.81,85.34,85.69
2024-02-14T19:30:00Z,85.68,85.84,85.53,85.78
2024-02-14T20:30:00Z,85.78,86.23,85.67,86.03
2024-02-15T14:30:00Z,85.79,85.88,83.44,83.78
2024-02-15T15:30:00Z,83.82,83.89,82.43,82.74
2024-02-15T16:30:00Z,82.75,83.22,82.58,83.06
2024-02-15T17:30:00Z,83.08,83.19,82.59,82.96
2024-02-15T18:30:00Z,82.97,83.16,82.76,83.12
2024-02-15T19:30:00Z,83.12,83.2,82.76,82.92
2024-02-15T20:30:00Z,82.91,83.05,82.71,82.72
2024-02-16T14:30:00Z,83.34,84.5,82.8,83.03
2024-02-16T15:30:00Z,83.05,83.605,82.93,83.51
2024-02-16T16:30:00Z,83.5,84.88,83.47,84.85
2024-02-16T17:30:00Z,84.84,85.27,84.49,84.76
2024-02-16T18:30:00Z,84.75,85.095,84.62,85.03
2024-02-16T19:30:00Z,85.03,85.04,84.35,84.71
2024-02-16T20:30:00Z,84.7,84.71,83.945,84.24
2024-02-20T14:30:00Z,83.9,83.9,81.2,81.48
2024-02-20T15:30:00Z,81.48,82.48,81.29,82.38
2024-02-20T16:30:00Z,82.38,82.38,82.01,82.1
2024-02-20T17:30:00Z,82.12,82.36,81.96,82.19
2024-02-20T18:30:00Z,82.2,82.57,82.075,82.5
2024-02-20T19:30:00Z,82.49,82.97,82.49,82.73
2024-02-20T20:30:00Z,82.76,82.93,82.52,82.56
2024-02-21T14:30:00Z,81.29,81.81,80.76,81.67
2024-02-21T15:30:00Z,81.64,81.8,81.1,81.19
2024-02-21T16:30:00Z,81.2,81.3,80.81,80.9
2024-02-21T17:30:00Z,80.92,81.13,80.68,80.73
2024-02-21T18:30:00Z,80.74,81.04,80.56,80.64
2024-02-21T19:30:00Z,80.64,80.79,80.48,80.72
2024-02-21T20:30:00Z,80.73,81.41,80.72,81.41
2024-02-22T14:30:00Z,85.34,87.98,85.34,87.74
2024-02-22T15:30:00Z,87.79,89.09,87.72,88.75
2024-02-22T16:30:00Z,88.75,88.98,88.26,88.56
2024-02-22T17:30:00Z,88.61,89.13,88.35,88.35
2024-02-22T18:30:00Z,88.34,88.85,88.24,88.54
2024-02-22T19:30:00Z,88.49,88.49,87.77,87.99
2024-02-22T20:30:00Z,87.98,88.16,87.77,87.79
2024-02-23T14:30:00Z,88.99,92.64,88.93,89.41
2024-02-23T15:30:00Z,89.41,89.51,88,88.48
2024-02-23T16:30:00Z,88.47,89.85,88.27,89.74
2024-02-23T17:30:00Z,89.65,90.27,89.62,90.21
2024-02-23T18:30:00Z,90.21,90.21,89.69,89.87
2024-02-23T19:30:00Z,89.88,90.1,89.8,89.97
2024-02-23T20:30:00Z,89.97,90.43,89.8,90.35
2024-02-26T14:30:00Z,92.62,93.67,91.8,93.14
2024-02-26T15:30:00Z,93.14,94.29,92.9,93.99
2024-02-26T16:30:00Z,93.97,94.66,93.64,94.59
2024-02-26T17:30:00Z,94.61,94.99,93.72,93.8
2024-02-26T18:30:00Z,93.77,93.93,93.3,93.31
2024-02-26T19:30:00Z,93.33,93.51,93,93.14
2024-02-26T20:30:00Z,93.125,93.545,92.76,92.77
2024-02-27T14:30:00Z,93.205,93.46,92.27,92.42
2024-02-27T15:30:00Z,92.4,92.62,91.88,91.92
2024-02-27T16:30:00Z,91.91,92.2,91.57,91.74
2024-02-27T17:30:00Z,91.73,91.79,90.97,91.27
2024-02-27T18:30:00Z,91.24,91.45,90.74,91.06
2024-02-27T19:30:00Z,91.07,91.3,90.83,90.99
2024-02-27T20:30:00Z,90.99,91.61,90.9,91.55
2024-02-28T14:30:00Z,91.98,93.33,91.34,93.305
2024-02-28T15:30:00Z,93.31,94.14,93.24,94.02
2024-02-28T16:30:00Z,94.02,94.36,93.56,93.86
2024-02-28T17:30:00Z,93.89,93.93,93,93.45
2024-02-28T18:30:00Z,93.47,93.8,93.41,93.67
2024-02-28T19:30:00Z,93.64,93.71,93.23,93.4
2024-02-28T20:30:00Z,93.43,93.52,93.07,93.24
2024-02-29T14:30:00Z,91.22,93.81,91.22,93.78
2024-02-29T15:30:00Z,93.82,94.42,93.5,94.085
2024-02-29T16:30:00Z,94.07,94.52,93.44,94.03
2024-02-29T17:30:00Z,94.04,94.39,93.77,94.19
2024-02-29T18:30:00Z,94.21,94.68,94.07,94.48
2024-02-29T19:30:00Z,94.47,94.77,94.21,94.45
2024-02-29T20:30:00Z,94.45,94.79,93.78,94.7
2024-03-01T14:30:00Z,124.55,131.04,116.45,119.94
2024-03-01T15:30:00Z,120.01,120.44,118.01,118.1
2024-03-01T16:30:00Z,118.08,121.49,118.07,121.22
2024-03-01T17:30:00Z,121.2,122.01,120.87,121.69
2024-03-01T18:30:00Z,121.68,123.48,121.5,122.68
2024-03-01T19:30:00Z,122.69,124.72,122.58,122.865
2024-03-01T20:30:00Z,122.82,124.65,122.25,124.56
2024-03-04T14:30:00Z,123.82,129.06,120.81,126.74
2024-03-04T15:30:00Z,126.74,126.8,123.54,124.4
2024-03-04T16:30:00Z,124.36,124.88,123.69,124.82
2024-03-04T17:30:00Z,124.85,125.26,123.59,123.59
2024-03-04T18:30:00Z,123.6,124.69,123.19,123.37
2024-03-04T19:30:00Z,123.36,123.88,122.81,123.12
2024-03-04T20:30:00Z,123.16,123.19,121.67,121.79
2024-03-05T14:30:00Z,120.75,121.52,117.2,117.41
2024-03-05T15:30:00Z,117.36,117.36,114.57,116.03
2024-03-05T16:30:00Z,116.07,116.37,113.9,115.12
2024-03-05T17:30:00Z,115.135,115.53,114.13,114.35
2024-03-05T18:30:00Z,114.37,115.2,114.06,114.96
2024-03-05T19:30:00Z,114.96,116.39,114.71,116.21
2024-03-05T20:30:00Z,116.15,117.75,115.92,117.75
2024-03-06T14:30:00Z,119.69,120.56,116.96,118.27
2024-03-06T15:30:00Z,118.205,119.755,118.205,119.425
2024-03-06T16:30:00Z,119.45,120.5,118.77,119.42
2024-03-06T17:30:00Z,119.415,120.17,119.19,120.02
2024-03-06T18:30:00Z,120.03,120.24,119.16,119.21
2024-03-06T19:30:00Z,119.22,119.32,117.35,118.09
2024-03-06T20:30:00Z,118.09,118.96,117.86,118.49
2024-03-07T14:30:00Z,119.52,121.53,119.34,120.52
2024-03-07T15:30:00Z,120.59,122.02,120.51,121.7
2024-03-07T16:30:00Z,121.65,122.01,120.6,121.46
2024-03-07T17:30:00Z,121.41,121.54,119.67,120.63
2024-03-07T18:30:00Z,120.65,121.3,120.43,121.08
2024-03-07T19:30:00Z,121.08,121.4,120.16,120.31
2024-03-07T20:30:00Z,120.34,120.55,119.8,120.51
2024-03-08T14:30:00Z,120.66,120.78,118.48,119.73
2024-03-08T15:30:00Z,119.74,119.96,116,116.13
2024-03-08T16:30:00Z,116.05,116.86,115.18,116.58
2024-03-08T17:30:00Z,116.6,116.7,115.38,115.59
2024-03-08T18:30:00Z,115.57,116.72,114.945,116.45
2024-03-08T19:30:00Z,116.5,116.96,116.01,116.66
2024-03-08T20:30:00Z,116.66,116.84,115.87,116.27
2024-03-11T13:30:00Z,115.35,116.6,113.69,115.72
2024-03-11T14:30:00Z,115.64,116.83,115.595,115.71
2024-03-11T15:30:00Z,115.69,116.16,115.06,115.79
2024-03-11T16:30:00Z,115.76,116.165,115.71,115.98
2024-03-11T17:30:00Z,115.99,116.01,115.48,115.79
2024-03-11T18:30:00Z,115.79,116.17,115.65,115.74
2024-03-11T19:30:00Z,115.74,115.98,115.64,115.87
2024-03-12T13:30:00Z,116.87,118.28,116.05,116.81
2024-03-12T14:30:00Z,116.84,117.25,115.4,115.45
2024-03-12T15:30:00Z,115.42,115.66,114.6,114.6
2024-03-12T16:30:00Z,114.6,114.805,114,114.315
2024-03-12T17:30:00Z,114.3,114.62,114.05,114.31
2024-03-12T18:30:00Z,114.36,114.52,113.79,114.09
2024-03-12T19:30:00Z,114.06,114.09,113.39,113.56
2024-03-13T13:30:00Z,113.78,114.31,110.66,111.29
2024-03-13T14:30:00Z,111.3,111.88,110.4,110.44
2024-03-13T15:30:00Z,110.45,110.55,109.62,109.68
2024-03-13T16:30:00Z,109.7,110.8,109.5,110.7
2024-03-13T17:30:00Z,110.73,110.73,109.95,110.08
2024-03-13T18:30:00Z,110.07,110.37,109.4,109.5
2024-03-13T19:30:00Z,109.47,110.06,109.34,110.01
2024-03-14T13:30:00Z,110.43,111.41,107.84,108
2024-03-14T14:30:00Z,108.03,108.11,105,105.84
2024-03-14T15:30:00Z,105.82,106.34,105.48,105.75
2024-03-14T16:30:00Z,105.76,106.62,105.68,106.58
2024-03-14T17:30:00Z,106.59,107.03,106.02,106.47
2024-03-14T18:30:00Z,106.49,106.51,105.3,105.69
2024-03-14T19:30:00Z,105.7,106.5,105.4,106.5
2024-03-15T13:30:00Z,107.51,108.97,105.64,108.21
2024-03-15T14:30:00Z,108.26,108.48,107.68,108.32
2024-03-15T15:30:00Z,108.3,108.34,107.66,107.95
2024-03-15T16:30:00Z,107.98,108.21,107.76,108.15
2024-03-15T17:30:00Z,108.15,108.45,107.89,108.15
2024-03-15T18:30:00Z,108.15,108.47,107.49,107.68
2024-03-15T19:30:00Z,107.71,107.84,106.93,106.98
2024-03-18T13:30:00Z,107.17,107.87,104.64,106.44
2024-03-18T14:30:00Z,106.55,107.15,105.54,105.73
2024-03-18T15:30:00Z,105.72,106.42,105.56,106.32
2024-03-18T16:30:00Z,106.3,106.71,105.98,106.69
2024-03-18T17:30:00Z,106.71,106.96,106.37,106.8
2024-03-18T18:30:00Z,106.78,106.99,106.47,106.97
2024-03-18T19:30:00Z,106.97,107.06,106.42,106.63
2024-03-19T13:30:00Z,107.02,108.19,105.08,106.83
2024-03-19T14:30:00Z,106.95,107.78,106.88,107.78
2024-03-19T15:30:00Z,107.75,108.05,107.25,107.95
2024-03-19T16:30:00Z,107.96,108.5,107.96,108.45
2024-03-19T17:30:00Z,108.47,108.86,108.3,108.62
2024-03-19T18:30:00Z,108.58,108.66,107.08,107.63
2024-03-19T19:30:00Z,107.62,107.97,107.34,107.53
2024-03-20T13:30:00Z,108,108.27,106.06,108.03
2024-03-20T14:30:00Z,107.95,108.42,107.73,108.32
2024-03-20T15:30:00Z,108.34,108.34,107.92,108.035
2024-03-20T16:30:00Z,108.01,108.13,107.96,108.1
2024-03-20T17:30:00Z,108.11,108.34,107.78,108.2
2024-03-20T18:30:00Z,108.25,110.29,107.92,110.15
2024-03-20T19:30:00Z,110.17,111.33,110.17,111.06
2024-03-21T13:30:00Z,113.18,114.62,112.27,113.78
2024-03-21T14:30:00Z,113.86,115.17,113.26,115.17
2024-03-21T15:30:00Z,115.15,115.76,114.64,114.96
2024-03-21T16:30:00Z,114.99,115.1,114.08,114.41
2024-03-21T17:30:00Z,114.41,114.49,112.93,113.19
2024-03-21T18:30:00Z,113.23,114.08,113.16,114.08
2024-03-21T19:30:00Z,114.09,114.42,113.93,114.02
2024-03-22T13:30:00Z,112.905,113.8,111.78,113.28
2024-03-22T14:30:00Z,113.3,113.77,112.55,112.9
2024-03-22T15:30:00Z,112.94,112.97,112.24,112.33
2024-03-22T16:30:00Z,112.33,113.12,112.17,112.775
2024-03-22T17:30:00Z,112.77,112.895,112.39,112.64
2024-03-22T18:30:00Z,112.65,112.69,112.1,112.21
2024-03-22T19:30:00Z,112.2,112.43,112.08,112.24
2024-03-25T13:30:00Z,111.21,114.18,110.35,113.95
2024-03-25T14:30:00Z,113.96,114.62,113.74,114.32
2024-03-25T15:30:00Z,114.31,114.8,113.79,114.02
2024-03-25T16:30:00Z,114.03,114.12,113.45,113.97
2024-03-25T17:30:00Z,113.96,114.11,113.89,113.96
2024-03-25T18:30:00Z,113.97,113.99,113.04,113.27
2024-03-25T19:30:00Z,113.25,113.35,112.61,112.99
2024-03-26T13:30:00Z,113.72,116.7,113.29,115.66
2024-03-26T14:30:00Z,115.7,116.85,114.86,116.55
2024-03-26T15:30:00Z,116.55,116.74,115.5,115.82
2024-03-26T16:30:00Z,115.83,115.94,115.3,115.94
2024-03-26T17:30:00Z,115.94,116.22,115.63,116.21
2024-03-26T18:30:00Z,116.25,116.4,115.18,115.18
2024-03-26T19:30:00Z,115.19,115.65,114.41,114.655
2024-03-27T13:30:00Z,113.92,115.02,110.95,111.69
2024-03-27T14:30:00Z,111.72,112.88,111.62,111.78
2024-03-27T15:30:00Z,111.78,111.97,111.14,111.83
2024-03-27T16:30:00Z,111.85,112.02,111.28,111.53
2024-03-27T17:30:00Z,111.52,112.25,111.25,111.99
2024-03-27T18:30:00Z,111.99,111.99,111.08,111.34
2024-03-27T19:30:00Z,111.34,111.81,111.27,111.69
2024-03-28T13:30:00Z,112.63,114.35,111.89,113.86
2024-03-28T14:30:00Z,113.8,114.22,113.67,114.09
2024-03-28T15:30:00Z,114.14,114.45,113.63,113.92
2024-03-28T16:30:00Z,113.9,114.1,113.74,113.94
2024-03-28T17:30:00Z,113.92,114.07,113.65,113.98
2024-03-28T18:30:00Z,113.96,114.16,113.66,113.92
2024-03-28T19:30:00Z,113.91,114.385,113.75,114.125
2024-04-01T14:30:00+01:00,114.55,118.1,114.25,117.72
2024-04-01T15:30:00+01:00,117.69,119.18,117.46,118.56
2024-04-01T16:30:00+01:00,118.54,118.77,117.6,118.67
2024-04-01T17:30:00+01:00,118.68,119.08,118.5,118.7
2024-04-01T18:30:00+01:00,118.71,118.71,118.08,118.6
2024-04-01T19:30:00+01:00,118.61,119.07,118.31,118.92
2024-04-01T20:30:00+01:00,118.91,119.71,118.74,119.69
2024-04-02T14:30:00+01:00,117.2,118.58,115.3,116.96
2024-04-02T15:30:00+01:00,116.91,117.59,115.99,116.84
2024-04-02T16:30:00+01:00,116.845,117.03,116.28,117.03
2024-04-02T17:30:00+01:00,117.04,117.5,116.98,117.3
2024-04-02T18:30:00+01:00,117.29,118.11,117.28,118.03
2024-04-02T19:30:00+01:00,118.02,118.19,117.73,117.83
2024-04-02T20:30:00+01:00,117.82,118.79,117.8,118.405
2024-04-03T14:30:00+01:00,118.21,122.29,117.65,122.29
2024-04-03T15:30:00+01:00,122.25,125.79,122.13,125.35
2024-04-03T16:30:00+01:00,125.4,126.23,124.68,126.2
2024-04-03T17:30:00+01:00,126.22,128.88,126,127.18
2024-04-03T18:30:00+01:00,127.19,129.42,126.93,129.3
2024-04-03T19:30:00+01:00,129.31,129.76,127.25,127.54
2024-04-03T20:30:00+01:00,127.56,128.79,127.45,128.65
2024-04-04T14:30:00+01:00,129.88,136.13,129.88,133.8
2024-04-04T15:30:00+01:00,133.79,134.54,130.63,131.4
2024-04-04T16:30:00+01:00,131.37,133.44,131.29,133.31
2024-04-04T17:30:00+01:00,133.31,133.72,132.15,132.67
2024-04-04T18:30:00+01:00,132.78,132.82,130.19,130.27
2024-04-04T19:30:00+01:00,130.25,130.56,127.15,127.4
2024-04-04T20:30:00+01:00,127.38,128.12,126.68,127.11
2024-04-05T14:30:00+01:00,128.03,128.52,123.55,125.86
2024-04-05T15:30:00+01:00,125.89,129.23,125.64,128.38
2024-04-05T16:30:00+01:00,128.38,130.13,128.34,130.13
2024-04-05T17:30:00+01:00,130.12,130.72,129.6,130.27
2024-04-05T18:30:00+01:00,130.3,130.64,129.44,130.1
2024-04-05T19:30:00+01:00,130.16,131.83,130.14,131.83
2024-04-05T20:30:00+01:00,131.84,132.92,131.76,132.69
2024-04-08T14:30:00+01:00,133.17,133.43,126.45,127.88
2024-04-08T15:30:00+01:00,127.9,128.51,127.15,127.54
2024-04-08T16:30:00+01:00,127.55,128.01,127.06,127.39
2024-04-08T17:30:00+01:00,127.37,127.49,125.83,126.53
2024-04-08T18:30:00+01:00,126.52,127.51,125.56,127.25
2024-04-08T19:30:00+01:00,127.26,127.66,126.75,127.39
2024-04-08T20:30:00+01:00,127.38,127.68,127.1,127.17
2024-04-09T14:30:00+01:00,126.43,126.75,122.91,123.04
2024-04-09T15:30:00+01:00,123.08,123.38,120.46,121.98
2024-04-09T16:30:00+01:00,122.02,123.6,121.7,123.09
2024-04-09T17:30:00+01:00,123.08,123.08,122.08,122.33
2024-04-09T18:30:00+01:00,122.31,123.25,122,122.97
2024-04-09T19:30:00+01:00,122.96,123.43,122.37,123.37
2024-04-09T20:30:00+01:00,123.35,123.84,122.91,123.73
2024-04-10T14:30:00+01:00,121.16,126.08,121.08,124.93
2024-04-10T15:30:00+01:00,125.02,125.72,123.83,124.72
2024-04-10T16:30:00+01:00,124.76,124.77,123.85,124.01
2024-04-10T17:30:00+01:00,124.06,124.53,123.31,124.04
2024-04-10T18:30:00+01:00,124.07,125.05,123.77,124.22
2024-04-10T19:30:00+01:00,124.2,124.51,123.49,123.83
2024-04-10T20:30:00+01:00,123.8,123.9,123.22,123.34
2024-04-11T14:30:00+01:00,124.39,125.77,123.25,124.42
2024-04-11T15:30:00+01:00,124.39,124.53,123.37,123.65
2024-04-11T16:30:00+01:00,123.67,124.33,123.6,124.03
2024-04-11T17:30:00+01:00,124.06,124.35,123.2,124.05
2024-04-11T18:30:00+01:00,124.06,124.77,123.38,124.5
2024-04-11T19:30:00+01:00,124.51,125,123.54,123.81
2024-04-11T20:30:00+01:00,123.8,124.45,123.7,124.06
2024-04-12T14:30:00+01:00,121.5,122,119.3,119.93
2024-04-12T15:30:00+01:00,119.97,120.2,118.57,119.45
2024-04-12T16:30:00+01:00,119.45,119.935,118.87,119.04
2024-04-12T17:30:00+01:00,119.02,119.05,117.73,118.25
2024-04-12T18:30:00+01:00,118.21,118.9,117.7,118.3
2024-04-12T19:30:00+01:00,118.28,118.55,117.87,118.24
2024-04-12T20:30:00+01:00,118.25,118.76,117.61,117.77
2024-04-15T14:30:00+01:00,119.11,122.5,118.9,120.76
2024-04-15T15:30:00+01:00,120.71,121.03,119.4,119.8
2024-04-15T16:30:00+01:00,119.82,121.11,119.73,120.31
2024-04-15T17:30:00+01:00,120.28,120.75,119.17,119.17
2024-04-15T18:30:00+01:00,119.17,119.19,118.22,118.48
2024-04-15T19:30:00+01:00,118.47,118.915,117.4,117.63
2024-04-15T20:30:00+01:00,117.69,117.88,117.28,117.79
2024-04-16T14:30:00+01:00,116.95,119.07,115.74,117.91
2024-04-16T15:30:00+01:00,117.86,119.32,117.85,119.09
2024-04-16T16:30:00+01:00,119.1,120.5,118.94,119.68
2024-04-16T17:30:00+01:00,119.68,120,119.06,119.15
2024-04-16T18:30:00+01:00,119.135,121.04,118.5,120.45
2024-04-16T19:30:00+01:00,120.42,121.74,120.42,121.62
2024-04-16T20:30:00+01:00,121.65,121.7,120.95,121.1
2024-04-17T14:30:00+01:00,122.75,123.67,119.87,120.72
2024-04-17T15:30:00+01:00,120.79,120.94,119.61,120.16
2024-04-17T16:30:00+01:00,120.18,120.18,118.65,119.13
2024-04-17T17:30:00+01:00,119.14,119.59,118.32,119.29
2024-04-17T18:30:00+01:00,119.47,120.64,119.46,120.38
2024-04-17T19:30:00+01:00,120.51,121.13,119.56,119.58
2024-04-17T20:30:00+01:00,119.57,120.3,119.46,119.6
2024-04-18T14:30:00+01:00,119.47,119.64,115.5,118.06
2024-04-18T15:30:00+01:00,118.04,119,117.86,118.3
2024-04-18T16:30:00+01:00,118.27,119.13,118.09,118.95
2024-04-18T17:30:00+01:00,118.93,119.06,117.19,117.79
2024-04-18T18:30:00+01:00,117.77,118.01,116.95,117.78
2024-04-18T19:30:00+01:00,117.79,118.1,117.42,117.6
2024-04-18T20:30:00+01:00,117.61,118.4,117.57,118.38
2024-04-19T14:30:00+01:00,116.28,119.12,115.3,116.46
2024-04-19T15:30:00+01:00,116.21,117.8,116.08,116.94
2024-04-19T16:30:00+01:00,116.97,117.3,115.07,115.07
2024-04-19T17:30:00+01:00,115.07,116.23,114.81,115.42
2024-04-19T18:30:00+01:00,115.47,116.33,115.03,115.03
2024-04-19T19:30:00+01:00,115.08,115.6,114.6,115.295
2024-04-19T20:30:00+01:00,115.33,115.39,114.3,114.75
2024-04-22T14:30:00+01:00,115.03,118.32,115.03,115.8
2024-04-22T15:30:00+01:00,115.64,116.19,114.46,114.71
2024-04-22T16:30:00+01:00,114.7,115.05,114.25,114.62
2024-04-22T17:30:00+01:00,114.69,115.12,114.35,115.02
2024-04-22T18:30:00+01:00,115.08,117.21,115,116.99
2024-04-22T19:30:00+01:00,117.02,117.41,116.66,116.93
2024-04-22T20:30:00+01:00,116.84,116.87,115.5,115.53
2024-04-23T14:30:00+01:00,116.41,120.5,115.7,120.29
2024-04-23T15:30:00+01:00,120.3,120.93,119.16,119.73
2024-04-23T16:30:00+01:00,119.72,119.95,119.11,119.16
2024-04-23T17:30:00+01:00,119.18,119.5,118.52,118.63
2024-04-23T18:30:00+01:00,118.71,120.04,118.63,119.96
2024-04-23T19:30:00+01:00,119.9,120.86,119.66,120.8
2024-04-23T20:30:00+01:00,120.77,121.07,120.36,120.65
2024-04-24T14:30:00+01:00,125.8,126.16,121.1,121.21
2024-04-24T15:30:00+01:00,121.29,121.68,120.03,120.75
2024-04-24T16:30:00+01:00,120.82,121.2,119.44,119.88
2024-04-24T17:30:00+01:00,119.85,121.32,119.31,121.32
2024-04-24T18:30:00+01:00,121.28,121.68,120.49,120.51
2024-04-24T19:30:00+01:00,120.46,120.5,119.83,120.34
2024-04-24T20:30:00+01:00,120.29,120.33,119.57,120.2
2024-04-25T14:30:00+01:00,118.29,121.81,116.98,121.31
2024-04-25T15:30:00+01:00,121.27,122.04,120.57,122.04
2024-04-25T16:30:00+01:00,122.04,124.23,121.73,124.18
2024-04-25T17:30:00+01:00,124.19,124.4,123.31,124.34
2024-04-25T18:30:00+01:00,124.36,125.14,124.11,124.38
2024-04-25T19:30:00+01:00,124.27,125.26,123.79,125.04
2024-04-25T20:30:00+01:00,125.05,125.2,124.42,124.92
2024-04-26T14:30:00+01:00,125.79,126.54,123.05,125.67
2024-04-26T15:30:00+01:00,125.715,126.18,124.06,124.62
2024-04-26T16:30:00+01:00,124.65,125.16,124.17,125.14
2024-04-26T17:30:00+01:00,125.16,125.35,124.685,125.22
2024-04-26T18:30:00+01:00,125.27,125.62,125.07,125.22
2024-04-26T19:30:00+01:00,125.17,125.34,124.61,124.94
2024-04-26T20:30:00+01:00,124.94,125.47,124.88,125.03
2024-04-29T14:30:00+01:00,125.1,127.37,123.29,126.22
2024-04-29T15:30:00+01:00,126.24,127.01,126.05,126.1
2024-04-29T16:30:00+01:00,126.03,126.03,125.48,125.79
2024-04-29T17:30:00+01:00,125.88,126.95,125.72,126.95
2024-04-29T18:30:00+01:00,126.96,127.35,126.58,127.19
2024-04-29T19:30:00+01:00,127.21,127.275,126.06,126.72
2024-04-29T20:30:00+01:00,126.73,127.71,126.59,127.71
2024-04-30T14:30:00+01:00,126.73,126.92,125.1,125.63
2024-04-30T15:30:00+01:00,125.59,126.38,124.87,125.12
2024-04-30T16:30:00+01:00,125.09,125.29,124.38,125.07
2024-04-30T17:30:00+01:00,124.99,124.99,123.98,124.22
2024-04-30T18:30:00+01:00,124.16,124.93,124.04,124.44
2024-04-30T19:30:00+01:00,124.48,125.92,124.38,125.87
2024-04-30T20:30:00+01:00,125.87,125.87,124.56,124.56
2024-05-01T14:30:00+01:00,122.92,124.14,119.66,120
2024-05-01T15:30:00+01:00,119.96,120.96,118.35,118.45
2024-05-01T16:30:00+01:00,118.45,119.2,117.43,118.68
2024-05-01T17:30:00+01:00,118.7,118.98,117.82,118.86
2024-05-01T18:30:00+01:00,118.86,120.305,118.68,120.25
2024-05-01T19:30:00+01:00,120.25,122.16,119.12,120.69
2024-05-01T20:30:00+01:00,120.63,120.63,118.71,118.75
2024-05-02T14:30:00+01:00,121.49,122.22,118.37,120.23
2024-05-02T15:30:00+01:00,120.36,122,120.24,121.22
2024-05-02T16:30:00+01:00,121.24,122.22,120.98,122.21
2024-05-02T17:30:00+01:00,122.16,123.02,121.69,122.97
2024-05-02T18:30:00+01:00,123.03,123.28,122.36,123.155
2024-05-02T19:30:00+01:00,123.15,123.91,122.99,123.19
2024-05-02T20:30:00+01:00,123.19,123.48,122.63,123.44
2024-05-03T14:30:00+01:00,125.71,127.57,124.94,126.03
2024-05-03T15:30:00+01:00,126.17,126.47,124.78,125.55
2024-05-03T16:30:00+01:00,125.55,127,125.44,126.97
2024-05-03T17:30:00+01:00,126.99,127.15,126.56,126.62
2024-05-03T18:30:00+01:00,126.65,126.91,126.43,126.49
2024-05-03T19:30:00+01:00,126.47,126.63,125.69,125.7
2024-05-03T20:30:00+01:00,125.69,125.72,124.75,125.1
2024-05-06T14:30:00+01:00,125.1,128.83,124.35,128.5
2024-05-06T15:30:00+01:00,128.55,128.55,127.02,127.555
2024-05-06T16:30:00+01:00,127.59,128.44,127.51,128.14
2024-05-06T17:30:00+01:00,128.19,128.3,127.51,127.81
2024-05-06T18:30:00+01:00,127.81,128.05,127.58,128.02
2024-05-06T19:30:00+01:00,128.03,128.24,127.8,128.12
2024-05-06T20:30:00+01:00,128.16,129.38,127.98,129.37
2024-05-07T14:30:00+01:00,128.255,129.61,127.27,129.19
2024-05-07T15:30:00+01:00,129.16,129.49,128.7,128.87
2024-05-07T16:30:00+01:00,128.83,129.3,128.61,128.91
2024-05-07T17:30:00+01:00,128.96,129.45,128.74,129.39
2024-05-07T18:30:00+01:00,129.44,129.55,126.75,127.04
2024-05-07T19:30:00+01:00,127,127.09,126.26,126.74
2024-05-07T20:30:00+01:00,126.7,127.82,126.55,127.55
2024-05-08T14:30:00+01:00,127.28,131.77,126.01,131.47
2024-05-08T15:30:00+01:00,131.49,131.84,130.25,130.6
2024-05-08T16:30:00+01:00,130.51,130.52,129.71,129.78
2024-05-08T17:30:00+01:00,129.73,130.35,129.64,129.97
2024-05-08T18:30:00+01:00,129.95,130.5,129.75,129.89
2024-05-08T19:30:00+01:00,129.92,130.925,129.8,130.9
2024-05-08T20:30:00+01:00,130.93,131.88,130.8,131.75
2024-05-09T14:30:00+01:00,131.3,132.25,129.29,130.11
2024-05-09T15:30:00+01:00,130.13,131.24,129.85,131.2
2024-05-09T16:30:00+01:00,131.24,132.03,130.8,131.98
2024-05-09T17:30:00+01:00,131.95,132.265,131.46,131.66
2024-05-09T18:30:00+01:00,131.64,131.64,130.9,131.46
2024-05-09T19:30:00+01:00,131.47,131.67,131.25,131.49
2024-05-09T20:30:00+01:00,131.47,132.325,131.47,131.74
2024-05-10T14:30:00+01:00,134,134.59,131.8,132.44
2024-05-10T15:30:00+01:00,132.54,133.42,132.27,132.68
2024-05-10T16:30:00+01:00,132.69,132.8,132.07,132.44
2024-05-10T17:30:00+01:00,132.45,132.56,131.6,131.72
2024-05-10T18:30:00+01:00,131.71,131.97,131.57,131.77
2024-05-10T19:30:00+01:00,131.74,132.06,131.42,132.06
2024-05-10T20:30:00+01:00,132.1,132.95,131.94,132.76
2024-05-13T14:30:00+01:00,133.575,134.9,131.81,131.99
2024-05-13T15:30:00+01:00,131.95,132.72,131.33,132.38
2024-05-13T16:30:00+01:00,132.365,133.31,132.2,132.6
2024-05-13T17:30:00+01:00,132.63,132.8,131.47,131.8
2024-05-13T18:30:00+01:00,131.85,131.85,131.22,131.73
2024-05-13T19:30:00+01:00,131.67,131.85,130.92,130.95
2024-05-13T20:30:00+01:00,130.96,131.34,130.67,131.04
2024-05-14T14:30:00+01:00,129.49,132.86,128.6,132.4
2024-05-14T15:30:00+01:00,132.37,133.3,131.24,133.12
2024-05-14T16:30:00+01:00,133.08,133.22,132.49,132.96
2024-05-14T17:30:00+01:00,132.96,133.32,132.81,133.04
2024-05-14T18:30:00+01:00,133.06,133.93,132.92,133.775
2024-05-14T19:30:00+01:00,133.76,134.64,133.62,134.64
2024-05-14T20:30:00+01:00,134.59,134.7,133.765,134.04
2024-05-15T14:30:00+01:00,139.94,144.17,138.66,143.84
2024-05-15T15:30:00+01:00,143.9,145.97,143.4,145.36
2024-05-15T16:30:00+01:00,145.36,146.32,144.84,146.12
2024-05-15T17:30:00+01:00,146.14,147.34,145.64,146.3
2024-05-15T18:30:00+01:00,146.25,146.97,145.34,146.74
2024-05-15T19:30:00+01:00,146.77,149.29,146.48,149.29
2024-05-15T20:30:00+01:00,149.27,150.25,148.88,149.11
2024-05-16T14:30:00+01:00,150.73,150.84,143.5,145.87
2024-05-16T15:30:00+01:00,145.92,147.38,145.54,147.35
2024-05-16T16:30:00+01:00,147.38,147.57,146.39,146.84
2024-05-16T17:30:00+01:00,146.75,147.65,146.41,146.51
2024-05-16T18:30:00+01:00,146.6,147.58,146.56,147.31
2024-05-16T19:30:00+01:00,147.32,147.86,146.79,146.79
2024-05-16T20:30:00+01:00,146.78,146.93,145.65,146.28
2024-05-17T14:30:00+01:00,148.33,150.25,146.84,148.09
2024-05-17T15:30:00+01:00,148.15,148.5,147.12,147.73
2024-05-17T16:30:00+01:00,147.8,148.25,147.53,147.65
2024-05-17T17:30:00+01:00,147.65,148.15,147.04,147.19
2024-05-17T18:30:00+01:00,147.26,147.36,146.11,146.16
2024-05-17T19:30:00+01:00,146.14,147.68,145.9,147.6
2024-05-17T20:30:00+01:00,147.6,149.54,147.58,149.54
2024-05-20T14:30:00+01:00,150.89,154.54,148.45,148.93
2024-05-20T15:30:00+01:00,148.91,149.1,147.6,148.31
2024-05-20T16:30:00+01:00,148.48,149.1,147.7,148.94
2024-05-20T17:30:00+01:00,148.92,150.34,147.68,147.75
2024-05-20T18:30:00+01:00,147.69,148.1,145.5,146.41
2024-05-20T19:30:00+01:00,146.48,147.69,145.31,145.49
2024-05-20T20:30:00+01:00,145.53,146.06,145.02,145.47
2024-05-21T14:30:00+01:00,145.07,147.61,144.1,147.45
2024-05-21T15:30:00+01:00,147.51,149.18,147.28,149.11
2024-05-21T16:30:00+01:00,149.15,149.76,148.55,149.68
2024-05-21T17:30:00+01:00,149.76,149.85,148.01,148.13
2024-05-21T18:30:00+01:00,148.12,148.3,147.24,147.44
2024-05-21T19:30:00+01:00,147.43,147.89,147,147.65
2024-05-21T20:30:00+01:00,147.63,148.12,147.18,147.29
2024-05-22T14:30:00+01:00,147.98,147.98,146.18,147
2024-05-22T15:30:00+01:00,147,147.93,146.82,147.75
2024-05-22T16:30:00+01:00,147.8,148.94,147.52,148.6
2024-05-22T17:30:00+01:00,148.55,148.7,148.05,148.67
2024-05-22T18:30:00+01:00,148.65,148.78,146.02,146.03
2024-05-22T19:30:00+01:00,146,147.25,145.86,147.25
2024-05-22T20:30:00+01:00,147.28,148.27,147.25,147.77
2024-05-23T14:30:00+01:00,159.43,162.69,156.59,158
2024-05-23T15:30:00+01:00,158.08,158.2,153.47,158.2
2024-05-23T16:30:00+01:00,158.14,158.55,156.8,158.41
2024-05-23T17:30:00+01:00,158.39,158.88,155.55,155.79
2024-05-23T18:30:00+01:00,155.71,155.73,151.44,151.58
2024-05-23T19:30:00+01:00,151.51,151.97,150.16,151.12
2024-05-23T20:30:00+01:00,151.15,154.15,151.08,153.62
2024-05-24T14:30:00+01:00,156.01,166.73,154.61,166.15
2024-05-24T15:30:00+01:00,166.15,166.77,163.29,163.63
2024-05-24T16:30:00+01:00,163.62,164.55,162.78,164.28
2024-05-24T17:30:00+01:00,164.35,164.42,161.7,161.7
2024-05-24T18:30:00+01:00,161.69,162.35,161.31,161.93
2024-05-24T19:30:00+01:00,161.97,162.12,159.66,160.22
2024-05-24T20:30:00+01:00,160.17,161.43,160.1,160.19
2024-05-28T14:30:00+01:00,168.78,169.57,161.02,166.09
2024-05-28T15:30:00+01:00,166.05,167.7,165.25,167.41
2024-05-28T16:30:00+01:00,167.46,169.67,167.06,168.74
2024-05-28T17:30:00+01:00,168.75,169.29,166.6,167.98
2024-05-28T18:30:00+01:00,167.96,168.1,165.29,165.48
2024-05-28T19:30:00+01:00,165.44,166.18,164.15,165.56
2024-05-28T20:30:00+01:00,165.56,166.36,164.59,166.2
2024-05-29T14:30:00+01:00,165.99,171.76,164.3,170.04
2024-05-29T15:30:00+01:00,170.14,170.55,168.1,169.03
2024-05-29T16:30:00+01:00,169.02,171.47,168.46,171.34
2024-05-29T17:30:00+01:00,171.28,172.55,170.84,171.46
2024-05-29T18:30:00+01:00,171.44,173.35,170.1,172.58
2024-05-29T19:30:00+01:00,172.56,176.79,172.17,176.33
2024-05-29T20:30:00+01:00,176.33,179.7,175.94,179.3
2024-05-30T14:30:00+01:00,178.71,178.98,165.68,169.96
2024-05-30T15:30:00+01:00,169.88,170.52,165.11,167.86
2024-05-30T16:30:00+01:00,167.82,171.33,167.4,171.33
2024-05-30T17:30:00+01:00,171.26,173.62,169.71,170.41
2024-05-30T18:30:00+01:00,170.46,172.52,170.37,171.57
2024-05-30T19:30:00+01:00,171.61,172.49,168.09,168.93
2024-05-30T20:30:00+01:00,168.96,171.03,167.87,169.98
2024-05-31T14:30:00+01:00,143.83,144.72,135.3,135.6
2024-05-31T15:30:00+01:00,135.59,135.95,131.85,132.55
2024-05-31T16:30:00+01:00,132.45,133.37,131.01,131.4
2024-05-31T17:30:00+01:00,131.37,137.34,131.32,136.64
2024-05-31T18:30:00+01:00,136.66,139.6,136.17,139.43
2024-05-31T19:30:00+01:00,139.44,141.33,138.54,140.24
2024-05-31T20:30:00+01:00,140.2,140.6,137.65,139.7
2024-06-03T14:30:00+01:00,140.53,140.54,131,132.44
2024-06-03T15:30:00+01:00,132.33,132.75,128.6,132.01
2024-06-03T16:30:00+01:00,132.02,136.89,131.19,132.64
2024-06-03T17:30:00+01:00,132.665,134.15,131.33,133.455
2024-06-03T18:30:00+01:00,133.43,134.13,131.3,132.1
2024-06-03T19:30:00+01:00,132.11,133.155,131.42,132.1
2024-06-03T20:30:00+01:00,132.1,132.72,131.18,132.02
2024-06-04T14:30:00+01:00,132.19,138.96,131.95,137.57
2024-06-04T15:30:00+01:00,137.52,137.72,135.05,135.42
2024-06-04T16:30:00+01:00,135.34,135.94,134.3,134.67
2024-06-04T17:30:00+01:00,134.67,135.65,134.05,135.44
2024-06-04T18:30:00+01:00,135.49,136.39,134.64,136.27
2024-06-04T19:30:00+01:00,136.26,136.32,134.92,135.77
2024-06-04T20:30:00+01:00,135.77,136.86,135.19,135.75
2024-06-05T14:30:00+01:00,135.25,136.52,132.96,134.66
2024-06-05T15:30:00+01:00,134.7,136.1,133.95,134.13
2024-06-05T16:30:00+01:00,134.11,139.2,134.11,138.07
2024-06-05T17:30:00+01:00,138.1,139.37,136.9,137.25
2024-06-05T18:30:00+01:00,137.23,137.85,136.28,136.545
2024-06-05T19:30:00+01:00,136.545,138.15,136.34,137.95
2024-06-05T20:30:00+01:00,137.94,138.17,137.13,137.73
2024-06-06T14:30:00+01:00,136.28,136.7,132.49,133.55
2024-06-06T15:30:00+01:00,133.53,134.48,132.97,133.66
2024-06-06T16:30:00+01:00,133.63,133.78,132.64,132.99
2024-06-06T17:30:00+01:00,133.02,133.75,132.17,133.68
2024-06-06T18:30:00+01:00,133.68,134.05,132.77,133.15
2024-06-06T19:30:00+01:00,133.14,133.46,132.59,132.93
2024-06-06T20:30:00+01:00,132.9,134.02,132.88,133.99
2024-06-07T14:30:00+01:00,131.59,134.05,131.5,132.8
2024-06-07T15:30:00+01:00,132.905,133.14,130.31,130.51
2024-06-07T16:30:00+01:00,130.57,131.37,130.5,131.2
2024-06-07T17:30:00+01:00,131.25,131.87,130.44,130.71
2024-06-07T18:30:00+01:00,130.74,130.86,128.25,128.47
2024-06-07T19:30:00+01:00,128.5,129.55,127.59,129.41
2024-06-07T20:30:00+01:00,129.43,130.62,129.25,129.94
2024-06-10T14:30:00+01:00,129,134.27,128.36,133.96
2024-06-10T15:30:00+01:00,133.93,135.46,133.74,134.54
2024-06-10T16:30:00+01:00,134.54,134.8,132.85,133.21
2024-06-10T17:30:00+01:00,133.2,133.53,132.57,132.57
2024-06-10T18:30:00+01:00,132.58,133.43,131.9,132.03
2024-06-10T19:30:00+01:00,132.01,132.97,131.8,132.68
2024-06-10T20:30:00+01:00,132.69,132.95,132.2,132.56
2024-06-11T14:30:00+01:00,131.5,134.29,130.03,133.79
2024-06-11T15:30:00+01:00,133.845,134.84,132.19,132.43
2024-06-11T16:30:00+01:00,132.44,132.655,131,131.78
2024-06-11T17:30:00+01:00,131.75,132.74,131.7,132.25
2024-06-11T18:30:00+01:00,132.27,133.45,132.27,133.44
2024-06-11T19:30:00+01:00,133.43,133.55,132.26,132.32
2024-06-11T20:30:00+01:00,132.33,132.45,131.44,131.68
2024-06-12T14:30:00+01:00,132.3,132.93,130.1,132.79
2024-06-12T15:30:00+01:00,132.8,132.94,131.24,131.35
2024-06-12T16:30:00+01:00,131.34,132.47,131.16,131.76
2024-06-12T17:30:00+01:00,131.73,132.42,131.73,132.175
2024-06-12T18:30:00+01:00,132.16,132.57,131.35,131.69
2024-06-12T19:30:00+01:00,131.69,132.3,130.89,131.09
2024-06-12T20:30:00+01:00,131,131.97,130.77,131.79
2024-06-13T14:30:00+01:00,131.92,135.22,131.92,133.64
2024-06-13T15:30:00+01:00,133.62,135.92,133.34,135.18
2024-06-13T16:30:00+01:00,135.19,135.42,133.38,133.6
2024-06-13T17:30:00+01:00,133.55,135.38,133.35,135.3
2024-06-13T18:30:00+01:00,135.35,135.95,134.89,135.48
2024-06-13T19:30:00+01:00,135.47,136.19,135,135.58
2024-06-13T20:30:00+01:00,135.6,135.6,134.28,134.98
2024-06-14T14:30:00+01:00,133.53,135.53,133.43,134.9
2024-06-14T15:30:00+01:00,134.88,135.04,132.78,133.16
2024-06-14T16:30:00+01:00,133.14,133.19,131.36,132.71
2024-06-14T17:30:00+01:00,132.82,133.01,131.6,131.91
2024-06-14T18:30:00+01:00,131.935,133.11,131.29,133.05
2024-06-14T19:30:00+01:00,133.05,134.17,132.87,134.14
2024-06-14T20:30:00+01:00,134.11,135,133.68,134.92
2024-06-17T14:30:00+01:00,137.32,141.32,137.07,138.94
2024-06-17T15:30:00+01:00,138.9,143.89,138.65,143.72
2024-06-17T16:30:00+01:00,143.75,144.04,139.99,141.79
2024-06-17T17:30:00+01:00,141.77,142.77,141.12,141.28
2024-06-17T18:30:00+01:00,141.29,143.72,141.04,143.45
2024-06-17T19:30:00+01:00,143.47,144.75,143.32,143.58
2024-06-17T20:30:00+01:00,143.54,143.56,141.95,142.02
2024-06-18T14:30:00+01:00,143.59,152.4,143.3,152.08
2024-06-18T15:30:00+01:00,152.08,153.25,149.29,151.69
2024-06-18T16:30:00+01:00,151.65,153.04,150.72,152.44
2024-06-18T17:30:00+01:00,152.45,154.15,152.22,153.4
2024-06-18T18:30:00+01:00,153.43,153.8,150.53,150.63
2024-06-18T19:30:00+01:00,150.66,151.09,148.61,149.46
2024-06-18T20:30:00+01:00,149.42,149.96,148.54,149.245
2024-06-20T14:30:00+01:00,156.49,161.52,149.07,152.24
2024-06-20T15:30:00+01:00,152.2,154.6,149.72,152
2024-06-20T16:30:00+01:00,152.17,153.87,148.18,148.44
2024-06-20T17:30:00+01:00,148.45,150.88,146.22,146.41
2024-06-20T18:30:00+01:00,146.39,149.68,145.04,149.4
2024-06-20T19:30:00+01:00,149.37,149.64,147.24,148.8
2024-06-20T20:30:00+01:00,148.77,149.28,148.35,148.61
2024-06-21T14:30:00+01:00,145.8,146.81,140.69,143.25
2024-06-21T15:30:00+01:00,143.37,146.98,142.3,145.9
2024-06-21T16:30:00+01:00,145.93,147.19,145.13,146.18
2024-06-21T17:30:00+01:00,146.14,146.42,144.6,144.6
2024-06-21T18:30:00+01:00,144.68,144.71,143.38,144.49
2024-06-21T19:30:00+01:00,144.44,145.42,144,145.09
2024-06-21T20:30:00+01:00,145.1,145.79,144.9,145.22
2024-06-24T14:30:00+01:00,143.67,143.67,139.09,140.16
2024-06-24T15:30:00+01:00,140.14,140.74,137.57,139.67
2024-06-24T16:30:00+01:00,139.69,140.65,139.06,140.11
2024-06-24T17:30:00+01:00,140.11,141.1,139.15,139.33
2024-06-24T18:30:00+01:00,139.3,140.13,138.54,138.66
2024-06-24T19:30:00+01:00,138.64,139.56,137.69,139.39
2024-06-24T20:30:00+01:00,139.38,139.54,137.56,137.57
2024-06-25T14:30:00+01:00,139.38,141.1,137.62,140.64
2024-06-25T15:30:00+01:00,140.7,141.07,139.95,140.75
2024-06-25T16:30:00+01:00,140.74,141.75,139.83,140.15
2024-06-25T17:30:00+01:00,140.13,140.4,139.18,140.12
2024-06-25T18:30:00+01:00,140.12,140.8,139.87,140.79
2024-06-25T19:30:00+01:00,140.75,140.77,140.01,140.39
2024-06-25T20:30:00+01:00,140.34,140.75,140.03,140.42
2024-06-26T14:30:00+01:00,139.17,141.32,137.88,140.02
2024-06-26T15:30:00+01:00,139.94,140.35,138.22,138.22
2024-06-26T16:30:00+01:00,138.2,138.75,135.35,135.95
2024-06-26T17:30:00+01:00,135.97,136.67,135.1,136.67
2024-06-26T18:30:00+01:00,136.63,138.15,136.43,137.44
2024-06-26T19:30:00+01:00,137.41,138.28,137.17,138.18
2024-06-26T20:30:00+01:00,138.16,138.41,137.82,138.22
2024-06-27T14:30:00+01:00,137.79,141.83,137.68,140.05
2024-06-27T15:30:00+01:00,139.98,140.35,138.85,139.07
2024-06-27T16:30:00+01:00,139.03,139.16,137.9,138.24
2024-06-27T17:30:00+01:00,138.25,139.43,137.95,139.2
2024-06-27T18:30:00+01:00,139.23,140.15,138.94,139.95
2024-06-27T19:30:00+01:00,139.98,140.83,139.95,140.4
2024-06-27T20:30:00+01:00,140.35,140.35,138.71,139.45
2024-06-28T14:30:00+01:00,139.53,141.77,138.74,139.69
2024-06-28T15:30:00+01:00,139.6,139.9,138.13,138.88
2024-06-28T16:30:00+01:00,138.88,139.22,136.7,137.36
2024-06-28T17:30:00+01:00,137.37,137.86,136.21,137.39
2024-06-28T18:30:00+01:00,137.34,137.54,136.6,136.95
2024-06-28T19:30:00+01:00,136.92,137.89,136.89,137.45
2024-06-28T20:30:00+01:00,137.44,138.49,136.68,137.82
2024-07-01T14:30:00+01:00,137.5,138.32,133.63,137.6
2024-07-01T15:30:00+01:00,137.68,141.23,137.41,141.23
2024-07-01T16:30:00+01:00,141.2,141.88,140.6,140.9
2024-07-01T17:30:00+01:00,140.92,142.13,140.63,142.01
2024-07-01T18:30:00+01:00,141.97,143.19,141.73,142.8
2024-07-01T19:30:00+01:00,142.79,144.64,142.51,143.44
2024-07-01T20:30:00+01:00,143.39,143.59,142.53,142.82
2024-07-02T14:30:00+01:00,140.2,142.68,139.92,141.21
2024-07-02T15:30:00+01:00,141.165,142.28,140.28,141.47
2024-07-02T16:30:00+01:00,141.44,141.56,140.41,140.7
2024-07-02T17:30:00+01:00,140.76,141.69,140.56,141.5
2024-07-02T18:30:00+01:00,141.5,141.9,141.09,141.9
2024-07-02T19:30:00+01:00,141.87,142.96,141.67,142.96
2024-07-02T20:30:00+01:00,142.93,143.54,142.67,143.5
2024-07-03T14:30:00+01:00,147.62,149.47,142.1,143.67
2024-07-03T15:30:00+01:00,143.73,144.95,142.28,142.83
2024-07-03T16:30:00+01:00,142.84,143.05,140.57,142.5
2024-07-03T17:30:00+01:00,142.43,142.56,140.75,142.56
2024-07-05T14:30:00+01:00,142.37,142.75,139.32,140.03
2024-07-05T15:30:00+01:00,140.1,140.1,138.31,139.38
2024-07-05T16:30:00+01:00,139.39,140.07,138.69,139.965
2024-07-05T17:30:00+01:00,139.96,139.96,138.48,139.36
2024-07-05T18:30:00+01:00,139.35,139.6,139,139.36
2024-07-05T19:30:00+01:00,139.36,139.75,138.57,139
2024-07-05T20:30:00+01:00,139.01,139.36,138.7,138.96
2024-07-08T14:30:00+01:00,139.88,144.62,139.2,141.9
2024-07-08T15:30:00+01:00,141.95,144.8,141.8,144.61
2024-07-08T16:30:00+01:00,144.61,144.8,142.52,142.93
2024-07-08T17:30:00+01:00,142.88,145.7,142.75,145.62
2024-07-08T18:30:00+01:00,145.66,147.07,145.54,147.04
2024-07-08T19:30:00+01:00,147,147.12,146.16,146.42
2024-07-08T20:30:00+01:00,146.38,146.47,145,145.94
2024-07-09T14:30:00+01:00,146.15,150.23,145.19,145.9
2024-07-09T15:30:00+01:00,145.84,147.18,145.42,146.54
2024-07-09T16:30:00+01:00,146.51,147.65,146.21,147.23
2024-07-09T17:30:00+01:00,147.21,147.55,143.85,145.65
2024-07-09T18:30:00+01:00,145.59,146.19,145.25,145.35
2024-07-09T19:30:00+01:00,145.42,145.96,145.18,145.3
2024-07-09T20:30:00+01:00,145.29,146.1,145.17,145.74
2024-07-10T14:30:00+01:00,146.08,146.27,141.88,144.4
2024-07-10T15:30:00+01:00,144.35,144.74,143.5,144.62
2024-07-10T16:30:00+01:00,144.7,145.33,144.34,145.25
2024-07-10T17:30:00+01:00,145.22,145.52,144.53,144.99
2024-07-10T18:30:00+01:00,145.06,145.74,144.78,145.7
2024-07-10T19:30:00+01:00,145.72,147.23,145.59,146.76
2024-07-10T20:30:00+01:00,146.76,146.86,145.58,145.73
2024-07-11T14:30:00+01:00,145.62,146.22,140.88,142.21
2024-07-11T15:30:00+01:00,142.29,143.39,140.57,140.57
2024-07-11T16:30:00+01:00,140.58,140.96,139.42,140.91
2024-07-11T17:30:00+01:00,140.89,141.07,139.65,140.26
2024-07-11T18:30:00+01:00,140.22,140.7,139.78,140.46
2024-07-11T19:30:00+01:00,140.45,141.67,140.37,140.83
2024-07-11T20:30:00+01:00,140.91,141.65,140.66,140.74
2024-07-12T14:30:00+01:00,139.21,141.51,137.51,140
2024-07-12T15:30:00+01:00,140.06,141.52,139.96,140.86
2024-07-12T16:30:00+01:00,140.86,141.23,139.79,140.02
2024-07-12T17:30:00+01:00,139.95,140.26,139.4,140.24
2024-07-12T18:30:00+01:00,140.17,140.8,139.84,140.275
2024-07-12T19:30:00+01:00,140.23,140.67,139.89,140.26
2024-07-12T20:30:00+01:00,140.22,140.29,139.05,139.565
2024-07-15T14:30:00+01:00,140.79,141.09,138.11,138.48
2024-07-15T15:30:00+01:00,138.47,139.41,138.29,138.875
2024-07-15T16:30:00+01:00,138.95,139.49,138.28,138.83
2024-07-15T17:30:00+01:00,138.89,139.1,137.88,138.14
2024-07-15T18:30:00+01:00,138.07,138.15,136.61,137.11
2024-07-15T19:30:00+01:00,137.08,137.79,136.53,137.79
2024-07-15T20:30:00+01:00,137.76,137.88,136.72,137.27
2024-07-16T14:30:00+01:00,137.59,137.79,132.4,134.11
2024-07-16T15:30:00+01:00,134.1,134.54,132.91,133.77
2024-07-16T16:30:00+01:00,133.89,134.9,133.52,134.65
2024-07-16T17:30:00+01:00,134.7,135.3,134.2,134.46
2024-07-16T18:30:00+01:00,134.46,134.98,134.14,134.78
2024-07-16T19:30:00+01:00,134.75,135.55,134.53,134.96
2024-07-16T20:30:00+01:00,134.93,134.94,134.14,134.3
2024-07-17T14:30:00+01:00,128.1,129.75,125.4,126
2024-07-17T15:30:00+01:00,126.01,128.07,125.89,127.02
2024-07-17T16:30:00+01:00,127.03,127.425,125.67,125.9
2024-07-17T17:30:00+01:00,125.9,126.06,124.84,125.11
2024-07-17T18:30:00+01:00,125.11,125.85,124.71,124.9
2024-07-17T19:30:00+01:00,124.89,126.23,124.66,125.9
2024-07-17T20:30:00+01:00,125.88,126.22,125.055,125.19
2024-07-18T14:30:00+01:00,126.51,126.62,123,124.45
2024-07-18T15:30:00+01:00,124.37,124.37,122.05,122.3
2024-07-18T16:30:00+01:00,122.27,123.45,122.04,123.2
2024-07-18T17:30:00+01:00,123.22,124.25,122.88,123.12
2024-07-18T18:30:00+01:00,123.15,123.9,122.91,123.55
2024-07-18T19:30:00+01:00,123.55,124.35,123.12,123.56
2024-07-18T20:30:00+01:00,123.5,125.85,123.5,125.355
2024-07-19T14:30:00+01:00,125.34,127.87,124.27,126.76
2024-07-19T15:30:00+01:00,126.84,127.41,126.2,126.45
2024-07-19T16:30:00+01:00,126.45,127.15,125.52,126.05
2024-07-19T17:30:00+01:00,126.1,126.25,125.1,125.25
2024-07-19T18:30:00+01:00,125.18,125.42,124.87,124.88
2024-07-19T19:30:00+01:00,124.86,126.52,124.75,126.16
2024-07-19T20:30:00+01:00,126.08,126.16,125.13,125.78
2024-07-22T14:30:00+01:00,128.225,129.55,127.1,129
2024-07-22T15:30:00+01:00,129.1,129.6,128.27,128.27
2024-07-22T16:30:00+01:00,128.27,129.24,128.09,129.11
2024-07-22T17:30:00+01:00,129.12,129.85,129,129.64
2024-07-22T18:30:00+01:00,129.67,129.85,129.17,129.17
2024-07-22T19:30:00+01:00,129.15,129.32,128.52,128.66
2024-07-22T20:30:00+01:00,128.64,128.89,128.24,128.75
2024-07-23T14:30:00+01:00,127.75,128.15,125.33,127.84
2024-07-23T15:30:00+01:00,127.83,127.87,126.48,127.28
2024-07-23T16:30:00+01:00,127.3,127.9,127.03,127.39
2024-07-23T17:30:00+01:00,127.3,127.765,126.84,127.35
2024-07-23T18:30:00+01:00,127.31,127.43,126.74,126.88
2024-07-23T19:30:00+01:00,126.88,127.55,126.75,127.09
2024-07-23T20:30:00+01:00,127.06,127.28,125.6,125.85
2024-07-24T14:30:00+01:00,123.45,123.5,119.98,121.05
2024-07-24T15:30:00+01:00,121.095,121.095,117.9,118.46
2024-07-24T16:30:00+01:00,118.48,118.71,117.45,117.66
2024-07-24T17:30:00+01:00,117.61,119.21,116.65,119.05
2024-07-24T18:30:00+01:00,119.05,119.29,117.01,117.03
2024-07-24T19:30:00+01:00,117.04,117.5,115.9,116.52
2024-07-24T20:30:00+01:00,116.52,117.77,115.99,116.1
2024-07-25T14:30:00+01:00,116,116,110.34,112.74
2024-07-25T15:30:00+01:00,112.66,115.3,111.85,113.64
2024-07-25T16:30:00+01:00,113.69,114.16,112.7,114.11
2024-07-25T17:30:00+01:00,114.19,114.42,112.8,113.11
2024-07-25T18:30:00+01:00,113.13,113.77,112.69,113.09
2024-07-25T19:30:00+01:00,113.09,113.23,111.99,113
2024-07-25T20:30:00+01:00,113.02,113.065,111.14,111.49
2024-07-26T14:30:00+01:00,114.35,114.66,112.72,113.2
2024-07-26T15:30:00+01:00,113.22,113.3,111.58,112.33
2024-07-26T16:30:00+01:00,112.38,113.69,112.36,113.53
2024-07-26T17:30:00+01:00,113.55,113.8,113.18,113.49
2024-07-26T18:30:00+01:00,113.48,113.7,112.4,112.89
2024-07-26T19:30:00+01:00,112.86,113.65,112.62,113.49
2024-07-26T20:30:00+01:00,113.5,113.69,113.06,113.61
2024-07-29T14:30:00+01:00,114.69,115.49,112.36,113.03
2024-07-29T15:30:00+01:00,112.99,113.59,111.86,112.31
2024-07-29T16:30:00+01:00,112.28,113.18,111.94,112.72
2024-07-29T17:30:00+01:00,112.71,113.09,112.44,112.44
2024-07-29T18:30:00+01:00,112.415,112.6,112.11,112.4
2024-07-29T19:30:00+01:00,112.43,112.7,112.01,112.49
2024-07-29T20:30:00+01:00,112.52,112.65,110.95,111.175
2024-07-30T14:30:00+01:00,112.31,113.2,109.82,110.02
2024-07-30T15:30:00+01:00,110.06,110.5,107.86,108.68
2024-07-30T16:30:00+01:00,108.68,108.8,107.32,107.98
2024-07-30T17:30:00+01:00,107.95,107.95,105.77,107.18
2024-07-30T18:30:00+01:00,107.15,108.42,107.04,108.22
2024-07-30T19:30:00+01:00,108.24,108.865,107.91,108.56
2024-07-30T20:30:00+01:00,108.52,109.21,108.3,108.635
2024-07-31T14:30:00+01:00,114.75,116.59,113.7,114.32
2024-07-31T15:30:00+01:00,114.37,115,113.44,114.04
2024-07-31T16:30:00+01:00,114.07,114.63,113.6,113.65
2024-07-31T17:30:00+01:00,113.69,113.93,112.99,113.5
2024-07-31T18:30:00+01:00,113.46,113.46,112.37,112.97
2024-07-31T19:30:00+01:00,113,114.04,112.2,112.34
2024-07-31T20:30:00+01:00,112.27,113.83,112.27,113.65
2024-08-01T14:30:00+01:00,112.8,115.05,112.415,112.48
2024-08-01T15:30:00+01:00,112.52,113.19,110.75,110.91
2024-08-01T16:30:00+01:00,110.93,110.93,109.31,109.58
2024-08-01T17:30:00+01:00,109.51,109.61,107.66,108.15
2024-08-01T18:30:00+01:00,108.1,109.33,107.62,107.95
2024-08-01T19:30:00+01:00,107.96,108.5,107.67,108.49
2024-08-01T20:30:00+01:00,108.49,108.98,107.54,108.35
2024-08-02T14:30:00+01:00,101.56,103.07,99.92,101.79
2024-08-02T15:30:00+01:00,101.75,102.96,100.78,102.14
2024-08-02T16:30:00+01:00,102.13,103.79,101.99,103.32
2024-08-02T17:30:00+01:00,103.25,103.4,102.15,102.49
2024-08-02T18:30:00+01:00,102.47,103.02,102.15,103.02
2024-08-02T19:30:00+01:00,102.97,103.44,102.4,102.81
2024-08-02T20:30:00+01:00,102.83,102.94,101.7,102.42
2024-08-05T14:30:00+01:00,90.48,96.8,90.07,94.92
2024-08-05T15:30:00+01:00,94.95,98.18,94.95,97.41
2024-08-05T16:30:00+01:00,97.38,99.87,97.33,99.87
2024-08-05T17:30:00+01:00,99.84,99.84,97.29,98.7
2024-08-05T18:30:00+01:00,98.71,99,97.31,97.78
2024-08-05T19:30:00+01:00,97.74,98.02,96.75,97.65
2024-08-05T20:30:00+01:00,97.68,98.19,97.005,98.12
2024-08-06T14:30:00+01:00,98.72,99.23,94.33,94.41
2024-08-06T15:30:00+01:00,94.42,96.35,93.35,93.35
2024-08-06T16:30:00+01:00,93.455,95.29,93.39,94.81
2024-08-06T17:30:00+01:00,94.9,95.24,94.2,94.68
2024-08-06T18:30:00+01:00,94.73,95.7,94.51,95.67
2024-08-06T19:30:00+01:00,95.66,95.66,94.3,94.97
2024-08-06T20:30:00+01:00,94.99,95.34,94.29,94.68
2024-08-07T14:30:00+01:00,90.44,93.03,88.83,90.07
2024-08-07T15:30:00+01:00,90.17,90.8,89.3,90.09
2024-08-07T16:30:00+01:00,90.1,90.48,88.63,90.375
2024-08-07T17:30:00+01:00,90.375,90.5,88.53,88.79
2024-08-07T18:30:00+01:00,88.83,89.21,86.93,87.83
2024-08-07T19:30:00+01:00,87.76,88.86,87.33,88.01
2024-08-07T20:30:00+01:00,87.97,88.82,87.59,87.85
2024-08-08T14:30:00+01:00,89.96,91,88.49,90.46
2024-08-08T15:30:00+01:00,90.5,91.4,89.42,89.71
2024-08-08T16:30:00+01:00,89.77,91.55,89.77,90.45
2024-08-08T17:30:00+01:00,90.46,90.93,89.56,90.9
2024-08-08T18:30:00+01:00,90.88,91.69,90.87,90.94
2024-08-08T19:30:00+01:00,91,91.4,90.62,90.75
2024-08-08T20:30:00+01:00,90.75,91.61,90.52,91.4
2024-08-09T14:30:00+01:00,89.48,91.12,88.605,89.9
2024-08-09T15:30:00+01:00,89.9,91.5,89.38,90.5
2024-08-09T16:30:00+01:00,90.47,91.4,90.32,90.84
2024-08-09T17:30:00+01:00,90.8,92.33,90.79,92.33
2024-08-09T18:30:00+01:00,92.36,92.49,91.74,92.21
2024-08-09T19:30:00+01:00,92.2,93.43,92.1,92.88
2024-08-09T20:30:00+01:00,92.83,92.86,92.14,92.51
2024-08-12T14:30:00+01:00,92.01,94.84,91.86,94.54
2024-08-12T15:30:00+01:00,94.56,97.9,94.55,96.56
2024-08-12T16:30:00+01:00,96.5,97.24,95.88,96.85
2024-08-12T17:30:00+01:00,96.85,97.44,95.6,96.04
2024-08-12T18:30:00+01:00,96.02,96.28,95.65,95.99
2024-08-12T19:30:00+01:00,95.91,96.01,95.29,95.45
2024-08-12T20:30:00+01:00,95.48,95.66,94.84,95.24
2024-08-13T14:30:00+01:00,96.91,100.85,96.56,100.64
2024-08-13T15:30:00+01:00,100.6,101.49,99.95,100.88
2024-08-13T16:30:00+01:00,100.95,101.08,100.31,100.62
2024-08-13T17:30:00+01:00,100.61,100.765,99.78,100.3
2024-08-13T18:30:00+01:00,100.32,100.51,99.17,100.2
2024-08-13T19:30:00+01:00,100.21,100.57,99.87,100.3
2024-08-13T20:30:00+01:00,100.32,100.46,99.59,99.94
2024-08-14T14:30:00+01:00,100.89,102.83,100.35,102.23
2024-08-14T15:30:00+01:00,102.31,104.36,101.56,103.77
2024-08-14T16:30:00+01:00,103.77,103.83,101.61,102.1
2024-08-14T17:30:00+01:00,102.12,102.94,101.65,102.9
2024-08-14T18:30:00+01:00,102.97,103.04,102.4,102.84
2024-08-14T19:30:00+01:00,102.8,103.19,102.25,102.35
2024-08-14T20:30:00+01:00,102.34,103.2,102.3,102.9
2024-08-15T14:30:00+01:00,106.94,109.75,105.46,108.93
2024-08-15T15:30:00+01:00,108.88,110.6,108.8,110
2024-08-15T16:30:00+01:00,110.01,110.95,109.86,110.75
2024-08-15T17:30:00+01:00,110.76,110.8,108.65,109.88
2024-08-15T18:30:00+01:00,109.9,110.56,109.9,110.31
2024-08-15T19:30:00+01:00,110.32,110.75,109.74,110.33
2024-08-15T20:30:00+01:00,110.3,110.69,109.78,110.31
2024-08-16T14:30:00+01:00,109.04,111.36,108.06,110.99
2024-08-16T15:30:00+01:00,111.04,111.43,109.95,110.24
2024-08-16T16:30:00+01:00,110.23,110.39,109.23,109.83
2024-08-16T17:30:00+01:00,109.81,111.36,109.75,111.28
2024-08-16T18:30:00+01:00,111.32,111.6,110.62,111.55
2024-08-16T19:30:00+01:00,111.57,112.16,111.13,111.95
2024-08-16T20:30:00+01:00,111.96,112.04,111.17,111.26
2024-08-19T14:30:00+01:00,111.1,111.92,108.37,109.5
2024-08-19T15:30:00+01:00,109.45,110.66,109.19,110.42
2024-08-19T16:30:00+01:00,110.38,111.3,110.24,111.29
2024-08-19T17:30:00+01:00,111.26,111.35,110.83,111.25
2024-08-19T18:30:00+01:00,111.27,111.78,111.13,111.77
2024-08-19T19:30:00+01:00,111.75,111.97,111.24,111.72
2024-08-19T20:30:00+01:00,111.75,112.04,111.29,111.86
2024-08-20T14:30:00+01:00,111.7,112.25,109.65,109.77
2024-08-20T15:30:00+01:00,109.81,111.55,109.56,111.19
2024-08-20T16:30:00+01:00,111.17,112.45,111.14,111.24
2024-08-20T17:30:00+01:00,111.18,111.4,110.45,110.9
2024-08-20T18:30:00+01:00,110.91,111.45,110.83,111.14
2024-08-20T19:30:00+01:00,111.14,111.5,111,111.27
2024-08-20T20:30:00+01:00,111.26,111.45,110.67,110.7
2024-08-21T14:30:00+01:00,110.74,111.42,108.88,110.93
2024-08-21T15:30:00+01:00,110.98,111.9,109.7,111.05
2024-08-21T16:30:00+01:00,110.93,111.5,110.69,111.36
2024-08-21T17:30:00+01:00,111.32,111.83,111.3,111.63
2024-08-21T18:30:00+01:00,111.55,111.82,111.33,111.8
2024-08-21T19:30:00+01:00,111.82,111.85,111.3,111.46
2024-08-21T20:30:00+01:00,111.44,111.84,111.35,111.71
2024-08-22T14:30:00+01:00,112.79,114.02,111.12,111.78
2024-08-22T15:30:00+01:00,111.77,111.91,110.61,110.69
2024-08-22T16:30:00+01:00,110.69,111.41,109.55,111.3
2024-08-22T17:30:00+01:00,111.3,111.41,110.17,110.56
2024-08-22T18:30:00+01:00,110.52,110.56,109.41,110.07
2024-08-22T19:30:00+01:00,109.96,110.51,109.47,109.54
2024-08-22T20:30:00+01:00,109.57,109.68,108.67,108.99
2024-08-23T14:30:00+01:00,110.35,112.29,110.13,112.06
2024-08-23T15:30:00+01:00,112.08,112.68,110.5,111.74
2024-08-23T16:30:00+01:00,111.75,112.12,110.61,111.14
2024-08-23T17:30:00+01:00,111.15,111.61,110.64,111.57
2024-08-23T18:30:00+01:00,111.58,111.95,111.39,111.94
2024-08-23T19:30:00+01:00,111.94,112,111.44,111.96
2024-08-23T20:30:00+01:00,111.97,112.19,111.6,111.99
2024-08-26T14:30:00+01:00,112,114.15,110.6,112.39
2024-08-26T15:30:00+01:00,112.3,112.61,110.83,112.04
2024-08-26T16:30:00+01:00,112.02,112.05,110.37,111.32
2024-08-26T17:30:00+01:00,111.42,111.53,110.86,111.29
2024-08-26T18:30:00+01:00,111.26,111.34,110.78,111.28
2024-08-26T19:30:00+01:00,111.26,111.6,111.21,111.5
2024-08-26T20:30:00+01:00,111.46,111.99,111.33,111.66
2024-08-27T14:30:00+01:00,110.28,111.28,109.73,110.79
2024-08-27T15:30:00+01:00,110.91,112.16,110.66,110.91
2024-08-27T16:30:00+01:00,110.85,111.93,110.39,111.735
2024-08-27T17:30:00+01:00,111.735,112.25,111.4,112.13
2024-08-27T18:30:00+01:00,112.16,112.165,111.49,111.9
2024-08-27T19:30:00+01:00,111.89,112.08,111.46,111.85
2024-08-27T20:30:00+01:00,111.85,112.36,111.73,111.88
2024-08-28T14:30:00+01:00,110.385,111.82,110.09,111.31
2024-08-28T15:30:00+01:00,111.28,112.05,108.22,108.89
2024-08-28T16:30:00+01:00,108.75,109.82,108.65,109.54
2024-08-28T17:30:00+01:00,109.57,110.58,109.4,110.32
2024-08-28T18:30:00+01:00,110.31,110.53,109.41,110.14
2024-08-28T19:30:00+01:00,110.16,111.51,110.07,111.43
2024-08-28T20:30:00+01:00,111.43,111.67,110.88,111.56
2024-08-29T14:30:00+01:00,108.2,113.18,108.165,110.89
2024-08-29T15:30:00+01:00,110.92,112.32,110.4,111.65
2024-08-29T16:30:00+01:00,111.52,112.98,111.45,112.47
2024-08-29T17:30:00+01:00,112.49,112.77,111.77,112.02
2024-08-29T18:30:00+01:00,112,112.76,111.1,111.2
2024-08-29T19:30:00+01:00,111.17,114.44,109.79,110.5
2024-08-29T20:30:00+01:00,110.44,111.15,110.2,110.78
2024-08-30T14:30:00+01:00,115.63,115.63,110.67,112.84
2024-08-30T15:30:00+01:00,112.86,113.33,111.84,112.59
2024-08-30T16:30:00+01:00,112.59,117.72,112.41,114.8
2024-08-30T17:30:00+01:00,114.71,115.47,113.95,115.305
2024-08-30T18:30:00+01:00,115.34,115.82,114.13,115.71
2024-08-30T19:30:00+01:00,115.68,116.49,114.71,115.78
2024-08-30T20:30:00+01:00,115.81,115.96,115.08,115.53
2024-09-03T14:30:00+01:00,115,116.64,110.81,111.05
2024-09-03T15:30:00+01:00,110.98,111.69,109.11,111.12
2024-09-03T16:30:00+01:00,111.14,112.48,110.94,111.93
2024-09-03T17:30:00+01:00,111.92,111.92,111.05,111.78
2024-09-03T18:30:00+01:00,111.73,111.82,110.1,110.34
2024-09-03T19:30:00+01:00,110.38,111.52,110.38,111.34
2024-09-03T20:30:00+01:00,111.37,111.46,110.14,110.8
2024-09-04T14:30:00+01:00,108.98,110.41,107.36,108.33
2024-09-04T15:30:00+01:00,108.33,110.43,108.2,109.12
2024-09-04T16:30:00+01:00,109.1,109.95,108.9,109.77
2024-09-04T17:30:00+01:00,109.88,110.54,109.26,109.27
2024-09-04T18:30:00+01:00,109.25,109.72,108.99,109.37
2024-09-04T19:30:00+01:00,109.35,109.47,108.24,109
2024-09-04T20:30:00+01:00,108.97,109.41,108.6,109.09
2024-09-05T14:30:00+01:00,107,107.61,105.13,106.61
2024-09-05T15:30:00+01:00,106.65,107.2,106.03,106.7
2024-09-05T16:30:00+01:00,106.63,108.29,106.63,108.02
2024-09-05T17:30:00+01:00,108,108.07,107.28,107.46
2024-09-05T18:30:00+01:00,107.49,108.2,107.49,107.77
2024-09-05T19:30:00+01:00,107.76,108.16,107.19,107.35
2024-09-05T20:30:00+01:00,107.32,107.54,106.66,107.17
2024-09-06T14:30:00+01:00,106.84,108.21,102.93,103.2
2024-09-06T15:30:00+01:00,103.14,103.63,101.55,102.6
2024-09-06T16:30:00+01:00,102.69,103,102.21,102.65
2024-09-06T17:30:00+01:00,102.71,102.86,101.51,102.2
2024-09-06T18:30:00+01:00,102.24,102.33,101.42,101.57
2024-09-06T19:30:00+01:00,101.56,102.66,101.46,102.5
2024-09-06T20:30:00+01:00,102.46,102.79,101.92,101.99
2024-09-09T14:30:00+01:00,107.3,107.65,105.6,106.705
2024-09-09T15:30:00+01:00,106.72,106.74,105.1,106.72
2024-09-09T16:30:00+01:00,106.67,107.16,106.55,106.92
2024-09-09T17:30:00+01:00,106.89,106.95,106.39,106.75
2024-09-09T18:30:00+01:00,106.7,106.7,105.41,105.96
2024-09-09T19:30:00+01:00,105.92,106.6,105.81,106.55
2024-09-09T20:30:00+01:00,106.54,106.55,105.68,105.91
2024-09-10T14:30:00+01:00,106.14,106.66,105.44,106.44
2024-09-10T15:30:00+01:00,106.445,106.96,105.73,106.84
2024-09-10T16:30:00+01:00,106.89,106.97,105.67,106.2
2024-09-10T17:30:00+01:00,106.19,107.4,106.11,107.06
2024-09-10T18:30:00+01:00,107.1,107.49,106.8,106.98
2024-09-10T19:30:00+01:00,106.98,107.53,106.65,106.76
2024-09-10T20:30:00+01:00,106.74,106.79,106.12,106.63
2024-09-11T14:30:00+01:00,107.1,107.25,105.7,106.27
2024-09-11T15:30:00+01:00,106.25,106.84,105.56,106.59
2024-09-11T16:30:00+01:00,106.57,107.32,106.29,107.32
2024-09-11T17:30:00+01:00,107.34,107.52,106.62,107.46
2024-09-11T18:30:00+01:00,107.49,108.12,107.15,107.78
2024-09-11T19:30:00+01:00,107.83,108.53,107.69,107.93
2024-09-11T20:30:00+01:00,107.94,108.9,107,108.8
2024-09-12T14:30:00+01:00,108.78,112.52,108.66,112.24
2024-09-12T15:30:00+01:00,112.22,112.41,110.95,111.82
2024-09-12T16:30:00+01:00,111.8,112.22,111.29,112.1
2024-09-12T17:30:00+01:00,112.09,112.52,111.56,112.45
2024-09-12T18:30:00+01:00,112.459,113.23,112.25,112.93
2024-09-12T19:30:00+01:00,112.95,113.23,112.3,112.89
2024-09-12T20:30:00+01:00,112.84,113.05,111.95,112.16
2024-09-13T14:30:00+01:00,112.04,114.6,111.44,112.95
2024-09-13T15:30:00+01:00,113.03,114.46,112.58,114.17
2024-09-13T16:30:00+01:00,114.17,114.25,113.68,113.73
2024-09-13T17:30:00+01:00,113.74,114.17,113.57,113.76
2024-09-13T18:30:00+01:00,113.76,114.08,113.38,113.595
2024-09-13T19:30:00+01:00,113.59,114.26,113.52,114.01
2024-09-13T20:30:00+01:00,113.93,114.53,113.92,114.345
2024-09-16T14:30:00+01:00,112.22,114.04,112.22,113.51
2024-09-16T15:30:00+01:00,113.5,114.52,112.88,114.26
2024-09-16T16:30:00+01:00,114.28,114.43,113.54,114.21
2024-09-16T17:30:00+01:00,114.23,114.55,114.13,114.44
2024-09-16T18:30:00+01:00,114.46,115.41,114.42,115.28
2024-09-16T19:30:00+01:00,115.27,115.3,114.75,114.99
2024-09-16T20:30:00+01:00,114.98,115.8,114.84,115.47
2024-09-17T14:30:00+01:00,117.7,118.3,115.04,116.9
2024-09-17T15:30:00+01:00,116.93,117.04,115.85,116.535
2024-09-17T16:30:00+01:00,116.51,116.67,115.65,116.14
2024-09-17T17:30:00+01:00,116.12,116.51,115.5,116.28
2024-09-17T18:30:00+01:00,116.24,116.48,115.88,115.99
2024-09-17T19:30:00+01:00,115.97,116.39,115.67,116.37
2024-09-17T20:30:00+01:00,116.37,116.97,116.23,116.84
2024-09-18T14:30:00+01:00,117.65,119.62,117.61,118.51
2024-09-18T15:30:00+01:00,118.43,118.57,117.21,117.44
2024-09-18T16:30:00+01:00,117.35,117.43,116.57,117.25
2024-09-18T17:30:00+01:00,117.25,117.53,116.82,117.08
2024-09-18T18:30:00+01:00,117.13,118.51,116.68,118.36
2024-09-18T19:30:00+01:00,118.38,118.92,116.55,117.58
2024-09-18T20:30:00+01:00,117.65,117.82,115.96,116.03
2024-09-19T14:30:00+01:00,119.82,120.07,118.26,118.34
2024-09-19T15:30:00+01:00,118.33,118.92,117.89,117.92
2024-09-19T16:30:00+01:00,117.96,118.465,117.48,118.12
2024-09-19T17:30:00+01:00,118.14,118.23,117.75,118
2024-09-19T18:30:00+01:00,118.01,118.11,117.72,117.9
2024-09-19T19:30:00+01:00,117.87,118.03,117.36,117.58
2024-09-19T20:30:00+01:00,117.55,118.11,117.51,117.79
2024-09-20T14:30:00+01:00,116.61,116.7,115.12,116.06
2024-09-20T15:30:00+01:00,116.05,117.2,115.83,116.86
2024-09-20T16:30:00+01:00,116.84,118.64,116.81,117.98
2024-09-20T17:30:00+01:00,117.99,118.63,116.63,117.88
2024-09-20T18:30:00+01:00,117.88,118.06,116.65,116.78
2024-09-20T19:30:00+01:00,116.74,118.2,116.71,117.73
2024-09-20T20:30:00+01:00,117.72,119.05,117.44,117.52
2024-09-23T14:30:00+01:00,117.56,117.81,116.6,117.56
2024-09-23T15:30:00+01:00,117.56,117.75,116.66,117.65
2024-09-23T16:30:00+01:00,117.66,118.1,117.46,117.46
2024-09-23T17:30:00+01:00,117.49,117.82,117.22,117.57
2024-09-23T18:30:00+01:00,117.59,117.82,117.24,117.25
2024-09-23T19:30:00+01:00,117.24,117.58,116.88,117.47
2024-09-23T20:30:00+01:00,117.49,117.8,117.17,117.54
2024-09-24T14:30:00+01:00,118.17,118.42,116.29,116.52
2024-09-24T15:30:00+01:00,116.5,116.8,116,116.26
2024-09-24T16:30:00+01:00,116.3,117.71,116.24,117.46
2024-09-24T17:30:00+01:00,117.43,117.66,117.2,117.23
2024-09-24T18:30:00+01:00,117.23,117.46,116.99,117.28
2024-09-24T19:30:00+01:00,117.25,117.43,116.83,117.1
2024-09-24T20:30:00+01:00,117.07,117.43,116.94,117.34
2024-09-25T14:30:00+01:00,117.07,119.64,117.02,118.91
2024-09-25T15:30:00+01:00,118.88,119.5,118.45,118.72
2024-09-25T16:30:00+01:00,118.71,119.92,118.48,119
2024-09-25T17:30:00+01:00,118.97,119.66,118.76,119.59
2024-09-25T18:30:00+01:00,119.55,119.79,118.93,119.76
2024-09-25T19:30:00+01:00,119.74,120.2,119.57,119.94
2024-09-25T20:30:00+01:00,119.93,120.24,119.64,120.21
2024-09-26T14:30:00+01:00,122.25,125.56,122.2,124.09
2024-09-26T15:30:00+01:00,124.14,124.33,121.39,123.73
2024-09-26T16:30:00+01:00,123.68,125.06,123.45,124.17
2024-09-26T17:30:00+01:00,124.13,124.67,123.29,123.88
2024-09-26T18:30:00+01:00,123.93,125.42,123.71,125.42
2024-09-26T19:30:00+01:00,125.41,127,125.3,126.61
2024-09-26T20:30:00+01:00,126.64,126.97,126.35,126.41
2024-09-27T14:30:00+01:00,124.12,124.44,121.76,122.585
2024-09-27T15:30:00+01:00,122.55,123.1,121.12,122.27
2024-09-27T16:30:00+01:00,122.28,122.81,122.02,122.67
2024-09-27T17:30:00+01:00,122.68,122.95,122.02,122.18
2024-09-27T18:30:00+01:00,122.19,122.36,120.67,120.74
2024-09-27T19:30:00+01:00,120.74,121.17,120.07,121.01
2024-09-27T20:30:00+01:00,121.02,121.04,120.19,120.28
2024-09-30T14:30:00+01:00,119,119.93,117.62,118.25
2024-09-30T15:30:00+01:00,118.28,119.19,118.05,118.65
2024-09-30T16:30:00+01:00,118.61,118.63,117.62,117.63
2024-09-30T17:30:00+01:00,117.6,118.17,117.31,117.39
2024-09-30T18:30:00+01:00,117.38,117.8,116.95,117.39
2024-09-30T19:30:00+01:00,117.43,118.33,117.25,117.83
2024-09-30T20:30:00+01:00,117.845,118.62,117.46,118.54
2024-10-01T14:30:00+01:00,117.43,117.76,114.06,114.33
2024-10-01T15:30:00+01:00,114.21,114.24,112.94,113.57
2024-10-01T16:30:00+01:00,113.57,114.72,113.2,114.63
2024-10-01T17:30:00+01:00,114.6,114.76,113.31,113.56
2024-10-01T18:30:00+01:00,113.55,114.6,113.48,114.39
2024-10-01T19:30:00+01:00,114.38,114.49,113.95,114.16
2024-10-01T20:30:00+01:00,114.17,114.19,113.03,113.14
2024-10-02T14:30:00+01:00,112.89,116.59,112.12,115.99
2024-10-02T15:30:00+01:00,115.93,116.43,115.28,115.66
2024-10-02T16:30:00+01:00,115.68,115.71,115.22,115.5
2024-10-02T17:30:00+01:00,115.43,115.54,114.49,114.87
2024-10-02T18:30:00+01:00,114.79,114.825,114.13,114.33
2024-10-02T19:30:00+01:00,114.3,114.41,113.83,113.87
2024-10-02T20:30:00+01:00,113.86,114.12,113.3,113.45
2024-10-03T14:30:00+01:00,114.02,116.75,113.99,114.57
2024-10-03T15:30:00+01:00,114.49,115.06,114.03,114.54
2024-10-03T16:30:00+01:00,114.52,114.82,114.45,114.5
2024-10-03T17:30:00+01:00,114.48,114.6,113.63,114.3
2024-10-03T18:30:00+01:00,114.3,114.605,114.27,114.38
2024-10-03T19:30:00+01:00,114.38,114.8,114.22,114.665
2024-10-03T20:30:00+01:00,114.66,115.77,114.54,115.7
2024-10-04T14:30:00+01:00,117.5,119.5,117.16,119
2024-10-04T15:30:00+01:00,119.06,119.93,117.7,117.78
2024-10-04T16:30:00+01:00,117.72,118,117.25,117.65
2024-10-04T17:30:00+01:00,117.51,118.82,117.37,118.375
2024-10-04T18:30:00+01:00,118.38,119.2,117.92,119.13
2024-10-04T19:30:00+01:00,119.09,120.25,118.83,120.09
2024-10-04T20:30:00+01:00,120.07,120.84,120.03,120.42
2024-10-07T14:30:00+01:00,119.6,120.85,119.15,120.37
2024-10-07T15:30:00+01:00,120.36,120.68,119.54,119.8
2024-10-07T16:30:00+01:00,119.79,120.05,119.11,119.14
2024-10-07T17:30:00+01:00,119.18,119.29,118.65,118.95
2024-10-07T18:30:00+01:00,118.96,119.65,118.87,119.56
2024-10-07T19:30:00+01:00,119.56,119.56,118.17,118.82
2024-10-07T20:30:00+01:00,118.85,119.23,118.64,119.06
2024-10-08T14:30:00+01:00,119.47,120.88,118.7,120.66
2024-10-08T15:30:00+01:00,120.7,121.45,120.22,120.86
2024-10-08T16:30:00+01:00,120.88,121.7,120.57,121.34
2024-10-08T17:30:00+01:00,121.34,121.5,120.8,120.95
2024-10-08T18:30:00+01:00,120.91,121.37,120.72,121.36
2024-10-08T19:30:00+01:00,121.34,121.83,121.02,121.33
2024-10-08T20:30:00+01:00,121.33,121.94,121.15,121.91
2024-10-09T14:30:00+01:00,121.8,122.56,120.5,122.33
2024-10-09T15:30:00+01:00,122.24,122.83,121.93,122.51
2024-10-09T16:30:00+01:00,122.52,123.12,121.93,122.14
2024-10-09T17:30:00+01:00,122.13,122.54,121.96,122.21
2024-10-09T18:30:00+01:00,122.205,122.42,121.63,122.25
2024-10-09T19:30:00+01:00,122.25,122.25,121.82,121.88
2024-10-09T20:30:00+01:00,121.86,122.41,121.82,122.26
2024-10-10T14:30:00+01:00,121.28,124.02,121.28,123.84
2024-10-10T15:30:00+01:00,123.87,124.5,123.49,124.25
2024-10-10T16:30:00+01:00,124.19,124.79,123.99,124.16
2024-10-10T17:30:00+01:00,124.13,124.39,124,124.11
2024-10-10T18:30:00+01:00,124.09,124.57,123.94,124.51
2024-10-10T19:30:00+01:00,124.5,124.8,124.15,124.42
2024-10-10T20:30:00+01:00,124.43,124.85,124.34,124.85
2024-10-11T14:30:00+01:00,124.075,127.65,124,126.95
2024-10-11T15:30:00+01:00,126.96,127.27,125.76,126.33
2024-10-11T16:30:00+01:00,126.29,127.34,126.285,127.13
2024-10-11T17:30:00+01:00,127.12,127.22,126.75,127.055
2024-10-11T18:30:00+01:00,127.04,127.61,126.83,127.57
2024-10-11T19:30:00+01:00,127.58,128.08,127.46,128.05
2024-10-11T20:30:00+01:00,128.05,128.3,127.65,127.78
2024-10-14T14:30:00+01:00,129.11,130.26,127.73,128.39
2024-10-14T15:30:00+01:00,128.35,128.6,127.85,127.96
2024-10-14T16:30:00+01:00,127.9,128.17,127.4,128.17
2024-10-14T17:30:00+01:00,128.17,128.34,127.74,127.9
2024-10-14T18:30:00+01:00,127.89,128.17,127.64,127.9
2024-10-14T19:30:00+01:00,127.905,128.55,127.85,128.32
2024-10-14T20:30:00+01:00,128.31,128.52,128.03,128.34
2024-10-15T14:30:00+01:00,129.2,131.13,127.8,128.03
2024-10-15T15:30:00+01:00,127.88,128.72,126.25,128.43
2024-10-15T16:30:00+01:00,128.44,128.66,127.35,127.73
2024-10-15T17:30:00+01:00,127.75,127.99,127.18,127.31
2024-10-15T18:30:00+01:00,127.31,127.47,126.94,127.08
2024-10-15T19:30:00+01:00,127.1,127.21,126.18,126.18
2024-10-15T20:30:00+01:00,126.2,126.29,125.68,125.82
2024-10-16T14:30:00+01:00,126.89,127.5,124.8,126.05
2024-10-16T15:30:00+01:00,126.06,126.46,125.58,126.34
2024-10-16T16:30:00+01:00,126.34,126.65,126.05,126.64
2024-10-16T17:30:00+01:00,126.64,127.04,126.49,126.75
2024-10-16T18:30:00+01:00,126.78,127,126.41,126.98
2024-10-16T19:30:00+01:00,126.93,127.28,126.5,127.03
2024-10-16T20:30:00+01:00,127.01,127.04,126.48,126.74
2024-10-17T14:30:00+01:00,129.12,130.65,128,130.57
2024-10-17T15:30:00+01:00,130.57,131.1,129.83,130.605
2024-10-17T16:30:00+01:00,130.62,130.9,130.04,130.8
2024-10-17T17:30:00+01:00,130.75,131.6,130.6,130.96
2024-10-17T18:30:00+01:00,130.9,130.98,129.91,130.01
2024-10-17T19:30:00+01:00,130,130.01,129.38,129.38
2024-10-17T20:30:00+01:00,129.4,129.42,128.92,129.18
2024-10-18T14:30:00+01:00,129.18,129.5,127.14,127.41
2024-10-18T15:30:00+01:00,127.4,127.47,126.3,126.44
2024-10-18T16:30:00+01:00,126.44,126.45,125.2,125.5
2024-10-18T17:30:00+01:00,125.54,125.85,125.3,125.72
2024-10-18T18:30:00+01:00,125.74,126.69,125.71,126.49
2024-10-18T19:30:00+01:00,126.49,126.98,126.24,126.98
2024-10-18T20:30:00+01:00,126.97,126.99,126.44,126.53
2024-10-21T14:30:00+01:00,126.66,126.98,125.9,126.3
2024-10-21T15:30:00+01:00,126.36,126.58,125.83,126.23
2024-10-21T16:30:00+01:00,126.26,126.75,126.03,126.255
2024-10-21T17:30:00+01:00,126.28,126.32,125.87,125.93
2024-10-21T18:30:00+01:00,125.94,126.01,125.64,125.71
2024-10-21T19:30:00+01:00,125.73,126.16,125.69,125.89
2024-10-21T20:30:00+01:00,125.87,125.88,125.17,125.67
2024-10-22T14:30:00+01:00,123.89,124.35,119.36,119.45
2024-10-22T15:30:00+01:00,119.42,120.8,119.4,120.71
2024-10-22T16:30:00+01:00,120.73,121.17,120.41,121.05
2024-10-22T17:30:00+01:00,121.03,121.53,120.84,121.16
2024-10-22T18:30:00+01:00,121.2,121.8,120.65,120.86
2024-10-22T19:30:00+01:00,120.91,121.08,120.7,121.02
2024-10-22T20:30:00+01:00,121,121.01,120.38,120.4
2024-10-23T14:30:00+01:00,118.91,121.11,117.83,120.97
2024-10-23T15:30:00+01:00,120.985,121.56,120.7,121.12
2024-10-23T16:30:00+01:00,121.08,121.31,119.91,119.91
2024-10-23T17:30:00+01:00,119.89,120.32,119.02,119.26
2024-10-23T18:30:00+01:00,119.27,119.27,118.15,118.53
2024-10-23T19:30:00+01:00,118.52,119.23,118.49,119.14
2024-10-23T20:30:00+01:00,119.1,119.57,118.98,119.47
2024-10-24T14:30:00+01:00,120.5,120.78,119.36,119.92
2024-10-24T15:30:00+01:00,120,120.77,119.98,120.57
2024-10-24T16:30:00+01:00,120.63,120.925,120.02,120.4
2024-10-24T17:30:00+01:00,120.46,120.71,120.22,120.66
2024-10-24T18:30:00+01:00,120.65,121,120.49,120.9
2024-10-24T19:30:00+01:00,120.88,121.2,120.6,121.14
2024-10-24T20:30:00+01:00,121.13,121.37,120.5,120.54
2024-10-25T14:30:00+01:00,121.84,124.79,121.84,124.39
2024-10-25T15:30:00+01:00,124.38,124.74,123.96,124.05
2024-10-25T16:30:00+01:00,124.08,124.24,123.43,123.7
2024-10-25T17:30:00+01:00,123.7,123.75,122.75,122.75
2024-10-25T18:30:00+01:00,122.72,123.19,122.25,123.07
2024-10-25T19:30:00+01:00,123.01,123.13,122.7,122.89
2024-10-25T20:30:00+01:00,122.87,122.97,122.38,122.53
2024-10-28T13:30:00Z,123.455,123.64,122.18,122.38
2024-10-28T14:30:00Z,122.4,122.67,121.93,122.54
2024-10-28T15:30:00Z,122.53,122.56,121.84,122.2
2024-10-28T16:30:00Z,122.23,122.23,121.07,121.6
2024-10-28T17:30:00Z,121.61,121.79,121.08,121.08
2024-10-28T18:30:00Z,121.12,121.2,120.77,121.11
2024-10-28T19:30:00Z,121.12,121.38,120.56,120.68
2024-10-29T13:30:00Z,120.69,121.1,120.1,120.87
2024-10-29T14:30:00Z,120.92,121.31,120.66,121
2024-10-29T15:30:00Z,121.03,121.51,120.69,121.13
2024-10-29T16:30:00Z,121.17,122.44,121.03,122.4
2024-10-29T17:30:00Z,122.44,122.54,121.59,121.85
2024-10-29T18:30:00Z,121.81,122.14,121.62,121.87
2024-10-29T19:30:00Z,121.85,122.07,121.57,121.64
2024-10-30T13:30:00Z,131.35,131.4,125.45,130.55
2024-10-30T14:30:00Z,130.52,130.52,128.21,129.85
2024-10-30T15:30:00Z,129.87,133.15,129.33,132.84
2024-10-30T16:30:00Z,132.82,133.96,131.7,131.78
2024-10-30T17:30:00Z,131.79,131.89,130.48,130.76
2024-10-30T18:30:00Z,130.8,131.34,129.78,129.8
2024-10-30T19:30:00Z,129.82,130.11,129.25,129.42
2024-10-31T13:30:00Z,126.85,127.57,123.66,123.72
2024-10-31T14:30:00Z,123.85,123.95,122.6,123.61
2024-10-31T15:30:00Z,123.6,124.03,122.92,123.63
2024-10-31T16:30:00Z,123.63,125.04,123.48,124.58
2024-10-31T17:30:00Z,124.6,124.86,123.74,124
2024-10-31T18:30:00Z,123.98,124.49,123.74,124.33
2024-10-31T19:30:00Z,124.36,124.58,123.51,123.63
2024-11-01T13:30:00Z,124.3,130.25,124,130.25
2024-11-01T14:30:00Z,130.3,132.62,129.57,131.47
2024-11-01T15:30:00Z,131.43,131.55,130.03,130.52
2024-11-01T16:30:00Z,130.55,131.2,129.73,131.03
2024-11-01T17:30:00Z,131.01,131.05,129.9,129.9
2024-11-01T18:30:00Z,129.88,130.85,129.41,130.4
2024-11-01T19:30:00Z,130.45,131.04,130.09,130.92
2024-11-04T14:30:00Z,133.06,135.71,131.51,134.49
2024-11-04T15:30:00Z,134.49,134.96,131.68,131.79
2024-11-04T16:30:00Z,131.76,131.77,130.25,131.23
2024-11-04T17:30:00Z,131.24,132.16,131.05,131.7
2024-11-04T18:30:00Z,131.64,132.29,131.53,131.81
2024-11-04T19:30:00Z,131.75,131.77,130.77,130.81
2024-11-04T20:30:00Z,130.8,130.83,129.72,129.89
2024-11-05T14:30:00Z,130.89,132.5,129.76,129.96
2024-11-05T15:30:00Z,130,132.11,129.83,131.9
2024-11-05T16:30:00Z,131.92,132.85,131.9,132.35
2024-11-05T17:30:00Z,132.37,132.73,131.9,132.7
2024-11-05T18:30:00Z,132.68,133.19,132.46,133.19
2024-11-05T19:30:00Z,133.18,134.25,132.83,134.08
2024-11-05T20:30:00Z,134.06,134.18,133.3,133.49
2024-11-06T14:30:00Z,136.46,139.6,134.34,137.18
2024-11-06T15:30:00Z,137.13,137.3,135.56,136.58
2024-11-06T16:30:00Z,136.52,136.95,135.75,136.62
2024-11-06T17:30:00Z,136.55,137.18,136.15,136.66
2024-11-06T18:30:00Z,136.72,137.33,136.35,137.23
2024-11-06T19:30:00Z,137.21,137.84,136.77,137.79
2024-11-06T20:30:00Z,137.76,138.44,137.71,138.3
2024-11-07T14:30:00Z,138.945,139.41,137.04,138.1
2024-11-07T15:30:00Z,138.165,138.27,136.51,136.95
2024-11-07T16:30:00Z,136.91,137.04,136.4,136.63
2024-11-07T17:30:00Z,136.64,136.97,136.03,136.58
2024-11-07T18:30:00Z,136.58,137.9,136.54,137.73
2024-11-07T19:30:00Z,137.74,138.33,137.47,138.05
2024-11-07T20:30:00Z,138.07,138.32,137.85,137.87
2024-11-08T14:30:00Z,137.74,139.15,134.88,135.5
2024-11-08T15:30:00Z,135.52,136.83,135.13,136.29
2024-11-08T16:30:00Z,136.23,136.45,135.08,135.9
2024-11-08T17:30:00Z,135.92,136.55,135.88,136.15
2024-11-08T18:30:00Z,136.17,136.19,135.08,135.2
2024-11-08T19:30:00Z,135.18,135.67,134.34,134.45
2024-11-08T20:30:00Z,134.41,134.98,134.09,134.27
2024-11-11T14:30:00Z,138.41,140.72,135.51,135.68
2024-11-11T15:30:00Z,135.8,136.5,135.26,135.45
2024-11-11T16:30:00Z,135.46,136.45,135,136.4
2024-11-11T17:30:00Z,136.4,137.15,136.05,136.84
2024-11-11T18:30:00Z,136.8,138,136.7,137.56
2024-11-11T19:30:00Z,137.54,138.46,137.45,138.39
2024-11-11T20:30:00Z,138.38,139.11,138.13,138.55
2024-11-12T14:30:00Z,138.8,141.33,137.57,139.05
2024-11-12T15:30:00Z,139.07,139.26,136.67,137.1
2024-11-12T16:30:00Z,137.05,137.64,136.9,137.2
2024-11-12T17:30:00Z,137.2,137.22,135.95,136.43
2024-11-12T18:30:00Z,136.54,137.21,136.54,136.62
2024-11-12T19:30:00Z,136.625,137.38,136.59,137.01
2024-11-12T20:30:00Z,136.99,136.99,136.3,136.52
2024-11-13T14:30:00Z,137.96,139.04,136.89,137.81
2024-11-13T15:30:00Z,137.78,138.03,136.67,136.9
2024-11-13T16:30:00Z,137,137.16,136.03,136.1
2024-11-13T17:30:00Z,136.09,136.63,135.74,136.54
2024-11-13T18:30:00Z,136.62,136.86,135.98,136.03
2024-11-13T19:30:00Z,136.03,136.03,135.15,135.65
2024-11-13T20:30:00Z,135.63,135.79,134.49,134.56
2024-11-14T14:30:00Z,136.13,136.9,133.38,134.28
2024-11-14T15:30:00Z,134.32,135.05,134.23,134.79
2024-11-14T16:30:00Z,134.74,135.04,133.96,134
2024-11-14T17:30:00Z,134,135.17,133.95,135.04
2024-11-14T18:30:00Z,135.01,135.2,134.6,134.64
2024-11-14T19:30:00Z,134.63,134.85,134.06,134.84
2024-11-14T20:30:00Z,134.83,134.84,134.14,134.44
2024-11-15T14:30:00Z,132.56,133.86,132.02,132.54
2024-11-15T15:30:00Z,132.52,132.65,131.73,132.4
2024-11-15T16:30:00Z,132.42,132.6,130.89,130.96
2024-11-15T17:30:00Z,130.89,131.57,130.77,131.38
2024-11-15T18:30:00Z,131.37,131.77,130.95,130.95
2024-11-15T19:30:00Z,130.94,131.96,130.76,131.9
2024-11-15T20:30:00Z,131.93,132.08,131.44,131.635
2024-11-18T14:30:00Z,135.65,136.47,134.44,136.37
2024-11-18T15:30:00Z,136.43,138,136.37,136.87
2024-11-18T16:30:00Z,136.94,137.9,136.64,136.77
2024-11-18T17:30:00Z,136.75,136.78,136.15,136.15
2024-11-18T18:30:00Z,136.16,136.55,135.71,136.06
2024-11-18T19:30:00Z,136.04,136.5,135.99,136.23
2024-11-18T20:30:00Z,136.2,136.2,135.29,136.01
2024-11-19T14:30:00Z,133.31,134.53,132.26,134.13
2024-11-19T15:30:00Z,134.2,135.2,133.59,135.12
2024-11-19T16:30:00Z,135.11,135.18,134.2,134.39
2024-11-19T17:30:00Z,134.4,134.54,134.09,134.38
2024-11-19T18:30:00Z,134.33,135.47,134.14,135.13
2024-11-19T19:30:00Z,135.15,135.22,134.7,134.89
2024-11-19T20:30:00Z,134.88,136.23,134.78,135.87
2024-11-20T14:30:00Z,137.52,138.17,133.13,133.64
2024-11-20T15:30:00Z,133.64,135.04,133.64,133.8
2024-11-20T16:30:00Z,133.83,134.88,133.4,133.8
2024-11-20T17:30:00Z,133.75,133.96,132.95,133.45
2024-11-20T18:30:00Z,133.42,133.49,132.55,132.65
2024-11-20T19:30:00Z,132.63,133.4,132.63,133.375
2024-11-20T20:30:00Z,133.42,134.2,133.37,133.9
2024-11-21T14:30:00Z,136.69,137.3,134.7,135.13
2024-11-21T15:30:00Z,135.04,138.95,134.46,138.93
2024-11-21T16:30:00Z,138.97,139.35,138.44,139.3
2024-11-21T17:30:00Z,139.31,139.8,138.8,139.46
2024-11-21T18:30:00Z,139.49,139.63,139.1,139.38
2024-11-21T19:30:00Z,139.36,140,139.24,139.89
2024-11-21T20:30:00Z,139.88,140.12,138.47,138.95
2024-11-22T14:30:00Z,142.94,143.9,140.59,142
2024-11-22T15:30:00Z,142.08,143.72,142,142.52
2024-11-22T16:30:00Z,142.46,143.75,142.28,143.52
2024-11-22T17:30:00Z,143.52,144.5,143.37,144.3
2024-11-22T18:30:00Z,144.23,144.42,143.6,143.8
2024-11-22T19:30:00Z,143.81,144.18,143.44,143.655
2024-11-22T20:30:00Z,143.62,144.28,143.36,144.21
2024-11-25T14:30:00Z,147.4,147.6,145.1,145.74
2024-11-25T15:30:00Z,145.75,145.84,143.35,143.92
2024-11-25T16:30:00Z,143.94,144.33,142.62,143.03
2024-11-25T17:30:00Z,143.03,144.55,142.65,144.12
2024-11-25T18:30:00Z,144.14,144.6,143.94,143.955
2024-11-25T19:30:00Z,143.93,144.27,142.84,143.22
2024-11-25T20:30:00Z,143.22,144.38,143.01,144.18
2024-11-26T14:30:00Z,143.9,144.37,141.85,143.42
2024-11-26T15:30:00Z,143.47,144.1,142.93,143.65
2024-11-26T16:30:00Z,143.69,143.81,142.81,143.08
2024-11-26T17:30:00Z,143.08,143.17,142.33,142.55
2024-11-26T18:30:00Z,142.58,143.08,141.85,141.94
2024-11-26T19:30:00Z,141.97,142.28,141.24,142.15
2024-11-26T20:30:00Z,142.13,142.39,141.64,141.72
2024-11-27T14:30:00Z,124.88,127.15,121.3,123.36
2024-11-27T15:30:00Z,123.43,124.88,122.47,123.51
2024-11-27T16:30:00Z,123.5,124.5,123.05,124.37
2024-11-27T17:30:00Z,124.36,125.6,124.25,125.08
2024-11-27T18:30:00Z,125.07,125.15,123.65,124.01
2024-11-27T19:30:00Z,124.01,124.9,123.75,124.8
2024-11-27T20:30:00Z,124.81,124.82,124.32,124.37
2024-11-29T14:30:00Z,125.7,127.11,125,126
2024-11-29T15:30:00Z,126,127.15,125.66,127.09
2024-11-29T16:30:00Z,127.08,128.48,126.9,128.12
2024-11-29T17:30:00Z,128.1,128.21,127.105,127.405
2024-12-02T14:30:00Z,126.33,126.84,123.28,124.35
2024-12-02T15:30:00Z,124.37,127.02,124.21,126.93
2024-12-02T16:30:00Z,126.93,127.805,126.77,127.18
2024-12-02T17:30:00Z,127.14,127.72,126.78,126.86
2024-12-02T18:30:00Z,126.86,127.5,126.22,126.22
2024-12-02T19:30:00Z,126.2,126.86,126.17,126.6
2024-12-02T20:30:00Z,126.6,126.61,125.67,125.82
2024-12-03T14:30:00Z,125.175,126.02,124.45,124.67
2024-12-03T15:30:00Z,124.69,125.2,124.17,125.04
2024-12-03T16:30:00Z,125,125,124.22,124.555
2024-12-03T17:30:00Z,124.54,124.78,124.2,124.43
2024-12-03T18:30:00Z,124.41,124.94,124.38,124.76
2024-12-03T19:30:00Z,124.8,125.29,124.8,125.18
2024-12-03T20:30:00Z,125.18,125.69,125.11,125.53
2024-12-04T14:30:00Z,125.25,127.3,123.93,127.08
2024-12-04T15:30:00Z,127.09,127.34,126.12,126.6
2024-12-04T16:30:00Z,126.59,127.14,126.56,127.05
2024-12-04T17:30:00Z,127.04,127.06,125.75,125.75
2024-12-04T18:30:00Z,125.8,125.91,125.42,125.78
2024-12-04T19:30:00Z,125.78,126.07,125.56,125.88
2024-12-04T20:30:00Z,125.85,126.28,125.68,126.13
2024-12-05T14:30:00Z,126.8,128.68,126,127.2
2024-12-05T15:30:00Z,127.18,127.75,126.67,126.72
2024-12-05T16:30:00Z,126.7,127.25,126.34,126.48
2024-12-05T17:30:00Z,126.5,126.51,125.36,125.43
2024-12-05T18:30:00Z,125.4,126.68,125.32,126.26
2024-12-05T19:30:00Z,126.28,126.44,125.36,125.39
2024-12-05T20:30:00Z,125.41,125.65,125.04,125.06
2024-12-06T14:30:00Z,125.6,126.31,124.23,124.87
2024-12-06T15:30:00Z,124.86,125.19,123.77,124.1
2024-12-06T16:30:00Z,124.1,124.21,123.73,123.89
2024-12-06T17:30:00Z,123.9,123.92,123.08,123.33
2024-12-06T18:30:00Z,123.34,123.65,122.91,123.1
2024-12-06T19:30:00Z,123.1,123.46,122.91,123.05
2024-12-06T20:30:00Z,123.07,123.49,122.75,123.33
2024-12-09T14:30:00Z,122.6,123.73,122.15,122.94
2024-12-09T15:30:00Z,122.93,123.33,121.13,122.305
2024-12-09T16:30:00Z,122.3,122.6,122.05,122.53
2024-12-09T17:30:00Z,122.58,123.82,122.56,123.67
2024-12-09T18:30:00Z,123.65,123.88,123.23,123.3
2024-12-09T19:30:00Z,123.3,124.2,123.18,123.24
2024-12-09T20:30:00Z,123.29,124.05,123.29,123.83
2024-12-10T14:30:00Z,122.98,123.22,119.54,119.64
2024-12-10T15:30:00Z,119.62,119.97,118.75,119.01
2024-12-10T16:30:00Z,119.05,119.05,117.6,118.75
2024-12-10T17:30:00Z,118.7,118.75,117.65,117.87
2024-12-10T18:30:00Z,117.85,117.92,117.07,117.07
2024-12-10T19:30:00Z,117.09,117.73,116.56,117.43
2024-12-10T20:30:00Z,117.42,117.45,116.58,116.79
2024-12-11T14:30:00Z,118.17,118.17,115.66,116.96
2024-12-11T15:30:00Z,116.96,118.15,116.68,118.13
2024-12-11T16:30:00Z,118.13,118.56,117.53,117.77
2024-12-11T17:30:00Z,117.78,118.65,117.68,118.62
2024-12-11T18:30:00Z,118.62,118.9,118.31,118.55
2024-12-11T19:30:00Z,118.54,119.17,118.54,119.07
2024-12-11T20:30:00Z,119.07,119.15,118.4,118.7
2024-12-12T14:30:00Z,117.45,120.02,117.38,119.61
2024-12-12T15:30:00Z,119.56,120.39,118.89,120.07
2024-12-12T16:30:00Z,120.11,120.21,119.28,119.9
2024-12-12T17:30:00Z,119.9,119.9,119,119.29
2024-12-12T18:30:00Z,119.28,119.9,119.23,119.4
2024-12-12T19:30:00Z,119.43,119.82,119.03,119.06
2024-12-12T20:30:00Z,119.09,119.61,118.85,119.19
2024-12-13T14:30:00Z,120.5,121.25,117.16,117.16
2024-12-13T15:30:00Z,117.22,117.86,116.53,117.6
2024-12-13T16:30:00Z,117.64,118.1,117.38,117.73
2024-12-13T17:30:00Z,117.7,117.95,117.48,117.83
2024-12-13T18:30:00Z,117.85,118.04,117.48,117.82
2024-12-13T19:30:00Z,117.82,118.38,117.82,118.36
2024-12-13T20:30:00Z,118.36,118.7,117.93,118.43
2024-12-16T14:30:00Z,118.89,122.09,118.45,120.48
2024-12-16T15:30:00Z,120.48,121.1,120.3,120.44
2024-12-16T16:30:00Z,120.4,120.55,120,120.4
2024-12-16T17:30:00Z,120.47,120.74,120.12,120.57
2024-12-16T18:30:00Z,120.53,120.91,120.25,120.26
2024-12-16T19:30:00Z,120.25,120.43,119.76,119.775
2024-12-16T20:30:00Z,119.76,119.92,119.24,119.29
2024-12-17T14:30:00Z,118.58,120.2,117.9,118.05
2024-12-17T15:30:00Z,118.1,118.5,117.96,118.32
2024-12-17T16:30:00Z,118.3,119.73,118.3,119.7
2024-12-17T17:30:00Z,119.7,119.7,119.06,119.06
2024-12-17T18:30:00Z,119.07,119.14,118.41,118.43
2024-12-17T19:30:00Z,118.43,118.46,118.09,118.29
2024-12-17T20:30:00Z,118.33,118.83,118.22,118.29
2024-12-18T14:30:00Z,119.5,119.9,118.33,119
2024-12-18T15:30:00Z,119.04,119.99,118.88,119.02
2024-12-18T16:30:00Z,119.04,119.04,117.55,117.55
2024-12-18T17:30:00Z,117.55,118.03,117.45,118.01
2024-12-18T18:30:00Z,117.97,118.4,116.73,116.81
2024-12-18T19:30:00Z,116.73,117.11,114,114.1
2024-12-18T20:30:00Z,114.15,114.4,111.94,112.61
2024-12-19T14:30:00Z,114.4,115.5,112.38,112.38
2024-12-19T15:30:00Z,112.41,113.41,111.77,113.31
2024-12-19T16:30:00Z,113.24,113.92,111.8,112.03
2024-12-19T17:30:00Z,112.07,112.22,111.3,112.07
2024-12-19T18:30:00Z,112.01,112.69,111.845,112.01
2024-12-19T19:30:00Z,112.06,112.07,111.44,111.71
2024-12-19T20:30:00Z,111.78,112.55,111.53,111.93
2024-12-20T14:30:00Z,110.8,113.64,110.25,113.64
2024-12-20T15:30:00Z,113.66,115.25,113.66,115.13
2024-12-20T16:30:00Z,115.15,115.7,114.87,115.7
2024-12-20T17:30:00Z,115.66,115.95,114.86,114.98
2024-12-20T18:30:00Z,114.9,116.1,114.9,115.78
2024-12-20T19:30:00Z,115.77,116.35,115.34,115.68
2024-12-20T20:30:00Z,115.74,116.47,115.32,115.87
2024-12-23T14:30:00Z,116.54,117.69,116.27,117.21
2024-12-23T15:30:00Z,117.25,118.32,117.19,117.64
2024-12-23T16:30:00Z,117.65,118.58,117.33,118.4
2024-12-23T17:30:00Z,118.43,118.88,118.3,118.63
2024-12-23T18:30:00Z,118.6,118.79,118.4,118.58
2024-12-23T19:30:00Z,118.57,118.89,118.13,118.84
2024-12-23T20:30:00Z,118.86,119.12,118.67,118.84
2024-12-24T14:30:00Z,118.32,119.41,118.15,118.755
2024-12-24T15:30:00Z,118.765,118.87,118.26,118.675
2024-12-24T16:30:00Z,118.675,118.82,118.38,118.7
2024-12-24T17:30:00Z,118.7,119.08,118.47,118.95
2024-12-26T14:30:00Z,118.49,119.88,118.275,119.68
2024-12-26T15:30:00Z,119.65,119.88,119.2,119.36
2024-12-26T16:30:00Z,119.46,119.54,119.09,119.23
2024-12-26T17:30:00Z,119.235,119.72,118.88,119.45
2024-12-26T18:30:00Z,119.42,119.63,119.14,119.55
2024-12-26T19:30:00Z,119.53,119.58,119.06,119.47
2024-12-26T20:30:00Z,119.51,119.65,119.01,119.32
2024-12-27T14:30:00Z,118.4,118.85,116.88,117.32
2024-12-27T15:30:00Z,117.2,117.45,116.93,117.42
2024-12-27T16:30:00Z,117.36,117.73,116.52,116.65
2024-12-27T17:30:00Z,116.67,117.13,116.62,116.97
2024-12-27T18:30:00Z,116.92,117.37,116.92,117.14
2024-12-27T19:30:00Z,117.17,117.67,117.08,117.3
2024-12-27T20:30:00Z,117.29,117.6,116.97,117.35
2024-12-30T14:30:00Z,115.34,115.34,112.65,112.92
2024-12-30T15:30:00Z,112.96,114.83,112.94,114.71
2024-12-30T16:30:00Z,114.65,115.54,114.495,115.42
2024-12-30T17:30:00Z,115.43,115.91,115.28,115.62
2024-12-30T18:30:00Z,115.67,115.81,114.67,114.73
2024-12-30T19:30:00Z,114.72,115.34,114.63,114.93
2024-12-30T20:30:00Z,114.95,115.1,114.62,114.79
2024-12-31T14:30:00Z,115.435,116.08,115.07,115.67
2024-12-31T15:30:00Z,115.58,115.74,114.8,114.98
2024-12-31T16:30:00Z,114.97,115.6,114.76,114.78
2024-12-31T17:30:00Z,114.75,115.14,114.32,114.52
2024-12-31T18:30:00Z,114.5,114.9,114.24,114.33
2024-12-31T19:30:00Z,114.3,115.06,114.17,115.03
2024-12-31T20:30:00Z,115.1,115.28,114.73,115.25
2025-01-02T14:30:00Z,115.26,116.1,113.51,115.52
2025-01-02T15:30:00Z,115.62,116.88,115.07,116.86
2025-01-02T16:30:00Z,116.77,117.43,116.33,116.33
2025-01-02T17:30:00Z,116.3,116.3,115.17,116
2025-01-02T18:30:00Z,115.97,116.02,115.41,115.94
2025-01-02T19:30:00Z,115.9,116.74,115.72,116.63
2025-01-02T20:30:00Z,116.64,116.81,116.33,116.55
2025-01-03T14:30:00Z,117.5,120.23,117.5,119.29
2025-01-03T15:30:00Z,119.25,120.25,118.75,118.93
2025-01-03T16:30:00Z,118.93,119.565,118.59,118.76
2025-01-03T17:30:00Z,118.8,119.74,118.78,119.73
2025-01-03T18:30:00Z,119.7,120.77,119.6,120.08
2025-01-03T19:30:00Z,120.07,120.13,119.63,120.07
2025-01-03T20:30:00Z,120.02,120.3,119.8,119.94
2025-01-06T14:30:00Z,121.625,124.73,121.38,124.66
2025-01-06T15:30:00Z,124.68,124.72,123.33,124
2025-01-06T16:30:00Z,123.97,124.7,123.83,124.58
2025-01-06T17:30:00Z,124.55,124.92,124.165,124.84
2025-01-06T18:30:00Z,124.84,124.9,124.1,124.5
2025-01-06T19:30:00Z,124.45,124.99,124.12,124.42
2025-01-06T20:30:00Z,124.42,125.03,124.16,124.71
2025-01-07T14:30:00Z,125.41,125.75,122.66,123.25
2025-01-07T15:30:00Z,123.15,124.14,121.73,123.78
2025-01-07T16:30:00Z,123.77,123.88,122.56,122.94
2025-01-07T17:30:00Z,122.96,123.41,122.78,123.35
2025-01-07T18:30:00Z,123.32,123.55,122.23,122.4
2025-01-07T19:30:00Z,122.37,122.39,121.44,121.5
2025-01-07T20:30:00Z,121.52,121.6,120.95,121.27
2025-01-08T14:30:00Z,120,120.51,117.75,118.65
2025-01-08T15:30:00Z,118.605,120,118.4,119.67
2025-01-08T16:30:00Z,119.72,120.35,118.5,118.61
2025-01-08T17:30:00Z,118.57,120.15,118.38,120
2025-01-08T18:30:00Z,119.99,120.51,119.55,120.41
2025-01-08T19:30:00Z,120.28,120.29,119.27,119.53
2025-01-08T20:30:00Z,119.56,119.64,119,119.25
2025-01-10T14:30:00Z,117.92,117.98,114.73,116.82
2025-01-10T15:30:00Z,116.83,117.33,115.82,115.97
2025-01-10T16:30:00Z,115.88,116.75,115.8,116.53
2025-01-10T17:30:00Z,116.545,117.26,116.28,117
2025-01-10T18:30:00Z,116.96,117.19,116.48,116.9
2025-01-10T19:30:00Z,116.9,116.9,114.62,115.39
2025-01-10T20:30:00Z,115.35,115.445,114.59,114.69
2025-01-13T14:30:00Z,110.78,110.81,106.68,108.25
2025-01-13T15:30:00Z,108.21,110.17,108.08,109.6
2025-01-13T16:30:00Z,109.6,110.21,109.09,110.02
2025-01-13T17:30:00Z,110.01,110.47,109.79,110.18
2025-01-13T18:30:00Z,110.2,110.32,109.3,109.93
2025-01-13T19:30:00Z,109.93,110.51,109.53,109.86
2025-01-13T20:30:00Z,109.87,110.23,109.48,110.12
2025-01-14T14:30:00Z,111.45,111.79,109.9,110.6
2025-01-14T15:30:00Z,110.64,110.64,107.91,107.91
2025-01-14T16:30:00Z,107.9,108.2,107.46,107.67
2025-01-14T17:30:00Z,107.64,108.21,107.2,108.16
2025-01-14T18:30:00Z,108.14,108.93,107.98,108.7
2025-01-14T19:30:00Z,108.68,109.07,107.8,108.44
2025-01-14T20:30:00Z,108.48,109.15,108.15,109.05
2025-01-15T14:30:00Z,111.855,111.89,109.72,110.44
2025-01-15T15:30:00Z,110.42,110.5,109.23,109.27
2025-01-15T16:30:00Z,109.305,109.305,108.05,108.42
2025-01-15T17:30:00Z,108.41,108.86,108.18,108.81
2025-01-15T18:30:00Z,108.87,110,108.87,109.79
2025-01-15T19:30:00Z,109.78,109.79,109.3,109.53
2025-01-15T20:30:00Z,109.5,109.58,109.08,109.21
2025-01-16T14:30:00Z,109.05,110.69,108.42,110.27
2025-01-16T15:30:00Z,110.21,111.25,110.18,110.47
2025-01-16T16:30:00Z,110.43,111.17,109.94,111.02
2025-01-16T17:30:00Z,110.99,111.36,110.28,110.28
2025-01-16T18:30:00Z,110.28,110.8,109.85,110.7
2025-01-16T19:30:00Z,110.73,111.005,110.36,110.51
2025-01-16T20:30:00Z,110.55,110.67,110.01,110.11
2025-01-17T14:30:00Z,111.65,111.66,109.67,110.11
2025-01-17T15:30:00Z,110.11,111.05,109.99,110.79
2025-01-17T16:30:00Z,110.83,111.11,110.2,110.33
2025-01-17T17:30:00Z,110.3,110.51,110.06,110.21
2025-01-17T18:30:00Z,110.19,110.21,109.82,110.01
2025-01-17T19:30:00Z,110.05,110.18,109.7,109.73
2025-01-17T20:30:00Z,109.75,110.05,109.55,109.62
2025-01-21T14:30:00Z,110.05,110.55,107.91,108.89
2025-01-21T15:30:00Z,108.8,109.64,108.67,109.5
2025-01-21T16:30:00Z,109.51,110.24,109.45,109.86
2025-01-21T17:30:00Z,109.85,112.38,109.73,111.44
2025-01-21T18:30:00Z,111.39,111.62,110.86,111.06
2025-01-21T19:30:00Z,111.15,111.27,110.9,111.11
2025-01-21T20:30:00Z,111.08,111.63,110.97,111.58
2025-01-22T14:30:00Z,116.66,120.94,116.56,117.77
2025-01-22T15:30:00Z,117.82,118.185,116.55,116.7
2025-01-22T16:30:00Z,116.73,117,115.95,116.4
2025-01-22T17:30:00Z,116.44,116.46,115.54,115.68
2025-01-22T18:30:00Z,115.68,116.46,115.2,116.29
2025-01-22T19:30:00Z,116.28,116.66,115.49,115.51
2025-01-22T20:30:00Z,115.5,115.8,114.95,115.12
2025-01-23T14:30:00Z,112.7,114.41,111.97,113.06
2025-01-23T15:30:00Z,112.98,113.72,112.93,113.51
2025-01-23T16:30:00Z,113.47,114.05,113.34,114.05
2025-01-23T17:30:00Z,114.04,114.69,113.64,114.6
2025-01-23T18:30:00Z,114.65,114.7,114.24,114.47
2025-01-23T19:30:00Z,114.51,114.62,113.96,113.98
2025-01-23T20:30:00Z,114.01,114.3,113.63,114.23
2025-01-24T14:30:00Z,115.03,116.75,114.66,115.66
2025-01-24T15:30:00Z,115.61,115.61,114.34,114.89
2025-01-24T16:30:00Z,114.91,115.18,114.09,114.15
2025-01-24T17:30:00Z,114.2,114.44,113.26,113.32
2025-01-24T18:30:00Z,113.3,113.64,112.77,113.54
2025-01-24T19:30:00Z,113.54,113.9,113.26,113.39
2025-01-24T20:30:00Z,113.45,114.11,113.45,113.72
2025-01-27T14:30:00Z,106.07,107.41,104.33,105.55
2025-01-27T15:30:00Z,105.51,105.6,103.6,103.92
2025-01-27T16:30:00Z,103.97,104.32,102.92,103.58
2025-01-27T17:30:00Z,103.59,103.81,101.61,101.83
2025-01-27T18:30:00Z,101.87,102.33,100.59,101.56
2025-01-27T19:30:00Z,101.54,101.95,100.04,101.815
2025-01-27T20:30:00Z,101.83,103.9,101.74,103.83
2025-01-28T14:30:00Z,104.1,104.1,101.12,102.64
2025-01-28T15:30:00Z,102.61,102.61,100.51,100.535
2025-01-28T16:30:00Z,100.53,102.39,100.53,102.19
2025-01-28T17:30:00Z,102.23,102.26,101.64,101.64
2025-01-28T18:30:00Z,101.66,102,101.12,101.52
2025-01-28T19:30:00Z,101.53,102.04,101.13,101.49
2025-01-28T20:30:00Z,101.48,102.62,101.21,101.27
2025-01-29T14:30:00Z,102.07,103.55,101.69,102.5
2025-01-29T15:30:00Z,102.55,102.98,101.5,102.5
2025-01-29T16:30:00Z,102.49,103,102.41,102.89
2025-01-29T17:30:00Z,102.95,103.08,102.1,103.08
2025-01-29T18:30:00Z,103.07,103.2,102.39,102.8
2025-01-29T19:30:00Z,102.8,103.84,102.74,103.58
2025-01-29T20:30:00Z,103.61,103.7,102.95,103.09
2025-01-30T14:30:00Z,103.61,105.52,103.29,104.53
2025-01-30T15:30:00Z,104.505,104.85,103.8,104.45
2025-01-30T16:30:00Z,104.43,104.62,103.93,104.46
2025-01-30T17:30:00Z,104.42,105.04,104.32,104.57
2025-01-30T18:30:00Z,104.56,105.91,104.55,105.31
2025-01-30T19:30:00Z,105.27,105.95,105.23,105.86
2025-01-30T20:30:00Z,105.87,105.93,104.87,105.34
2025-01-31T14:30:00Z,106.3,106.83,105.6,106.4
2025-01-31T15:30:00Z,106.47,107.23,106.45,106.45
2025-01-31T16:30:00Z,106.44,106.77,105.82,106.33
2025-01-31T17:30:00Z,106.35,106.54,104.77,104.86
2025-01-31T18:30:00Z,104.78,105.35,104.65,105.13
2025-01-31T19:30:00Z,105.2,105.32,103.55,103.7
2025-01-31T20:30:00Z,103.76,104.345,103.56,103.6
2025-02-03T14:30:00Z,98.94,100.53,98.37,99.96
2025-02-03T15:30:00Z,99.9,100.85,99.65,100.7
2025-02-03T16:30:00Z,100.67,101.01,100.13,100.18
2025-02-03T17:30:00Z,100.15,100.71,99.89,100.32
2025-02-03T18:30:00Z,100.35,100.58,100.08,100.2
2025-02-03T19:30:00Z,100.2,100.37,99.8,99.87
2025-02-03T20:30:00Z,99.885,100.29,99.73,100.09
2025-02-04T14:30:00Z,100.24,101.45,99.88,101.06
2025-02-04T15:30:00Z,101.08,102.02,100.88,101.72
2025-02-04T16:30:00Z,101.7,102.08,101.19,101.19
2025-02-04T17:30:00Z,101.24,101.92,101.21,101.87
2025-02-04T18:30:00Z,101.85,102.44,101.66,102.36
2025-02-04T19:30:00Z,102.39,102.46,101.5,101.91
2025-02-04T20:30:00Z,101.89,101.92,101.46,101.74
2025-02-05T14:30:00Z,102.96,103.5,101.19,103.3
2025-02-05T15:30:00Z,103.25,104.44,103.11,104.12
2025-02-05T16:30:00Z,104.12,105.18,103.88,104.82
2025-02-05T17:30:00Z,104.81,105.02,104.3,104.45
2025-02-05T18:30:00Z,104.43,105.33,104.36,105.27
2025-02-05T19:30:00Z,105.24,105.7,104.93,105.18
2025-02-05T20:30:00Z,105.17,105.33,104.39,104.4
2025-02-06T14:30:00Z,104.93,107.25,104.93,106.71
2025-02-06T15:30:00Z,106.73,106.78,106.07,106.62
2025-02-06T16:30:00Z,106.64,106.72,106.25,106.47
2025-02-06T17:30:00Z,106.49,106.71,106.09,106.22
2025-02-06T18:30:00Z,106.24,106.24,105.63,105.69
2025-02-06T19:30:00Z,105.68,105.68,105.18,105.39
2025-02-06T20:30:00Z,105.39,105.98,105.29,105.94
2025-02-07T14:30:00Z,107.5,108.97,106.87,108.53
2025-02-07T15:30:00Z,108.46,109.35,107.45,107.45
2025-02-07T16:30:00Z,107.49,107.71,106.54,106.77
2025-02-07T17:30:00Z,106.73,107.6,106.6,107.36
2025-02-07T18:30:00Z,107.37,107.41,106.12,106.14
2025-02-07T19:30:00Z,106.1,106.57,105.99,106.19
2025-02-07T20:30:00Z,106.19,106.83,106.06,106.39
2025-02-10T14:30:00Z,107.37,110.34,107.34,109.92
2025-02-10T15:30:00Z,109.97,110.15,109.3,109.53
2025-02-10T16:30:00Z,109.55,111.425,109.55,111.36
2025-02-10T17:30:00Z,111.335,112.81,111.305,112.625
2025-02-10T18:30:00Z,112.615,112.705,112.13,112.4
2025-02-10T19:30:00Z,112.4,112.77,112.18,112.53
2025-02-10T20:30:00Z,112.52,112.67,111.9,112.35
2025-02-11T14:30:00Z,110.2,112,110.2,111.39
2025-02-11T15:30:00Z,111.45,111.9,111.2,111.2
2025-02-11T16:30:00Z,111.24,111.63,109.86,110.91
2025-02-11T17:30:00Z,110.93,111.17,110.68,110.83
2025-02-11T18:30:00Z,110.87,111.2,110.71,110.81
2025-02-11T19:30:00Z,110.8,111.5,110.56,111.42
2025-02-11T20:30:00Z,111.4,111.5,110.95,111.49
2025-02-12T14:30:00Z,110,114,110,113.455
2025-02-12T15:30:00Z,113.49,113.81,112.25,112.48
2025-02-12T16:30:00Z,112.49,113.87,112.49,113.73
2025-02-12T17:30:00Z,113.72,113.98,113.3,113.34
2025-02-12T18:30:00Z,113.38,113.77,112.45,112.84
2025-02-12T19:30:00Z,112.86,113.35,112.82,112.99
2025-02-12T20:30:00Z,113,113.09,112.59,112.94
2025-02-13T14:30:00Z,111.09,111.76,109.32,109.76
2025-02-13T15:30:00Z,109.79,110.25,108.74,109.13
2025-02-13T16:30:00Z,109.18,109.75,108.88,109.43
2025-02-13T17:30:00Z,109.43,109.8,108.91,109.75
2025-02-13T18:30:00Z,109.78,110.55,109.77,110.24
2025-02-13T19:30:00Z,110.29,110.43,109.87,110.16
2025-02-13T20:30:00Z,110.16,110.41,109.86,110.28
2025-02-14T14:30:00Z,111,111.75,109.78,110.91
2025-02-14T15:30:00Z,110.92,111.09,109.94,110.21
2025-02-14T16:30:00Z,110.26,110.31,109.78,109.78
2025-02-14T17:30:00Z,109.76,117.12,109.73,114.15
2025-02-14T18:30:00Z,114.14,115,113.14,113.62
2025-02-14T19:30:00Z,113.66,114.29,113.45,113.6
2025-02-14T20:30:00Z,113.58,114.54,113.42,114.31
2025-02-18T14:30:00Z,116.38,120.92,116.35,119.11
2025-02-18T15:30:00Z,119.05,119.66,117.83,118.66
2025-02-18T16:30:00Z,118.69,119.2,117.39,118.84
2025-02-18T17:30:00Z,118.86,120.59,118.78,120.07
2025-02-18T18:30:00Z,120.09,120.3,118.91,119.31
2025-02-18T19:30:00Z,119.27,120.35,119.2,120.06
2025-02-18T20:30:00Z,120.03,120.41,119.605,120.36
2025-02-19T14:30:00Z,118.78,120.48,118.65,119.97
2025-02-19T15:30:00Z,119.97,120.83,119.62,120.75
2025-02-19T16:30:00Z,120.74,120.87,119.81,120.14
2025-02-19T17:30:00Z,120.11,121.96,120,120.86
2025-02-19T18:30:00Z,120.88,121.99,120.88,121.89
2025-02-19T19:30:00Z,121.85,122.26,119.8,120.04
2025-02-19T20:30:00Z,120.08,121.1,120.07,120.96
2025-02-20T14:30:00Z,120.28,121.2,116.78,118.2
2025-02-20T15:30:00Z,118.19,118.65,117.57,118.65
2025-02-20T16:30:00Z,118.68,119.88,118.535,119.85
2025-02-20T17:30:00Z,119.84,120.17,119.11,119.32
2025-02-20T18:30:00Z,119.31,119.52,119.02,119.36
2025-02-20T19:30:00Z,119.38,120.07,119.06,119.9
2025-02-20T20:30:00Z,119.92,120.08,119.58,119.92
2025-02-21T14:30:00Z,120.85,121.25,119.62,120
2025-02-21T15:30:00Z,120.03,120.52,119.43,120.22
2025-02-21T16:30:00Z,120.24,121.2,120.15,120.35
2025-02-21T17:30:00Z,120.38,120.47,118.8,118.8
2025-02-21T18:30:00Z,118.86,119.69,117.545,117.64
2025-02-21T19:30:00Z,117.67,118.48,117.32,118.25
2025-02-21T20:30:00Z,118.27,118.5,117.56,117.62
2025-02-24T14:30:00Z,115.65,116.25,111.11,112.38
2025-02-24T15:30:00Z,112.44,114.06,111.42,113.9
2025-02-24T16:30:00Z,113.895,114.54,113.5,114.39
2025-02-24T17:30:00Z,114.38,115.47,114.17,115.24
2025-02-24T18:30:00Z,115.23,115.49,114.38,114.69
2025-02-24T19:30:00Z,114.67,115.02,114.2,114.38
2025-02-24T20:30:00Z,114.4,114.83,114.03,114.16
2025-02-25T14:30:00Z,113.75,114.02,109.7,109.77
2025-02-25T15:30:00Z,109.78,111.31,109.68,110.21
2025-02-25T16:30:00Z,110.24,111.5,109.88,110.58
2025-02-25T17:30:00Z,110.59,111.21,110.39,110.59
2025-02-25T18:30:00Z,110.57,111.08,109.7,109.95
2025-02-25T19:30:00Z,109.955,111.64,109.86,111.54
2025-02-25T20:30:00Z,111.54,111.55,110.34,110.67
2025-02-26T14:30:00Z,112.115,115.68,111.9,114.74
2025-02-26T15:30:00Z,114.81,116.84,114.71,116.49
2025-02-26T16:30:00Z,116.54,117.27,116.2,117.15
2025-02-26T17:30:00Z,117.25,117.25,115.71,115.73
2025-02-26T18:30:00Z,115.67,116.03,114.89,115.3
2025-02-26T19:30:00Z,115.28,115.88,114.91,115.68
2025-02-26T20:30:00Z,115.65,116.33,115.48,115.66
2025-02-27T14:30:00Z,117.13,117.365,110.82,113.63
2025-02-27T15:30:00Z,113.52,113.66,111.93,112.18
2025-02-27T16:30:00Z,112.14,112.9,111.55,112.43
2025-02-27T17:30:00Z,112.47,112.6,111.76,112.15
2025-02-27T18:30:00Z,112.21,112.34,110.62,110.76
2025-02-27T19:30:00Z,110.76,110.79,109.06,109.1
2025-02-27T20:30:00Z,109.1,109.46,107.46,107.79
2025-02-28T14:30:00Z,100.51,103.9,99.05,102.07
2025-02-28T15:30:00Z,102.08,102.3,100.31,100.81
2025-02-28T16:30:00Z,100.76,102.81,100.74,102.2
2025-02-28T17:30:00Z,102.15,102.96,99.88,100.7
2025-02-28T18:30:00Z,100.65,101.38,100.46,100.99
2025-02-28T19:30:00Z,100.95,102.35,100.95,102.24
2025-02-28T20:30:00Z,102.21,103.03,101.77,102.71
2025-03-03T14:30:00Z,103.7,103.78,98.16,99.745
2025-03-03T15:30:00Z,99.73,100.13,99.32,99.39
2025-03-03T16:30:00Z,99.47,99.84,98.85,99.43
2025-03-03T17:30:00Z,99.45,99.82,97.37,97.37
2025-03-03T18:30:00Z,97.45,98.52,97.01,97.74
2025-03-03T19:30:00Z,97.74,98.24,95.34,95.38
2025-03-03T20:30:00Z,95.44,95.94,94.55,95.6
2025-03-04T14:30:00Z,93.2,95.35,92.48,92.61
2025-03-04T15:30:00Z,92.6,93.65,92.41,92.69
2025-03-04T16:30:00Z,92.69,95.71,92.69,95.53
2025-03-04T17:30:00Z,95.51,95.96,94.78,95.11
2025-03-04T18:30:00Z,95.09,96.65,95.06,96.08
2025-03-04T19:30:00Z,96.12,96.83,95.75,95.85
2025-03-04T20:30:00Z,95.83,95.83,93.79,94.04
2025-03-05T14:30:00Z,94.65,95.57,93.25,95.44
2025-03-05T15:30:00Z,95.4,96.38,95.07,95.79
2025-03-05T16:30:00Z,95.75,97.015,95.38,96.76
2025-03-05T17:30:00Z,96.84,97.55,96.68,97.14
2025-03-05T18:30:00Z,97.09,97.89,96.88,97.2
2025-03-05T19:30:00Z,97.225,97.73,96.94,97.32
2025-03-05T20:30:00Z,97.31,97.49,96.76,97.2
2025-03-06T14:30:00Z,94.3,95.82,93,95.53
2025-03-06T15:30:00Z,95.36,95.57,94.72,95.14
2025-03-06T16:30:00Z,95.21,95.42,93.45,93.53
2025-03-06T17:30:00Z,93.53,94.17,93.15,93.78
2025-03-06T18:30:00Z,93.79,93.92,92.97,93.09
2025-03-06T19:30:00Z,93.07,94.62,92.98,93.64
2025-03-06T20:30:00Z,93.59,93.9,92.925,93.02
2025-03-07T14:30:00Z,91.66,92.63,91.11,91.41
2025-03-07T15:30:00Z,91.38,91.62,89.66,89.66
2025-03-07T16:30:00Z,89.71,89.84,88.35,89.04
2025-03-07T17:30:00Z,89.05,90.37,88.865,89.89
2025-03-07T18:30:00Z,89.89,91.34,89.8,91.07
2025-03-07T19:30:00Z,91.04,91.52,90.7,91
2025-03-07T20:30:00Z,90.99,91.51,90.61,91.44
2025-03-10T13:30:00Z,89.13,91.39,88.8,89.81
2025-03-10T14:30:00Z,89.72,91,89.18,90.95
2025-03-10T15:30:00Z,90.86,91.75,90.07,90.62
2025-03-10T16:30:00Z,90.6,90.87,89.75,90.18
2025-03-10T17:30:00Z,90.18,90.24,89.15,89.63
2025-03-10T18:30:00Z,89.69,90.55,88.69,90.17
2025-03-10T19:30:00Z,90.24,90.72,89.76,90.48
2025-03-11T13:30:00Z,90.54,92.81,90,90.75
2025-03-11T14:30:00Z,90.83,91.86,90.16,91.1
2025-03-11T15:30:00Z,91.05,92.45,91.05,91.5
2025-03-11T16:30:00Z,91.52,91.78,90.13,90.37
2025-03-11T17:30:00Z,90.32,91.62,90.32,91.43
2025-03-11T18:30:00Z,91.44,92.4,91.06,91.41
2025-03-11T19:30:00Z,91.3,92.21,91.3,91.58
2025-03-12T13:30:00Z,94.66,95.99,94.35,94.87
2025-03-12T14:30:00Z,94.89,94.94,93.2,93.65
2025-03-12T15:30:00Z,93.6,95.1,93.54,94.95
2025-03-12T16:30:00Z,95.02,95.36,94.54,95.36
2025-03-12T17:30:00Z,95.36,95.89,94.56,95.87
2025-03-12T18:30:00Z,95.89,95.97,95.02,95.25
2025-03-12T19:30:00Z,95.21,95.4,94.27,94.53
2025-03-13T13:30:00Z,93.92,94.8,92.77,94.33
2025-03-13T14:30:00Z,94.39,94.87,93.5,93.73
2025-03-13T15:30:00Z,93.8,93.96,92.93,93.19
2025-03-13T16:30:00Z,93.16,93.74,91.92,92.18
2025-03-13T17:30:00Z,92.19,92.78,91.55,92.75
2025-03-13T18:30:00Z,92.78,93.3,92.13,92.28
2025-03-13T19:30:00Z,92.25,92.63,91.91,92.45
2025-03-14T13:30:00Z,94.385,95.76,94.2,95.06
2025-03-14T14:30:00Z,95.13,97.28,95.11,97.04
2025-03-14T15:30:00Z,97.05,97.28,96.21,96.32
2025-03-14T16:30:00Z,96.31,96.725,96.24,96.41
2025-03-14T17:30:00Z,96.37,96.54,95.86,96.01
2025-03-14T18:30:00Z,96.03,96.29,95.86,96.06
2025-03-14T19:30:00Z,96.06,96.19,95.59,95.65
2025-03-17T13:30:00Z,98.3,98.35,96.78,97.59
2025-03-17T14:30:00Z,97.46,98.71,97.3,98.45
2025-03-17T15:30:00Z,98.37,98.8,97.95,98.02
2025-03-17T16:30:00Z,97.96,98.71,97.49,98.17
2025-03-17T17:30:00Z,98.19,98.51,97.88,98.46
2025-03-17T18:30:00Z,98.39,98.81,98.39,98.43
2025-03-17T19:30:00Z,98.41,98.54,97.5,97.7
2025-03-18T13:30:00Z,96.88,96.97,94.95,95.71
2025-03-18T14:30:00Z,95.63,95.9,94.79,95.27
2025-03-18T15:30:00Z,95.26,96.22,95.02,96.22
2025-03-18T16:30:00Z,96.1,96.57,95.65,96.38
2025-03-18T17:30:00Z,96.36,96.73,95.92,96.17
2025-03-18T18:30:00Z,96.19,97.2,96.05,96.615
2025-03-18T19:30:00Z,96.69,96.79,96.21,96.45
2025-03-19T13:30:00Z,96.86,99.83,96.6,99.62
2025-03-19T14:30:00Z,99.65,99.79,99.1,99.31
2025-03-19T15:30:00Z,99.28,99.53,98.82,99.025
2025-03-19T16:30:00Z,99.03,99.03,98.045,98.1
2025-03-19T17:30:00Z,98.1,98.98,97.71,98.4
2025-03-19T18:30:00Z,98.4,100.42,98.4,99.01
2025-03-19T19:30:00Z,98.91,99.5,98.65,98.72
2025-03-20T13:30:00Z,97.84,100.98,97.56,100.61
2025-03-20T14:30:00Z,100.64,101.17,100.35,101.05
2025-03-20T15:30:00Z,101.03,101.42,100.17,100.22
2025-03-20T16:30:00Z,100.3,100.55,99.83,99.87
2025-03-20T17:30:00Z,99.88,100.28,99.84,99.84
2025-03-20T18:30:00Z,99.84,100.16,99.55,99.55
2025-03-20T19:30:00Z,99.62,99.91,98.69,98.91
2025-03-21T13:30:00Z,98.51,98.51,96.55,98.01
2025-03-21T14:30:00Z,97.95,98,96.44,96.6
2025-03-21T15:30:00Z,96.61,98.02,96.44,97.85
2025-03-21T16:30:00Z,97.79,98.29,97.6,97.62
2025-03-21T17:30:00Z,97.6,98.09,97.52,97.85
2025-03-21T18:30:00Z,97.86,98.38,97.41,97.56
2025-03-21T19:30:00Z,97.55,97.9,97.42,97.56
2025-03-24T13:30:00Z,100.01,101.5,99.67,101.36
2025-03-24T14:30:00Z,101.38,101.38,99.92,100.21
2025-03-24T15:30:00Z,100.21,100.21,99.29,99.63
2025-03-24T16:30:00Z,99.64,100.29,99.53,100.1
2025-03-24T17:30:00Z,100.09,100.22,99.71,99.89
2025-03-24T18:30:00Z,99.9,100.35,99.67,99.73
2025-03-24T19:30:00Z,99.74,100.2,99.7,99.85
2025-03-25T13:30:00Z,99.92,101.28,99.65,99.7
2025-03-25T14:30:00Z,99.64,100.02,99.36,99.63
2025-03-25T15:30:00Z,99.67,99.71,99.35,99.53
2025-03-25T16:30:00Z,99.5,99.73,98.62,98.63
2025-03-25T17:30:00Z,98.7,99.04,98.6,98.82
2025-03-25T18:30:00Z,98.835,99.03,98.52,98.54
2025-03-25T19:30:00Z,98.54,98.9,98.54,98.81
2025-03-26T13:30:00Z,98.95,100.5,97.81,98.22
2025-03-26T14:30:00Z,98.17,98.61,97.66,97.85
2025-03-26T15:30:00Z,97.9,98.05,96.65,96.98
2025-03-26T16:30:00Z,96.93,97.03,95.91,96.05
2025-03-26T17:30:00Z,95.98,96.63,95.71,96.47
2025-03-26T18:30:00Z,96.43,96.61,95.6,95.87
2025-03-26T19:30:00Z,95.87,96.52,95.87,96.19
2025-03-27T13:30:00Z,95,95.39,93.68,94.645
2025-03-27T14:30:00Z,94.69,95.15,94.31,94.37
2025-03-27T15:30:00Z,94.33,95.31,94.26,94.88
2025-03-27T16:30:00Z,94.88,95.37,94.35,94.9
2025-03-27T17:30:00Z,94.87,96.73,94.71,96.62
2025-03-27T18:30:00Z,96.51,98.21,96.42,98.01
2025-03-27T19:30:00Z,98.01,98.37,96.98,97.06
2025-03-28T13:30:00Z,94.01,95.56,93.01,93.01
2025-03-28T14:30:00Z,93.06,93.495,92.36,93.08
2025-03-28T15:30:00Z,93.065,93.375,91.72,92.23
2025-03-28T16:30:00Z,92.26,92.37,91.51,91.68
2025-03-28T17:30:00Z,91.67,92.45,91.51,92.04
2025-03-28T18:30:00Z,92.07,92.64,91.97,92.4
2025-03-28T19:30:00Z,92.42,92.55,91.86,92.27
2025-03-31T14:30:00+01:00,89.43,90,88.4,88.8
2025-03-31T15:30:00+01:00,88.85,89.97,88.82,89.63
2025-03-31T16:30:00+01:00,89.57,90.26,89.27,90.01
2025-03-31T17:30:00+01:00,90,90.18,89.23,89.58
2025-03-31T18:30:00+01:00,89.59,90.5,89.24,90.44
2025-03-31T19:30:00+01:00,90.43,91,90.15,90.2
2025-03-31T20:30:00+01:00,90.21,91.21,90.14,91.105
2025-04-01T14:30:00+01:00,91.38,91.58,89.73,90.15
2025-04-01T15:30:00+01:00,90.27,92.16,90.25,91.79
2025-04-01T16:30:00+01:00,91.78,92.8,91.74,91.95
2025-04-01T17:30:00+01:00,91.94,92.11,91.54,91.63
2025-04-01T18:30:00+01:00,91.68,91.9,90.61,90.78
2025-04-01T19:30:00+01:00,90.79,91.57,90.79,91.34
2025-04-01T20:30:00+01:00,91.33,92.06,91.31,91.96
2025-04-02T14:30:00+01:00,89.97,93.58,89.97,93.52
2025-04-02T15:30:00+01:00,93.53,94.13,93.25,94.11
2025-04-02T16:30:00+01:00,94.05,95.24,93.76,95.24
2025-04-02T17:30:00+01:00,95.25,95.64,94.7,95.12
2025-04-02T18:30:00+01:00,95.1,95.12,94.22,94.22
2025-04-02T19:30:00+01:00,94.21,95.17,94.13,95.09
2025-04-02T20:30:00+01:00,95.05,95.7,94.89,95.3
2025-04-03T14:30:00+01:00,85.41,86,78.96,80.7
2025-04-03T15:30:00+01:00,80.67,81.53,79,80.49
2025-04-03T16:30:00+01:00,80.48,82.06,79.91,80.78
2025-04-03T17:30:00+01:00,80.79,80.91,78.58,78.85
2025-04-03T18:30:00+01:00,78.87,79.35,78.18,78.6
2025-04-03T19:30:00+01:00,78.61,79.09,77.52,77.8
2025-04-03T20:30:00+01:00,77.84,77.96,76.74,77.22
2025-04-04T14:30:00+01:00,74.93,74.94,71.08,71.11
2025-04-04T15:30:00+01:00,71.11,73.99,69.43,72.52
2025-04-04T16:30:00+01:00,72.6,73.22,71.46,71.59
2025-04-04T17:30:00+01:00,71.57,72.46,71.28,71.73
2025-04-04T18:30:00+01:00,71.72,73.06,71.365,71.705
2025-04-04T19:30:00+01:00,71.76,73.035,71.28,72.86
2025-04-04T20:30:00+01:00,72.84,73.31,71.53,71.62
2025-04-07T14:30:00+01:00,68.04,77.25,66.23,71.93
2025-04-07T15:30:00+01:00,71.985,75.84,70.47,71.85
2025-04-07T16:30:00+01:00,71.91,73.92,71.91,73.29
2025-04-07T17:30:00+01:00,73.4,75.1,72.22,75.075
2025-04-07T18:30:00+01:00,75.02,76.14,74.06,74.165
2025-04-07T19:30:00+01:00,74.24,75.55,74.06,74.16
2025-04-07T20:30:00+01:00,74.12,75.43,73.9,74.98
2025-04-08T14:30:00+01:00,77.43,79.47,76.98,78.895
2025-04-08T15:30:00+01:00,78.95,78.96,77.11,77.38
2025-04-08T16:30:00+01:00,77.49,78.02,76.5,76.89
2025-04-08T17:30:00+01:00,77,77.03,74.05,74.3
2025-04-08T18:30:00+01:00,74.32,75.43,74.15,74.59
2025-04-08T19:30:00+01:00,74.57,75.75,72.03,72.615
2025-04-08T20:30:00+01:00,72.53,72.79,71,72.61
2025-04-09T14:30:00+01:00,72.56,74.12,72.045,72.71
2025-04-09T15:30:00+01:00,72.77,73.3,71.14,72.25
2025-04-09T16:30:00+01:00,72.25,72.425,71.35,71.81
2025-04-09T17:30:00+01:00,71.72,79.38,71.49,77.35
2025-04-09T18:30:00+01:00,77.51,84.75,77.19,84.42
2025-04-09T19:30:00+01:00,84.23,85.44,81.23,84.62
2025-04-09T20:30:00+01:00,84.55,85.27,83.635,84.16
2025-04-10T14:30:00+01:00,80.21,80.88,78.88,80.09
2025-04-10T15:30:00+01:00,80.15,80.87,78.75,78.78
2025-04-10T16:30:00+01:00,78.8,79.05,75.89,76.31
2025-04-10T17:30:00+01:00,76.29,78.69,76.29,77.7
2025-04-10T18:30:00+01:00,77.57,79.65,77.42,79.595
2025-04-10T19:30:00+01:00,79.6,79.95,77.72,77.84
2025-04-10T20:30:00+01:00,77.815,79.18,77.11,78.96
2025-04-11T14:30:00+01:00,78.83,80.41,78,78.26
2025-04-11T15:30:00+01:00,78.21,79.95,78.07,79.83
2025-04-11T16:30:00+01:00,79.75,81.21,79.62,81.01
2025-04-11T17:30:00+01:00,81.03,82.44,81.03,81.24
2025-04-11T18:30:00+01:00,81.26,82.92,80.9,82.08
2025-04-11T19:30:00+01:00,82.085,82.67,81.55,82.4
2025-04-11T20:30:00+01:00,82.37,82.42,81.54,81.89
2025-04-14T14:30:00+01:00,89.17,89.3,85.8,87.26
2025-04-14T15:30:00+01:00,87.32,88.2,85.26,85.28
2025-04-14T16:30:00+01:00,85.26,85.79,84.06,84.52
2025-04-14T17:30:00+01:00,84.535,85.61,84.48,85.15
2025-04-14T18:30:00+01:00,85.13,85.77,84.8,85.72
2025-04-14T19:30:00+01:00,85.665,86.18,85.61,85.7
2025-04-14T20:30:00+01:00,85.7,85.76,85.02,85.21
2025-04-15T14:30:00+01:00,84.66,86.87,84.33,84.88
2025-04-15T15:30:00+01:00,84.94,85.61,84.5,85.28
2025-04-15T16:30:00+01:00,85.35,85.91,84.84,85.8
2025-04-15T17:30:00+01:00,85.8,85.925,84.9,84.93
2025-04-15T18:30:00+01:00,85,85.45,84.74,84.835
2025-04-15T19:30:00+01:00,84.8,85.51,84.75,85.24
2025-04-15T20:30:00+01:00,85.27,85.6,85.15,85.54
2025-04-16T14:30:00+01:00,82.06,85.3,82.06,84.11
2025-04-16T15:30:00+01:00,84.07,84.96,83.68,84.74
2025-04-16T16:30:00+01:00,84.74,84.79,83.93,84.165
2025-04-16T17:30:00+01:00,84.19,84.44,83.62,84.26
2025-04-16T18:30:00+01:00,84.27,84.27,82.22,83.13
2025-04-16T19:30:00+01:00,82.98,83.05,81.68,81.85
2025-04-16T20:30:00+01:00,81.85,83.59,81.85,83.42
2025-04-17T14:30:00+01:00,83.5,84.35,83.07,83.09
2025-04-17T15:30:00+01:00,83.04,84.36,82.93,83.92
2025-04-17T16:30:00+01:00,83.92,84.67,83.43,84.55
2025-04-17T17:30:00+01:00,84.58,84.97,84.17,84.32
2025-04-17T18:30:00+01:00,84.29,85.37,84.29,85.06
2025-04-17T19:30:00+01:00,85.08,85.42,84.61,84.85
2025-04-17T20:30:00+01:00,84.82,85.18,84.5,84.86
2025-04-21T14:30:00+01:00,83.37,84.32,82.95,82.98
2025-04-21T15:30:00+01:00,83.01,83.1,81.6,81.66
2025-04-21T16:30:00+01:00,81.6,81.65,80.75,81.12
2025-04-21T17:30:00+01:00,81.14,81.67,81,81.37
2025-04-21T18:30:00+01:00,81.36,81.79,81.28,81.66
2025-04-21T19:30:00+01:00,81.67,81.94,81.38,81.595
2025-04-21T20:30:00+01:00,81.64,82.56,81.64,82.39
2025-04-22T14:30:00+01:00,82.56,84.58,82.45,84.48
2025-04-22T15:30:00+01:00,84.48,84.77,84.15,84.2
2025-04-22T16:30:00+01:00,84.18,85.38,83.64,85.02
2025-04-22T17:30:00+01:00,85,85.2,83.35,83.4
2025-04-22T18:30:00+01:00,83.41,84.41,83.33,84.3
2025-04-22T19:30:00+01:00,84.35,84.65,83.75,83.82
2025-04-22T20:30:00+01:00,83.81,84.16,83.41,84.07
2025-04-23T14:30:00+01:00,89,91.89,88.8,90.49
2025-04-23T15:30:00+01:00,90.44,91.43,89.2,89.46
2025-04-23T16:30:00+01:00,89.51,89.8,89,89.62
2025-04-23T17:30:00+01:00,89.64,90.29,89.54,89.82
2025-04-23T18:30:00+01:00,89.85,90.52,89.61,89.97
2025-04-23T19:30:00+01:00,89.99,90.15,88.89,88.96
2025-04-23T20:30:00+01:00,88.98,89.44,88.63,89.13
2025-04-24T14:30:00+01:00,89.88,92.51,89.88,92.36
2025-04-24T15:30:00+01:00,92.3,93.55,92.19,92.65
2025-04-24T16:30:00+01:00,92.65,93.335,92.42,93.05
2025-04-24T17:30:00+01:00,93.1,93.56,93.05,93.43
2025-04-24T18:30:00+01:00,93.45,93.75,93.09,93.49
2025-04-24T19:30:00+01:00,93.47,94.21,93.47,93.74
2025-04-24T20:30:00+01:00,93.76,94.66,93.76,94.42
2025-04-25T14:30:00+01:00,94.72,95.35,93.99,94.365
2025-04-25T15:30:00+01:00,94.4,94.83,94,94.24
2025-04-25T16:30:00+01:00,94.31,94.91,94,94.71
2025-04-25T17:30:00+01:00,94.7,95.45,94.67,95.43
2025-04-25T18:30:00+01:00,95.4,95.405,94.18,95.1
2025-04-25T19:30:00+01:00,95.13,95.44,94.83,94.91
2025-04-25T20:30:00+01:00,94.87,95.07,94.49,94.92
2025-04-28T14:30:00+01:00,94.41,95.63,94.41,95.09
2025-04-28T15:30:00+01:00,95.1,95.4,93.17,93.225
2025-04-28T16:30:00+01:00,93.16,93.95,93.16,93.3
2025-04-28T17:30:00+01:00,93.32,93.77,93.19,93.19
2025-04-28T18:30:00+01:00,93.15,94.08,93.12,94.03
2025-04-28T19:30:00+01:00,94.055,94.55,94,94.36
2025-04-28T20:30:00+01:00,94.4,95,94.26,94.48
2025-04-29T14:30:00+01:00,93.47,94.5,93.21,93.36
2025-04-29T15:30:00+01:00,93.32,94.4,93.31,93.84
2025-04-29T16:30:00+01:00,93.85,94.33,93.45,94.01
2025-04-29T17:30:00+01:00,93.97,94.14,93.13,93.56
2025-04-29T18:30:00+01:00,93.53,94.5,93.48,94.5
2025-04-29T19:30:00+01:00,94.48,94.52,94.15,94.335
2025-04-29T20:30:00+01:00,94.35,94.36,93.69,93.75
2025-04-30T14:30:00+01:00,86.56,89.56,86.56,89.52
2025-04-30T15:30:00+01:00,89.56,90.3,88.72,90.3
2025-04-30T16:30:00+01:00,90.32,90.87,90.03,90.15
2025-04-30T17:30:00+01:00,90.16,90.605,89.84,90.49
2025-04-30T18:30:00+01:00,90.45,91.27,90.32,90.93
2025-04-30T19:30:00+01:00,90.99,91.27,90.64,90.77
2025-04-30T20:30:00+01:00,90.77,92.09,90.76,91.735
2025-05-01T14:30:00+01:00,93.68,95.2,92.85,94.59
2025-05-01T15:30:00+01:00,94.57,94.9,93.79,93.91
2025-05-01T16:30:00+01:00,93.91,94.18,92.69,93.14
2025-05-01T17:30:00+01:00,93.12,93.205,92.76,93.02
2025-05-01T18:30:00+01:00,93.04,93.5,92.58,93.36
2025-05-01T19:30:00+01:00,93.38,93.6,92.96,93.05
2025-05-01T20:30:00+01:00,93.05,93.14,91.79,91.91
2025-05-02T14:30:00+01:00,93.88,95.83,93.82,95.47
2025-05-02T15:30:00+01:00,95.45,95.45,94.54,94.57
2025-05-02T16:30:00+01:00,94.58,94.97,94.3,94.85
2025-05-02T17:30:00+01:00,94.91,95.04,93.9,94.23
2025-05-02T18:30:00+01:00,94.25,95.07,94.14,94.98
2025-05-02T19:30:00+01:00,95.01,95.05,94.03,94.46
2025-05-02T20:30:00+01:00,94.435,94.65,94.15,94.57
2025-05-05T14:30:00+01:00,93.46,95.6,93.31,95.16
2025-05-05T15:30:00+01:00,95.18,95.54,94.88,95.22
2025-05-05T16:30:00+01:00,95.17,95.24,94.54,95.03
2025-05-05T17:30:00+01:00,95.03,95.19,94.93,95.1
2025-05-05T18:30:00+01:00,95.11,95.4,95.04,95.25
2025-05-05T19:30:00+01:00,95.24,95.35,94.725,94.8
2025-05-05T20:30:00+01:00,94.78,94.85,94.275,94.37
2025-05-06T14:30:00+01:00,92.54,94.01,92.54,93.77
2025-05-06T15:30:00+01:00,93.78,93.96,93.16,93.93
2025-05-06T16:30:00+01:00,93.95,94.63,93.8,93.98
2025-05-06T17:30:00+01:00,93.93,94.02,93.42,93.72
2025-05-06T18:30:00+01:00,93.7,94.29,93.42,94.13
2025-05-06T19:30:00+01:00,94.14,94.6,94.02,94.46
2025-05-06T20:30:00+01:00,94.44,94.72,93.88,93.92
2025-05-07T14:30:00+01:00,94.05,94.05,92.89,93.84
2025-05-07T15:30:00+01:00,93.82,94.15,93.33,93.64
2025-05-07T16:30:00+01:00,93.62,93.94,93.4,93.72
2025-05-07T17:30:00+01:00,93.73,94.36,93.67,94.21
2025-05-07T18:30:00+01:00,94.21,94.25,92.93,93.51
2025-05-07T19:30:00+01:00,93.5,94.34,93.39,94.01
2025-05-07T20:30:00+01:00,94.03,96.03,93.96,95.8
2025-05-08T14:30:00+01:00,97.44,97.44,95.68,95.94
2025-05-08T15:30:00+01:00,95.96,96.68,95.71,96.33
2025-05-08T16:30:00+01:00,96.27,97.21,96.17,96.97
2025-05-08T17:30:00+01:00,97,97.4,96.95,97.21
2025-05-08T18:30:00+01:00,97.21,97.23,96.41,96.75
2025-05-08T19:30:00+01:00,96.73,97.125,96.5,97.08
2025-05-08T20:30:00+01:00,97.09,97.17,96.2,96.25
2025-05-09T14:30:00+01:00,97.45,97.94,96.17,96.46
2025-05-09T15:30:00+01:00,96.48,96.65,96,96.11
2025-05-09T16:30:00+01:00,96.09,96.43,95.95,95.95
2025-05-09T17:30:00+01:00,95.94,96.2,95.65,96.07
2025-05-09T18:30:00+01:00,96.06,96.34,95.94,95.98
2025-05-09T19:30:00+01:00,95.98,96.18,95.81,95.865
2025-05-09T20:30:00+01:00,95.88,96.19,95.8,95.9
2025-05-12T14:30:00+01:00,100.72,104.05,100.6,102.46
2025-05-12T15:30:00+01:00,102.48,102.48,101.7,102.01
2025-05-12T16:30:00+01:00,101.99,102.86,101.99,102.61
2025-05-12T17:30:00+01:00,102.62,103.48,102.61,103.39
2025-05-12T18:30:00+01:00,103.4,103.6,103,103.23
2025-05-12T19:30:00+01:00,103.23,103.73,103.12,103.3
2025-05-12T20:30:00+01:00,103.27,103.48,103.04,103.43
2025-05-13T14:30:00+01:00,103.97,106.62,103.9,106.27
2025-05-13T15:30:00+01:00,106.28,107.49,106.13,107.16
2025-05-13T16:30:00+01:00,107.185,108.08,107.15,107.6
2025-05-13T17:30:00+01:00,107.63,107.85,106.97,107.385
2025-05-13T18:30:00+01:00,107.38,107.46,106.73,107.15
2025-05-13T19:30:00+01:00,107.12,108.5,107.12,108.22
2025-05-13T20:30:00+01:00,108.2,108.3,107.75,107.88
2025-05-14T14:30:00+01:00,109.35,111.75,109.35,110.4
2025-05-14T15:30:00+01:00,110.41,111.15,110.33,111.09
2025-05-14T16:30:00+01:00,111.02,111.41,110.35,111.23
2025-05-14T17:30:00+01:00,111.23,111.52,109.92,110.15
2025-05-14T18:30:00+01:00,110.14,110.78,110.14,110.48
2025-05-14T19:30:00+01:00,110.54,111.14,110.54,110.84
2025-05-14T20:30:00+01:00,110.8,111.39,110.57,111.01
2025-05-15T14:30:00+01:00,108.7,110.37,108.67,109.08
2025-05-15T15:30:00+01:00,109.04,110.22,108.55,110.11
2025-05-15T16:30:00+01:00,110.07,110.84,109.97,110.84
2025-05-15T17:30:00+01:00,110.79,111.5,110.68,111.25
2025-05-15T18:30:00+01:00,111.23,111.24,110.61,110.94
2025-05-15T19:30:00+01:00,110.97,111.19,110.63,110.7
2025-05-15T20:30:00+01:00,110.72,111.1,110.64,110.9
2025-05-16T14:30:00+01:00,111.57,113.3,111.09,113.06
2025-05-16T15:30:00+01:00,113.03,113.15,112.32,112.94
2025-05-16T16:30:00+01:00,112.94,113.47,112.81,113.29
2025-05-16T17:30:00+01:00,113.32,114.115,112.93,113.7
2025-05-16T18:30:00+01:00,113.73,114.12,113.55,113.99
2025-05-16T19:30:00+01:00,113.96,114.42,113.87,114.25
2025-05-16T20:30:00+01:00,114.2,114.6,114.14,114.22
2025-05-19T14:30:00+01:00,111.42,114.65,111.42,114.21
2025-05-19T15:30:00+01:00,114.21,114.63,113.33,113.39
2025-05-19T16:30:00+01:00,113.34,114.21,113.31,114.13
2025-05-19T17:30:00+01:00,114.13,115.07,113.97,114.78
2025-05-19T18:30:00+01:00,114.76,114.99,114.33,114.47
2025-05-19T19:30:00+01:00,114.48,114.63,114.22,114.3
2025-05-19T20:30:00+01:00,114.33,114.43,114.06,114.32
2025-05-20T14:30:00+01:00,113.96,115.49,113.37,115.04
2025-05-20T15:30:00+01:00,115.045,115.045,114.61,114.64
2025-05-20T16:30:00+01:00,114.66,114.98,114.36,114.6
2025-05-20T17:30:00+01:00,114.58,114.77,114.53,114.58
2025-05-20T18:30:00+01:00,114.59,114.62,113.46,113.56
2025-05-20T19:30:00+01:00,113.56,113.99,113.2,113.85
2025-05-20T20:30:00+01:00,113.89,114.28,113.89,114.26
2025-05-21T14:30:00+01:00,113.77,116.1,113.3,114.13
2025-05-21T15:30:00+01:00,114.08,115,113.92,114.64
2025-05-21T16:30:00+01:00,114.66,115.33,114.53,114.95
2025-05-21T17:30:00+01:00,115,115.7,112.92,112.92
2025-05-21T18:30:00+01:00,112.9,113.79,112.74,113.03
2025-05-21T19:30:00+01:00,113.05,113.34,111.57,111.67
2025-05-21T20:30:00+01:00,111.74,112.49,111.72,111.91
2025-05-22T14:30:00+01:00,111.92,112.44,110.69,111.31
2025-05-22T15:30:00+01:00,111.34,111.64,110.85,111.34
2025-05-22T16:30:00+01:00,111.26,111.96,111.23,111.805
2025-05-22T17:30:00+01:00,111.83,112.44,111.68,112.39
2025-05-22T18:30:00+01:00,112.43,112.86,112.24,112.7
2025-05-22T19:30:00+01:00,112.69,112.97,112.651,112.89
2025-05-22T20:30:00+01:00,112.92,112.93,111.83,111.95
2025-05-23T14:30:00+01:00,109.16,111.45,108.89,111.09
2025-05-23T15:30:00+01:00,111.14,111.72,110.74,111.19
2025-05-23T16:30:00+01:00,111.18,111.51,110.9,111.29
2025-05-23T17:30:00+01:00,111.25,112.14,111.05,112.14
2025-05-23T18:30:00+01:00,112.13,112.57,111.91,112.31
2025-05-23T19:30:00+01:00,112.32,112.68,112.25,112.28
2025-05-23T20:30:00+01:00,112.26,112.62,112.06,112.155
2025-05-27T14:30:00+01:00,114.12,115.05,113.2,114.76
2025-05-27T15:30:00+01:00,114.83,114.9,113.97,114.21
2025-05-27T16:30:00+01:00,114.19,114.26,113.67,114.14
2025-05-27T17:30:00+01:00,114.15,114.35,113.56,113.79
2025-05-27T18:30:00+01:00,113.75,114.23,113.73,113.91
2025-05-27T19:30:00+01:00,113.91,114.29,113.87,113.91
2025-05-27T20:30:00+01:00,113.87,113.99,113.72,113.97
2025-05-28T14:30:00+01:00,114.05,114.54,113.31,113.89
2025-05-28T15:30:00+01:00,113.83,113.84,113.43,113.58
2025-05-28T16:30:00+01:00,113.59,114.07,113.44,114.05
2025-05-28T17:30:00+01:00,114.04,114.38,113.93,114.27
2025-05-28T18:30:00+01:00,114.23,114.75,114.14,114.55
2025-05-28T19:30:00+01:00,114.56,115.29,114.25,114.4
2025-05-28T20:30:00+01:00,114.41,114.41,113.53,113.79
2025-05-29T14:30:00+01:00,115.19,115.44,111.31,112.03
2025-05-29T15:30:00+01:00,112.03,113.37,111.83,113.25
2025-05-29T16:30:00+01:00,113.22,113.48,112.23,112.95
2025-05-29T17:30:00+01:00,112.97,113.57,112.93,113.09
2025-05-29T18:30:00+01:00,113.07,113.33,112.69,112.94
2025-05-29T19:30:00+01:00,112.92,113.42,112.92,113.22
2025-05-29T20:30:00+01:00,113.23,113.74,113.1,113.58
2025-05-30T14:30:00+01:00,112.66,116.92,111.85,112.31
2025-05-30T15:30:00+01:00,112.31,113.76,111.51,111.82
2025-05-30T16:30:00+01:00,111.75,112.2,109.88,109.99
2025-05-30T17:30:00+01:00,110,110.16,109.2,110.11
2025-05-30T18:30:00+01:00,110.09,111.72,109.99,111.35
2025-05-30T19:30:00+01:00,111.37,111.62,110.83,111.54
2025-05-30T20:30:00+01:00,111.53,111.7,111,111.26
2025-06-02T14:30:00+01:00,110.535,111.72,106.45,107.13
2025-06-02T15:30:00+01:00,107.09,107.38,106.43,106.97
2025-06-02T16:30:00+01:00,106.97,107.41,106.69,107.165
2025-06-02T17:30:00+01:00,107.19,107.95,107.18,107.95
2025-06-02T18:30:00+01:00,107.96,108.37,107.53,108.26
2025-06-02T19:30:00+01:00,108.23,108.31,107.67,108.03
2025-06-02T20:30:00+01:00,108,108.09,107.52,108.05
2025-06-03T14:30:00+01:00,107.66,110.93,107.65,110.26
2025-06-03T15:30:00+01:00,110.22,111.42,110.06,111.24
2025-06-03T16:30:00+01:00,111.22,112.09,111,112.02
2025-06-03T17:30:00+01:00,112,112.44,111.83,111.83
2025-06-03T18:30:00+01:00,111.89,112.21,111.63,111.87
2025-06-03T19:30:00+01:00,111.89,111.99,111.355,111.98
2025-06-03T20:30:00+01:00,111.95,112.16,111.84,111.94
2025-06-04T14:30:00+01:00,112.78,114.2,111.33,112.98
2025-06-04T15:30:00+01:00,112.95,113.15,112.47,112.55
2025-06-04T16:30:00+01:00,112.55,112.77,111.83,111.98
2025-06-04T17:30:00+01:00,111.91,112.6,111.86,112.49
2025-06-04T18:30:00+01:00,112.49,112.7,112.36,112.6
2025-06-04T19:30:00+01:00,112.62,112.92,112.57,112.84
2025-06-04T20:30:00+01:00,112.83,112.89,112.35,112.7
2025-06-05T14:30:00+01:00,112.71,113.9,112.44,113.18
2025-06-05T15:30:00+01:00,113.21,114.11,112.58,114.1
2025-06-05T16:30:00+01:00,114.11,114.21,113.1,113.47
2025-06-05T17:30:00+01:00,113.47,113.55,112.14,113.035
2025-06-05T18:30:00+01:00,113.045,113.26,112.47,112.75
2025-06-05T19:30:00+01:00,112.8,112.97,111.2,111.87
2025-06-05T20:30:00+01:00,111.91,112.56,111.72,111.85
2025-06-06T14:30:00+01:00,112.83,114.42,112.83,114.22
2025-06-06T15:30:00+01:00,114.29,115.23,114.29,114.75
2025-06-06T16:30:00+01:00,114.76,114.87,114.4,114.62
2025-06-06T17:30:00+01:00,114.57,114.7,113.86,113.92
2025-06-06T18:30:00+01:00,113.93,114.22,113.69,114
2025-06-06T19:30:00+01:00,114.02,114.2,113.82,113.88
2025-06-06T20:30:00+01:00,113.88,114.13,113.7,113.75
2025-06-09T14:30:00+01:00,114.3,116.29,114.3,116.05
2025-06-09T15:30:00+01:00,116.06,116.63,115.53,115.59
2025-06-09T16:30:00+01:00,115.59,115.67,115.02,115.27
2025-06-09T17:30:00+01:00,115.28,115.43,115,115.2
2025-06-09T18:30:00+01:00,115.2,115.2,114.54,114.88
2025-06-09T19:30:00+01:00,114.91,115.1,114.44,114.94
2025-06-09T20:30:00+01:00,114.95,115,114.21,114.225
2025-06-10T14:30:00+01:00,114.8,114.86,113.78,113.8
2025-06-10T15:30:00+01:00,113.79,114.02,113.28,113.59
2025-06-10T16:30:00+01:00,113.59,114.18,112.99,114.06
2025-06-10T17:30:00+01:00,114.08,114.39,113.25,113.25
2025-06-10T18:30:00+01:00,113.27,113.27,111.78,111.95
2025-06-10T19:30:00+01:00,111.94,113.35,111.94,113.315
2025-06-10T20:30:00+01:00,113.33,113.48,113.08,113.31
2025-06-11T14:30:00+01:00,114.4,114.46,111.99,113.61
2025-06-11T15:30:00+01:00,113.61,113.79,112.41,112.43
2025-06-11T16:30:00+01:00,112.43,112.53,111.4,111.92
2025-06-11T17:30:00+01:00,111.93,112.45,111.63,112.31
2025-06-11T18:30:00+01:00,112.28,112.36,110.91,111.23
2025-06-11T19:30:00+01:00,111.2,111.74,111.02,111.25
2025-06-11T20:30:00+01:00,111.26,111.46,111.02,111.24
2025-06-12T14:30:00+01:00,112.02,112.79,110.64,112.6
2025-06-12T15:30:00+01:00,112.56,112.64,111.45,111.78
2025-06-12T16:30:00+01:00,111.74,112.2,111.49,112.2
2025-06-12T17:30:00+01:00,112.18,112.35,111.85,112.18
2025-06-12T18:30:00+01:00,112.18,112.6,112.17,112.29
2025-06-12T19:30:00+01:00,112.29,113.28,112.22,113.05
2025-06-12T20:30:00+01:00,113.05,113.515,113.02,113.38
2025-06-13T14:30:00+01:00,111.03,111.74,109.19,109.27
2025-06-13T15:30:00+01:00,109.3,111.07,109.3,110.97
2025-06-13T16:30:00+01:00,110.95,111.31,110.82,111.01
2025-06-13T17:30:00+01:00,111.01,111.25,110.38,110.41
2025-06-13T18:30:00+01:00,110.4,110.64,109.71,109.74
2025-06-13T19:30:00+01:00,109.71,110,109.43,109.54
2025-06-13T20:30:00+01:00,109.54,109.92,109.28,109.53
2025-06-16T14:30:00+01:00,111,113.33,111,113.065
2025-06-16T15:30:00+01:00,113.11,114.35,112.97,113.73
2025-06-16T16:30:00+01:00,113.75,114,113.23,113.24
2025-06-16T17:30:00+01:00,113.26,113.475,113.11,113.36
2025-06-16T18:30:00+01:00,113.37,114.04,113.35,113.81
2025-06-16T19:30:00+01:00,113.82,113.94,113.5,113.66
2025-06-16T20:30:00+01:00,113.69,113.85,113.51,113.74
2025-06-17T14:30:00+01:00,112.79,116.66,112.51,115.87
2025-06-17T15:30:00+01:00,115.83,117.39,115.69,116.87
2025-06-17T16:30:00+01:00,116.87,117.71,116.46,116.57
2025-06-17T17:30:00+01:00,116.55,116.59,115.34,115.5
2025-06-17T18:30:00+01:00,115.46,115.83,115.02,115.26
2025-06-17T19:30:00+01:00,115.24,115.97,115.1,115.62
2025-06-17T20:30:00+01:00,115.66,116,115.56,115.93
2025-06-18T14:30:00+01:00,115.59,118.82,115.59,118.28
2025-06-18T15:30:00+01:00,118.28,118.75,117.01,117.235
2025-06-18T16:30:00+01:00,117.235,117.58,117.13,117.29
2025-06-18T17:30:00+01:00,117.3,117.65,116.8,116.95
2025-06-18T18:30:00+01:00,116.91,117.29,116.6,116.91
2025-06-18T19:30:00+01:00,116.89,117.22,115.82,116.39
2025-06-18T20:30:00+01:00,116.36,116.99,116.27,116.56
2025-06-20T14:30:00+01:00,118.21,119.64,117.61,118.4
2025-06-20T15:30:00+01:00,118.33,119.06,117.81,118.66
2025-06-20T16:30:00+01:00,118.68,119.75,118.665,119.17
2025-06-20T17:30:00+01:00,119.2,119.53,118.57,118.57
2025-06-20T18:30:00+01:00,118.55,119.44,118.5,118.9
2025-06-20T19:30:00+01:00,118.9,119.04,118.55,118.95
2025-06-20T20:30:00+01:00,118.95,119.53,118.86,119.39
2025-06-23T14:30:00+01:00,118.08,119.37,116.62,119.18
2025-06-23T15:30:00+01:00,119.19,119.23,118.29,118.46
2025-06-23T16:30:00+01:00,118.4,118.5,116.42,116.42
2025-06-23T17:30:00+01:00,116.4,117.77,115.98,117.68
2025-06-23T18:30:00+01:00,117.84,118.4,117.56,117.56
2025-06-23T19:30:00+01:00,117.61,118.08,117.58,117.76
2025-06-23T20:30:00+01:00,117.75,118.18,117.59,118
2025-06-24T14:30:00+01:00,119.795,121.31,119.14,120.18
2025-06-24T15:30:00+01:00,120.19,121.81,120.13,121.81
2025-06-24T16:30:00+01:00,121.78,121.78,120.36,120.75
2025-06-24T17:30:00+01:00,120.78,121.1,120.72,120.82
2025-06-24T18:30:00+01:00,120.81,121.47,120.78,121.4
2025-06-24T19:30:00+01:00,121.42,121.49,120.99,121.01
2025-06-24T20:30:00+01:00,120.97,121.14,120.48,120.58
2025-06-25T14:30:00+01:00,120.68,122.22,120.5,121.73
2025-06-25T15:30:00+01:00,121.8,122.2,121.29,121.61
2025-06-25T16:30:00+01:00,121.59,121.59,121.01,121.36
2025-06-25T17:30:00+01:00,121.39,122.3,121.33,122.06
2025-06-25T18:30:00+01:00,122.05,122.05,121.12,121.46
2025-06-25T19:30:00+01:00,121.47,121.47,120.62,120.62
2025-06-25T20:30:00+01:00,120.66,120.66,120.25,120.49
2025-06-26T14:30:00+01:00,122.165,126.21,122.165,125.77
2025-06-26T15:30:00+01:00,125.79,127.15,125.52,125.55
2025-06-26T16:30:00+01:00,125.52,125.91,125.21,125.62
2025-06-26T17:30:00+01:00,125.62,126.06,125.56,125.82
2025-06-26T18:30:00+01:00,125.86,126.16,125.47,125.94
2025-06-26T19:30:00+01:00,125.94,126.79,125.78,126.69
2025-06-26T20:30:00+01:00,126.69,126.78,125.97,126.06
2025-06-27T14:30:00+01:00,123.705,124.91,123.5,124.74
2025-06-27T15:30:00+01:00,124.72,125.07,124.27,124.69
2025-06-27T16:30:00+01:00,124.68,124.86,123.58,123.64
2025-06-27T17:30:00+01:00,123.64,124.17,123.64,124.13
2025-06-27T18:30:00+01:00,124.08,124.13,122.76,122.78
2025-06-27T19:30:00+01:00,122.82,123.26,122.52,123.16
2025-06-27T20:30:00+01:00,123.18,124.23,123.12,123.9
2025-06-30T14:30:00+01:00,124.12,124.47,122.61,123.825
2025-06-30T15:30:00+01:00,123.825,124.29,123.34,123.74
2025-06-30T16:30:00+01:00,123.735,123.89,123.05,123.29
2025-06-30T17:30:00+01:00,123.3,123.53,122.73,122.92
2025-06-30T18:30:00+01:00,122.88,122.97,122.39,122.62
2025-06-30T19:30:00+01:00,122.64,122.67,122.13,122.32
2025-06-30T20:30:00+01:00,122.33,122.85,122.24,122.52
2025-07-01T14:30:00+01:00,121.62,122.69,121.62,121.69
2025-07-01T15:30:00+01:00,121.64,121.96,120.14,121.51
2025-07-01T16:30:00+01:00,121.46,123.03,121.35,122.96
2025-07-01T17:30:00+01:00,122.92,123.14,122.08,122.46
2025-07-01T18:30:00+01:00,122.48,122.5,121.96,121.99
2025-07-01T19:30:00+01:00,121.99,122.14,121.27,121.66
2025-07-01T20:30:00+01:00,121.66,122.09,121.4,121.75
2025-07-02T14:30:00+01:00,121.17,122.03,120.12,122.03
2025-07-02T15:30:00+01:00,122.02,124.32,122.02,123.57
2025-07-02T16:30:00+01:00,123.53,123.65,122.9,122.9
2025-07-02T17:30:00+01:00,122.87,123.14,122.61,122.75
2025-07-02T18:30:00+01:00,122.765,123.23,122.61,123.23
2025-07-02T19:30:00+01:00,123.23,123.86,123.23,123.8
2025-07-02T20:30:00+01:00,123.78,123.8,123.3,123.49
2025-07-03T14:30:00+01:00,124.04,125.21,123.71,125.08
2025-07-03T15:30:00+01:00,125.07,125.81,125.02,125.41
2025-07-03T16:30:00+01:00,125.41,126.18,125.41,125.59
2025-07-03T17:30:00+01:00,125.58,125.84,125,125.24
2025-07-07T14:30:00+01:00,125.04,126.97,124.59,126.31
2025-07-07T15:30:00+01:00,126.32,127.035,125.66,125.725
2025-07-07T16:30:00+01:00,125.725,126,124.75,125.42
2025-07-07T17:30:00+01:00,125.4,125.97,124.81,124.965
2025-07-07T18:30:00+01:00,124.99,125.27,123.85,123.89
2025-07-07T19:30:00+01:00,123.88,124.38,123.78,124.12
2025-07-07T20:30:00+01:00,124.14,124.8,124.09,124.8
2025-07-08T14:30:00+01:00,126.12,126.88,122.29,122.9
2025-07-08T15:30:00+01:00,122.93,124.28,122.75,123.75
2025-07-08T16:30:00+01:00,123.83,124.31,123.56,124.25
2025-07-08T17:30:00+01:00,124.3,124.43,123.7,123.8
2025-07-08T18:30:00+01:00,123.87,124.06,123.46,123.57
2025-07-08T19:30:00+01:00,123.62,124.03,123.5,124.025
2025-07-08T20:30:00+01:00,124.01,124.6,123.88,124.42
2025-07-09T14:30:00+01:00,124.43,125.63,124.43,124.99
2025-07-09T15:30:00+01:00,124.98,125.3,124.61,125.22
2025-07-09T16:30:00+01:00,125.17,125.9,125.16,125.49
2025-07-09T17:30:00+01:00,125.51,125.84,125.4,125.72
2025-07-09T18:30:00+01:00,125.71,126.71,125.6,126.27
2025-07-09T19:30:00+01:00,126.27,126.93,126.27,126.77
2025-07-09T20:30:00+01:00,126.76,127,126.1,126.7
2025-07-10T14:30:00+01:00,126.78,127.94,126.3,126.56
2025-07-10T15:30:00+01:00,126.64,127.78,126.55,127.77
2025-07-10T16:30:00+01:00,127.72,128.24,126.85,127.43
2025-07-10T17:30:00+01:00,127.44,128.32,127.34,127.79
2025-07-10T18:30:00+01:00,127.81,127.86,127.24,127.27
2025-07-10T19:30:00+01:00,127.23,127.66,127.04,127.39
2025-07-10T20:30:00+01:00,127.41,128.16,127.41,127.95
2025-07-11T14:30:00+01:00,127.21,127.56,125.73,126.58
2025-07-11T15:30:00+01:00,126.67,127.1,126.07,126.91
2025-07-11T16:30:00+01:00,126.99,127.31,126.62,126.96
2025-07-11T17:30:00+01:00,126.94,127.07,126.44,126.51
2025-07-11T18:30:00+01:00,126.52,127.1,126.32,127.1
2025-07-11T19:30:00+01:00,127.11,127.365,126.73,126.8
2025-07-11T20:30:00+01:00,126.77,126.95,126.45,126.77
2025-07-14T14:30:00+01:00,126.2,126.5,123.8,125.31
2025-07-14T15:30:00+01:00,125.27,125.6,124.9,125.46
2025-07-14T16:30:00+01:00,125.39,125.73,125.16,125.73
2025-07-14T17:30:00+01:00,125.66,126.18,125.32,125.8
2025-07-14T18:30:00+01:00,125.84,126.23,125.7,126.23
2025-07-14T19:30:00+01:00,126.21,126.23,125.57,125.73
2025-07-14T20:30:00+01:00,125.71,125.78,125.38,125.66
2025-07-15T14:30:00+01:00,127.18,128.61,126.78,128.08
2025-07-15T15:30:00+01:00,128.04,128.1,126.16,126.51
2025-07-15T16:30:00+01:00,126.57,126.64,125.5,125.73
2025-07-15T17:30:00+01:00,125.7,125.91,125.05,125.61
2025-07-15T18:30:00+01:00,125.55,126.24,125.49,126.19
2025-07-15T19:30:00+01:00,126.2,126.3,125.64,125.85
2025-07-15T20:30:00+01:00,125.87,126.31,125.64,125.68
2025-07-16T14:30:00+01:00,125.22,125.5,122.9,123.49
2025-07-16T15:30:00+01:00,123.46,123.57,121.6,121.88
2025-07-16T16:30:00+01:00,121.85,122.38,120.66,122.35
2025-07-16T17:30:00+01:00,122.34,122.78,122.18,122.52
2025-07-16T18:30:00+01:00,122.45,122.52,122.17,122.45
2025-07-16T19:30:00+01:00,122.47,123.07,122.41,122.76
2025-07-16T20:30:00+01:00,122.74,123.78,122.74,123.45
2025-07-17T14:30:00+01:00,123.73,124.44,122.1,122.21
2025-07-17T15:30:00+01:00,122.13,123.1,121.88,122.91
2025-07-17T16:30:00+01:00,122.89,123.66,122.81,122.9
2025-07-17T17:30:00+01:00,122.94,123.64,122.94,123.43
2025-07-17T18:30:00+01:00,123.41,123.92,123.29,123.72
2025-07-17T19:30:00+01:00,123.74,123.99,123.63,123.89
2025-07-17T20:30:00+01:00,123.875,124.03,123.68,123.84
2025-07-18T14:30:00+01:00,125.08,129,124.94,128.3
2025-07-18T15:30:00+01:00,128.39,130.38,128.25,129.62
2025-07-18T16:30:00+01:00,129.64,131.42,129.57,130.83
2025-07-18T17:30:00+01:00,130.78,131.88,130.68,131.31
2025-07-18T18:30:00+01:00,131.32,131.66,130.84,130.9
2025-07-18T19:30:00+01:00,130.9,131.98,130.8,131.4
2025-07-18T20:30:00+01:00,131.37,131.79,131.075,131.21
2025-07-21T14:30:00+01:00,130.69,130.75,128.76,130.1
2025-07-21T15:30:00+01:00,130.1,130.95,130.1,130.85
2025-07-21T16:30:00+01:00,130.84,130.955,129.82,129.98
2025-07-21T17:30:00+01:00,129.96,130.69,129.65,130.6
2025-07-21T18:30:00+01:00,130.57,130.57,129.97,130.44
2025-07-21T19:30:00+01:00,130.4,130.4,129.38,129.45
2025-07-21T20:30:00+01:00,129.47,129.55,128.59,128.93
2025-07-22T14:30:00+01:00,128,128.19,123.17,124.515
2025-07-22T15:30:00+01:00,124.57,125.76,124.56,125.17
2025-07-22T16:30:00+01:00,125.21,125.68,125.195,125.38
2025-07-22T17:30:00+01:00,125.34,125.68,124.64,125.26
2025-07-22T18:30:00+01:00,125.28,125.66,124.53,124.94
2025-07-22T19:30:00+01:00,124.915,125.17,124.39,124.39
2025-07-22T20:30:00+01:00,124.41,124.5,123.77,124.33
2025-07-23T14:30:00+01:00,125.55,127.09,124.97,126.9
2025-07-23T15:30:00+01:00,126.91,127.83,126.32,127.62
2025-07-23T16:30:00+01:00,127.59,127.9,126.98,127.15
2025-07-23T17:30:00+01:00,127.15,127.46,126.57,126.76
2025-07-23T18:30:00+01:00,126.76,127.33,126.24,127.06
2025-07-23T19:30:00+01:00,127,127.42,126.95,127.095
2025-07-23T20:30:00+01:00,127.095,127.22,126.78,127.22
2025-07-24T14:30:00+01:00,127.52,128.98,127.22,128.44
2025-07-24T15:30:00+01:00,128.46,129.06,128.335,128.91
2025-07-24T16:30:00+01:00,128.91,129.01,128.22,128.49
2025-07-24T17:30:00+01:00,128.48,129.1,128.31,128.87
2025-07-24T18:30:00+01:00,128.88,129.46,128.85,128.97
2025-07-24T19:30:00+01:00,129.01,129.06,128.46,128.87
2025-07-24T20:30:00+01:00,128.85,128.9,128.23,128.32
2025-07-25T14:30:00+01:00,127.985,129.79,127.91,129.72
2025-07-25T15:30:00+01:00,129.78,131.14,129.68,130.75
2025-07-25T16:30:00+01:00,130.68,131.45,130.58,131.4
2025-07-25T17:30:00+01:00,131.38,131.8,131.07,131.49
2025-07-25T18:30:00+01:00,131.51,131.68,131.25,131.4
2025-07-25T19:30:00+01:00,131.4,131.55,130.97,131.54
2025-07-25T20:30:00+01:00,131.54,131.57,131.07,131.19
2025-07-28T14:30:00+01:00,132,132.56,131.22,131.85
2025-07-28T15:30:00+01:00,131.81,133,131.56,131.87
2025-07-28T16:30:00+01:00,131.87,132.21,131.66,132.18
2025-07-28T17:30:00+01:00,132.18,132.34,131.99,132.18
2025-07-28T18:30:00+01:00,132.22,133.49,132.22,133.38
2025-07-28T19:30:00+01:00,133.41,133.46,132.98,133.23
2025-07-28T20:30:00+01:00,133.22,133.9,133.13,133.9
2025-07-29T14:30:00+01:00,134.9,136.03,134.18,135.23
2025-07-29T15:30:00+01:00,135.3,135.64,132.82,132.97
2025-07-29T16:30:00+01:00,132.95,133.88,132.52,133.22
2025-07-29T17:30:00+01:00,133.2,133.99,132.92,133.87
2025-07-29T18:30:00+01:00,133.83,134.35,133.58,133.83
2025-07-29T19:30:00+01:00,133.86,134.39,133.8,134.09
2025-07-29T20:30:00+01:00,134.13,134.15,133.44,133.53
2025-07-30T14:30:00+01:00,133.29,134.9,133.25,134.32
2025-07-30T15:30:00+01:00,134.38,134.94,133.8,133.91
2025-07-30T16:30:00+01:00,133.93,135.14,133.755,134.69
2025-07-30T17:30:00+01:00,134.75,135.15,134.62,135.01
2025-07-30T18:30:00+01:00,135.01,135.03,134.35,134.73
2025-07-30T19:30:00+01:00,134.69,134.86,132.59,132.96
2025-07-30T20:30:00+01:00,133.01,133.66,132.65,133.57
2025-07-31T14:30:00+01:00,135.2,136.11,133.68,135.46
2025-07-31T15:30:00+01:00,135.49,135.86,133.34,133.66
2025-07-31T16:30:00+01:00,133.66,134.54,133.54,134.27
2025-07-31T17:30:00+01:00,134.23,134.58,133.63,133.76
2025-07-31T18:30:00+01:00,133.75,134.05,132.19,133.145
2025-07-31T19:30:00+01:00,133.24,133.61,132.92,133.02
2025-07-31T20:30:00+01:00,133.04,133.14,132.25,132.71
2025-08-01T14:30:00+01:00,128.37,128.83,125.44,128.11
2025-08-01T15:30:00+01:00,128.14,129.02,127.6,127.66
2025-08-01T16:30:00+01:00,127.62,129.07,127.58,128.56
2025-08-01T17:30:00+01:00,128.59,128.6,126.55,126.67
2025-08-01T18:30:00+01:00,126.64,126.94,125.81,126.53
2025-08-01T19:30:00+01:00,126.5,127.02,126.21,126.75
2025-08-01T20:30:00+01:00,126.73,127.47,126.4,127.27
2025-08-04T14:30:00+01:00,128.41,130.21,127.92,129.77
2025-08-04T15:30:00+01:00,129.7,130.08,129.42,129.65
2025-08-04T16:30:00+01:00,129.6,129.87,129.32,129.73
2025-08-04T17:30:00+01:00,129.76,130.03,129.68,129.85
2025-08-04T18:30:00+01:00,129.9,130.29,129.74,130.07
2025-08-04T19:30:00+01:00,130.05,130.71,130,130.11
2025-08-04T20:30:00+01:00,130.12,130.24,129.89,130.21
2025-08-05T14:30:00+01:00,130.9,131.5,127.4,127.88
2025-08-05T15:30:00+01:00,127.81,128.35,126.75,127.56
2025-08-05T16:30:00+01:00,127.54,129.055,127.3,128.94
2025-08-05T17:30:00+01:00,128.93,129.78,128.38,129.69
2025-08-05T18:30:00+01:00,129.67,131.82,129.62,130.235
2025-08-05T19:30:00+01:00,130.2,130.5,129.5,130.48
2025-08-05T20:30:00+01:00,130.49,130.67,130.15,130.4
2025-08-06T14:30:00+01:00,128,129.8,125.65,125.89
2025-08-06T15:30:00+01:00,125.92,127.53,123.88,127.53
2025-08-06T16:30:00+01:00,127.49,128.42,127.46,128
2025-08-06T17:30:00+01:00,128,128,127.31,127.55
2025-08-06T18:30:00+01:00,127.53,127.86,127.18,127.59
2025-08-06T19:30:00+01:00,127.56,127.69,127.13,127.59
2025-08-06T20:30:00+01:00,127.56,128.28,127.54,128.14
2025-08-07T14:30:00+01:00,130.21,133.46,129.96,131.12
2025-08-07T15:30:00+01:00,131.25,131.68,130.71,130.94
2025-08-07T16:30:00+01:00,130.91,132.66,130.75,132.47
2025-08-07T17:30:00+01:00,132.43,132.61,131.29,131.53
2025-08-07T18:30:00+01:00,131.5,132.57,131.47,132.33
2025-08-07T19:30:00+01:00,132.31,133.48,132.21,133.44
2025-08-07T20:30:00+01:00,133.46,133.96,133.41,133.96
2025-08-08T14:30:00+01:00,134.58,137.59,134.12,137.59
2025-08-08T15:30:00+01:00,137.61,138.35,137.45,138.12
2025-08-08T16:30:00+01:00,138.11,138.83,137.47,138.2
2025-08-08T17:30:00+01:00,138.2,138.38,136.78,136.91
2025-08-08T18:30:00+01:00,136.88,137.27,136.54,137.27
2025-08-08T19:30:00+01:00,137.29,137.7,137.09,137.54
2025-08-08T20:30:00+01:00,137.51,137.73,137.02,137.68
2025-08-11T14:30:00+01:00,137.94,140.48,137.51,139.61
2025-08-11T15:30:00+01:00,139.64,140.23,138.84,139.12
2025-08-11T16:30:00+01:00,139.035,139.85,138.74,139.82
2025-08-11T17:30:00+01:00,139.8,139.96,138.76,138.87
2025-08-11T18:30:00+01:00,138.94,139.3,138.22,138.23
2025-08-11T19:30:00+01:00,138.26,138.64,137.96,138.27
2025-08-11T20:30:00+01:00,138.32,138.5,137.77,138.39
2025-08-12T14:30:00+01:00,139.2,141.6,139.2,141.12
2025-08-12T15:30:00+01:00,141.16,141.81,140.64,141
2025-08-12T16:30:00+01:00,141.07,141.38,140.28,140.92
2025-08-12T17:30:00+01:00,140.93,141.11,140.32,140.32
2025-08-12T18:30:00+01:00,140.37,141.45,140.37,141.33
2025-08-12T19:30:00+01:00,141.32,141.42,140.84,141.29
2025-08-12T20:30:00+01:00,141.31,142.11,141.27,141.69
2025-08-13T14:30:00+01:00,140.5,140.5,137.91,138.02
2025-08-13T15:30:00+01:00,138.03,138.28,136.1,137.14
2025-08-13T16:30:00+01:00,137.2,137.55,136.58,136.63
2025-08-13T17:30:00+01:00,136.66,137.4,136.32,137.4
2025-08-13T18:30:00+01:00,137.42,138.14,137.09,137.8
2025-08-13T19:30:00+01:00,137.83,138.61,137.51,138.49
2025-08-13T20:30:00+01:00,138.46,139.34,137.99,139.17
2025-08-14T14:30:00+01:00,137,139.5,136.36,139.36
2025-08-14T15:30:00+01:00,139.41,139.675,138.7,139.06
2025-08-14T16:30:00+01:00,139.08,139.81,138.85,138.94
2025-08-14T17:30:00+01:00,138.92,139.51,138.77,139.42
2025-08-14T18:30:00+01:00,139.45,139.49,138.88,138.97
2025-08-14T19:30:00+01:00,138.98,139.41,138.95,139.35
2025-08-14T20:30:00+01:00,139.34,139.5,138.84,138.85
2025-08-15T14:30:00+01:00,140.58,141.13,137.77,138.84
2025-08-15T15:30:00+01:00,138.85,138.89,137.96,138.31
2025-08-15T16:30:00+01:00,138.31,138.48,137.48,137.68
2025-08-15T17:30:00+01:00,137.69,138.13,137.45,137.74
2025-08-15T18:30:00+01:00,137.75,138.13,137.65,137.87
2025-08-15T19:30:00+01:00,137.87,138.29,137.7,138.24
2025-08-15T20:30:00+01:00,138.29,138.71,138.15,138.28
2025-08-18T14:30:00+01:00,138.28,139.38,138.06,138.925
2025-08-18T15:30:00+01:00,138.88,139.25,138.27,138.52
2025-08-18T16:30:00+01:00,138.6,139.08,138.54,138.98
2025-08-18T17:30:00+01:00,138.95,139.09,138.58,138.72
2025-08-18T18:30:00+01:00,138.76,138.85,137.72,138.06
2025-08-18T19:30:00+01:00,138.05,138.14,137.78,138.01
2025-08-18T20:30:00+01:00,138.03,138.48,137.99,138.155
2025-08-19T14:30:00+01:00,137.21,138.69,136.98,137.03
2025-08-19T15:30:00+01:00,137.13,137.23,135.93,136.97
2025-08-19T16:30:00+01:00,137.01,137.14,136.11,136.15
2025-08-19T17:30:00+01:00,136.22,136.48,134.57,135.01
2025-08-19T18:30:00+01:00,134.97,135.56,134.92,135.11
2025-08-19T19:30:00+01:00,135.13,135.19,134.7,135.06
2025-08-19T20:30:00+01:00,135.04,135.43,134.98,135.17
2025-08-20T14:30:00+01:00,133.78,134,126.9,127.72
2025-08-20T15:30:00+01:00,127.72,129.58,127.36,129.51
2025-08-20T16:30:00+01:00,129.5,129.93,128.43,129.33
2025-08-20T17:30:00+01:00,129.3,129.3,127.9,128.07
2025-08-20T18:30:00+01:00,128.05,128.68,126.85,127.25
2025-08-20T19:30:00+01:00,127.33,128.33,127.28,127.98
2025-08-20T20:30:00+01:00,127.96,128.705,127.94,128.54
2025-08-21T14:30:00+01:00,129.31,130.33,128.6,129.95
2025-08-21T15:30:00+01:00,129.92,129.96,128.37,128.69
2025-08-21T16:30:00+01:00,128.74,128.94,127.95,128.26
2025-08-21T17:30:00+01:00,128.31,128.49,127.57,127.9
2025-08-21T18:30:00+01:00,127.96,128.35,127.85,127.96
2025-08-21T19:30:00+01:00,127.98,128.46,127.79,128.07
2025-08-21T20:30:00+01:00,128.08,128.14,127.68,127.75
2025-08-22T14:30:00+01:00,128.59,132.07,128.12,130.97
2025-08-22T15:30:00+01:00,130.94,131.555,130.84,131.12
2025-08-22T16:30:00+01:00,131.2,131.32,130.42,130.54
2025-08-22T17:30:00+01:00,130.55,131.01,130.41,130.99
2025-08-22T18:30:00+01:00,130.98,131.09,130.7,130.78
2025-08-22T19:30:00+01:00,130.75,131.05,130.73,130.75
2025-08-22T20:30:00+01:00,130.77,131.06,130.71,130.79
2025-08-25T14:30:00+01:00,130,131.36,129.83,130.99
2025-08-25T15:30:00+01:00,130.96,132.14,130.93,131.83
2025-08-25T16:30:00+01:00,131.85,132.14,131.67,131.8
2025-08-25T17:30:00+01:00,131.8,131.88,131.36,131.56
2025-08-25T18:30:00+01:00,131.59,131.97,131.46,131.78
2025-08-25T19:30:00+01:00,131.82,131.95,131.47,131.53
2025-08-25T20:30:00+01:00,131.52,131.52,131,131
2025-08-26T14:30:00+01:00,131.315,132.5,131.19,132.37
2025-08-26T15:30:00+01:00,132.38,132.38,131.21,131.21
2025-08-26T16:30:00+01:00,131.22,131.51,131.1,131.32
2025-08-26T17:30:00+01:00,131.35,131.81,131.03,131.145
2025-08-26T18:30:00+01:00,131.11,131.29,130.3,131.29
2025-08-26T19:30:00+01:00,131.3,131.36,130.76,131.04
2025-08-26T20:30:00+01:00,131.02,131.2,130.78,130.985
2025-08-27T14:30:00+01:00,130.92,131.41,130.7,131.15
2025-08-27T15:30:00+01:00,131.12,131.885,131.04,131.66
2025-08-27T16:30:00+01:00,131.66,131.92,131.07,131.26
2025-08-27T17:30:00+01:00,131.26,131.55,131.13,131.46
2025-08-27T18:30:00+01:00,131.46,131.98,131.4,131.84
2025-08-27T19:30:00+01:00,131.85,132.3,131.8,132.28
2025-08-27T20:30:00+01:00,132.3,132.66,132.3,132.43
2025-08-28T14:30:00+01:00,133.69,135.19,133.2,134.205
2025-08-28T15:30:00+01:00,134.26,134.65,132.85,132.85
2025-08-28T16:30:00+01:00,132.87,133.68,132.75,133.57
2025-08-28T17:30:00+01:00,133.59,133.64,133.04,133.04
2025-08-28T18:30:00+01:00,133.06,134.1,132.85,134.08
2025-08-28T19:30:00+01:00,134.08,134.37,133.7,134.35
2025-08-28T20:30:00+01:00,134.38,134.89,134.15,134.51
2025-08-29T14:30:00+01:00,124.06,124.9,119.8,121.1
2025-08-29T15:30:00+01:00,121.07,123.9,120.82,123.64
2025-08-29T16:30:00+01:00,123.62,124.31,122.29,123.3
2025-08-29T17:30:00+01:00,123.27,123.75,122,122.17
2025-08-29T18:30:00+01:00,122.19,122.45,120.96,121.46
2025-08-29T19:30:00+01:00,121.47,122.67,121.42,122.14
2025-08-29T20:30:00+01:00,122.14,122.85,121.6,122.13
2025-09-02T14:30:00+01:00,119.105,120.26,117.71,118.68
2025-09-02T15:30:00+01:00,118.64,120.32,118.15,120.07
2025-09-02T16:30:00+01:00,120.09,120.3,119.34,119.69
2025-09-02T17:30:00+01:00,119.7,120.49,119.3,120.21
2025-09-02T18:30:00+01:00,120.23,120.86,120.09,120.7
2025-09-02T19:30:00+01:00,120.67,121.05,120.44,121.02
2025-09-02T20:30:00+01:00,121.03,121.38,120.83,120.97
2025-09-03T14:30:00+01:00,121.79,122.5,120.91,122.06
2025-09-03T15:30:00+01:00,122.1,122.9,121.91,122.29
2025-09-03T16:30:00+01:00,122.32,122.87,122.29,122.35
2025-09-03T17:30:00+01:00,122.34,124.02,122.26,123.05
2025-09-03T18:30:00+01:00,123.09,123.19,122.64,122.96
2025-09-03T19:30:00+01:00,122.92,123.56,122.76,123.2
2025-09-03T20:30:00+01:00,123.21,124.02,123.21,124
2025-09-04T14:30:00+01:00,123.9,125.9,122.92,125.85
2025-09-04T15:30:00+01:00,125.85,126.55,125.22,125.74
2025-09-04T16:30:00+01:00,125.65,126.15,125.28,125.65
2025-09-04T17:30:00+01:00,125.62,126.04,125.53,125.93
2025-09-04T18:30:00+01:00,125.93,126.2,125.51,126.11
2025-09-04T19:30:00+01:00,126.14,127.34,126.14,127.32
2025-09-04T20:30:00+01:00,127.315,127.35,126.52,126.69
2025-09-05T14:30:00+01:00,127.175,128.4,124.35,124.83
2025-09-05T15:30:00+01:00,124.7,124.86,123.28,124.4
2025-09-05T16:30:00+01:00,124.39,125.27,124.27,125.1
2025-09-05T17:30:00+01:00,125.14,125.25,124.52,125.04
2025-09-05T18:30:00+01:00,125.02,125.08,124.44,125.05
2025-09-05T19:30:00+01:00,125.06,125.59,125.04,125.39
2025-09-05T20:30:00+01:00,125.41,125.47,124.75,124.82
2025-09-08T14:30:00+01:00,125.34,125.59,123.58,123.81
2025-09-08T15:30:00+01:00,123.82,123.93,122.8,123.84
2025-09-08T16:30:00+01:00,123.8,124.01,122.97,124.01
2025-09-08T17:30:00+01:00,124.02,124.13,123.34,123.64
2025-09-08T18:30:00+01:00,123.62,123.7,123.1,123.53
2025-09-08T19:30:00+01:00,123.54,123.6,123.005,123.13
2025-09-08T20:30:00+01:00,123.12,123.33,122.96,123.04
2025-09-09T14:30:00+01:00,120.86,121.26,118.15,120.02
2025-09-09T15:30:00+01:00,120.04,121.22,119.3,121.22
2025-09-09T16:30:00+01:00,121.25,121.71,120.92,121.18
2025-09-09T17:30:00+01:00,121.18,121.2,120.62,120.74
2025-09-09T18:30:00+01:00,120.74,120.95,120.43,120.62
2025-09-09T19:30:00+01:00,120.65,120.8,120.46,120.76
2025-09-09T20:30:00+01:00,120.75,121.5,120.72,121.275
2025-09-10T14:30:00+01:00,123.43,127.1,123.43,125.84
2025-09-10T15:30:00+01:00,125.8,125.815,124.26,124.61
2025-09-10T16:30:00+01:00,124.65,126.75,124.43,125.7
2025-09-10T17:30:00+01:00,125.71,125.8,124.74,124.94
2025-09-10T18:30:00+01:00,124.95,124.95,124.2,124.53
2025-09-10T19:30:00+01:00,124.49,124.98,124.39,124.63
2025-09-10T20:30:00+01:00,124.63,125.15,124.28,124.47
2025-09-11T14:30:00+01:00,124.905,128.07,124.74,127.83
2025-09-11T15:30:00+01:00,127.83,128.76,127.13,127.54
2025-09-11T16:30:00+01:00,127.55,127.97,127.03,127.03
2025-09-11T17:30:00+01:00,127.09,127.35,126.56,127.04
2025-09-11T18:30:00+01:00,126.93,127.31,126.3,126.37
2025-09-11T19:30:00+01:00,126.38,126.38,125.94,126.04
2025-09-11T20:30:00+01:00,126.02,126.11,125.23,125.3
2025-09-12T14:30:00+01:00,126.16,127.64,125.63,126.76
2025-09-12T15:30:00+01:00,126.65,127.4,126.53,126.93
2025-09-12T16:30:00+01:00,126.86,127.29,126.6,126.82
2025-09-12T17:30:00+01:00,126.81,126.93,126.22,126.24
2025-09-12T18:30:00+01:00,126.21,126.49,125.78,125.91
2025-09-12T19:30:00+01:00,125.94,125.98,125.23,125.85
2025-09-12T20:30:00+01:00,125.85,125.85,124.98,125.03
2025-09-15T14:30:00+01:00,126.51,127.08,125.01,126.81
2025-09-15T15:30:00+01:00,126.8,126.98,126.32,126.48
2025-09-15T16:30:00+01:00,126.51,127.53,126.46,127.49
2025-09-15T17:30:00+01:00,127.52,128.3,127.3,127.72
2025-09-15T18:30:00+01:00,127.71,128.29,127.11,127.39
2025-09-15T19:30:00+01:00,127.45,127.85,127.24,127.58
2025-09-15T20:30:00+01:00,127.575,127.61,126.28,126.75
2025-09-16T14:30:00+01:00,127.625,128.64,125.91,126.75
2025-09-16T15:30:00+01:00,126.69,127.37,126.66,127.2
2025-09-16T16:30:00+01:00,127.18,128.17,127.03,127.98
2025-09-16T17:30:00+01:00,127.95,128.2,127.73,127.83
2025-09-16T18:30:00+01:00,127.83,128.17,127.72,127.91
2025-09-16T19:30:00+01:00,127.92,128.13,127.725,127.77
2025-09-16T20:30:00+01:00,127.79,127.885,127.4,127.68
2025-09-17T14:30:00+01:00,128.25,133,127.79,131.34
2025-09-17T15:30:00+01:00,131.34,131.98,131.05,131.43
2025-09-17T16:30:00+01:00,131.44,131.56,130.51,130.52
2025-09-17T17:30:00+01:00,130.55,130.63,129.48,129.76
2025-09-17T18:30:00+01:00,129.75,130.76,128.235,130.1
2025-09-17T19:30:00+01:00,130.13,130.61,128.71,130.31
2025-09-17T20:30:00+01:00,130.22,130.77,129.72,130.34
2025-09-18T14:30:00+01:00,131.965,133.61,131.965,133.59
2025-09-18T15:30:00+01:00,133.52,133.62,131.59,131.77
2025-09-18T16:30:00+01:00,131.8,132.47,131.46,132.29
2025-09-18T17:30:00+01:00,132.28,132.33,131.98,132.15
2025-09-18T18:30:00+01:00,132.13,132.21,131.7,131.84
2025-09-18T19:30:00+01:00,131.86,132.1,131.49,131.61
2025-09-18T20:30:00+01:00,131.58,132.14,131.56,132.11
2025-09-19T14:30:00+01:00,132.945,133.91,132.16,133.53
2025-09-19T15:30:00+01:00,133.51,133.96,132.57,132.67
2025-09-19T16:30:00+01:00,132.65,133.25,132.32,132.96
2025-09-19T17:30:00+01:00,132.96,133.1,132.62,132.72
2025-09-19T18:30:00+01:00,132.73,133.14,132.41,132.92
2025-09-19T19:30:00+01:00,132.9,133.07,132.58,132.97
2025-09-19T20:30:00+01:00,132.96,133.37,131.94,131.95
2025-09-22T14:30:00+01:00,132.62,136.56,131.8,135.78
2025-09-22T15:30:00+01:00,135.76,135.76,134.17,135.11
2025-09-22T16:30:00+01:00,135.05,136.62,134.76,136.38
2025-09-22T17:30:00+01:00,136.36,137.99,136.04,136.27
2025-09-22T18:30:00+01:00,136.275,136.35,135.15,135.29
2025-09-22T19:30:00+01:00,135.3,135.82,135.22,135.77
2025-09-22T20:30:00+01:00,135.76,135.88,135.4,135.64
2025-09-23T14:30:00+01:00,136,137.08,134.9,136.96
2025-09-23T15:30:00+01:00,137,137.38,135.98,136.04
2025-09-23T16:30:00+01:00,136.07,136.6,135.46,136.29
2025-09-23T17:30:00+01:00,136.29,136.36,134.96,134.96
2025-09-23T18:30:00+01:00,135,135.14,133.25,133.73
2025-09-23T19:30:00+01:00,133.745,134.31,133.74,133.84
2025-09-23T20:30:00+01:00,133.83,134.54,133.52,134.36
2025-09-24T14:30:00+01:00,135,135.48,133.67,133.795
2025-09-24T15:30:00+01:00,133.82,134.04,132.99,133.14
2025-09-24T16:30:00+01:00,133.08,133.93,131.9,132.4
2025-09-24T17:30:00+01:00,132.4,132.84,132.14,132.555
2025-09-24T18:30:00+01:00,132.57,132.77,131.9,132.27
2025-09-24T19:30:00+01:00,132.24,132.62,132.08,132.25
2025-09-24T20:30:00+01:00,132.24,132.25,131.72,132.04
2025-09-25T14:30:00+01:00,129.13,129.74,127.17,129.49
2025-09-25T15:30:00+01:00,129.49,130.35,129.34,129.73
2025-09-25T16:30:00+01:00,129.77,131.21,129.77,130.57
2025-09-25T17:30:00+01:00,130.59,131.11,130.3,130.78
2025-09-25T18:30:00+01:00,130.77,130.88,129.62,130.53
2025-09-25T19:30:00+01:00,130.49,131,130.28,130.64
2025-09-25T20:30:00+01:00,130.66,131.15,130.34,130.94
2025-09-26T14:30:00+01:00,128.02,130.3,127.59,129.53
2025-09-26T15:30:00+01:00,129.43,129.88,128.79,129.66
2025-09-26T16:30:00+01:00,129.67,129.93,129.43,129.89
2025-09-26T17:30:00+01:00,129.87,130.04,129.655,129.8
2025-09-26T18:30:00+01:00,129.83,130.53,129.49,130.52
2025-09-26T19:30:00+01:00,130.54,130.83,130.2,130.56
2025-09-26T20:30:00+01:00,130.54,131.06,130.33,130.75
2025-09-29T14:30:00+01:00,132.5,134.58,132.125,133.91
2025-09-29T15:30:00+01:00,133.91,134.1,133.3,133.41
2025-09-29T16:30:00+01:00,133.4,134.12,133.18,133.99
2025-09-29T17:30:00+01:00,133.98,133.98,133.31,133.76
2025-09-29T18:30:00+01:00,133.76,133.895,133.26,133.46
2025-09-29T19:30:00+01:00,133.49,134,133.49,133.79
2025-09-29T20:30:00+01:00,133.81,134.02,133.54,133.91
2025-09-30T14:30:00+01:00,134.04,138.91,134.04,138.73
2025-09-30T15:30:00+01:00,138.67,138.92,137.7,137.95
2025-09-30T16:30:00+01:00,137.98,138.95,137.81,138.2
2025-09-30T17:30:00+01:00,138.26,138.44,137.6,137.765
2025-09-30T18:30:00+01:00,137.71,139.27,137.66,139.26
2025-09-30T19:30:00+01:00,139.23,140.58,139.11,140.39
2025-09-30T20:30:00+01:00,140.38,141.76,140.13,141.76
2025-10-01T14:30:00+01:00,140.91,147.25,140.41,146.01
2025-10-01T15:30:00+01:00,146.05,146.68,144.77,145.92
2025-10-01T16:30:00+01:00,145.955,146.17,145.01,145.32
2025-10-01T17:30:00+01:00,145.29,146.86,145.29,146.06
2025-10-01T18:30:00+01:00,146.09,147.53,145.87,146.85
2025-10-01T19:30:00+01:00,146.83,148.37,146.75,148.26
2025-10-01T20:30:00+01:00,148.26,149.68,148.26,149.65
2025-10-02T14:30:00+01:00,150.59,152.07,146.36,146.46
2025-10-02T15:30:00+01:00,146.5,146.62,144.66,146.32
2025-10-02T16:30:00+01:00,146.31,146.85,145.95,146.625
2025-10-02T17:30:00+01:00,146.61,147.1,146.26,147.07
2025-10-02T18:30:00+01:00,147.05,148,146.95,147.73
2025-10-02T19:30:00+01:00,147.79,147.9,147,147.33
2025-10-02T20:30:00+01:00,147.35,147.69,146.83,147.4
2025-10-03T14:30:00+01:00,148.26,149.14,144.95,145.8
2025-10-03T15:30:00+01:00,145.76,146.54,144.99,146.27
2025-10-03T16:30:00+01:00,146.26,146.26,144.93,145.24
2025-10-03T17:30:00+01:00,145.22,145.26,143.49,143.55
2025-10-03T18:30:00+01:00,143.5,143.57,141.38,142.3
2025-10-03T19:30:00+01:00,142.29,142.29,140.58,140.855
2025-10-03T20:30:00+01:00,140.89,141,140.41,140.7
2025-10-06T14:30:00+01:00,145.53,149.26,144.26,145.67
2025-10-06T15:30:00+01:00,145.71,146.64,145.37,146.03
2025-10-06T16:30:00+01:00,146.01,146.55,145.64,146.08
2025-10-06T17:30:00+01:00,146.11,146.86,144.9,146.25
2025-10-06T18:30:00+01:00,146.29,146.32,145.38,145.75
2025-10-06T19:30:00+01:00,145.74,146.95,145.205,146.02
2025-10-06T20:30:00+01:00,146.03,146.34,145.74,145.78
2025-10-07T14:30:00+01:00,152.8,154.68,149.32,149.84
2025-10-07T15:30:00+01:00,149.78,150.69,146.52,146.93
2025-10-07T16:30:00+01:00,146.91,147.49,144.41,146.38
2025-10-07T17:30:00+01:00,146.44,149.58,146.36,149.21
2025-10-07T18:30:00+01:00,149.16,149.37,147.58,148.55
2025-10-07T19:30:00+01:00,148.55,151.6,148.5,150.87
2025-10-07T20:30:00+01:00,150.82,151.7,150.34,150.87
2025-10-08T14:30:00+01:00,155.27,166.07,154.02,162.5
2025-10-08T15:30:00+01:00,162.45,164.91,161.24,164.425
2025-10-08T16:30:00+01:00,164.4,164.41,160.63,161.69
2025-10-08T17:30:00+01:00,161.71,161.75,160.5,161.08
2025-10-08T18:30:00+01:00,161.12,163.14,160.95,162.78
2025-10-08T19:30:00+01:00,162.8,163.76,162.12,163.64
2025-10-08T20:30:00+01:00,163.6,164.68,163.27,164.48
2025-10-09T14:30:00+01:00,164.42,164.55,156.89,157.73
2025-10-09T15:30:00+01:00,157.7,158.46,156.25,157.06
2025-10-09T16:30:00+01:00,157.08,157.25,155.96,156.8
2025-10-09T17:30:00+01:00,156.8,157.075,155.22,155.33
2025-10-09T18:30:00+01:00,155.35,155.93,155.19,155.46
2025-10-09T19:30:00+01:00,155.49,156.4,155.22,156.27
2025-10-09T20:30:00+01:00,156.28,156.91,155.87,155.91
2025-10-10T14:30:00+01:00,157.9,159.31,155.55,158.32
2025-10-10T15:30:00+01:00,158.23,158.91,152.21,152.64
2025-10-10T16:30:00+01:00,152.58,154.12,150.78,153.58
2025-10-10T17:30:00+01:00,153.63,154.12,151.75,153.62
2025-10-10T18:30:00+01:00,153.66,154.07,152.78,153.21
2025-10-10T19:30:00+01:00,153.25,153.29,151.44,151.55
2025-10-10T20:30:00+01:00,151.6,151.69,150.44,150.5
2025-10-13T14:30:00+01:00,155.24,155.96,151.17,152.61
2025-10-13T15:30:00+01:00,152.41,153.28,151.12,152.98
2025-10-13T16:30:00+01:00,152.94,153.65,152.4,153.4
2025-10-13T17:30:00+01:00,153.4,154.25,153.11,153.31
2025-10-13T18:30:00+01:00,153.33,153.4,152.31,152.8
2025-10-13T19:30:00+01:00,152.79,153.74,152.72,153.33
2025-10-13T20:30:00+01:00,153.33,153.71,153.2,153.4
2025-10-14T14:30:00+01:00,149.975,152.25,148.11,149.73
2025-10-14T15:30:00+01:00,149.7,150.53,149,150.38
2025-10-14T16:30:00+01:00,150.39,151.92,150.22,151.87
2025-10-14T17:30:00+01:00,151.88,152.56,151.28,152.33
2025-10-14T18:30:00+01:00,152.32,152.33,151.46,152.16
2025-10-14T19:30:00+01:00,152.16,152.29,150.43,150.53
2025-10-14T20:30:00+01:00,150.5,150.55,148.56,148.75
2025-10-15T14:30:00+01:00,152.165,155.09,151.44,155
2025-10-15T15:30:00+01:00,155.05,155.77,153.82,155.5
2025-10-15T16:30:00+01:00,155.58,155.6,152.98,154.89
2025-10-15T17:30:00+01:00,154.81,154.93,151.7,153.12
2025-10-15T18:30:00+01:00,152.97,154.02,152.9,153.4
2025-10-15T19:30:00+01:00,153.37,154.53,153.245,154.43
2025-10-15T20:30:00+01:00,154.415,154.44,152.91,153.69
2025-10-16T14:30:00+01:00,155.295,158.07,154.43,158.05
2025-10-16T15:30:00+01:00,158.08,158.5,155.45,155.63
2025-10-16T16:30:00+01:00,155.47,155.72,153,153.45
2025-10-16T17:30:00+01:00,153.32,154.02,151.95,153.47
2025-10-16T18:30:00+01:00,153.34,153.5,150,150.31
2025-10-16T19:30:00+01:00,150.32,151.15,149.75,150.41
2025-10-16T20:30:00+01:00,150.46,151.84,150.13,151.3
2025-10-17T14:30:00+01:00,151.28,151.28,148.6,149.44
2025-10-17T15:30:00+01:00,149.44,149.44,147.32,148.2
2025-10-17T16:30:00+01:00,148.095,149.43,147.78,148.96
2025-10-17T17:30:00+01:00,148.95,149.26,148.15,148.57
2025-10-17T18:30:00+01:00,148.52,149.76,148.43,149.73
2025-10-17T19:30:00+01:00,149.69,150.46,149.3,150.35
2025-10-17T20:30:00+01:00,150.33,150.36,149.4,149.54
2025-10-20T14:30:00+01:00,150.125,151.4,148.97,150.06
2025-10-20T15:30:00+01:00,150.13,150.33,148,148.26
2025-10-20T16:30:00+01:00,148.27,148.3,147.13,148.08
2025-10-20T17:30:00+01:00,148.11,148.42,147.54,147.95
2025-10-20T18:30:00+01:00,147.92,148.19,147.13,147.7
2025-10-20T19:30:00+01:00,147.69,148.34,147.6,148.17
2025-10-20T20:30:00+01:00,148.16,148.5,147.83,147.85
2025-10-21T14:30:00+01:00,148.13,148.72,145.11,147.84
2025-10-21T15:30:00+01:00,147.84,149.44,147.35,149.4
2025-10-21T16:30:00+01:00,149.4,150.66,148.86,150.48
2025-10-21T17:30:00+01:00,150.53,151.28,149.9,150.26
2025-10-21T18:30:00+01:00,150.27,150.77,150.185,150.5
2025-10-21T19:30:00+01:00,150.53,150.63,150.12,150.21
2025-10-21T20:30:00+01:00,150.23,150.33,149.32,149.41
2025-10-22T14:30:00+01:00,150.33,151.3,149.12,149.26
2025-10-22T15:30:00+01:00,149.25,149.57,145.9,145.955
2025-10-22T16:30:00+01:00,146,147.72,145.48,147.21
2025-10-22T17:30:00+01:00,147.26,147.58,145.79,146.15
2025-10-22T18:30:00+01:00,146.09,147.66,145.25,147.545
2025-10-22T19:30:00+01:00,147.54,149.77,147.31,149.67
2025-10-22T20:30:00+01:00,149.71,150.42,149.66,150.125
2025-10-23T14:30:00+01:00,149.95,154.25,149.95,153.37
2025-10-23T15:30:00+01:00,153.26,154,152.46,153.52
2025-10-23T16:30:00+01:00,153.63,154.83,153.44,154.13
2025-10-23T17:30:00+01:00,154.13,155.33,153.7,154.11
2025-10-23T18:30:00+01:00,154.1,154.83,153.485,153.68
2025-10-23T19:30:00+01:00,153.76,154.22,153.56,154.12
2025-10-23T20:30:00+01:00,154.11,154.67,154.04,154.23
2025-10-24T14:30:00+01:00,157.68,158.9,156.83,158.455
2025-10-24T15:30:00+01:00,158.67,159.64,158.22,159.42
2025-10-24T16:30:00+01:00,159.42,159.94,158.91,159.46
2025-10-24T17:30:00+01:00,159.44,159.52,158.41,158.47
2025-10-24T18:30:00+01:00,158.41,159.26,158.36,159.14
2025-10-24T19:30:00+01:00,159.18,159.2,158.47,158.64
2025-10-24T20:30:00+01:00,158.65,158.97,158.6,158.65
2025-10-27T13:30:00Z,160.63,161.36,159.25,161.11
2025-10-27T14:30:00Z,161.02,161.6,160.6,161.1
2025-10-27T15:30:00Z,161.09,161.51,160.38,160.99
2025-10-27T16:30:00Z,160.96,161.35,160.79,160.89
2025-10-27T17:30:00Z,160.85,161.07,160.7,160.925
2025-10-27T18:30:00Z,160.91,161.38,160.79,161.38
2025-10-27T19:30:00Z,161.36,162.37,161.36,162.27
2025-10-28T13:30:00Z,162.4,163.5,160.72,162.14
2025-10-28T14:30:00Z,162.14,162.59,161.85,161.97
2025-10-28T15:30:00Z,161.87,163.775,161.28,163.77
2025-10-28T16:30:00Z,163.74,165.88,163.65,165.69
2025-10-28T17:30:00Z,165.675,166.11,165.23,165.99
2025-10-28T18:30:00Z,165.95,167,165.95,166.71
2025-10-28T19:30:00Z,166.72,166.86,164.67,164.9
2025-10-29T13:30:00Z,167.05,167.94,163.64,166.18
2025-10-29T14:30:00Z,166.24,166.43,165.03,165.38
2025-10-29T15:30:00Z,165.28,165.4,163.86,164.72
2025-10-29T16:30:00Z,164.75,164.86,164.14,164.2
2025-10-29T17:30:00Z,164.16,165.18,164.12,164.61
2025-10-29T18:30:00Z,164.66,165.06,161.97,163.4
2025-10-29T19:30:00Z,163.41,164.26,163.02,163.52
2025-10-30T13:30:00Z,160.03,164.02,160.03,162.78
2025-10-30T14:30:00Z,162.91,164.05,162.01,162.61
2025-10-30T15:30:00Z,162.74,163.48,161.88,163.21
2025-10-30T16:30:00Z,163.21,163.44,162.54,163.2
2025-10-30T17:30:00Z,163.14,163.82,162.4,162.6
2025-10-30T18:30:00Z,162.62,162.88,161.57,161.86
2025-10-30T19:30:00Z,161.91,162.02,160.9,160.94
2025-10-31T13:30:00Z,163.05,163.4,161.59,162.81
2025-10-31T14:30:00Z,162.73,163.15,161.6,161.79
2025-10-31T15:30:00Z,161.78,161.91,158.77,159.36
2025-10-31T16:30:00Z,159.31,159.68,158,159.245
2025-10-31T17:30:00Z,159.21,160.7,158.71,160.7
2025-10-31T18:30:00Z,160.59,161.87,160.42,161.75
2025-10-31T19:30:00Z,161.79,162.28,161.55,161.94
2025-11-03T14:30:00Z,167.26,167.99,163.19,163.32
2025-11-03T15:30:00Z,163.35,164.06,162.65,163.09
2025-11-03T16:30:00Z,163.08,163.41,162.18,162.4
2025-11-03T17:30:00Z,162.35,162.81,161.88,161.93
2025-11-03T18:30:00Z,161.99,162.5,160.83,161.3
2025-11-03T19:30:00Z,161.38,161.41,160.41,160.46
2025-11-03T20:30:00Z,160.4,160.95,159.86,160.12
2025-11-04T14:30:00Z,155.47,157.77,153.3,157.2
2025-11-04T15:30:00Z,157.15,157.76,156.33,156.99
2025-11-04T16:30:00Z,156.99,157.91,155.76,157.49
2025-11-04T17:30:00Z,157.44,157.65,156.03,156.5
2025-11-04T18:30:00Z,156.47,157.36,156.15,156.82
2025-11-04T19:30:00Z,156.79,156.79,154.385,154.67
2025-11-04T20:30:00Z,154.66,155.13,154.17,154.64
2025-11-05T14:30:00Z,152.1,154.62,149.15,149.84
2025-11-05T15:30:00Z,149.85,151.81,149.34,151.27
2025-11-05T16:30:00Z,151.18,153.21,150.88,153.13
2025-11-05T17:30:00Z,153.2,154.09,152.89,153.85
2025-11-05T18:30:00Z,153.83,154.6,153.78,154.34
2025-11-05T19:30:00Z,154.3,154.93,153.62,153.82
2025-11-05T20:30:00Z,153.82,153.82,152.21,152.39
2025-11-06T14:30:00Z,152.42,155,150.88,153.5
2025-11-06T15:30:00Z,153.41,153.41,149.81,150.82
2025-11-06T16:30:00Z,150.67,150.74,148.83,148.97
2025-11-06T17:30:00Z,148.94,150.83,148.82,150.68
2025-11-06T18:30:00Z,150.76,151.76,150.1,151.74
2025-11-06T19:30:00Z,151.77,151.9,150.12,150.22
2025-11-06T20:30:00Z,150.23,150.63,149.13,149.25
2025-11-07T14:30:00Z,147.12,147.65,144.34,146.15
2025-11-07T15:30:00Z,146.04,146.16,143.11,144.29
2025-11-07T16:30:00Z,144.44,145.3,143.43,144.86
2025-11-07T17:30:00Z,144.87,145.73,143.73,145.47
2025-11-07T18:30:00Z,145.51,145.84,144.48,145.04
2025-11-07T19:30:00Z,145.05,146.69,145.05,145.54
2025-11-07T20:30:00Z,145.57,146.73,145.36,146.71
2025-11-10T14:30:00Z,149.59,150,144.58,145.1
2025-11-10T15:30:00Z,145.12,145.77,141.34,141.62
2025-11-10T16:30:00Z,141.68,142.13,141.1,141.85
2025-11-10T17:30:00Z,141.86,142.82,141.33,141.34
2025-11-10T18:30:00Z,141.34,142.76,141.11,142.25
2025-11-10T19:30:00Z,142.29,143.71,142.14,143.35
2025-11-10T20:30:00Z,143.29,143.44,142.55,142.68
2025-11-11T14:30:00Z,140.96,141.02,136.29,136.96
2025-11-11T15:30:00Z,136.9,137.78,136.32,136.92
2025-11-11T16:30:00Z,136.96,139.92,136.78,139.92
2025-11-11T17:30:00Z,139.92,140.48,139.43,139.75
2025-11-11T18:30:00Z,139.65,140.78,139.09,140.3
2025-11-11T19:30:00Z,140.36,140.64,139.26,139.34
2025-11-11T20:30:00Z,139.34,139.365,138.42,138.75
2025-11-12T14:30:00Z,141.11,143.09,139.75,142.77
2025-11-12T15:30:00Z,142.84,142.96,141.6,142.36
2025-11-12T16:30:00Z,142.29,143.76,142.26,142.59
2025-11-12T17:30:00Z,142.67,143.69,141.94,142.34
2025-11-12T18:30:00Z,142.27,142.4,141.05,141.73
2025-11-12T19:30:00Z,141.78,142.07,141.4,141.95
2025-11-12T20:30:00Z,141.95,142.23,140.59,140.74
2025-11-13T14:30:00Z,140.1,140.1,137.5,137.82
2025-11-13T15:30:00Z,137.8,138.15,136.15,136.94
2025-11-13T16:30:00Z,136.86,137.11,135.82,136.42
2025-11-13T17:30:00Z,136.47,136.71,133.31,133.57
2025-11-13T18:30:00Z,133.48,134.07,132.81,134.05
2025-11-13T19:30:00Z,134.03,134.03,132.3,132.89
2025-11-13T20:30:00Z,132.94,134.08,132.78,133.92
2025-11-14T14:30:00Z,130.68,135.11,129.75,133.85
2025-11-14T15:30:00Z,133.93,136.72,133.61,136.41
2025-11-14T16:30:00Z,136.39,137.17,136.12,136.9
2025-11-14T17:30:00Z,136.92,137.05,135.24,135.59
2025-11-14T18:30:00Z,135.63,135.76,134.42,134.81
2025-11-14T19:30:00Z,134.77,135,134.1,134.38
2025-11-14T20:30:00Z,134.34,134.39,132.96,133.74
2025-11-17T14:30:00Z,123.55,128.4,123.16,123.99
2025-11-17T15:30:00Z,123.97,125.33,123.62,124.6
2025-11-17T16:30:00Z,124.58,125.23,123.79,124.09
2025-11-17T17:30:00Z,124.1,124.15,122.68,122.82
2025-11-17T18:30:00Z,122.85,123.06,121,121.29
2025-11-17T19:30:00Z,121.31,121.53,120.02,120.44
2025-11-17T20:30:00Z,120.55,122.96,120.47,122.46
2025-11-18T14:30:00Z,120.61,122.7,119.44,121.96
2025-11-18T15:30:00Z,121.89,123.9,121.55,123.47
2025-11-18T16:30:00Z,123.44,124.37,123.22,123.69
2025-11-18T17:30:00Z,123.65,125.38,123.31,125.09
2025-11-18T18:30:00Z,125.09,126.03,124.75,124.8
2025-11-18T19:30:00Z,124.89,125.32,123.45,124.1
2025-11-18T20:30:00Z,124.11,124.32,122.67,122.685
2025-11-19T14:30:00Z,122.17,123.55,121.21,121.87
2025-11-19T15:30:00Z,121.94,122.24,119.68,119.92
2025-11-19T16:30:00Z,119.83,120.4,119.3,119.68
2025-11-19T17:30:00Z,119.68,120.25,118.9,119.76
2025-11-19T18:30:00Z,119.76,120.55,119.69,119.82
2025-11-19T19:30:00Z,119.89,120.56,119.65,120.15
2025-11-19T20:30:00Z,120.13,120.6,119.16,119.4
2025-11-20T14:30:00Z,123.975,125.59,122.82,125.36
2025-11-20T15:30:00Z,125.42,125.68,121.96,122.25
2025-11-20T16:30:00Z,122.2,122.34,118.47,118.88
2025-11-20T17:30:00Z,119.07,120.47,118.18,119.66
2025-11-20T18:30:00Z,119.65,120.01,117.44,118.53
2025-11-20T19:30:00Z,118.47,118.72,117.55,117.94
2025-11-20T20:30:00Z,117.94,118.07,116.76,117.44
2025-11-21T14:30:00Z,118.235,120.52,117.55,117.96
2025-11-21T15:30:00Z,117.87,119.19,116.53,119.18
2025-11-21T16:30:00Z,119.31,121.72,119,121.58
2025-11-21T17:30:00Z,121.62,122.23,120.51,120.78
2025-11-21T18:30:00Z,120.75,123.1,120.69,123.045
2025-11-21T19:30:00Z,122.97,123.44,122.42,122.76
2025-11-21T20:30:00Z,122.76,123.39,122.34,122.56
2025-11-24T14:30:00Z,124.6,129.41,124.275,127.94
2025-11-24T15:30:00Z,127.85,129.07,127.65,128.16
2025-11-24T16:30:00Z,128.14,128.31,127.25,127.37
2025-11-24T17:30:00Z,127.34,128.31,127.28,127.85
2025-11-24T18:30:00Z,127.79,128.08,127.56,127.68
2025-11-24T19:30:00Z,127.69,127.77,126.75,127.48
2025-11-24T20:30:00Z,127.47,127.86,127.1,127.24
2025-11-25T14:30:00Z,123.8,126,123.04,124.62
2025-11-25T15:30:00Z,124.64,125.76,124.57,125.71
2025-11-25T16:30:00Z,125.75,126.79,125.26,126.6
2025-11-25T17:30:00Z,126.59,127.08,126.03,126.2
2025-11-25T18:30:00Z,126.2,126.77,125.98,126.03
2025-11-25T19:30:00Z,126.04,126.46,125.35,126.21
2025-11-25T20:30:00Z,126.2,126.82,125.91,125.94
2025-11-26T14:30:00Z,133.51,133.8,128.09,131.84
2025-11-26T15:30:00Z,132,134.46,130.75,134.46
2025-11-26T16:30:00Z,134.43,135.33,133.2,133.93
2025-11-26T17:30:00Z,134,135.05,133.41,134.38
2025-11-26T18:30:00Z,134.38,134.4,133.05,134.19
2025-11-26T19:30:00Z,134.16,135.1,133.8,134.31
2025-11-26T20:30:00Z,134.35,134.97,133.18,133.19
2025-11-28T14:30:00Z,134.49,134.49,130,131.32
2025-11-28T15:30:00Z,131.33,132.61,131.23,132.45
2025-11-28T16:30:00Z,132.41,132.76,131.9,132.43
2025-11-28T17:30:00Z,132.4,133.29,131.38,133.205
2025-12-01T14:30:00Z,131.725,131.87,127.77,129.12
2025-12-01T15:30:00Z,129.1,130.8,128.81,130.45
2025-12-01T16:30:00Z,130.49,131.07,129.9,130.19
2025-12-01T17:30:00Z,130.23,130.93,130.1,130.73
2025-12-01T18:30:00Z,130.76,131.83,130.76,131.01
2025-12-01T19:30:00Z,131.03,131.58,130.64,131.38
2025-12-01T20:30:00Z,131.38,132.13,131.38,132.1
2025-12-02T14:30:00Z,135.2,138.05,134.83,136.75
2025-12-02T15:30:00Z,136.71,137.66,135.16,135.52
2025-12-02T16:30:00Z,135.48,136.63,135.2,136.58
2025-12-02T17:30:00Z,136.56,136.67,135.45,135.65
2025-12-02T18:30:00Z,135.64,136.11,135.13,135.86
2025-12-02T19:30:00Z,135.8,137.17,135.8,136.59
2025-12-02T20:30:00Z,136.58,136.79,135.81,135.94
2025-12-03T14:30:00Z,135.9,135.9,133.38,133.99
2025-12-03T15:30:00Z,134.02,134.6,133.32,133.565
2025-12-03T16:30:00Z,133.62,134.4,133.48,133.89
2025-12-03T17:30:00Z,133.9,134.8,133.64,134.71
2025-12-03T18:30:00Z,134.72,135.61,134.44,134.51
2025-12-03T19:30:00Z,134.51,135.06,133.92,133.95
2025-12-03T20:30:00Z,133.93,133.96,133.23,133.625
2025-12-04T14:30:00Z,134.08,136.15,132.7,136.14
2025-12-04T15:30:00Z,136.14,138.33,136,137.81
2025-12-04T16:30:00Z,137.79,139.31,137.61,138.185
2025-12-04T17:30:00Z,138.15,138.33,137.33,138.26
2025-12-04T18:30:00Z,138.26,138.3,137.2,137.21
2025-12-04T19:30:00Z,137.2,138.06,137.17,137.99
2025-12-04T20:30:00Z,137.99,139.1,137.99,138.98
2025-12-05T14:30:00Z,138.84,139.27,136.12,137.94
2025-12-05T15:30:00Z,138.05,138.5,136.62,137.18
2025-12-05T16:30:00Z,137.16,137.94,136.83,137.22
2025-12-05T17:30:00Z,137.21,137.99,136.73,137.94
2025-12-05T18:30:00Z,137.93,138.5,137.93,138.2
2025-12-05T19:30:00Z,138.2,138.48,137.55,138.43
2025-12-05T20:30:00Z,138.43,139,138.18,138.9
2025-12-08T14:30:00Z,138.615,142.33,138.615,139.68
2025-12-08T15:30:00Z,139.69,141.15,139.255,140.96
2025-12-08T16:30:00Z,140.95,141.61,140.74,141.02
2025-12-08T17:30:00Z,141.06,142.06,140.51,141.35
2025-12-08T18:30:00Z,141.37,141.48,140.18,140.8
2025-12-08T19:30:00Z,140.77,141.33,140.4,140.44
2025-12-08T20:30:00Z,140.44,140.58,140.04,140.41
2025-12-09T14:30:00Z,139,139.76,137.33,138.34
2025-12-09T15:30:00Z,138.34,139.9,138.18,138.34
2025-12-09T16:30:00Z,138.26,138.67,137.8,138.11
2025-12-09T17:30:00Z,138.14,138.46,137.965,138.09
2025-12-09T18:30:00Z,138.12,138.33,137.77,138.29
2025-12-09T19:30:00Z,138.29,138.51,137.6,137.66
2025-12-09T20:30:00Z,137.65,138.55,137.53,138.21
2025-12-10T14:30:00Z,137.685,138.44,136.27,137.635
2025-12-10T15:30:00Z,137.635,139.11,136.6,139.03
2025-12-10T16:30:00Z,139.08,139.34,137.34,137.34
2025-12-10T17:30:00Z,137.28,138.68,137.065,138.46
2025-12-10T18:30:00Z,138.46,139.44,138.105,138.66
2025-12-10T19:30:00Z,138.7,141.12,138.24,140.72
2025-12-10T20:30:00Z,140.73,140.86,140.21,140.63
2025-12-11T14:30:00Z,138.825,139.06,134.68,136.16
2025-12-11T15:30:00Z,136.15,137,135.75,136.39
2025-12-11T16:30:00Z,136.405,137.77,136.28,137.5
2025-12-11T17:30:00Z,137.56,138.92,137.4,138.61
2025-12-11T18:30:00Z,138.68,138.68,138.13,138.45
2025-12-11T19:30:00Z,138.49,138.97,138.27,138.46
2025-12-11T20:30:00Z,138.45,138.84,138.25,138.63
2025-12-12T14:30:00Z,137.6,139.34,136.11,136.165
2025-12-12T15:30:00Z,136.17,136.5,132.6,133.12
2025-12-12T16:30:00Z,133.11,133.3,131.69,132.37
2025-12-12T17:30:00Z,132.4,133.83,131.95,133.06
2025-12-12T18:30:00Z,133.02,133.03,130.56,130.68
2025-12-12T19:30:00Z,130.67,131.16,129.63,129.94
2025-12-12T20:30:00Z,129.98,130.42,129.46,129.97
2025-12-15T14:30:00Z,131.3,133.25,129.67,130.33
2025-12-15T15:30:00Z,130.2,131.77,130.12,131.66
2025-12-15T16:30:00Z,131.69,131.7,130,130.58
2025-12-15T17:30:00Z,130.6,131.1,130.1,130.26
2025-12-15T18:30:00Z,130.26,131.02,130.09,130.7
2025-12-15T19:30:00Z,130.7,131.02,130.39,130.53
2025-12-15T20:30:00Z,130.545,130.655,130.16,130.5
2025-12-16T14:30:00Z,130.41,134.91,130.21,131.85
2025-12-16T15:30:00Z,131.91,133.69,131.65,132.89
2025-12-16T16:30:00Z,132.8,134.04,132.75,133.4
2025-12-16T17:30:00Z,133.37,133.84,132.79,133.315
2025-12-16T18:30:00Z,133.36,134.21,133.14,133.5
2025-12-16T19:30:00Z,133.51,133.92,133.25,133.74
2025-12-16T20:30:00Z,133.8,134.5,133.65,133.75
2025-12-17T14:30:00Z,133.465,133.53,129.36,130.06
2025-12-17T15:30:00Z,130.21,130.24,126.7,127.77
2025-12-17T16:30:00Z,127.71,129.16,127.41,128.92
2025-12-17T17:30:00Z,128.93,129.11,128.2,128.3
2025-12-17T18:30:00Z,128.26,128.45,127.83,128.2
2025-12-17T19:30:00Z,128.2,129.09,128,128.54
2025-12-17T20:30:00Z,128.66,128.66,127.56,127.885
2025-12-18T14:30:00Z,128,128.53,122.11,125.2
2025-12-18T15:30:00Z,125.36,126.82,125.23,125.58
2025-12-18T16:30:00Z,125.53,126.18,123.73,124.14
2025-12-18T17:30:00Z,124.1,124.89,124.04,124.49
2025-12-18T18:30:00Z,124.49,124.8,123.33,123.43
2025-12-18T19:30:00Z,123.45,123.77,122.77,123.45
2025-12-18T20:30:00Z,123.45,123.65,122.745,122.93
2025-12-19T14:30:00Z,123.87,127.08,123.87,125.02
2025-12-19T15:30:00Z,124.96,125.5,124.69,125.27
2025-12-19T16:30:00Z,125.31,125.8,124.37,125.41
2025-12-19T17:30:00Z,125.31,125.9,124.98,125.9
2025-12-19T18:30:00Z,125.87,126.6,125.49,126.55
2025-12-19T19:30:00Z,126.53,127.14,126.53,126.97
2025-12-19T20:30:00Z,126.95,127.14,126.07,126.36
2025-12-22T14:30:00Z,128.76,128.88,125.69,126.37
2025-12-22T15:30:00Z,126.37,127.1,125.34,126.08
2025-12-22T16:30:00Z,126.04,126.6,126.04,126.58
2025-12-22T17:30:00Z,126.56,126.74,126.01,126.48
2025-12-22T18:30:00Z,126.46,126.87,126.24,126.87
2025-12-22T19:30:00Z,126.89,127.24,126.33,126.33
2025-12-22T20:30:00Z,126.38,126.63,126.15,126.57
2025-12-23T14:30:00Z,126.4,128.115,126.4,126.92
2025-12-23T15:30:00Z,127.06,127.84,127.06,127.685
2025-12-23T16:30:00Z,127.64,128.17,127.61,127.86
2025-12-23T17:30:00Z,127.88,128.3,127.85,128.29
2025-12-23T18:30:00Z,128.3,128.57,128.09,128.55
2025-12-23T19:30:00Z,128.52,128.63,127.69,127.73
2025-12-23T20:30:00Z,127.73,127.92,127.49,127.6
2025-12-24T14:30:00Z,126.5,128.66,126.22,128.16
2025-12-24T15:30:00Z,128.18,128.96,127.84,128.71
2025-12-24T16:30:00Z,128.78,128.96,128.66,128.77
2025-12-24T17:30:00Z,128.8,129.05,128.38,128.43
2025-12-26T14:30:00Z,128.57,129.01,128.03,128.97
2025-12-26T15:30:00Z,128.96,129.29,128.67,128.97
2025-12-26T16:30:00Z,128.99,129.32,128.82,129.3
2025-12-26T17:30:00Z,129.36,129.46,129.03,129.15
2025-12-26T18:30:00Z,129.14,129.39,129.07,129.38
2025-12-26T19:30:00Z,129.38,129.6,129.17,129.52
2025-12-26T20:30:00Z,129.5,129.66,129.18,129.25
2025-12-29T14:30:00Z,128.15,129.4,127.59,128.3
2025-12-29T15:30:00Z,128.25,128.44,127.5,127.79
2025-12-29T16:30:00Z,127.76,127.89,127.32,127.39
2025-12-29T17:30:00Z,127.43,127.71,127.23,127.36
2025-12-29T18:30:00Z,127.39,127.5,127.12,127.48
2025-12-29T19:30:00Z,127.5,127.94,127.36,127.79
2025-12-29T20:30:00Z,127.78,127.87,127.28,127.43
2025-12-30T14:30:00Z,127,128.345,126.95,128.05
2025-12-30T15:30:00Z,128.08,128.45,127.7,128.36
2025-12-30T16:30:00Z,128.4,128.44,127.83,127.97
2025-12-30T17:30:00Z,127.96,128.01,127.71,127.81
2025-12-30T18:30:00Z,127.83,127.95,127.62,127.72
2025-12-30T19:30:00Z,127.76,127.89,127.32,127.89
2025-12-30T20:30:00Z,127.89,128.09,127.67,127.91
2025-12-31T14:30:00Z,128.02,128.33,126.8,127.07
2025-12-31T15:30:00Z,127.09,127.55,126.75,127.33
2025-12-31T16:30:00Z,127.34,127.47,126.95,126.95
2025-12-31T17:30:00Z,126.94,127.2,126.67,126.67
2025-12-31T18:30:00Z,126.68,127.16,126.58,126.58
2025-12-31T19:30:00Z,126.59,126.64,125.88,125.88
2025-12-31T20:30:00Z,125.89,126.3,125.78,125.88
2026-01-02T14:30:00Z,128.24,129.35,125.75,126.41
2026-01-02T15:30:00Z,126.33,128.82,126.2,128.61
2026-01-02T16:30:00Z,128.67,128.94,127.38,127.95
2026-01-02T17:30:00Z,127.95,128.195,127.2,127.38
2026-01-02T18:30:00Z,127.43,128.02,127.22,127.98
2026-01-02T19:30:00Z,128,128.25,127.69,128.18
2026-01-02T20:30:00Z,128.19,128.24,127.36,127.77
2026-01-05T14:30:00Z,129.025,131,123.07,125.22
2026-01-05T15:30:00Z,125.19,125.38,124.1,124.72
2026-01-05T16:30:00Z,124.74,124.77,123.45,123.7
2026-01-05T17:30:00Z,123.77,123.83,122.1,122.76
2026-01-05T18:30:00Z,122.77,123.42,122.77,123.16
2026-01-05T19:30:00Z,123.13,123.35,122.72,123.15
2026-01-05T20:30:00Z,123.14,124.17,122.99,123.97
2026-01-06T14:30:00Z,125.11,126.2,121.85,125.3
2026-01-06T15:30:00Z,125.3,125.32,123.69,124.19
2026-01-06T16:30:00Z,124.23,124.23,122.9,123.05
2026-01-06T17:30:00Z,123.09,123.95,123.09,123.81
2026-01-06T18:30:00Z,123.8,124.34,123.6,124.3
2026-01-06T19:30:00Z,124.35,125.25,124.2,124.77
2026-01-06T20:30:00Z,124.81,124.85,123.77,123.91
2026-01-07T14:30:00Z,123,123.02,120.21,121.07
2026-01-07T15:30:00Z,121.115,121.115,119.15,119.19
2026-01-07T16:30:00Z,119.15,119.43,118.75,119.345
2026-01-07T17:30:00Z,119.37,120.3,119.21,119.25
2026-01-07T18:30:00Z,119.31,120.44,119.31,120.44
2026-01-07T19:30:00Z,120.43,120.62,119.57,119.57
2026-01-07T20:30:00Z,119.51,120.24,119.43,120.06
2026-01-08T14:30:00Z,117.61,117.9,115.52,115.815
2026-01-08T15:30:00Z,115.83,116.2,114.79,116.15
2026-01-08T16:30:00Z,116.12,117.58,115.92,117.2
2026-01-08T17:30:00Z,117.24,118.31,117.15,118.08
2026-01-08T18:30:00Z,118.09,118.9,117.67,118.7
2026-01-08T19:30:00Z,118.69,119.26,118.5,119.13
2026-01-08T20:30:00Z,119.15,119.35,118.4,118.48
2026-01-09T14:30:00Z,118.6,120.01,117.32,119.08
2026-01-09T15:30:00Z,119.09,119.98,118.72,119.11
2026-01-09T16:30:00Z,119.09,119.55,118.98,119.29
2026-01-09T17:30:00Z,119.34,119.5,118.7,119.36
2026-01-09T18:30:00Z,119.34,120.4,119.13,120.39
2026-01-09T19:30:00Z,120.42,121.01,120.19,120.63
2026-01-09T20:30:00Z,120.63,120.7,120.18,120.6
2026-01-12T14:30:00Z,118.8,122.08,118.75,121.33
2026-01-12T15:30:00Z,121.3,121.67,120.89,121.35
2026-01-12T16:30:00Z,121.33,121.81,120.79,121.06
2026-01-12T17:30:00Z,121.08,121.65,120.9,121.63
2026-01-12T18:30:00Z,121.66,121.98,121.59,121.715
2026-01-12T19:30:00Z,121.715,122.01,120.92,120.96
2026-01-12T20:30:00Z,120.95,120.95,120.39,120.44
2026-01-13T14:30:00Z,121.23,121.87,118.95,119.45
2026-01-13T15:30:00Z,119.46,120.4,119.38,119.38
2026-01-13T16:30:00Z,119.4,120.17,119.4,120
2026-01-13T17:30:00Z,120.03,120.16,119.33,119.72
2026-01-13T18:30:00Z,119.72,120.59,119.695,120.12
2026-01-13T19:30:00Z,120.18,120.34,119.11,119.43
2026-01-13T20:30:00Z,119.4,119.86,119.04,119.7
2026-01-14T14:30:00Z,119.35,122.07,119.29,119.84
2026-01-14T15:30:00Z,119.9,120.185,118,118.61
2026-01-14T16:30:00Z,118.68,119.11,118.19,118.54
2026-01-14T17:30:00Z,118.52,118.56,117.94,118.55
2026-01-14T18:30:00Z,118.55,118.73,117.98,118.62
2026-01-14T19:30:00Z,118.62,119.29,118.32,118.89
2026-01-14T20:30:00Z,118.85,119.07,118.49,118.695
2026-01-15T14:30:00Z,121.95,123.01,120.13,123
2026-01-15T15:30:00Z,123.02,123.63,122.28,123.27
2026-01-15T16:30:00Z,123.26,123.48,121.77,121.77
2026-01-15T17:30:00Z,121.77,121.96,121.05,121.125
2026-01-15T18:30:00Z,121.11,121.42,120.49,120.67
2026-01-15T19:30:00Z,120.58,120.76,119.99,120.2
2026-01-15T20:30:00Z,120.17,120.23,119.49,119.665
2026-01-16T14:30:00Z,120.205,122.93,119.275,122.44
2026-01-16T15:30:00Z,122.5,122.96,121.82,121.95
2026-01-16T16:30:00Z,121.94,121.97,120.3,120.52
2026-01-16T17:30:00Z,120.55,120.94,120.12,120.54
2026-01-16T18:30:00Z,120.54,120.58,119.83,120.13
2026-01-16T19:30:00Z,120.12,121.11,120.07,120.58
2026-01-16T20:30:00Z,120.55,121.14,120.32,120.5
2026-01-20T14:30:00Z,116.5,117,113.53,114.04
2026-01-20T15:30:00Z,114.02,114.88,113.67,114.12
2026-01-20T16:30:00Z,114.12,114.27,113.47,113.72
2026-01-20T17:30:00Z,113.71,113.71,112.35,112.585
2026-01-20T18:30:00Z,112.57,112.69,111.87,111.97
2026-01-20T19:30:00Z,111.97,112,110.89,110.89
2026-01-20T20:30:00Z,110.91,111.39,110.84,111.14
2026-01-21T14:30:00Z,112.33,112.33,110.22,110.51
2026-01-21T15:30:00Z,110.54,112.93,110.53,112.45
2026-01-21T16:30:00Z,112.44,113.35,111.67,112.37
2026-01-21T17:30:00Z,112.36,113.03,111.6,112
2026-01-21T18:30:00Z,112,114,111.71,113.79
2026-01-21T19:30:00Z,113.87,114.4,113.2,113.22
2026-01-21T20:30:00Z,113.2,113.49,112.87,113.23
2026-01-22T14:30:00Z,114.225,118.48,114,118.2
2026-01-22T15:30:00Z,118.2,119.58,117.3,118.92
2026-01-22T16:30:00Z,118.94,119.29,118.45,118.53
2026-01-22T17:30:00Z,118.565,118.71,117.87,117.87
2026-01-22T18:30:00Z,117.95,118.15,117.39,117.73
2026-01-22T19:30:00Z,117.74,117.76,117.07,117.4
2026-01-22T20:30:00Z,117.39,117.48,116.82,117.14
2026-01-23T14:30:00Z,115.25,116.01,114.04,114.85
2026-01-23T15:30:00Z,114.78,115.17,114.29,114.88
2026-01-23T16:30:00Z,114.92,115.59,114.74,115.3
2026-01-23T17:30:00Z,115.27,115.37,114.01,114.11
2026-01-23T18:30:00Z,114.13,115.27,113.785,114.87
2026-01-23T19:30:00Z,114.9,115.22,114.75,114.77
2026-01-23T20:30:00Z,114.75,115.45,114.65,115.39
2026-01-26T14:30:00Z,115.21,117.29,115.2,115.93
2026-01-26T15:30:00Z,115.81,116.45,115.54,116.17
2026-01-26T16:30:00Z,116.29,116.86,116.27,116.74
2026-01-26T17:30:00Z,116.76,117.1,115.73,116.06
2026-01-26T18:30:00Z,116.11,116.46,116.02,116.21
2026-01-26T19:30:00Z,116.21,116.67,115.87,115.95
2026-01-26T20:30:00Z,115.96,116.37,115.8,115.935
2026-01-27T14:30:00Z,116.78,117.8,115.5,117.54
2026-01-27T15:30:00Z,117.49,117.82,116.41,116.46
2026-01-27T16:30:00Z,116.49,116.65,116.14,116.37
2026-01-27T17:30:00Z,116.3,116.3,115.38,115.53
2026-01-27T18:30:00Z,115.52,115.64,114.79,114.91
2026-01-27T19:30:00Z,114.95,115.42,114.57,115.09
2026-01-27T20:30:00Z,115.05,115.05,114.48,114.63
2026-01-28T14:30:00Z,115.28,117.37,114.4,117.37
2026-01-28T15:30:00Z,117.325,118.13,116.89,118.13
2026-01-28T16:30:00Z,118.14,118.48,116.87,118.33
2026-01-28T17:30:00Z,118.32,118.32,117.31,117.9
2026-01-28T18:30:00Z,117.92,118.5,117.5,117.51
2026-01-28T19:30:00Z,117.54,118.15,116.97,117.35
2026-01-28T20:30:00Z,117.34,117.42,116.7,117.31
2026-01-29T14:30:00Z,115.69,119.025,115.69,116.9
2026-01-29T15:30:00Z,116.99,118.27,116.31,118.12
2026-01-29T16:30:00Z,118.07,118.57,117.39,118.01
2026-01-29T17:30:00Z,117.975,118.19,116.8,117.16
2026-01-29T18:30:00Z,117.1,118.21,116.77,118.21
2026-01-29T19:30:00Z,118.21,118.21,117.46,117.7
2026-01-29T20:30:00Z,117.71,118.5,117.56,118.45
2026-01-30T14:30:00Z,116.9,116.9,113.315,113.325
2026-01-30T15:30:00Z,113.31,114.39,113.26,114.16
2026-01-30T16:30:00Z,114.15,114.52,112.26,112.9
2026-01-30T17:30:00Z,112.86,113.1,112.3,113
2026-01-30T18:30:00Z,113.01,114.35,112.61,113.91
2026-01-30T19:30:00Z,113.9,114.04,113.46,114
2026-01-30T20:30:00Z,113.97,114.82,113.86,114.44
2026-02-02T14:30:00Z,114.75,117.55,114.38,117.02
2026-02-02T15:30:00Z,117.13,117.84,116.6,117.17
2026-02-02T16:30:00Z,117.09,117.61,116.63,117.53
2026-02-02T17:30:00Z,117.53,118.52,117.44,118.01
2026-02-02T18:30:00Z,117.995,118.66,117.81,118.33
2026-02-02T19:30:00Z,118.3,118.92,117.98,118.24
2026-02-02T20:30:00Z,118.24,119.29,118,119.155
2026-02-03T14:30:00Z,119.98,121.2,117.8,119.11
2026-02-03T15:30:00Z,119.15,120.5,119,119.15
2026-02-03T16:30:00Z,119.16,119.39,118.7,119.07
2026-02-03T17:30:00Z,119.06,119.13,117.19,117.27
2026-02-03T18:30:00Z,117.25,117.82,116.18,116.88
2026-02-03T19:30:00Z,116.94,117.54,116.39,117.37
2026-02-03T20:30:00Z,117.41,117.85,117,117.2
2026-02-04T14:30:00Z,118.03,120.58,117.42,119.13
2026-02-04T15:30:00Z,119.1,122,118.92,120.64
2026-02-04T16:30:00Z,120.56,120.89,118.11,118.16
2026-02-04T17:30:00Z,118.18,118.62,116.93,118.09
2026-02-04T18:30:00Z,117.98,119.83,117.57,119.82
2026-02-04T19:30:00Z,119.84,123.09,119.7,121.96
2026-02-04T20:30:00Z,122.02,122.46,121.66,122.03
2026-02-05T14:30:00Z,120.85,122.6,113.255,113.63
2026-02-05T15:30:00Z,113.74,115.05,113.08,114.56
2026-02-05T16:30:00Z,114.54,115.51,114.15,115.36
2026-02-05T17:30:00Z,115.31,115.5,114.67,114.9
2026-02-05T18:30:00Z,114.84,115.62,113.58,115.55
2026-02-05T19:30:00Z,115.53,116.36,114.88,115.16
2026-02-05T20:30:00Z,115.14,115.7,114.94,115.365
2026-02-06T14:30:00Z,116.42,120.68,116.42,120.47
2026-02-06T15:30:00Z,120.38,122.53,119.91,121.03
2026-02-06T16:30:00Z,121.06,121.365,120,120.37
2026-02-06T17:30:00Z,120.37,120.63,119.63,119.85
2026-02-06T18:30:00Z,119.82,120.56,119.78,120.35
2026-02-06T19:30:00Z,120.38,120.53,119.71,120.24
2026-02-06T20:30:00Z,120.22,121.09,120.15,121.01
2026-02-09T14:30:00Z,119.66,121.13,117.92,120.97
2026-02-09T15:30:00Z,120.97,121.85,120.97,121.19
2026-02-09T16:30:00Z,121.22,121.59,120.74,120.78
2026-02-09T17:30:00Z,120.76,121.03,120.38,120.71
2026-02-09T18:30:00Z,120.72,121.77,120.59,121.67
2026-02-09T19:30:00Z,121.72,122,121.41,121.46
2026-02-09T20:30:00Z,121.43,121.48,119.92,120.96
2026-02-10T14:30:00Z,122.98,126.42,122.63,126.06
2026-02-10T15:30:00Z,126.02,126.63,124.55,125.05
2026-02-10T16:30:00Z,124.97,125.29,124.47,124.71
2026-02-10T17:30:00Z,124.67,125.345,124.47,124.77
2026-02-10T18:30:00Z,124.82,125.62,124.6,125.57
2026-02-10T19:30:00Z,125.6,125.92,125.21,125.67
2026-02-10T20:30:00Z,125.65,126.05,125.23,126.02
2026-02-11T14:30:00Z,127.69,128.06,123.51,123.59
2026-02-11T15:30:00Z,123.53,125.24,123.23,124.37
2026-02-11T16:30:00Z,124.35,124.93,123.4,123.93
2026-02-11T17:30:00Z,123.93,124.05,122.74,122.82
2026-02-11T18:30:00Z,122.9,124.2,122.28,124.09
2026-02-11T19:30:00Z,124.07,124.57,123.885,124.16
2026-02-11T20:30:00Z,124.15,125.01,124.15,124.2
2026-02-12T14:30:00Z,118.28,120.69,115.15,117.85
2026-02-12T15:30:00Z,117.79,118.18,112.75,112.75
2026-02-12T16:30:00Z,112.74,113.43,111.78,111.93
2026-02-12T17:30:00Z,111.9,112.76,111.2,111.65
2026-02-12T18:30:00Z,111.55,113.8,111.44,113.57
2026-02-12T19:30:00Z,113.58,114.265,112.81,112.86
2026-02-12T20:30:00Z,112.9,113.49,112.52,112.87
2026-02-13T14:30:00Z,115.4,120.7,114.605,120.53
2026-02-13T15:30:00Z,120.57,120.82,118.1,118.67
2026-02-13T16:30:00Z,118.66,118.95,117.8,117.87
2026-02-13T17:30:00Z,117.85,118.08,116.41,116.44
2026-02-13T18:30:00Z,116.59,117.91,116.31,117.34
2026-02-13T19:30:00Z,117.23,117.56,116.58,116.685
2026-02-13T20:30:00Z,116.69,117.54,116.48,117.48
2026-02-17T14:30:00Z,117,119,115.5,116.015
2026-02-17T15:30:00Z,116.05,117.12,115.75,116.36
2026-02-17T16:30:00Z,116.37,116.96,115.72,115.87
2026-02-17T17:30:00Z,115.86,116.05,115,115.95
2026-02-17T18:30:00Z,115.89,117.02,115.83,116.83
2026-02-17T19:30:00Z,116.89,117.38,116.39,116.52
2026-02-17T20:30:00Z,116.46,117.1,116.06,116.14
2026-02-18T14:30:00Z,115.39,116.49,112.8,116.32
2026-02-18T15:30:00Z,116.32,117.2,116.06,116.86
2026-02-18T16:30:00Z,116.86,117.36,116.72,117.14
2026-02-18T17:30:00Z,117.15,117.46,116.67,117.04
2026-02-18T18:30:00Z,117.1,117.11,116.12,116.32
2026-02-18T19:30:00Z,116.35,116.35,115.11,115.38
2026-02-18T20:30:00Z,115.32,117.35,115.32,116.76
2026-02-19T14:30:00Z,118.8,121.42,118.39,118.83
2026-02-19T15:30:00Z,118.8,119.92,117.9,118.355
2026-02-19T16:30:00Z,118.4,118.83,118.04,118.56
2026-02-19T17:30:00Z,118.49,118.75,118.01,118.06
2026-02-19T18:30:00Z,118.04,118.51,117.81,117.98
2026-02-19T19:30:00Z,118.04,118.21,117.62,117.98
2026-02-19T20:30:00Z,117.96,119.25,117.93,119.05
2026-02-20T14:30:00Z,117.76,122.66,117.21,121.44
2026-02-20T15:30:00Z,121.435,122.21,119.36,119.36
2026-02-20T16:30:00Z,119.35,120.64,119.32,120.2
2026-02-20T17:30:00Z,120.18,120.9,120,120.35
2026-02-20T18:30:00Z,120.32,122.35,120.18,121.72
2026-02-20T19:30:00Z,121.72,122.37,121.46,122.04
2026-02-20T20:30:00Z,122.03,122.5,122.02,122.26
2026-02-23T14:30:00Z,121.6,124.2,120.82,121.11
2026-02-23T15:30:00Z,121.19,121.6,119.3,120.15
2026-02-23T16:30:00Z,120.18,120.67,119.45,119.45
2026-02-23T17:30:00Z,119.45,120.18,119.26,120.11
2026-02-23T18:30:00Z,120.08,120.64,118.94,118.94
2026-02-23T19:30:00Z,119.02,119.79,118.94,119.34
2026-02-23T20:30:00Z,119.3,120.05,119.03,119.17
2026-02-24T14:30:00Z,120.06,122.42,119.01,122.35
2026-02-24T15:30:00Z,122.33,122.63,120.5,120.59
2026-02-24T16:30:00Z,120.47,121.34,119.95,120.94
2026-02-24T17:30:00Z,120.9,121.17,120.605,120.75
2026-02-24T18:30:00Z,120.78,121.08,120.24,120.43
2026-02-24T19:30:00Z,120.48,120.77,119.82,119.9
2026-02-24T20:30:00Z,119.88,120.36,119.52,119.79
2026-02-25T14:30:00Z,118.12,123.59,117.16,121.41
2026-02-25T15:30:00Z,121.35,123.59,121.19,123.3
2026-02-25T16:30:00Z,123.37,124.21,123.29,123.89
2026-02-25T17:30:00Z,123.9,124.36,123.59,124.16
2026-02-25T18:30:00Z,124.2,124.94,124.14,124.64
2026-02-25T19:30:00Z,124.64,124.84,123.93,124.02
2026-02-25T20:30:00Z,123.99,124.5,123.45,123.51
2026-02-26T14:30:00Z,125.1,125.94,120.31,121.11
2026-02-26T15:30:00Z,121,123.12,120.75,122.25
2026-02-26T16:30:00Z,122.2,122.3,121.36,121.38
2026-02-26T17:30:00Z,121.38,121.73,121,121.7
2026-02-26T18:30:00Z,121.7,122.83,121.5,122.47
2026-02-26T19:30:00Z,122.48,123.09,122.37,122.76
2026-02-26T20:30:00Z,122.76,123.59,121.06,121.45
2026-02-27T14:30:00Z,137.35,144.24,136.11,144.23
2026-02-27T15:30:00Z,144.22,146.32,143.68,145.82
2026-02-27T16:30:00Z,145.84,148.4,145.81,147.57
2026-02-27T17:30:00Z,147.58,148.425,146.4,147.53
2026-02-27T18:30:00Z,147.56,148.32,146.99,148.08
2026-02-27T19:30:00Z,148.13,148.45,146.24,148.36
2026-02-27T20:30:00Z,148.355,148.85,147.34,147.95
2026-03-02T14:30:00Z,146.9,150.28,146.22,147.95
2026-03-02T15:30:00Z,148,151.81,147.7,150.32
2026-03-02T16:30:00Z,150.4,151.7,149.69,149.71
2026-03-02T17:30:00Z,149.745,150.93,149.1,150.77
2026-03-02T18:30:00Z,150.71,151.3,149.88,151.3
2026-03-02T19:30:00Z,151.355,152.56,150.99,152.17
2026-03-02T20:30:00Z,152.21,153.72,151.82,153.58
2026-03-03T14:30:00Z,150.64,150.92,143.31,143.48
2026-03-03T15:30:00Z,143.48,144.14,142.39,142.755
2026-03-03T16:30:00Z,142.7,143,141.02,141.74
2026-03-03T17:30:00Z,141.66,143.005,141.23,142.825
2026-03-03T18:30:00Z,142.825,144.09,142.32,143.97
2026-03-03T19:30:00Z,143.98,145.24,143.75,144.13
2026-03-03T20:30:00Z,144.03,145.19,143.96,145.19
2026-03-04T14:30:00Z,145.995,147.98,144.05,146.7
2026-03-04T15:30:00Z,146.69,147.01,145.26,145.85
2026-03-04T16:30:00Z,145.905,147.75,145.5,147.34
2026-03-04T17:30:00Z,147.39,147.69,146.3,146.59
2026-03-04T18:30:00Z,146.62,148.15,146.25,148.01
2026-03-04T19:30:00Z,148.05,148.31,146.3,147.07
2026-03-04T20:30:00Z,146.98,147.75,146.45,147.1
2026-03-05T14:30:00Z,145.98,149.16,145.9,147.57
2026-03-05T15:30:00Z,147.58,148.64,146.85,147.56
2026-03-05T16:30:00Z,147.59,148.59,145.71,146
2026-03-05T17:30:00Z,145.92,145.93,142.06,142.34
2026-03-05T18:30:00Z,142.28,144.71,142.23,143.94
2026-03-05T19:30:00Z,143.91,144.7,143.16,144.52
2026-03-05T20:30:00Z,144.49,146.5,144.44,146.46
2026-03-06T14:30:00Z,143.08,147.72,142.11,147.3
2026-03-06T15:30:00Z,147.54,148.19,145.84,146.99
2026-03-06T16:30:00Z,147,148.62,146.8,147.93
2026-03-06T17:30:00Z,147.895,148.24,146.66,147.43
2026-03-06T18:30:00Z,147.47,147.74,146.69,147.25
2026-03-06T19:30:00Z,147.16,147.735,145.15,145.3
2026-03-06T20:30:00Z,145.31,146.55,144.04,146.48
2026-03-09T13:30:00Z,143.56,145.32,141.33,142.07
2026-03-09T14:30:00Z,142.1,144.7,142,144
2026-03-09T15:30:00Z,143.91,143.91,142.84,143.59
2026-03-09T16:30:00Z,143.59,144.45,142.29,142.56
2026-03-09T17:30:00Z,142.58,143.8,142.03,142.95
2026-03-09T18:30:00Z,142.97,145.77,142.61,145.46
2026-03-09T19:30:00Z,145.4,146.69,144.99,146.56
2026-03-10T13:30:00Z,146.2,147.06,137.5,141.57
2026-03-10T14:30:00Z,141.59,144.82,141.4,144.27
2026-03-10T15:30:00Z,144.3,145.33,144.15,144.38
2026-03-10T16:30:00Z,144.43,145.15,143.67,145.12
2026-03-10T17:30:00Z,145.09,145.33,143.54,144.24
2026-03-10T18:30:00Z,144.2,144.48,142.99,143.18
2026-03-10T19:30:00Z,143.2,143.91,142.55,143.8
2026-03-11T13:30:00Z,145.43,148.37,145.15,147.73
2026-03-11T14:30:00Z,147.515,149.36,147.515,148.05
2026-03-11T15:30:00Z,148.12,148.31,146.53,146.94
2026-03-11T16:30:00Z,147,148.41,146.65,148.37
2026-03-11T17:30:00Z,148.42,148.46,145.75,146.44
2026-03-11T18:30:00Z,146.47,147.45,146.46,146.73
2026-03-11T19:30:00Z,146.73,147.52,146.57,147.36
2026-03-12T13:30:00Z,147.2,150.57,147.2,149.68
2026-03-12T14:30:00Z,149.53,151.6,149.46,150.25
2026-03-12T15:30:00Z,150.22,151.62,149.89,150.46
2026-03-12T16:30:00Z,150.4,151.59,150.3,151.11
2026-03-12T17:30:00Z,151.15,151.82,150.76,151.44
2026-03-12T18:30:00Z,151.41,151.78,148.76,150.22
2026-03-12T19:30:00Z,150.3,150.4,149.11,149.9
2026-03-13T13:30:00Z,151.2,152.95,149.5,152.33
2026-03-13T14:30:00Z,152.21,152.5,146.84,147.75
2026-03-13T15:30:00Z,147.72,149.19,147.48,148.74
2026-03-13T16:30:00Z,148.87,151.27,148.87,150.26
2026-03-13T17:30:00Z,150.26,151.155,149.07,151.07
2026-03-13T18:30:00Z,151,151.33,150.24,150.33
2026-03-13T19:30:00Z,150.43,151.835,150.34,151.7
2026-03-16T13:30:00Z,153.28,155.7,152.81,154.67
2026-03-16T14:30:00Z,154.68,156.8,154.21,156.64
2026-03-16T15:30:00Z,156.7,157.33,155.49,156.22
2026-03-16T16:30:00Z,156.25,156.64,155.66,156.01
2026-03-16T17:30:00Z,156.01,157.3,156.01,157.12
2026-03-16T18:30:00Z,157.08,157.8,156.38,157
2026-03-16T19:30:00Z,156.98,157.14,156.16,156.62
2026-03-17T13:30:00Z,154.63,155,152.82,154.36
2026-03-17T14:30:00Z,154.42,155,153.52,153.66
2026-03-17T15:30:00Z,153.66,154.04,152.41,153.44
2026-03-17T16:30:00Z,153.5,154.3,153.2,154.04
2026-03-17T17:30:00Z,154.05,154.68,153.3,153.37
2026-03-17T18:30:00Z,153.27,153.55,151.81,151.95
2026-03-17T19:30:00Z,151.955,153.11,151.77,153.06
2026-03-18T13:30:00Z,152.685,155.03,151.51,151.71
2026-03-18T14:30:00Z,151.69,152.08,151.07,151.44
2026-03-18T15:30:00Z,151.42,152.71,151.39,152.59
2026-03-18T16:30:00Z,152.61,152.85,152.01,152.375
2026-03-18T17:30:00Z,152.375,152.4,151.28,151.89
2026-03-18T18:30:00Z,151.9,152.1,150.31,150.47
2026-03-18T19:30:00Z,150.53,150.555,148.95,149.23
2026-03-19T13:30:00Z,146.585,155.26,146.17,153.67
2026-03-19T14:30:00Z,153.8,155.54,153.7,154.48
2026-03-19T15:30:00Z,154.37,154.5,152.81,153.74
2026-03-19T16:30:00Z,153.77,154.4,153.27,154.11
2026-03-19T17:30:00Z,154.19,155.74,153.76,155.35
2026-03-19T18:30:00Z,155.41,157.07,154.96,156.45
2026-03-19T19:30:00Z,156.46,157.02,155.78,156.78
2026-03-20T13:30:00Z,163.26,169.88,162.29,163.17
2026-03-20T14:30:00Z,163.23,166.5,163.23,165.9
2026-03-20T15:30:00Z,166,166.85,164.26,166.17
2026-03-20T16:30:00Z,166.16,166.43,164.48,164.61
2026-03-20T17:30:00Z,164.66,164.905,162.33,162.98
2026-03-20T18:30:00Z,163.1,163.8,159.44,159.56
2026-03-20T19:30:00Z,159.51,159.65,157.83,158.09
2026-03-23T13:30:00Z,160.6,165.33,158.7,164.82
2026-03-23T14:30:00Z,164.72,165.05,162.8,163.07
2026-03-23T15:30:00Z,163.18,163.18,159.58,159.65
2026-03-23T16:30:00Z,159.7,161.77,159.7,160.69
2026-03-23T17:30:00Z,160.67,163.25,160.67,162.43
2026-03-23T18:30:00Z,162.46,163.22,162.15,162.93
2026-03-23T19:30:00Z,162.94,165,162.69,164.68
2026-03-24T13:30:00Z,163.62,168.04,163,167.69
2026-03-24T14:30:00Z,167.62,172.43,166.08,172.21
2026-03-24T15:30:00Z,172.26,173.9,171.68,173.17
2026-03-24T16:30:00Z,173.165,174.33,172.29,173.26
2026-03-24T17:30:00Z,173.36,174.95,173.06,174.5
2026-03-24T18:30:00Z,174.59,178.3,174.3,176.12
2026-03-24T19:30:00Z,176.03,177.03,175.3,176.94
2026-03-25T13:30:00Z,178,184.8,177.76,182.85
2026-03-25T14:30:00Z,182.75,183.25,180.37,182
2026-03-25T15:30:00Z,182,182.88,180.24,180.54
2026-03-25T16:30:00Z,180.54,182.06,180.25,180.72
2026-03-25T17:30:00Z,180.68,183.35,180.38,183.35
2026-03-25T18:30:00Z,183.35,183.68,182.345,183.12
2026-03-25T19:30:00Z,183.11,184.33,182.17,184.06
2026-03-26T13:30:00Z,183.1,186.4,180.66,181.25
2026-03-26T14:30:00Z,181.42,181.75,178.95,181.11
2026-03-26T15:30:00Z,181.045,182.33,180.15,180.5
2026-03-26T16:30:00Z,180.44,180.58,177.37,178.08
2026-03-26T17:30:00Z,178.23,179.04,176.35,176.65
2026-03-26T18:30:00Z,176.63,177.67,176.52,176.87
2026-03-26T19:30:00Z,176.81,176.83,175.56,175.85
2026-03-27T13:30:00Z,175.17,176.29,171.25,173.19
2026-03-27T14:30:00Z,173.18,173.92,171.11,173.36
2026-03-27T15:30:00Z,173.4,174.3,171.47,171.95
2026-03-27T16:30:00Z,172,173.3,171.26,172.42
2026-03-27T17:30:00Z,172.49,173,170.81,171.25
2026-03-27T18:30:00Z,171.22,171.81,170.35,171.01
2026-03-27T19:30:00Z,171.05,172.39,171,171.8
2026-03-30T14:30:00+01:00,172.27,173.96,166.88,169.67
2026-03-30T15:30:00+01:00,169.67,169.99,166.34,169.17
2026-03-30T16:30:00+01:00,169.18,170.6,166.75,166.92
2026-03-30T17:30:00+01:00,166.99,167.47,163.9,164.05
2026-03-30T18:30:00+01:00,164.1,165.08,163.16,163.58
2026-03-30T19:30:00+01:00,163.53,164.83,162.49,163.65
2026-03-30T20:30:00+01:00,163.49,165,163.31,164.71
2026-03-31T14:30:00+01:00,166.11,166.11,158.27,160.83
2026-03-31T15:30:00+01:00,161,161.47,156.88,156.96
2026-03-31T16:30:00+01:00,156.9,157.85,155.45,157.05
2026-03-31T17:30:00+01:00,157.13,160.76,156.7,158.89
2026-03-31T18:30:00+01:00,159.08,160.38,158.56,159.89
2026-03-31T19:30:00+01:00,159.87,162.63,159.39,162.53
2026-03-31T20:30:00+01:00,162.55,164.19,162.18,164.15
2026-04-01T14:30:00+01:00,166.61,171.25,164.87,170.31
2026-04-01T15:30:00+01:00,170.21,171.3,168.78,168.96
2026-04-01T16:30:00+01:00,168.86,170.15,168.47,168.7
2026-04-01T17:30:00+01:00,168.56,168.66,167.88,168.63
2026-04-01T18:30:00+01:00,168.57,168.69,167.14,167.65
2026-04-01T19:30:00+01:00,167.51,168.65,167.47,168.44
2026-04-01T20:30:00+01:00,168.46,169.5,168.31,169.37
2026-04-02T14:30:00+01:00,166.99,172,166.5,170.58
2026-04-02T15:30:00+01:00,170.52,174.07,170.48,172.58
2026-04-02T16:30:00+01:00,172.69,173.76,172.07,172.47
2026-04-02T17:30:00+01:00,172.44,173.85,171.9,173.62
2026-04-02T18:30:00+01:00,173.61,173.61,172.49,172.49
2026-04-02T19:30:00+01:00,172.46,173.52,172.46,172.91
2026-04-02T20:30:00+01:00,172.87,174.36,172.62,174.27
2026-04-06T14:30:00+01:00,175.485,176.51,172.98,173.84
2026-04-06T15:30:00+01:00,174.01,174.42,173.08,173.94
2026-04-06T16:30:00+01:00,173.855,174.08,173.16,173.36
2026-04-06T17:30:00+01:00,173.36,174.45,172.85,174.45
2026-04-06T18:30:00+01:00,174.44,174.87,173.74,174.175
2026-04-06T19:30:00+01:00,174.17,174.26,173.71,173.86
2026-04-06T20:30:00+01:00,173.865,173.97,172.97,173.2
2026-04-07T14:30:00+01:00,172.235,176.29,172.235,175.59
2026-04-07T15:30:00+01:00,175.7,176.68,174.02,174.73
2026-04-07T16:30:00+01:00,174.74,178.84,174.11,178.25
2026-04-07T17:30:00+01:00,178.12,178.69,176.17,176.86
2026-04-07T18:30:00+01:00,176.9,178,176.88,177.19
2026-04-07T19:30:00+01:00,177.23,178.505,175.79,177.68
2026-04-07T20:30:00+01:00,177.74,178.46,177.05,177.72
2026-04-08T14:30:00+01:00,185.8,189.67,183.5,187.13
2026-04-08T15:30:00+01:00,187.11,187.12,182.74,183.54
2026-04-08T16:30:00+01:00,183.44,185.71,183.375,185.46
2026-04-08T17:30:00+01:00,185.49,185.95,185.17,185.3
2026-04-08T18:30:00+01:00,185.32,186.26,184.99,185.37
2026-04-08T19:30:00+01:00,185.39,185.68,184.06,184.64
2026-04-08T20:30:00+01:00,184.68,185.48,184.36,185.46
2026-04-09T14:30:00+01:00,186.21,187.5,179.64,180.55
2026-04-09T15:30:00+01:00,180.62,182,180.25,180.54
2026-04-09T16:30:00+01:00,180.5,181.57,180,181.2
2026-04-09T17:30:00+01:00,181.13,181.57,180.36,181.305
2026-04-09T18:30:00+01:00,181.25,181.7,180.5,180.77
2026-04-09T19:30:00+01:00,180.6,181.82,180.19,181.52
2026-04-09T20:30:00+01:00,181.55,182.27,181.13,181.4
2026-04-10T14:30:00+01:00,183.27,183.79,177.05,177.97
2026-04-10T15:30:00+01:00,177.93,180.9,177.81,179.95
2026-04-10T16:30:00+01:00,180.03,180.29,178.86,180.06
2026-04-10T17:30:00+01:00,180.08,180.46,179.72,180.27
2026-04-10T18:30:00+01:00,180.3,180.9,180.28,180.51
2026-04-10T19:30:00+01:00,180.47,180.68,179.69,179.94
2026-04-10T20:30:00+01:00,179.84,179.89,177.41,177.88
2026-04-13T14:30:00+01:00,179,181.59,177.59,180.81
2026-04-13T15:30:00+01:00,180.79,191.3,180.1,188.52
2026-04-13T16:30:00+01:00,188.51,190,185.06,188.26
2026-04-13T17:30:00+01:00,188.25,189.15,187.81,188.83
2026-04-13T18:30:00+01:00,188.77,189.15,186.2,186.77
2026-04-13T19:30:00+01:00,186.77,188.9,186.77,187.52
2026-04-13T20:30:00+01:00,187.51,189.95,187.38,189.79
2026-04-14T14:30:00+01:00,186.76,186.79,180.1,183.7
2026-04-14T15:30:00+01:00,183.71,184.45,183.11,183.41
2026-04-14T16:30:00+01:00,183.49,184.02,182.74,183.27
2026-04-14T17:30:00+01:00,183.295,184.37,183.08,184.14
2026-04-14T18:30:00+01:00,184.16,184.34,183.43,183.74
2026-04-14T19:30:00+01:00,183.79,185.14,183.72,185.05
2026-04-14T20:30:00+01:00,185.08,185.37,184.42,184.55
2026-04-15T14:30:00+01:00,182.86,182.99,177,179.85
2026-04-15T15:30:00+01:00,179.79,181.65,179.43,181.21
2026-04-15T16:30:00+01:00,181.17,181.2,179.31,179.75
2026-04-15T17:30:00+01:00,179.82,179.9,178.45,179.21
2026-04-15T18:30:00+01:00,179.17,180,178.66,179.33
2026-04-15T19:30:00+01:00,179.33,179.62,178.96,179.11
2026-04-15T20:30:00+01:00,179.04,179.18,177.13,177.33
2026-04-16T14:30:00+01:00,179.66,187.19,178.5,186.88
2026-04-16T15:30:00+01:00,186.87,190.75,186.8,189.92
2026-04-16T16:30:00+01:00,189.9,191.9,189.9,190.2
2026-04-16T17:30:00+01:00,190.21,191.73,189.81,191.5
2026-04-16T18:30:00+01:00,191.39,191.77,190.69,191.29
2026-04-16T19:30:00+01:00,191.3,193.81,191.28,193.14
2026-04-16T20:30:00+01:00,193.05,193.77,192.68,193.04
2026-04-17T14:30:00+01:00,193.3,196.79,191.7,195.21
2026-04-17T15:30:00+01:00,195.05,195.98,194.93,195.53
2026-04-17T16:30:00+01:00,195.61,196.7,195.44,196.185
2026-04-17T17:30:00+01:00,196.23,196.37,195.13,196.1
2026-04-17T18:30:00+01:00,196.14,196.88,195.42,196.02
2026-04-17T19:30:00+01:00,196.1,197.32,195.91,197.02
2026-04-17T20:30:00+01:00,197.05,197.32,196.15,196.59
2026-04-20T14:30:00+01:00,196.54,202.37,195.785,202.25
2026-04-20T15:30:00+01:00,202.15,204.19,201.08,204.19
2026-04-20T16:30:00+01:00,204.21,204.75,202.85,203.72
2026-04-20T17:30:00+01:00,203.76,203.89,202.45,203.46
2026-04-20T18:30:00+01:00,203.45,204.52,203.12,204.29
2026-04-20T19:30:00+01:00,204.25,205.07,203.71,204.34
2026-04-20T20:30:00+01:00,204.27,205.77,204.08,204.32
2026-04-21T14:30:00+01:00,205.87,211,205.35,210.54
2026-04-21T15:30:00+01:00,210.5,211.57,208.47,209.16
2026-04-21T16:30:00+01:00,209.18,211.25,209.18,211.06
2026-04-21T17:30:00+01:00,211.05,212.2,209.53,210.5
2026-04-21T18:30:00+01:00,210.42,213.55,210.42,212.68
2026-04-21T19:30:00+01:00,212.78,214.31,212.53,213.46
2026-04-21T20:30:00+01:00,213.46,214.02,211.65,212.33
2026-04-22T14:30:00+01:00,215,217.17,213.66,215.64
2026-04-22T15:30:00+01:00,215.58,217.3,214.99,216.1
2026-04-22T16:30:00+01:00,216.2,216.34,214.26,215.6
2026-04-22T17:30:00+01:00,215.57,216.16,214.79,215.7
2026-04-22T18:30:00+01:00,215.76,215.99,214.84,215.35
2026-04-22T19:30:00+01:00,215.42,215.82,214,214.88
2026-04-22T20:30:00+01:00,214.87,215.32,214.16,214.58
2026-04-23T14:30:00+01:00,213.94,218.53,212.39,215
2026-04-23T15:30:00+01:00,215.08,217.98,215.05,217.78
2026-04-23T16:30:00+01:00,217.86,219.2,216.48,216.79
2026-04-23T17:30:00+01:00,216.84,217.22,213,213.7
2026-04-23T18:30:00+01:00,213.75,214.48,210.73,214
2026-04-23T19:30:00+01:00,214.1,214.35,212.5,213.27
2026-04-23T20:30:00+01:00,213.24,213.24,211.78,212.09
2026-04-24T14:30:00+01:00,213.98,214.89,209.6,214.195
2026-04-24T15:30:00+01:00,214.31,218.97,214.2,217.34
2026-04-24T16:30:00+01:00,217.22,217.75,215.94,217.05
2026-04-24T17:30:00+01:00,217.13,217.89,216.91,217.3
2026-04-24T18:30:00+01:00,217.33,217.77,216.53,216.66
2026-04-24T19:30:00+01:00,216.58,217.88,216.58,216.89
2026-04-24T20:30:00+01:00,216.82,216.96,214.76,216.09
2026-04-27T14:30:00+01:00,217.575,221.4,212.95,214.975
2026-04-27T15:30:00+01:00,214.975,216.37,213.69,214.995
2026-04-27T16:30:00+01:00,214.99,216.44,214.99,215.96
2026-04-27T17:30:00+01:00,216.04,216.45,215.21,215.96
2026-04-27T18:30:00+01:00,215.93,216.3,215.22,215.65
2026-04-27T19:30:00+01:00,215.64,216.21,215.43,215.55
2026-04-27T20:30:00+01:00,215.49,216.27,215.15,215.93
2026-04-28T14:30:00+01:00,209.97,210.42,205.51,205.6
2026-04-28T15:30:00+01:00,205.52,205.83,201.6,203.74
2026-04-28T16:30:00+01:00,203.49,204.11,202.92,204.05
2026-04-28T17:30:00+01:00,204.07,205.33,203.84,205.12
2026-04-28T18:30:00+01:00,205.19,206.36,205.19,206.2
2026-04-28T19:30:00+01:00,206.18,206.54,205.11,205.56
2026-04-28T20:30:00+01:00,205.44,206,204.7,205.95
2026-04-29T14:30:00+01:00,206.64,207.765,203.48,205.11
2026-04-29T15:30:00+01:00,204.98,206.11,203.79,204.8
2026-04-29T16:30:00+01:00,204.725,204.725,203.27,204.02
2026-04-29T17:30:00+01:00,204.01,205.7,203.95,204.97
2026-04-29T18:30:00+01:00,205.02,206.77,204.8,206.77
2026-04-29T19:30:00+01:00,206.81,207.07,205.27,206.03
2026-04-29T20:30:00+01:00,205.91,206.24,205.25,205.69
2026-04-30T14:30:00+01:00,209.18,209.18,200.8,202.28
2026-04-30T15:30:00+01:00,202.17,204.55,201.36,204.55
2026-04-30T16:30:00+01:00,204.73,206.36,204.71,205.77
2026-04-30T17:30:00+01:00,205.82,206.16,204.98,206.16
2026-04-30T18:30:00+01:00,206.19,206.81,205.63,205.755
2026-04-30T19:30:00+01:00,205.81,208.61,205.43,208.39
2026-04-30T20:30:00+01:00,208.43,209.13,207.59,208.84
2026-05-01T14:30:00+01:00,207.88,212.7,206.59,209.37
2026-05-01T15:30:00+01:00,209.36,209.81,208.26,209.58
2026-05-01T16:30:00+01:00,209.79,210.27,208.86,209.33
2026-05-01T17:30:00+01:00,209.22,210.12,209,209.96
2026-05-01T18:30:00+01:00,209.98,210.62,209.56,210.05
2026-05-01T19:30:00+01:00,210.03,210.11,209.02,209.12
2026-05-01T20:30:00+01:00,209.1,210.29,208.7,210.17
2026-05-04T14:30:00+01:00,210.91,214.9,205.7,209.68
2026-05-04T15:30:00+01:00,209.75,212.43,208.1,208.89
2026-05-04T16:30:00+01:00,208.83,209.71,208.16,209.69
2026-05-04T17:30:00+01:00,209.63,211.1,209.62,210.95
2026-05-04T18:30:00+01:00,210.94,211.18,210.43,210.82
2026-05-04T19:30:00+01:00,210.71,211.78,210.46,211.28
2026-05-04T20:30:00+01:00,211.3,211.97,211.15,211.81
2026-05-05T14:30:00+01:00,215.83,216.33,211.05,215.28
2026-05-05T15:30:00+01:00,215.12,215.2,213.01,214.5
2026-05-05T16:30:00+01:00,214.585,215.71,214.24,215.63
2026-05-05T17:30:00+01:00,215.29,216.04,214.6,215.47
2026-05-05T18:30:00+01:00,215.38,215.6,214.48,215.27
2026-05-05T19:30:00+01:00,215.1,216.86,215.1,216.55
2026-05-05T20:30:00+01:00,216.45,217.4,215.86,216.32
2026-05-06T14:30:00+01:00,220.41,225.37,219.67,221.89
2026-05-06T15:30:00+01:00,222.19,231.62,222.19,229.78
2026-05-06T16:30:00+01:00,229.87,233,228.54,231.69
2026-05-06T17:30:00+01:00,232,233.62,231.35,233.14
2026-05-06T18:30:00+01:00,233.21,237.34,233.1,236.97
2026-05-06T19:30:00+01:00,236.98,239.21,236.56,238.61
2026-05-06T20:30:00+01:00,238.61,239.4,237.59,238.81
2026-05-07T14:30:00+01:00,236.625,236.625,228.95,232.86
2026-05-07T15:30:00+01:00,232.99,236.4,232.8,235.24
2026-05-07T16:30:00+01:00,235.22,236.06,229.78,230.4
2026-05-07T17:30:00+01:00,230.35,231.5,228.04,228.72
2026-05-07T18:30:00+01:00,228.73,231.45,228.715,228.79
2026-05-07T19:30:00+01:00,229.02,229.64,228.55,229.08
2026-05-07T20:30:00+01:00,229.13,231.17,229.12,230.18
2026-05-08T14:30:00+01:00,233.14,245.78,233.14,242.87
2026-05-08T15:30:00+01:00,243.2,245.07,242.9,244.59
2026-05-08T16:30:00+01:00,244.57,248.09,244.03,247.72
2026-05-08T17:30:00+01:00,247.57,263.95,244.94,261
2026-05-08T18:30:00+01:00,261,262.5,255.42,256.58
2026-05-08T19:30:00+01:00,256.86,261.5,256.37,257.39
2026-05-08T20:30:00+01:00,257.44,260.6,257.44,260.28
2026-05-11T14:30:00+01:00,253.79,255.12,242.12,242.74
2026-05-11T15:30:00+01:00,242.8,247.44,242.41,244.78
2026-05-11T16:30:00+01:00,244.75,251.01,243.35,250.36
2026-05-11T17:30:00+01:00,250.26,250.94,244.61,246.16
2026-05-11T18:30:00+01:00,246.25,250,245.5,249.09
2026-05-11T19:30:00+01:00,249.15,249.15,245.7,245.79
2026-05-11T20:30:00+01:00,245.785,247.42,245.45,246.9
2026-05-12T14:30:00+01:00,242.43,242.5,232.99,233.5
2026-05-12T15:30:00+01:00,233.45,236.83,230.9,231
2026-05-12T16:30:00+01:00,231.1,232.51,229.14,230.14
2026-05-12T17:30:00+01:00,230.22,233.9,228.5,233.17
2026-05-12T18:30:00+01:00,233.27,237.95,233.27,237.55
2026-05-12T19:30:00+01:00,237.51,237.95,235.7,236.98
2026-05-12T20:30:00+01:00,237.13,240.05,237.13,238.97
2026-05-13T14:30:00+01:00,244.8,246.1,237,241.81
2026-05-13T15:30:00+01:00,241.9,243.19,240.81,241.25
2026-05-13T16:30:00+01:00,241.27,242.92,240.05,241.78
2026-05-13T17:30:00+01:00,241.73,243.34,241.32,242.02
2026-05-13T18:30:00+01:00,242.26,245.24,242.25,244.965
2026-05-13T19:30:00+01:00,244.97,246.93,242.4,246.39
2026-05-13T20:30:00+01:00,246.44,247,243.5,243.87
2026-05-14T14:30:00+01:00,248.5,260.75,240.88,242.79
2026-05-14T15:30:00+01:00,242.82,245.79,241.73,244.87
2026-05-14T16:30:00+01:00,244.84,247.53,244.54,246.2
2026-05-14T17:30:00+01:00,246.35,248.23,244.2,244.74
2026-05-14T18:30:00+01:00,244.95,247.76,244.85,247.66
2026-05-14T19:30:00+01:00,247.72,248.6,245.8,246.93
2026-05-14T20:30:00+01:00,246.93,248.3,246.48,247.8
2026-05-15T14:30:00+01:00,241.41,241.93,236.73,241.19
2026-05-15T15:30:00+01:00,241.2,241.55,239,241.22
2026-05-15T16:30:00+01:00,241.45,242.34,239.9,241.06
2026-05-15T17:30:00+01:00,241.49,242.9,240.81,242.71
2026-05-15T18:30:00+01:00,242.95,246.76,242.61,245.86
2026-05-15T19:30:00+01:00,245.67,245.78,243.93,244.1
2026-05-15T20:30:00+01:00,244.25,245.18,242,242.09
2026-05-18T14:30:00+01:00,244.49,244.95,235.51,237.08
2026-05-18T15:30:00+01:00,237.11,239.34,234.76,236.55
2026-05-18T16:30:00+01:00,236.99,239,236.03,236.08
2026-05-18T17:30:00+01:00,236,241.01,234.63,236.41
2026-05-18T18:30:00+01:00,236.54,237.12,232.56,233.485
2026-05-18T19:30:00+01:00,233.45,236.25,232.3,233.43
2026-05-18T20:30:00+01:00,233.37,238.35,233.3,238.08
2026-05-19T14:30:00+01:00,234.78,238.67,227.31,229.7
2026-05-19T15:30:00+01:00,229.92,233.47,228.64,232.74
2026-05-19T16:30:00+01:00,232.84,235.38,232.84,235.29
2026-05-19T17:30:00+01:00,235.31,239.57,235.22,239.02
2026-05-19T18:30:00+01:00,238.77,239.06,236.17,236.85
2026-05-19T19:30:00+01:00,236.97,237.52,235.11,235.69
2026-05-19T20:30:00+01:00,235.55,236.5,235.26,235.32
2026-05-20T14:30:00+01:00,239.08,242.53,237.47,242.2
2026-05-20T15:30:00+01:00,242.29,245.68,240.25,244.27
2026-05-20T16:30:00+01:00,244.44,246.15,242.67,243.41
2026-05-20T17:30:00+01:00,243.42,245.91,243.33,245.79
2026-05-20T18:30:00+01:00,245.77,246.93,244.86,245.06
2026-05-20T19:30:00+01:00,245.26,245.63,243.19,243.82
2026-05-20T20:30:00+01:00,244.01,245,242.5,243.08
2026-05-21T14:30:00+01:00,242.88,249,240.4,243.6
2026-05-21T15:30:00+01:00,243.65,245.58,241.81,244.55
2026-05-21T16:30:00+01:00,244.6,248.27,243.76,247.84
2026-05-21T17:30:00+01:00,247.68,251.2,247.22,249.98
2026-05-21T18:30:00+01:00,250.04,251.78,249.96,251.51
2026-05-21T19:30:00+01:00,251.57,252.78,249.38,252.36
2026-05-21T20:30:00+01:00,252.49,254.4,252.44,252.855
2026-05-22T14:30:00+01:00,266.61,294.9,266.35,290.75
2026-05-22T15:30:00+01:00,290.61,293.7,288.64,291
2026-05-22T16:30:00+01:00,291.05,296.17,290.23,295.63
2026-05-22T17:30:00+01:00,295.52,296.59,293.21,293.73
2026-05-22T18:30:00+01:00,293.95,298.26,293.1,295.75
2026-05-22T19:30:00+01:00,295.82,298.2,294.87,295.68
2026-05-22T20:30:00+01:00,295.66,297.13,294,295.2
2026-05-26T14:30:00+01:00,301.375,308.63,298.98,301.74
2026-05-26T15:30:00+01:00,301.68,304.89,299.17,304.49
2026-05-26T16:30:00+01:00,304.49,305.91,300.88,304
2026-05-26T17:30:00+01:00,304.08,304.26,301.87,303.5
2026-05-26T18:30:00+01:00,303.54,306.4,303.39,305.25
2026-05-26T19:30:00+01:00,305.29,307.02,303.26,304.69
2026-05-26T20:30:00+01:00,304.65,305.81,304.15,305.09
2026-05-27T14:30:00+01:00,307.475,310.7,298.62,306.55
2026-05-27T15:30:00+01:00,306.69,312,304.64,307.225
2026-05-27T16:30:00+01:00,307.44,308.57,304.85,306.51
2026-05-27T17:30:00+01:00,306.89,308.69,305.34,307.8
2026-05-27T18:30:00+01:00,308,309.12,305.7,308.93
2026-05-27T19:30:00+01:00,308.83,311.17,308.09,308.81
2026-05-27T20:30:00+01:00,309.18,309.69,304.76,305.08
2026-05-28T14:30:00+01:00,317.02,321.93,311.66,319.35
2026-05-28T15:30:00+01:00,319.32,322.97,316.44,321.82
2026-05-28T16:30:00+01:00,321.65,327.59,321.55,323.7
2026-05-28T17:30:00+01:00,323.38,326.68,323.38,324.56
2026-05-28T18:30:00+01:00,324.68,324.68,321.3,323.5
2026-05-28T19:30:00+01:00,323.66,323.73,318.8,322.8
2026-05-28T20:30:00+01:00,322.62,322.79,315.91,317.67
2026-05-29T14:30:00+01:00,417.82,429.29,408,416.04
2026-05-29T15:30:00+01:00,416.27,419.7,402.35,410.73
2026-05-29T16:30:00+01:00,411,411.85,403.49,405.43
2026-05-29T17:30:00+01:00,405.62,410.09,404.5,409.21
2026-05-29T18:30:00+01:00,409.22,413.58,405.06,413.02
2026-05-29T19:30:00+01:00,413.08,417.77,412.12,416.73
2026-05-29T20:30:00+01:00,416.74,422.98,416.2,421.1
2026-06-01T14:30:00+01:00,426.15,466.95,424.58,463.88
2026-06-01T15:30:00+01:00,464.01,467.24,452.67,454.5
2026-06-01T16:30:00+01:00,454.66,458.03,449.72,453.35
2026-06-01T17:30:00+01:00,453.505,460.35,451.75,459.58
2026-06-01T18:30:00+01:00,459.48,463,456.32,459.69
2026-06-01T19:30:00+01:00,459.61,468.41,459.6,466.62
2026-06-01T20:30:00+01:00,466.73,469.4,464.8,466.1